Price,Close,High,Low,Open,Volume
Ticker,ASML,ASML,ASML,ASML,ASML
Date,,,,,
2010-01-04,32.425724029541016,32.83736165093231,32.35088307399056,32.54734367377645,1390235
2010-01-05,32.67831802368164,32.865427270278985,32.509922449713585,32.73445079766084,1094016
2010-01-06,32.97769546508789,33.108671959132465,32.64090151408612,32.668969279652096,1051204
2010-01-07,32.06086730957031,32.64090055594428,31.9579585841125,32.41637217785724,2057440
2010-01-08,31.29372215270996,31.555672340049053,31.153391597065113,31.471474556256034,3027178
2010-01-11,30.629484176635742,31.087897586021917,30.404953140877677,30.984986153981726,3055206
2010-01-12,30.676280975341797,31.115983764275775,30.526593516315412,30.854033458950287,2536765
2010-01-13,31.52760887145996,31.73342629702248,31.200169060280047,31.714715372155926,2992913
2010-01-14,31.312427520751953,31.57437766161202,31.06918830052253,31.54631265465053,1229459
2010-01-15,30.620141983032227,31.09726654018928,30.470457302261256,31.022422825818733,1860243
2010-01-19,30.63884925842285,30.704338874673535,30.152370668959477,30.264633479159595,2002924
2010-01-20,31.059844970703125,31.134688685766932,30.535944461196785,30.86338159264571,2977744
2010-01-21,31.031780242919922,31.64923540205377,30.844673701473674,31.53696982840391,2970814
2010-01-22,29.684598922729492,31.293724777607128,29.4787814899784,31.25630292656699,4554011
2010-01-25,30.217853546142578,30.4798037326382,29.974614283537317,30.302051329664486,2263261
2010-01-26,30.283355712890625,30.713704431924864,30.274001620202018,30.47046504637109,2387539
2010-01-27,30.461101531982422,30.535945248977082,29.946557847569704,30.01204472595492,1984136
2010-01-28,29.862348556518555,30.97563890325442,29.516200588630102,30.947573891576216,2451218
2010-01-29,29.235546112060547,30.311414855306932,28.992306795772507,30.23657114322752,2704240
2010-02-01,29.899776458740234,29.946555151635764,29.516206565628764,29.5442715829901,1041579
2010-02-02,30.414329528808594,30.648214800776124,30.00269177990221,30.33948580210369,2741662
2010-02-03,30.53593635559082,30.797886540810673,30.20849931105836,30.423670812795418,1726956
2010-02-04,29.029726028442383,30.255279337126254,29.011015102113404,30.236568410797275,2286361
2010-02-05,29.07649803161621,29.188763574382726,28.169027845479846,28.79583692266934,3222527
2010-02-08,28.608741760253906,29.02037675077813,28.402921517021287,28.655517714276066,1990373
2010-02-09,29.44135856628418,29.965261713788795,28.91745816674914,29.45071540268815,1836835
2010-02-10,29.4600772857666,29.591053794289344,28.936176747616237,29.366525384792087,1039731
2010-02-11,29.553621292114258,29.83428238990913,28.711637998729636,28.936166327371673,2490411
2010-02-12,29.422651290893555,29.637825579239163,28.861328972058,28.917461753535537,1403941
2010-02-16,30.077526092529297,30.14301295891382,29.170055808161916,29.319740466750776,1232539
2010-02-17,29.703310012817383,30.11494762856988,29.572336281420924,30.08688261411912,952490
2010-02-18,30.02138900756836,30.15236546951447,29.506845491274795,29.73137382092738,1406328
2010-02-19,29.750089645385742,29.965263922905343,29.450717573871014,29.553626294083923,1575959
2010-02-22,29.955913543701172,30.15237693735653,29.918491683198212,30.105600985713014,893662
2010-02-23,28.842613220214844,29.768797089740886,28.777126360097068,29.768797089740886,3065216
2010-02-24,29.011009216308594,29.207472528919126,28.749059048817635,28.833256826230937,1191883
2010-02-25,28.7303466796875,28.814544452861377,27.888363452010573,28.37484191743215,1800568
2010-02-26,28.842613220214844,28.908102828302074,28.25322598321596,28.58066303177429,1543465
2010-03-01,29.506847381591797,29.53491239410782,28.93616831136363,28.93616831136363,1697388
2010-03-02,30.79789161682129,31.22824018716293,30.171082436161814,30.180436525618433,4362974
2010-03-03,31.172109603881836,31.42470576062475,30.994357159947203,31.200174622199906,3193883
2010-03-04,30.87273406982422,31.172106139818954,30.535940147583922,31.031775567882978,1848924
2010-03-05,31.63051986694336,31.63987395606691,31.16274945949116,31.349858721659952,1596056
2010-03-08,32.14506530761719,32.23861718808828,31.798914556371134,31.90182327367115,2529681
2010-03-09,31.855052947998047,32.070227257352215,31.630524548135963,31.677300496615928,1588664
2010-03-10,32.26668930053711,32.42572806837221,31.83634069966311,31.892473484294946,1593592
2010-03-11,32.257328033447266,32.257328033447266,31.798914477183537,32.032799673718216,705936
2010-03-12,32.219913482666016,32.32282222302719,31.986028233136793,32.22927032159175,1500037
2010-03-15,31.331153869628906,31.724077900420184,31.069203599777953,31.724077900420184,1512819
2010-03-16,31.98602294921875,32.042155729589375,31.424703389422138,31.536966202193515,1113420
2010-03-17,32.28539276123047,32.51927518781169,32.14506220609397,32.29474684918717,1325709
2010-03-18,31.84568214416504,32.17312188384249,31.63051067714066,32.107635035094596,1328019
2010-03-19,31.4527645111084,31.826977504637366,31.200168404702254,31.817623416385427,798875
2010-03-22,32.276039123535156,32.32281506389254,30.966288061801105,30.994353076421593,1912449
2010-03-23,33.11801528930664,33.202213062709596,32.612825900919795,32.73444551760609,2327556
2010-03-24,32.58475875854492,32.93090944145459,32.38829819955868,32.67831336851634,1220835
2010-03-25,32.86543273925781,33.37997638309936,32.82801088371116,33.024471503376105,1341109
2010-03-26,33.30210494995117,33.66992703744468,33.14177181894831,33.443575196701524,1522290
2010-03-29,33.53788375854492,33.64163099752123,33.3492577036809,33.40584635122613,583506
2010-03-30,33.1606330871582,33.32096621034743,32.80224107411323,33.14177020382495,1621774
2010-03-31,33.38697814941406,33.83968448736287,33.17948924509261,33.37754809480232,1756909
2010-04-01,33.622764587402344,34.04717524403352,33.377549910720305,33.981156547300614,1327249
2010-04-05,33.93401336669922,34.037757871603716,33.56619118468662,33.76425013508963,546623
2010-04-06,33.81139373779297,33.934001087430794,33.603904803065376,33.7265121527032,941787
2010-04-07,33.849117279052734,34.04717614477771,33.509588190707994,33.6793513497371,714098
2010-04-08,33.4530029296875,33.490728695571704,32.764514628017885,33.02859221892047,955647
2010-04-09,33.91513442993164,33.9528601902803,33.651056877777464,33.707645518300446,1135750
2010-04-12,33.82083511352539,34.273538861966045,33.76424645239845,34.22638302950397,1082466
2010-04-13,33.94343185424805,34.02831343418776,33.32096231754589,33.537881295105926,1674827
2010-04-14,33.047454833984375,33.43413977573279,32.69849565781436,33.36812107111398,3483557
2010-04-15,32.94371032714844,33.283239446689635,32.88712167884377,33.05688762375777,1201970
2010-04-16,32.632476806640625,32.88712156772101,32.25522192283769,32.641906862849474,1826363
2010-04-19,32.75507736206055,32.77394024085079,32.37782255654187,32.44384124716463,2144835
2010-04-20,33.79254150390625,34.0283262214865,33.35870061546918,33.37756350368711,2453913
2010-04-21,33.50015640258789,34.00944862361934,33.24550890692897,33.95285998344109,1943018
2010-04-22,33.660499572753906,33.679359688171886,32.57589334071023,32.71736359835561,1942633
2010-04-23,33.613338470458984,33.66049706635411,33.23608632502008,33.23608632502008,1286054
2010-04-26,33.53788375854492,33.89627575604465,33.49072793740061,33.67935399226463,958265
2010-04-27,31.71763038635254,33.16062828613726,31.65161168938782,32.93427648919646,3087623
2010-04-28,31.142324447631836,31.811949890676374,30.840521079885253,31.708205415870818,2878183
2010-04-29,31.425260543823242,31.500709297509744,31.132887273571,31.321516083503585,2059904
2010-04-30,30.80279541015625,31.538439563081294,30.736776702395858,31.538439563081294,1822205
2010-05-03,31.387529373168945,31.566725326582766,30.821648581456266,30.84994151292748,976283
2010-05-04,30.40667152404785,30.51984880346764,30.02941946655463,30.47269298885258,2002770
2010-05-05,29.463546752929688,30.019994938147793,29.133447648534982,29.16174336135326,2868019
2010-05-06,28.699596405029297,29.76533933092665,26.577543377509496,29.133437064522038,4525290
2010-05-07,27.92622947692871,28.888228148364693,27.32262556360301,28.775053626616547,3390079
2010-05-10,29.78420639038086,29.944539507900114,29.293776981633396,29.925676625233923,2148300
2010-05-11,29.076852798461914,29.737048096311845,28.841070940169224,28.88822675777045,1530683
2010-05-12,29.972837448120117,30.255777938887377,29.586152480109796,29.66160124610394,1328866
2010-05-13,28.869369506835938,29.576720760236185,28.793917967730025,29.208898662525474,1328019
2010-05-14,28.218608856201172,28.577000921413408,27.662157872303894,28.56756809323031,2045659
2010-05-17,28.42608642578125,28.680733900516497,27.681009650371177,28.341204857631556,2200044
2010-05-18,26.898208618164062,28.52040240902706,26.86048562932725,28.2940506245746,3942708
2010-05-19,27.181154251098633,27.350920199691668,26.596413183472063,27.152861311476553,3149762
2010-05-20,26.473800659179688,27.35091772172736,25.804175292780528,26.077685688923907,3533607
2010-05-21,27.25660514831543,27.36034961822671,26.030528851543703,26.190861969666624,4113956
2010-05-24,26.426652908325195,27.049122646228483,26.417220079568164,26.756749279359727,2865401
2010-05-25,26.162572860717773,26.238024402712192,25.153418182547583,25.247732610040607,3042039
2010-05-26,25.97394561767578,26.98310025084136,25.870201137203676,26.322904828406877,3631474
2010-05-27,27.284896850585938,27.313189785393348,26.681290232212554,26.869916261596842,2855083
2010-05-28,26.652999877929688,27.237743733728188,26.473803867410655,27.21888084997424,2103948
2010-06-01,26.502099990844727,27.49239170734236,26.48323710679707,26.643570236058675,1736581
2010-06-02,27.614992141723633,27.633855021039835,26.775600937868326,27.020815598692675,1560020
2010-06-03,28.048839569091797,28.199739854711574,27.718740519439756,28.14315120874665,1957340
2010-06-04,26.370058059692383,27.73760459647393,26.200294884770226,27.558408595007876,3922996
2010-06-07,25.596689224243164,26.63413673964823,25.530670516878722,26.520962208493025,1730421
2010-06-08,26.238025665283203,26.238025665283203,25.45522280514069,25.841907821038543,3105795
2010-06-09,26.15312957763672,27.039676530796342,26.05881795813367,26.60583587833849,1560097
2010-06-10,27.520687103271484,27.737608904026718,27.06798338631791,27.62443158964471,2038575
2010-06-11,27.765888214111328,28.011105608201145,27.445224854719456,27.652713725586512,1426502
2010-06-14,28.341205596923828,28.907086426397917,28.303479838920726,28.812772031390157,2203509
2010-06-15,29.17116928100586,29.21832510196469,28.7844843463979,28.94481746200202,2416799
2010-06-16,28.831640243530273,29.086287772011588,28.57699548533571,28.699602836382002,1913450
2010-06-17,29.246625900268555,29.256055957986643,28.55813749708245,29.180604415093033,2475319
2010-06-18,29.152305603027344,29.397520297780396,29.010835373724685,29.11457983917508,1065372
2010-06-21,28.973115921020508,29.623881333796824,28.79391988883172,29.58615556172684,834526
2010-06-22,28.218608856201172,29.22776356541802,28.10543153972764,29.020274588837157,2302685
2010-06-23,28.38835906982422,28.83163253440155,28.029969938901747,28.605280775322615,2198196
2010-06-24,27.794191360473633,28.218602039291433,27.624425426774547,28.14315051320295,1179486
2010-06-25,27.95452308654785,28.048837489496734,27.426367970607046,27.822482922419415,1423884
2010-06-28,27.643278121948242,27.945081344803256,27.369770596092955,27.633848069805392,1877029
2010-06-29,26.171995162963867,26.728445964852853,25.9267804944319,26.719015910041485,2135287
2010-06-30,25.90792465209961,26.65300168518449,25.860768824660724,26.370061179976922,1579886
2010-07-01,26.351192474365234,26.464369759563965,25.681567129322357,26.285173776475897,2885113
2010-07-02,26.483230590820312,26.99252279422605,26.15313158634787,26.869915463226267,2062830
2010-07-06,27.049118041992188,27.728173555700653,26.747314668026096,27.55841036984528,3046967
2010-07-07,27.897937774658203,27.91680065749944,27.077409296781347,27.115135062463825,2204972
2010-07-08,28.341205596923828,28.36006847592538,27.775324767449742,28.199735389555308,2388232
2010-07-09,28.58643341064453,28.586433410644528,27.935670711291205,28.05827809608857,2027872
2010-07-12,28.567567825317383,28.652449426732854,27.973393845121834,28.01111961692588,2601137
2010-07-13,29.491836547851562,29.61444390287941,28.982544244636898,28.982544244636898,1649571
2010-07-14,30.123733520507812,30.604732841329017,29.887951658167562,30.397243915977885,7097783
2010-07-15,29.79363441467285,30.095437718400035,29.39751671281644,30.019986199896657,3716867
2010-07-16,29.161741256713867,29.501270394019,29.067426837938292,29.45411179948774,3285359
2010-07-19,29.57671546936035,29.61444123216468,29.029697449270788,29.303207844458868,2584659
2010-07-20,29.17116928100586,29.19946221952381,28.652444169311725,28.737328525439064,2075073
2010-07-21,28.925952911376953,29.416382285982912,28.765619805019377,29.30320776815124,3409868
2010-07-22,29.850223541259766,30.07657533018183,29.397517193129257,29.397517193129257,2076767
2010-07-23,30.284069061279297,30.284069061279297,29.472973405824693,29.63330652565054,2091705
2010-07-26,30.40667152404785,30.40667152404785,29.793634852906585,29.89737930723154,1884575
2010-07-27,30.123733520507812,30.368950978988764,29.963400413567413,30.359518153134662,1285130
2010-07-28,30.199188232421875,30.41611000651389,29.953973518355635,30.048285165127645,2447214
2010-07-29,30.1709041595459,30.982000073769317,29.925686603124394,30.925411406902814,3189879
2010-07-30,30.359516143798828,30.416104784318357,29.70875370354024,29.87851685481242,2378068
2010-08-02,31.142324447631836,31.2272060388103,30.708480894495594,30.953698381647815,1694154
2010-08-03,31.132888793945312,31.302654731175156,30.878244043530547,31.255496141245757,2723413
2010-08-04,31.010286331176758,31.349815488830128,30.71791577088089,31.312089719058964,2400706
2010-08-05,30.708477020263672,30.944261650711912,30.491558041349325,30.83108436322798,813120
2010-08-06,30.23691177368164,30.755636873894883,29.92567560543902,30.312363301775207,1858703
2010-08-09,30.425535202026367,30.567005419868746,30.152027591683876,30.28406498418399,852313
2010-08-10,29.293771743774414,29.79363388962075,29.039127028742598,29.765340955823753,3200736
2010-08-11,27.20001220703125,27.605559966442144,27.133993513014357,27.59612991170531,4515049
2010-08-12,26.860483169555664,27.030246299777225,26.294599604816298,26.322895306710603,4305917
2010-08-13,26.464380264282227,26.80390948436396,26.39836154018755,26.41722165825379,3391157
2010-08-16,26.775609970092773,26.822768569434444,26.294610540703353,26.341769140045024,2696155
2010-08-17,27.058547973632812,27.332058405452887,26.992529265026466,27.266039696846544,2359126
2010-08-18,27.12456512451172,27.313191163412665,26.954799196242995,27.218876758818933,780087
2010-08-19,27.426368713378906,27.54897605538972,27.143425496869472,27.473524530987206,2304841
2010-08-20,26.61526870727539,26.766171746672256,26.40777979839108,26.520957077938725,2008622
2010-08-23,26.05882453918457,26.62470548025816,25.973942952080886,26.388920831381903,1407021
2010-08-24,24.993078231811523,25.1817042651209,24.738430732100394,24.851608014257884,3260642
2010-08-25,25.238296508789062,25.342040980432337,24.59696402559047,24.79502291249437,1968274
2010-08-26,24.823318481445312,25.332613607515125,24.73843688386272,25.19114335478176,1165549
2010-08-27,24.56867218017578,24.870475552161977,23.729280772695976,24.73843536491747,4711168
2010-08-30,24.00278091430664,24.427191464508525,24.00278091430664,24.229132653690492,1608684
2010-08-31,23.32373046875,23.90847426726411,23.238848885316123,23.427474934089922,2987369
2010-09-01,24.512075424194336,24.77615294108575,23.9839203904115,24.16311634299604,2439899
2010-09-02,25.011943817138672,25.143983993935493,24.73843340748862,24.964785225996437,1674365
2010-09-03,25.379762649536133,25.596684384474948,25.049666404840917,25.398625529543263,1859935
2010-09-07,24.502647399902344,25.13454692798366,24.483784520684523,25.030802477428782,1366134
2010-09-08,24.625259399414062,24.747866752437048,24.295160335647964,24.38004469336809,1446984
2010-09-09,25.04023551940918,25.323175971147442,24.964783993535885,25.304313089679116,1082235
2010-09-10,24.974220275878906,25.257160766776508,24.81388714635113,25.15341628948565,1094786
2010-09-13,25.992801666259766,26.049387535062852,25.804172869295005,25.813605694286412,1291829
2010-09-14,26.652999877929688,26.80390294796127,25.992807257402333,26.087118905885134,2243318
2010-09-15,26.568115234375,26.671859697961406,26.238018962028562,26.351193481265266,1276352
2010-09-16,26.756746292114258,26.794472062355602,26.398357015395746,26.492668670711975,1135134
2010-09-17,26.898208618164062,26.983092961334265,26.70958259283473,26.85105280440331,1425655
2010-09-20,27.41693687438965,27.482955575474513,27.039682009086647,27.07740777264561,1398936
2010-09-21,27.548980712890625,27.926232858109316,27.266040218833098,27.926232858109316,1471778
2010-09-22,27.12456512451172,27.435798504241262,26.88878049817064,27.360346980566273,2368058
2010-09-23,26.7850341796875,27.077404658211147,26.586975328926922,26.634131142808457,2115652
2010-09-24,27.737598419189453,27.74702847334644,27.20001053451447,27.28489487335823,1411718
2010-09-27,27.454666137695312,27.79419528272037,27.3980774851433,27.79419528272037,777546
2010-09-28,28.284624099731445,28.34121275102062,27.341488222439278,27.77533177870271,1346961
2010-09-29,28.756193161010742,29.095719525072465,28.492112790738652,28.624152975874697,2388540
2010-09-30,28.039405822753906,28.89765999933891,28.011112885843307,28.756189774212732,1759835
2010-10-01,28.218608856201172,28.529842321072465,27.992256993541385,28.426097832782034,877492
2010-10-04,28.114856719970703,28.88822652796885,27.850779156988736,28.87879647263824,2319240
2010-10-05,28.58643341064453,28.709040795441894,28.28462997800005,28.32235575336655,2235926
2010-10-06,27.973388671875,28.41666225316502,27.82248561256602,28.397799370751397,1831984
2010-10-07,27.803627014160156,28.048844523320582,27.633863816567033,28.011118752680517,927773
2010-10-08,27.822486877441406,27.9450942335606,27.49239057562617,27.690449464830056,2433662
2010-10-11,28.180871963500977,28.41665656130016,28.086557570324068,28.20916489631096,677908
2010-10-12,28.831640243530273,28.94481753847458,28.492111128984106,28.94481753847458,2434663
2010-10-13,30.32179069519043,30.972553142139496,30.199183357947458,30.23690911868167,4633860
2010-10-14,30.576438903808594,30.65188765673959,30.265202755679663,30.302928517288414,2272347
2010-10-15,30.944257736206055,31.029139305938042,30.623591565853015,30.972550669354643,1618001
2010-10-18,31.198915481567383,31.255501366483923,30.82166055049671,30.944267918294432,1399090
2010-10-19,30.227479934692383,31.038575502991595,30.038851125585694,30.538713314288646,3196809
2010-10-20,30.812225341796875,30.972558467340594,30.482129034047766,30.50099191765802,1183259
2010-10-21,30.11431312561035,30.64246843427448,29.972842854707906,30.55758682579051,2397318
2010-10-22,30.519851684570312,30.538714566254285,30.152029647162806,30.312362756333254,1590435
2010-10-25,31.132888793945312,31.453555016203907,31.019714272745418,31.236633259331327,1664817
2010-10-26,30.95369529724121,31.142321344429433,30.406674496850744,30.482126023840692,1443134
2010-10-27,31.698768615722656,31.70820144149733,31.198909187975406,31.255495061477177,1710632
2010-10-28,31.340381622314453,32.05716284998523,31.12345985763922,32.03829996739231,1941324
2010-10-29,31.27436637878418,31.434699527623284,30.90654425037234,31.010288740158707,1110186
2010-11-01,31.37811279296875,31.745937714226354,31.170623800670864,31.613897501672025,1210594
2010-11-02,31.953414916992188,32.05715937486357,31.52900426008934,31.670474479056956,992915
2010-11-03,32.03829574584961,32.104314441082465,31.43468912298414,32.05715862595705,1573649
2010-11-04,32.78337860107422,32.868260191992746,32.43441941047198,32.53816388495984,3430350
2010-11-05,32.25522232055664,32.38726250111615,32.01000761266152,32.33067385230493,1803571
2010-11-08,31.46298599243164,31.717630727874514,31.38753446921012,31.500708983755896,2779777
2010-11-09,31.755361557006836,32.43441983379165,31.717635789375795,32.415556949976136,1894123
2010-11-10,31.198915481567383,31.576167642350924,30.87824920570038,31.576167642350924,3246628
2010-11-11,30.387813568115234,30.576442397713194,29.982265739909852,30.142598859924707,2762760
2010-11-12,30.434968948364258,30.849946789106816,30.180321440427488,30.5387134085499,1069376
2010-11-15,30.32179069519043,30.699045532246114,30.312360640150096,30.529279608942158,826056
2010-11-16,30.067150115966797,30.70848265549175,29.765349501200195,30.61417100223484,2682988
2010-11-17,30.03885269165039,30.368951739653433,29.906812518391842,29.963401164074078,1725878
2010-11-18,31.019710540771484,31.17061080764546,30.821651689641744,31.066866354740913,2732884
2010-11-19,32.71735382080078,32.7267838756916,31.651610792958746,31.651610792958746,2984366
2010-11-22,32.84939956665039,32.905988221248556,32.23636273422133,32.25522561908738,2878106
2010-11-23,31.830814361572266,32.236362224347374,31.566736747911428,31.802521419864235,3736579
2010-11-24,32.3306770324707,32.415558628893386,31.981715048953074,31.981715048953074,1345729
2010-11-26,32.62303924560547,32.80223522014821,32.50043191096355,32.64190212557241,950180
2010-11-29,31.312089920043945,31.69877490724976,30.802797565438407,31.519578884830064,1992606
2010-11-30,30.77450180053711,31.095170845105883,30.170897792210177,30.180327849553937,3348191
2010-12-01,32.4815788269043,32.59475614083835,31.755364654878846,31.774227540534522,2000152
2010-12-02,32.896549224853516,33.02858661274978,32.16090245555166,32.18919816030539,1479863
2010-12-03,33.55674743652344,33.641631794996854,33.01916219781714,33.05688796374158,1225532
2010-12-06,33.179500579833984,33.46244109885242,32.896560060815546,33.33040089717643,1541540
2010-12-07,32.77395248413086,33.33983351866047,32.73622671245725,33.27381480337528,1091090
2010-12-08,33.17005920410156,33.23608067307008,32.59474825648367,32.59474825648367,1801107
2010-12-09,35.59391784667969,35.82970248824503,34.96201822081715,34.96201822081715,7579572
2010-12-10,35.27326202392578,35.68823998015929,35.226103423235756,35.659947035975115,2639560
2010-12-13,35.20722579956055,35.4524432177557,35.00916696231523,35.244951556205955,2027949
2010-12-14,35.018611907958984,35.2261008710428,34.792260060023274,35.04690485009329,1815737
2010-12-15,34.61306381225586,35.10349327461733,34.424434964972924,34.820552773980005,1117039
2010-12-16,35.04690170288086,35.075197412761305,34.69794251988788,34.93372717421963,1029567
2010-12-17,36.046630859375,36.08435663056808,35.32984674728088,35.44302406086012,1931853
2010-12-20,35.71651840209961,36.10320602721006,35.61277395522345,35.95230299881843,1286131
2010-12-21,35.820274353027344,36.008900414221856,35.60335258196721,35.99003753107372,1037421
2010-12-22,36.13150405883789,36.14093688458663,35.82027067428757,36.09377829641605,685685
2010-12-23,35.70709991455078,35.91458887551488,35.5939226065956,35.71652997173685,453376
2010-12-27,36.26354217529297,36.30126793558004,35.7448171267753,35.99946462356986,503734
2010-12-28,36.1220817565918,36.65966706077347,36.00890444503399,36.291844953641345,685146
2010-12-29,35.886295318603516,36.0749213916755,35.67880636119563,35.83913949290728,558327
2010-12-30,36.24467849731445,36.57477473713052,36.178659803408515,36.42387446959031,896049
2010-12-31,36.1598014831543,36.35785758984548,36.018331252496765,36.19752447708117,480326
2011-01-03,36.46159744262695,36.999185359216646,36.4144416284702,36.603067655383576,1992452
2011-01-04,35.263816833496094,36.27297119641116,35.065757982776994,36.18808962332765,2291289
2011-01-05,34.54703903198242,34.83940953847971,34.15092129256122,34.27352863661319,3584504
2011-01-06,34.25466537475586,34.641350284031795,33.81139182186445,34.35840983624096,3064292
2011-01-07,34.2452392578125,34.36784661460373,33.717081293611585,34.330120847854595,887194
2011-01-10,33.858558654785156,33.86798871254073,33.1512045927765,33.18893036437328,2609299
2011-01-11,34.660213470458984,34.86770239525635,34.45272454566162,34.641350589087715,1540154
2011-01-12,35.34871292114258,35.41473441201563,35.103498155863996,35.273264142025106,1259566
2011-01-13,35.16950225830078,35.51846414410942,35.04689492662304,35.2072280173226,749441
2011-01-14,38.50820541381836,38.753420102360224,36.44273790208767,36.471033609403484,9672201
2011-01-18,37.81971740722656,38.29128390586139,37.60279565433416,38.036636389832346,2992913
2011-01-19,35.075199127197266,37.19725280904603,34.84884728852413,37.11237121582947,8495949
2011-01-20,36.37671661376953,36.480461069210165,34.66964397102444,34.792251306571224,5944169
2011-01-21,36.73511505126953,37.12180000628721,36.6125076940758,36.819996641590286,2000768
2011-01-24,37.442466735839844,37.55564403791396,36.25411614520933,36.25411614520933,3191881
2011-01-25,38.70626449584961,38.90432336699854,37.838580255333916,37.923461837173,5847149
2011-01-26,39.4796257019043,39.89460623507631,38.72511891556593,39.04578506158839,3924921
2011-01-27,40.44163131713867,40.62082729938168,39.72484738816664,39.76257314972164,3183642
2011-01-28,39.68711853027344,40.18698067644886,38.8477300971654,40.12096198402155,3899588
2011-01-31,39.621097564697266,39.9700566564054,39.055216758560356,39.4607644849394,3023405
2011-02-01,41.45078659057617,42.12041194615788,40.54537660559616,40.5925324233612,6181021
2011-02-02,41.08296585083008,41.62055105511601,40.77172968702456,40.96978856030323,3228071
2011-02-03,40.64912414550781,40.89433884891641,40.02665456054695,40.715142849436255,2477244
2011-02-04,40.96036148071289,41.20557897792324,40.36618754780541,40.39448325955012,2167396
2011-02-07,41.3470458984375,41.7903194907538,41.10183119124751,41.375338837618344,1712865
2011-02-08,40.866050720214844,41.19614704899706,40.715147641717536,41.19614704899706,1868097
2011-02-09,40.592533111572266,40.988650852431405,40.58310305597401,40.58310305597401,2965809
2011-02-10,40.44163131713867,40.58310153782668,39.687121626611635,39.72484738816664,1527526
2011-02-11,41.06409454345703,41.13954328470756,40.507643801303736,40.66797687817596,1567027
2011-02-14,41.80918502807617,41.82804791215659,40.837753423651826,40.8943420758931,1548932
2011-02-15,40.98865509033203,41.35647716185304,40.74344037598469,41.177281154379166,2015860
2011-02-16,42.06382369995117,42.0732565257652,41.45078698206945,41.460217037596905,1560944
2011-02-17,42.27131652832031,42.36563094373798,41.582828221488434,41.6205539876555,1376452
2011-02-18,42.5070915222168,42.78060187963088,41.809173317584666,41.809173317584666,1796333
2011-02-22,40.941490173339844,42.016666052126084,40.90376718258611,40.950922998743124,3250093
2011-02-23,40.46049118041992,41.10182353845214,39.998354791266486,40.960350558028516,1723260
2011-02-24,40.677425384521484,40.88491713537184,40.10211427379108,40.337898969159184,1652420
2011-02-25,41.05466079711914,41.21499387038965,40.6962688956573,40.79058328295937,1084160
2011-02-28,41.120697021484375,41.7903224861037,40.72457922283973,41.52624210681593,1405558
2011-03-01,40.82832336425781,41.733733489201796,40.66799023472751,41.667712009780864,1482250
2011-03-02,41.68656921386719,41.92235384758779,40.95092514587162,40.95092514587162,1540000
2011-03-03,43.21445846557617,43.3087728942937,42.82777346326513,43.07298820764349,1309385
2011-03-04,42.931514739990234,43.035259218679585,42.64857424527856,42.98810339298998,920920
2011-03-07,41.30931091308594,42.70515008345209,41.00750762460519,42.544816999875245,1676829
2011-03-08,41.1301155090332,41.83746654315255,40.752860700740804,41.196134200141344,1204742
2011-03-09,40.8094482421875,41.34703612180365,40.498214903643095,41.33760329744925,1682835
2011-03-10,38.50820541381836,38.92318603539531,38.40446095099577,38.90432315394697,2793252
2011-03-11,38.88546371459961,39.12124559814517,37.86687633708457,37.88573922020264,2408329
2011-03-14,39.187278747558594,39.47964936755158,38.876042468540874,39.187278747558594,1616538
2011-03-15,38.44218826293945,38.60252137656777,37.24440493870748,37.34814940571051,1685299
2011-03-16,36.99919128417969,38.44218934754731,36.782269517805844,37.97062004931836,1780548
2011-03-17,38.68740463256836,38.94205216823902,38.06493503337427,38.36673839145968,1758449
2011-03-18,38.564788818359375,39.4419029905306,38.357299920905746,39.43247293623099,1166242
2011-03-21,39.6494026184082,39.73428420529067,39.36645937832203,39.705988496138666,1419726
2011-03-22,39.394744873046875,39.705978201013686,39.03635296548312,39.63052946017347,1444366
2011-03-23,40.36617660522461,40.54537257331168,39.58337404051356,39.77200283338748,1273734
2011-03-24,40.62082290649414,41.10182215887361,40.44162694363005,40.72456735440783,2814581
2011-03-25,40.60196304321289,41.18670678693423,40.41333424182768,40.54537440279733,1181411
2011-03-28,40.92263412475586,41.23386752879831,40.809456830402205,40.83774976884725,805035
2011-03-29,41.03580856323242,41.16784873970295,40.32845740071428,40.44163469483187,1013397
2011-03-30,41.82803726196289,42.139270614613615,41.65827134846462,42.016663284452456,1562407
2011-03-31,41.96951675415039,42.177005701809605,41.55453608854506,42.00723975076279,1714097
2011-04-01,41.7808837890625,42.026098479378305,41.4507875167584,41.62998350667071,1131823
2011-04-04,41.667701721191406,42.016663605348725,41.356468366163675,41.960074967083784,1226610
2011-04-05,41.90349578857422,42.2430249245266,41.71486972206153,41.790321256781375,902363
2011-04-06,41.36590576171875,41.648846214020494,41.148984009544314,41.545098980594794,1387771
2011-04-07,40.403907775878906,40.79059269763722,40.073808729276124,40.56424088615512,2048354
2011-04-08,39.951202392578125,40.73400508193405,39.63053893420611,40.73400508193405,1471778
2011-04-11,40.46049118041992,40.6962730171246,40.11152929720457,40.42276542167846,2411948
2011-04-12,39.998355865478516,40.441629387165946,39.7154154376051,40.33788493298388,1806574
2011-04-13,37.376441955566406,39.80973139252862,36.952031297172745,39.715416989456756,9794400
2011-04-14,37.49905014038086,37.88573504626924,37.12179528986916,37.62165748199701,7584885
2011-04-15,37.76313018798828,38.12152218102822,37.54620842690761,38.11208935474469,2466002
2011-04-18,36.52762985229492,36.90488478945247,36.1220819722226,36.53705990983745,3117037
2011-04-19,36.112640380859375,36.54648386885189,35.848562820019524,36.43330658408345,3357431
2011-04-20,39.30988311767578,39.36646900924986,38.432765784540564,38.66855049048659,4228378
2011-04-21,38.45161819458008,38.810010185094846,38.008344619545156,38.77228442079995,2355969
2011-04-25,38.65910720825195,38.90432467667833,38.36673668978903,38.413892510112284,1834910
2011-04-26,39.79543685913086,39.88144946669325,38.954419393809744,39.08821615952902,3003000
2011-04-27,40.11082077026367,40.21594761147748,39.355815848236965,39.88145286150624,1619079
2011-04-28,39.57562255859375,40.47398264989821,39.05954413366561,40.301957443988776,3311000
2011-04-29,39.910125732421875,39.97702693309627,39.48005981917424,39.79544317320943,1362669
2011-05-02,39.212467193603516,40.12994179117522,39.049997645891835,40.12038607999251,1951488
2011-05-03,39.73809051513672,39.900560006505756,39.29846619477353,39.699862069261684,2002000
2011-05-04,39.7858772277832,40.69379585771046,39.41315406732881,40.66512311786018,3047968
2011-05-05,39.29846954345703,39.66163700301621,38.93530489109782,39.441827631304044,2464000
2011-05-06,38.543460845947266,39.4418236965403,38.30453727350413,39.193338801967926,2380917
2011-05-09,39.384490966796875,39.50873204183406,38.88752385944775,38.99265351420265,1730344
2011-05-10,39.862335205078125,40.005690486616025,39.53739619263223,39.67119576542759,1889965
2011-05-11,37.77889633178711,38.4192157045837,37.415728947192285,38.2663047468171,3003000
2011-05-12,38.734615325927734,39.00221172061181,37.8840391665101,38.218536765265625,1771000
2011-05-13,37.884029388427734,38.27586676496538,37.54953468320775,38.21852690084756,1352582
2011-05-16,38.10383987426758,38.849288954053556,37.98915734390031,38.40966463391315,2099251
2011-05-17,37.87447738647461,37.89359161211765,37.425297294663274,37.53042413209995,2191266
2011-05-18,38.562583923339844,38.75372619382402,37.9891655334883,38.027391180384804,1450295
2011-05-19,38.40010452270508,38.53390407763837,37.941368805904446,38.1611809568379,1765071
2011-05-20,37.807579040527344,38.228089229144075,37.56865541279542,38.21853351920294,2083466
2011-05-23,36.077754974365234,36.76586144411311,35.98218385156692,36.51737933203748,3465000
2011-05-24,36.2402229309082,36.56516192733722,35.89616971073632,36.51737777157996,2919224
2011-05-25,36.36447525024414,36.517389087572006,35.943965004793235,35.95352352322658,1098482
2011-05-26,36.154205322265625,36.326230504935474,35.71458104424352,36.249773620549114,1905288
2011-05-27,36.38357925415039,36.61294713847665,36.27845242413419,36.38357925415039,1133440
2011-05-31,37.28194808959961,37.358405004648006,36.851882153253264,37.32017654712381,1033725
2011-06-01,36.51738357543945,37.32017267863124,36.469596604887364,37.03346208411986,1247477
2011-06-02,36.68939971923828,36.94743750604787,36.35490223704866,36.69895542666104,1106798
2011-06-03,36.546051025390625,36.85187582587423,36.32623883596801,36.69896202203238,1029182
2011-06-06,36.2402229309082,36.66073304605159,36.2402229309082,36.536489188122985,692923
2011-06-07,36.97612380981445,37.30106289660679,36.74675586831416,36.937895351697634,1315622
2011-06-08,36.00130081176758,36.54605204231215,35.75281868081046,36.41225246022745,1545621
2011-06-09,36.2115478515625,36.555601049500325,35.733697903270865,35.8483832383167,736505
2011-06-10,34.95003128051758,35.82927729750166,34.78756175524876,35.76237890686165,2358972
2011-06-13,34.8926887512207,35.29408471120397,34.778003389168255,35.112500958221084,847847
2011-06-14,36.049095153808594,36.29757733558976,35.95352400420016,36.05865086516906,1735580
2011-06-15,34.54863739013672,35.217629758179335,34.3670536270737,34.83534800398348,1355046
2011-06-16,33.80318069458008,34.24280219283876,33.516470167437575,34.17590381842541,1752212
2011-06-17,33.8127326965332,34.242798440115365,33.64070752198007,34.242798440115365,1406328
2011-06-20,33.516475677490234,33.62160251376521,33.239320812328856,33.2775492631925,924231
2011-06-21,34.013431549072266,34.18545672840022,33.59292150031591,33.74583526611801,1307768
2011-06-22,33.73629379272461,34.12813130471476,33.54515429612476,33.592938468474514,943173
2011-06-23,33.98476791381836,33.99432643033999,32.732798753495835,32.990839398777645,1358126
2011-06-24,33.43046188354492,33.8796419922144,33.22976671756088,33.7458452148917,1282820
2011-06-27,34.68244171142578,34.8162385189412,33.9752207908986,34.18547452110903,1446676
2011-06-28,34.68244171142578,34.80668280720475,34.08990617494112,34.137690348025075,1222298
2011-06-29,34.978694915771484,35.26540546080568,34.52951487473792,34.978694915771484,2056978
2011-06-30,35.32276153564453,35.533015266537404,35.09339357401586,35.12206351651912,2131129
2011-07-01,36.25933837890625,36.30712253627689,35.32274980548212,35.5521176909411,1136443
2011-07-05,36.077754974365234,36.37402124424004,35.95351391832742,36.2115517390829,1250711
2011-07-06,35.30363464355469,35.552116746803115,35.064708248646646,35.38009153907724,1633170
2011-07-07,36.9283332824707,37.071688583023146,36.29757220580023,36.37402630748127,2287208
2011-07-08,35.781494140625,36.40269951519125,35.599907576120536,36.30712837787322,1238699
2011-07-11,35.29407501220703,35.86749605048954,35.16027545991465,35.4087575355438,1836989
2011-07-12,33.33489227294922,34.71110248180672,33.25843537045711,34.5581914840226,4492180
2011-07-13,33.14374542236328,33.87963598884112,32.49387026286575,32.6945653932872,8479009
2011-07-14,32.43653106689453,33.449573764153094,32.293175782844735,33.16286319605349,3640252
2011-07-15,32.79970169067383,32.866600081079895,32.321848826401116,32.83793014439167,2480940
2011-07-18,32.694580078125,32.713694309683625,32.22628842294106,32.41742793132636,3022327
2011-07-19,33.92742156982422,34.08989105488983,33.4591273368233,33.4591273368233,2557709
2011-07-20,34.02299499511719,34.28103563000556,33.784071392502064,34.28103563000556,1250711
2011-07-21,35.42789077758789,35.44700500960587,34.77801250337888,35.12206587250136,2157848
2011-07-22,36.096866607666016,36.24022187797256,35.160278093076684,35.42787441050224,1994993
2011-07-25,35.752811431884766,36.00129351246184,35.418316755292494,35.47565661450289,1245475
2011-07-26,36.096866607666016,36.4122470794605,35.78148613587153,35.89616866779691,1428504
2011-07-27,35.59990692138672,35.76237925543947,34.940473104021194,35.75282073828327,4158000
2011-07-28,34.147239685058594,34.720660883821616,33.87964331278254,34.137683975106036,2386307
2011-07-29,34.070777893066406,34.615526224605446,34.05166367027559,34.50084369506025,1840762
2011-08-01,33.60248565673828,34.6919851922271,33.2202039852405,34.529515692380535,1988140
2011-08-02,32.84748840332031,33.83186133774502,32.83793269274944,33.468693806442545,1656578
2011-08-03,33.41135025024414,33.669390922536245,32.77103063547541,33.48780716161964,2553936
2011-08-04,31.738866806030273,32.08292002679806,31.222785571278674,31.37569936148651,5532758
2011-08-05,31.939565658569336,33.13419495827104,30.754497682667107,33.057738054277294,2847999
2011-08-08,29.70322608947754,30.716271728163374,29.292274407897548,29.559870786433347,3856699
2011-08-09,32.06380081176758,32.102029253368656,30.152395574910173,31.71974764455729,3505733
2011-08-10,31.06032371520996,32.188054773872686,30.305318708288567,30.69715898850896,5119422
2011-08-11,33.27754592895508,33.69805603912215,31.75798059897826,32.0446911445286,2959341
2011-08-12,33.88920211791992,34.367052185216345,33.23932400521253,34.21414117427362,3047737
2011-08-15,34.22369384765625,34.35749342665948,33.784072273903,34.08989707585313,1350734
2011-08-16,33.49735641479492,34.29058963293055,33.13418899340276,33.58336901270368,2349501
2011-08-17,33.43046188354492,33.98476883359658,33.0386244539567,33.334893558943065,1997842
2011-08-18,31.585956573486328,31.872667155219634,30.89785286164649,31.74842609028188,2550240
2011-08-19,31.43304443359375,32.58944242796405,31.30880337316058,31.5763997192628,1885884
2011-08-22,31.499937057495117,32.23582757649388,31.413924463264,32.23582757649388,793562
2011-08-23,33.095970153808594,33.1246400923659,31.90134352964627,32.188054144021265,1431045
2011-08-24,32.99082946777344,33.612034602676744,32.62766209327644,33.39222247524969,2390234
2011-08-25,31.55729103088379,32.76147620322307,31.4426056593465,32.49387981016996,2370522
2011-08-26,32.9621696472168,33.05773796976449,31.308804542179814,31.519058220424927,1754214
2011-08-29,34.21412658691406,34.29058346338784,33.72671821019245,33.80317508666623,945406
2011-08-30,33.40178680419922,33.92742373736968,33.115076260142565,33.2010888619196,2286977
2011-08-31,33.70762634277344,34.12813382782157,33.4113571535795,33.86053738991793,1755138
2011-09-01,33.0864143371582,33.76496241470768,33.019513135405084,33.602492879936634,1091167
2011-09-02,32.417415618896484,32.79013878192462,32.16893351021106,32.21671766735828,1454145
2011-09-06,31.968231201171875,32.130700681966566,30.649361133120877,30.649361133120877,1483020
2011-09-07,33.10551834106445,33.2870992406002,32.48431033229622,32.541652998717844,1116038
2011-09-08,32.64677810668945,33.306211717994735,32.37918181793949,32.560765515162586,1454376
2011-09-09,32.589439392089844,32.86659422859163,32.11158942010722,32.570325168634554,2149532
2011-09-12,33.420894622802734,33.44956454883415,32.484306276453125,32.493864789929766,1960882
2011-09-13,34.08988571166992,34.2714693904702,33.229754269268085,33.430449360069176,2822512
2011-09-14,34.902244567871094,35.31319904621577,33.57382122630239,33.774516399707515,3139367
2011-09-15,34.76844024658203,35.30363287401446,34.51995815578838,35.064706491082234,3869558
2011-09-16,34.978694915771484,35.17939285873538,34.64420021563152,34.67287014725502,3069374
2011-09-19,34.414833068847656,34.91179727549676,34.223690829982715,34.414833068847656,3897971
2011-09-20,34.06122589111328,34.63464707008555,33.84141649778743,33.93698482281597,2093707
2011-09-21,34.17591094970703,35.88661876198024,34.1567967234291,34.73977360690531,2987138
2011-09-22,33.14374542236328,33.76495345820026,32.637225531566635,33.325329137011025,2514204
2011-09-23,33.621612548828125,33.7554093595852,32.599011008209445,32.64679518245113,2547160
2011-09-26,34.54863739013672,34.61553578478084,33.49736607509874,34.11857146936657,2216214
2011-09-27,35.47565841674805,36.10642216490312,35.19850639248582,35.504331155009496,1784706
2011-09-28,34.376609802246094,35.2749700387107,34.338381348711394,35.150728968323065,1864170
2011-09-29,34.453060150146484,34.97869426817774,33.64071268518941,34.911795890828266,1266419
2011-09-30,33.00996017456055,33.76496522717318,32.98129023370719,33.35401350080438,2201353
2011-10-03,32.016021728515625,33.10552416044346,31.98735179386494,32.23583391817125,1793022
2011-10-04,33.54514694213867,33.56426116832839,31.5859570044935,31.66241390925239,2621619
2011-10-05,33.3826789855957,33.65983387471875,32.78058785043922,33.08641267658864,3615843
2011-10-06,34.00388717651367,34.032559923125575,33.019514224983425,33.06730120026974,1409485
2011-10-07,34.73021697998047,35.24629546145202,34.33837956243355,34.73021697998047,2888116
2011-10-10,35.341861724853516,35.94395273581463,34.97869429236281,35.322747501711916,2021250
2011-10-11,34.56774139404297,34.80666777064774,34.04210448839232,34.38615768468729,2645335
2011-10-12,37.04301834106445,38.17074650898659,36.115988153704805,36.354911781193174,7489097
2011-10-13,38.28543472290039,38.495688429054155,37.02390687157671,37.10036378552373,2717330
2011-10-14,38.53391647338867,38.54347218392945,37.826695641353055,38.18030746097112,3329788
2011-10-17,37.884029388427734,38.18029845330244,37.339281028909475,37.683331442415806,3777389
2011-10-18,38.48613357543945,38.610374659769754,37.59732894901434,37.99872494897415,2684297
2011-10-19,37.74066925048828,38.486118267160094,37.59731399426672,37.92225294932886,1519287
2011-10-20,37.654659271240234,38.237638850836845,37.43484711452678,38.22808033591904,4182563
2011-10-21,38.705936431884766,38.801504746104776,38.04649990488708,38.075172644913025,2068143
2011-10-24,39.460933685302734,39.5087178332245,38.467002635254545,38.50523107647171,1451450
2011-10-25,39.145565032958984,39.73810047818171,38.98309550085596,39.394047186245864,2246321
2011-10-26,39.22201919555664,39.9196814408072,38.4956842071203,39.80499608246455,1346268
2011-10-27,41.55392837524414,41.93621005921657,40.27328655861648,40.292400783175104,3892658
2011-10-28,41.620819091796875,41.65904753387313,40.71290341768397,40.75112905256077,3912755
2011-10-31,40.072593688964844,40.66512911106602,40.043923752089114,40.3784185135074,3743278
2011-11-01,38.84928894042969,39.394037275682535,38.189852460450346,38.323652020898244,4198117
2011-11-02,38.66770553588867,39.107327052195195,38.50523604335806,38.73460391304841,1700930
2011-11-03,40.3115234375,40.626903997868254,38.76328496049089,39.28892203497187,1994762
2011-11-04,40.48353958129883,40.67468182386204,39.81455015392736,39.91967698373716,1154230
2011-11-07,39.89101028442383,40.101266783082366,39.49917283863342,39.804997665845505,1018171
2011-11-08,41.076080322265625,41.31500392977097,40.521770590996994,41.25766125337765,2200737
2011-11-09,38.32365417480469,39.26024272897995,38.26631150281847,39.107328937016696,1934471
2011-11-10,38.753719329833984,39.06909980947275,38.180298234345436,38.877960380043184,1989757
2011-11-11,39.7189826965332,40.05347744107449,38.73460988172868,38.83973672123594,1950718
2011-11-14,38.39055633544922,39.241132369000034,38.180302657996265,39.17423117482851,2001153
2011-11-15,38.66770553588867,39.002200228887105,38.05605601191457,38.18985276623405,1126510
2011-11-16,37.759788513183594,38.42878073393588,37.71200435712981,38.08472751162899,1290289
2011-11-17,36.66073989868164,37.55909735371843,36.307128096941234,37.501757478971676,1586046
2011-11-18,36.38357925415039,37.37751049583075,36.29756664842803,37.367951980083866,806575
2011-11-21,36.35490036010742,36.63205516185268,35.494768834083395,35.877050448049445,1727495
2011-11-22,35.42789077758789,36.46005088495533,35.36099236912551,36.19245163670369,1363593
2011-11-23,35.0933837890625,35.49477690819355,34.87357160049068,35.48522119909047,1388618
2011-11-25,34.60597229003906,35.255850283827556,34.586858066268825,34.596413774554016,586509
2011-11-28,35.83883285522461,36.077759287182204,35.590350713444856,35.896175535758466,978285
2011-11-29,35.542564392089844,35.88661764720469,35.3800948773745,35.66680545543685,1165549
2011-11-30,37.77889633178711,37.82668047973929,36.54604173414611,36.660727057870595,3132437
2011-12-01,37.587764739990234,37.79801840329006,37.329724111613196,37.406181009976756,2859934
2011-12-02,38.85884475708008,39.049984179626755,38.103839967581095,38.11339848266828,3345265
2011-12-05,39.51828384399414,39.96746393461676,39.2220175581112,39.336700104465834,4074301
2011-12-06,39.776329040527344,40.0343669047723,39.08822245480659,39.164679365931214,3796870
2011-12-07,40.149044036865234,40.28284360389095,39.365369280171315,39.59473715930126,1840300
2011-12-08,39.25068283081055,39.99613192597381,39.135997490877806,39.61385026673112,4201967
2011-12-09,39.75720977783203,40.10126302712098,38.8110654476875,38.935306508930715,1886500
2011-12-12,38.29497528076172,38.849284880344584,38.03693750909324,38.83017065942106,1113959
2011-12-13,37.37751770019531,38.46701746614164,37.20548964839296,38.05606577541451,1641794
2011-12-14,37.32971954345703,37.539973181027456,37.08123746138296,37.50174754372343,1748208
2011-12-15,37.5208740234375,38.51480267643418,37.2054906568516,38.48613273729025,1282358
2011-12-16,37.59732437133789,38.017834549010715,37.453969075549466,37.56865443506031,1463924
2011-12-19,37.32016372680664,38.02738152645729,37.272376767717,37.87447055608945,1053437
2011-12-20,39.42271423339844,39.527841067117365,38.66770936519885,38.686823590165936,2301376
2011-12-21,38.97353744506836,39.14556267708317,38.40011345488506,38.74416672611493,1816969
2011-12-22,39.336692810058594,39.5373907379629,38.93529976144958,38.9735282055456,1134210
2011-12-23,39.61384582519531,39.75720108043824,39.374919464057264,39.432262127594335,521444
2011-12-27,39.73809051513672,40.129927874556245,39.72853480726782,39.92922993731217,438977
2011-12-28,39.61384582519531,39.97701322039727,39.54694745466847,39.948340485029,1516669
2011-12-29,40.3784065246582,40.43574918858424,39.77631557143348,40.0630260838642,720874
2011-12-30,39.93878936767578,40.454867784416514,39.93878936767578,40.1108145708561,434896
2012-01-03,40.3497428894043,41.104747730852075,40.18727338654086,41.06651928227245,1121890
2012-01-04,39.7858772277832,39.97701946945205,39.48961096399635,39.85277841596726,1075074
2012-01-05,39.35581588745117,39.71898338087909,38.858851616781536,39.059549589844345,2828210
2012-01-06,39.097774505615234,39.37492655180103,38.77283549428018,39.04998754046598,2052358
2012-01-09,39.413150787353516,39.843216584518345,39.298465451896355,39.37492234220113,2074380
2012-01-10,39.680747985839844,39.84321747778012,39.45138011698291,39.72853494695152,2127433
2012-01-11,39.98658752441406,40.12038713489496,39.48962315702943,39.738105340721745,1528065
2012-01-12,39.89101028442383,40.101266783082366,39.5182870657842,39.93879725590094,1152844
2012-01-13,39.451393127441406,39.5660785032912,38.89708609190205,39.51829152642012,1525370
2012-01-17,40.70335388183594,41.267219316037874,40.3784148597128,40.78936649188028,1808576
2012-01-18,40.3497428894043,41.60171194798735,39.38448438796851,41.58259772369754,5088314
2012-01-19,40.53132247924805,40.69379196552712,40.18726928435121,40.65556352084973,1537382
2012-01-20,41.286338806152344,41.353237199473305,40.435762691869876,40.550448058020464,2592590
2012-01-23,41.888427734375,41.97444035081678,41.50614600805564,41.64950411172564,1369907
2012-01-24,41.57304382324219,41.89798284310128,41.334117412828135,41.52525685683935,1420958
2012-01-25,41.33412170410156,41.372350158312656,40.78937044239393,41.19076640441011,1609223
2012-01-26,41.0665168762207,41.974432651593055,40.89449167489112,41.50613839472949,1605681
2012-01-27,41.2003173828125,41.62082468779032,40.82759142605511,41.27677147004494,1815198
2012-01-30,41.04740524291992,41.1716462977635,40.732024751516974,41.15253207338757,1515283
2012-01-31,41.085636138916016,41.525257711348374,40.82759549807086,41.41057516546172,1270346
2012-02-01,42.14646530151367,42.49051854926155,42.09867833472642,42.21336368637574,1381996
2012-02-02,42.46184539794922,42.74855596710539,42.24203321300947,42.471403914094445,1002155
2012-02-03,43.5322380065918,43.5322380065918,42.85368715770547,43.01615668388948,1105181
2012-02-06,42.94926834106445,43.30287741311102,42.6912276193434,43.30287741311102,1452990
2012-02-07,43.13083267211914,43.197731048596424,42.76766524461437,43.054375780602406,1414567
2012-02-08,43.28374481201172,43.57045252991602,42.930133105770516,43.22640214555102,920920
2012-02-09,43.41755676269531,43.54179784659714,43.12129042637574,43.49401367808124,1341109
2012-02-10,43.24552917480469,43.65648086200972,43.06394541416983,43.65648086200972,2417877
2012-02-13,42.997047424316406,43.350659261687596,42.643438394145875,43.18818971673345,2103332
2012-02-14,43.580020904541016,43.627805067136265,43.00659972459707,43.216853408656455,2482788
2012-02-15,43.3984375,43.94318874813733,43.33153911039725,43.771160708472785,1856162
2012-02-16,44.58351516723633,44.74598471493039,43.48445679250601,43.51312954045243,1870869
2012-02-17,44.593055725097656,45.10913410106726,44.24900253871807,45.08046136466922,1969044
2012-02-21,44.153438568115234,44.79375808613768,43.952740609678344,44.79375808613768,2234386
2012-02-22,43.924072265625,44.105656005678206,43.68514584862865,44.05786903795886,1867712
2012-02-23,44.201229095458984,44.44015553823241,43.83806438337191,44.41148560026779,2487331
2012-02-24,44.25856399536133,44.69818834817689,44.17255138939304,44.40191927437511,1348655
2012-02-27,44.02920150756836,44.22034096728369,43.45578032122209,43.55134864747962,1681911
2012-02-28,45.615665435791016,45.65389107958459,44.51660729492312,44.535721520419955,2692767
2012-02-29,43.5322380065918,44.9944609350475,43.44622258134119,44.87977838004724,2369829
2012-03-01,43.37931823730469,43.732927178096304,43.26463569804251,43.455775134946094,1496033
2012-03-02,43.19773483276367,43.446216944760636,43.025709618981146,43.37931856242299,1596364
2012-03-05,43.044822692871094,43.188177969591045,42.61475686271123,43.14994952150574,1443519
2012-03-06,42.75811004638672,42.88235109298232,42.12734629825535,42.14646052136234,3244549
2012-03-07,43.618247985839844,43.780717502194825,42.93014146866581,42.98748414629701,1431738
2012-03-08,44.26813507080078,44.487944502372514,43.666041043798046,43.92408174211361,1171863
2012-03-09,44.612178802490234,44.793759735457066,44.17255441951756,44.33502393402483,1144374
2012-03-12,44.44015121459961,44.640849182427125,44.2394532467721,44.45926544044986,720104
2012-03-13,45.500980377197266,45.55832305405878,44.68863280632604,44.68863280632604,1170092
2012-03-14,45.22382354736328,45.61566375198448,44.98489994827231,45.07091255623306,956494
2012-03-15,46.026615142822266,46.06484359221265,45.357622892890554,45.40540705102854,1243011
2012-03-16,45.921478271484375,46.236861525687104,45.816351455816644,45.98837945098165,665126
2012-03-19,46.20820236206055,46.53313859200809,45.89281903438176,46.14130116697705,733579
2012-03-20,46.38022232055664,46.57136175302104,45.606103267916,45.711230096131416,1258180
2012-03-21,46.29421615600586,46.91542150332705,46.2082035397922,46.705167817649155,1998920
2012-03-22,45.68256378173828,45.8737032293405,45.338510530294215,45.49142433413606,1412873
2012-03-23,45.653900146484375,45.845042439413774,45.33851957395186,45.42453220216975,691614
2012-03-26,46.762508392333984,46.82940677891068,46.25598562036729,46.361112458473556,1093015
2012-03-27,46.82941818237305,47.058786140203914,46.66694862740934,46.88676087363097,1127511
2012-03-28,46.72427749633789,47.421939682252855,46.33244009945962,47.402822650288066,1320550
2012-03-29,47.441062927246094,47.48885271187243,46.514032620237685,46.64783222694853,1371293
2012-03-30,47.918907165527344,48.09093239289135,47.29770183649046,47.871123003970716,1519826
2012-04-02,48.50188064575195,48.71213431051683,47.823335493247114,48.03358915801199,1467697
2012-04-03,47.746883392333984,48.5210025534488,47.53662970644116,48.33941599672281,1379763
2012-04-04,46.04573440551758,46.838964991957766,45.586995769841025,46.6956096946589,2407559
2012-04-05,45.86414337158203,46.103066957673065,45.73034380532318,45.80680070032824,1031954
2012-04-09,45.94061279296875,46.17953926600603,45.2333946997236,45.414978482367836,617848
2012-04-10,45.09001922607422,46.10306174147403,44.96577818934782,45.75900856007804,1046122
2012-04-11,45.02312088012695,45.6061004644669,44.97533672674816,45.166476147463044,1766842
2012-04-12,46.74338912963867,47.3837086057598,45.78768636598337,45.8163562979411,3326246
2012-04-13,46.533138275146484,46.8007374392579,46.20820204741155,46.762508987241986,1659504
2012-04-16,47.15434646606445,47.421945646427034,46.52358539109656,46.72428337276832,1885961
2012-04-17,47.240352630615234,47.947576132036005,47.16390134678589,47.47927903398172,2459765
2012-04-18,47.1065559387207,47.36459375984335,45.6252189728389,45.69211735529293,3852002
2012-04-19,47.8328971862793,49.07530791277979,47.37416134990993,48.49233100376038,2637327
2012-04-20,47.39325714111328,48.32984553931222,47.30724455105814,47.861554147412164,2472547
2012-04-23,46.04573440551758,46.6478255312927,45.83547791086569,46.609597077719634,2218447
2012-04-24,46.16997146606445,46.829405214925885,45.77813125457283,46.74339260545701,2165856
2012-04-25,47.297706604003906,47.34549077037708,46.695612633139675,47.24992243763074,1408253
2012-04-26,49.25689697265625,49.46715067439116,47.89023948977789,47.928467945947965,2589433
2012-04-27,48.836387634277344,49.189999476892524,48.540121287438346,49.084875425305164,1331561
2012-04-30,49.30339431762695,49.661157749766474,48.8005953407719,48.829604721841974,1286978
2012-05-01,49.5547981262207,49.90288800813825,49.18736676179779,49.36141170275656,780934
2012-05-02,48.84894561767578,49.06166784697096,48.53952733483332,48.74258166286918,1519749
2012-05-03,48.094757080078125,48.85862368421517,48.05607978667581,48.645901410662056,935088
2012-05-04,46.99245834350586,47.85302094082204,46.77973608984812,47.504928172917076,768845
2012-05-07,47.56294631958008,47.81434587471445,47.14716969529485,47.45658518780473,1083621
2012-05-08,47.05047607421875,47.21485314199969,46.1802455413171,46.73139268155192,1405943
2012-05-09,46.36396789550781,46.63470613295593,45.73546608272909,45.928852566734776,1848385
2012-05-10,46.22858428955078,46.57667702220792,45.832146369637584,46.29626811974107,2193961
2012-05-11,46.82809066772461,47.67898553321856,46.073891886233035,46.073891886233035,2015552
2012-05-14,45.600093841552734,45.95785454108454,45.14563990965035,45.46472331623392,1831445
2012-05-15,45.89983367919922,46.257597180522744,45.46471844043427,45.53240511591449,1528527
2012-05-16,44.78787612915039,45.745129123211015,44.749198838862775,45.706451832923406,1751596
2012-05-17,43.67591094970703,44.768534384118254,43.666240207725075,44.50746411283373,1166781
2012-05-18,43.39551544189453,44.13037845319651,43.366508887305265,44.1013690584472,1974896
2012-05-21,44.74919509887695,44.84588547635556,43.75326489776518,44.043341710519265,1216831
2012-05-22,45.20365524291992,45.49373209598235,44.89423974364269,45.24233253534951,1152151
2012-05-23,44.84588623046875,44.89423426018019,43.878965398468445,44.681509177800045,991221
2012-05-24,44.69118118286133,45.155302968125675,44.32374977943415,44.88456478669493,555016
2012-05-25,44.47846221923828,44.67184583735272,43.88863778174206,43.94665371922424,1096557
2012-05-29,45.435707092285156,46.05453796737428,45.29066869469111,45.86115438396854,1059289
2012-05-30,44.34309005737305,44.749198764559296,44.275406219561795,44.604160346301256,1504118
2012-05-31,44.29474639892578,44.584823245489346,44.004669552362216,44.4494527250186,695387
2012-06-01,42.351234436035156,43.347164834993876,42.293218493927334,43.05708796461445,2147376
2012-06-04,42.5156135559082,42.91205158573579,42.380243017836435,42.74767449529998,1189265
2012-06-05,43.637229919433594,43.85962288403449,43.124760162799845,43.16343744709208,838838
2012-06-06,45.774131774902344,45.79347041840019,44.11102547504212,44.12069337671148,1174712
2012-06-07,45.716129302978516,46.71206263591704,45.64844545088987,46.70239189124154,1640947
2012-06-08,46.305946350097656,46.40263958040649,45.4453837007478,45.464722346809566,1555015
2012-06-11,46.07387924194336,47.19550920206179,45.99652466809819,46.95377757887521,1216908
2012-06-12,47.311546325683594,47.38889806797411,45.94818459072058,46.10289091546106,1138830
2012-06-13,48.10441589355469,48.59754703101286,47.504923639417925,47.91102946308537,1935010
2012-06-14,47.40823745727539,47.89170076501223,46.934444892576224,47.756333083760744,1326094
2012-06-15,48.27846908569336,48.37516515760059,47.67897956933634,47.72732476513041,948640
2012-06-18,48.80060577392578,49.02299592882835,47.94004318095025,48.20111062544266,1648955
2012-06-19,49.16802978515625,49.64181941092881,48.78125694746662,48.83927571327896,1091244
2012-06-20,48.87796401977539,49.26473126436916,48.36549131434566,49.226053971877874,1288210
2012-06-21,48.85861587524414,50.686099235383075,48.68457092291059,50.54106366854454,1985060
2012-06-22,48.10441589355469,48.87795593511384,48.06573860746082,48.47184727128733,4729648
2012-06-25,46.91510009765625,47.82400781609541,46.828077622520404,47.814339914484364,2054052
2012-06-26,46.673377990722656,47.205183659365254,45.93851511745722,47.08915462264301,1809962
2012-06-27,47.45658493041992,47.68864583850386,47.069814856840395,47.40823689612282,1786477
2012-06-28,47.0794792175293,47.12782724818888,46.47031902461985,46.547673601547785,763224
2012-06-29,49.71918487548828,50.00926172717315,48.694245151450005,48.86829580671615,3151841
2012-07-02,50.46371078491211,50.54106536194511,49.73852156578508,50.221979151763605,821436
2012-07-03,50.879512786865234,51.12124454074127,50.14464961835917,50.270349448736155,408408
2012-07-05,50.0672721862793,50.338013217729646,49.59348248163958,49.79653683514767,667898
2012-07-06,47.78532409667969,48.90695390116401,47.7563203957509,48.69423169276564,1251327
2012-07-09,46.857093811035156,47.41790887019871,46.74106193390082,47.34055428544249,2043734
2012-07-10,50.83115768432617,51.53701131457239,50.280013255317535,50.39603947592551,7052507
2012-07-11,49.49679946899414,50.473388411474815,49.255067789272125,50.35736220388947,2272039
2012-07-12,48.8199348449707,49.84487435725647,48.578203238455224,49.84487435725647,3336102
2012-07-13,49.49679946899414,49.6031577726673,48.87796841382083,48.974658813581804,1472933
2012-07-16,49.30339431762695,49.58380318712456,49.02298544812935,49.545125905803594,1034649
2012-07-17,49.796539306640625,50.00926157317862,48.73292229363165,49.8448845017194,1230845
2012-07-18,52.76499557495117,53.00672155528854,50.04793988883173,50.19297547703415,2684836
2012-07-19,53.905941009521484,54.26370441283894,53.3161196172907,54.23469503410591,2339337
2012-07-20,53.635215759277344,54.31205973379714,53.248442904993446,53.963969845259655,1498266
2012-07-23,53.66422653198242,54.041331534662554,52.32020630718057,52.5522700503193,1536997
2012-07-24,52.7746696472168,53.113091739568226,52.436247554865375,52.65863775489979,2759757
2012-07-25,52.76499557495117,53.93497090499671,52.52326391429468,53.92530300184704,2183027
2012-07-26,55.2499885559082,55.39502414687311,54.15736211056794,54.48611626647148,1889580
2012-07-27,56.91307830810547,57.14514200139164,55.491703807600985,55.74310330183555,1511818
2012-07-30,56.845401763916016,57.24184255710924,56.11053895133854,56.11053895133854,2209438
2012-07-31,55.59806823730469,57.183825623262585,55.57873243421263,56.835730044741894,2476243
2012-08-01,54.660160064697266,56.02352185579124,54.60214696563078,55.984844562973876,1874950
2012-08-02,54.0123291015625,54.718182644099905,53.64489763444009,54.02199700535847,2058133
2012-08-03,56.19755172729492,56.62299611060354,55.50136639440636,55.65607550845205,2156924
2012-08-06,54.321720123291016,56.22655770619853,54.26370704332968,56.071854266195885,3008467
2012-08-07,55.93648910522461,56.303920479423,55.67542168684078,56.23623948964834,1412026
2012-08-08,55.60774230957031,55.75278357012852,54.46677643193644,54.82453995170371,1517901
2012-08-09,55.68510055541992,55.984845318560566,55.433700988873674,55.491719769042305,876106
2012-08-10,55.694766998291016,55.781789477067505,55.12428125491761,55.288658310455084,486101
2012-08-13,55.20163345336914,55.52071396836284,54.74717959471692,55.414355690137675,530607
2012-08-14,55.49170684814453,55.96549648083374,55.22096585780936,55.83012882582509,1136135
2012-08-15,55.63674545288086,55.965499547572215,55.20163308068241,55.53038717537376,945098
2012-08-16,55.82048416137695,56.03320647360333,55.03727592799059,55.22098884481149,767151
2012-08-17,56.13955307006836,56.14922097307855,55.59807665735051,55.97517599761907,562023
2012-08-20,56.04286575317383,56.32327471808236,55.704443686703236,55.89782447878966,654423
2012-08-21,56.56500244140625,57.16449194355276,56.14922013466727,56.90342448426176,1233848
2012-08-22,56.91307830810547,56.99043287253419,56.18788352682437,56.27491167204485,781473
2012-08-23,55.7140998840332,56.68102068226153,55.578732221951235,56.439294742943076,643104
2012-08-24,55.8591423034668,56.139551243873846,55.33700739407317,55.540061752276976,847770
2012-08-27,56.10086441040039,56.24590564744067,55.598065391920805,56.23623774638942,863940
2012-08-28,54.428096771240234,55.08560500579483,54.08000684956713,55.08560500579483,2645258
2012-08-29,55.104942321777344,55.453037933317646,54.71817510038461,55.14361961194849,937937
2012-08-30,53.99298095703125,54.901888768825245,53.93496786108817,54.8922208662212,1444058
2012-08-31,54.8922119140625,55.06625685382622,54.21536795706229,54.8245309265532,826133
2012-09-04,54.27339553833008,54.97924906724237,53.95430927666636,54.911568061657526,832524
2012-09-05,54.21538543701172,55.046938799827714,54.128362939072346,54.72785252050353,822052
2012-09-06,55.955841064453125,56.12021813946654,54.41843429004732,54.45711158301043,1092784
2012-09-07,54.94056701660156,55.153289279190126,54.0510006748386,54.85354453101165,2894045
2012-09-10,53.58687973022461,54.57313647639843,53.53852885493775,54.515123378500796,1666973
2012-09-11,53.722232818603516,54.254041179422764,53.48050122911136,53.673887636768576,964810
2012-09-12,53.780269622802734,54.65050032063605,53.5385379266846,54.55380991431678,973973
2012-09-13,54.302406311035156,54.54413798933541,53.52886607653827,53.90596544977163,1322475
2012-09-14,55.240299224853516,56.245902892882654,54.97923182734786,55.259640706326685,1253175
2012-09-17,55.44334411621094,55.80110749964681,55.17260886413782,55.64639839542409,870485
2012-09-18,54.53445816040039,55.21130791819869,54.32173589834455,55.21130791819869,1299298
2012-09-19,52.75532150268555,53.577206869174915,52.70697630706601,53.180771720839445,3381917
2012-09-20,52.735984802246094,53.06473894326669,52.387889175114246,52.83267519184545,2815505
2012-09-21,52.155826568603516,52.52325796957625,52.030126800927455,52.223513243628496,1918378
2012-09-24,50.65709686279297,51.45964065317516,50.61841957455493,51.208241119787075,2045274
2012-09-25,51.64336013793945,52.6006188844091,51.50799245189776,52.223519535944924,2774772
2012-09-26,50.91816329956055,51.1308855405387,50.11561952491774,50.889153913871326,2172016
2012-09-27,52.436241149902344,52.629621933156564,51.57567848739999,52.25252258942793,1871408
2012-09-28,51.90443420410156,52.233188361953076,51.614357340133715,51.91410210749266,2119964
2012-10-01,51.624019622802734,52.69730447065856,51.34361069275636,52.049464128882214,1310001
2012-10-02,52.165496826171875,53.09374611273312,51.69170712055863,52.67796950239052,1757140
2012-10-03,53.132415771484375,53.27745702481261,52.66829398540737,53.026057487340964,1886808
2012-10-04,53.809261322021484,54.01231565277491,53.38381685773723,53.99297416967939,1498420
2012-10-05,54.254058837890625,55.03726694342203,54.031662976620645,54.88255776694193,2326632
2012-10-08,53.1904411315918,53.760926952774824,52.977718856644735,53.722249659119065,1343111
2012-10-09,52.51359558105469,52.91003072981644,52.02046436063082,52.8810213402859,1849001
2012-10-10,51.662696838378906,52.18483740805023,51.53699706720304,51.86575118878894,1011395
2012-10-11,51.28559112548828,52.155821512808274,51.09220470153341,51.53699063647064,1791944
2012-10-12,51.23725891113281,52.049470736732154,51.12122702738451,51.575680978492485,3357508
2012-10-15,51.06321716308594,51.15990756551335,50.17364501160269,50.72478939395052,1904441
2012-10-16,51.817386627197266,52.32018552395148,51.69168690300871,52.16547642331433,2953489
2012-10-17,48.42349624633789,50.898813856357116,47.118147938585345,50.7827876923805,18503870
2012-10-18,49.641822814941406,50.44437224794104,48.70390571962694,48.70390571962694,13391840
2012-10-19,50.45405197143555,50.81180985426001,50.028601721115294,50.163975095467855,8227373
2012-10-22,51.54667663574219,52.19451712321078,51.28560913198018,52.00113063135748,5877487
2012-10-23,51.101890563964844,51.343616551603496,50.46371805170478,50.76346282063214,4052048
2012-10-24,52.09782409667969,52.61029117391152,51.71105113242959,52.59095536585883,5489638
2012-10-25,52.532928466796875,52.81333740248617,52.097816049622764,52.648960338149564,5069603
2012-10-26,52.55227279663086,53.20010750619027,52.32020904136479,52.68764048037654,4113186
2012-10-31,53.16141891479492,53.82859496898541,52.755310269552574,53.82859496898541,3339798
2012-11-01,54.428096771240234,54.57313234516451,53.403157130298155,53.625547282442795,3074841
2012-11-02,54.4377555847168,55.27897654185879,54.312055836174686,55.22096345803844,3710091
2012-11-05,54.69883346557617,54.83420682096438,53.857612347211685,53.915625442150414,1177638
2012-11-06,55.59806823730469,55.63674552380699,54.83420176944111,54.90188276058149,1232385
2012-11-07,53.98331832885742,54.27339519755233,53.50952857146079,53.925305227246184,2290057
2012-11-08,53.035736083984375,54.18637571922245,53.035736083984375,54.0123307243877,1744974
2012-11-09,53.5482177734375,53.95432093565964,52.86169990339421,52.919713017905764,2095786
2012-11-12,53.41282653808594,53.74158066463009,53.24844947481386,53.66422608422926,604450
2012-11-13,52.98737716674805,53.63521745795275,52.71664184049291,52.83266802013471,1736427
2012-11-14,53.30645751953125,54.22503303632142,53.16141629039723,54.157346372016534,3376527
2012-11-15,51.7690544128418,53.00671048681588,51.585335889765204,52.822997644057224,2303840
2012-11-16,53.09374237060547,53.20010065115845,52.146157345847485,53.00671421335529,2164855
2012-11-19,53.56753921508789,53.84794816736739,53.18077196801488,53.37415275139183,913528
2012-11-20,53.770599365234375,54.176708142515935,53.374158492097685,54.041340443528654,1719641
2012-11-21,53.20977783203125,53.7125826580018,53.01639704082344,53.59655077508552,1287902
2012-11-23,55.6270866394043,56.129885765119674,54.669833583858626,54.93090104982951,1444520
2012-11-26,55.955841064453125,56.37161770356715,55.41436464328879,56.34260831376504,1537536
2012-11-27,56.710044860839844,57.19350822623233,56.26525879189154,56.555335675063105,1878800
2012-11-28,57.29018020629883,57.29984810722138,56.0138411946696,56.30391798457089,1248324
2012-11-29,54.985435485839844,55.81294820367663,54.51005626812858,55.12628821425127,3158400
2012-11-30,55.08226776123047,55.53123810426485,54.67731662067709,55.214318652286146,2942400
2012-12-03,55.029449462890625,55.64568138806238,54.94141776994916,55.47841982819606,3635300
2012-12-04,54.06989288330078,54.527665105520825,53.61212401927479,54.33399469633876,4463300
2012-12-05,54.74774932861328,54.818177376356175,54.03468381528436,54.05229082722008,2156300
2012-12-06,55.064666748046875,55.21432466475296,54.61569971431668,54.862191155721966,2015600
2012-12-07,55.90098571777344,55.91859273043164,55.064671086577334,55.14390096444211,1720300
2012-12-10,56.00661849975586,56.1914904339765,55.57525848902688,55.57525848902688,1577300
2012-12-11,56.23550033569336,56.66686365900526,56.20028631783247,56.46438473540196,1059900
2012-12-12,55.760128021240234,56.15627737537209,55.5400454198552,55.83055270742257,1953900
2012-12-13,55.196712493896484,55.87456725259167,55.13508963930544,55.812944398000624,2274500
2012-12-14,56.024227142333984,56.15627804802434,54.95022296008828,54.95022296008828,3746900
2012-12-17,55.98900604248047,56.341139507680914,55.75131981539281,56.341139507680914,2016600
2012-12-18,56.3675537109375,56.420371385012665,56.05943941818593,56.16507812453019,2380000
2012-12-19,56.473182678222656,56.97497061472573,56.12104926114995,56.860523392254976,2832900
2012-12-20,56.93977355957031,57.19507019507255,56.54362754512205,56.80772264929146,1146900
2012-12-21,55.84815979003906,56.09465458747789,55.4167997713606,55.98901252077811,2110400
2012-12-24,55.69852066040039,56.0682579216787,55.59288192263444,55.97142437100695,350500
2012-12-26,55.48721694946289,56.217892700059764,55.10867465716222,56.173876857321126,841400
2012-12-27,55.96260452270508,56.226702977028324,55.073472276238185,56.173885301080105,1147500
2012-12-28,55.57526397705078,55.96260817814635,55.41680422246753,55.8041484235631,769000
2012-12-31,56.68448257446289,56.79892312603841,55.54005355134629,55.610478247839346,1710600
2013-01-02,58.7884635925293,58.7884635925293,57.90813318421616,58.08420329571159,1824000
2013-01-03,57.555999755859375,58.35710365237966,57.27429429347172,58.09300184297147,1725400
2013-01-04,56.9661750793457,57.265490885280954,56.64925562194952,56.904552224651304,3170800
2013-01-07,56.04183578491211,56.22670437170456,55.54004770179311,55.768932139032216,2066100
2013-01-08,55.58406448364258,55.962606848576385,55.28475199411804,55.812952282911205,1182400
2013-01-09,55.90098571777344,56.16508419125792,55.716117122153726,55.83055766714062,879100
2013-01-10,56.93096923828125,56.94857960865937,56.28832840544181,56.83413235036675,1648300
2013-01-11,57.59120559692383,57.89052138615881,57.16865082156357,57.42394741002112,1518000
2013-01-14,56.69327926635742,57.45916241807223,56.56122836269999,57.397539558550484,1477000
2013-01-15,55.5312385559082,55.70730193448951,55.214319101351954,55.284743781145735,1561300
2013-01-16,56.18268966674805,56.33234759115097,55.58406468552475,55.61047352469237,1615100
2013-01-17,60.17058181762695,61.288605192766894,57.547200972813066,57.64403785464055,8003800
2013-01-18,60.89244842529297,61.024499320480025,60.249811033843486,60.69877467453695,2758200
2013-01-22,61.552703857421875,61.658345930017376,61.04211058112617,61.41185447701624,1369100
2013-01-23,60.95408248901367,61.14775627538216,60.311444979396896,60.9628876746819,1824800
2013-01-24,62.670745849609375,62.76758276572436,61.931264555312175,62.05451031829665,2386500
2013-01-25,65.1796646118164,65.35572800793501,63.84155862231804,63.991219897045696,3443000
2013-01-28,66.43852233886719,67.29244372124467,65.76066431277131,67.08996481677296,3454400
2013-01-29,66.26248168945312,66.29769571962322,65.6638566093405,65.76949869985079,1665900
2013-01-30,66.21846008300781,66.88751313145586,66.04238995636959,66.52657440913896,1658400
2013-01-31,66.10401153564453,66.81708378097757,65.75188472199534,66.6322151888952,1844600
2013-02-01,68.85063934326172,68.92987257128311,67.54775412066631,68.34885128708588,3894800
2013-02-04,67.2836685180664,68.36647811918614,67.09879989668295,67.75024266485175,1302300
2013-02-05,67.34529113769531,67.8734881562817,66.8346977759597,66.89632064952163,4528800
2013-02-06,66.89630889892578,67.43331100980579,66.34170313428716,66.7994720122826,1089800
2013-02-07,66.28008270263672,66.36811440743534,65.53180313726561,66.29768635704102,1396400
2013-02-08,65.83110809326172,66.41212939750784,65.65504469485339,65.91034132401715,1612900
2013-02-11,65.94552612304688,66.10397908156266,65.57578240402125,65.91911058024243,645600
2013-02-12,65.98956298828125,66.42092298414924,65.75187674626066,65.90153129554724,771400
2013-02-13,65.37333679199219,66.00717574886863,65.10923498783104,65.3029087486975,1644300
2013-02-14,65.89274597167969,65.96317403364924,64.64267809547373,64.80113787671037,939600
2013-02-15,63.94722366333008,65.05644226325872,63.83278308637817,65.0212282281065,1554000
2013-02-19,65.1092300415039,65.18846326328809,64.5282155194319,64.99478951713496,1050900
2013-02-20,63.515846252441406,65.47018101657632,63.50704106694487,65.15326150258748,1005900
2013-02-21,62.168949127197266,62.47706349261739,61.940061291575404,62.433044276247614,1237700
2013-02-22,63.075679779052734,63.23413953296214,62.063298391097554,62.36260752826615,1217700
2013-02-25,61.385433197021484,64.22889623178696,61.33260881323543,64.0440276795033,1522300
2013-02-26,62.987640380859375,63.33096868632654,62.00166795293017,62.186536523844204,1599900
2013-02-27,63.198917388916016,63.23413140930401,62.195341315214876,62.21294496721505,1356600
2013-02-28,62.485862731933594,63.234142324274515,62.477057546219804,62.732354200809304,1357900
2013-03-01,63.05807113647461,63.278153760914,61.53510313653169,61.90484033365658,2732100
2013-03-04,62.50347137451172,62.75876804947292,61.76399690887733,62.732359206613026,1286500
2013-03-05,63.63029098510742,64.10567028736982,62.90842020383246,63.014062287576024,1644300
2013-03-06,63.41900634765625,64.47540019982979,63.33097464603984,64.39617368329152,1582000
2013-03-07,62.362613677978516,63.42781956653808,62.28338715140536,63.35739150976917,1399900
2013-03-08,61.385433197021484,61.94884403723467,61.11252624389006,61.8696108197491,2322000
2013-03-11,61.60552978515625,62.098512703427915,60.97169076658494,61.059722471077954,1121500
2013-03-12,61.14775848388672,61.97527134048021,60.94528622092598,61.97527134048021,1690700
2013-03-13,61.350223541259766,61.98406246065506,61.01569371358587,61.46466406755545,1676700
2013-03-14,63.20771789550781,63.26053556398729,62.397808919295414,62.397808919295414,1576200
2013-03-15,62.34500503540039,63.29576357656806,61.552706251093994,63.278153205589796,3375000
2013-03-18,61.4206428527832,62.151318622959444,61.13013895456248,61.57030411013073,960900
2013-03-19,61.28861618041992,61.834416830692156,60.49631733087567,61.42066039168631,1220500
2013-03-20,61.596717834472656,61.78158640851997,61.35022640240958,61.48227058645209,1173600
2013-03-21,60.93648910522461,61.649554787600586,60.88367141509006,61.13016292423781,1206100
2013-03-22,60.1441650390625,60.50510368119769,59.80083676387332,60.32022841020005,2700200
2013-03-25,60.46107864379883,61.06850863344506,60.00330989319822,60.35543660148187,1240100
2013-03-26,58.946922302246094,59.704006977446355,58.2778693230577,59.50152803186996,2013900
2013-03-27,58.3306884765625,58.38350614614982,57.159847547203576,57.33591092341948,3850400
2013-03-28,59.85366439819336,60.02092933009634,58.66521965415881,58.7092388624664,2376400
2013-04-01,59.05255889892578,60.258607127020824,58.88529399052072,59.765624301895095,1395800
2013-04-02,58.841285705566406,59.466326253030445,58.515567728413366,58.52437291374922,1308100
2013-04-03,58.313087463378906,59.395896878328315,58.048992356690334,59.22863194262037,2014400
2013-04-04,58.17223358154297,58.198642418529396,57.27429282567749,57.591212302290266,2196200
2013-04-05,58.72682189941406,58.79724992142657,57.32710022294117,57.72324609308629,1459700
2013-04-08,59.02615737915039,59.03495584755567,57.93454282196665,58.6652186828909,2124700
2013-04-09,59.06135940551758,59.43110325351569,58.64760978665093,58.894101207724674,1689000
2013-04-10,60.4434928894043,60.954079454130735,59.32546943881179,59.38709230264369,1842800
2013-04-11,61.024505615234375,61.799193981780995,60.70758612064979,60.92766872986751,1677700
2013-04-12,60.83963394165039,61.05091135518769,60.02092640825698,60.86604277879407,1383500
2013-04-15,58.515560150146484,60.26741568734482,58.4539372935532,60.064943465561605,1339400
2013-04-16,59.66878890991211,60.10014889259335,59.08777438251926,59.642380074537996,1621500
2013-04-17,61.16535186767578,63.46300775914559,60.22339872043693,63.46300775914559,5779200
2013-04-18,62.86439514160156,63.471818531652104,62.609098527538926,63.38378683765512,3104500
2013-04-19,63.37499237060547,63.94720855293417,62.81158137408182,63.6566978688673,2394200
2013-04-22,62.714717864990234,63.084461631615746,62.15130710756262,62.95241076613421,1054700
2013-04-23,63.80635452270508,64.29933742972179,63.16371033343969,63.66549842562123,1660500
2013-04-24,64.73950958251953,65.03881874625174,64.16729338059663,64.46660926071793,1173200
2013-04-25,65.83991241455078,66.7378464808771,65.69025785622773,66.13922153119687,1375300
2013-04-26,65.51641845703125,65.8363580967766,64.87653917754052,65.56085037453329,1687000
2013-04-29,66.2629623413086,66.75176106313785,65.87193014424084,66.04967143559931,761200
2013-04-30,66.09407043457031,66.34291080510924,65.4808518211768,66.12073093421498,888600
2013-05-01,65.78303527832031,66.20962375704099,65.5430839205607,65.76526386605413,1569600
2013-05-02,67.45384216308594,67.72934316398111,66.34294228154761,66.57401135541812,1372900
2013-05-03,68.87579345703125,69.1957331690697,68.36922337636952,68.4136620843062,1810900
2013-05-06,67.73821258544922,68.59138263300076,67.69377389093799,68.21812200852061,888300
2013-05-07,68.45808410644531,68.59139343057156,67.88930398520763,68.59139343057156,674700
2013-05-08,68.09371185302734,68.8491223084896,67.75599399782756,68.60028185543322,1458900
2013-05-09,67.91596221923828,68.8224601686202,67.78265289957697,68.27145147820386,1237000
2013-05-10,69.59564208984375,69.6845194899722,68.46697098038521,68.87578125548019,1472800
2013-05-13,68.92021942138672,69.3556902009877,68.72469999124934,69.17794218250206,1759200
2013-05-14,68.99129486083984,69.20459243050288,68.66247297329521,68.91131335751015,675300
2013-05-15,69.7911376953125,69.85334778592815,68.94685692547279,68.94685692547279,1928200
2013-05-16,69.06242370605469,70.07556386562362,68.95577487542828,69.75562415413924,951500
2013-05-17,70.18218994140625,70.1910790361751,69.21348202338183,69.26680981160224,738200
2013-05-20,71.08869171142578,71.14201950769913,70.63544951566118,70.74209154742053,1122100
2013-05-21,71.69300842285156,71.87963872499138,71.31085872407218,71.65745882524506,1072500
2013-05-22,71.1686782836914,72.11960813263481,70.78652852493508,71.4619574246798,2192300
2013-05-23,71.15091705322266,71.55084509910559,70.74210668972098,70.87541603834862,1495500
2013-05-24,72.25291442871094,72.59951456979063,71.13312570654945,71.14201480207265,2015300
2013-05-28,74.72354888916016,75.16790870874785,73.8614897542972,73.92369985782376,1875900
2013-05-29,73.90591430664062,74.54578662887849,73.76371593699346,74.19030426554349,1252300
2013-05-30,74.30586242675781,74.78577192857081,74.05702196960898,74.59914158570919,889200
2013-05-31,72.22624969482422,75.14125611367807,72.17292868058689,74.50137682125633,9219500
2013-06-03,72.60840606689453,74.19921534705962,72.48398583540848,73.35493423620501,9078500
2013-06-04,70.91983032226562,72.29734170259722,70.87539162789666,72.1462609903712,4085700
2013-06-05,69.2135009765625,70.98205839826208,68.90245037840249,70.98205839826208,3580400
2013-06-06,70.70652770996094,71.10645558973302,69.5778568252189,70.42213771519499,4877600
2013-06-07,71.62191009521484,71.77299758197077,70.66209806978249,70.88427797222015,1357200
2013-06-10,71.69300842285156,72.07515812163095,71.44416801999847,71.74633620945755,781900
2013-06-11,70.57322692871094,71.30197673195413,70.06665024582493,70.88427743368196,1445800
2013-06-12,69.92447662353516,71.22200676406155,69.83560599645142,71.13313613697781,599100
2013-06-13,71.25755310058594,71.45307253943326,69.66674386133911,69.80005318604356,1435600
2013-06-14,70.8931655883789,71.54193393538954,70.87539417822752,71.18644470882452,676900
2013-06-17,70.44879913330078,71.56858771866581,69.91556873373395,71.49748852395227,1387900
2013-06-18,71.40862274169922,71.4974933508948,70.69765108774176,70.9376024106091,567500
2013-06-19,71.1686782836914,72.72393782600777,71.13312868050552,72.36844857454247,784300
2013-06-20,68.4936294555664,69.7556098473719,68.13814020678352,69.70228883319217,880500
2013-06-21,67.91596221923828,68.39587170178277,67.62268307206215,67.96929001533898,803000
2013-06-24,66.218505859375,66.68063711381775,65.66749721180703,65.72081822336766,1024300
2013-06-25,67.32050323486328,67.61378230199236,65.87189286692212,66.48510472136535,1064900
2013-06-26,68.28032684326172,68.58248824536258,67.79152836293115,68.28920915716425,654400
2013-06-27,69.36458587646484,69.69340787616427,69.14240591757853,69.25793705525749,572400
2013-06-28,70.30663299560547,70.95539473632695,69.58677203441195,70.28885480029003,1582500
2013-07-01,69.67564392089844,70.97317420603467,69.48012445128703,70.83986486035461,1265500
2013-07-02,69.83558654785156,70.324378250885,69.45343685546203,69.65783856279111,503500
2013-07-03,70.81318664550781,71.06202707902844,69.53342809552366,69.70228700986694,426600
2013-07-05,72.96390533447266,73.19497441616893,71.71969606893235,72.1818342323249,1093200
2013-07-08,72.45732116699219,73.98592024367649,72.29735133849282,73.96814883179597,1402600
2013-07-09,72.99054718017578,73.07942457529415,72.0218459530037,72.31512508395046,1221600
2013-07-10,74.51914978027344,74.67911960670139,73.3904786796494,73.4171391873218,824100
2013-07-11,77.62078094482422,77.67410874133994,76.60764095614361,76.88314869369269,1250600
2013-07-12,77.4519271850586,78.02070727981067,76.94535720128272,77.99404677230565,908700
2013-07-15,77.24752807617188,78.20734714570932,76.49211755641151,78.1451370271501,1235800
2013-07-16,77.97628021240234,78.25178798530433,77.21198057474186,77.61190858815652,1583600
2013-07-17,79.06939697265625,80.72241624444928,78.08291751108966,80.66020613337722,1890800
2013-07-18,79.16716003417969,79.47821060269015,77.94072239206146,78.52728070444736,2103200
2013-07-19,79.14048767089844,79.2382473749858,78.23398982943245,78.5805899510539,1182700
2013-07-22,78.78500366210938,79.06050460253434,78.37619340908117,78.68724395155988,867000
2013-07-23,78.71390533447266,79.09605508531406,78.00292684626754,78.04736554442788,1306700
2013-07-24,78.57170867919922,79.3360013516004,78.46505987867226,79.00717941566327,1081200
2013-07-25,79.69149017333984,79.70037926843742,78.97162941947336,79.19380933416232,1040400
2013-07-26,79.25602722167969,79.34489784020343,78.70501853820282,79.0071867776558,820700
2013-07-29,79.48709106445312,80.19806274661732,78.75834119150879,79.84257351533866,697500
2013-07-30,80.06477355957031,80.36694185523703,79.63819179914002,80.07366265719443,793800
2013-07-31,79.94035339355469,80.5446832050916,79.43378331479543,79.540432145206,490800
2013-08-01,81.04236602783203,81.18455767931935,79.8337064784148,80.50912868866986,1398800
2013-08-02,81.70000457763672,81.75332559140244,80.39358549722891,80.75796383901053,923600
2013-08-05,81.77997589111328,81.78886498576256,80.79350335760432,81.00679416643929,534800
2013-08-06,81.81555938720703,82.0466284810773,81.34453888152962,81.7800097742735,1258500
2013-08-07,81.31784057617188,81.39782208280607,80.6068622087042,81.07788927587707,349300
2013-08-08,81.65556335449219,81.91329288038007,81.23787079225306,81.64668103940147,512800
2013-08-09,81.3000717163086,81.5222516155569,80.98901443304703,81.06011362810068,1005000
2013-08-12,81.2289810180664,81.40672224390038,80.70463287518787,80.74018247643329,330500
2013-08-13,81.81555938720703,82.00218976981155,80.90906798878572,81.11346978765933,645500
2013-08-14,82.64205169677734,83.09530068996015,82.39321123946723,82.52652056456735,652100
2013-08-15,80.92681884765625,81.76221758839408,80.74018851246042,81.2112088984871,832900
2013-08-16,81.2289810180664,81.54003155347242,80.793510268498,80.98014058974161,740900
2013-08-19,80.67799377441406,81.5222817721103,80.49136340365466,81.39785474454243,287100
2013-08-20,80.25141143798828,81.02459342845218,80.1536517044178,80.51802334558467,481200
2013-08-21,80.18031311035156,80.82907486175209,79.82482378253465,80.69577229666635,451200
2013-08-22,80.69575500488281,81.9132967077331,79.72704696366992,81.23787458804736,773800
2013-08-23,80.72239685058594,81.26451630842197,80.63352625331929,81.15786752346683,849400
2013-08-26,80.4913558959961,81.15789577813597,80.41137436472857,80.9890368382677,621900
2013-08-27,78.13624572753906,79.37156574724605,77.7452136135014,79.14050347362195,834600
2013-08-28,78.45618438720703,78.80278457352615,77.28307449957444,77.54969315692489,1181200
2013-08-29,78.13624572753906,78.68725446238449,77.43415624907922,77.46970585588159,1204000
2013-08-30,77.37193298339844,78.19844255500935,77.16753125451436,77.93183071989189,1467700
2013-09-03,78.553955078125,78.696153523339,77.87852602414857,78.19846574548504,1217700
2013-09-04,79.62926483154297,79.94920438990671,77.92292504053079,78.07400572631599,1536300
2013-09-05,79.74482727050781,79.95811811499225,79.08716976439077,79.40710942131427,1308100
2013-09-06,78.89165496826172,80.1269817486685,78.87388355534097,79.90480179499149,923000
2013-09-09,79.48709106445312,80.01143242578448,78.73167390533855,79.15826233895157,597000
2013-09-10,80.31360626220703,80.39358778513181,79.62928825756933,79.7359370685293,599800
2013-09-11,79.47821044921875,79.60263067638267,78.99830095284621,79.38045073067653,525000
2013-09-12,82.3576431274414,83.54853090889826,81.39782433887481,81.65555383471542,1236200
2013-09-13,82.59760284423828,82.63315244233752,81.62889494211375,82.13546484934083,565400
2013-09-16,82.47318267822266,83.219703897465,82.44651539434182,83.18415429934976,354800
2013-09-17,82.57096099853516,82.63317111416771,81.77999412778699,81.95774215844718,684600
2013-09-18,84.20618438720703,84.36615419076783,82.38430644556423,82.84644444713659,714900
2013-09-19,84.99716186523438,85.66370172100339,84.55280196138835,85.64593030822293,615700
2013-09-20,86.62350463867188,86.97010475681279,86.001396820691,86.16136662755548,952000
2013-09-23,85.21044921875,86.57907847999765,85.13935679015574,86.41022633414327,456200
2013-09-24,86.59683990478516,87.08563161604766,85.77921272052664,86.16136241934984,736700
2013-09-25,86.9256820678711,87.42336976997196,86.35690193437927,86.69461980016094,552000
2013-09-26,86.80125427246094,86.8634643822525,86.1702640787484,86.47243231230273,441500
2013-09-27,87.49444580078125,87.52111308549743,86.50796645845789,86.91678345939297,737200
2013-09-30,87.76995849609375,88.42760916828244,87.50333987689643,87.7166307040184,673700
2013-10-01,89.68072509765625,89.7162679256145,88.25876788512436,88.32097800464304,537700
2013-10-02,89.4585189819336,89.58293918460282,88.00990168166804,88.62312038081812,417400
2013-10-03,89.36078643798828,90.51611821106013,88.7564566497803,90.4094761651611,1604200
2013-10-04,89.72515106201172,89.78736117739754,88.8453203500139,88.95196238759301,729100
2013-10-07,88.39208221435547,88.72979334219113,87.88551213240456,87.92106174276539,1070600
2013-10-08,86.58795928955078,88.96972831955885,86.45464998055468,88.83641901056275,963900
2013-10-09,85.39706420898438,85.80588119699367,83.62851408072241,85.27264400581375,1256500
2013-10-10,86.8367919921875,86.93455169139551,85.80588077380199,85.94807238512749,1060400
2013-10-11,86.9878921508789,87.13897967096456,86.58797095042597,86.69461976806397,817700
2013-10-14,86.26801300048828,86.5524030068758,85.8414246007107,86.29467350415077,1105700
2013-10-15,84.56169891357422,86.65018929958792,84.34840803842421,86.4813303507137,1899600
2013-10-16,84.41060638427734,85.63703722079663,83.50410842565523,84.41060638427734,2244400
2013-10-17,83.39744567871094,83.4952053790991,82.28654615647496,82.46429414826827,1599200
2013-10-18,82.50874328613281,82.58873159423698,81.06902154419797,82.09993299025045,2663800
2013-10-21,82.77534484863281,83.14860546166763,81.80664371760541,81.80664371760541,1394400
2013-10-22,83.63741302490234,84.02845186971362,83.3441338912939,83.63741302490234,1774700
2013-10-23,82.93531799316406,84.01955705790844,82.69536666951397,84.01955705790844,1399800
2013-10-24,83.61962890625,84.0551064181553,83.3707884882429,83.82403740983747,622500
2013-10-25,83.81513977050781,83.9573381550975,83.04195809057587,83.93955996682772,599900
2013-10-28,83.83293914794922,84.09066869986628,83.3885792543806,83.50411038576665,536500
2013-10-29,83.71741485595703,84.35729429165933,83.49523487302679,84.08179328255223,1004000
2013-10-30,84.10842895507812,84.34838706279481,83.02418987373426,84.17952815591218,698600
2013-10-31,84.16175079345703,84.47280810506783,83.59297074197514,84.17063988874698,472800
2013-11-01,82.33988189697266,83.85959177652491,82.10881287551994,83.50410253899611,762300
2013-11-04,81.55779266357422,82.126579431273,81.38005146018804,81.92217094502585,1016300
2013-11-05,80.44691467285156,80.91794187034681,79.78037481158148,80.03810437158654,792500
2013-11-06,80.46469116210938,80.98015027120321,80.1625229055946,80.50912308368329,884800
2013-11-07,77.58524322509766,79.28269456045783,77.54969361854637,78.98053307536317,1502200
2013-11-08,77.64745330810547,78.03848541921326,76.73206619569012,77.01646304797818,1012900
2013-11-11,77.65633392333984,78.26066366042551,77.51414228070475,77.90518116364076,1508700
2013-11-12,77.26529693603516,77.45192726916646,76.52765791909225,77.03422790341821,1965600
2013-11-13,77.9229507446289,78.04737097165768,76.9542426565976,77.02534186644085,2201500
2013-11-14,79.00718688964844,79.16715671537534,78.1006889503981,78.74056825330574,3110800
2013-11-15,79.92255401611328,79.92255401611328,78.56281411098728,79.13159411338779,1255900
2013-11-18,78.9716567993164,79.83371625205245,78.83834744820547,79.4871160074012,969900
2013-11-19,79.20270538330078,80.02921500972741,78.67835721279248,79.92256620037143,1573500
2013-11-20,78.50059509277344,79.70925415567406,78.46504549911263,79.47818518707467,911600
2013-11-21,79.9136734008789,80.14474242024448,79.36267152905978,79.45154214254094,1385700
2013-11-22,81.51337432861328,81.62001635624883,80.50911669908912,80.66020420556184,1235300
2013-11-25,81.83332061767578,82.1976922090088,81.43339264038563,81.88664163582355,760800
2013-11-26,82.43765258789062,82.64205434993154,81.70001350833012,82.23324404545556,1075600
2013-11-27,83.1752700805664,83.39744999651671,82.82866995411537,83.22859787106168,601600
2013-11-29,82.98863983154297,83.61962997970203,82.89976922116998,83.5485375596394,424000
2013-12-02,83.30860137939453,83.61076967066265,83.02421128311587,83.17529203855256,381100
2013-12-03,83.34414672851562,83.74407473059765,82.99754652828116,83.19306598080202,566100
2013-12-04,81.3000717163086,82.67758302341257,80.82904463437256,81.88662312452003,872000
2013-12-05,80.99791717529297,81.94884703308716,80.76684814263082,81.708895684841,757300
2013-12-06,81.27342987060547,81.82443863414251,80.71353879020097,80.82906993302885,541300
2013-12-09,81.58448028564453,82.51763200664737,81.46006005617748,82.12659990563408,871000
2013-12-10,80.90904235839844,81.7977620590218,80.78462214274262,81.59335354450542,672800
2013-12-11,80.96237182617188,81.7444495838499,80.8823902993515,81.6555721801909,820500
2013-12-12,79.42489624023438,80.5624565748979,79.33601883001832,80.46469684797577,1969600
2013-12-13,78.29621887207031,79.45155741052315,78.0473783943468,79.39822960787205,1036800
2013-12-16,78.40286254882812,79.38934207816739,78.18068259682187,78.84722245284061,1298100
2013-12-17,78.12736511230469,78.59838554700238,77.99405577899162,78.5361754288422,607400
2013-12-18,79.78926849365234,79.96701653510917,78.687257758198,79.07829666900852,874100
2013-12-19,80.73130798339844,80.94460562945143,79.93146554207998,80.3669363704147,721000
2013-12-20,81.3000717163086,81.5666835271711,81.08677413114768,81.27340443286916,732300
2013-12-23,81.97550201416016,82.34876943572512,81.47782115926437,82.26878113810652,495500
2013-12-24,82.33988189697266,82.51762312554044,81.73555222729165,81.73555222729165,135800
2013-12-26,83.0686264038086,83.24636762086715,82.2687773662595,82.56205647675964,273500
2013-12-27,83.60186004638672,84.27728890185838,83.4507793280449,84.23285020569053,925000
2013-12-30,83.04197692871094,83.79738737213067,83.03308783255954,83.77072686407018,664100
2013-12-31,83.27304077148438,83.51299890938628,82.94421879195087,83.02420031765561,240300
2014-01-02,82.0821533203125,82.49096357506964,81.77998509177432,82.31322234444248,647100
2014-01-03,81.79776000976562,82.26878035443276,81.68222889252053,82.08215003562464,1084100
2014-01-06,80.1180648803711,80.95345660595358,79.97586650471942,80.92679610561682,745100
2014-01-07,79.4426498413086,79.62928015620585,78.92719081136781,79.06938921151405,840200
2014-01-08,79.65594482421875,79.74482221915164,79.06050424837069,79.34489428313344,785000
2014-01-09,80.10920715332031,80.66021590412879,79.68262542012195,80.66021590412879,824000
2014-01-10,80.93572998046875,80.93572998046875,80.0558990805918,80.23364036810788,759800
2014-01-13,80.3047103881836,80.66908192918707,80.02920945861561,80.05586996400696,1158100
2014-01-14,81.04236602783203,81.23788548147223,80.10031836760145,80.16252848645111,1124600
2014-01-15,79.48709106445312,80.65131168600743,79.18492284472867,80.24250144317458,1521800
2014-01-16,75.7366943359375,77.02533519587664,75.39897650862606,76.93646458146587,2774700
2014-01-17,75.0079574584961,75.07905667451342,74.01258877543671,74.37696717222973,3130400
2014-01-21,77.4519271850586,77.56745831104482,75.43452956552775,75.80779701177858,3920300
2014-01-22,81.1312255859375,82.01994532273551,80.11808562841925,81.25564580665774,3541200
2014-01-23,78.553955078125,80.13587548895802,77.56747540073675,80.13587548895802,2320300
2014-01-24,77.84294891357422,80.064747982194,77.7451959925162,80.0203160690572,2351400
2014-01-27,77.8696060180664,78.66056584066179,77.36303616786047,78.59835574608884,1931700
2014-01-28,76.8209228515625,78.29619383214268,76.74093456336416,78.1006744392049,1367900
2014-01-29,76.11885833740234,77.06978832853352,75.85223966383884,76.07441963167692,1255500
2014-01-30,75.74559783935547,77.62967963265764,75.56784979633056,77.50525939273749,1619700
2014-01-31,75.21234893798828,75.66559790258914,74.43916710587366,74.4747167090182,828300
2014-02-03,75.15013122558594,76.1988206808895,74.59024028858215,75.94998026444337,1136900
2014-02-04,74.73246765136719,75.38123628774834,74.58138686631818,74.94576535067928,1074500
2014-02-05,75.68338775634766,75.97666016179149,74.82132839334098,75.3367807673785,854400
2014-02-06,77.1764144897461,77.37193390606632,76.59875211657307,76.63430171775794,568400
2014-02-07,77.81629943847656,77.8607381383043,76.77649895428637,77.03422849642126,761400
2014-02-10,77.79852294921875,77.90517175360864,77.36305219698141,77.69187414482884,299000
2014-02-11,79.63819122314453,79.63819122314453,78.13625241408772,78.14514151164755,375000
2014-02-12,78.1451416015625,79.00720099519897,78.08293147936166,78.80279243345633,1205000
2014-02-13,78.62506103515625,78.74948129517787,77.78966204895768,77.89631089200292,1823900
2014-02-14,79.25602722167969,79.28268772919745,78.74056814169103,79.11382880772686,1176200
2014-02-18,79.70040130615234,79.96701998965817,79.13162110970838,79.94035269699177,3076900
2014-02-19,78.38509368896484,79.5404322891212,78.35843317641267,79.50488267892001,1898900
2014-02-20,78.98942565917969,79.14939551925711,78.29622519230915,79.03386436824371,1397400
2014-02-21,79.01607513427734,79.70927544482724,78.69613548627069,79.65594764989713,605000
2014-02-24,79.39823913574219,80.18031705145992,79.38935681789653,79.44267784655172,490800
2014-02-25,76.98978424072266,78.59837148897294,76.93646322909211,78.50061178072154,1349600
2014-02-26,76.35879516601562,77.3985955900268,75.94998491675636,77.04311313355316,1408100
2014-02-27,76.4476547241211,76.76759431299165,75.55893515067895,76.66095230362963,1547100
2014-02-28,76.55430603027344,77.55855674033234,76.11883532348236,77.35415502874146,1534500
2014-03-03,76.42988586425781,76.58096656948598,75.38119646141625,75.55005535572566,4305500
2014-03-04,79.43377685546875,79.4782155596249,78.46507548449202,78.80278658273822,3451000
2014-03-05,79.8692398071289,79.87812212201527,79.2649101555971,79.34489167193261,926400
2014-03-06,81.34451293945312,81.57558195963178,80.26027382214549,80.27805201314018,1347800
2014-03-07,80.98904418945312,81.18456365749076,80.57135152093038,81.13124263180592,1267400
2014-03-10,80.58910369873047,80.85572232430039,80.0292127215056,80.62465330083268,1500400
2014-03-11,80.25141143798828,81.0334825261572,79.82482289328121,80.18031221713795,1096700
2014-03-12,80.8201904296875,80.83796184443563,79.87814271856205,80.09144037790826,1046900
2014-03-13,79.83369445800781,81.38895397547134,79.49597662333538,81.23787324964073,1543000
2014-03-14,79.52264404296875,80.19806615265112,79.18492620773415,79.18492620773415,2437500
2014-03-17,80.5446548461914,80.80238434364374,80.34025313536564,80.3669136384827,1192000
2014-03-18,81.51337432861328,81.53114573975473,80.46468478103878,80.51800579485656,519600
2014-03-19,80.8646240234375,82.01107353957212,80.38471445060941,81.53116396674403,570200
2014-03-20,82.18882751464844,82.24214854422853,80.20697895704498,80.25141766862534,868800
2014-03-21,82.10881805419922,83.38857667786121,81.93995913013447,83.35302707382685,1046500
2014-03-24,80.97126770019531,82.24213738240442,80.62466749417415,82.06438934060222,851900
2014-03-25,81.74444580078125,81.99328624656486,80.66020661810094,81.3978388594185,1166200
2014-03-26,82.01107025146484,82.96200026124029,81.98440973966468,82.84646911664137,675200
2014-03-27,81.73556518554688,82.579846325685,81.61114494974534,82.3487840479932,544200
2014-03-28,81.61112976074219,82.1710207176453,81.3622893354519,81.85108109073123,340800
2014-03-31,82.97085571289062,83.13971459301007,82.31320516039202,82.5620455434784,625600
2014-04-01,83.1574935913086,83.3441238956601,82.70424469194492,83.07751208104047,862600
2014-04-02,82.83757019042969,82.97976861035134,82.16214125658952,82.41987080740213,442200
2014-04-03,81.91331481933594,82.73982463048195,81.80667276653969,82.55319425769349,547100
2014-04-04,80.7135238647461,82.39320357574964,80.42913382850193,82.10881353950548,665400
2014-04-07,79.9581298828125,81.0512515545197,79.82482054274232,80.98904143320624,753400
2014-04-08,79.59375762939453,80.60689784367347,79.31825661089269,79.90481504042009,1193900
2014-04-09,82.11771392822266,82.19769545860629,80.5713433172576,80.99792504009213,864300
2014-04-10,79.88703155517578,82.32212219140152,79.6115305549137,82.30435077671146,1505600
2014-04-11,77.61189270019531,78.58948300998397,77.08754455360749,77.99404244079552,2109700
2014-04-14,76.93646240234375,77.58523075191398,76.38545375997442,76.94535149765103,1415100
2014-04-15,75.66558837890625,76.9453468094579,75.30121685822525,76.50986931104413,2003400
2014-04-16,73.07943725585938,73.18607929987644,71.04426795766878,71.37308996724732,5649200
2014-04-17,72.56395721435547,73.21271872996937,72.2973386202942,72.71503792014035,1790400
2014-04-21,72.56395721435547,73.15050862874074,72.02183771205206,72.70614882556697,856700
2014-04-22,72.59062957763672,73.11497097646097,72.51064127419275,72.74171030810537,820100
2014-04-23,72.87500762939453,73.73706673133675,72.38620913435746,72.43064782677628,1469100
2014-04-24,74.80354309082031,75.05238354713671,73.99481160779202,74.31475127459707,1352400
2014-04-25,73.31797790527344,74.73622642274093,73.08459359077483,74.72724825917075,1680300
2014-04-28,73.91040802001953,74.20662578860573,73.09357317588677,73.76679164176501,816000
2014-04-29,73.71292877197266,74.32331372550249,73.6859942835095,74.06300179034533,975400
2014-04-30,73.05765533447266,74.1886640883704,72.95891609454254,73.73087368945183,729300
2014-05-01,73.02174377441406,73.33591094562595,72.52805446203273,72.93198270382935,812600
2014-05-02,72.59986877441406,73.20128240806146,72.42034660959287,72.57294113452404,1185900
2014-05-05,72.03436279296875,72.44726922206952,71.7201956021672,71.87279011650922,492000
2014-05-06,71.72021484375,72.29469410343546,71.50478683345119,72.04336028336469,1033100
2014-05-07,72.2228775024414,72.94097995168484,71.96256553579897,72.62681269826552,989800
2014-05-08,72.61783599853516,73.3538879421009,72.17800183487985,72.34854586255611,1007800
2014-05-09,72.09722137451172,72.65375119825387,71.90872099429265,72.65375119825387,534500
2014-05-12,73.74883270263672,73.8206374583872,73.03970852107311,73.23718015980128,619100
2014-05-13,72.9140625,73.35389671626571,72.70760579127656,73.34491855110379,393700
2014-05-14,72.6986083984375,73.12947118391808,72.66270259561982,73.03073193825236,487100
2014-05-15,72.42035675048828,72.65374107610153,71.91768913993597,72.26776220418955,1081100
2014-05-16,72.77043151855469,72.84224313555283,72.17800279915186,72.33956866489858,340500
2014-05-19,72.88711547851562,73.2192390490951,72.53704242903046,72.60885404131776,322300
2014-05-20,72.76143646240234,73.26411081635815,72.59986378583282,73.06663233962527,270500
2014-05-21,74.49386596679688,74.55669941682915,73.21026247470968,73.22821880233744,655200
2014-05-22,74.79006958007812,75.04140333263035,74.39511262702113,74.53873582752591,675800
2014-05-23,74.9695816040039,75.2657992787777,74.31431967313722,74.42203705896321,470600
2014-05-27,76.50454711914062,76.80075803027042,75.66077780976372,75.68770545183622,867900
2014-05-28,76.17241668701172,76.52248969905878,75.98391636116573,76.33398937321279,344900
2014-05-29,76.49556732177734,76.56737893132497,76.03777687132626,76.47761099522442,239400
2014-05-30,77.0879898071289,77.48294677968384,76.67508335779031,77.4649973029002,637200
2014-06-02,77.09699249267578,77.77918924908232,76.80975283445201,77.74328343576265,601200
2014-06-03,77.2765121459961,77.93178123274674,77.14187391093326,77.15084522771517,1104800
2014-06-04,77.77018737792969,77.8868760993996,77.51885360963662,77.55475941201156,748400
2014-06-05,78.6857681274414,78.87426845344507,78.11128213843251,78.80245684877752,1551300
2014-06-06,79.951416015625,79.97834365559068,79.4218208340823,79.66417644210503,1169400
2014-06-09,79.98733520507812,80.40024173309658,79.4577330865693,79.47568941510603,545200
2014-06-10,79.96038818359375,80.17581613549973,79.80779366967415,80.05014925952699,560900
2014-06-11,80.68748474121094,80.89394143805173,80.25662871490515,80.66055709560847,695400
2014-06-12,80.18480682373047,80.78621365959664,79.98732831682942,80.58873515269558,1400900
2014-06-13,80.22969818115234,80.81315564189376,79.96938618025746,80.75930034803046,1062300
2014-06-16,81.32479095458984,81.51329130705146,80.75031173327848,80.88495679884606,1249700
2014-06-17,81.91722869873047,82.12367853624443,81.64793856037964,81.71077201288381,744700
2014-06-18,83.73042297363281,83.92790148462393,82.96744342071179,83.09311031891843,1113800
2014-06-19,83.9099349975586,84.35874721399148,83.33544906006003,84.14331241930542,923000
2014-06-20,85.09480285644531,85.19354209643082,84.4844179403218,84.7177953727137,1044000
2014-06-23,83.42521667480469,83.6855285811769,82.80585362694215,83.03025973433225,1050400
2014-06-24,82.78792572021484,83.88302205698409,82.69815777520698,83.43420972527561,428000
2014-06-25,83.33544158935547,83.41623134220298,82.83277414347876,82.86867993937427,353100
2014-06-26,82.76995086669922,82.89561774358482,81.86334824202645,82.78790719101497,576400
2014-06-27,82.89563751220703,82.99437677449711,81.96210702676716,81.96210702676716,457300
2014-06-30,83.72144317626953,83.85608823552995,83.02129708611399,83.04822472829964,305200
2014-07-01,84.97811126708984,85.15764027924858,84.45748740432686,84.46646556701769,407200
2014-07-02,84.32286071777344,84.34081019727407,83.80223678393244,83.95483132885161,449800
2014-07-03,85.8936996459961,85.8936996459961,85.35511941058756,85.39102521617028,232600
2014-07-07,86.27967834472656,86.3873889129542,85.92062713785944,86.10014931712692,972100
2014-07-08,84.95117950439453,85.42691937894575,84.40362802846506,85.2743248622654,523800
2014-07-09,83.92789459228516,84.24206181200168,83.49703179929408,84.09844544655917,989000
2014-07-10,83.3713607788086,83.87403515376997,82.76097584718734,82.9315266930074,835000
2014-07-11,82.06084442138672,82.42887381760679,81.55817680541068,82.04289494153014,1323100
2014-07-14,81.4684066772461,82.16855273568417,81.31580529788681,81.9620960743933,986900
2014-07-15,81.35169982910156,81.88130180525908,81.16319952012951,81.72870729537661,1578400
2014-07-16,79.3410415649414,79.42183134386087,78.09334386032693,78.61396779632892,2130800
2014-07-17,77.38420867919922,78.45238404438285,77.02515750324129,77.9676659840894,1573000
2014-07-18,77.05208587646484,77.39318757862114,76.57634597433278,76.67508521986944,1515600
2014-07-21,78.5062255859375,78.86527669906452,78.12922499890279,78.51520374705653,1540100
2014-07-22,78.25491333007812,79.08072632299654,78.05743482126454,78.88324781418295,926200
2014-07-23,78.11128234863281,78.7216672932865,77.80609330047176,78.69473965354659,911900
2014-07-24,77.83302307128906,78.02152340296115,77.3393336830998,77.42909476746769,767400
2014-07-25,76.27115631103516,77.07901974606304,75.921083297245,77.07901974606304,1080400
2014-07-28,75.83132934570312,76.09163445359793,74.98756002885222,75.38251704496663,1087100
2014-07-29,74.75416564941406,75.1491226123482,74.73621617306765,74.87086121482531,1190200
2014-07-30,85.39999389648438,86.77335827794136,82.41988084736481,82.85074361818045,6992400
2014-07-31,84.52033996582031,85.79496531971031,83.80223750959162,85.1127686711263,2520500
2014-08-01,82.85074615478516,84.74473444486841,82.59043422149585,84.3318211380429,1395400
2014-08-04,81.74668884277344,82.60840781401215,81.48637683349295,82.43785691350647,1204100
2014-08-05,81.53123474121094,82.58145375955354,80.94777744824346,81.62997398378997,1016600
2014-08-06,82.68917846679688,82.86870064279493,81.89029314144108,81.9710760661406,628700
2014-08-07,82.32115173339844,83.75734973226669,82.02493397003842,83.61373335654599,576500
2014-08-08,82.0518798828125,82.17754679718614,80.94779845129183,81.29787154823744,892000
2014-08-11,83.12002563476562,83.29057647775262,82.57247415306864,82.74302499605562,386300
2014-08-12,82.0159683227539,82.72509263177403,81.70179421050915,82.05187413124852,518300
2014-08-13,81.94415283203125,82.31217536712137,81.37865178372245,81.67486270521808,635300
2014-08-14,81.76461029052734,82.0339003728538,81.59406629682978,81.917211656289,682600
2014-08-15,82.40193939208984,82.97641857687866,81.32478578436175,82.58146156921183,839200
2014-08-18,83.3534164428711,83.37136592064428,82.57248061726644,82.91358232994362,666500
2014-08-19,83.56885528564453,83.94585600289571,83.45216654411423,83.57783344986463,530600
2014-08-20,82.99434661865234,83.33544140641557,82.75199105730248,83.20977454522226,471500
2014-08-21,84.46646118164062,84.63701202225378,83.66757595192303,83.77529335362574,437900
2014-08-22,83.9189224243164,84.35876341167254,83.50601592771591,83.5778275397331,1139700
2014-08-25,85.20250701904297,85.76801477805412,84.72676717934394,84.83448457352004,450900
2014-08-26,85.75004577636719,86.31555345176574,85.56154550067757,85.58847313315756,369700
2014-08-27,85.90265655517578,86.09116371495521,85.34613378280362,85.6243951689897,318600
2014-08-28,86.11810302734375,86.3784149732045,85.27433374409385,85.51668936357417,771600
2014-08-29,86.27967834472656,86.82722989432419,85.25638685657115,85.83983736335655,793700
2014-09-02,90.01378631591797,90.91141084136324,86.24376604838052,86.24376604838052,3084500
2014-09-03,87.994140625,89.4931721005844,87.84154608281456,89.44829497847054,1536400
2014-09-04,87.994140625,89.43931681471481,86.00141286783636,88.38011948650767,2120900
2014-09-05,87.70690155029297,88.01209748484219,87.42864010717385,87.85949609340136,557700
2014-09-08,87.40169525146484,87.97617435218706,87.04264410143068,87.66200716403132,813200
2014-09-09,87.25808715820312,87.74280526741377,86.83620249750132,87.57225440074735,453100
2014-09-10,87.51838684082031,87.64405372021241,86.7554074021307,87.16831384132352,903500
2014-09-11,88.4339599609375,88.53269920071591,87.55429181351498,87.72484265464702,1365900
2014-09-12,88.79303741455078,89.54704575539341,88.65839233422176,89.13413919782877,1436100
2014-09-15,89.62779998779297,90.03173509940409,89.17898776266799,89.6637057876027,1009300
2014-09-16,90.86654663085938,91.29740262920657,89.18798606445303,89.22389187237073,1625400
2014-09-17,90.15743255615234,90.82167295711628,90.01380930819614,90.45364352047856,1418200
2014-09-18,91.67439270019531,91.9436828041582,90.90243504038897,90.90243504038897,887400
2014-09-19,90.50749206542969,91.59361703367657,90.30103538959258,90.70497057753501,756900
2014-09-22,88.90970611572266,90.30101992932268,88.90970611572266,90.25614281501176,1037600
2014-09-23,88.50579071044922,89.16105972998828,88.28138454391748,88.85586378237211,1023800
2014-09-24,89.94197845458984,90.00481190005351,88.00311296004507,88.10185220982112,728600
2014-09-25,89.0263900756836,89.47520228480715,88.62246182680471,89.3854412126486,1425800
2014-09-26,89.81632232666016,89.91506158826847,89.08924853511961,89.38546631994456,213400
2014-09-29,89.4931640625,89.94197633332163,88.59553952085675,88.78404670113379,249900
2014-09-30,88.70325469970703,89.60985738149182,88.47884856994169,88.9186826667489,733500
2014-10-01,86.93494415283203,88.6224828422418,86.86313253874386,88.6224828422418,915700
2014-10-02,87.00676727294922,87.50046362467768,85.79497523037332,87.41069567103007,822600
2014-10-03,87.47350311279297,88.06593855866213,87.3209085943108,87.63507579363626,539400
2014-10-06,87.913330078125,88.45190331262472,87.30294525280391,88.22749722755565,528300
2014-10-07,85.1486587524414,86.97083535178838,85.1486587524414,86.74642923170464,1041400
2014-10-08,86.46818542480469,86.52204071311475,84.49340705733263,84.74474771555586,1289100
2014-10-09,84.67293548583984,85.76803866243317,84.52034093784442,85.31024817011425,1083800
2014-10-10,80.84005737304688,83.64962633999978,80.8041515725376,83.57781473898123,1524500
2014-10-13,81.15424346923828,82.96744215011786,81.10935949985227,81.61202708498082,1440300
2014-10-14,83.2187728881836,84.60111554488122,81.86335787279631,81.90824184053487,1599600
2014-10-15,82.41989135742188,83.03925452934601,79.61930011082177,81.51328858443611,1298600
2014-10-16,81.45044708251953,82.50067297636397,79.48465403925151,79.56543695890714,1165600
2014-10-17,83.03925323486328,83.89199386112833,82.77894128040721,83.7842764442848,1013600
2014-10-20,83.03925323486328,83.13799248822015,81.62100473058491,81.63895420922607,443400
2014-10-21,83.98172760009766,84.17920604249723,82.41986323035641,82.5186024515562,684800
2014-10-22,82.72509765625,84.20617296869604,82.67123551607028,83.74838929133384,762700
2014-10-23,84.34976959228516,84.8344876109364,83.87402973555272,84.03560240843647,630200
2014-10-24,85.32817077636719,85.79493928577764,84.46645219937534,84.5831477508932,821200
2014-10-27,85.98345947265625,86.1629816496004,84.62804443723212,84.8434724192315,492600
2014-10-28,87.97618865966797,88.22752245106672,86.95289716706894,87.59020980906783,938200
2014-10-29,86.63870239257812,88.03002292489685,86.43225261965169,87.80561682925388,566700
2014-10-30,87.50043487548828,87.8684573408591,86.35146982063692,87.0067386859689,516800
2014-10-31,89.47521209716797,89.6906400636397,88.61349338294944,89.07128380399202,688700
2014-11-03,89.3585433959961,89.62782670233524,88.9007528723865,89.36751471237422,412900
2014-11-04,88.82892608642578,89.2687602055241,88.25444691297803,89.10718750997118,551900
2014-11-05,89.8432388305664,90.1125289376215,88.98152007565471,89.58293373496687,422500
2014-11-06,91.39613342285156,91.53975664121853,90.31898667842732,90.34591431978814,532100
2014-11-07,89.55599212646484,89.8701661758316,88.88277376067555,89.8701661758316,524600
2014-11-10,91.52180480957031,91.55771061592544,90.22922317411442,90.38182456320686,721300
2014-11-11,91.82698059082031,91.98855325980016,90.86652273864316,91.03706672099406,833200
2014-11-12,91.40512084960938,92.06936118104457,91.1896860002255,91.65645465889119,582200
2014-11-13,91.48590087890625,92.21298148792333,91.01913908338423,91.43204559243553,574000
2014-11-14,91.6474838256836,91.85394052744121,90.66907615438274,90.9024536540509,278500
2014-11-17,91.96163940429688,92.18604555886893,91.44102233042229,91.69235612780982,576100
2014-11-18,93.227294921875,93.55044033758911,92.31171396124086,92.31171396124086,649700
2014-11-19,94.73529815673828,96.00094524220658,94.32239167539171,95.91118415466724,1016800
2014-11-20,95.0674057006836,95.22000020863072,93.64915747212238,93.82867961696242,584200
2014-11-21,94.86096954345703,95.3277313297759,94.1159394697503,95.14820914619149,1133700
2014-11-24,92.9400405883789,93.05672930676998,92.13217717708696,92.85925082308401,1282300
2014-11-25,92.62586975097656,93.2631822925575,92.51815235092147,92.65279738890756,765000
2014-11-26,93.16444396972656,93.28113268468412,92.39248638257673,92.51815325970985,470800
2014-11-28,94.86096954345703,95.08537569710371,94.54680229801815,94.70837500257706,344700
2014-12-01,94.60065460205078,95.42646757784497,94.44806006597987,95.30080068362986,660200
2014-12-02,94.93277740478516,95.3187562477381,94.28648661208888,95.24694463780915,496700
2014-12-03,96.73699951171875,97.68848623851582,95.04946773988189,95.37261314168735,907100
2014-12-04,96.35999298095703,97.26659568371703,96.08173156507625,97.14990695893871,606500
2014-12-05,98.08341979980469,98.29885459676149,96.9703674088519,97.11399060682311,627700
2014-12-08,96.87162780761719,98.34373133962464,96.35998215135034,97.80515804592233,776500
2014-12-09,96.87162780761719,97.4281574251638,95.76755358277708,96.63825038428914,599500
2014-12-10,96.05479431152344,97.39225282448365,95.78550423719243,97.31146991118298,644600
2014-12-11,96.06378936767578,97.10503727421668,95.94710062573562,96.1804849579487,369600
2014-12-12,95.16617584228516,97.06914283488548,95.1482263600123,96.99733120912693,482000
2014-12-15,92.76950073242188,95.8034762532844,92.68871780588945,95.6059977462067,632900
2014-12-16,94.08001708984375,95.48928721254877,92.99389231932993,93.02081995729067,752200
2014-12-17,94.86994171142578,95.1302536550043,93.20035948594428,93.42476562540865,503600
2014-12-18,97.04218292236328,97.0511610846814,95.20205000203254,95.25591212760996,547200
2014-12-19,95.9022216796875,96.21639580996772,95.22003182412611,95.54317727079545,734900
2014-12-22,98.3078384399414,98.67586779540052,96.44078456667262,96.44078456667262,771500
2014-12-23,97.95774841308594,98.37963297727747,97.6166536061142,97.69743651500329,796700
2014-12-24,98.41556549072266,98.52328291347946,97.71541936363482,98.06549242717874,66700
2014-12-26,98.1103744506836,98.65792602090997,98.0026570300656,98.60406388643477,196900
2014-12-29,98.18217468261719,98.3706750237455,97.89493508923135,97.99367434148886,190400
2014-12-30,97.12296295166016,97.7153983770851,96.91651316279832,97.5987096637428,387000
2014-12-31,96.79086303710938,98.12832178429237,96.69212378245169,96.97038521921486,388900
2015-01-02,96.4048843383789,97.31148711064564,95.66883243322147,96.64723996944745,394000
2015-01-05,93.16444396972656,95.22897612857862,93.03877709259345,94.98662053648795,678700
2015-01-06,90.40874481201172,92.1860375670793,90.2471721207936,92.10525464563611,1081300
2015-01-07,90.92039489746094,91.02811231289583,89.9509587035432,90.19332117618868,855100
2015-01-08,92.82334899902344,93.57735026068757,91.42305017998392,91.50383994278003,481600
2015-01-09,91.63848876953125,92.67075839137945,90.63315363729535,92.67075839137945,440600
2015-01-12,92.85926055908203,93.83767491765573,92.09628103166142,93.75688514389029,1115500
2015-01-13,92.85926055908203,94.53782099807303,92.32966534124456,93.44271790887382,809200
2015-01-14,92.55404663085938,93.21828672769423,91.80003862098636,92.41042344866251,592800
2015-01-15,91.52180480957031,92.30274068904696,90.90244163452564,91.09992014531278,1283000
2015-01-16,92.49124908447266,92.56306070343177,90.86655058343688,91.36024005503175,633700
2015-01-20,93.18241882324219,93.4427308105779,92.25786646896921,92.55408426645465,947000
2015-01-21,95.67779541015625,96.07275239500673,93.57735729617512,94.30443097434834,1569100
2015-01-22,96.58440399169922,96.89857122683277,95.5072572288607,95.83040262737867,589400
2015-01-23,94.5288314819336,95.71369551764698,94.50190384335644,95.58802863873278,974600
2015-01-26,96.33306884765625,96.35999648909838,95.47135007984812,96.04582925838687,995200
2015-01-27,95.44441223144531,96.351008021927,95.2559119131769,95.98298554768809,911900
2015-01-28,93.92743682861328,96.1445706682293,93.87358154451965,96.02788193658242,753700
2015-01-29,95.27388763427734,95.55214910718293,94.19674070507308,95.39057638296897,632600
2015-01-30,93.29908752441406,95.38157597447966,93.18239196298224,95.1033077381147,1073800
2015-02-02,92.50019836425781,92.64381470899663,91.09092831183362,92.43736492937256,1177900
2015-02-03,93.25420379638672,93.29010959627645,92.29374590641245,92.72460865675814,716800
2015-02-04,91.4140853881836,92.37455027839806,91.24354137214763,92.06935435523047,789900
2015-02-05,92.54509735107422,92.68872057809257,91.2255880582558,92.06037923238587,569900
2015-02-06,90.4715805053711,91.78211154524418,90.15741327806109,91.13582076430251,964800
2015-02-09,88.5506591796875,89.63678401374302,88.47884757537022,88.74813766739423,798800
2015-02-10,91.6474838256836,91.88984633854398,90.72293144687028,90.9293881486279,679400
2015-02-11,92.83234405517578,93.16446765680216,92.15912553579768,92.41045935396558,715300
2015-02-12,93.38885498046875,93.4427102596824,92.53610758570728,93.19137649224332,443500
2015-02-13,93.78379821777344,93.936392718745,93.20034100121865,93.82867532776656,359100
2015-02-17,92.42839813232422,92.7515435081326,91.53077361026351,92.01549167397609,493700
2015-02-18,93.09264373779297,93.41578913226499,92.68871541886894,92.98492632352495,311900
2015-02-19,93.89152526855469,94.40317098108208,93.09263997791247,93.18240106201114,275400
2015-02-20,94.1159439086914,94.30444426484527,92.09628843061505,92.09628843061505,582500
2015-02-23,94.3582992553711,94.88789447564963,94.25956000272049,94.81608286493426,452200
2015-02-24,99.41191101074219,99.50167208894116,96.83572629161083,97.41918357240108,2153800
2015-02-25,97.81416320800781,98.684860249863,97.32046689097666,98.46045407818208,1152300
2015-02-26,96.8626708984375,97.5448606426875,96.50361969979792,96.58440262411753,608300
2015-02-27,96.65620422363281,97.32942258323789,95.82141318378926,96.52155918204554,686800
2015-03-02,98.67587280273438,98.98106188031059,97.83210348512348,98.07446596280553,600500
2015-03-03,97.38327026367188,98.70277924129594,96.99729149367525,98.63096764494057,651300
2015-03-04,97.40122985839844,97.72437520452048,96.33305458380995,97.14989611104373,536600
2015-03-05,98.1552505493164,98.55918573617171,97.5897495057178,98.02958365073894,402500
2015-03-06,96.33306884765625,97.28454870304878,95.7585896691175,97.17683813728027,652500
2015-03-09,96.88060760498047,97.11399188057926,96.10865002658771,96.44974485374664,506000
2015-03-10,95.28284454345703,96.22534618417525,95.11229369251828,96.0368458560316,626000
2015-03-11,95.75858306884766,96.92549767201031,95.42645953451206,95.79448887107299,551100
2015-03-12,94.0710678100586,95.74065023799724,93.5504438597696,95.7047444295291,1529800
2015-03-13,94.68145751953125,94.91483501356676,93.96335501147398,94.34035574645416,1429100
2015-03-16,96.77289581298828,96.94344666061656,95.65086518034227,95.9201552715099,420100
2015-03-17,95.8393783569336,96.27024119091445,95.41750053508314,95.70474014162623,694400
2015-03-18,95.88424682617188,96.35998670556577,93.71199722485233,95.13024554901884,1703300
2015-03-19,96.17149353027344,96.46771127472977,95.43544167480523,95.56110856366577,641200
2015-03-20,98.88232421875,99.34908597386094,97.58974266870143,98.18217131358578,747800
2015-03-23,99.38500213623047,99.81585813226465,98.67587784241111,99.05287855102416,562600
2015-03-24,99.08877563476562,99.99537836708669,98.92720293839487,99.83380567071592,628600
2015-03-25,93.91845703125,98.50531916783757,93.75688433344787,98.46941336295576,1733200
2015-03-26,88.93663024902344,90.66904567443495,88.34419483748486,90.66904567443495,4330300
2015-03-27,91.43203735351562,91.66542165441265,89.7175711731415,89.75347697699733,1260200
2015-03-30,92.56304931640625,92.84131074522521,91.17172847564731,91.17172847564731,990600
2015-03-31,90.68702697753906,91.75520261656777,90.63317168425469,91.08198405717992,1224100
2015-04-01,90.0676498413086,90.76780278785066,89.35853242782184,90.76780278785066,641600
2015-04-02,90.42669677734375,91.56668381017114,90.19331932119945,91.20763261443813,498700
2015-04-06,89.96893310546875,90.83962337391459,89.7624763964901,90.58828953573777,916400
2015-04-07,89.91504669189453,91.43203432497975,89.8701695748101,90.59724324589514,1161800
2015-04-08,89.73550415039062,89.92400443533782,89.04432959058751,89.58290965995671,630400
2015-04-09,90.42669677734375,90.53441419056323,89.30466607088557,90.04071794038886,1609700
2015-04-10,89.7804183959961,90.28309287878915,89.39443950572623,89.52011326267416,846300
2015-04-13,89.59190368652344,90.65110092404781,89.39442519079878,90.11252756646445,1037700
2015-04-14,89.73550415039062,90.63312846823256,89.37645305358784,90.53438924540355,1137300
2015-04-15,86.2976303100586,89.83427349986306,86.0732241553417,89.81631717241959,4129100
2015-04-16,85.38204956054688,86.28864542417709,84.52033081536456,85.12173761955454,2293600
2015-04-17,84.82551574707031,85.37306724314543,84.33181952984471,85.04992187338532,1671200
2015-04-20,86.24378204345703,86.38739843303142,85.2204904425327,85.26536756812904,1129100
2015-04-21,87.74280548095703,88.63145192583983,87.15036995214699,88.11980617292764,2396700
2015-04-22,96.77289581298828,99.81584234085778,95.48929249530796,98.57712298781591,4849300
2015-04-23,97.56282806396484,97.80518371281613,96.45874670105104,97.69746628647512,1357000
2015-04-24,96.91255187988281,97.8530931252422,96.40609863259623,97.72648153837405,1748100
2015-04-27,99.21871948242188,100.30397076817283,98.80270890448611,99.09210786738993,4075600
2015-04-28,99.29107666015625,99.51716982855086,98.4590554564199,99.2549009252352,1076200
2015-04-29,97.34666442871094,98.74844469439772,96.8492567473859,98.38669428068998,2160600
2015-04-30,96.80406951904297,98.28724042308662,96.26144719558116,97.69035103740659,1989500
2015-05-01,98.00686645507812,98.16965380788912,97.13866954002474,97.22005976652237,637400
2015-05-04,97.5727767944336,99.00168741514388,97.45521081924221,99.00168741514388,676900
2015-05-05,95.3570556640625,97.06631944280626,94.97721390226268,97.06631944280626,1636800
2015-05-06,95.6826400756836,97.06632928450225,95.46558564698599,96.93971765100358,1305500
2015-05-07,96.06243896484375,96.37896792993185,95.23945675580073,95.6192984137204,1104600
2015-05-08,97.43712615966797,97.95261839353441,96.89450384504283,97.01206982826953,951900
2015-05-11,98.23294830322266,98.46808019701135,97.1929184967067,97.23813298405916,459800
2015-05-12,98.24200439453125,98.51331896577632,97.55468610705844,97.98878114127115,483600
2015-05-13,98.19678497314453,98.85697315033762,97.5818112890133,98.47713828950194,468900
2015-05-14,100.00553131103516,100.43962632789824,98.93837128650759,99.39055762063256,729100
2015-05-15,100.43059539794922,100.8285147111234,100.02362352562254,100.4667642356607,795100
2015-05-18,100.4034423828125,100.6114511154193,99.12828061275924,99.44480964079975,554700
2015-05-19,100.58432006835938,101.05459077692441,100.00552216559538,100.35822692197296,476500
2015-05-20,100.96416473388672,101.54296269303507,100.5210240557485,100.79233171795282,531600
2015-05-21,100.86468505859375,101.12695396679354,100.43059003108905,100.68381328043614,365900
2015-05-22,100.36727905273438,100.71998383185884,99.88795575563749,100.37631781130577,253200
2015-05-26,98.54951477050781,99.95128860788746,98.03402250002051,99.82467695547426,541400
2015-05-27,101.7690658569336,102.11273192255535,99.0469019099461,99.12829904647316,588500
2015-05-28,102.91761779785156,103.22510120925166,101.74193050761484,102.8181362471477,588100
2015-05-29,101.56105041503906,102.98995394495543,100.83754954180833,102.43828608157553,542600
2015-06-01,100.95511627197266,101.60626568288802,99.85178743660579,101.46156964702668,856200
2015-06-02,99.52622985839844,100.7561774240496,99.52622985839844,100.72000168390493,735800
2015-06-03,101.03651428222656,102.1217587100366,100.78329104239194,101.51583068617293,1029300
2015-06-04,100.01455688476562,102.80907164915672,99.8156007198247,101.35303129324124,1372200
2015-06-05,98.66704559326172,99.49002794042168,98.35051657505215,99.1192318763654,997100
2015-06-08,97.49136352539062,98.21485742457743,96.88542867380525,97.8259769525816,803100
2015-06-09,97.89830780029297,98.28718819041138,96.9939354418607,98.14248530115172,844100
2015-06-10,98.56756591796875,99.54428996384927,97.98876801666518,98.5133057709138,497000
2015-06-11,99.48099517822266,101.10886876833817,99.00167875997087,100.38536786166105,872700
2015-06-12,97.59085083007812,98.25103896588739,96.73169271796891,97.35571202152225,583600
2015-06-15,98.01591491699219,98.16061786706746,96.03534331150595,96.29761223365507,841800
2015-06-16,98.76651763916016,99.07400787003434,97.42805023365452,97.92545095739487,538400
2015-06-17,97.50945281982422,98.06112065421019,97.00300637506935,97.64511008890221,557600
2015-06-18,98.5133285522461,99.71614602209561,96.85832468619601,96.9035460857428,1387500
2015-06-19,98.40476989746094,98.71226013655318,98.00685068779664,98.54042715294827,479900
2015-06-22,101.20832824707031,102.19409094516135,100.65666047847853,101.2625883883041,709000
2015-06-23,100.39441680908203,101.4073098318303,100.35824107258155,101.23548370822336,479800
2015-06-24,99.45386505126953,100.38536781076826,99.29107769234051,99.97840286335371,404900
2015-06-25,99.71613311767578,100.46675719436848,99.39055840255917,100.24066402552728,395600
2015-06-26,98.37765502929688,100.51197501936369,97.84407848168803,100.06883435611718,869400
2015-06-29,94.56118774414062,96.38802408415779,94.08187141625747,95.700699042382,1043600
2015-06-30,94.17232513427734,95.67358710215974,93.34934957945073,95.60123563145832,754300
2015-07-01,95.54698181152344,97.5818204861189,95.19427699324554,97.43711753512464,1305400
2015-07-02,94.59735870361328,95.25755364068849,93.79246775966742,95.24850798406707,942800
2015-07-06,92.17366027832031,93.24986595664785,91.29641769008518,91.42302931108655,720300
2015-07-07,90.58197021484375,91.01606523386823,88.0045025776452,89.777072188263,1286700
2015-07-08,87.85077667236328,89.11690002179438,87.52520189965766,88.71897376630591,784400
2015-07-09,90.0936050415039,92.35453664553849,89.71376328816616,92.01991628420772,1683600
2015-07-10,92.87908172607422,94.18138073693517,91.920448787422,94.03668468007103,2272000
2015-07-13,93.42168426513672,93.9552607411063,93.10514836264382,93.86482486888609,859000
2015-07-14,93.21367645263672,93.91908592253198,92.65296299973325,93.38550944139088,1238200
2015-07-15,96.47846221923828,97.82597536317535,95.6373954864851,95.94487883618537,2298700
2015-07-16,90.76284790039062,94.27181161525917,89.7770780349875,94.19042138132252,4115500
2015-07-17,90.93467712402344,91.42303230685074,89.9036928050483,91.34164207631822,2782500
2015-07-20,91.34162139892578,92.58965294994817,91.12457393349027,92.29121527240478,1112300
2015-07-21,91.2511978149414,92.20983057450371,90.8170959258136,91.34163369606352,1525300
2015-07-22,91.19693756103516,91.42303073059323,90.04838729559914,90.4915279759845,1894400
2015-07-23,92.18270111083984,92.51732146300549,91.31450422664805,91.5044216482073,897100
2015-07-24,89.10781860351562,91.39587985476648,88.13109467734719,91.2330925337384,1994700
2015-07-27,89.19828033447266,90.38301330873767,88.92697265396787,89.9760414382559,844600
2015-07-28,89.60523986816406,90.2654280096662,87.9231062613271,88.39337698267869,1558700
2015-07-29,89.55096435546875,89.831324529986,88.73703460313064,89.47861979735555,568000
2015-07-30,89.61427307128906,89.90367891241519,88.33911135794843,88.5109443511633,1170500
2015-07-31,89.68663024902344,90.89849313664182,89.45149833784151,90.68143874196018,714400
2015-08-03,88.75513458251953,89.87655477780548,88.00450359946323,89.84037904249742,817900
2015-08-04,87.53424072265625,88.96315134682789,87.18153589641115,88.79131831359481,786500
2015-08-05,89.19828033447266,89.72281817652487,88.95410273203672,89.05358428483339,1052100
2015-08-06,87.14534759521484,88.72799970527765,87.03682039516264,88.65564823857618,1421400
2015-08-07,87.697021484375,87.71510590238609,86.52133421898785,86.86500025954328,501400
2015-08-10,89.9127197265625,90.21116433218855,88.04066877280444,88.04066877280444,777400
2015-08-11,89.7047348022461,90.50962599347008,89.17115129468591,90.50058033406968,637800
2015-08-12,87.7964859008789,88.08588483129728,85.87921367447302,87.15438223963237,1103800
2015-08-13,85.66217803955078,87.14534862538596,85.58982657199401,86.93733988111418,895800
2015-08-14,83.82630157470703,84.23326649969873,82.38834550009281,83.42837540817959,2399900
2015-08-17,84.26040649414062,84.37797936617334,82.73202125606342,82.95811444096762,2569500
2015-08-18,83.97099304199219,85.03815296707373,83.76299121157477,85.02006855131296,2575200
2015-08-19,82.22554779052734,82.97617863742636,81.49300825790877,82.406426434258,1624600
2015-08-20,79.07835388183594,81.02274973548322,78.68042767187602,80.95944392024563,1952200
2015-08-21,77.69464874267578,80.86899141142854,77.58612155321694,80.01888591001999,2453900
2015-08-24,77.14299774169922,77.14299774169922,74.22187074574333,76.36523663069485,4016800
2015-08-25,78.68946075439453,82.54208300849767,78.10161719267548,82.43356271390141,2027500
2015-08-26,79.94654083251953,80.76047756890006,78.00213832333701,80.73334059450778,2111500
2015-08-27,83.12088775634766,83.13897217216312,81.81858902354561,82.4516470743159,2061700
2015-08-28,83.18419647216797,84.22421946342327,82.68678877214678,83.64542153966161,1150100
2015-08-31,82.31597900390625,83.27461851188872,82.04467140338674,82.62346923093892,1173300
2015-09-01,80.63387298583984,81.91808055977381,80.09124384772365,81.17649522413993,1096100
2015-09-02,81.96328735351562,82.33408343640083,80.67907990024506,82.33408343640083,1415200
2015-09-03,83.81724548339844,84.95675679127807,83.42836502355621,84.45934914503286,1240200
2015-09-04,82.63253784179688,83.0666328831397,81.64676798991002,81.8005096962266,775100
2015-09-08,84.9024887084961,85.4360720770083,84.02525317011954,84.75779269487876,993400
2015-09-09,82.36123657226562,85.46323577644023,82.12609769532338,84.93869785857574,1031200
2015-09-10,83.3921890258789,84.06142275700262,82.03563024938195,82.99426291016574,846900
2015-09-11,82.91287231445312,83.09374405722895,82.26172300075663,82.84956651450011,568800
2015-09-14,82.23458862304688,82.8676465894264,81.81857811659542,82.74103499615049,588500
2015-09-15,84.40510559082031,84.71258899633978,83.34699118973352,83.63639017720553,809000
2015-09-16,84.7487564086914,84.92963507048158,83.84438379918687,84.69449626006208,702200
2015-09-17,83.91673278808594,85.36372754063903,83.12088739913554,83.35601930280245,629100
2015-09-18,81.40258026123047,82.4697402131319,80.92326388364867,81.27596864827737,1448100
2015-09-21,80.85090637207031,82.35216119900883,80.19071138263679,81.94519631635707,1378600
2015-09-22,78.3910140991211,80.0098418161552,77.67655894580558,79.9465360126875,1712700
2015-09-23,75.8587646484375,77.61324954875782,75.70502297567937,77.49568360485127,1660300
2015-09-24,76.148193359375,76.80838859442878,74.24901170073358,74.95442143967318,2316700
2015-09-25,77.1882095336914,78.77086177855251,76.64558728684513,78.68947154644287,1236500
2015-09-28,75.13530731201172,75.83167145658238,74.5474635069586,75.29809472110615,1638200
2015-09-29,77.06157684326172,77.35097575580097,74.71925547299315,74.97247865898821,1351400
2015-09-30,79.56670379638672,79.64809401787434,78.34579527554979,78.65328554518322,2466400
2015-10-01,77.74890899658203,78.31866121745666,76.3742588607679,77.99308654843831,1323200
2015-10-02,79.95558166503906,80.22688929424783,77.27863280476996,77.67655894072091,950800
2015-10-05,80.84187316894531,81.44780120750815,80.06411211354802,80.20881505400146,951000
2015-10-06,81.43873596191406,82.11701525010386,80.75141101793389,81.36638451521853,732200
2015-10-07,81.44780731201172,82.84958782849979,80.35351711712558,82.29791990135156,873800
2015-10-08,82.6415786743164,82.70488449025937,81.28501956141012,82.54209712071797,974000
2015-10-09,82.18034362792969,82.38834546958064,81.64676018666408,82.03564069476762,542600
2015-10-12,81.26690673828125,81.719092951203,81.04985928802675,81.6015270197764,742300
2015-10-13,78.96078491210938,80.37161113539328,78.78895877644139,80.11838096211493,1047500
2015-10-14,78.92461395263672,79.35871594758578,76.51898580925298,76.88073632174103,3118200
2015-10-15,80.03697967529297,80.75143489811246,78.81607797546351,79.43105165461094,2230100
2015-10-16,80.17264556884766,80.55248046742447,79.35870871488552,79.78376501083333,892700
2015-10-19,80.29020690917969,80.48012434750905,79.61192738665363,80.13646520669631,502800
2015-10-20,80.50724792480469,81.81859236904191,79.16878030564285,79.65714235041236,1108000
2015-10-21,81.40258026123047,82.51495470357777,81.35735887096918,82.18034125497975,943900
2015-10-22,83.4916763305664,84.02525974080426,83.10279584507617,83.22940745432274,1644800
2015-10-23,84.6854476928711,85.38181844216423,84.32369728153319,85.22806985997035,1585100
2015-10-26,83.46456146240234,84.01622938882691,83.30177409231285,83.65447891087067,614500
2015-10-27,82.79530334472656,83.88054756133558,82.54207325435763,83.68158451166723,544700
2015-10-28,84.41414642333984,85.09242596374523,83.43742912901646,84.60407076649169,618600
2015-10-29,83.25655364990234,83.71778568708127,82.91289448680197,83.43743234086298,517600
2015-10-30,83.91673278808594,84.4322248843022,83.28366784022099,83.52785230147961,464800
2015-11-02,85.1104965209961,85.54459145706937,84.59500447202495,85.26423819002977,528100
2015-11-03,86.01487731933594,86.32236068706817,84.70353982784097,85.02006885339335,538200
2015-11-04,86.4308853149414,86.64793279747288,85.71643016430129,86.25001356280103,429800
2015-11-05,86.10533905029297,87.38050809299368,85.55367105449133,87.13632355724287,792400
2015-11-06,87.11820220947266,87.1815080067568,85.698337699116,86.34044132865927,736200
2015-11-09,86.56655883789062,87.38953443446029,86.06915107635882,87.34431993784054,480300
2015-11-10,84.57693481445312,85.0200824207585,84.24232131967865,85.00199110223122,2305700
2015-11-11,84.96581268310547,85.76166507759206,84.47745749534563,85.34565446220869,1442600
2015-11-12,83.89863586425781,84.87535984437193,83.68158839083738,84.64022105660784,788300
2015-11-13,82.65965270996094,83.4735893874841,82.00850336794241,82.75913424275905,1588300
2015-11-16,83.46456146240234,83.63639449189027,81.76434318576939,81.93616931544084,3582100
2015-11-17,83.18419647216797,83.88056035238213,83.0394935413198,83.39219831049283,2380300
2015-11-18,84.24232482910156,84.33276072605625,83.29273066153566,83.53691517311165,2181100
2015-11-19,84.35989379882812,84.92060741955183,83.66352977776691,84.04336469834575,3388500
2015-11-20,82.69583129882812,84.08856590633314,82.43356242145882,83.94386298096445,1829900
2015-11-23,81.6377182006836,82.44261622792686,81.35736487984052,81.51110657837924,476800
2015-11-24,81.69197845458984,81.94520167812539,80.15454089769987,80.18167787149184,1024700
2015-11-25,82.2707748413086,82.72296113204916,81.80954289280496,81.89094001304218,424800
2015-11-27,83.6454086303711,83.69967567097169,83.25652818850331,83.4735825512768,200300
2015-11-30,83.85343170166016,84.0071733934353,83.34698523472296,83.90769185174183,368500
2015-12-01,84.32368469238281,84.56786911600172,83.86245971410564,84.22420317162165,495900
2015-12-02,83.4916763305664,84.50457610435416,83.2203617965722,84.4231789842298,485800
2015-12-03,82.2707748413086,84.17900154021899,81.71006135685681,84.08856566203393,854400
2015-12-04,83.2022933959961,83.43743224406386,82.36122645850043,82.63254104471834,899900
2015-12-07,82.58731842041016,83.44646976431169,82.4245310510606,83.42838534541349,880900
2015-12-08,81.86381530761719,82.14417554176464,81.06796980058428,81.51111049996949,631500
2015-12-09,81.2759780883789,82.31600118703167,80.75144025961141,81.36641397959008,1041200
2015-12-10,80.62482452392578,81.6286787347983,80.42586143350911,81.12222535015157,472500
2015-12-11,78.93362426757812,79.83799669392492,78.81605833608609,79.4943376558462,486700
2015-12-14,78.19207000732422,79.07835837077768,77.48666034040043,78.98791557260446,649100
2015-12-15,80.34445190429688,80.90516535439464,79.81087542582569,79.95557834190826,505800
2015-12-16,80.81475830078125,81.00467577100424,79.34063304153578,80.07317284094121,627400
2015-12-17,79.52147674560547,81.1945645441798,79.52147674560547,81.13125874314666,662900
2015-12-18,79.06025695800781,79.5305346091303,78.67137643488633,78.94269099513514,500600
2015-12-21,80.69718170166016,81.27597969664419,79.99176517669552,80.92327488407005,1048100
2015-12-22,81.7552719116211,81.9723193704651,80.74237227065855,81.24881864123266,1691100
2015-12-23,82.58731842041016,82.84958734324093,82.19843786584268,82.33409515693671,418400
2015-12-24,82.69583129882812,83.04853605464524,82.20746927543168,82.20746927543168,94600
2015-12-28,82.81339263916016,82.98522562851271,82.1622433108924,82.90382851257182,348700
2015-12-29,83.12995147705078,83.39222043392978,82.70489512968886,82.7591621930614,632500
2015-12-30,82.60540008544922,83.42838256411815,82.5873156671539,83.31081659565811,281600
2015-12-31,80.28116607666016,81.52920488902082,80.28116607666016,81.38450193693751,433800
2016-01-04,78.95172882080078,79.06024911428108,77.69465148934252,78.94268316307236,2275300
2016-01-05,78.15586853027344,78.76179643952014,77.46855040925381,77.93882106573116,813100
2016-01-06,76.51895904541016,77.07062683154011,75.73215247343431,75.876855387744,2323900
2016-01-07,74.60169982910156,76.10296177749451,74.37560666095678,74.55648533536215,811200
2016-01-08,72.60304260253906,74.26709203523657,72.46738531131548,73.95055605577605,899400
2016-01-11,74.43891143798828,75.29806960489312,73.7968076773547,75.04484636405913,1117900
2016-01-12,74.74638366699219,75.92206370100736,73.86009563843888,75.37944161609158,875800
2016-01-13,72.35887908935547,75.15338809360823,72.2322674328415,74.80068320763104,945700
2016-01-14,74.97248840332031,75.50606491461504,73.31748492284423,74.42082057649495,1442700
2016-01-15,70.06175994873047,71.85241417845161,69.79044535643736,71.10179001943182,1550300
2016-01-19,72.63921356201172,73.12757563840252,71.7257952209947,72.15989714439186,1487400
2016-01-20,77.10680389404297,78.02021518211947,73.22704490963326,73.78775146274658,4539200
2016-01-21,79.0060043334961,79.6571538202814,77.39622193550831,78.45433640162614,1254100
2016-01-22,81.71910095214844,82.94904812370224,81.45683209499795,82.4968618665079,1700700
2016-01-25,81.14032745361328,81.96330310086431,80.86901285792094,81.64677400576777,881600
2016-01-26,81.56536102294922,81.8095385711315,80.63385841720168,81.04082329744377,674500
2016-01-27,81.13126373291016,82.4335624626176,80.85995609743128,81.25787534276336,907200
2016-01-28,81.2217025756836,81.68293454259071,80.42585715615887,81.34831419015762,1846200
2016-01-29,83.05758666992188,83.13898380201583,80.52534721280449,80.61578310416293,1172600
2016-02-01,83.41931915283203,83.87150541196462,82.13511183285101,82.31598357657815,528400
2016-02-02,80.0460205078125,81.73719284864592,79.96462338616287,81.65580262681164,740200
2016-02-03,82.27981567382812,82.49686314870672,80.3173220432436,81.69197215037603,889300
2016-02-04,82.72296905517578,83.36507282154963,81.77337499374329,81.8457264631472,666800
2016-02-05,79.9103775024414,81.32119679792599,79.63002415521474,81.32119679792599,893000
2016-02-08,78.10163116455078,78.5809476176049,76.53706327268272,76.83550793584278,1281100
2016-02-09,76.84453582763672,78.10161310624935,76.59131262040755,76.69983290932582,1202400
2016-02-10,73.92340850830078,76.62748733494338,73.84201829269021,76.33808840196998,2413100
2016-02-11,73.9867172241211,74.55647635510114,73.14565046393564,74.55647635510114,1099900
2016-02-12,74.1947250366211,74.23993952435802,72.56685168216123,73.23609233889195,1143300
2016-02-16,75.94921875,76.17531191418814,74.80970727054333,75.11719066192762,758300
2016-02-17,78.02926635742188,78.15587796867952,76.82644915065893,76.88071619820886,812100
2016-02-18,77.70368957519531,78.45432046441276,77.62229935578902,78.24631173734926,672500
2016-02-19,79.59383392333984,80.08219595203751,78.4543225230453,78.78894286673129,1254600
2016-02-22,79.51245880126953,80.00986662547615,79.27732682966024,79.43106855720875,810800
2016-02-23,80.10932159423828,80.73333395765216,78.94268018463501,79.06024613140808,1526600
2016-02-24,80.6790771484375,80.83281883130026,79.33156393427144,79.46722120142721,807300
2016-02-25,81.32118225097656,81.3664036407442,80.45298538599783,80.86899595256169,315800
2016-02-26,82.13512420654297,82.48782898981634,81.97233685273866,82.38834744583505,279300
2016-02-29,82.31597900390625,83.37410003535685,82.31597900390625,82.59633916086841,359700
2016-03-01,84.82110595703125,84.95676322535509,83.77203044179652,84.07047505214591,593300
2016-03-02,84.41414642333984,84.42319208249381,83.2836805226642,83.6906523867972,458300
2016-03-03,85.64408874511719,85.65313440372931,83.88961046423819,83.94387061627918,562000
2016-03-04,86.2319107055664,86.38565236428893,85.62598282720292,85.77067882958467,1181800
2016-03-07,86.85594940185547,87.02778241184811,85.29138169462453,85.31851176992532,1015400
2016-03-08,84.82110595703125,85.8973115459677,84.75780015178883,85.5626912040776,619200
2016-03-09,85.1104965209961,85.4270255160109,84.89344905295945,85.0924052071012,169000
2016-03-10,86.76551818847656,88.46573636374026,86.02393285779796,87.20865887514869,1123000
2016-03-11,88.40243530273438,88.42051972160854,87.54328395997452,87.98642467046417,656100
2016-03-14,87.71510314941406,88.5199942720593,87.3714440194606,88.14920506603265,378800
2016-03-15,87.35334777832031,87.65179239793456,87.0820401330655,87.29004197111264,299700
2016-03-16,87.97737121582031,88.11302849471407,86.55750641633934,86.81977531558306,520700
2016-03-17,88.4114761352539,88.60139357223807,87.32622476700945,87.47092770936847,302000
2016-03-18,88.61041259765625,89.23442487452738,88.31196804360563,88.42953397407376,312800
2016-03-21,88.46575164794922,88.60140895500929,87.93217497994813,88.14017687093195,567400
2016-03-22,88.84556579589844,89.11688034652455,87.7060612428263,87.75127573472022,757100
2016-03-23,88.36625671386719,89.2163692696677,88.33008097746969,89.17114787421679,892300
2016-03-24,87.66084289550781,87.66084289550781,86.80169162171354,86.96447897777956,292900
2016-03-28,88.14920806884766,88.31199543064801,87.44379846765148,88.0587721789177,182600
2016-03-29,90.46439361572266,90.60005089099674,88.78225996188168,88.936001653945,409000
2016-03-30,91.47730255126953,92.13749077689343,90.95276471459826,91.49538696985778,460400
2016-03-31,90.78994750976562,92.1736362208614,90.74472612843262,91.77571704434996,637900
2016-04-01,90.95275115966797,91.00701130716249,89.8042010055371,89.89463688463306,367600
2016-04-04,91.911376953125,92.7886194036854,91.84807115255954,92.3726088714246,861500
2016-04-05,90.00315856933594,90.5457876519209,89.78611107619119,90.05742561748367,1059400
2016-04-06,91.43206787109375,91.49537367667952,89.79515568393661,89.86750714741044,753000
2016-04-07,90.51864624023438,91.29640719400642,90.39203463378917,91.115535441889,452200
2016-04-08,91.02507781982422,91.66718135620133,90.78089342300508,91.23307959508587,424200
2016-04-11,90.66336059570312,91.8480865910575,90.56387904954799,91.20598282030275,188400
2016-04-12,91.20597076416016,91.54963675083768,90.16594094626218,91.04318342831687,295100
2016-04-13,92.2912368774414,92.42688726270978,91.59486603392178,91.87521936323127,363100
2016-04-14,90.7718734741211,91.16075393867382,90.2292444353481,91.15170828141031,547800
2016-04-15,90.03031921386719,90.90755507508071,89.81326476383961,90.31971824742006,540400
2016-04-18,89.74092102050781,90.46441516125506,89.3429947582156,89.4063005817787,342600
2016-04-19,90.21117401123047,91.10650102435588,89.84942356255057,90.65431468845999,833800
2016-04-20,87.20866394042969,90.03934814393419,86.03297661383539,89.54194727484928,2104400
2016-04-21,86.656982421875,87.94118986037738,86.3766291232793,87.94118986037738,626600
2016-04-22,86.70218658447266,87.24480865773113,86.20477899242755,86.57557499737281,275500
2016-04-25,86.93733978271484,87.29004456188524,86.75646801384336,87.09108837605288,367000
2016-04-26,87.19058227539062,87.70607447952641,87.082055058798,87.22675111443816,348200
2016-04-27,89.74994659423828,89.91273395945618,88.34817302135507,88.38434875804975,600200
2016-04-28,88.6375732421875,90.05743815298267,88.402434400325,88.89984216199251,902200
2016-04-29,87.36239624023438,89.12592704015886,86.86499542472932,88.93600271262494,786700
2016-05-02,88.14014434814453,88.23962587662646,87.30812329158177,87.45281930585521,461300
2016-05-03,86.40596771240234,87.11061678669722,86.1405810334195,87.0557046236339,604700
2016-05-04,85.82032012939453,85.87522533042376,85.30785296821128,85.65559754446542,1430900
2016-05-05,85.01499938964844,85.94842256040671,84.83197044706036,84.9051820240956,464400
2016-05-06,84.49339294433594,84.85944390755657,84.0266777916836,84.53914495108764,336300
2016-05-09,85.09736633300781,85.67389883688872,84.68556338609947,85.34445368662564,456800
2016-05-10,85.42682647705078,85.57324967257445,84.61236665201655,84.6672718594168,367700
2016-05-11,84.72218322753906,85.33531464370695,83.9809280256086,84.01753382413474,897100
2016-05-12,83.76129150390625,85.05161958583159,82.75465658558973,84.93264900753577,1099600
2016-05-13,83.55081939697266,84.5391479564091,83.41354940815488,83.8711113829864,770000
2016-05-16,87.69633483886719,88.20880204609905,85.82032784092728,86.16807943027067,1553600
2016-05-17,86.29618835449219,87.44009325324292,86.1772177766436,87.10149488974979,710300
2016-05-18,86.49748992919922,87.44007321450376,86.0948402447668,86.18635121932691,349400
2016-05-19,85.39019775390625,85.90267181881559,84.92348965261432,85.56407350645053,573700
2016-05-20,87.37604522705078,87.46755623344211,86.89102362767645,87.07405262230135,571700
2016-05-23,87.57735443115234,88.07152217493882,87.1289456750992,87.22960986263948,387200
2016-05-24,89.24288940429688,89.37101318758626,87.42179459928799,87.42179459928799,785500
2016-05-25,90.52405548095703,90.80774864064459,89.81941314242759,90.00243513164939,1000800
2016-05-26,90.97248840332031,91.30192664976384,90.05736432071257,90.77115998805178,748900
2016-05-27,91.58560180664062,91.96079897598032,90.94501088600408,90.94501088600408,765500
2016-05-31,91.49408721923828,91.73201439753659,90.9084015215474,91.55814561060183,509600
2016-06-01,91.37510681152344,91.57643515751859,90.48743563973039,90.51489521750814,1335700
2016-06-02,91.6405029296875,91.71371451424744,90.86264904380086,91.24699938997907,614600
2016-06-03,92.29023742675781,92.49156578769059,91.65880672782593,92.29023742675781,279900
2016-06-06,91.5764389038086,92.69289106320707,91.51238051672051,92.4915627089758,389000
2016-06-07,92.60138702392578,92.77525581229568,92.1163724879068,92.58308063661879,444400
2016-06-08,92.51904296875,92.63801356737127,91.8235467139578,92.29026194905386,527300
2016-06-09,92.01570892333984,92.03400832892908,90.96331506501046,91.01822026361927,624600
2016-06-10,89.1147689819336,89.90177614847067,88.57484919517816,89.35270316717177,1514900
2016-06-13,88.15388488769531,88.93173878801811,87.51329398366863,87.52244717736875,1055100
2016-06-14,86.57070922851562,86.6622202112436,85.40850508600532,85.56407445482694,1624300
2016-06-15,86.18636322021484,87.14724604149212,86.14060423564324,86.67137773657433,740100
2016-06-16,87.45838928222656,87.50414826914609,85.29869635823886,85.82946988640423,501300
2016-06-17,86.61648559570312,86.90017179365103,85.35361004232612,86.57987979889666,702400
2016-06-20,88.62974548339844,89.33439477368808,88.50162870004415,89.06900801335675,949900
2016-06-21,90.13053131103516,90.4233706159336,89.51740010731649,89.82854579605595,691700
2016-06-22,90.36849975585938,91.10060178712482,90.31359454715931,90.78030278479467,501700
2016-06-23,92.78439331054688,92.80269969475715,90.89008749149691,92.0065395457675,888700
2016-06-24,86.94593048095703,88.40097424425464,85.98504751821353,86.0948649082488,2063600
2016-06-27,84.6489486694336,85.01499957356137,83.41353297711262,84.55743768886173,2285900
2016-06-28,86.3876953125,86.54326469581727,85.15227947595743,85.65559341877939,707900
2016-06-29,87.95256042480469,88.39181599614926,87.51329787161869,87.72377944502563,556100
2016-06-30,90.78944396972656,90.78944396972656,88.69380933884759,89.10561929514728,669800
2016-07-01,90.08479309082031,90.29526766429933,89.77364735450064,90.02073470126051,957500
2016-07-05,87.24789428710938,88.87682041403606,86.9550549686875,88.44671113782644,1007800
2016-07-06,86.83611297607422,86.90932456933423,84.96010604437687,85.49087962274922,1257500
2016-07-07,86.57987213134766,87.15639767084818,86.09485758483815,86.11315699069986,827900
2016-07-08,88.96835327148438,89.00495906801939,87.8061419224833,87.94341191402918,588200
2016-07-11,91.29273986816406,91.46660861894456,90.59724391952335,90.70706127410017,493000
2016-07-12,92.31768798828125,93.1870598020551,91.5123815441553,92.30854177705208,1280100
2016-07-13,92.5281753540039,93.16875927234274,92.29939438576274,92.50986896671361,547200
2016-07-14,94.23030090332031,95.03560735180658,93.89170257631098,94.92579696173703,1023800
2016-07-15,92.9857406616211,93.28773322628982,92.60139029668343,92.65629549686273,538600
2016-07-18,94.37672424316406,94.59635900364535,93.76359291262986,94.02897967849718,802800
2016-07-19,96.6645278930664,97.2776661669107,94.40417789201574,94.50483509027595,3330400
2016-07-20,98.97981262207031,99.15368142990462,97.97317066272603,98.44903904020549,1642100
2016-07-21,96.52725982666016,97.34171943602759,96.05139154905916,96.4632014410416,2199400
2016-07-22,96.6645278930664,96.87500944650682,96.2618781545033,96.59132329268087,397800
2016-07-25,97.44239044189453,97.52474823696036,96.9390695325782,97.17700368805872,500300
2016-07-26,99.53801727294922,99.66614103418794,98.20193730077067,98.36665987168807,926600
2016-07-27,100.2609634399414,100.58126236226997,99.1811170535532,100.33417502115026,876300
2016-07-28,100.7368392944336,100.85580288644354,100.19691256980744,100.54466411572159,530000
2016-07-29,100.31590270996094,101.44150140222446,100.0322095016173,101.10290996590834,1399700
2016-08-01,100.38908386230469,100.80089378518106,100.0138867132032,100.31587926027768,419800
2016-08-02,100.09624481201172,100.2884199838667,99.5471718950202,100.27012057876473,358600
2016-08-03,99.24520111083984,99.51974112046086,98.73273387351257,98.7876390826998,414200
2016-08-04,100.7459945678711,100.87411834704423,100.24268057316716,100.38909677789931,288500
2016-08-05,100.29757690429688,101.26761297492978,100.11455491911242,100.61786886929025,599800
2016-08-08,99.97728729248047,100.26097347074587,99.78511210896119,99.97728729248047,352200
2016-08-09,100.56295776367188,100.76428612465472,100.16945423498015,100.16945423498015,558600
2016-08-10,100.19693756103516,101.0297038583378,99.94070392550908,100.94733905729417,840300
2016-08-11,101.29508209228516,101.6153741095072,100.77346166942573,101.25847629291087,879600
2016-08-12,100.91072082519531,101.69772802699649,100.65448722123067,101.52385921393022,540400
2016-08-15,101.42318725585938,102.10953020619019,101.38658146068742,101.83499023332125,329400
2016-08-16,98.78763580322266,101.52386166759158,97.9274239665289,101.42319746619515,1531000
2016-08-17,96.49982452392578,96.81097031937384,95.8409410983176,96.37170772045957,2084100
2016-08-18,97.03060150146484,97.47901032918685,96.74691528133249,97.11296629618087,679500
2016-08-19,97.67118072509766,97.89080851474064,97.25021757067307,97.73523912132025,525400
2016-08-22,98.06468963623047,98.23855844582077,97.5522154567044,97.89996703956886,486300
2016-08-23,99.28176879882812,99.87660060343586,99.0255352785269,99.4373451348737,723200
2016-08-24,97.62541198730469,98.69610520947312,97.42408362446805,98.57714162317913,473600
2016-08-25,97.43324279785156,97.72608216672145,97.23191442265828,97.51560059760813,271700
2016-08-26,97.28681945800781,98.81508167537235,96.5730239339594,97.70777561368146,870400
2016-08-29,97.99147033691406,98.0280761312764,97.22276261898757,97.22276261898757,280400
2016-08-30,98.39412689208984,99.50143304779746,98.22025808418819,99.47397346375227,602800
2016-08-31,97.5064468383789,97.86334457338211,96.91161495276,97.76268039357703,346400
2016-09-01,98.36666870117188,98.40327449597716,97.25021639605578,97.29597538502276,455400
2016-09-02,98.70526885986328,99.06216663839655,98.37582368247232,98.87914464288673,259200
2016-09-06,98.76931762695312,98.86998180922174,98.35751468628399,98.63204765278311,346300
2016-09-07,97.30513000488281,99.10792527986897,97.05804263178722,98.84253850002334,992100
2016-09-08,95.24609375,95.85007187164364,94.84343701434356,95.30099894782914,919700
2016-09-09,93.0772476196289,94.69702077309064,93.06809442604883,94.40418141509771,818200
2016-09-12,94.38587951660156,94.50484311143583,92.36345651337076,92.45496750800031,502100
2016-09-13,93.10469818115234,94.23945677765437,92.85761781462548,93.80019425935667,516200
2016-09-14,93.32434844970703,93.608034655085,92.27195445494334,92.40922445110243,1069200
2016-09-15,94.84346008300781,95.03563530399339,93.43416814727088,93.63549656406796,1072000
2016-09-16,93.5256576538086,93.79104441657569,92.76611014033433,93.37924146370602,1040000
2016-09-19,94.56890106201172,95.33760877334305,94.44078427376338,94.45909066170819,550000
2016-09-20,95.97818756103516,96.34423850002156,95.46572043555875,95.81346498758332,773900
2016-09-21,97.6528549194336,97.79927807130876,96.46319822872857,96.71943176266996,832500
2016-09-22,99.55631256103516,100.26095476916962,99.4648015833585,99.78509349614687,579500
2016-09-23,99.35499572753906,99.98643341576425,99.21772575420651,99.52887149254968,664700
2016-09-26,99.53801727294922,99.89492199480429,99.08960854505662,99.28178371415345,663300
2016-09-27,100.31590270996094,100.4806253212486,98.68697600640854,98.79679340788117,591600
2016-09-28,100.53553009033203,100.70025270089758,99.62955922314283,100.00475645830502,316300
2016-09-29,99.50143432617188,100.42570452748721,98.4215877406358,99.99559513586426,551900
2016-09-30,100.27928924560547,100.79175644962719,99.76681505974173,99.92239144539863,338000
2016-10-03,99.6844482421875,100.30673278304916,99.3275504742358,100.07795180452415,416800
2016-10-04,99.7119140625,100.52637389548424,99.39162204646838,100.10541767700806,324300
2016-10-05,99.57462310791016,100.02303881783924,99.48311211999187,99.8400098601618,280100
2016-10-06,99.51057434082031,99.73935532365951,98.65950880538485,99.08046497598798,473500
2016-10-07,97.35088348388672,98.07383224366585,96.4174601250144,97.9548686433889,861900
2016-10-10,97.90911102294922,98.59545399643645,97.90911102294922,98.49478980177766,686400
2016-10-11,93.99237823486328,96.67369163538088,93.71784524431865,96.64623903451057,959100
2016-10-12,93.87342071533203,93.95577852327553,92.81187353400264,93.62633332781758,794500
2016-10-13,91.86929321289062,92.10722739592238,91.54900122525653,92.05231521101247,1161200
2016-10-14,92.53734588623047,93.44331673530036,92.38176949247715,92.9583021088472,331200
2016-10-17,92.57393646240234,92.73865206074423,91.97910453497215,92.079768721853,399000
2016-10-18,93.64462280273438,93.87340375926495,93.18706088967323,93.80934537071,955700
2016-10-19,95.25523376464844,95.85921882883916,94.44077413457835,95.85921882883916,1109900
2016-10-20,94.78854370117188,94.8251494982613,93.77275552292633,93.8185075329067,739900
2016-10-21,96.32594299316406,96.38084819258968,94.62381199255765,94.68787038583461,1638300
2016-10-24,96.34423828125,96.47235506232818,95.87752316055608,96.01479313509441,971000
2016-10-25,95.66706085205078,96.21613383877538,95.29185667231985,95.79517764955845,567100
2016-10-26,95.03561401367188,95.84092750045018,94.92580361590477,95.60299333555284,376200
2016-10-27,95.21864318847656,96.33508846532347,95.0447674158425,96.25273066681754,606800
2016-10-28,96.50897216796875,96.95738095430886,95.80432978943428,95.95989918728917,915500
2016-10-31,96.6553955078125,97.33258528567298,96.03311093355532,96.55473131331195,794000
2016-11-01,95.07222747802734,96.71030020135676,94.52315449936494,96.6828475996999,936100
2016-11-02,95.20034790039062,95.84093888476872,94.87090270427434,95.18204849253615,564400
2016-11-03,93.14130401611328,94.80682913812122,93.14130401611328,94.57804817640672,707000
2016-11-04,93.79104614257812,94.26691447831124,92.86677603457878,93.54396576267762,791600
2016-11-07,95.85923767089844,95.86839086568729,94.8068436891216,94.98987267568911,413000
2016-11-08,95.91413116455078,96.28933530481918,94.74277372091272,94.79767891925792,516600
2016-11-09,94.87089538574219,95.00816537050835,93.64463268067173,93.64463268067173,495700
2016-11-10,92.79356384277344,94.63296481659701,92.1621261244815,94.05643229751612,934900
2016-11-11,91.74117279052734,91.97910696415154,90.34103431291368,91.23785184283028,1212200
2016-11-14,90.78028869628906,91.30190904351485,90.33187993719635,90.54236150761858,687800
2016-11-15,91.53070068359375,91.76863488182545,90.36849625940735,90.70709465758932,491100
2016-11-16,92.1529769897461,92.21703538559431,90.7345390868664,90.78029109427713,1036300
2016-11-17,93.8551254272461,94.1205122539695,92.6014098790872,92.64716189496467,1344700
2016-11-18,95.71281433105469,95.85923752007832,94.60551514597076,94.7885441322503,1914300
2016-11-21,96.17037963867188,96.18868602885176,95.19119721931341,95.25525562125866,1408200
2016-11-22,96.38084411621094,96.64623087194573,95.9049827836857,96.49980770388201,876300
2016-11-23,96.17951965332031,96.40830062632148,95.4016657414846,95.6121473086558,432300
2016-11-25,95.30101013183594,95.5938495243591,94.96241174785779,95.16374013931281,251900
2016-11-28,94.83428192138672,95.09052246375303,94.45908477400044,94.53229635753368,453200
2016-11-29,94.98072052001953,95.1820489165254,93.99238492726815,94.14795433117104,1194200
2016-11-30,94.37672424316406,95.00816196132564,94.19370225793753,94.96240297409841,434200
2016-12-01,91.50325012207031,94.01984121329656,91.21956390597617,93.95578281024812,837900
2016-12-02,91.31105041503906,91.78691869444987,90.4508318204552,90.60640817055513,701100
2016-12-05,94.1845474243164,94.27605841533642,93.05894896927228,93.6080218972334,818600
2016-12-06,93.99237823486328,94.16625401616395,93.15046589291329,93.2419768897615,399900
2016-12-07,94.76107788085938,95.09966923848413,93.18706373477814,93.32433370925563,566600
2016-12-08,94.3584213256836,94.92580062971587,93.93746518985614,94.431632909786,478800
2016-12-09,93.94660186767578,94.35840473763595,93.424974659028,94.18452900142002,362500
2016-12-12,94.16625213623047,94.56890191069242,93.71784337333719,94.41333252097209,308500
2016-12-13,95.75857543945312,95.95990383788923,95.17289663409835,95.2735608333164,308400
2016-12-14,94.83428192138672,96.03309891076054,94.74277093289062,95.70365376670188,390800
2016-12-15,96.115478515625,96.44492373443879,95.46574127347627,95.60301127828909,655400
2016-12-16,97.2227554321289,97.6620179501647,96.96652187237507,97.24106181887754,865800
2016-12-19,100.86495208740234,101.10288624384457,99.16282116408668,99.16282116408668,1709400
2016-12-20,100.39823150634766,100.48059627910668,99.84915862136948,100.08709276486822,810500
2016-12-21,100.70940399169922,100.93818500305534,100.40741138106698,100.691097600959,659500
2016-12-22,100.64534759521484,101.04799743557984,100.45316539782124,100.99309222594883,324200
2016-12-23,101.33167266845703,101.44148306824056,100.91070952981586,101.04797951138656,183900
2016-12-27,102.04547882080078,102.14614301897909,101.38658842612165,101.38658842612165,308500
2016-12-28,101.37740325927734,101.86241770744275,101.05711135783226,101.4048558534241,509900
2016-12-29,101.72515106201172,101.91732619593668,101.3041880275023,101.55127532957694,754900
2016-12-30,102.67688751220703,103.09785060400095,101.82582209938977,102.54877073882297,858700
2017-01-03,101.07542419433594,101.83497864860396,100.80089123453932,101.56044568880735,874700
2017-01-04,100.59041595458984,100.9839195051608,100.31588297767317,100.51720436800893,846200
2017-01-05,101.79837799072266,102.40236310004414,101.34996924648891,101.39572823301609,493800
2017-01-06,101.68856048583984,102.11866281266157,100.93815923939938,101.17608640355422,360200
2017-01-09,102.94229888916016,103.16193368053295,101.58791925157216,101.59706546483106,554800
2017-01-10,103.08871459960938,103.52797018678253,103.02465620223656,103.02465620223656,816100
2017-01-11,103.8482666015625,103.87571920235547,102.66775589457406,102.72266109616001,419900
2017-01-12,105.02875518798828,105.0745141706086,103.40898913810041,104.26920774211074,713900
2017-01-13,105.51377868652344,105.73340644725862,105.01045779542133,105.02875719971567,1474200
2017-01-17,106.07201385498047,106.44721102078672,105.138583573708,105.81577330003424,1381400
2017-01-18,112.53280639648438,115.195813771562,111.5902297349521,111.70919334888835,4392000
2017-01-19,111.51700592041016,111.63596952131643,110.23583098468018,110.60188196372327,1936700
2017-01-20,111.69086456298828,111.92879172828151,111.20584307564293,111.20584307564293,786900
2017-01-23,111.80067443847656,111.93794440664725,110.36393033288348,111.61765246880941,1570600
2017-01-24,112.14842987060547,112.56023280765324,111.70916735349246,111.90134252290414,975100
2017-01-25,112.35891723632812,112.53279302066528,111.89220206785777,112.1118368423389,649500
2017-01-26,110.84894561767578,111.79152901544491,110.79404042275667,111.0045219730144,611200
2017-01-27,111.43463134765625,111.71832449696785,110.76659482777258,111.1326457746694,663500
2017-01-30,111.3797378540039,111.51700784624585,109.83317610630549,110.64764286511657,1161000
2017-01-31,111.09606170654297,111.64513474333845,110.72085749259655,111.31568952489266,1435700
2017-02-01,111.01367950439453,111.74578142655872,110.72999332593056,111.32482526495879,1324600
2017-02-02,112.32231140136719,112.73412136699432,111.91050841758171,112.6426033867383,632800
2017-02-03,112.56938934326172,113.08185647690831,112.44127255985006,112.47787835251641,358300
2017-02-06,111.85558319091797,112.22162711904758,111.52613807012901,111.86472940183293,260700
2017-02-07,112.79816436767578,113.08185051859105,111.52614281236828,111.67255899347785,1117200
2017-02-08,113.55772399902344,113.7133003717839,112.55108908235007,112.93544643534729,853100
2017-02-09,113.95124816894531,114.89383184270527,113.7682261443985,113.85059094273446,820400
2017-02-10,114.25321960449219,114.61927056754324,113.6126356555339,114.20746759776168,791500
2017-02-13,115.76317596435547,115.89129275470151,115.07683302385534,115.43373079436809,1052600
2017-02-14,115.5344009399414,115.76318193190168,114.95787535366455,115.37883154105045,1825300
2017-02-15,116.45865631103516,116.47695571495747,114.66501450750764,114.8022774915262,900800
2017-02-16,116.46781921386719,116.62339558778574,115.74487745495816,115.80893585062762,1023500
2017-02-17,116.11090087890625,116.11090087890625,115.14087192145018,115.15917132475452,808100
2017-02-21,116.7606430053711,116.76979619834246,114.6192566515478,114.64670924862135,3895800
2017-02-22,113.3198013305664,114.85720985840886,113.09102034119606,114.48200568455746,2312100
2017-02-23,113.2740249633789,114.04273260029892,112.78901045741111,113.96036782620291,764500
2017-02-24,112.13014221191406,112.51449261493177,111.3156824133014,111.91051440759567,1442500
2017-02-27,112.46873474121094,112.57854514672472,111.71833338221958,111.91050857371036,736500
2017-02-28,111.36143493652344,111.8464495095614,111.10520134939709,111.1875591530413,1033500
2017-03-01,112.99034881591797,113.40215177732799,112.03861912406951,112.1026775176631,1274400
2017-03-02,111.25160217285156,112.14842658567812,111.1692443805907,111.44377733663427,961800
2017-03-03,112.54195404052734,112.55110025371879,111.48956003061367,112.34062564084134,783800
2017-03-06,111.27906799316406,111.5627611578455,110.5286666531991,110.9587760154671,495300
2017-03-07,109.79656982421875,111.0868909071186,109.65929984131246,110.95877411823044,1234500
2017-03-08,110.501220703125,110.88557109949382,110.1260165196398,110.5652791025198,575800
2017-03-09,110.95877075195312,111.22415751569626,110.41885101256757,110.89471235945244,405700
2017-03-10,114.39046478271484,114.49112895027083,113.42043587554619,113.90545032913052,1016100
2017-03-13,113.64923095703125,113.8963113197195,112.95373488963206,113.07269847435741,838100
2017-03-14,113.46620178222656,114.23490943035935,113.3472381977311,114.17999725288082,412900
2017-03-15,115.36967468261719,115.58930247300856,114.00614196875186,114.25322236021195,838900
2017-03-16,115.47948455810547,115.53438975667196,114.2166091363473,114.28982072233002,424200
2017-03-17,117.0443344116211,117.52934192252262,116.15666321614667,116.3945973570195,1030300
2017-03-20,117.38294982910156,118.19740956421722,117.11756305289602,117.90456320550093,577600
2017-03-21,115.59845733642578,118.8013981502414,115.44288794022906,118.68242756810369,1398800
2017-03-22,117.97776794433594,118.27061428604696,116.22988497875494,116.28479017690522,529900
2017-03-23,118.2522964477539,118.69155195410279,117.86794613423852,118.23399006224913,266000
2017-03-24,121.01598358154297,122.21479359710091,120.75975001930227,121.96770624648242,1709800
2017-03-27,121.43694305419922,121.89450502046499,121.12580426842243,121.51015464444372,2238000
2017-03-28,122.43440246582031,122.89196434865849,121.8212712184588,122.0500521598779,1370300
2017-03-29,121.62911987304688,122.13244080653251,121.29051453760248,121.85790084611467,358300
2017-03-30,121.3729019165039,121.88536912792215,121.10750813393675,121.14412091400047,361100
2017-03-31,121.52845001220703,121.885347754982,120.90615853340245,121.04343548904315,535400
2017-04-03,120.9610595703125,121.4826868491811,120.04593575223957,121.11664290742445,564100
2017-04-04,121.47354888916016,121.51014770034932,120.65908919429937,121.07089214766813,584000
2017-04-05,119.90869140625,120.8055089775518,119.80802721206527,120.43031876621185,557200
2017-04-06,119.86292266845703,120.1008638155539,119.46942610007736,119.8354700689739,370000
2017-04-07,120.04594421386719,120.4760535557729,119.45111927566514,119.46026548756528,546900
2017-04-10,118.88374328613281,119.68904278276716,118.69156113267304,119.54263357844937,1180800
2017-04-11,118.79222869873047,118.82884147361413,117.41954287792021,118.63665931468051,613200
2017-04-12,118.06012725830078,118.93865233103828,117.41039712026571,118.73732395944599,485300
2017-04-13,117.4836196899414,118.85630564439182,117.44700691149323,118.06013829550572,575600
2017-04-17,119.12169647216797,119.23150689030442,117.9503387997629,117.9503387997629,334800
2017-04-18,119.5609359741211,119.84463612216419,118.78308901114717,119.31386256665567,915700
2017-04-19,116.12005615234375,122.36120704884445,115.34220233392534,121.81212719411108,3355400
2017-04-20,119.0118637084961,119.71651300783222,118.3163606210591,119.05762269535626,2259500
2017-04-21,118.99356842041016,119.41453158963476,118.70988222457088,119.28641479268529,1298800
2017-04-24,122.13243103027344,122.89197151201951,121.44608816600932,122.28800040386488,685100
2017-04-25,122.84622955322266,123.49595966125513,122.49847802495184,123.45020067642766,681300
2017-04-26,121.21731567382812,122.10497299365981,120.79635254367089,121.74807523787354,633600
2017-04-27,121.66572570800781,122.525944450589,121.11665971915912,121.4003459079501,453100
2017-04-28,121.85704803466797,123.07699743987439,121.63523264175767,123.04003525888272,753400
2017-05-01,122.79049682617188,122.92912263518586,121.73689837070447,122.0418892528556,264200
2017-05-02,124.75906372070312,124.8145140424387,123.59455055497635,123.82560296375453,850700
2017-05-03,124.00121307373047,124.73134663000862,123.60380967403334,123.66849701947021,1008300
2017-05-04,124.82376861572266,125.12875953047862,123.60381905902061,123.61305607983557,871400
2017-05-05,125.54461669921875,125.61855515244142,124.2784541807858,124.40784294834597,481000
2017-05-08,123.16940307617188,123.64074484074995,122.9845639980423,123.42818060601682,957800
2017-05-09,124.7313461303711,124.90693412575109,124.06591402451612,124.12136434961724,438200
2017-05-10,123.65924835205078,124.30619225708845,123.39121966847266,123.89030075401563,703900
2017-05-11,123.99193572998047,124.09359932745114,122.75349852611306,123.13241366003452,639900
2017-05-12,125.17491912841797,125.20264428128823,123.93648195915993,123.94571897601142,443300
2017-05-15,125.45220184326172,125.82188000008453,124.96237193942852,125.14721101783994,577500
2017-05-16,126.85700225830078,126.86625337961298,126.1546080522076,126.50581220641374,729100
2017-05-17,122.74427032470703,125.66477594069346,122.73503330587273,125.37827323132294,645700
2017-05-18,123.84408569335938,124.10286325169727,122.2821692219004,122.55019790166989,689500
2017-05-19,124.6296615600586,125.16569068085342,124.33390773945062,124.7682873495196,619200
2017-05-22,124.0381851196289,124.32468785888786,123.53910400413501,123.82560674339396,548800
2017-05-23,123.76092529296875,124.59270838863635,123.5853231922049,124.43559443066897,687200
2017-05-24,123.37274932861328,124.10286873569011,123.07699547611844,123.81636600503566,938000
2017-05-25,124.6666030883789,124.78675482089038,123.37271559331704,123.37271559331704,457600
2017-05-26,124.02894592285156,124.39863828511882,123.42821522485954,123.71471799166564,731800
2017-05-30,123.29884338378906,123.66852169458508,122.91991394871282,122.97536428509986,1020200
2017-05-31,121.9864273071289,123.2341017763451,121.64446017360768,122.97532422262682,1436000
2017-06-01,123.66848754882812,123.68697568996029,122.56867583973904,122.82745340631062,707400
2017-06-02,124.49103546142578,124.57421094431793,123.42820001828417,124.41709699808169,334300
2017-06-05,123.06775665283203,123.68697540730753,122.71655248372187,122.82745312562206,519500
2017-06-06,122.56868743896484,123.21564551893806,122.30990984790397,122.32839799078576,614500
2017-06-07,123.83486938476562,124.26924909511962,123.01232327198665,123.65001615304949,413400
2017-06-08,124.77751922607422,124.85145767817927,123.52984486538558,124.31541447715595,312400
2017-06-09,120.17498016357422,124.25998514136869,118.90881745052484,124.0566578893333,1203900
2017-06-12,119.29695892333984,119.74982663608371,116.47811724670396,119.42634768379277,1941400
2017-06-13,121.93094635009766,122.07882324711547,120.47070782457729,121.25627739813989,1373900
2017-06-14,120.2858657836914,122.50397713727672,119.25999263195881,122.37458836599146,857700
2017-06-15,117.91065216064453,118.43744425342257,117.37460894719021,118.17867376737168,1551700
2017-06-16,119.80529022216797,120.23041872405433,119.01970645231188,119.40787277668069,925300
2017-06-19,121.48735046386719,121.82931760928471,120.86813171719155,121.24706104200365,388000
2017-06-20,118.751708984375,121.12692057125827,118.69624455663353,120.72951717086302,604100
2017-06-21,120.54464721679688,120.72950041230052,118.7609295192013,118.83486797693898,710600
2017-06-22,120.16574096679688,120.87737223370779,119.85149897241345,120.40603039561252,660400
2017-06-23,124.43560028076172,125.15648275818343,122.82747023757085,122.86444652490212,1276100
2017-06-26,123.6407699584961,125.75721802464372,123.52986930955231,125.51691448217144,978400
2017-06-27,122.33763122558594,124.67588059538299,122.26369275866769,124.5095296215574,1783600
2017-06-28,124.75906372070312,125.02707830986508,122.45777665243726,123.12320871790402,773900
2017-06-29,119.7775650024414,123.08622282785012,118.6223030487231,122.6148810275678,1988500
2017-06-30,120.43376922607422,121.51509293195741,120.03636580612053,121.17313984015341,899500
2017-07-03,119.84226989746094,121.3856984014874,119.52804198456663,121.16389709936004,427900
2017-07-05,121.51508331298828,121.59827290094913,119.62970179353601,119.67591509744307,796200
2017-07-06,121.27477264404297,121.78309069338722,120.23966250888225,120.87735522280367,832000
2017-07-07,122.8182144165039,123.41894502162464,121.83855448701128,121.83855448701128,588700
2017-07-10,124.59268951416016,124.81450488715195,123.39121425617921,123.84408202100124,439700
2017-07-11,125.52615356445312,125.74795484106632,123.53909448010488,123.56681963968154,1100900
2017-07-12,126.65367126464844,127.12502716337765,125.95127707939218,126.25626792494677,841300
2017-07-13,126.47807312011719,127.14350507464542,126.03444241555334,126.39488354906301,484300
2017-07-14,129.31539916992188,129.43555092474566,127.43925490252226,127.57788069476612,1164700
2017-07-17,129.5926971435547,130.11948938764542,128.55758669739598,129.77753628003703,869900
2017-07-18,132.3930206298828,132.51317238647744,130.43370085825939,130.57232665254637,1252200
2017-07-19,139.2136993408203,139.38930142469815,136.74606135182026,137.3560289822385,2528800
2017-07-20,142.16195678710938,142.65178684803772,139.88839449676533,140.70170362539608,2971500
2017-07-21,142.5962677001953,142.6517321123111,141.08056478898465,141.48721919726597,938400
2017-07-24,142.0879669189453,142.79036102905016,141.4594971553213,142.21735567876246,1272100
2017-07-25,141.15455627441406,142.6795108784647,140.99744230350984,142.6517857131476,974600
2017-07-26,142.81808471679688,142.9751986305089,141.32086992539757,141.40404539107152,768800
2017-07-27,141.62588500976562,143.92715790175052,139.9992670787607,143.1600622369824,1019400
2017-07-28,140.9696502685547,141.2931291802398,140.1563415321913,140.20255481990566,539100
2017-07-31,138.93643188476562,140.79408811762863,138.5482655421817,140.23957081493134,868100
2017-08-01,139.48171997070312,140.57229470095655,139.15825505161524,140.43365479078724,391600
2017-08-02,139.57411193847656,141.3023790582407,138.9179170387626,141.00663937411824,855200
2017-08-03,140.636962890625,141.24694456672844,139.98078201974383,141.08983063845665,924000
2017-08-04,141.34864807128906,141.4595487337636,140.43367529890727,141.04365714716178,491200
2017-08-07,142.71641540527344,142.93823074051568,141.71826755015803,141.7275186697409,476000
2017-08-08,141.5242462158203,143.43735310141636,141.32091893877623,142.77192094060334,490700
2017-08-09,141.92160034179688,142.0787142554168,140.8033148088796,141.08981748091102,547100
2017-08-10,138.79779052734375,140.9419635617905,138.714615048159,140.90500138292592,844800
2017-08-11,139.73126220703125,139.8698880165469,137.66102747023507,138.0676819812415,416900
2017-08-14,141.04364013671875,141.68134707368182,139.40778505089878,139.42627319318888,552600
2017-08-15,140.90501403808594,141.06212799143006,139.86988960675907,139.97155323566653,376800
2017-08-16,142.02328491210938,142.4484275252642,140.51681877923872,140.66469569705947,518900
2017-08-17,139.2322235107422,141.5797246841492,139.18602429504082,141.27473370796682,486000
2017-08-18,140.72012329101562,141.04360223372052,139.53713634412645,140.47983391510016,688800
2017-08-21,140.10093688964844,140.75713194350286,139.50020626051753,140.62774315712142,562600
2017-08-22,142.67022705078125,143.07688151864383,140.359703121852,140.38742828081365,839100
2017-08-23,141.7737579345703,142.51312849206437,141.5242314769934,142.23586277021406,532300
2017-08-24,141.8199462890625,142.23583774751248,141.13604027811033,141.6720693831147,400200
2017-08-25,142.53158569335938,143.0676288786202,141.91236704029532,142.08796909609148,535300
2017-08-28,142.43914794921875,142.66096328163832,141.76447903712742,142.0232565404588,261400
2017-08-29,143.39112854003906,143.7423327368859,141.8661881841991,141.98633995729318,575500
2017-08-30,143.07687377929688,143.52974152170518,141.79222310839458,142.18038941517963,834200
2017-08-31,144.4632110595703,144.79592710439846,142.87356930120478,143.17856018415728,787400
2017-09-01,145.35971069335938,145.62773942247705,144.52792754588916,145.24881003431585,739700
2017-09-05,143.07687377929688,144.60182795129336,141.83843640493717,144.0935098939612,493400
2017-09-06,144.62033081054688,145.35970139562863,144.06581344847626,144.46321685284417,496400
2017-09-07,148.66839599609375,148.74233447585578,146.32090919852183,146.95860214461374,1027800
2017-09-08,147.61474609375,148.8901597478171,147.0324895817075,148.1045760125953,659400
2017-09-11,150.44285583496094,150.53528244711626,148.74231334894304,148.89942730775024,698200
2017-09-12,149.12123107910156,149.81438830921394,148.66836327859298,149.60180993830912,439400
2017-09-13,147.938232421875,148.79774055160038,147.8735309829569,148.42806236507053,613300
2017-09-14,149.19515991210938,149.6203025643419,148.1415614548518,148.5204908032277,525500
2017-09-15,150.1008758544922,150.76630785625906,149.86057234688172,150.6831182792993,632300
2017-09-18,154.33377075195312,154.5370979981609,152.18959764733287,152.31898643107237,1294000
2017-09-19,155.53521728515625,155.9049095625558,154.96221188308496,155.85869626509106,992800
2017-09-20,152.67019653320312,155.26722343064202,151.32084421979687,155.1932849653014,990200
2017-09-21,153.2062225341797,153.51121338090823,151.72748159894775,152.98440716319928,1066000
2017-09-22,153.3818359375,153.83468962935035,152.56852695280912,152.67942759533253,303600
2017-09-25,149.73117065429688,152.67016409221762,148.93634994867728,152.38366141385194,849400
2017-09-26,150.51678466796875,150.57223499078353,148.7515408459908,149.42620994410422,1180700
2017-09-27,154.28759765625,155.17483123243568,150.71090997899992,150.83104767228798,1253600
2017-09-28,157.56851196289062,158.0398538184964,155.39661359404744,155.5167653640789,1477700
2017-09-29,158.2246856689453,158.52967653880256,156.7644327628044,157.20806353840757,1677100
2017-10-02,157.76255798339844,158.74221779177333,156.9122869402369,157.4760552963059,585700
2017-10-03,157.54080200195312,157.69791596898156,156.70900475599336,157.54080200195312,454400
2017-10-04,158.21543884277344,158.43724011450726,156.67201055024364,157.08790203706346,861200
2017-10-05,155.74783325195312,156.94930876464568,155.13785142364927,156.6997681799174,422300
2017-10-06,156.5980987548828,157.96592520529916,154.9899687494151,155.26723448860903,1224200
2017-10-09,157.2450408935547,157.71638277301037,156.46870811480846,156.61658505428045,352800
2017-10-10,158.20616149902344,158.20616149902344,156.11745328992455,157.36514164589954,522200
2017-10-11,159.79583740234375,159.94371432586473,158.1137832298313,158.37256079483322,859100
2017-10-12,160.45204162597656,161.6350288772576,158.9178501867988,159.01951381475206,1302000
2017-10-13,162.93817138671875,163.46496357752085,162.27273928083767,163.18771195200435,809400
2017-10-16,163.20614624023438,163.2153973603788,162.1155858393073,162.4852639848344,743200
2017-10-17,162.97512817382812,163.29860719598247,161.26534876302446,162.67013729353638,1055300
2017-10-18,158.7145233154297,162.63317740874263,155.8402306661375,162.5130256384194,2715900
2017-10-19,162.67935180664062,162.92887820519172,160.27640158878629,160.84016991900427,1120100
2017-10-20,161.94000244140625,162.86421201401907,161.45017249610694,162.67012179875007,1091300
2017-10-23,164.57400512695312,165.69229081090342,163.8531086872213,164.46309038882268,1240700
2017-10-24,164.90670776367188,164.96217218414185,163.81614723385158,164.33370233968623,614400
2017-10-25,163.9178466796875,165.41506200629527,162.402143208882,164.97144526180446,560000
2017-10-26,164.3429412841797,165.00835915500755,163.46493097078044,164.07491262988373,427700
2017-10-27,165.3688507080078,165.6738416305299,163.70528437035617,164.74039482086337,703800
2017-10-30,164.444580078125,165.28561405915713,163.85308659634438,164.77729604302138,1268300
2017-10-31,167.0509033203125,167.25423058255333,166.0157929687744,166.04351813159627,526400
2017-11-01,167.65162658691406,169.11187954115493,165.93259605620722,168.83461382284992,941900
2017-11-02,168.4371795654297,168.612781624914,167.1802540948405,167.5961455449089,553700
2017-11-03,170.5906219482422,170.6553092916957,168.75143963492746,169.63868711985808,470100
2017-11-06,170.9048309326172,171.33921055600982,169.06564882288419,170.03607168583196,503200
2017-11-07,169.6109619140625,170.03609046327622,169.19507038467677,169.24126958613712,611700
2017-11-08,167.7532958984375,168.9362831744629,167.4390679881259,168.25237702876365,677200
2017-11-09,164.51852416992188,165.4150084921377,162.86419540863804,164.95290375294675,685100
2017-11-10,165.98802185058594,166.0804343336332,164.68488314946183,165.1654760091853,692000
2017-11-13,165.29490661621094,165.59988340002877,164.31523251119654,164.51855976862214,415300
2017-11-14,166.67196655273438,166.80135534092736,165.11004997234173,166.26531204632207,382800
2017-11-15,164.4261474609375,165.14702988274666,163.16922173275114,164.36144601426,494400
2017-11-16,168.0120391845703,168.13219093258706,165.89560562974552,166.052719552827,1853700
2017-11-17,166.66270446777344,167.62387616374895,166.14514939283907,167.531463673121,553700
2017-11-20,167.771728515625,168.53882399738325,166.1635991090373,166.30223897816435,996700
2017-11-21,171.32073974609375,171.39467821099294,168.82537649060777,168.82537649060777,845900
2017-11-22,169.13035583496094,171.1543771037832,168.52962523931637,170.87711140490137,526600
2017-11-24,172.2449188232422,172.2449188232422,171.3207093295684,171.45009809459,311400
2017-11-27,170.72000122070312,171.84753807925287,170.56288727842255,171.7458744575043,863900
2017-11-28,170.32257080078125,171.02497908029088,169.56472630727487,170.8586140290265,787700
2017-11-29,159.37069702148438,168.6867309756064,159.04721803813183,168.64051767765338,2544800
2017-11-30,162.21726989746094,163.16920463941713,160.60914014679443,162.5314977710094,1584600
2017-12-01,159.36141967773438,161.01576239692938,158.23389718666118,160.82167221839148,1143300
2017-12-04,156.4963836669922,162.0231520812372,155.59066237891247,161.9122514629506,1446200
2017-12-05,157.5777587890625,159.86979496825344,155.91417845645563,156.69051124423174,737800
2017-12-06,157.73487854003906,158.36334851201113,155.5445059147344,156.4502275337158,869500
2017-12-07,159.1211395263672,159.73112114873652,157.51301000438903,157.51301000438903,989700
2017-12-08,158.945556640625,161.31153086470837,158.75148052976124,160.65534997250586,487000
2017-12-11,161.85682678222656,162.11560433408133,159.20433572223675,159.45387625521062,1571600
2017-12-12,159.1119384765625,160.42431450170187,158.77922243481447,160.16553692504453,1129300
2017-12-13,160.22096252441406,161.3115229859958,159.31524114587626,160.2117255060732,828900
2017-12-14,158.88088989257812,161.15443781407757,158.60362416738243,160.25795329392648,935500
2017-12-15,160.62762451171875,160.94185237788162,157.90120912741148,158.89934304318547,3118500
2017-12-18,163.00282287597656,163.63129266098377,161.69969821573665,162.17103997775382,1207900
2017-12-19,163.61282348632812,164.0379661050789,162.30044755361288,162.79027751081227,708700
2017-12-20,161.89381408691406,164.0379873948632,161.33004559666202,163.64056988419972,528400
2017-12-21,161.31158447265625,162.63321191970127,160.85873066193344,162.411396474109,393400
2017-12-22,161.94000244140625,162.09711637647214,160.5444510635957,161.0527550466776,285900
2017-12-26,159.971435546875,160.53520396438606,158.39104503541103,160.4889906641338,281400
2017-12-27,160.8494415283203,161.45018626313615,159.81433123147104,160.07310880568338,334800
2017-12-28,160.99729919433594,161.46865508564952,160.498232247301,160.9141237202165,402100
2017-12-29,160.6461181640625,161.6165269544928,160.5536915638695,161.37623753723793,194400
2018-01-02,164.25978088378906,164.36144451169534,160.7939946174207,160.94187154934266,818600
2018-01-03,165.50743103027344,165.96953575815482,164.2135293308153,164.25974262406686,1054200
2018-01-04,167.0509033203125,167.99360116321805,165.80321458404572,166.81061387508285,915600
2018-01-05,169.0102081298828,169.54625139996355,167.05088825479567,167.13406373576004,516100
2018-01-08,169.8974609375,170.47971752729453,168.95476314981363,169.30596732807953,763900
2018-01-09,168.9824676513672,170.2116680226969,167.5037408597639,170.11925553077575,854300
2018-01-10,167.01393127441406,167.79026399222175,165.73851745064425,167.64238706435742,668700
2018-01-11,165.0176239013672,166.57028923203515,164.42613033221,166.4316634354823,831900
2018-01-12,167.1617889404297,167.71632035164504,166.30228076559746,167.38360432537976,710300
2018-01-16,172.25418090820312,174.213500646767,171.2190566198234,173.47413018430106,1518900
2018-01-17,184.08407592773438,185.95098341613524,179.99907086471578,180.21164924320965,2653200
2018-01-18,187.947265625,189.9990120739724,186.51473791840118,186.85669095912343,3618500
2018-01-19,189.9435577392578,190.41489955047865,187.7716595749362,189.6662920434671,1122900
2018-01-22,189.96202087402344,189.96202087402344,187.89180054922468,189.00084916641234,1002300
2018-01-23,189.86036682128906,190.31323459130064,188.5849671933478,188.92692022443308,559900
2018-01-24,186.92137145996094,188.54797510386587,185.2762796773986,188.08587035365582,669800
2018-01-25,185.60903930664062,192.77166461915024,185.44267422423988,191.4408003692287,1380200
2018-01-26,190.85855102539062,191.00642797043574,188.2892490400991,188.57575180717294,1069200
2018-01-29,188.55728149414062,189.08407373058782,186.62567235430913,188.85302128775686,1064500
2018-01-30,185.0544891357422,188.00272009380245,184.86965003133534,187.4851649605354,744900
2018-01-31,187.57760620117188,188.22455016823878,186.6903586875367,187.05079990506832,701800
2018-02-01,186.154296875,187.98422794354457,185.22085025114515,186.76427859862133,741500
2018-02-02,179.823486328125,184.3798333351632,179.7310597181064,184.23195640006173,917300
2018-02-05,172.53146362304688,181.67191128479388,172.420562969478,178.68670373790067,912600
2018-02-06,179.39830017089844,179.56465110581593,171.75508393154698,172.54066761928132,2881200
2018-02-07,172.9658203125,177.0785642980303,172.82719451397801,176.6164594998646,1275500
2018-02-08,166.2653350830078,173.169183321854,164.69418126516936,172.71632955159407,1767200
2018-02-09,169.7495574951172,170.89558235412818,162.54997168146326,168.2708307536994,2070900
2018-02-12,172.2172393798828,173.1876624262925,169.19508368703865,169.43537314234177,1563400
2018-02-13,171.2006072998047,172.1248169857417,169.89746825807657,171.2375694822211,496300
2018-02-14,176.83822631835938,177.5221463632092,169.6386411708872,169.7865180620412,930600
2018-02-15,180.12843322753906,180.4056989092677,176.49629651408097,178.56653095502725,1125900
2018-02-16,177.66082763671875,180.4981582000745,177.49447665893916,178.24308426358922,738800
2018-02-20,180.70147705078125,182.42974460586296,177.42052993043706,177.4390180723255,764000
2018-02-21,179.6756134033203,182.97503474027943,179.5462246077988,181.82902372346632,703400
2018-02-22,178.64048767089844,181.17282733938393,177.92885635173357,180.89556160742524,796500
2018-02-23,181.9028778076172,182.15240416030375,178.98237308944886,179.25038757643927,741700
2018-02-26,185.61822509765625,185.76610199623926,183.3261895788888,184.93431912076508,1172200
2018-02-27,182.4759521484375,185.33175652910808,182.4759521484375,183.89922877786663,861100
2018-02-28,180.58131408691406,183.67742190339263,180.22087290519644,183.19682896032936,623700
2018-03-01,177.383544921875,180.13769973265522,174.7033426750111,178.5203329038154,901900
2018-03-02,178.89926147460938,179.18576419813544,174.75879225661828,176.061931194901,696000
2018-03-05,183.3169708251953,184.46298164759892,179.64785776466022,179.96208562871806,730700
2018-03-06,187.46665954589844,187.97497761291976,184.18571286129003,184.8696329971295,1538800
2018-03-07,190.43336486816406,190.7753178606768,187.46664625269491,188.8899367394295,1308300
2018-03-08,189.4814453125,191.52394051448027,188.8160133103414,191.265162969454,458100
2018-03-09,193.53872680664062,193.9823434455593,191.24667695053685,191.68105657071595,645100
2018-03-12,195.2855224609375,196.6256237743051,194.37980085706664,194.91583010055643,788800
2018-03-13,192.25404357910156,197.41113372988315,191.4222466566628,196.6440382346378,656900
2018-03-14,195.49806213378906,196.36682144337377,193.42782748333872,196.25592080038672,733400
2018-03-15,198.18748474121094,199.1486564031201,196.62556845108065,198.0580959770632,700500
2018-03-16,197.8363037109375,198.31689664913657,196.44998931800578,197.35571077273843,822000
2018-03-19,196.62554931640625,197.87323764394682,194.11169862704293,197.78081106327113,1063300
2018-03-20,196.48695373535156,198.05810713201168,194.52761992206771,194.59232135894447,790400
2018-03-21,197.53128051757812,199.629239904108,196.25588107443295,196.93978703751048,465400
2018-03-22,189.20419311523438,195.9509261110864,188.963903692672,194.15795720536556,1008300
2018-03-23,184.01934814453125,190.63669133460166,183.94540969464967,189.94353423206874,1149000
2018-03-26,191.72726440429688,191.80120285906233,186.77350075355812,189.4721908920647,776800
2018-03-27,185.1099090576172,192.16163184612847,183.8067844190435,191.47771175958653,681900
2018-03-28,179.7864990234375,184.06559414278044,178.5388103762653,182.522165745853,2776600
2018-03-29,183.51107788085938,185.23010850667285,180.06377960896197,181.0064774624264,1193200
2018-04-02,178.4186553955078,184.0655762767905,176.18206998997923,182.50365989013298,705200
2018-04-03,184.31517028808594,184.92515219572314,181.51481546940667,182.62387861141022,1165600
2018-04-04,183.2338104248047,183.2800237303646,176.97692089651213,177.13403485355914,1704900
2018-04-05,183.6219482421875,185.70141974800302,182.318823482972,184.32435653185803,861200
2018-04-06,179.87890625,184.17647494539415,179.305886748914,182.5221460833141,837900
2018-04-09,183.48330688476562,187.21712108021646,181.9676039020833,183.00271400665147,774100
2018-04-10,189.9712677001953,191.37607010477814,186.6903211175179,188.92690644060804,885800
2018-04-11,189.9712677001953,191.0341029963233,188.42783950996724,188.66812890585828,855500
2018-04-12,190.6090087890625,191.6071569321226,189.52768515966085,190.26704161912417,1044500
2018-04-13,190.06370544433594,191.45001989426493,189.30586087824776,190.23007051153374,526000
2018-04-16,191.03408813476562,192.20783807041553,189.980489938873,191.9028472634049,828600
2018-04-17,196.5793914794922,197.18013621871683,192.08773197652874,192.67922559368637,1233000
2018-04-18,190.68295288085938,192.9287756922588,187.6145698947475,192.9287756922588,1700600
2018-04-19,180.3133087158203,188.18756479586628,179.47227454808484,188.08590117007057,2623900
2018-04-20,178.3909149169922,181.13581815675138,177.72548297387982,180.06373179259066,1729200
2018-04-23,176.81976318359375,180.47962480020647,176.20053042650395,179.70329222726647,808200
2018-04-24,179.34286499023438,182.13398176420026,177.14324176085213,181.16355892168934,1147600
2018-04-25,177.13401794433594,179.13955111376436,175.89558044654834,178.97318605009406,830300
2018-04-26,180.8492889404297,181.1265545813798,178.64968015414263,179.24117360708854,875600
2018-04-27,178.78688049316406,181.4908224081662,178.2554081001767,181.3323168419848,1109600
2018-04-30,175.7100067138672,177.35103262388287,174.9454494644365,176.80090822328486,645900
2018-05-01,178.49781799316406,178.79617719043688,175.27172292008225,175.75657262128203,484200
2018-05-02,177.4722137451172,179.1971516717212,177.12723185068876,178.28340776832022,509500
2018-05-03,179.7192840576172,180.69830245824093,177.10857306503064,179.50483701486942,1588200
2018-05-04,182.29270935058594,183.02931004676614,177.84519134482807,178.3207081113215,788000
2018-05-07,181.70526123046875,182.32996458259228,180.88474854004838,181.66795743877987,570300
2018-05-08,180.7635040283203,181.23903482031992,179.15046385944345,179.71922566149493,843800
2018-05-09,184.56773376464844,184.69826859907232,181.48150614366037,181.6959531800932,518200
2018-05-10,187.47682189941406,187.5234303055322,185.54675585118798,185.85444815861086,414200
2018-05-11,185.36026000976562,187.04789387761136,184.88472911785132,186.36724902959577,405000
2018-05-14,188.2879638671875,189.90100422124897,187.69123127089017,187.80311418668737,406800
2018-05-15,186.41384887695312,187.65393675482525,184.2786691740125,187.4954312072033,569700
2018-05-16,189.16444396972656,189.24835616810327,187.24371110610372,187.37424593487722,490900
2018-05-17,188.6982421875,190.35790535898627,187.6166597846443,189.73320196093056,524400
2018-05-18,183.9989776611328,187.5514032650754,183.3835930389866,187.2157402191075,1002100
2018-05-21,188.81944274902344,189.17375765772363,187.32761820752106,188.64229952190226,1089000
2018-05-22,188.84742736816406,189.86374953987274,187.92436468879876,189.26701683394458,463600
2018-05-23,186.66563415527344,186.66563415527344,184.28802204733063,184.72624920643983,719300
2018-05-24,187.25303649902344,187.48613543194153,185.20176873479025,186.81480936695905,325300
2018-05-25,187.50477600097656,187.64462966138538,185.3602631022578,185.97564766251455,309800
2018-05-29,182.37660217285156,185.15513733808345,181.31367165815018,182.75887359204702,654000
2018-05-30,183.77520751953125,185.22040954634383,182.85213060772156,183.68196225389107,583200
2018-05-31,183.35562133789062,185.41622223674108,181.64001654630863,184.95934319048303,785700
2018-06-01,188.4931182861328,188.5677116494635,185.36026816239104,186.84277391211126,518000
2018-06-04,190.13412475585938,190.34857177795573,188.66093787885993,189.7984617430338,441300
2018-06-05,195.1690673828125,195.65390288489834,193.44412971206037,194.52571209775112,611000
2018-06-06,199.16900634765625,199.35548260504189,195.04781988236002,195.8963032147751,569900
2018-06-07,193.52804565429688,197.04318136223478,191.98959846849945,196.78211170921736,923400
2018-06-08,193.42547607421875,194.19936617629614,191.41149804186526,193.37885344595315,837500
2018-06-11,195.6725616455078,196.5117120823621,195.08514780337222,195.57931638486653,528100
2018-06-12,195.1876983642578,195.95226961225643,193.31358826405094,194.5723138320484,363900
2018-06-13,199.29954528808594,200.94055630526458,198.2366149489719,198.89862203774484,998900
2018-06-14,201.29489135742188,202.2366058189528,200.1014260929602,200.54897201032628,710700
2018-06-15,200.2972412109375,200.9312634265548,199.35551249502015,200.46506559957905,821300
2018-06-18,196.82872009277344,197.00586330881976,194.45110842816723,195.65389251199755,599700
2018-06-19,192.24136352539062,192.4837955442542,188.13882760429536,189.9849673460651,749300
2018-06-20,191.60733032226562,192.59566755997983,190.6003411855671,191.69124252684958,542300
2018-06-21,190.43251037597656,192.95929485505965,189.76118430740743,192.85673075493852,893400
2018-06-22,192.41845703125,193.58395141987214,190.3019294651152,193.03384148297684,730900
2018-06-25,183.35562133789062,187.86842764928542,182.55376041159445,187.7472116472265,1060000
2018-06-26,184.58636474609375,185.81711958444788,183.91503875163576,185.28566147138514,1106500
2018-06-27,180.79153442382812,186.84278810336463,180.63302884992248,186.2367365427118,663000
2018-06-28,180.49317932128906,180.56777269199887,177.19249024672695,177.79855604853245,887500
2018-06-29,184.58636474609375,186.05021849287834,184.24138291432973,184.63298737322552,894300
2018-07-02,182.05027770996094,182.1714937151833,176.97804234401536,180.53046802194757,1963200
2018-07-03,178.52578735351562,181.7238974446876,178.33931107824742,180.36260783072458,434600
2018-07-05,182.74024963378906,183.37427191981703,181.36962673208893,182.45119499809138,540800
2018-07-06,183.98028564453125,184.46512105764867,181.03391246992774,181.06188319656042,380300
2018-07-09,185.64930725097656,186.68426704068193,184.0922081488485,186.46048695225969,1242600
2018-07-10,185.9477081298828,187.12253607324106,185.12720940965644,186.91740783637638,977300
2018-07-11,180.5024871826172,184.1388390906628,180.26006941297274,183.40223849170917,842500
2018-07-12,185.8544464111328,185.89173598112276,183.00131769469462,183.4954863036343,625100
2018-07-13,185.72390747070312,186.77751919681697,185.14582667163947,186.77751919681697,422900
2018-07-16,186.55374145507812,187.5420786635908,185.89173421938253,186.34861325400232,1153300
2018-07-17,190.52574157714844,191.0292432426232,185.91038552218905,186.3019900246528,1383900
2018-07-18,203.1690216064453,203.70981283107153,198.36718934147996,198.68420047160336,3615000
2018-07-19,200.7074737548828,202.05012570875684,200.13871186406752,201.1643527252846,843000
2018-07-20,204.94989013671875,206.48835152998512,202.05947209337117,202.05947209337117,1371300
2018-07-23,205.8543243408203,206.6748371208257,202.32986968449458,204.7261334955424,930500
2018-07-24,199.2529754638672,205.00585572275986,198.74948800233702,204.6235842654185,918500
2018-07-25,204.1667022705078,204.25994753811472,200.3625258332776,201.13641602727782,2240200
2018-07-26,202.0035400390625,202.1806975136132,199.74714395880886,201.46276300664422,1511000
2018-07-27,198.8800048828125,202.80538279731428,198.068810952448,202.19933128556048,920600
2018-07-30,199.99887084960938,201.95690744392365,199.1690392739146,201.79838766035186,692600
2018-07-31,199.53269958496094,201.6772127530492,199.4954100132443,200.60494905538968,1162300
2018-08-01,199.44876098632812,200.8100506959292,198.35785976077804,199.5419920168983,802500
2018-08-02,201.22962951660156,201.50933682079008,197.8543476980365,198.29257477756929,613900
2018-08-03,200.2599334716797,200.39978712612535,197.99421890629006,199.5886074758839,456100
2018-08-06,199.13177490234375,199.30891815086096,198.02222164032784,198.5909836390406,501000
2018-08-07,199.12240600585938,200.46505797282455,198.57229600549192,200.0361497283442,537600
2018-08-08,198.6002655029297,199.87764293960177,198.4977014164447,199.20631696028687,491500
2018-08-09,195.02920532226562,198.96391628338526,194.8986704943852,198.80541072290396,1016800
2018-08-10,190.10614013671875,191.70054288797832,188.949964459837,190.8986820952049,842500
2018-08-13,190.86135864257812,192.1107652153127,190.67488238544595,191.05716796026408,914400
2018-08-14,191.70986938476562,193.31359103441204,191.07583294718918,193.13643358527705,408800
2018-08-15,183.81246948242188,187.9709601516024,182.58171467875428,187.66326789387853,1281400
2018-08-16,184.4838409423828,186.1062148211331,183.9337308128961,184.86612665022196,1250600
2018-08-17,184.02694702148438,184.29734975975484,180.79153258866913,181.5747558415644,730900
2018-08-20,186.0036163330078,186.43251037166053,184.166795734776,185.38823177957173,538300
2018-08-21,186.93600463867188,187.98028318964927,186.00360901037683,186.30196821327257,699000
2018-08-22,187.234375,187.55138611797815,185.742550442158,186.60967159907986,385600
2018-08-23,186.05023193359375,188.54905981064834,185.88240753646937,188.1854260563162,374400
2018-08-24,189.25765991210938,189.44413619159795,187.89637026733737,188.0548758162641,301900
2018-08-27,194.48843383789062,195.08516657261055,191.58868237060375,192.2227189040609,546200
2018-08-28,192.71688842773438,193.9942661094169,191.0851957925565,193.5840096847867,437600
2018-08-29,192.83810424804688,193.53740109102256,191.61665381144223,191.68192834585736,401500
2018-08-30,191.32757568359375,192.86603697126046,190.88934861018816,191.49541429098824,352800
2018-08-31,191.18775939941406,191.75652139985135,189.9290193932433,190.48846255759267,388400
2018-09-04,185.99429321289062,186.38589770585637,183.98964811687392,185.5933698845791,693000
2018-09-05,181.9290313720703,184.75418900209672,181.07122909691253,184.4278590668589,633900
2018-09-06,171.98037719726562,179.14118328736288,171.0293296373685,178.6097109303758,2100300
2018-09-07,168.6424102783203,171.96173678395328,168.09230021494142,168.95010257492962,889600
2018-09-10,173.11790466308594,175.01999982264056,172.10159678369251,174.94540646077283,1003600
2018-09-11,170.973388671875,171.4209488350293,169.0246851450379,170.1249194287562,610500
2018-09-12,163.51422119140625,165.48157658925797,161.0154076692515,165.3883455602509,3094700
2018-09-13,169.69598388671875,172.1481886461459,168.90344200734623,169.98502422027946,2444700
2018-09-14,171.88714599609375,172.5025163203754,169.94776131169138,171.03866252906232,1095400
2018-09-17,170.7123565673828,172.53052566996604,170.39534538585178,171.6074628633179,574900
2018-09-18,173.95704650878906,174.92673163149072,172.2227901975963,172.2227901975963,687000
2018-09-19,176.26939392089844,176.48384092879724,173.68665408284983,174.05960663808494,1053800
2018-09-20,178.54446411132812,179.07592228120888,177.0060026148737,178.26474254586097,561200
2018-09-21,175.69131469726562,177.24842803423627,175.25310180787696,176.63304345848815,1116700
2018-09-24,178.52578735351562,178.62835143899733,176.633025416449,177.86378021500147,509400
2018-09-25,177.3509979248047,179.34632421635754,176.37197956362314,179.13186295501956,515600
2018-09-26,176.0363006591797,178.36728977217936,173.97570002330747,174.17150936877997,701000
2018-09-27,175.98040771484375,177.00603467099316,175.04801181258117,175.39299374370395,298700
2018-09-28,175.3090362548828,175.54213517025252,172.92210563785346,172.98736593599807,609800
2018-10-01,177.2297821044922,179.50482996254732,176.69830970920546,177.96636847137245,513900
2018-10-02,177.30438232421875,179.33699826556844,175.5421548950996,175.5421548950996,421000
2018-10-03,178.84280395507812,179.3369725020188,177.09922867539046,178.32998351186757,826600
2018-10-04,174.78689575195312,178.1621634704495,172.39995092420364,178.03162864783442,610400
2018-10-05,171.36500549316406,174.33935015753178,169.3137377261887,173.3323610587119,691200
2018-10-08,169.3976287841797,170.51651490581185,167.54217061268815,168.76360659400095,603900
2018-10-09,170.58184814453125,171.52357722536354,168.19491662184885,168.46530520628832,596000
2018-10-10,160.29747009277344,164.58649608543462,160.2322097906885,162.80561684994746,1515900
2018-10-11,160.16696166992188,167.9990812997186,158.12501243495643,164.1855855997757,1665300
2018-10-12,162.49795532226562,164.41868858818822,159.76604218100718,163.59818987571288,906100
2018-10-15,161.63079833984375,163.28112846536854,161.14594859805717,161.69605863989878,672600
2018-10-16,169.43492126464844,169.91977093650536,165.76128050437018,166.32072352783794,823600
2018-10-17,172.5025177001953,176.45588046085652,170.9174479074194,174.89878139998854,1709500
2018-10-18,164.5118865966797,170.44192334961178,163.9617765916441,170.0503188937952,847700
2018-10-19,163.87786865234375,166.19022031014973,161.96646878448604,164.27880621506222,740400
2018-10-22,164.4093475341797,165.05270289067363,162.47928146469792,164.5305635367743,518600
2018-10-23,161.25784301757812,162.6284659159106,155.95250889409434,156.20425973162463,1260800
2018-10-24,147.46771240234375,156.36276142652864,147.27190303862312,155.9898088245834,1942800
2018-10-25,157.61216735839844,158.77766201660344,152.62385875761882,153.98514855115363,1067700
2018-10-26,154.97349548339844,157.7240599516466,151.2905210883637,153.28584731632714,876000
2018-10-29,152.32545471191406,158.2275201833062,149.53760115466415,157.12730027593474,745500
2018-10-30,157.3324737548828,157.95717723894,154.46069295913648,154.87094939099038,1307500
2018-10-31,160.70774841308594,161.38839339631025,158.48864174927465,159.4023999209802,731400
2018-11-01,163.84059143066406,164.157602588741,158.1809420846607,159.46765284386007,1352600
2018-11-02,163.159912109375,166.60043994240064,161.13661535294136,166.03169228125017,948400
2018-11-05,161.1739501953125,161.7706829813128,158.23690890412377,160.82896827711554,567400
2018-11-06,165.43495178222656,165.65873185790758,162.2834641896158,162.52588193451558,1493800
2018-11-07,165.42567443847656,166.45131559188948,164.1855862174344,166.20888355895624,1039400
2018-11-08,163.159912109375,165.36968514144147,162.42331161386758,163.47692320067364,1891400
2018-11-09,163.63546752929688,163.97113059588213,160.13898318038028,160.88490268692874,1748000
2018-11-12,157.5748291015625,158.76829412462706,155.75666084198954,158.62844049974657,2888200
2018-11-13,159.3370819091797,161.9477924083156,158.03173377322554,158.34874485949615,1433100
2018-11-14,161.05270385742188,162.77764157810535,160.40002971862216,161.85456472144128,1166700
2018-11-15,164.83824157714844,164.84757464025657,157.53759523312152,158.00379311715662,2028800
2018-11-16,157.56553649902344,159.47693608430032,156.5398956550763,158.5911631157429,3096800
2018-11-19,152.53060913085938,157.1459649998808,152.34413283632676,156.8755765068929,1476500
2018-11-20,150.42343139648438,152.06444304932293,145.9945508967399,146.423445041044,2125600
2018-11-21,152.82901000976562,155.24391189131714,152.8196769456651,153.19264382889025,1074000
2018-11-23,152.59585571289062,153.4070352705262,151.15995863077464,151.15995863077464,742800
2018-11-26,156.1110076904297,156.32546894842594,153.18328571522434,153.9758277636481,1056800
2018-11-27,156.09239196777344,156.80100768881377,154.43272850034438,155.45835539443712,544300
2018-11-28,162.52587890625,162.62844299395587,156.4093658905527,158.76832568055983,613300
2018-11-29,159.92449951171875,161.53753993844708,159.40236024483983,160.8662139589662,1079700
2018-11-30,159.76600646972656,159.85923750197904,156.97813824708535,157.53758134951656,1360900
2018-12-03,165.6494140625,166.15290145190536,161.4256629197187,162.1063077584127,2413300
2018-12-04,158.17160034179688,164.39067773188623,157.929182590239,163.71935171363344,1625300
2018-12-06,155.10400390625,155.24385754648222,151.29049533160494,153.40703719288922,1097300
2018-12-07,148.74508666992188,154.70309469541527,148.157672819151,153.70543868258818,1412200
2018-12-10,150.4979705810547,152.05506945719668,148.0737364369518,150.6005346616258,915800
2018-12-11,150.55397033691406,153.70547309915182,149.61225557954074,152.7451064397538,1475500
2018-12-12,154.0504150390625,156.0270893234747,153.6028690972997,155.10402670779078,917700
2018-12-13,152.99681091308594,154.4140563969722,152.64251021253662,153.86394633443194,698200
2018-12-14,150.1436767578125,153.08071748915503,149.9478816302452,151.43038736217127,692500
2018-12-17,149.74276733398438,153.0993835916382,148.8290092297917,150.11571995353577,686500
2018-12-18,151.5889129638672,153.59355827064786,150.8336746317985,152.14834191525128,710200
2018-12-19,143.4770965576172,151.96189135663332,142.9735947660706,149.13673270292966,1580600
2018-12-20,142.35816955566406,146.1623457432153,141.4351069121985,145.64953948672527,2719400
2018-12-21,138.41415405273438,142.2742721064708,137.99457878700386,141.50971494648664,1805700
2018-12-24,135.20669555664062,140.31623424461418,135.02021926178108,139.0574943566609,321500
2018-12-26,142.58193969726562,142.6658518904107,134.73117010825936,136.58664255542794,634500
2018-12-27,143.95257568359375,143.97122758175303,139.458435678826,139.71017228144265,725800
2018-12-28,144.60525512695312,147.02948979590872,144.2975628186236,146.88962189545154,676500
2018-12-31,145.09939575195312,146.41407693560208,143.54229683906368,145.49100018867733,356500
2019-01-02,145.73342895507812,146.61920189212887,143.43972961621336,143.8499859391995,602500
2019-01-03,137.69619750976562,141.92928218136385,137.41649016659267,140.96891569718986,1078600
2019-01-04,143.65420532226562,144.4840368857068,139.8966377454657,140.4653996638172,589500
2019-01-07,146.93624877929688,148.49334803759618,145.2859184785595,145.91994078516876,971900
2019-01-08,145.8546600341797,148.03647689724852,145.03416145043582,147.7847260616579,531700
2019-01-09,151.90594482421875,152.56795220154325,150.0877755868247,150.95489698187689,779900
2019-01-10,151.6168975830078,152.0271540545936,149.65886050579653,150.38612816825048,1028100
2019-01-11,151.06675720214844,152.3254828766798,149.99449359729266,150.58190744841164,639600
2019-01-14,147.96185302734375,149.5096330645176,147.56091554018872,149.2765341755659,680200
2019-01-15,148.46536254882812,150.01314281724666,147.57958948391894,148.17632215970053,482700
2019-01-16,146.64718627929688,148.61454166432495,146.56327408556893,148.4094134837265,537600
2019-01-17,146.8895721435547,147.9058939912838,144.7264221093379,145.24856128217556,953000
2019-01-18,151.70077514648438,152.92221121781935,148.12037912961793,148.41873835074225,1664700
2019-01-22,148.71707153320312,150.1156646824182,147.29050765918177,150.02241944824712,968500
2019-01-23,151.15997314453125,152.95950408670464,149.7986835085346,152.28817810309081,1458900
2019-01-24,157.4816131591797,158.07834578170718,155.98045565493004,156.2042357235883,1385700
2019-01-25,164.71701049804688,164.88483487737236,160.95945735938508,161.50024851592468,1352900
2019-01-28,162.37667846679688,163.57014362618887,159.66341824360723,160.12961601609558,2261100
2019-01-29,162.80560302734375,162.96410857864058,160.67974210948387,162.6470974760469,966800
2019-01-30,165.2112274169922,165.58418007621088,161.99446449272702,163.3091318641737,687600
2019-01-31,163.19720458984375,164.57714612685902,162.4792559772387,162.89884538894523,562100
2019-02-01,166.34872436523438,166.55385256248542,164.26947165921067,164.83823361936496,795000
2019-02-04,167.42095947265625,167.570146190153,165.83588972413156,166.3673478427746,543000
2019-02-05,169.3323974609375,169.8172472481178,167.42098327455045,167.65408221856765,650800
2019-02-06,174.22747802734375,174.40463550394185,171.57947739616873,171.60744813171257,1554900
2019-02-07,168.85687255859375,171.57013332284563,168.12027196392663,171.15055808938234,1474500
2019-02-08,168.82888793945312,169.29508576656525,165.81723973270422,166.06899054296878,633100
2019-02-11,166.45126342773438,167.72864082347795,166.0316882609132,167.29041376137675,653300
2019-02-12,170.43260192871094,170.87082904122423,168.1295976632781,168.1295976632781,901600
2019-02-13,169.9850616455078,171.1878600930329,169.77993344867764,170.2741020427059,653800
2019-02-14,171.8684844970703,172.37197186648564,170.31138553565123,170.79622100924288,1060100
2019-02-15,171.90579223632812,172.58645134718938,171.0946125225857,172.57711828467683,824400
2019-02-19,170.1248779296875,171.1878081602448,168.69829982006223,168.70763287986932,900500
2019-02-20,171.4209442138672,171.81254867564874,169.5188491398101,169.5747906018891,600400
2019-02-21,170.190185546875,170.8988011552573,168.89415609628398,169.51885950641628,712700
2019-02-22,172.390625,172.61440506980674,170.91743821836863,171.8498338350547,495600
2019-02-25,174.3486785888672,175.54214395712148,173.69599021137827,175.1039168361124,737200
2019-02-26,172.828857421875,173.86381715748655,172.20415404664692,172.78223479415354,660600
2019-02-27,171.67269897460938,172.61442777677016,169.9477753931679,172.61442777677016,387900
2019-02-28,170.50721740722656,171.43029438193255,170.22751004570748,170.9268069039672,318500
2019-03-01,172.59576416015625,172.74495088285698,170.77759543733137,171.94309003237666,389800
2019-03-04,173.10858154296875,174.1062375003922,171.15054496728945,172.8288599996962,558300
2019-03-05,172.05499267578125,173.22048740437523,171.70067772557488,172.1668756170125,258700
2019-03-06,168.91278076171875,171.91509556217298,168.80088362152952,171.84050221112247,499300
2019-03-07,165.5189208984375,167.97111239272294,164.9687965155533,167.95247471869655,648300
2019-03-08,166.74966430664062,166.87088031542564,163.70074023215125,164.06437403127524,415700
2019-03-11,168.84754943847656,169.78927828757605,166.2554902920928,166.28346102748876,609900
2019-03-12,170.1715087890625,171.12255624531272,168.58643918013027,169.69599217455098,509000
2019-03-13,170.190185546875,171.55148952536888,170.05965071829854,171.32770943613954,418500
2019-03-14,170.8988037109375,171.82188058717958,170.3766643888234,170.8615141424563,524100
2019-03-15,179.7751922607422,179.9150601362239,174.9267380158246,174.95470874547541,1445100
2019-03-18,177.75192260742188,178.48850897915204,176.57710910143192,177.6493585073349,589500
2019-03-19,177.91041564941406,179.53278923822992,176.58641550429124,178.63768313437973,683400
2019-03-20,178.21810913085938,179.66332527564032,175.6540210191357,177.6120576317072,584100
2019-03-21,181.22044372558594,182.24608477083163,177.0992560999059,177.10857493586977,770100
2019-03-22,175.05731201171875,178.91743006701574,174.77759042537502,178.42326142960854,937000
2019-03-25,173.73330688476562,175.23446465524898,172.66104320457436,173.73330688476562,1028700
2019-03-26,174.62840270996094,175.24378735104426,173.49089292569738,173.60277586871953,414800
2019-03-27,171.61676025390625,175.25311223188308,170.72166829705944,174.4792220485744,786700
2019-03-28,171.74728393554688,172.46523260332614,170.41396492261464,171.18785505565967,312100
2019-03-29,175.3370361328125,175.68201803219281,172.9594239553653,173.68669155403418,687400
2019-04-01,179.46751403808594,179.95236376865145,177.8637923523321,178.31135251619048,647500
2019-04-02,180.735595703125,181.05260685575846,179.35565392377939,180.86613054404646,498300
2019-04-03,184.37193298339844,185.257706063251,183.29035054428843,183.83114176384345,691700
2019-04-04,184.96865844726562,185.5653911098153,184.08287117476857,184.84744245687574,437500
2019-04-05,187.775146484375,188.08283873500415,186.94531498197304,187.01058950205842,503300
2019-04-08,189.79844665527344,189.91032957491166,187.99892997069549,188.34391179106524,503600
2019-04-09,187.9429931640625,189.28563091464633,187.4767953510571,188.43716170766996,708300
2019-04-10,186.28334045410156,187.1504758989307,185.1644684006192,186.56306202427967,611600
2019-04-11,184.53042602539062,185.77983277860145,183.95233104938097,184.3532685759955,453300
2019-04-12,189.10850524902344,189.1644467154199,187.10384593069728,188.18542837179356,430900
2019-04-15,186.32997131347656,188.09219878800195,185.55608110028288,187.67262352782555,389400
2019-04-16,189.8544158935547,190.6376391273027,187.4861369755891,187.7658585428398,755200
2019-04-17,189.61196899414062,194.77743433661314,187.0199103751314,194.2925988702396,1280500
2019-04-18,191.98960876464844,193.0338874327213,190.74952073269702,192.12014359815754,1007900
2019-04-22,191.61660766601562,191.95227063889828,189.95694469654788,190.78677618128177,357500
2019-04-23,191.41151428222656,192.17608561441253,190.23670077729065,190.31129414339878,438200
2019-04-24,191.52340698242188,193.761151004606,191.32759762254673,191.66326064859732,485700
2019-04-25,192.26931762695312,193.29494432898287,190.22736883057485,192.8753691223694,756700
2019-04-26,195.45394897460938,195.5105453063116,191.6618364190114,193.2560335995842,637900
2019-04-29,194.70872497558594,195.51053026932814,193.4352500351219,194.23706972264014,365800
2019-04-30,196.9821319580078,197.16134888629057,194.59554283040532,194.92570730723045,337500
2019-05-01,194.68983459472656,198.91586119368498,194.67096435630356,198.01971918454825,391200
2019-05-02,194.2559356689453,195.71806990785137,192.5202477023696,194.8313556832073,405500
2019-05-03,196.85000610351562,196.85944841947082,194.5294705948764,195.04829419031176,345200
2019-05-06,193.53900146484375,193.88802172202762,189.65256705368824,190.77510878155258,413200
2019-05-07,189.31298828125,191.49203325319598,187.16224147306102,191.49203325319598,623100
2019-05-08,190.01104736328125,192.0297458665219,189.51109389648272,190.25631733144638,573400
2019-05-09,187.70938110351562,188.605523292983,183.70031106146595,187.13396106290563,688000
2019-05-10,187.47357177734375,188.66213806539537,184.35120130158722,186.87928143642853,780200
2019-05-13,179.64404296875,182.98335560186547,179.15351750840378,182.4362338179745,994000
2019-05-14,186.81321716308594,187.6905034695607,183.69086150924863,184.2662815271971,1036700
2019-05-15,189.25640869140625,190.64307641323956,183.90783936166804,184.07762835922605,711300
2019-05-16,190.6807861328125,192.12405006325415,188.71869854252478,189.17148355758314,708600
2019-05-17,189.7940673828125,192.86926878693987,189.36958054179775,190.41665575964788,700300
2019-05-20,179.68177795410156,184.2002432579228,178.1630474907255,182.879599936766,1287300
2019-05-21,182.76641845703125,184.0964897826314,182.1344021178782,183.47390136718752,736600
2019-05-22,180.67225646972656,182.85130139224867,180.62508806660938,180.62508806660938,505300
2019-05-23,179.81382751464844,180.6062192061014,178.09701003634552,178.82336308943795,835500
2019-05-24,179.04031372070312,181.7381819940725,178.91767876480364,181.0872955262586,432200
2019-05-28,180.1628875732422,182.41739921758455,180.06855076049746,181.70047398578876,665700
2019-05-29,177.87063598632812,179.30447206049624,176.30473701018246,177.87063598632812,1154100
2019-05-30,179.12518310546875,180.4080856234307,178.10640630646026,178.4271283375077,465300
2019-05-31,177.38955688476562,179.12524489195047,177.0405221835049,177.92723642889504,777300
2019-06-03,176.38018798828125,179.0874988301357,175.74817169942338,177.88949050068322,527300
2019-06-04,179.6629180908203,179.75724050136674,177.44613273323523,178.25738031156686,922600
2019-06-05,178.6630401611328,181.31375530909503,178.10649030469995,180.9552926384127,356400
2019-06-06,181.83251953125,182.1532560277014,179.43651729026834,179.86100411954843,399300
2019-06-07,185.47372436523438,187.20942679726832,183.9078397186428,184.5398560892978,482300
2019-06-10,187.020751953125,188.1244236135839,185.0398083550362,185.143573095444,755900
2019-06-11,188.75643920898438,191.1713118167037,187.77538821598833,190.88831578434807,520400
2019-06-12,185.66233825683594,188.23757131925086,185.57742939143665,188.23757131925086,464500
2019-06-13,186.7094268798828,186.90752840384587,185.84158300977418,186.54906583371027,268300
2019-06-14,181.13446044921875,182.19096345277907,179.70062466311984,180.69110342584457,482300
2019-06-17,178.88938903808594,181.52121879964994,178.79505223775072,181.11560222451322,476400
2019-06-18,183.6814422607422,184.70021944197032,178.74793182406623,178.74793182406623,1358900
2019-06-19,185.66233825683594,186.98296690582495,184.24737282130226,185.33217389770232,358200
2019-06-20,190.22801208496094,192.06746480885053,189.1243404506272,191.59580952612106,431100
2019-06-21,190.8034210205078,191.30337443965303,189.04886289493788,189.88840867367006,562900
2019-06-24,191.30335998535156,192.30326674809208,190.43551610837346,191.8599096900807,476800
2019-06-25,187.75648498535156,191.57689476643938,186.8886411940497,191.30334109928577,535400
2019-06-26,192.80323791503906,193.35035974760393,191.56750342845996,192.80323791503906,784500
2019-06-27,193.36927795410156,193.87865943144897,192.52028963348263,193.08628184722858,345100
2019-06-28,196.14256286621094,197.87826528043192,195.85013888810954,197.40660998832587,405000
2019-07-01,202.783447265625,204.3116055786516,200.89682637792788,203.72675770947353,634200
2019-07-02,202.26461791992188,203.06643753201666,201.26471118073758,202.35895471914762,572400
2019-07-03,201.7080841064453,202.61365411768892,201.29302518721875,201.7080841064453,297100
2019-07-05,197.85939025878906,198.4536805184951,195.44451752454663,197.65186078377351,428600
2019-07-08,196.2368621826172,197.63295755020917,195.09546465434906,196.74625786126492,425300
2019-07-09,194.8973846435547,195.5576991204331,193.66165018101594,194.21819992625802,530000
2019-07-10,196.32177734375,197.4443191456981,195.23697602244903,195.7369294377035,986500
2019-07-11,196.90660095214844,197.85933919152689,195.54823179128633,197.7272763227638,269600
2019-07-12,196.3783721923828,197.20849003505757,195.623735310434,196.2463092986642,427400
2019-07-15,195.03887939453125,197.3311314600668,194.36913698082873,196.5104559075273,681300
2019-07-16,193.378662109375,195.19924455583097,192.7749439351261,193.75598057061435,639200
2019-07-17,205.3303680419922,207.13209431663515,203.00983257499917,205.31149780419474,2050400
2019-07-18,213.8013458251953,214.12208237460592,209.0093405519882,209.12253322014624,1750500
2019-07-19,210.94309997558594,212.1788344895117,210.46201677823538,210.5374833492706,790500
2019-07-22,214.82952880859375,215.18797699473626,212.51840667231355,212.51840667231355,787500
2019-07-23,217.15953063964844,218.2160338622448,216.31998481588303,217.78210467080595,831100
2019-07-24,220.791259765625,221.20631870073294,216.97084925046047,217.1406526301757,786500
2019-07-25,217.00857543945312,219.76304027111004,216.69728125862463,219.56493874011903,521700
2019-07-26,217.7632293701172,219.23479141121388,217.74435913032028,219.05556011758213,399700
2019-07-29,217.87646484375,218.15001860258064,216.38603226992018,217.53687242953842,325900
2019-07-30,215.39549255371094,216.40484158731226,214.44275423468886,214.75404839288998,462000
2019-07-31,210.1790008544922,214.47106631736202,208.66971275788185,214.1880703011928,519500
2019-08-01,208.88671875,216.93315767839687,206.75482740661332,213.16934289302606,834200
2019-08-02,207.4434356689453,209.92433273727227,205.82094029976847,209.92433273727227,555700
2019-08-05,200.10446166992188,204.1512573957949,198.37820172163939,204.11353130892454,693900
2019-08-06,202.70802307128906,204.2644798714474,200.50067962582804,203.35890971659177,481400
2019-08-07,203.47207641601562,203.98147215765772,200.3591488192597,201.46283479489213,428700
2019-08-08,207.55661010742188,208.04713560227327,204.38708622198587,204.60404360876058,627600
2019-08-09,203.7456512451172,205.03798209494826,201.13267698662924,204.5380286540453,415100
2019-08-12,202.29290771484375,204.33046158614678,201.58542493123358,203.8022100773884,292000
2019-08-13,206.77366638183594,208.28296899526325,199.40641340689666,200.6610181456306,587600
2019-08-14,196.8877410888672,200.21762553519443,195.33128473974273,198.86869861845642,914100
2019-08-15,197.96315002441406,199.3498176663838,195.81240314988477,197.47262451453545,671500
2019-08-16,200.7836456298828,201.2364306395069,197.23678893879588,197.42544815999125,574500
2019-08-19,203.46263122558594,205.10398218012975,202.934379681881,204.52857662941727,329200
2019-08-20,202.51937866210938,203.96264289711516,201.9439585531752,203.41552095798278,275200
2019-08-21,204.7266845703125,206.21711694512808,204.2361590611105,206.21711694512808,298100
2019-08-22,203.05699157714844,204.54742373680438,201.54770357300495,204.04747037617113,376100
2019-08-23,198.56687927246094,204.22674281466885,197.71790549864068,201.51944602632148,591500
2019-08-26,201.85899353027344,202.28348032279686,200.27422460607212,201.73635857478536,296800
2019-08-27,201.9344940185547,203.4437822448817,201.0194816441056,203.1041898750472,359700
2019-08-28,203.5192413330078,203.69847263185565,200.311991375421,201.0949264275836,317500
2019-08-29,207.28309631347656,209.29233829648405,207.0849947352077,207.57552032452872,370300
2019-08-30,209.9903564453125,211.31098542216876,207.6415080574293,210.6129448460203,357600
2019-09-03,207.5471954345703,209.01875761929767,206.49067780945612,208.14147130530898,598700
2019-09-04,214.3861541748047,214.55594313425803,211.4713141602222,211.99958006399436,432700
2019-09-05,223.6494598388672,224.53617392008093,222.33825895535043,222.95141935314317,982300
2019-09-06,225.0361785888672,226.49831292462474,223.72497740640358,224.68715826643043,872100
2019-09-09,227.64910888671875,228.5829913986392,225.34742912351876,225.526660409079,536700
2019-09-10,227.9698486328125,227.9698486328125,224.61166552893192,226.4605604569951,735500
2019-09-11,231.33746337890625,231.33746337890625,227.56422152281186,227.97926603621093,782500
2019-09-12,232.8373260498047,234.13909911007337,230.7337477228148,231.2054029598657,828000
2019-09-13,234.87486267089844,236.9878687638174,234.29000043265881,236.1671933183551,934000
2019-09-16,232.2524871826172,233.30899034863793,231.47896565479766,232.12985221021262,398900
2019-09-17,234.0353240966797,234.33717595036305,231.2997152057449,231.73364433802243,730000
2019-09-18,235.6295166015625,236.33699945596467,232.62979620790955,234.61075395774583,519400
2019-09-19,235.4408721923828,237.81801876292693,235.4408721923828,236.2332495846387,394700
2019-09-20,231.85626220703125,236.65772319255942,230.79975914077778,236.4879198318974,819500
2019-09-23,234.39378356933594,235.12013666773416,231.90344448288909,232.23360890773617,296100
2019-09-24,232.42225646972656,235.77101137783114,231.2431184312232,234.63904173962288,605600
2019-09-25,233.4976348876953,233.9692901134037,227.49817984093355,228.9131455180587,518300
2019-09-26,233.9787139892578,235.48801644292982,232.4977240909118,235.41254988086874,615100
2019-09-27,229.8942413330078,233.9882060369636,227.6397294896978,233.0637656443428,564500
2019-09-30,234.33718872070312,235.2710712816729,230.94127961438485,231.09219835256349,495000
2019-10-01,231.4789581298828,235.98798107313982,230.80920135576818,235.0446705930647,655300
2019-10-02,226.66810607910156,229.71500979270678,224.78148480969907,229.686711625168,710100
2019-10-03,230.49790954589844,230.99786292276906,225.01726385164673,227.252919360627,531000
2019-10-04,232.09210205078125,232.39396831064252,230.3375439982203,230.6111120954415,518000
2019-10-07,233.39390563964844,235.28995475344865,233.16750591513514,233.38447771546024,515900
2019-10-08,228.35659790039062,231.6770547500853,227.81890402914001,230.21492065822562,576700
2019-10-09,232.30911254882812,233.89386749595312,230.96017086508868,231.63935566922166,431300
2019-10-10,237.23313903808594,239.82724265296088,234.29944310151274,235.01635382786483,835700
2019-10-11,245.2607421875,247.58127807229758,243.12885113954545,243.75143955498936,1034300
2019-10-14,246.80776977539062,247.14734773287674,244.40231075965806,245.09093777907356,731800
2019-10-15,252.37322998046875,254.11835968412362,248.10003573951553,248.50565223420378,1265400
2019-10-16,240.0442657470703,245.92110154553555,239.15755142017363,245.50604255049637,1720200
2019-10-17,239.3744659423828,242.591172577445,238.90281069505434,241.6667179291626,1543900
2019-10-18,239.9970703125,240.82718820911066,238.02555470182648,239.59145368178685,1640900
2019-10-21,245.66629028320312,246.20398405394099,242.5250797048969,243.1665237888235,790400
2019-10-22,240.81771850585938,245.51540051774586,240.61020344908204,244.1381753209247,797300
2019-10-23,243.05337524414062,243.32694333655337,239.21409478399985,240.4026751690927,917100
2019-10-24,249.948974609375,250.43007215766897,245.8738664989513,246.0153573109346,642300
2019-10-25,249.02452087402344,249.6942920323684,247.03414960745548,247.5718434824476,550500
2019-10-28,251.40167236328125,253.14677363187877,250.80738218530487,252.2317901491816,683000
2019-10-29,249.59996032714844,253.99579064595738,249.260353582697,253.63732805530643,501900
2019-10-30,250.59042358398438,250.9394438560351,246.27948777570373,248.24158969771236,494700
2019-10-31,247.11904907226562,250.26026032289434,246.50590301411572,250.26026032289434,630600
2019-11-01,255.25987243652344,255.48625778475267,251.07157076894086,252.0620354550007,617600
2019-11-04,258.8126220703125,260.53690964772403,257.7704686492085,258.2631387642206,664600
2019-11-05,257.5051574707031,259.52313858694873,256.74724359338546,257.5241241108008,382700
2019-11-06,254.6061248779297,255.92303436673922,253.72504338671203,255.37352216545017,909500
2019-11-07,253.5734100341797,256.529314458602,253.14709434559538,254.92819474328002,560900
2019-11-08,253.2323455810547,254.0944891497492,250.76908237229293,251.81123552744884,743400
2019-11-11,252.69232177734375,253.4218145439803,251.1859485604863,252.15229300736883,451700
2019-11-12,253.51663208007812,254.99458466619964,252.58816282466674,254.0945653764509,336100
2019-11-13,255.72412109375,256.264121133284,253.251373683505,253.93350790916895,422800
2019-11-14,255.5440673828125,256.2356558990931,254.04714832587635,254.52085176445252,539200
2019-11-15,260.50848388671875,261.02954613156885,259.1915743800917,259.8831918453597,667900
2019-11-18,259.08734130859375,261.7021933544107,257.51464253557054,258.7083843673673,430700
2019-11-19,257.26837158203125,258.86949180156785,256.17885926246754,258.59476457548465,465200
2019-11-20,254.72921752929688,257.69460492521733,252.95757174644498,257.03140871516683,408800
2019-11-21,252.98606872558594,255.33564829602952,252.56920736772392,255.27880619382694,652100
2019-11-22,252.21865844726562,256.01776925339885,250.88281128915472,255.67668774518003,616000
2019-11-25,256.88934326171875,257.45779311366306,254.02818518743183,254.24607024334213,409800
2019-11-26,257.19244384765625,259.4377926278366,256.9461089055092,259.3241084737847,445600
2019-11-27,257.2020568847656,257.363099880044,255.8756639850545,256.9367840873367,383300
2019-11-29,256.38726806640625,259.04947932322466,256.2072584301744,259.04947932322466,267600
2019-12-02,251.621826171875,255.99884196434073,250.03967264454582,255.90409548012857,764600
2019-12-03,250.91123962402344,251.06282819734838,247.37740148276032,249.3006652435034,929800
2019-12-04,255.57249450683594,256.18830320910826,254.03769995538178,254.81455163956198,447100
2019-12-05,259.4378967285156,260.70741847908306,257.12622162671715,258.46206879794556,639200
2019-12-06,265.3591613769531,267.14029074826374,263.9475345276435,266.03181209482113,724600
2019-12-09,262.92437744140625,267.64247465986347,262.8391142818191,267.28245537767316,427200
2019-12-10,264.4306945800781,265.53917324297555,262.6495941061359,263.2748860553908,380000
2019-12-11,269.1014709472656,269.4046191895752,263.79598638722206,263.79598638722206,465600
2019-12-12,272.1331481933594,272.1710525648062,266.50554890491367,266.88453479425385,856800
2019-12-13,274.643798828125,276.4817416059272,272.0099799024432,273.3553104156479,723000
2019-12-16,277.5617980957031,278.4902672576835,275.913319356891,275.913319356891,552800
2019-12-17,279.3334655761719,281.4651312434924,277.6470823380832,281.36093035556615,401100
2019-12-18,276.7943420410156,280.1102654562685,276.55749036849755,279.32390171247624,478500
2019-12-19,276.4721984863281,276.48165289170646,273.9331557599763,275.3637200526858,410100
2019-12-20,278.1492004394531,278.87869337576393,276.9365207110364,277.35338207823264,824600
2019-12-23,280.56512451171875,281.77780432236375,279.9114113648603,279.95877015011257,424900
2019-12-24,279.4186706542969,279.6650056655615,275.9795794665142,278.52810598094317,219500
2019-12-26,280.7544860839844,280.9534333870182,278.7554719099165,279.52286899131815,191300
2019-12-27,281.0672607421875,282.8010029128871,280.5745905747778,281.8062370807335,317000
2019-12-30,279.380859375,281.09566370294385,278.20605505435685,280.83039090394055,338900
2019-12-31,280.3757019042969,280.8967643230989,277.9313750254619,279.46619904622025,298900
2020-01-02,286.90313720703125,287.36738611653726,284.7998933307146,285.42518517638234,573600
2020-01-03,282.2798767089844,284.93260426932653,282.00512063262545,282.36513985422084,410800
2020-01-06,280.0344543457031,280.1671051592115,277.0501290798968,277.75122968512005,617600
2020-01-07,283.07562255859375,285.3778136287017,281.7681968409854,282.9619383940286,477700
2020-01-08,286.0126647949219,287.24428212185086,284.16520989196613,284.8473439732431,536900
2020-01-09,285.5295104980469,287.92644891900875,284.47787375166075,287.3295779160012,579700
2020-01-10,280.60296630859375,284.7052543416247,280.0155786616162,284.26942635429754,447700
2020-01-13,285.5957946777344,285.75683764453436,281.8535262100885,282.9714593078062,405700
2020-01-14,286.637939453125,289.81175827781516,282.77253211134416,283.4167618495471,609600
2020-01-15,284.2978515625,287.0169336686193,283.98522000512355,285.7379285633144,505300
2020-01-16,285.24530029296875,287.0074924306231,283.7957686710997,286.6379898051621,547500
2020-01-17,284.25994873046875,285.2168099526136,283.5304269792327,285.0747047129447,743900
2020-01-21,282.7062072753906,285.40632266653273,281.82512581580045,282.4314511846088,573000
2020-01-22,280.6692810058594,285.79475556479036,280.4419126125076,284.75260224099026,1108600
2020-01-23,278.8407897949219,281.47457966974383,276.2259376484934,281.3135077844303,713000
2020-01-24,280.2713317871094,283.5872554790278,279.0018101859964,281.2756095619314,977800
2020-01-27,269.32879638671875,273.44053831378386,268.8456096802635,272.0573325201312,889100
2020-01-28,274.9184875488281,274.9942962809018,270.16251600708097,271.1762481825072,1636100
2020-01-29,280.56512451171875,282.6020437912112,278.2629035145981,280.49879908231173,965500
2020-01-30,278.8976745605469,279.20085173660027,275.25963518560684,275.49648693329226,794100
2020-01-31,265.89923095703125,273.0900460460295,265.4350108159469,272.85319431485345,1272600
2020-02-03,273.00469970703125,273.6584125988943,268.41925505816755,268.7129488023314,823200
2020-02-04,283.4925231933594,283.52094423845296,278.7554895940405,279.3997192245338,795300
2020-02-05,290.20965576171875,291.1854836019759,287.1116170446665,291.1854836019759,1042000
2020-02-06,293.2697448730469,293.3265869644559,290.4938500631884,291.3559936663044,698000
2020-02-07,288.9306335449219,289.5559254604281,287.25373403008183,288.64642308903683,1775900
2020-02-10,293.392822265625,293.41178889864227,288.0115605728806,288.0494649263648,373000
2020-02-11,299.3901062011719,299.6364123695764,296.54788509789205,296.57630615242215,789900
2020-02-12,300.7448425292969,301.0006319785689,298.6700191475113,299.0300383881957,656100
2020-02-13,300.56488037109375,301.6259716190486,297.50474525461453,298.38585576636996,742200
2020-02-14,299.664794921875,302.43123582848636,297.96895736518906,300.6785272574791,661400
2020-02-18,292.9192199707031,293.8950477931677,290.7496792714025,291.23283706646646,757100
2020-02-19,300.69744873046875,300.92481710334187,294.64350558968084,294.78561082272654,1093900
2020-02-20,296.983642578125,299.93006416384276,294.1130008230012,299.2384756297692,1118400
2020-02-21,289.90655517578125,294.4825184722218,288.7033586396221,293.8856763216527,1134600
2020-02-24,275.1269836425781,279.70297558748325,273.1090021313214,273.8479784257539,1347400
2020-02-25,269.6224365234375,280.36602372654767,269.48033131821535,280.00600459828195,1166700
2020-02-26,271.261474609375,276.93643109969247,270.5698573574651,274.226862002247,861100
2020-02-27,262.6495666503906,271.7636143673702,261.36107851955455,264.19381526603263,1373900
2020-02-28,262.1568908691406,262.8674458697676,251.99123583087373,253.7249773108785,1647400
2020-03-02,272.3699645996094,272.3699645996094,260.9821455681624,264.9138779034432,1081300
2020-03-03,269.3477783203125,281.2377526255054,267.3771846297359,277.52390474270163,1916300
2020-03-04,285.7474060058594,286.10742528508405,274.7290870901022,277.01234138657276,1289500
2020-03-05,273.0899658203125,280.3755252440133,270.9962052273187,275.73323845924085,1453900
2020-03-06,272.9573974609375,273.0805649881803,266.4961041544489,269.49936793961785,1148400
2020-03-09,250.03013610839844,261.8348169321362,249.98274842009405,251.4891506995539,1759600
2020-03-10,265.0465087890625,265.6054752749704,251.06277658463196,263.3695804187808,1699200
2020-03-11,250.24807739257812,259.9021272949238,246.85634443247218,258.177868676376,1175900
2020-03-12,228.08822631835938,241.45613914314052,225.05652692833354,232.512615100352,2779800
2020-03-13,243.43624877929688,244.29836373656764,221.5416572044938,243.54044967493053,2637200
2020-03-16,217.2972412109375,235.1558665693402,198.59542431287935,209.04532097717612,1496800
2020-03-17,225.80494689941406,227.35869356713508,213.18549507744217,219.37206069910977,1642500
2020-03-18,186.6296844482422,214.38869416271658,181.19156381243377,202.1387302777068,3131900
2020-03-19,202.7735137939453,207.70951049667988,190.04036173121324,194.98582729944013,1634600
2020-03-20,204.73460388183594,224.83857621680966,204.25141718867553,213.30862338020358,2316700
2020-03-23,220.88787841796875,222.92481160827546,210.95905970604002,213.4791651355441,1731500
2020-03-24,246.5247039794922,246.8278810805449,237.60961738882423,240.95396208230756,1427600
2020-03-25,248.28692626953125,258.0167844515545,238.69915887973434,246.96056242918465,1211300
2020-03-26,261.3896179199219,262.5644224060989,247.85116211614616,249.0638709825407,1018600
2020-03-27,239.3339080810547,249.8406463260645,238.56651086396414,248.41953608514692,1518300
2020-03-30,253.93344116210938,255.92300120671564,246.97947878220202,249.7080149676551,1142400
2020-03-31,247.87950134277344,254.46396051977624,245.37833379211565,254.01867821701023,881800
2020-04-01,235.91375732421875,244.1277723804451,234.36949410151385,239.81708309207147,715700
2020-04-02,234.2747344970703,238.70860550049994,229.50927981267378,231.04407408572126,788600
2020-04-03,231.7451629638672,234.9568712302554,229.72718198414626,233.1188998439172,571700
2020-04-06,256.8703918457031,258.4336071708242,245.7762671106859,246.3257502936612,807600
2020-04-07,258.253662109375,266.486630979776,256.74728849876107,265.7097503264834,768200
2020-04-08,263.9285583496094,266.5434102183142,259.9778884132586,263.4074962047863,891700
2020-04-09,262.2516784667969,270.13411011621935,260.6505586344904,267.3771528117016,728900
2020-04-13,259.6842346191406,261.62640718076625,257.70415768635513,260.3947897874276,789400
2020-04-14,273.7342529296875,279.2576510299549,270.05830974315916,271.8962813364233,1700600
2020-04-15,267.6329650878906,269.5751665743253,260.58425546103746,262.3559306450234,1487600
2020-04-16,277.021728515625,277.16383374591993,271.11940295441894,274.58688622385347,1212000
2020-04-17,280.1008605957031,285.5768716416902,278.16814231107065,285.40634532872537,899100
2020-04-20,276.24481201171875,282.3366586064106,276.11219011826006,276.311137414726,510100
2020-04-21,266.3066101074219,272.42685077104477,263.919155055723,271.0247070206701,663700
2020-04-22,279.4565734863281,279.930276866892,273.07106116834683,274.7479607270213,596100
2020-04-23,274.1795654296875,281.5314526105498,273.14689532413905,275.63858022757904,730500
2020-04-24,277.8912353515625,278.48159723200774,272.3018020487528,276.0344548300617,464200
2020-04-27,276.99615478515625,280.67167756135166,276.4057929183642,279.7480384623172,689100
2020-04-28,277.4913024902344,283.3663848977311,277.1770588971893,283.3663848977311,532000
2020-04-29,289.1939392089844,290.19377108811943,281.23352577653606,282.1381023616959,968000
2020-04-30,274.64422607421875,287.11810579972934,273.33971108534803,286.9562183141417,846300
2020-05-01,265.7220764160156,270.29264451706126,264.90319483032164,270.29264451706126,862800
2020-05-04,269.6451416015625,269.6927692404456,262.77022705295974,266.23626381648717,1036900
2020-05-05,274.5680847167969,278.9958284000905,270.7402052652418,270.7402052652418,821600
2020-05-06,277.9483642578125,281.64292072591746,276.8914316806699,279.84327013109123,552400
2020-05-07,285.2707824707031,285.7754494099423,280.4716663491911,283.6996517397854,570800
2020-05-08,289.8508605957031,289.95561813508874,285.1279374004726,285.8706552781861,680600
2020-05-11,289.8414001464844,291.183982263877,284.0900796388822,284.3281306476195,513600
2020-05-12,282.4522705078125,291.2791909184045,282.08089700827054,290.78405531130784,481700
2020-05-13,280.16693115234375,287.06087728223747,276.85325150713146,284.22329953127644,1142300
2020-05-14,288.08935546875,289.24154341874294,269.76895682560405,272.4922758195381,1296800
2020-05-15,278.55780029296875,282.06190446647514,276.23441992469606,278.7577550208633,957200
2020-05-18,290.3175354003906,291.9077000477845,283.43308897832975,283.46165394029,997000
2020-05-19,291.6124572753906,297.07809860431416,289.2129138024638,289.29860867017993,687400
2020-05-20,310.0758056640625,310.66616764914363,302.3724477159873,303.029470972666,1084900
2020-05-21,303.7436218261719,308.9521801917469,302.1343943326363,307.1810942501093,639200
2020-05-22,304.09588623046875,304.2292087522461,299.29679850781616,300.867929454838,365400
2020-05-26,304.5719299316406,309.8281141337542,304.11489065073147,307.0476659194086,540400
2020-05-27,303.30560302734375,304.3244684967173,296.2402350689264,303.74360882335844,808100
2020-05-28,304.67669677734375,313.3512607490129,304.14346489402715,305.90504800021426,797900
2020-05-29,313.7607727050781,314.20830978076526,308.74263865363616,309.89482650189245,649500
2020-06-01,311.1136474609375,311.5230882384772,308.03801784166296,308.3998600391026,526100
2020-06-02,318.7312316894531,319.0073499064777,313.0560753488449,315.8365236081124,717200
2020-06-03,329.748291015625,330.85285133510473,322.6543874153063,324.2350498177188,693900
2020-06-04,336.23272705078125,336.49937205672364,330.4147747916549,331.22415397109194,884600
2020-06-05,340.1463623046875,346.7546613270357,339.137028246193,341.84128450281645,899200
2020-06-08,332.55731201171875,334.76643269773075,326.7107643604748,334.19510437424964,1001700
2020-06-09,332.6334533691406,336.26137781057207,328.68181207205754,330.0529883333484,737200
2020-06-10,331.2908935546875,336.52801658362546,331.0909097529455,334.23320100568765,997900
2020-06-11,316.9792175292969,328.3390047776259,316.89349359362024,325.2729065996442,919300
2020-06-12,326.672607421875,330.67184647025135,321.13077360595594,329.71014026639295,845000
2020-06-15,333.2809753417969,333.2809753417969,320.54047949024164,321.37842377030864,598200
2020-06-16,335.2234802246094,338.03249426533034,330.45295689662396,334.46172848083745,863900
2020-06-17,345.08831787109375,348.2686763222719,343.1839095248339,344.10754873512855,710400
2020-06-18,341.7270812988281,344.5075015611829,339.4798640568319,342.393606868503,494700
2020-06-19,343.43145751953125,350.5444231429203,342.4030608425079,347.2974037506087,786900
2020-06-22,346.8784484863281,347.48784401505833,342.6220948894704,345.05973512231884,554500
2020-06-23,349.1160888671875,354.0294359403536,349.0303649352146,352.89631085447195,604100
2020-06-24,344.2979431152344,349.9921340518441,342.34593634842895,348.11629082652496,613500
2020-06-25,349.0303955078125,349.3922377093129,341.4413277929039,345.14541562946437,465100
2020-06-26,344.4693298339844,350.60152594531706,343.7456454919762,349.8683102644003,493000
2020-06-29,347.37353515625,347.6496824497705,340.9937568017035,345.5833870061881,612800
2020-06-30,350.43963623046875,351.2775803981636,344.87876836908293,344.90733332666525,678600
2020-07-01,350.02069091796875,352.4964273139803,347.81157049943766,350.4396630338613,516600
2020-07-02,355.38153076171875,357.9143965518166,354.61024794904847,355.70527659157176,449400
2020-07-06,367.03656005859375,370.8739411663185,365.1702482821096,367.81737434328244,752900
2020-07-07,363.760986328125,370.0360076272959,363.6181615302153,366.9794407161799,410900
2020-07-08,373.19732666015625,373.4068127136931,368.3982391665217,370.24548829085023,599300
2020-07-09,375.85406494140625,376.76817289029225,367.64606890738094,376.54918450923856,644200
2020-07-10,376.92999267578125,380.11035083105946,373.2164025578793,380.0055932710999,667200
2020-07-13,370.0455017089844,383.61440826450763,369.3313487323779,378.84385708190945,1083600
2020-07-14,377.8630676269531,378.5486556096055,366.98891516697216,368.15060510816204,880100
2020-07-15,357.48590087890625,369.15992991588195,354.70548178199704,368.6647943523252,1640300
2020-07-16,366.80804443359375,375.03507229542606,355.00072005338325,356.21954007213475,2240900
2020-07-17,365.25592041015625,368.55053803731306,361.94224010570673,367.007972242487,1048700
2020-07-20,372.76885986328125,373.7115325939118,363.8181183562277,365.5606680777133,972600
2020-07-21,365.4749755859375,373.5401452755792,364.8465174084244,373.39732047590854,823700
2020-07-22,373.8353271484375,375.6921076667189,371.12153971206675,373.85436076878705,710100
2020-07-23,365.86541748046875,375.36839646764645,363.6372632171736,371.4072236465779,990800
2020-07-24,350.1064147949219,357.22891229605517,349.23990553160087,353.2772708865098,1628900
2020-07-27,363.5324401855469,365.4463795150843,358.2762845923944,359.92357890663004,1080300
2020-07-28,358.37152099609375,363.4943837016466,358.2096625721725,362.8944904694328,502000
2020-07-29,347.19268798828125,348.6590905811081,344.4027366786623,347.5545302308328,1446700
2020-07-30,345.39300537109375,345.4787002534442,337.89913465731456,338.84183648109536,1010400
2020-07-31,336.81365966796875,344.8502651753936,333.9760807844109,344.6503104365047,954900
2020-08-03,349.0875244140625,349.6017227546463,342.622079622322,343.76470708488745,862400
2020-08-04,352.6297912597656,354.096193958506,350.6016205929685,350.8206089753022,833400
2020-08-05,350.896728515625,355.3720701758457,349.18274376704017,353.2772386728579,591300
2020-08-06,351.58233642578125,351.89655099830844,346.77368820167794,350.45871348340546,402100
2020-08-07,348.5733947753906,353.4296419557371,345.0121313450215,353.0201720692608,572500
2020-08-10,347.9449157714844,349.2494307844284,342.3554821594877,347.32598889674733,547900
2020-08-11,344.0408020019531,351.7155634060925,343.42187525496604,348.5447370832139,627000
2020-08-12,356.8955993652344,358.0572894741571,348.1639044579299,349.0684808743857,565400
2020-08-13,356.8479919433594,360.0664462174553,355.17210354999327,358.58098119490563,470700
2020-08-14,353.3628845214844,356.2670948867575,352.0012398746295,353.3438218451359,543900
2020-08-17,360.4187927246094,362.3136696348695,358.26680210281114,358.65720928121476,428200
2020-08-18,359.1904602050781,365.62736972962114,358.97144278350964,365.2750297751939,466500
2020-08-19,357.0193786621094,362.2469694488351,356.08620825846435,362.2089022103717,354400
2020-08-20,354.38177490234375,355.5339336040026,350.7729136115744,351.8774737368929,498200
2020-08-21,354.33416748046875,354.3436988198645,348.06867759895306,348.64950812286276,605400
2020-08-24,359.9236145019531,362.59930566881076,356.6289964886946,362.07560504315524,590700
2020-08-25,362.62786865234375,362.62786865234375,358.2858203524813,361.17099756566574,378200
2020-08-26,367.474609375,368.1887624311821,361.913712005642,361.92324334525904,417600
2020-08-27,358.2381286621094,368.31243247004346,355.4005507670722,368.2362689490356,636100
2020-08-28,361.3329162597656,361.7328547956797,356.8861100158272,358.14302648988286,490200
2020-08-31,356.2957458496094,360.3521448727531,355.46733287929743,357.95260084919806,533300
2020-09-01,368.40771484375,368.40771484375,364.0561356716266,365.751057597319,634500
2020-09-02,379.4437255859375,381.97659146552803,371.8260943302512,376.7490013151796,904300
2020-09-03,358.18109130859375,370.70256918686124,352.3916742115775,370.50261446596295,1258500
2020-09-04,349.85882568359375,353.2677034049001,335.9947079477983,348.0305811172264,1206300
2020-09-08,330.7480773925781,336.4993979008965,326.8440350370081,328.862702941918,1541000
2020-09-09,342.1935729980469,344.2598686219985,336.61367107965356,340.8604931078985,847300
2020-09-10,339.936767578125,349.2778848330764,338.06092486918726,346.85927896646143,678600
2020-09-11,342.0602111816406,349.60164965824424,340.4985828659962,346.6022132400733,678700
2020-09-14,350.3539733886719,352.2964778587425,347.89727057614914,352.0964940784229,575700
2020-09-15,352.55352783203125,356.84797713230944,351.45849905366293,356.64799337165533,717100
2020-09-16,345.0597229003906,355.1530920695984,345.04066022084805,354.2199215998561,973900
2020-09-17,349.2113342285156,350.05880985468104,338.16578953949863,338.5181004190635,901000
2020-09-18,348.8304138183594,353.18199312172817,342.72678262224923,352.5916312844845,912200
2020-09-21,345.2882385253906,345.65008072489474,335.7185991536996,338.32762903165315,657900
2020-09-22,347.2117614746094,347.64976728023913,341.58423103525035,346.59280548310704,971200
2020-09-23,340.4700927734375,349.0589632211083,339.8701995461093,347.75444826464553,709800
2020-09-24,342.94580078125,346.2118535714238,336.77550831628633,337.6991473711796,768400
2020-09-25,343.25054931640625,343.85041349841816,334.30933874179965,335.9566623194808,724100
2020-09-28,353.3247985839844,353.73423931206776,346.9355181577337,348.41142267010804,821900
2020-09-29,356.1242980957031,357.9144462756713,351.9060413250301,352.38214332783184,608800
2020-09-30,351.62042236328125,355.41020540999233,349.93503144855237,351.15385162021863,867800
2020-10-01,363.75152587890625,364.36092143972206,356.5242996839254,357.5812323689663,891600
2020-10-02,352.3155212402344,357.7621299201446,352.3155212402344,354.6008052959459,711600
2020-10-05,363.8467102050781,364.12285754235353,356.9908578283493,357.21937752321764,649900
2020-10-06,352.42022705078125,359.34276909306914,350.94432239664144,356.3147671877595,686600
2020-10-07,357.8383483886719,358.5334679579603,353.8676729074333,356.5338332051722,550900
2020-10-08,362.6850280761719,362.74215799658515,358.4477082720911,358.7619228343641,686700
2020-10-09,370.3978576660156,371.3405594701093,367.3317593504477,367.36032431063467,539300
2020-10-12,379.967529296875,381.8338411821034,376.5300574114827,376.5300574114827,840300
2020-10-13,385.7854309082031,389.5561504760293,379.2437943129954,382.3194235835643,1027900
2020-10-14,379.00579833984375,386.5948662108236,376.5967231191644,383.39547436979495,954800
2020-10-15,368.093505859375,369.3789870662961,362.5231066686903,365.45588219163506,786200
2020-10-16,368.40771484375,373.62580312661504,367.42694590459587,372.0832373251259,594500
2020-10-19,366.8937072753906,373.5210387324996,365.4463677104235,373.4448752012735,392700
2020-10-20,366.560546875,370.66454494538755,365.89402132277684,368.3316619241542,356800
2020-10-21,364.69415283203125,370.68352447066445,364.6751192121696,367.217487764377,359100
2020-10-22,357.5526428222656,363.82766441161806,357.4574165996015,362.884991642859,611700
2020-10-23,360.4663391113281,361.41854309863805,356.2576137604356,360.73295506541655,467600
2020-10-26,349.9254455566406,356.9622472036062,346.60226283002237,353.7913915481048,900400
2020-10-27,348.8589782714844,352.8296817765912,347.04026512647056,350.80148258715275,968700
2020-10-28,345.51678466796875,347.6211767664745,340.2987245124206,342.28882770314897,953100
2020-10-29,353.13433837890625,355.93382028039576,344.90731146802784,345.9737752287937,808800
2020-10-30,343.94561767578125,348.3447957490095,341.85078619560477,346.42135402413663,821100
2020-11-02,349.1036682128906,352.07652759111176,345.767591924306,348.4058810073734,893200
2020-11-03,355.6515808105469,359.79063750313605,351.6367955859702,352.2103404997249,813500
2020-11-04,366.10906982421875,367.9826224312215,355.9000823979531,357.1809826925562,2451500
2020-11-05,380.629150390625,382.05342953757304,376.1077408825364,379.68282039867444,1115500
2020-11-06,388.32415771484375,389.5285990369955,380.62918724303995,384.3667534975945,710700
2020-11-09,388.41015625,402.0986273599503,388.40061710344116,398.6478483852333,1273700
2020-11-10,381.6902160644531,392.02347534302635,380.4284523581443,391.07714527036876,1323100
2020-11-11,399.61334228515625,400.17734805154,389.31832630190206,389.4330294504187,933300
2020-11-12,394.5183410644531,402.6052323815814,393.83966145067404,400.5213811230087,800800
2020-11-13,401.08538818359375,402.79645441100155,398.01696262516066,401.0662807182634,582700
2020-11-16,407.7002258300781,407.8340364334807,401.1236403333483,401.4295348149877,547300
2020-11-17,407.6716003417969,408.5988230481155,403.6281392091834,406.1804010244586,524600
2020-11-18,405.1192932128906,408.51272081933365,402.4523285440819,405.41561937923564,543600
2020-11-19,404.6890869140625,404.70822354979174,398.4853163336913,398.90591391592335,914100
2020-11-20,404.90899658203125,409.50686551626035,404.8420766933467,405.33916252734156,484000
2020-11-23,408.3119812011719,410.69218796926185,403.3413272010106,409.1149323280048,596000
2020-11-24,405.5589904785156,408.75168753009336,404.36411751736966,406.65829694013246,610400
2020-11-25,404.8038024902344,405.9508628902705,402.19418975897037,404.5935037078061,308200
2020-11-27,418.4635314941406,419.3716464245691,409.870016278421,410.3957486033867,432500
2020-11-30,418.42535400390625,421.8283494607431,414.5444094191799,421.11142576890893,508500
2020-12-01,429.4278259277344,431.808032991376,424.8777689773647,427.38221833978264,685100
2020-12-02,431.110107421875,432.17114046876816,424.6673626015562,427.43946167081594,1050700
2020-12-03,432.9263610839844,438.96764571584845,432.362384552613,436.8551185099144,677900
2020-12-04,443.9096374511719,444.0147722645765,433.4712148995215,433.97783984524807,660800
2020-12-07,449.0141906738281,450.23773952637566,443.6324777178311,444.072182837981,632900
2020-12-08,447.9053039550781,450.0847510607303,444.4353882221457,445.3721791217965,738800
2020-12-09,432.9169006347656,445.4104722912116,430.65139660720575,443.3457279592218,868800
2020-12-10,437.6102600097656,438.64264658054736,429.31306919933405,431.2440025673246,539300
2020-12-11,432.6683349609375,436.98898560161575,431.91316699140623,433.79628816949366,512100
2020-12-14,433.0124206542969,436.6735279789035,432.2286061118604,432.3910925088745,546100
2020-12-15,448.60308837890625,448.9089828551101,441.51990720714815,444.0243562411985,639200
2020-12-16,450.7348327636719,451.4135125520135,444.50238484878554,447.3509437987957,524900
2020-12-17,456.250244140625,460.0929739530935,455.017156344765,457.6172008717866,477300
2020-12-18,456.1929626464844,458.3055192047157,453.401755534928,457.3878356977307,730700
2020-12-21,451.4326171875,451.45172465493386,439.216236004909,439.961835638712,622800
2020-12-22,455.1796875,457.512081900986,452.09215437594924,452.59877935483615,431300
2020-12-23,453.6884765625,459.20402878912364,453.2870155860318,457.8179644935336,389200
2020-12-24,461.784912109375,463.2283278956454,456.0399539184907,457.82750826641495,271900
2020-12-28,459.0606384277344,467.1666673641379,457.33046465691785,465.65636072720514,449300
2020-12-29,462.6644287109375,467.86451873171643,461.2305810031133,467.86451873171643,377200
2020-12-30,468.3042297363281,470.9329505669873,466.4784601315201,466.602731601897,381900
2020-12-31,466.2107238769531,468.88722747028413,462.1290486041981,468.39017085200874,312700
2021-01-04,477.9491882324219,482.4897055206299,469.06888414698653,477.93961991371214,1527600
2021-01-05,483.0727233886719,483.0727233886719,472.1085985165922,472.36668054108964,1029900
2021-01-06,468.60052490234375,477.79626304082603,468.1416831586529,470.15864399535775,977900
2021-01-07,479.3160705566406,481.02713665668847,473.66670818567206,474.09687408306024,936200
2021-01-08,486.3037109375,491.5994250676027,479.58374679101496,489.98395454331643,734500
2021-01-11,485.548583984375,486.46623824256665,477.40431128135253,478.4271295285063,703000
2021-01-12,491.2648620605469,492.0869206894076,481.29484866147936,484.73608876628964,651700
2021-01-13,491.38916015625,492.87079110099694,486.9155623633631,488.6648437101194,513700
2021-01-14,520.6299438476562,522.3027655880272,506.52087800535645,506.7789308289356,1450300
2021-01-15,504.23626708984375,513.1738913302879,502.1906310749704,508.8341347934581,869200
2021-01-19,525.2662353515625,526.2029972287934,507.2092983540727,509.49390981325354,1504000
2021-01-20,525.1514282226562,533.5441852058208,519.2057102825842,531.0684412080481,1121900
2021-01-21,545.5694580078125,548.4945048559607,540.6656944177683,542.9503056570181,1272100
2021-01-22,544.3363037109375,545.5407449151826,537.9699883009001,538.6391287858588,901600
2021-01-25,542.5775756835938,543.1606598114184,529.6825132529547,537.3584068084003,966500
2021-01-26,524.7881469726562,538.7920798785943,524.2528462785149,538.342777355915,887700
2021-01-27,501.49285888671875,515.7261965635793,499.4567911281411,511.3768132388488,1506800
2021-01-28,523.0867919921875,529.4148942562335,513.6807826543952,518.2021642596847,968600
2021-01-29,510.6026306152344,519.5307467643058,505.0010803563104,517.1027859891249,867300
2021-02-01,529.9406127929688,530.9729412229342,520.5154670629356,523.2588912425354,849600
2021-02-02,529.0896606445312,532.2345447601866,525.218284552397,529.3573401488748,721600
2021-02-03,518.966552734375,527.3880117031615,518.0489280025829,526.9769825681491,635400
2021-02-04,530.9441528320312,531.4603169091877,520.2763535003178,522.8381539370604,554500
2021-02-05,528.43017578125,531.6133336906802,526.719138701944,530.485380614872,461700
2021-02-08,539.1266479492188,541.9274230020728,533.3625531232262,533.3625531232262,716900
2021-02-09,540.5606079101562,546.7070283339904,540.5606079101562,541.5547213578559,483300
2021-02-10,541.8892822265625,547.7871592823229,535.016370089281,546.2290401531285,458600
2021-02-11,565.4234619140625,565.6910831227548,548.5231855023134,549.2878925401006,975400
2021-02-12,571.6175537109375,574.9345507943807,563.1674463184796,565.8630278928774,732400
2021-02-16,576.5404663085938,581.8648263942353,572.7455200373158,578.8728602987063,621600
2021-02-17,561.666748046875,572.0860046703081,555.8166550288072,571.9617332219339,825100
2021-02-18,556.7916870117188,563.4638975849374,550.6452672385617,558.588780689426,716800
2021-02-19,568.18603515625,574.2559666894282,563.3969748132081,565.7389375736735,821500
2021-02-22,552.9873657226562,564.0949033018501,551.0755684340731,561.7051566911213,753400
2021-02-23,550.664306640625,553.6371361674308,535.427286346828,546.5061142866396,1004800
2021-02-24,568.7691650390625,569.6772802655323,540.6083747592145,548.0548612728533,1023000
2021-02-25,535.083251953125,560.5388303425415,534.9780587909037,556.935074799511,1288900
2021-02-26,542.0804443359375,548.1981590335643,535.9722396137603,547.0989108897304,946500
2021-03-01,557.8145141601562,558.588789550559,543.7723639651815,547.1275767713964,679500
2021-03-02,538.3046264648438,554.2967876551951,538.1707866895371,553.4938656901686,696100
2021-03-03,519.6264038085938,540.9907703943192,517.3322824034021,539.6907624303691,1006900
2021-03-04,487.9861145019531,517.4564773808986,479.9470057653812,514.1299114028443,1702500
2021-03-05,503.7967224121094,507.4386933487393,485.91186971704894,504.68570101232774,1370100
2021-03-08,480.0426330566406,505.8327539293607,479.01024642004035,503.2231698953479,1180700
2021-03-09,515.7263793945312,519.2536472069784,501.7989311941853,504.3703005029168,1240500
2021-03-10,500.2503356933594,517.9248881166061,498.1282108657013,516.2616342033497,876500
2021-03-11,520.39111328125,524.3007050723331,516.1947052948981,522.8668574696222,1009700
2021-03-12,513.9195556640625,515.3056197274092,505.2877668841654,510.56434363582065,714900
2021-03-15,523.0580444335938,523.6411284513899,512.3711073921916,514.9137714485828,582400
2021-03-16,525.1514282226562,531.2213592694649,521.8822722763114,522.283733238009,651600
2021-03-17,534.8920288085938,541.0862312393925,518.9189469110654,524.0425478931681,841400
2021-03-18,515.4109497070312,528.1148206349852,515.2484632871034,523.8132770915593,790000
2021-03-19,523.2777709960938,532.521348503508,517.4372470557955,520.6681876064702,1404600
2021-03-22,550.587890625,552.499687357443,538.9641921628447,542.6061626044126,1216800
2021-03-23,534.2228393554688,546.0855690670198,531.0014669864969,544.4031788465744,866300
2021-03-24,553.0636596679688,568.2528394490446,552.5092223128861,561.284361783706,2121400
2021-03-25,558.2446899414062,560.0035687451991,543.9922698470509,545.7319536687079,1088900
2021-03-26,598.0768432617188,599.6349620806516,562.7277445567456,562.7277445567456,1933600
2021-03-29,581.1862182617188,589.6554639530491,574.9155271878943,587.6481006812843,1214900
2021-03-30,574.7720336914062,579.5228782990189,569.256540501257,573.4624577656,1071600
2021-03-31,590.1333618164062,593.5554940742761,578.5096641332902,579.4272891635823,1579600
2021-04-01,609.0027465820312,611.2873573826063,592.4179354222922,592.4657186657079,1908300
2021-04-05,612.2433471679688,624.2016452971986,609.8918744810555,622.9112058150345,1529800
2021-04-06,600.3041381835938,607.7123500799678,591.1084011164702,605.4755223653202,1281900
2021-04-07,598.9275512695312,603.5541240541329,594.75028096055,599.5010668305425,820600
2021-04-08,611.660400390625,613.2950079990676,604.8448387101082,607.9132942175079,865900
2021-04-09,606.345458984375,610.5418668167301,600.829906738462,606.3645956215995,631100
2021-04-12,602.6270141601562,603.7263206444754,593.2496533011622,603.7071840068119,739500
2021-04-13,601.3748779296875,608.65882005359,596.2130025354405,607.5977866887622,710500
2021-04-14,603.1622924804688,612.8169008527074,599.3864823170875,607.635889771715,718000
2021-04-15,613.7728271484375,614.5471025159528,599.8453805086657,605.8293138063704,980400
2021-04-16,617.2139892578125,619.3647604801935,610.3219413593575,612.0234683756748,605200
2021-04-19,602.3211059570312,611.0675993514138,594.9989501377721,609.5190486645287,1138900
2021-04-20,589.73193359375,600.1034074103593,585.7554221071966,598.4210753136596,988000
2021-04-21,626.5817260742188,626.9163254632281,607.8843588910999,609.5953957318103,2160900
2021-04-22,618.55224609375,636.5039855237413,612.233714097271,634.87894677271,1233400
2021-04-23,641.3216552734375,641.675391294163,629.334712483043,630.1472026404937,1109600
2021-04-26,640.87255859375,645.8528105175419,637.5460506605378,637.5460506605378,801000
2021-04-27,643.137939453125,645.0784410267627,632.6039214097261,640.7673303148192,678200
2021-04-28,635.9974975585938,641.2740173055495,632.1165522026329,635.146733939468,571300
2021-04-29,633.263671875,637.2306743147727,625.2150221768801,636.9056431268448,504300
2021-04-30,619.517578125,631.8964710449325,617.2234575323483,625.4155118172039,575200
2021-05-03,627.3786010742188,630.877748785066,620.9364057803441,630.5230477144805,672000
2021-05-04,602.9999389648438,612.8070575630437,590.4509955707327,609.394214462015,1505800
2021-05-05,615.347412109375,625.0298976080613,609.5379091077189,615.4624471381427,948200
2021-05-06,617.7058715820312,617.9934592118485,603.8914842220988,611.9442889303848,618200
2021-05-07,631.34765625,633.9551954780068,620.936574326491,624.8383456742422,573700
2021-05-10,601.3318481445312,621.8280979442347,600.6224458419488,621.502126298929,882700
2021-05-11,604.5914306640625,607.4674246532617,589.2048745242964,590.6524675274862,891200
2021-05-12,577.0009155273438,594.0939176228546,575.4478839293776,589.5785873770764,1107700
2021-05-13,597.334228515625,602.7602432903599,586.5204659656341,595.9441534290498,1436100
2021-05-14,620.9844360351562,624.2247262573155,599.5582524528496,604.0927746700962,1331000
2021-05-17,609.0874633789062,609.787328248446,597.5355679187743,605.7705216746613,929400
2021-05-18,606.0582275390625,617.1499849291675,605.5021856401784,614.8875503230165,644700
2021-05-19,604.7064819335938,604.8981680429936,581.5643045438721,582.8776703593754,1049600
2021-05-20,621.9527587890625,625.2888923771018,605.6362709992089,606.537417929709,1086900
2021-05-21,612.7974853515625,620.6010283194089,609.8831663752153,619.1630315887745,847500
2021-05-24,631.7119140625,634.885090865818,619.0671283664768,620.7351950499049,794000
2021-05-25,644.50048828125,651.3549623574628,639.6976286394545,643.4267888011268,1088800
2021-05-26,638.2500610351562,641.8641862880866,632.5843212672988,639.6400777027718,597100
2021-05-27,637.59814453125,640.2536051850326,631.6927389400888,633.6771813099858,652600
2021-05-28,647.5490112304688,648.0379394341971,639.3716343621032,641.3752686943521,610700
2021-06-01,644.0308227539062,659.6475054730912,640.8864335062357,656.4359441742786,1292000
2021-06-02,646.22607421875,650.6742323113051,641.1259728806805,642.8036354848259,596800
2021-06-03,638.3650512695312,642.698174568607,632.8239429524363,639.7646638455071,612100
2021-06-04,655.0553588867188,655.7456276663994,645.2674330187033,646.9163076657661,531000
2021-06-07,653.7900390625,656.1195869259558,648.5173839731641,652.0644545538929,594300
2021-06-08,652.591552734375,663.5107535311031,648.5843428435634,662.1206785456901,562800
2021-06-09,654.374755859375,659.6186220200116,652.668305148498,656.685111308524,440700
2021-06-10,671.0076904296875,675.6476527558551,658.1807536307645,660.8650027601726,800100
2021-06-11,668.2178955078125,670.0489188231244,662.7726300564477,669.3395165071163,445100
2021-06-14,680.0094604492188,680.2970480774358,666.7894404352108,670.5953686706897,636600
2021-06-15,672.7715454101562,681.5816152668123,668.0644703365115,678.3509208492375,510700
2021-06-16,670.1543579101562,680.6229570995364,665.0255266159187,676.8650089183649,590900
2021-06-17,669.9434204101562,675.4078188775552,662.5329052370886,662.7821673286745,746700
2021-06-18,643.3310546875,658.7943192353384,640.9343932078256,657.0207546330336,1669900
2021-06-21,652.5149536132812,653.7612056429599,644.6059722363339,650.4538017283355,565500
2021-06-22,657.4615478515625,659.148806347153,648.3063156754782,652.3614468579726,542200
2021-06-23,653.4735717773438,660.7402053569871,651.460341552891,658.1518584447631,523400
2021-06-24,666.2718505859375,669.1095186686666,662.1208167736801,663.0794813068973,469400
2021-06-25,657.8451538085938,666.8086430181447,657.6150251901385,665.2460152824552,431200
2021-06-28,675.0051879882812,676.6253331920061,669.7900512241226,670.0393133342699,623900
2021-06-29,674.5930786132812,676.117381027266,669.3396154856775,671.017278485707,400000
2021-06-30,662.2838134765625,667.7769423753949,658.209489323564,665.888342871053,767500
2021-07-01,651.2303466796875,663.0890212723534,646.6479610245602,658.8325487641209,997500
2021-07-02,659.1203002929688,661.3540054054364,655.4390606480234,660.031043451464,449700
2021-07-06,657.5191040039062,664.8816390891062,648.7281684188223,660.9415427077697,788700
2021-07-07,661.6510009765625,666.9619807877407,656.0811630486166,665.3514315870104,442900
2021-07-08,645.8426513671875,647.673674709131,637.3488984395934,643.2446496605555,849400
2021-07-09,662.7824096679688,664.3546338111254,650.8662145274296,655.6978635271007,583600
2021-07-12,678.55224609375,679.2233228756724,670.2693716412812,671.0650794760847,618500
2021-07-13,677.2197875976562,681.2845158831028,674.5163465748474,677.0568310093715,623300
2021-07-14,686.892578125,693.1238961763319,683.412621978432,690.219115214227,852000
2021-07-15,674.84228515625,683.7866412542415,668.0357906647447,683.1155644070786,729400
2021-07-16,659.0050659179688,677.7661352603441,658.4778122000523,673.8260386165688,578300
2021-07-19,655.7265014648438,656.0332811185764,643.8295010652295,645.9960336303175,855300
2021-07-20,655.7742309570312,660.1936588535185,645.1138897884753,648.8814330537596,805600
2021-07-21,691.1970825195312,691.2833880671711,671.7266094841931,676.7595979491412,1281300
2021-07-22,699.7483520507812,709.4692237985661,694.2648193800733,702.7010549954432,946000
2021-07-23,717.21533203125,725.4982080350766,712.3740876107256,716.8797643213223,1069800
2021-07-26,722.9193115234375,727.6263282970772,717.4453163686819,726.8594084281966,691800
2021-07-27,714.7802124023438,721.0595115519093,702.7585808956345,720.1199805738205,881200
2021-07-28,728.4507446289062,729.5819616424351,714.5884943258411,718.9983273285628,716500
2021-07-29,734.05908203125,736.1489638095976,728.4508590895335,730.1477141325685,634000
2021-07-30,735.04638671875,736.925390145257,725.5076635352232,729.3231879159754,488200
2021-08-02,737.8361206054688,743.7702559176616,736.6473275319424,738.9481456269959,499900
2021-08-03,747.3076782226562,748.1896330759074,735.7845135586963,738.679698733437,533700
2021-08-04,762.598388671875,765.5606876093602,755.2358526139451,759.2718510695303,629700
2021-08-05,761.8986206054688,772.3384911798856,757.6517438404859,772.2138601123968,723700
2021-08-06,750.90283203125,754.651184852182,747.6625410192837,752.0723747512324,556900
2021-08-09,756.0795288085938,759.5019681764048,753.1268256949891,757.5558511092767,477100
2021-08-10,756.6642456054688,764.0938951217321,751.4299751360347,762.7038784736384,589500
2021-08-11,756.5972290039062,760.5469808904768,749.119657009413,758.4379071196602,421300
2021-08-12,748.7839965820312,756.0986105046233,746.3490101138393,756.0986105046233,764600
2021-08-13,756.347900390625,756.9518636550242,744.4412461886685,746.9338087831408,454700
2021-08-16,754.8045043945312,758.2748653586068,747.5090812665111,755.2647031634143,426000
2021-08-17,744.46044921875,751.008143674893,738.5551020610667,749.4455159692394,483600
2021-08-18,740.5203247070312,752.915848331106,740.117702043965,744.1344496931683,452500
2021-08-19,749.2058715820312,751.6025327323047,729.7449947442581,730.3776875425468,514000
2021-08-20,755.6002197265625,758.1886257199336,745.85061761418,752.6283830196584,507700
2021-08-23,778.0711669921875,778.9147963140967,761.725951276596,762.1669579487578,724300
2021-08-24,772.3096313476562,774.3228617421947,768.4462441514405,772.7793675527121,453800
2021-08-25,774.4761962890625,779.7488504355654,771.7248341699568,775.0034500012666,471100
2021-08-26,777.41943359375,782.1073172926776,770.9196598498762,774.8598156251338,450000
2021-08-27,798.49072265625,800.2642868746955,780.132334802668,780.5924749832577,658900
2021-08-30,804.8851318359375,808.1637479550777,802.1720949898614,805.2206409970952,491000
2021-08-31,798.6058349609375,809.2661792656037,793.0168631881008,808.901940595553,579300
2021-09-01,807.3584594726562,815.5550291831889,802.1049967763228,804.0510552702343,581900
2021-09-02,825.6785278320312,826.4166596543439,813.7814694964343,816.9354544047278,746800
2021-09-03,822.6395263671875,827.308217496533,813.4459671790057,813.4459671790057,698000
2021-09-07,826.1482543945312,832.9643443649843,822.3040007155995,829.5227133582706,780900
2021-09-08,822.524658203125,824.3557404170033,814.788227601835,822.1603609620051,714900
2021-09-09,818.2201538085938,827.0973964737359,816.8780000986817,820.1182908017732,641900
2021-09-10,823.3682861328125,839.1766565204306,821.9590772125122,834.9393752390241,1137400
2021-09-13,835.226806640625,836.1567415841378,825.4484175413342,833.2902857263546,636000
2021-09-14,851.3612670898438,858.8963567033035,843.3180571592235,847.2869425936997,978300
2021-09-15,852.5691528320312,853.2210376985962,843.0879464763676,850.3258520601765,799700
2021-09-16,850.6324462890625,853.0003776160248,839.25310534649,840.8828464137237,811400
2021-09-17,824.3074951171875,839.1284666221908,817.1750302101992,838.9271260498638,1670500
2021-09-20,805.9874877929688,810.54114363364,795.4038540192645,804.2043860751361,1122600
2021-09-21,819.3992309570312,826.7234412579229,809.5825165386921,824.4514112358447,905700
2021-09-22,828.99560546875,835.6200105307238,814.347241008083,816.6192713979326,669400
2021-09-23,843.4137573242188,851.9841605166279,840.9979044171226,841.1225354646937,744500
2021-09-24,832.9069213867188,837.2592372749821,829.359850934298,831.5072501128639,510400
2021-09-27,800.781982421875,812.8324013245164,798.6153914488236,808.4225683528466,1063900
2021-09-28,747.9212036132812,766.298842659859,741.1147096412222,761.9848527730585,2390100
2021-09-29,719.4010009765625,753.7307745371166,718.1547488233452,752.551635920673,2216000
2021-09-30,714.3103637695312,730.8089979275064,711.6069233416795,723.0725697750028,1078800
2021-10-01,711.1469116210938,714.2050537218149,698.2624583785624,714.2050537218149,1180400
2021-10-04,683.4701538085938,699.978325582854,679.7218020015287,698.7704576701889,1663500
2021-10-05,702.5764770507812,711.933052327161,692.750165511558,695.0701173159279,1201500
2021-10-06,702.2217407226562,704.3308143085028,689.2893660814078,695.3960542173618,973000
2021-10-07,715.9497680664062,722.5165959284287,711.5494726399813,714.5980184694318,1267500
2021-10-08,700.0838623046875,718.7490298786654,699.1827154382477,718.3847327297494,1039700
2021-10-11,692.0502319335938,705.4140155113847,691.5421117346842,692.9034572606894,702500
2021-10-12,695.0796508789062,703.6597094472288,692.5392251823845,703.6597094472288,868400
2021-10-13,713.64892578125,718.4806317341015,709.4116455789194,712.4314617994517,1170000
2021-10-14,746.118896484375,746.4544641324662,734.0301524162079,737.7881004892083,1370500
2021-10-15,756.769775390625,756.9998455073553,743.7702871852233,748.6786447162622,877400
2021-10-18,755.6384887695312,755.7439863316908,741.0380474547421,742.0926134906838,1014600
2021-10-19,767.8519897460938,768.4846826125357,753.7979344801456,755.6002285402719,956600
2021-10-20,735.966796875,752.6859091977866,726.897809042673,749.9057585595953,1894900
2021-10-21,755.0057373046875,755.0057373046875,732.2949751843793,732.9277264592358,1083100
2021-10-22,767.8613891601562,775.3677477249814,763.3557133323186,765.1963325795822,1294600
2021-10-25,755.8494262695312,769.9897273741852,754.4785430822095,766.6344016883352,786000
2021-10-26,758.5240478515625,765.0046288425661,751.7750712431139,763.4803851463723,741400
2021-10-27,767.8902587890625,785.0982981385307,764.247345418603,765.0717828395345,949800
2021-10-28,779.5763549804688,787.9454769967828,777.2084233366533,780.4679059072723,687500
2021-10-29,779.2791748046875,780.7938810424529,771.4852280251139,773.8626971738325,583800
2021-11-01,774.0736694335938,774.6009232110546,763.5570893443273,773.5559531509421,573600
2021-11-02,780.4691772460938,785.9188543358822,779.7675013289924,780.7575090856183,503800
2021-11-03,797.7696533203125,799.2690372896325,778.9888410242916,786.6011522503532,566900
2021-11-04,817.4442138671875,820.0008924569911,797.3658804381719,799.3266538121702,1058200
2021-11-05,814.08984375,821.4330058886,808.9381204473367,819.1166135051596,735300
2021-11-08,816.9061279296875,823.6533859658583,815.0511247443764,822.2693345395578,728100
2021-11-09,817.0213012695312,822.2211286077766,809.2840956977843,818.9051666017034,676500
2021-11-10,786.0724487304688,802.9790158225652,783.4389207029236,797.3755238047648,737700
2021-11-11,801.0087890625,806.4392240867237,796.9815884448209,800.8934563349386,416000
2021-11-12,818.5399780273438,821.779032209746,802.6522219127418,807.3618562060662,531200
2021-11-15,823.4322509765625,828.1226440371246,819.8471983123172,821.7791094646102,638000
2021-11-16,827.1134033203125,829.0933598779668,814.3205643974886,818.4342935802965,690900
2021-11-17,826.0657348632812,834.2738923627797,824.277960509568,825.8158277674053,549400
2021-11-18,844.9619750976562,846.8842655239706,836.7345744195767,843.3280165025594,865800
2021-11-19,823.86474609375,833.8414371325524,821.2696425369926,833.1686238158164,778200
2021-11-22,793.6656494140625,826.2580573551679,792.6756416988705,821.7791465322719,880800
2021-11-23,776.10546875,787.5238778515793,762.3034384432575,780.1230484466824,1193000
2021-11-24,771.2133178710938,772.2609332966391,747.2327331880459,751.6155529919389,1246700
2021-11-26,751.6348266601562,764.9947104277728,745.8583343254471,756.3828865384351,786300
2021-11-29,783.3428955078125,784.0348918373164,759.2950257756265,764.119993061913,1410700
2021-11-30,760.755859375,789.4363922315263,756.5652814138034,775.7112726591176,1144500
2021-12-01,772.7607421875,800.3263795333567,771.2613580193537,780.9881427677265,1201200
2021-12-02,758.7088012695312,765.5041048606339,748.0785377236864,753.960741643744,957100
2021-12-03,741.542724609375,760.0159062265766,730.3165563014177,755.4312250905094,1115600
2021-12-06,727.0006103515625,731.8159570469701,712.5930536169329,729.3938524424187,1222900
2021-12-07,774.6925659179688,777.9508618630293,753.268604246871,757.382333404111,983200
2021-12-08,772.683837890625,773.7218911393414,765.2542042176418,772.0014623388267,551500
2021-12-09,742.5902709960938,759.3142185116022,742.3499847310068,755.6137748310796,709100
2021-12-10,751.461669921875,753.2013401117038,742.4653076908452,747.0788508508145,602700
2021-12-13,734.7664794921875,751.4616218741708,734.6415846145165,750.24094896925,615100
2021-12-14,725.0783081054688,730.7682710015308,714.371136991435,725.1071119550452,842400
2021-12-15,761.4383544921875,761.8035943288088,731.1046170234581,734.8627272729979,910700
2021-12-16,725.6646118164062,768.7623875540366,724.3382267732395,767.9549997898127,1006900
2021-12-17,720.73388671875,728.5480012404494,715.0535448693661,721.973742805116,1656700
2021-12-20,723.6268920898438,727.3176562411861,715.524446333876,718.5520180521999,647100
2021-12-21,752.614990234375,753.9702375910285,735.2951965225297,745.589022345693,838100
2021-12-22,761.3421630859375,761.3421630859375,744.8873655869652,747.57855982023,534800
2021-12-23,770.2713623046875,774.4138958421247,763.2262101040928,763.7644490788997,496600
2021-12-27,779.9019775390625,781.978083849522,763.4952233040316,763.5337066535558,527500
2021-12-28,773.5007934570312,785.5439115618484,771.8860766607027,785.5439115618484,548500
2021-12-29,770.8191528320312,773.9524953430182,763.5337149821198,767.0995258708308,404900
2021-12-30,769.1275024414062,776.8839504247107,768.8391706446301,772.4627064377669,411900
2021-12-31,765.2061767578125,773.9910582308655,764.9562696120681,770.3675219448719,236400
2022-01-03,766.503662109375,768.3009989073323,754.4605434792602,764.8216580402114,720600
2022-01-04,748.9146118164062,762.793548647153,733.6323820975715,762.793548647153,874100
2022-01-05,716.6969604492188,736.7560514786086,716.0914344190336,736.1505254484233,1193200
2022-01-06,733.4691162109375,734.0842632147575,701.4533721253191,710.7957339219388,2041200
2022-01-07,726.7217407226562,733.6996630939007,714.7074277318463,728.9228004073008,1363300
2022-01-10,698.9159545898438,699.3869063623954,675.0122776140555,688.6797931747008,1973400
2022-01-11,700.82861328125,703.020052511627,673.4840790746908,679.5200404691848,2120700
2022-01-12,713.3331298828125,720.3302952270852,706.4417350968728,710.5842686391262,959700
2022-01-13,701.7128295898438,747.6939782275851,700.3287783021462,742.3980593513004,1628700
2022-01-14,715.6014404296875,717.590959304385,699.8770608893637,707.0183624513603,1313600
2022-01-18,687.4398193359375,712.2758355520325,686.4882950340381,712.2374108653652,1178500
2022-01-19,671.6675415039062,710.1710184948699,671.5618296039733,708.3063943331774,1593200
2022-01-20,679.0105590820312,701.6166509645199,678.7702728174291,696.7244554688593,1536500
2022-01-21,667.736328125,693.1778698680905,667.7171451139436,679.8083084437069,1689600
2022-01-24,660.710205078125,661.8828323511773,623.4274158450808,640.1705434339844,2833100
2022-01-25,623.3698120117188,642.1986094781726,618.8043733179503,627.2816791531733,2095300
2022-01-26,627.877685546875,652.9827919907233,619.6118021183026,635.9224657012638,1376700
2022-01-27,610.0003051757812,639.1614724527708,606.8670215206129,638.9692317057713,1465300
2022-01-28,619.9097900390625,619.9194108772236,596.5539734662863,608.9815738336522,1339700
2022-01-31,650.887451171875,651.2238284799038,622.8508659904289,625.417106893763,1357400
2022-02-01,655.0010986328125,657.144491948711,640.3821202185501,656.0295308582556,945000
2022-02-02,660.06640625,664.3819384205156,647.8983349333167,661.2197921181489,713600
2022-02-03,620.83251953125,638.8443714116717,619.4292264033055,633.4812233684066,1212000
2022-02-04,627.445068359375,635.5187098667246,618.3045699757618,622.8700087494526,863100
2022-02-07,624.7732543945312,635.711033007956,623.3507195802017,628.7331680007367,520300
2022-02-08,628.0795288085938,629.8961073249021,610.903868692279,612.1053001982532,745300
2022-02-09,653.9342651367188,655.721980883692,638.0849923536497,644.7264789606616,842000
2022-02-10,631.3571166992188,651.291260435381,627.627868316893,629.1561151252612,961200
2022-02-11,603.8297119140625,634.6632592505381,600.9558978144937,631.991248051731,1116300
2022-02-14,603.5125732421875,610.2790720589803,595.9099415737877,601.8210072016286,890200
2022-02-15,630.9052734375,632.7698974085549,617.3531500444125,622.3222541333919,821400
2022-02-16,638.0657348632812,640.1225993368198,619.62135912143,625.7054236760806,610000
2022-02-17,625.1576538085938,636.4895343876357,624.744368419892,633.6926277194833,1020600
2022-02-18,622.6587524414062,632.212538706565,616.0844930274569,626.7820445026576,899400
2022-02-22,615.3924560546875,627.6278156798775,605.3869016697715,613.6912102781038,934000
2022-02-23,607.1840209960938,629.0212626254561,606.4920248584425,625.7822091544259,997000
2022-02-24,631.3184814453125,633.259954373571,576.3794026707742,576.9656870172016,2047800
2022-02-25,641.1990966796875,641.2183383535204,624.7442977160123,631.3857843612687,1295400
2022-02-28,640.6128540039062,646.4373911817238,622.4856708175879,622.4856708175879,1979000
2022-03-01,609.5678100585938,639.2575354247931,603.1954138222126,634.5575808165947,1097300
2022-03-02,629.90576171875,632.8372430167599,613.3067643756011,617.6223558524196,1035700
2022-03-03,606.2806396484375,628.3005046758847,602.8205410784086,626.6857880989621,1020200
2022-03-04,571.227783203125,585.7410512642335,559.0308491034586,580.2433292551032,2025300
2022-03-07,552.024169921875,596.4963192355312,551.4570684316567,593.4014597943441,1607200
2022-03-08,550.7745971679688,570.4204064351202,537.0590957306247,551.7742256714797,1441800
2022-03-09,597.1979370117188,602.6379926002219,571.881348639764,585.4815756064861,1593200
2022-03-10,576.7543334960938,584.9048249781172,573.015465066635,576.2448984466473,735500
2022-03-11,563.0868530273438,591.1042571359096,562.1545704063449,590.1431120023553,819000
2022-03-14,555.1093139648438,578.1287497309137,554.8786485381656,576.2545051436967,1621700
2022-03-15,573.5152587890625,574.9473555166963,561.1741306271317,568.9209573257915,1542500
2022-03-16,625.3499145507812,625.7055335864559,593.1707915958452,597.2940834401975,1815200
2022-03-17,628.6851196289062,630.8958007581431,614.6235591439311,618.141383806807,854900
2022-03-18,653.444091796875,656.8465829861816,622.245359482017,624.0138336094797,1689800
2022-03-21,656.3755493164062,656.8369388380298,643.0060472989187,651.8677766233257,1293000
2022-03-22,661.9791870117188,670.9754927022892,658.6728449206989,661.2679488947314,1111100
2022-03-23,639.5073852539062,652.9730352927533,637.8253816035019,642.813726204675,999100
2022-03-24,663.7091674804688,663.7187883183942,637.4314912691929,640.3149267918246,1176700
2022-03-25,660.6527099609375,663.9110060678196,646.1778664857223,663.632295095874,768600
2022-03-28,667.8323974609375,667.9957756852873,649.7340206665529,653.6843125413329,687100
2022-03-29,681.5866088867188,686.8536664879069,670.5622415194451,682.4131797857735,1076200
2022-03-30,657.9614868164062,675.4447185188507,653.6940002290585,672.8015694958314,1031900
2022-03-31,641.9776611328125,662.325087156367,641.5643757655895,657.8942221760468,780700
2022-04-01,641.785400390625,650.8778541773536,636.1146794852027,649.051655017515,739400
2022-04-04,654.37646484375,655.0588403512875,643.9576256703343,646.3604885304386,731200
2022-04-05,621.3419799804688,648.917239573771,620.6979704245739,647.8311407472236,1251500
2022-04-06,604.0891723632812,614.4695252391582,593.4108669238877,601.7632182008731,1110700
2022-04-07,601.0040283203125,607.5398033657076,588.9705313789264,600.2639864734781,713500
2022-04-08,587.1923828125,598.2263100495013,586.2985248879637,597.2747857641446,840800
2022-04-11,574.514892578125,586.904067640971,573.9286081158963,583.4535307404476,859600
2022-04-12,570.920166015625,598.3128002436474,568.9978758943603,589.2492093615208,1067900
2022-04-13,588.9512329101562,593.2283399896452,573.2460974428559,578.0422017151776,934200
2022-04-14,574.6398315429688,592.5555907632271,572.8424948512082,590.6429213494873,814200
2022-04-18,582.0501708984375,590.0084205198942,572.6213413559236,573.851576377644,576800
2022-04-19,593.1705932617188,595.0640205394545,572.842355340801,574.3129351833552,1230800
2022-04-20,609.2794799804688,627.1952391780906,604.5506623943644,625.4748105243709,1857900
2022-04-21,595.890869140625,623.6007057195692,593.7379129651384,619.9964106944494,940700
2022-04-22,584.0014038085938,596.7461981739465,583.8668294052552,591.181188747656,1093400
2022-04-25,576.5140991210938,577.0619589040316,560.9915812621251,569.6995540985641,2074700
2022-04-26,538.6544799804688,564.6534402404864,538.1451036405992,562.4140146504625,1803100
2022-04-27,535.2424926757812,545.3345163142999,522.862938986107,530.6386287253109,1904400
2022-04-28,567.5946044921875,572.3234806074884,542.6624983282004,552.6103852808384,1513500
2022-04-29,541.8648071289062,566.0183888683107,540.6057093588316,554.0521203020526,1225300
2022-05-02,548.9003295898438,549.3136149045203,532.0321877329144,537.0301535177958,1146700
2022-05-03,552.2760009765625,556.8825040811181,544.8630560860046,548.3566221810711,825300
2022-05-04,573.5277709960938,575.0858353980827,546.4500670958043,560.4050742792576,1112800
2022-05-05,545.975830078125,565.717965605487,540.0919490593698,563.5405267929166,1231800
2022-05-06,533.2305908203125,543.566160338395,527.4724628265859,537.2467795140135,1214600
2022-05-09,496.126953125,518.520714222398,493.90113875343684,513.1110219199279,1714700
2022-05-10,506.4916687011719,513.3046122247886,495.8077224572884,512.1336717046687,1232900
2022-05-11,504.4884033203125,526.6305429742177,503.68515374005324,514.1465949974158,1302800
2022-05-12,505.51416015625,511.98841366043956,493.11727804615145,498.1012169761344,1134800
2022-05-13,530.6369018554688,533.5110921667041,520.8529595715878,523.1271493653236,946800
2022-05-16,517.6980590820312,523.5335629500262,510.9721823681823,516.0528716815023,757800
2022-05-17,543.5177001953125,545.2112635147085,531.1498208593151,538.9886350920292,895800
2022-05-18,511.2625427246094,535.0014892345688,509.87866669131296,529.5336756530138,1037900
2022-05-19,509.0367736816406,519.7304051176754,505.4754588549263,506.8787089227327,905500
2022-05-20,515.6561889648438,524.8981941855191,497.5882450728257,523.9788194211291,1205700
2022-05-23,536.7240600585938,539.8305602507048,528.120744427583,531.5272448949347,977000
2022-05-24,528.8079833984375,539.5693659582148,525.1305427222798,537.6532385624237,1085500
2022-05-25,530.4046630859375,534.0627289336544,520.6787832451595,524.2207237686187,832600
2022-05-26,542.0079956054688,544.3402481746984,523.891676667749,524.9078618824135,933800
2022-05-27,564.5663452148438,565.0308465977308,553.6500901825302,554.1630263484752,843900
2022-05-31,557.7048950195312,565.9501478946639,554.3758310524317,565.7372711441196,822300
2022-06-01,545.4822998046875,561.0534335931599,539.0371065310738,558.8179319772206,542100
2022-06-02,561.81787109375,562.5727448587751,544.6693600642401,546.2177372846131,669200
2022-06-03,545.47265625,551.4726627928163,542.8016551093606,548.8694112830551,531000
2022-06-06,553.25341796875,564.6438629781333,551.0662918652059,560.9179872223415,483300
2022-06-07,558.40185546875,559.379293152016,544.9791576338789,546.5081612517797,479000
2022-06-08,549.140380859375,559.3114487091906,544.3790646365487,555.1016983275081,605700
2022-06-09,524.9175415039062,546.4306760543489,524.8594788345001,541.3693005927618,658600
2022-06-10,504.71087646484375,517.9303204680156,502.64956346101144,514.9012570986956,928900
2022-06-13,477.6622314453125,486.29457804429666,475.7654489226903,481.9880769328335,1395100
2022-06-14,475.3300476074219,482.53977143890984,468.82676277155167,477.8655493069107,965400
2022-06-15,489.0333251953125,495.68179563961695,478.0687255177097,483.2752276990968,841700
2022-06-16,453.05242919921875,468.43965755118114,450.4878960627924,464.2880288171453,1223100
2022-06-17,458.08477783203125,463.18481314496455,446.9556453145674,452.42343060124887,1328700
2022-06-21,478.4074401855469,481.7848798005679,472.71706282227484,473.21062500176265,1081400
2022-06-22,469.8429260253906,480.62368210857824,466.88161149076603,470.7526139708928,845800
2022-06-23,469.8429260253906,471.69133325365976,460.70735780961894,468.2945191266589,739100
2022-06-24,498.64312744140625,498.9237538197463,482.2300578500613,482.95587071830846,907800
2022-06-27,491.65594482421875,500.3753562594176,489.3526940375399,498.36241879316043,696500
2022-06-28,474.5946350097656,494.9270871249524,473.75269660716657,491.66574238450715,847200
2022-06-29,468.9912414550781,477.7784325126188,466.47508425445807,475.2622753119987,847400
2022-06-30,460.53314208984375,469.00095950587166,449.1620729883206,458.8589229858496,866400
2022-07-01,435.3232421875,443.19105934116493,429.158675551418,440.6168391846925,1570200
2022-07-05,418.4553527832031,419.08438476539465,399.36165238080906,405.67137564947274,2778300
2022-07-06,415.048828125,423.47792648643264,411.6326701322063,419.2778929721622,1464700
2022-07-07,437.32647705078125,438.1974466578463,424.50378198730175,424.61024990746284,1400900
2022-07-08,438.34259033203125,440.616780326061,426.4489287013931,430.27152536516707,739100
2022-07-11,424.900634765625,435.6523607741508,423.787727328578,435.0620174692353,745600
2022-07-12,420.4779357910156,430.1167527341552,417.95212097885434,426.36187579647475,848000
2022-07-13,432.5941467285156,437.36514945410477,415.45526465332136,416.5972326524693,1052500
2022-07-14,442.1651916503906,444.08134824687767,420.5359623569725,427.9392772100265,1075900
2022-07-15,460.2911682128906,460.4363248790572,445.65878559527556,450.38141269056956,1630500
2022-07-18,458.2105407714844,471.12998697952116,455.32663350218724,468.01382902905215,1039500
2022-07-19,482.2881774902344,484.75595925383806,468.43966869080646,469.2332312751844,1415000
2022-07-20,497.83026123046875,500.0948236880819,474.778463730167,477.0042783599235,2294900
2022-07-21,524.7822265625,525.7209164530574,507.6820280062641,512.9079057672238,2281900
2022-07-22,517.030517578125,529.2144662648753,512.1627030248005,524.9176506350933,1459900
2022-07-25,521.5885009765625,526.1369405091748,514.9594331401223,518.152998236022,1194600
2022-07-26,507.265869140625,512.5594961975213,501.8174279607428,511.0207465912994,1029500
2022-07-27,528.5660400390625,532.1176683664366,515.4143418548838,516.4110943041918,1110900
2022-07-28,542.6275024414062,542.8500661953572,523.320864654745,530.1338081451794,1216800
2022-07-29,555.9146728515625,558.314675506503,541.4564761133173,543.3436016503988,1210700
2022-08-01,559.5049438476562,564.2468855918411,550.5919409780824,554.7532560815262,895500
2022-08-02,547.3596801757812,554.3758715699965,540.7306126231414,543.9532384505002,876600
2022-08-03,565.0307006835938,568.7178271251133,550.8918823585124,551.617695115243,825900
2022-08-04,570.8472900390625,575.0088681238863,563.7075313850492,565.7155829557065,680100
2022-08-05,560.031005859375,562.2330832991951,549.0400982117292,554.5210163824149,767900
2022-08-08,555.6076049804688,565.1239895258979,548.0798521380349,560.7004725948685,700600
2022-08-09,524.9144897460938,535.7695738894257,517.765079587166,534.6054782112917,1138500
2022-08-10,549.1080322265625,549.1468729143033,533.9943272345056,541.9974035768128,1074800
2022-08-11,545.5770874023438,557.1694366949462,544.3257183147078,548.8074373456761,833300
2022-08-12,558.7215576171875,560.6907689961586,545.2957623064874,545.7807973230703,811600
2022-08-15,557.7320556640625,560.3318361939978,550.8930739138237,552.0765309097095,783100
2022-08-16,549.7191772460938,555.2098057712882,542.2787580512079,549.4475884755774,697000
2022-08-17,540.6005859375,549.0498569301213,535.391256067673,542.3660610640416,667700
2022-08-18,544.5003051757812,548.9917342270618,538.6798848976684,540.6006638511419,580600
2022-08-19,528.9404296875,542.1236491272025,528.1352549299772,540.5133588205367,794400
2022-08-22,504.50433349609375,514.9616577532048,503.08800992074595,513.4483508570752,795800
2022-08-23,510.0142517089844,513.5064796778527,503.91253333165355,504.43634976447333,592900
2022-08-24,509.7135925292969,514.6997666308785,506.1049012746683,507.2107953049879,485200
2022-08-25,523.5855102539062,524.0511248520264,506.1436726683722,506.7256909160224,758300
2022-08-26,494.677490234375,523.5758537558695,493.54249532673646,523.4012482636749,1229700
2022-08-29,484.9186096191406,496.04531400808116,484.45296534887876,491.1658629585949,754100
2022-08-30,478.2639465332031,492.4560767286786,472.87035918513664,491.38899370567486,1006400
2022-08-31,475.2760925292969,486.5676918011475,472.1330752399279,485.859559656229,936000
2022-09-01,455.8553161621094,464.6829296479371,447.09558507840046,463.6158763108371,1665500
2022-09-02,453.2070007324219,472.3270719350113,452.0623252498935,465.49777092021736,1145400
2022-09-06,455.8553161621094,463.5867753944469,448.46335775292863,455.31204971584583,996900
2022-09-07,462.4129943847656,466.574603278938,451.6646310228715,454.85616984594844,745400
2022-09-08,468.3013000488281,468.9221590688459,450.2774121841326,451.51910061998063,943300
2022-09-09,486.0050354003906,488.11978074483307,480.4756249523649,480.6890415213389,1012800
2022-09-12,489.81744384765625,495.7057759230188,484.7051855440789,491.60236911648127,1041400
2022-09-13,456.9999694824219,473.801588493363,454.5844751226041,469.51386619360426,1188200
2022-09-14,463.7904357910156,467.1177685196334,456.99994633464405,462.69425204210324,663700
2022-09-15,451.71307373046875,464.04265470870376,449.04538132406674,458.39687000597246,853500
2022-09-16,453.26513671875,458.05728413874994,446.14482758314995,448.2013709253331,914000
2022-09-19,457.0096435546875,458.83337981180387,445.8926501287963,445.8926501287963,646500
2022-09-20,448.1335754394531,452.5668029047493,443.67124705530296,445.2136845671351,906700
2022-09-21,441.30426025390625,461.9182478860094,441.24602881768106,447.7357995276052,783900
2022-09-22,427.83966064453125,438.65593470683,425.9577225661261,437.21053994923915,952900
2022-09-23,423.0863342285156,423.86237836889916,414.5594108364804,420.6223481963091,1362300
2022-09-26,417.9158020019531,427.5776897029586,416.2763815388997,421.0976300193701,1164000
2022-09-27,420.3216552734375,429.26570221263034,413.7348714228091,425.7152423191958,876400
2022-09-28,428.02398681640625,430.1484424353995,410.5045253916407,413.38563440889277,957100
2022-09-29,414.9765319824219,415.87868995256076,406.68244555261487,412.8714671145782,1141800
2022-09-30,402.9185485839844,415.23841884801016,401.5604566121322,401.6089482666258,1084700
2022-10-03,418.7597961425781,422.4751806935831,408.4188467444975,410.92164383706233,1452400
2022-10-04,451.1891784667969,453.7695678474262,442.1384396969877,447.4059119328603,1954600
2022-10-05,455.2441711425781,460.54074519945937,439.4902137773139,443.26380039138076,1193800
2022-10-06,448.30816650390625,459.9877880538642,447.6775973170488,451.3638811000675,926100
2022-10-07,421.2625427246094,435.289744472774,419.78801760526665,433.136188220634,1412400
2022-10-10,409.2628173828125,421.0782620369035,403.898302244585,420.9230472954477,1383700
2022-10-11,387.6011657714844,400.2993784842493,382.21728912788535,400.1829748212376,2044200
2022-10-12,386.4079284667969,392.8103956982339,385.6124936516293,391.7239221518924,1277100
2022-10-13,393.2663879394531,398.43687782632185,352.28092878652444,353.9882615287204,2782200
2022-10-14,367.7826232910156,393.47976668214136,367.2684874039046,392.2768894226782,1727900
2022-10-17,380.4808654785156,387.6399869825415,377.1923138916307,382.6538128559719,1417900
2022-10-18,387.04815673828125,396.92349022779604,381.4217634970513,395.1870569216602,1324800
2022-10-19,411.3290710449219,418.9247357288513,398.1070418027175,403.4424268066403,2435200
2022-10-20,424.1824645996094,435.48380288662395,415.94658042615606,418.3426543202854,2090900
2022-10-21,448.3955078125,449.02604744939464,424.5996897179277,427.296483380678,2756600
2022-10-24,458.81396484375,461.8405782152436,445.84413493101545,456.34997899216364,2389300
2022-10-25,471.4637451171875,480.91221774333314,464.0330051291551,464.1687995392821,2047200
2022-10-26,469.6011962890625,481.3487597219961,460.0557107663084,461.704841655538,1879400
2022-10-27,460.2109069824219,474.9462724820156,459.8034645612454,467.6707475653309,1075700
2022-10-28,474.53875732421875,475.2081078822916,454.8560615815642,455.7970009065437,1436100
2022-10-31,458.2804870605469,466.4872710543718,457.5335142063129,464.7023457888228,1063600
2022-11-01,461.15185546875,469.1937436068195,458.7072602591978,468.91241503342803,760700
2022-11-02,432.9713134765625,462.7233722618843,432.90343107834684,455.9813741786584,1887400
2022-11-03,428.038330078125,434.6935867630818,425.31393672194156,428.8945374483504,1615700
2022-11-04,456.0993347167969,456.9263534282809,442.05905004803884,449.86245796768577,1587800
2022-11-07,470.334228515625,472.3288485902114,456.9263813283344,462.00539655949433,1429400
2022-11-08,489.9886169433594,492.32378979937823,477.7970388405048,484.7928476883839,2316100
2022-11-09,476.2402648925781,490.6016245201575,475.7051316094012,481.15388827327064,1302600
2022-11-10,545.6436767578125,546.6458861316179,506.30565232929985,517.1447878168691,3518000
2022-11-11,560.8710327148438,562.9921463401954,543.4058293265258,545.6340171145033,1982800
2022-11-14,562.2137451171875,574.3566554861396,558.3801576673314,559.2558734440664,1806400
2022-11-15,581.3330688476562,591.8900598184778,570.698281333203,590.3624563895936,1669400
2022-11-16,561.1240234375,568.178209468038,558.3023252706174,567.7598303884889,1418900
2022-11-17,573.1209716796875,574.5026024026724,553.5832939154258,553.5930333282163,917900
2022-11-18,577.1394653320312,583.726635116667,569.0052727121109,583.4250102037914,1115300
2022-11-21,564.6171264648438,568.0225961738757,559.5672990065549,565.5025818457322,849800
2022-11-22,580.1071166992188,580.4184810160428,558.720729299067,566.0084240355501,1082400
2022-11-23,587.5407104492188,593.5246300643718,579.1048934009976,579.1048934009976,874700
2022-11-25,575.8551025390625,581.7514264731358,575.8551025390625,580.8075941860868,408900
2022-11-28,567.5846557617188,581.97517278594,564.743478984525,577.742685245482,1056200
2022-11-29,563.1866455078125,571.1457045884556,561.1920258784891,568.3143269701136,562900
2022-11-30,591.6954956054688,591.9776417180477,561.3576324083936,569.491825849762,1569700
2022-12-01,594.7505493164062,599.907390269321,585.1179136712785,595.18840718876,1245900
2022-12-02,589.3504638671875,591.0434588888211,580.8756899594345,584.0865487301186,719800
2022-12-05,584.5634155273438,590.7613652914561,577.3535762012025,588.7570056102519,873900
2022-12-06,577.032470703125,588.1245951262332,570.9707539906883,587.2002415265283,839200
2022-12-07,585.1082763671875,587.686726986949,574.7362155607665,576.215181294668,878600
2022-12-08,590.4987182617188,592.9993130882023,571.7880547376958,575.8941090017825,1019300
2022-12-09,581.5568237304688,594.6629860491312,580.2919471095437,586.703925548028,870700
2022-12-12,593.5149536132812,593.5246930281498,579.7082046901594,580.7493125076098,819600
2022-12-13,611.3011474609375,625.9835501450345,600.8901306422703,625.6138087700166,1334000
2022-12-14,599.226318359375,609.8319457016636,593.4564879376469,605.686993880231,1167500
2022-12-15,570.5036010742188,588.4649779343545,568.4797630524214,586.7136059134376,1420500
2022-12-16,558.8082885742188,569.9295703755046,550.4600078165079,561.6688849520823,2097300
2022-12-19,553.2525634765625,560.2970109184002,547.4729928351269,558.5456384727146,906800
2022-12-20,547.9496459960938,553.5930419291984,545.9939837547221,547.0545108054164,845700
2022-12-21,565.2689819335938,568.187955497459,551.9778890495924,553.6903630422604,797700
2022-12-22,540.9345092773438,555.6266537225844,532.0316153882912,555.6266537225844,1351800
2022-12-23,536.4782104492188,537.1593162392444,527.8770005797816,532.0997495819233,602600
2022-12-27,522.67138671875,531.7396715000085,522.0194992666785,531.3018135985669,802600
2022-12-28,517.281005859375,527.1665693664462,514.7220344995989,522.2043384803897,609900
2022-12-29,536.5753784179688,540.370067498041,525.5611713234638,526.5828001106635,841000
2022-12-30,531.6424560546875,531.7202525982292,522.272545331848,526.2520463873658,703200
2023-01-03,534.726806640625,548.913035647512,531.029451780048,546.1205555200758,675100
2023-01-04,555.4125366210938,559.9661279277939,545.9063943927058,555.383318381949,1087300
2023-01-05,550.05126953125,558.0589663160855,547.356065505123,550.1096466147526,710900
2023-01-06,579.7567749023438,582.5103565892657,551.9584689556295,559.7910361320659,1025800
2023-01-09,604.5486450195312,615.3099254245633,596.2490014942499,597.4068634093907,1348800
2023-01-10,616.2828979492188,616.66237876234,604.8210333395684,605.8135033472184,873900
2023-01-11,627.2679443359375,627.7155416561828,616.1953000000294,618.3845301464436,806500
2023-01-12,634.9351196289062,638.5643577127602,617.6937444905242,633.845374262387,1322200
2023-01-13,641.8726196289062,642.8942485951737,631.2086138250528,631.7924442248305,649700
2023-01-17,640.4131469726562,645.0737539266402,633.5146125163606,633.5146125163606,902600
2023-01-18,634.6724853515625,657.8491456695302,633.9427418631631,655.3291314127966,1152700
2023-01-19,613.2276611328125,637.9708185008313,610.0849187792128,636.9297108628692,1534100
2023-01-20,631.3253173828125,633.0280519855568,617.0710319118414,620.8559819387423,1033200
2023-01-23,657.7713623046875,658.0146101390288,639.1093361937436,640.2769376759177,1780900
2023-01-24,651.9137573242188,654.8618893898295,642.0962512825524,648.7125786914875,1066900
2023-01-25,663.1227416992188,664.5724891305141,637.328734681816,639.2163400440854,1569200
2023-01-26,665.4285888671875,666.440478158727,649.7828764836818,663.4826068080779,1593300
2023-01-27,649.3645629882812,659.8047387850872,648.6737179083935,649.179692298546,1249700
2023-01-30,632.7459716796875,640.4617855836525,630.1286226999727,632.4443467513194,1209900
2023-01-31,642.9915771484375,643.0109965909036,629.8172373420618,633.6313464930918,801800
2023-02-01,660.2037353515625,666.5865551312098,638.1752007341612,641.7169028901043,1274200
2023-02-02,677.7369995117188,679.7219395409136,666.4503254957841,678.0775820592125,1318600
2023-02-03,661.2642822265625,674.6526507949823,659.6199247041136,660.1258991376889,1015800
2023-02-06,645.4889526367188,652.675517038722,643.0707160607716,649.3406216780057,783100
2023-02-07,661.8219604492188,666.6682538993975,642.8269707335268,642.8269707335268,1236100
2023-02-08,646.2886352539062,658.087419806509,644.8942448052088,654.7525239764559,763900
2023-02-09,647.5953369140625,665.2934850010432,645.5378833062106,656.3615057543207,686500
2023-02-10,640.0089111328125,640.8085028357385,632.4909041425924,636.8301249441279,731800
2023-02-13,652.0905151367188,656.2639854686206,640.9548530745077,642.7197875148213,596000
2023-02-14,660.6128540039062,664.0257149823426,640.847553893665,645.2355180087975,1013400
2023-02-15,659.95947265625,660.6127750153618,644.5430962890217,645.3426879073752,683500
2023-02-16,639.9407348632812,651.563947946964,639.1313825704913,642.3004678625333,946300
2023-02-17,635.698974609375,641.6178577336805,631.2720278372439,634.5483600610829,1149600
2023-02-21,614.1005249023438,627.9079600958161,613.8567491011374,622.1256052330714,1022700
2023-02-22,608.6691284179688,619.580534504467,604.9832101267945,616.8112155093332,1017300
2023-02-23,622.2036743164062,626.8743975734291,611.0777126309317,626.1430701179021,1093000
2023-02-24,602.9843139648438,609.1176915898052,597.4651965937974,604.008160408803,995700
2023-02-27,616.34326171875,623.4517427872037,610.6681538203047,615.6898997082719,804500
2023-02-28,602.3504638671875,609.6832587713648,594.9494641146223,597.2019500630867,1381700
2023-03-01,599.6397705078125,607.6063475954628,596.724221239789,605.6073977860176,794300
2023-03-02,608.6300659179688,609.5272035926646,588.2114052723317,591.2244999424146,795800
2023-03-03,621.5112915039062,621.7940500104511,606.2899446121248,609.7807712681714,1024100
2023-03-06,605.5098876953125,617.3476564332619,604.4177767243752,611.7018295648137,1403000
2023-03-07,593.9450073242188,606.2605636654882,590.2298670666869,603.9300530811774,1033000
2023-03-08,603.9788818359375,605.1002146876775,593.8670674855136,596.5680625924887,1081800
2023-03-09,589.683837890625,608.3570860212918,589.5083264748746,601.7068757518687,983800
2023-03-10,586.24169921875,601.9798164918385,584.505987301914,598.8107317247393,1043500
2023-03-13,589.7227783203125,597.7088141786551,575.2034814150962,578.3530448326683,966900
2023-03-14,604.8564453125,605.0027345847645,596.0610557587693,602.1164079627086,844600
2023-03-15,591.5853271484375,593.9255984936779,581.7562708202298,585.7639304470492,1047200
2023-03-16,614.8610229492188,615.3095918114708,584.077010209686,585.7932012289114,1063200
2023-03-17,617.9131469726562,622.505904453793,611.204432219469,617.9326680815707,1109300
2023-03-20,630.2384033203125,632.1886095204144,623.1883674363562,630.2091216598373,935600
2023-03-21,626.14306640625,639.5019930844685,619.385607899108,635.4845723805016,848500
2023-03-22,624.4268188476562,644.9332672981611,623.6174665435942,626.9913449732563,955500
2023-03-23,647.6245727539062,657.1611114659901,638.6341490173716,641.3644263172096,1171500
2023-03-24,631.4086303710938,642.5442927217539,623.822298586727,639.7262300708159,842700
2023-03-27,628.01513671875,641.1107641487187,627.0400336233042,639.0533109010648,800300
2023-03-28,623.7833251953125,628.5710559944499,616.6358016659146,628.0639832564469,793200
2023-03-29,642.7099609375,648.6093228850918,632.3250889477972,633.397738084541,1101800
2023-03-30,659.832763671875,663.684432849793,656.7417034853162,658.3896301176906,892500
2023-03-31,663.7625122070312,666.1709885127465,656.8587649749799,658.2824370543763,681600
2023-04-03,657.209716796875,658.9161471905884,650.7740602610978,657.999547912771,657200
2023-04-04,652.0318603515625,664.6301743207142,649.4770952784581,659.052613784185,877900
2023-04-05,647.3709716796875,648.2290671686461,640.9450160659861,647.1368969426869,850300
2023-04-06,640.7598266601562,648.6386773850928,639.0046527576982,641.9104413241629,679600
2023-04-10,645.1672973632812,645.5085596780195,629.4193568323445,633.7488174332583,688700
2023-04-11,643.34375,655.990807827009,642.5636199576638,652.841244061337,787400
2023-04-12,638.3610229492188,655.2693383121624,637.415201430143,652.3537893204381,897300
2023-04-13,648.84326171875,654.177106082397,643.4216914137274,645.8399873268289,1118600
2023-04-14,649.6137084960938,655.8933749506565,642.9537375421361,648.8433389436418,645900
2023-04-17,623.1298217773438,626.1136346824638,616.5381752568177,622.83730277009,1536500
2023-04-18,627.3131713867188,632.1301836756757,620.9067360874094,628.6392974826024,910300
2023-04-19,608.0743408203125,612.3160755131826,601.521675785656,609.2054938779753,2266100
2023-04-20,617.7960815429688,623.9489797565517,609.7904636231591,609.7904636231591,1692900
2023-04-21,618.6736450195312,621.2772131886885,612.1697239046024,619.6877903494458,982000
2023-04-24,611.7601318359375,625.3433096380438,611.3213235778505,624.8752792377189,1431400
2023-04-25,590.6785278320312,610.8728771466293,590.6785278320312,610.8728771466293,1404900
2023-04-26,593.9353637695312,599.815264914717,591.0783183985178,598.4403360081208,844200
2023-04-27,613.5739135742188,615.5826237382198,597.5139928164724,606.2801608552281,1127000
2023-04-28,621.004150390625,621.4722403525356,610.9216175937707,615.1535317490928,823000
2023-05-01,621.1979370117188,625.119551851032,620.0537447003824,621.0023337875417,469300
2023-05-02,620.0732421875,623.4667819270704,614.674963459781,618.9192608006758,738100
2023-05-03,620.7479248046875,630.4395044222141,616.8165216788559,619.9655717625054,582900
2023-05-04,621.0512084960938,625.2466797117072,615.9658232076147,618.1955924816082,614000
2023-05-05,635.9845581054688,639.7985519211697,619.926532121949,622.6452196397313,801400
2023-05-08,640.5515747070312,640.5613638201919,634.8990184435747,637.3830059081071,518900
2023-05-09,628.874755859375,629.6766871487151,624.20994512672,626.3809793549209,746100
2023-05-10,642.6542358398438,645.8423830201353,637.5297542304229,639.9550668236529,813600
2023-05-11,635.8573608398438,637.9013156152365,630.9284829501128,636.434381276538,560600
2023-05-12,633.2364501953125,636.6495078992882,627.9456735467467,635.0261268154297,375300
2023-05-15,641.236083984375,641.2458730964357,630.6643801661934,632.6202925076865,893400
2023-05-16,637.6763305664062,643.3680428336501,637.2167198018132,638.3902791839774,709600
2023-05-17,655.7196044921875,656.5997889110129,638.3804608969258,642.5074072361082,1162700
2023-05-18,680.5889892578125,681.8798984872722,660.1888391051134,660.3844422652808,1459000
2023-05-19,678.7017211914062,684.4423203116085,678.5452744355881,682.6135466737775,949700
2023-05-22,683.2393798828125,684.1781796965897,673.6456313026395,675.630851483617,856000
2023-05-23,666.4282836914062,678.0952943318823,663.8953507967184,675.621036423302,958600
2023-05-24,652.0913696289062,656.0521398480527,646.6050498699904,653.3333930588899,1159300
2023-05-25,692.8624267578125,695.3171065022509,678.4669393702603,685.5669113146591,1929800
2023-05-26,719.7073364257812,725.9467020805187,699.8646255870743,700.8523709506503,2349100
2023-05-30,712.2064819335938,730.6605129888502,709.5561988077505,726.7486876935808,1411100
2023-05-31,706.9940185546875,713.9472742869068,697.5567750355655,711.0427724075198,1347600
2023-06-01,710.7493286132812,716.5681209231504,702.7104966827463,708.235973726411,992100
2023-06-02,708.6761474609375,716.4019674068799,703.893926215745,713.9081904603397,813800
2023-06-05,706.2800903320312,710.6124298146344,702.5638681272202,708.6663062218099,663700
2023-06-06,700.8328247070312,701.8205701156824,687.454389749501,692.1485680292058,845400
2023-06-07,694.5543823242188,704.2752705719179,690.0166506555365,697.6349089308461,921200
2023-06-08,704.1773681640625,704.539207192285,692.7548466141114,695.4246480087563,762400
2023-06-09,700.0797729492188,709.6148467428778,696.901415017999,704.6761794338486,864500
2023-06-12,714.0742797851562,714.6610893337281,704.1284816943428,706.0746050308942,1058900
2023-06-13,721.0178833007812,723.1009350611149,707.8447804827597,720.9689377324543,876100
2023-06-14,723.89306640625,725.3697303045614,712.108645042581,719.1988283360453,821400
2023-06-15,722.4064331054688,728.0296809856726,706.3972956547431,707.3263659381093,820400
2023-06-16,705.9671630859375,716.9984801186315,704.1286002988683,715.2773270128222,1337400
2023-06-20,704.5294799804688,708.7640475216404,694.9162124167083,704.7348722941455,799300
2023-06-21,691.7084350585938,703.6883989716541,689.3222194507713,702.7789068332647,820300
2023-06-22,701.5955810546875,701.9281124497992,684.9116494842216,686.5057229787204,699800
2023-06-23,682.5059204101562,686.1634673354021,680.5793155060151,682.7112530268879,916900
2023-06-26,684.8041381835938,698.3781769621803,684.7943490698358,687.5815604535309,714000
2023-06-27,709.0965576171875,710.6416855660474,688.9897788482311,691.3173195744091,1115800
2023-06-28,708.2261352539062,713.9080586481614,701.5075806278328,703.5710539786684,866400
2023-06-29,707.4046020507812,713.301706660006,705.683449257075,711.5804941765896,768100
2023-06-30,708.7738037109375,711.4142975668099,699.8841549904337,706.6027694517022,963600
2023-07-03,717.7025756835938,720.9200304288611,710.142992569878,717.8101365512814,531900
2023-07-05,699.8939819335938,706.6810011733744,698.6911147622287,705.3021090273986,954800
2023-07-06,683.8945922851562,688.1682563817527,677.9486014895691,686.2612297298607,1218700
2023-07-07,681.3811645507812,690.1827699802244,678.3690428684761,682.5156271212564,1352000
2023-07-10,694.1828002929688,697.1166694598672,687.923855527697,688.1977119676736,930900
2023-07-11,689.4591674804688,694.1338270826755,680.3543970322514,693.2927393297936,623200
2023-07-12,708.88134765625,714.3970351898173,706.3093179631412,713.4386571728166,1311700
2023-07-13,734.19091796875,734.934174322145,723.883279846462,724.8318688255941,1209100
2023-07-14,737.398681640625,754.9627398547063,735.3938233291732,743.8825371527056,1843900
2023-07-17,737.8582763671875,740.2347031330083,719.2673166182977,728.088501988907,1355200
2023-07-18,740.3421630859375,743.2466641619327,726.0835458945555,732.2935434889736,1220600
2023-07-19,700.0015869140625,726.4552928098311,697.40997885114,722.9053066765624,2406200
2023-07-20,661.2255249023438,682.4276079831072,658.4970486148343,681.6354658551394,2918800
2023-07-21,678.0758056640625,682.47660927251,674.0759975884051,679.9828324990002,2524100
2023-07-24,669.3914794921875,673.5673718090476,665.841493505153,669.9000358463849,1145300
2023-07-25,672.1492309570312,679.9924581590283,669.8119014990723,669.8216906106486,1061900
2023-07-26,669.2153930664062,674.955990990887,662.5066280870553,664.9417293922638,752200
2023-07-27,692.5104370117188,704.5392880263522,688.0607476135465,699.1801063969707,1488800
2023-07-28,702.5343627929688,705.5953703529057,694.0457104759508,698.6812131299952,949800
2023-07-31,700.6176147460938,706.7787869075739,696.4906679989058,705.3900460481572,789100
2023-08-01,694.6319580078125,698.3466505849156,691.5248849251234,697.3175201170211,555100
2023-08-02,669.4915161132812,682.1156692292027,668.5310022314409,681.7823967556269,1025400
2023-08-03,667.482177734375,669.2855938003469,659.3666259693067,660.4153782764969,920200
2023-08-04,664.5712280273438,675.4605817674335,661.836670797849,671.7360180276697,891600
2023-08-07,679.6456298828125,679.6554408107218,670.824409237751,676.7248448569438,663500
2023-08-08,665.874755859375,667.1783530322759,657.141773486044,661.8954074887541,746700
2023-08-09,659.1314086914062,670.4029685808098,657.3181816817689,666.247203028006,685200
2023-08-10,664.3458251953125,681.5080121338675,662.6893933478004,674.5196392940155,913900
2023-08-11,648.6341552734375,656.7006519837361,648.1342765541312,653.5543952239858,806000
2023-08-14,653.3094482421875,653.4956764207684,635.8238606040884,639.9796264600652,957400
2023-08-15,638.7543334960938,645.7818884587601,637.8231927829605,644.8311857145832,633100
2023-08-16,633.5989379882812,645.8996293244609,633.4421425948977,642.5672037661132,665300
2023-08-17,631.5406494140625,642.74359304072,630.1096297872515,642.7141602554523,797100
2023-08-18,642.3123168945312,645.2527238657251,630.1782326742525,632.2071206631042,937600
2023-08-21,649.3594970703125,651.4373798851781,636.9999409236068,640.8714887479189,1104300
2023-08-22,654.26025390625,667.0118299541982,650.5259389836531,665.7277946547314,760200
2023-08-23,663.6695556640625,667.4234925711575,653.2801399949069,654.9659448751787,908100
2023-08-24,634.9514770507812,664.6985697754145,634.0203362288695,664.5417743951235,1336800
2023-08-25,638.0781860351562,639.9208460363352,623.2389163795351,630.8937742163918,986200
2023-08-28,645.8995361328125,646.7032544869411,639.5286548643883,644.0078816426078,535800
2023-08-29,654.2504272460938,655.2599359656948,639.4013466320527,639.5385799951795,757900
2023-08-30,656.2597045898438,657.886703648075,650.3495169971696,654.1328267166483,564100
2023-08-31,647.4090576171875,656.0244288172162,643.5766935591641,646.8895569853015,1100100
2023-09-01,649.3594970703125,661.1406870324693,644.4391969103233,660.6114353118752,592800
2023-09-05,650.3787841796875,654.1719042115735,648.0362457100065,651.9176042689568,592100
2023-09-06,652.8095703125,656.4850792450454,644.0275925895561,652.9174307064677,870800
2023-09-07,625.1207275390625,626.9633874437473,616.3681229031779,624.9639321488223,1236200
2023-09-08,615.3880004882812,620.4455343180746,612.8004278229329,615.8878792784891,873200
2023-09-11,615.2409057617188,618.9850307300965,606.0962243575754,618.298923882631,1066300
2023-09-12,606.5079345703125,610.6147053794808,598.0787918216427,598.86288838526,1311300
2023-09-13,604.792724609375,607.6449530107312,601.6170944978436,602.165968099556,1077000
2023-09-14,609.5462646484375,612.3886215801566,603.1361404730001,608.477890678291,1237000
2023-09-15,584.8078002929688,593.2075712803833,582.2202872454251,590.6494311990234,2841400
2023-09-18,585.8564453125,586.4739355392486,576.329555795918,576.4961621010425,1071700
2023-09-19,581.9751586914062,586.2681575847425,577.4273149597765,584.2000259169862,893500
2023-09-20,578.1624755859375,588.894973912561,578.0350531538107,583.788445166657,1094500
2023-09-21,570.556640625,579.2406293568362,570.556640625,575.3298971309258,1313800
2023-09-22,575.4376220703125,582.9553056550554,574.3986806635976,582.0829705601792,837300
2023-09-25,574.4868774414062,576.3099152790948,568.9981420732919,572.0365384694393,607300
2023-09-26,561.3334350585938,567.2730539154375,556.6385476323941,564.9501375194214,1471000
2023-09-27,563.1173706054688,570.6153725261514,553.0709800699385,566.518412637707,1477600
2023-09-28,569.11572265625,576.6137236097046,552.7964420599641,554.9821251610069,1112500
2023-09-29,576.9667358398438,588.9244050231174,575.1045136420494,588.5029537916785,1017400
2023-10-02,570.6153564453125,575.9472966892554,564.9011489465054,571.7719093151545,811300
2023-10-03,559.265380859375,568.1650293578638,556.2956009323046,563.5290068526114,1101300
2023-10-04,579.1229858398438,580.0835595392989,568.9296100927392,572.5658753818766,1325900
2023-10-05,570.1350708007812,574.9475102008709,563.9700395076463,572.1051528981615,865500
2023-10-06,585.4937744140625,588.5616035584834,566.1262858245386,572.193327444205,1042100
2023-10-09,579.6228637695312,579.9561362408313,570.8408260636788,575.9767875568604,738500
2023-10-10,590.1888427734375,594.7464387117686,586.4642785794296,588.2579439862548,1087000
2023-10-11,594.1484375,594.1484375,586.1211240601796,589.4045545886141,981800
2023-10-12,604.5084838867188,611.7908847178504,597.5299227196167,597.5299227196167,1618400
2023-10-13,587.8363647460938,600.0390657328811,585.4742641168033,599.1961634189213,1098500
2023-10-16,591.8059692382812,594.011274732992,586.1211937053525,589.1007849264643,1154100
2023-10-17,596.5400390625,598.2258438736284,575.2808917975643,579.1524400573868,1535700
2023-10-18,571.6641845703125,580.0345224618682,562.4606953853964,570.2234137115997,2401700
2023-10-19,576.0551147460938,592.5311928675027,573.2421301758093,588.5126605735916,1475500
2023-10-20,568.57666015625,580.5245159864983,566.8124279709021,577.2508964535356,1035000
2023-10-23,576.114013671875,581.7204216853822,562.4607288407906,566.1362381758087,905100
2023-10-24,588.8165893554688,590.7866719102194,577.9174839063604,578.8878087890902,1333900
2023-10-25,571.7523803710938,586.3073714549064,570.017521054563,585.5820806151264,1322700
2023-10-26,576.5159301757812,587.1013855976335,573.938168054199,581.3185600407787,1093000
2023-10-27,578.2799682617188,584.1313487171875,575.6630231218129,583.0532235529084,819400
2023-10-30,577.1823120117188,582.6416750035978,570.9094196438158,580.9950542171387,746700
2023-10-31,586.9151000976562,590.169158044189,581.7693872871229,587.7384404693472,1020300
2023-11-01,597.71435546875,598.2351268824327,586.4237577296502,589.2635602940247,1005800
2023-11-02,620.4332885742188,626.4274092052094,616.2079199346687,625.916413750085,1527400
2023-11-03,631.2619018554688,635.7722756097364,627.8128630739484,631.9399303289604,906900
2023-11-06,626.378173828125,627.7145586450208,620.216961213904,625.8278941990513,651300
2023-11-07,625.2677612304688,630.2596219979662,622.5360352824781,622.8209811620949,529000
2023-11-08,628.1959838867188,631.507497395608,626.0931662112168,628.4514815421661,727000
2023-11-09,623.2533569335938,638.1109666969602,622.8504382961061,635.1728633606621,1221600
2023-11-10,649.8045043945312,651.7107810219732,629.6700272890101,633.2763831160954,1246700
2023-11-13,643.2403564453125,646.3357168218529,637.020247461569,642.7883774529155,641200
2023-11-14,663.6891479492188,666.7157155145602,657.8817343831514,662.9423870995652,1166800
2023-11-15,666.2343139648438,670.3614411792913,663.2962105834863,668.4747767294799,918500
2023-11-16,669.0545043945312,672.7001444286191,663.2863743519491,664.966721424994,854700
2023-11-17,674.1839599609375,675.6579297030373,667.4135112179899,669.241219303958,627600
2023-11-20,682.2612915039062,684.8751048140055,673.4273090328494,673.4273090328494,674700
2023-11-21,672.5428466796875,682.5265679037753,668.1209377851077,681.8288673535008,705400
2023-11-22,672.916259765625,682.0057391958055,672.0416900532432,677.5052017765612,522300
2023-11-24,679.185546875,680.0306084038273,675.9624977978068,678.0948237406313,352100
2023-11-27,676.4342041015625,678.3307046540243,673.1619744553855,675.7266674323429,545500
2023-11-28,664.2590942382812,671.0000337816862,660.9770890272006,668.1995156842811,644300
2023-11-29,675.6775512695312,681.082107065914,672.7885681356983,674.596664100648,795500
2023-11-30,671.894287109375,672.4544027336923,664.6423521485973,671.2555429827041,753600
2023-12-01,680.1879272460938,683.5092772529965,671.1966876755997,676.2278330163315,857600
2023-12-04,678.3405151367188,678.7335377372583,667.3348627299403,674.8226239975991,748500
2023-12-05,682.4774169921875,685.3270554998435,675.9919149185363,678.3404541537518,610000
2023-12-06,680.0700073242188,691.0658240713699,679.2248857514642,687.292435117438,657100
2023-12-07,687.508544921875,688.3339342719158,680.0797408916393,683.302789742231,780600
2023-12-08,684.3444213867188,690.6333823024809,681.9861060252902,683.2733704031631,920600
2023-12-11,697.9147338867188,701.1083345235729,690.4073013800032,692.490506843504,1585000
2023-12-12,708.0556640625,708.4683587435163,698.9661851644634,702.5135241563821,880100
2023-12-13,722.5301513671875,725.8613375253939,708.232656233841,712.0748377841455,1037200
2023-12-14,740.6304931640625,742.8708959301762,731.3837562864607,731.3837562864607,1446600
2023-12-15,739.8933715820312,747.1354699360884,736.6113065863454,740.6303562990056,1507000
2023-12-18,729.1825561523438,734.8229366676142,723.5421756370735,734.4004059295545,808900
2023-12-19,731.7964477539062,732.1502460635966,727.6792166361536,730.1063246199727,571000
2023-12-20,716.9486083984375,736.8471975235202,716.9486083984375,726.765236103989,1007600
2023-12-21,742.1633911132812,742.8020753095477,730.6467437237337,731.2559797145004,868200
2023-12-22,739.4710083007812,742.7038937331944,736.1103140477742,739.7756263203947,597300
2023-12-26,749.44482421875,752.5106764957455,736.9848738158873,737.0831144753364,509000
2023-12-27,750.7713623046875,751.2135052065706,745.1898779401936,747.6170457503277,486900
2023-12-28,744.6985473632812,749.8476648591444,744.6592630987851,748.8453463427168,468000
2023-12-29,743.7847900390625,747.155260418749,739.2744760811433,744.8755732622836,517900
2024-01-02,704.4788208007812,718.0885090497675,701.7470950718798,717.3318521503928,1368700
2024-01-03,691.1639404296875,694.377213102947,687.4593445942033,688.4419909186524,952000
2024-01-04,688.137451171875,697.1974825005782,685.4057252669197,685.8872124244708,752100
2024-01-05,691.134521484375,697.4725425645935,687.4593736955436,688.5992770667028,579200
2024-01-08,708.3308715820312,708.3308715820312,699.5557862750509,700.2829950054667,835300
2024-01-09,703.525634765625,706.5914864422226,698.3372334815548,698.3372334815548,587000
2024-01-10,705.333740234375,707.5054103770227,695.7529378021861,704.0366397848999,506400
2024-01-11,706.0609130859375,711.6226650566662,696.3326901970399,707.9868615539482,603900
2024-01-12,700.8430786132812,703.1326616557441,697.3055753517086,700.2436786676003,580500
2024-01-16,694.2398071289062,698.956498706559,690.3092208181977,695.7039409334873,913100
2024-01-17,699.9096069335938,700.7939527540166,684.0005584908755,693.6992741653797,835100
2024-01-18,731.6098022460938,735.284890433413,712.104233907029,712.104233907029,2230400
2024-01-19,744.678955078125,746.2904496291122,731.8554312610444,735.5108471638905,1796100
2024-01-22,753.3753662109375,763.0544696406598,752.2453587893417,753.1002563949585,1418600
2024-01-23,764.8822021484375,765.1573119732363,749.3072195732163,752.7563182879607,1800700
2024-01-24,832.6060791015625,849.5862368727286,812.1572108912288,812.5109491841347,7754300
2024-01-25,853.998291015625,867.9518809253468,848.0139484642625,853.9196625157921,3449500
2024-01-26,852.69140625,858.0468410790327,838.4037493085078,848.5642794103795,1614800
2024-01-29,867.303466796875,868.0895720177803,850.1857812095291,852.5244847255112,1034500
2024-01-30,852.9666137695312,862.4982362083377,847.6406269090766,858.8821045246212,895600
2024-01-31,854.7255249023438,868.6594440820171,844.5453222822237,846.2747296191262,1251200
2024-02-01,875.0859375,878.2697623396512,861.446800139445,867.0086125663115,1040200
2024-02-02,875.203857421875,877.5523968226322,863.8346908176987,863.9820517990476,896400
2024-02-05,884.4923095703125,887.8194718538662,867.3249620782436,871.7546096068985,950100
2024-02-06,890.7430419921875,891.5994356805442,876.9225036927576,884.7482260927526,1409500
2024-02-07,907.8119506835938,913.2850239260159,890.9104011688509,891.1367861513137,1492200
2024-02-08,908.5108642578125,913.2259563178451,896.6689110597284,903.2445295768136,1150800
2024-02-09,934.7540893554688,939.4003289117868,917.1438242666604,922.0459485587362,1588800
2024-02-12,914.6829223632812,931.6828854854659,912.8519556017269,924.96950090895,1033600
2024-02-13,889.1976318359375,901.5711214677729,875.1113547275942,876.9225547860622,1297200
2024-02-14,909.9874267578125,911.2769439836525,899.1200463220529,900.4784763866404,1206400
2024-02-15,915.3030395507812,920.1362508704749,904.9671950638702,914.5549116702066,884300
2024-02-16,914.4171142578125,933.6910207290142,911.2572772164256,918.1478404207036,1161300
2024-02-20,895.3500366210938,905.5972630699956,884.4629480634492,904.2388328090877,1044100
2024-02-21,894.01123046875,894.4640004600002,878.6747885530774,883.4194407530538,867500
2024-02-22,936.9688720703125,944.4599439432485,926.4854088873867,932.1159542836643,1780800
2024-02-23,918.6597290039062,939.6365697028097,918.206898936147,937.39224607522,879000
2024-02-26,932.7755126953125,936.8408894729514,921.5635682338878,926.7905498976403,671300
2024-02-27,926.6527709960938,942.7865468434433,925.6585515575051,938.100954289863,807500
2024-02-28,924.81201171875,928.749476377478,920.480776561772,924.3591816538569,519700
2024-02-29,936.8015747070312,937.5595558718995,923.7488698853801,924.8120021549064,777600
2024-03-01,975.4478149414062,975.9498513010768,935.4136596285955,936.7031769081085,1698200
2024-03-04,982.436767578125,991.9260716532341,972.3076615561249,977.0818133359955,1433000
2024-03-05,953.6934204101562,976.530669257385,943.702078978783,974.2371391620065,1259500
2024-03-06,988.2346801757812,993.8455791244221,966.1257953005218,971.5103092655085,1304500
2024-03-07,1031.015380859375,1039.825410730856,998.9545648917497,999.7912521717508,1580300
2024-03-08,978.7847900390625,1023.9474527708611,977.7019512484126,1022.6382890773439,1638500
2024-03-11,947.6196899414062,965.6926970706999,942.5305340631743,964.1865881095345,1432100
2024-03-12,968.9017333984375,969.5908017176658,935.62031636484,951.6851790968585,1165200
2024-03-13,953.63427734375,967.7894074503813,944.0662070262583,967.7894074503813,851100
2024-03-14,944.7750244140625,956.2822076647702,935.6991367682083,953.4472882708193,876600
2024-03-15,925.5109252929688,939.8531473976329,917.2225189999966,939.8531473976329,1727400
2024-03-18,926.623291015625,943.2295437499581,925.058122345873,934.517866964216,821400
2024-03-19,937.0280151367188,941.6349018835889,913.491845425646,923.8670436788185,817600
2024-03-20,955.7409057617188,959.0680686433557,932.086614948749,941.1230903218684,838600
2024-03-21,975.3001098632812,989.9376296132632,972.6325160657227,989.2978276684388,1112400
2024-03-22,964.6395263671875,975.5856737431347,957.3650457042261,958.487237595592,692800
2024-03-25,963.6255493164062,976.7668734852901,961.1941937614615,963.8224345628615,860900
2024-03-26,956.1148071289062,973.9220168017637,955.6521838880725,971.3134225328648,706000
2024-03-27,958.7825317382812,963.8913947177251,948.9979293104793,963.4779777365349,572100
2024-03-28,955.2977905273438,956.6759271722822,946.6157339394344,954.3921904903242,685700
2024-04-01,977.4263305664062,1006.6718089322973,964.442539310077,964.442539310077,1108500
2024-04-02,951.5966186523438,958.6151540799727,942.1565208763559,952.9944017570347,964000
2024-04-03,964.944580078125,971.047601858706,947.0586047086093,950.7795374209045,892100
2024-04-04,938.5045166015625,981.2161788140505,938.4848701333524,976.4813799754209,1269700
2024-04-05,964.2359008789062,971.1756705848452,951.8033509447037,961.2335959798485,878400
2024-04-08,967.3464965820312,980.6255865479129,964.8068150511843,974.3748253454862,929000
2024-04-09,974.3551635742188,984.5630357484508,954.2051572313497,978.2040087870678,717500
2024-04-10,959.3729858398438,968.1043079357192,947.7574784143471,947.7574784143471,722800
2024-04-11,976.6682739257812,976.6781271989651,948.269338181946,966.2044582901523,964700
2024-04-12,946.802734375,956.9515466590857,941.546192863702,954.6579567790546,1031000
2024-04-15,939.8925170898438,973.2624943264377,936.2306436819481,970.0140979697347,1077500
2024-04-16,961.64697265625,963.3105538706692,942.2353008107841,943.3180795549158,1506500
2024-04-17,893.4205932617188,928.0900021027015,881.834643931101,928.0702955527794,3774100
2024-04-18,875.131103515625,889.4732660454947,872.5422156271388,887.0320571180181,1653700
2024-04-19,846.10205078125,882.1988004118767,842.2138525910049,873.5658901337393,2486800
2024-04-22,858.4164428710938,866.2421653584172,848.9764056462066,856.3985043884352,1143900
2024-04-23,887.4749755859375,893.8635021318673,861.3203604037363,865.5531227301037,991300
2024-04-24,878.3695678710938,900.6949838680783,868.181342660744,898.7754579518439,860600
2024-04-25,888.4002685546875,896.8165867885266,857.3828827805266,861.3203472249837,1114200
2024-04-26,906.4841918945312,913.8034218520044,899.1650221429474,899.8752710185607,865100
2024-04-29,897.4091796875,900.8418784473454,888.8372463472006,899.4608758488935,650800
2024-04-30,860.6158447265625,894.8542665445664,859.3828282996003,883.9247920783267,1093000
2024-05-01,841.252685546875,868.6256526788246,837.6029445547713,859.2744143186104,1458200
2024-05-02,858.4557495117188,866.070830879855,850.6334394817034,863.1115911388076,876800
2024-05-03,889.3797607421875,892.6645336386015,876.5958236739523,882.4354333133293,1038000
2024-05-06,904.4620361328125,905.8824736458622,892.7336281418976,896.8469546086068,642000
2024-05-07,895.8802490234375,913.7935480787063,895.3081726636831,912.2646195209329,655000
2024-05-08,899.0860595703125,904.2746029184043,891.0468276751238,892.1516057029434,555700
2024-05-09,901.1279907226562,905.6950891501319,895.0517112426675,902.2722638739732,756000
2024-05-10,917.650390625,926.2420719870939,912.4322860362747,912.4322860362747,814100
2024-05-13,904.7777709960938,916.378001618306,901.8382784806851,915.0759287723544,745700
2024-05-14,902.5977172851562,903.9293510493444,893.5720122429047,900.4966523108077,592000
2024-05-15,924.6834716796875,924.6834716796875,898.277230496261,906.1685363232102,883000
2024-05-16,907.0464477539062,926.0546509659791,906.4546238669981,923.776038692549,811100
2024-05-17,912.402587890625,918.3210670853413,903.7616588392816,908.2892617079447,703700
2024-05-20,926.6760864257812,933.8571437370961,913.2017076241983,913.2017076241983,669300
2024-05-21,912.6986083984375,920.8957001094229,902.903532036638,908.4274221621819,746400
2024-05-22,909.7985229492188,920.816741769737,901.0786035853091,918.5578771678485,668600
2024-05-23,921.5565185546875,956.3177095788158,914.8094258752694,954.4336868850966,1357200
2024-05-24,943.2280883789062,945.5461957366774,921.0436630935492,925.5121442013532,684900
2024-05-28,978.3740234375,979.3900580518546,952.1354533130426,959.5828618080089,1184000
2024-05-29,944.8656005859375,952.3820653061131,942.9519563271645,948.4857206311086,902000
2024-05-30,952.9935302734375,955.9823912131291,939.8544990274942,943.9974465708631,846500
2024-05-31,947.3019409179688,966.6849853702473,920.2545064502576,958.6062584414176,1040400
2024-06-03,952.3623046875,959.0502158380613,935.5045349098591,956.1699058262324,752800
2024-06-04,937.8915405273438,950.6162950015412,930.1876557758659,949.1662362777364,765400
2024-06-05,1027.1915283203125,1027.4086307457835,995.1923406530476,1005.5003108332329,2586500
2024-06-06,1038.308349609375,1040.1134423573462,1018.9549280829137,1033.7609993574147,1370700
2024-06-07,1014.4472045898438,1029.5590032939854,1012.5729952462532,1026.1164305260281,936200
2024-06-10,1027.5565185546875,1031.9066347466346,1000.1441157330906,1002.3339844773774,1039500
2024-06-11,1021.9339599609375,1024.7945823540713,1005.8356891390142,1013.529700140625,789500
2024-06-12,1054.337646484375,1062.5840467622477,1041.2874185203557,1044.7596124082545,978400
2024-06-13,1038.4072265625,1046.5846322966675,1024.6270600671887,1039.413387510708,1106300
2024-06-14,1013.9342651367188,1016.9921223144739,1002.7877465722454,1007.581761013929,1047200
2024-06-17,1038.1702880859375,1040.0543710429604,1018.6393786648298,1030.002757762242,844400
2024-06-18,1046.9593505859375,1054.890152030129,1027.842656062658,1028.039890557459,1025300
2024-06-20,1036.4637451171875,1048.7051660419227,1030.8214907897404,1043.8519699885753,1150300
2024-06-21,1022.5157470703125,1024.8831624808183,1009.3077220417744,1024.0743567582017,1626000
2024-06-24,988.3959350585938,1020.6515996726187,988.3959350585938,1019.132605170995,1027000
2024-06-25,1009.4362182617188,1009.5841441339686,989.0174508023391,991.5031713915062,621600
2024-06-26,1002.7876586914062,1009.6925512542788,990.2602589206168,1000.2230083932648,885100
2024-06-27,1014.0426025390625,1027.5564146702825,1010.7183950053675,1015.4531059276851,784300
2024-06-28,1008.8344116210938,1034.5601464413517,1001.653354413242,1014.0328287542295,837600
2024-07-01,1019.4480590820312,1024.0052827607215,1001.9984090375657,1021.480127853706,791000
2024-07-02,1033.652587890625,1033.7512051325928,1011.9218752435912,1012.8195450102208,748700
2024-07-03,1056.8531494140625,1059.7038984136204,1041.0705359876615,1044.0100284724433,779800
2024-07-05,1059.8814697265625,1068.0786230248632,1054.8112903104459,1065.079887703445,771100
2024-07-08,1062.751953125,1073.0106766218937,1061.2130904151593,1068.4337039721474,881900
2024-07-09,1045.568359375,1066.8256117693554,1044.9567880140978,1065.0302723342204,925400
2024-07-10,1084.018798828125,1085.626657250855,1050.5301169729005,1054.6631307152643,925400
2024-07-11,1048.064208984375,1095.0075876978426,1047.1370382112616,1094.8990966762094,1151400
2024-07-12,1070.5147705078125,1085.6660624062235,1051.8124152664836,1058.184605836733,1053800
2024-07-15,1049.1787109375,1083.8017913039184,1045.9629941677208,1082.5292797026668,1365600
2024-07-16,1053.6767578125,1062.4164855521765,1046.3280269432423,1059.9208310216795,1197600
2024-07-17,919.3963623046875,966.6751437423958,916.0820281226443,965.2843275037148,5188400
2024-07-18,911.5938110351562,944.2046300267581,898.6224529719229,940.5450152675396,2242200
2024-07-19,883.204833984375,907.8356043432889,879.5452191231361,902.794986838518,2133600
2024-07-22,928.4713134765625,929.7635123814979,909.4828590654649,915.5788855166331,1926800
2024-07-23,920.1361083984375,927.6328247478228,916.5554236125965,922.6711975849291,1056200
2024-07-24,860.8921508789062,907.1746430092138,858.9291981741235,905.6851493913656,1912000
2024-07-25,850.90966796875,874.3271089267163,838.6288109462413,861.1387685704643,2075900
2024-07-26,876.3197021484375,883.4021422246674,870.2433626707767,881.774536241679,1681600
2024-07-29,860.3131713867188,887.4403982979566,858.8011940553569,876.5598554787242,1231500
2024-07-30,850.1243896484375,883.4281219020866,845.93425764919,882.0050525139043,1682100
2024-07-31,925.685302734375,931.1601358405478,906.2564520306026,914.6367762373334,2406800
2024-08-01,873.3184204101562,916.8504216344588,861.5583291293843,912.1858930453634,1808500
2024-08-02,799.832763671875,818.8465696202311,786.5310795051928,814.5081775096021,3624100
2024-08-05,810.703369140625,829.0155013138736,758.385895356456,765.8866700583768,2815600
2024-08-06,833.0970458984375,849.897142713671,825.7050226013165,830.478183150262,1995700
2024-08-07,826.5152587890625,868.0609451399246,824.81551338068,866.6872758024333,1521600
2024-08-08,866.3414306640625,868.2981283931595,839.273497263505,850.8457598872294,1447700
2024-08-09,850.4306640625,855.1248081698714,838.5618816265461,845.1732154241519,950500
2024-08-12,842.8311157226562,856.7751802830138,842.7916078011108,851.61659176049,1151200
2024-08-13,859.2655639648438,862.408162764886,846.2504482995647,850.6777481963632,1526600
2024-08-14,869.2369384765625,879.9198200793755,860.2241863897043,877.152757652259,887700
2024-08-15,917.3345947265625,919.8644889607813,885.7602866205074,889.8022183499791,1459000
2024-08-16,907.857421875,911.6127858104634,902.2936807125992,905.3868194529541,804200
2024-08-19,922.1770629882812,922.7304755054046,898.7557405020177,906.355315790291,1024600
2024-08-20,915.2888793945312,925.3689478656845,906.5626960272483,924.9736274089988,921300
2024-08-21,932.5140380859375,933.9371074814877,920.7144386070878,922.7403205122438,646500
2024-08-22,897.0362548828125,932.8896068002379,893.9529478051929,931.9112578664183,1092600
2024-08-23,896.5914306640625,911.2865677279467,892.5099910032457,902.1749554469984,1395900
2024-08-26,872.923095703125,894.0022916829395,872.0732229773321,892.9151904666892,1251500
2024-08-27,879.4158935546875,885.226755378474,864.196958241448,869.6520677864172,661600
2024-08-28,877.6864013671875,886.906705916362,870.0670422616075,880.2261877357141,727300
2024-08-29,877.2713623046875,903.775990820714,872.6068338317951,895.4055589252918,1173800
2024-08-30,893.2413940429688,896.2654091112553,878.4869630486784,889.4663061586795,991200
2024-09-03,835.448974609375,882.2322642358444,831.7529633575068,882.1037880956511,1870800
2024-09-04,801.937744140625,813.0455627309376,789.8317925433373,795.5339621074775,2350900
2024-09-05,786.2444458007812,798.5480572239982,781.2044412743736,786.3334140225727,1672000
2024-09-06,743.9378051757812,783.6156992925739,742.0403996392469,783.4773310978698,3286800
2024-09-09,741.0028686523438,755.2928551262324,729.4701131522488,755.0951948641323,2539900
2024-09-10,742.54443359375,743.1571381109466,725.6158625770778,741.0916881422163,1524000
2024-09-11,790.7310791015625,792.173872195797,749.8079901257863,760.9751604212121,2559100
2024-09-12,790.7606201171875,799.1804509929207,784.3864549253796,791.96630525226,1318700
2024-09-13,806.7603759765625,808.9938101979142,794.417256031642,794.6643162717482,1069200
2024-09-16,793.596923828125,799.7141372052918,782.8251345722673,799.4473531871568,1150100
2024-09-17,796.2158203125,802.2243419275563,787.173391868997,799.1904350991097,734600
2024-09-18,778.57568359375,801.3743465078051,777.1229382056982,790.6816337853022,1249000
2024-09-19,818.4215698242188,829.7765086069572,812.5514163750047,822.8785460027344,1644300
2024-09-20,785.9282836914062,800.6629295666795,780.374314116732,800.0403329491035,2748600
2024-09-23,794.0515747070312,798.1132303889616,788.6261417378568,798.1132303889616,965600
2024-09-24,804.4281005859375,806.8987028604643,791.580968758398,800.030416473792,881200
2024-09-25,808.5589599609375,817.4828045453299,804.4281200958354,806.7504621632394,878200
2024-09-26,842.4161376953125,851.8637189873938,829.8259573462199,850.2133734508611,1566400
2024-09-27,831.644287109375,844.1060516262332,828.3435960357143,842.4260299078262,1038400
2024-09-30,823.4517211914062,832.256920977345,810.0610692019161,826.7129040633303,994700
2024-10-01,812.679931640625,831.3774940855665,802.3528618332036,829.8061644150227,1244100
2024-10-02,822.4041748046875,829.4009370768779,806.8986730891502,811.1480967810621,898400
2024-10-03,822.62158203125,827.6616468178513,814.1029502882697,816.1980161734264,651900
2024-10-04,823.2047119140625,829.4701860810296,816.2475173355741,826.2188347501396,862500
2024-10-07,807.639892578125,813.3222778731073,801.4732788827085,802.1748913333627,898200
2024-10-08,814.5675048828125,821.0602552403998,810.4267728398742,812.8281911391284,1265900
2024-10-09,835.9530639648438,836.1704480267337,816.6526887918384,820.0720242758764,1004900
2024-10-10,824.1632690429688,825.8037827836504,811.8399334546469,815.2987767499498,876300
2024-10-11,830.8042602539062,835.0635762002895,818.6686328213705,820.1608862592168,964700
2024-10-14,862.012939453125,862.9813962675961,842.1492604742515,842.4951809918767,1769200
2024-10-15,721.8408203125,863.3767186624898,709.0628722362859,857.0222763587813,9350700
2024-10-16,675.4824829101562,709.0431074392314,669.3059768861136,702.609649113798,10296200
2024-10-17,692.361572265625,695.6030314723034,669.1576945028348,684.4952130565039,7209100
2024-10-18,714.7550659179688,717.9174486089682,704.7935815524219,709.2307731883617,4537800
2024-10-21,705.7028198242188,716.3264097590674,700.4552629295632,715.4864291004968,2184800
2024-10-22,712.4327392578125,715.5951222837672,709.2012324464005,714.4981893323469,2067000
2024-10-23,700.287353515625,707.8869294453593,691.8675206425012,705.6534950678447,1681400
2024-10-24,702.4515991210938,711.5335365348404,698.142882737153,711.5236444738196,1854700
2024-10-25,703.3310546875,714.7452249231658,702.8665501033329,707.5705863986224,1380100
2024-10-28,700.3170166015625,703.133479356053,695.71177971234,700.0600642879006,1182800
2024-10-29,708.37109375,709.1635095235329,697.0294578403763,701.0411118155629,1445500
2024-10-30,677.3573608398438,689.0357431883508,676.1587920881462,686.9853291044254,3085200
2024-10-31,666.18408203125,676.5351814524271,660.9045152976893,676.5153514125928,2398300
2024-11-01,668.3434448242188,676.2974673186459,667.0855068925539,672.1272945540743,1801700
2024-11-04,664.8072509765625,672.008457682129,664.4705030305117,669.6509802300095,1232500
2024-11-05,670.05712890625,679.0313709232518,667.09537935141,667.1350394324072,1282000
2024-11-06,655.1693725585938,666.6694661473739,648.5724379250316,662.2219749280097,3208600
2024-11-07,670.7999877929688,673.4050987423713,663.4700072469614,667.7292941231822,1758300
2024-11-08,663.1332397460938,664.8865055198205,655.6250302137099,663.6582521591642,1726800
2024-11-11,664.955810546875,665.6293668510183,655.674505753815,665.411478248547,1520100
2024-11-12,662.8460693359375,670.1363909445469,656.5561975472017,666.2733415041034,1711000
2024-11-13,667.0359497070312,667.3034134240086,650.5634131685574,658.329171406742,2453700
2024-11-14,686.4010009765625,705.260761369863,684.984543500053,699.0005743230348,3925300
2024-11-15,652.3958740234375,673.4447363895921,651.2963950166852,671.939104299844,3063200
2024-11-18,658.933349609375,662.5289952458578,641.8664568394829,644.907405487118,2010600
2024-11-19,655.8924560546875,665.0549023887572,647.2847067560583,656.5462428384755,1640700
2024-11-20,652.19775390625,652.2472685496588,639.3406328734385,650.3157742546381,1677800
2024-11-21,665.7977905273438,666.6892959579634,642.8768630633766,647.7304469149685,2859000
2024-11-22,666.510986328125,668.4127960027998,659.9139914436423,661.4790531802449,1275600
2024-11-25,677.9912719726562,680.210120533614,671.5825413425434,678.5162843947526,1511300
2024-11-26,665.6095581054688,675.3960455540783,660.5182558116492,673.1574879675626,1424100
2024-11-27,664.1336669921875,666.3227703801922,653.3665599529619,663.4205110485021,1231800
2024-11-29,680.1110229492188,693.0276342646712,672.1174005819706,672.4442939644626,1706500
2024-12-02,704.7357788085938,706.9248825237439,674.2570635323575,675.2971130010455,2325900
2024-12-03,711.2633056640625,714.502373303662,693.9883790152601,695.9991933667063,1647200
2024-12-04,713.105712890625,718.0782163514765,710.1440238581843,716.9390772817196,1529800
2024-12-05,704.7654418945312,722.3176878298033,701.2985704305385,722.248403603071,1801100
2024-12-06,702.269287109375,710.4214289738145,700.3873074140439,705.0031726123744,1215400
2024-12-09,699.8325805664062,716.364606772795,698.9708202325016,706.498859607914,1267500
2024-12-10,698.5944213867188,711.5010569821644,693.9388962440737,709.8369659549415,1214700
2024-12-11,707.667724609375,711.2039408739057,699.8028763825274,705.1517881431075,1217600
2024-12-12,706.350341796875,713.0661967613986,703.9037498601034,706.5881209331635,868700
2024-12-13,711.7785034179688,718.1178897735987,709.4407953754619,711.7785034179688,1455700
2024-12-16,715.5424194335938,724.0808232099533,706.5780930161206,713.2344567899448,1542800
2024-12-17,728.231201171875,738.0672033888508,725.7449494267421,732.995670612559,1753300
2024-12-18,712.6798095703125,750.022980267869,708.7077557058665,741.4251462309669,2257000
2024-12-19,703.5372314453125,714.0071911600534,702.0712593403631,710.9563271575763,1620800
2024-12-20,699.00048828125,713.5811898448005,689.6894987961051,693.5228630754335,2701800
2024-12-23,714.2151489257812,715.2155986888386,700.3873226140527,700.4070921978405,1232600
2024-12-24,712.8977661132812,713.3831184535833,708.2323258107442,709.609183583295,586800
2024-12-26,709.084228515625,713.6803245045252,704.3791882083432,707.4498823675633,734000
2024-12-27,706.835693359375,710.7086574909085,701.8830197880098,710.6987424705752,942300
2024-12-30,689.5607299804688,696.1576642362115,687.8965785437213,693.3742642508734,1202600
2024-12-31,686.5198364257812,696.3260941044338,680.9232909463275,694.7511777196464,965000
