Price,Close,High,Low,Open,Volume
Ticker,AZN,AZN,AZN,AZN,AZN
Date,,,,,
2010-01-04,12.797743797302246,12.830136026603105,12.727560462195312,12.800442720689649,2606200
2010-01-05,12.538605690002441,12.668175655398112,12.498114625309178,12.651979023574699,2666600
2010-01-06,12.438726425170898,12.441425348376638,12.301057657880436,12.371242017993705,3020800
2010-01-07,12.573697090148926,12.592592644561202,12.481918241690522,12.552101582403191,4454600
2010-01-08,12.627683639526367,12.64118134656111,12.511610361194805,12.562899176573689,2675600
2010-01-11,12.854430198669434,12.911117885974072,12.789645741364676,12.811240217222801,4584000
2010-01-12,12.7950439453125,12.813939496844188,12.724859585568804,12.754552889327266,3153200
2010-01-13,13.094676971435547,13.10817467980516,12.954310277912844,13.037990303313235,4653000
2010-01-14,13.332221031188965,13.356515462085312,13.264736615335826,13.299828799903988,5256200
2010-01-15,13.186453819274902,13.262037061655901,13.113571559779222,13.251239308497127,1553000
2010-01-19,13.604859352111816,13.634551631650565,13.383510539034305,13.386209462726729,5796000
2010-01-20,13.548169136047363,13.56436576437939,13.375409219427045,13.548169136047363,4256400
2010-01-21,13.370011329650879,13.68583891217757,13.370011329650879,13.666943359261403,6323200
2010-01-22,13.183759689331055,13.548175238228898,13.178360810788691,13.316029639291994,2438600
2010-01-25,13.351119041442871,13.391610110296046,13.25934017780891,13.299831246662084,2686400
2010-01-26,13.515780448913574,13.545473760433842,13.351118288468877,13.37001384493985,3648200
2010-01-27,13.399703979492188,13.461789511709744,13.275532915057074,13.321421818540783,2561200
2010-01-28,12.67627239227295,12.940811178130765,12.552101314575898,12.851732284906518,12996600
2010-01-29,12.54940414428711,12.705967475054324,12.544005266711606,12.635784126033975,2158000
2010-02-01,12.643878936767578,12.643878936767576,12.538603423273463,12.58449232721485,3013200
2010-02-02,12.651979446411133,12.711366068684507,12.581796098958533,12.60069165518541,4070600
2010-02-03,12.601550102233887,12.747232892104536,12.581939060205304,12.710811927456465,3387000
2010-02-04,12.279367446899414,12.486684474039224,12.279367446899414,12.45586681815373,3697000
2010-02-05,12.060842514038086,12.10006459581591,11.825508954649566,12.069248009220173,4933600
2010-02-08,12.08325481414795,12.231738703385918,12.08325481414795,12.122476892911074,2670000
2010-02-09,12.357808113098145,12.48668093874893,12.23453752445714,12.402633490225432,5511800
2010-02-10,12.321390151977539,12.39703319463205,12.2849691902428,12.332596766160774,3230600
2010-02-11,12.444661140441895,12.47267767913872,12.284970610395861,12.422248978206111,2424200
2010-02-12,12.310187339782715,12.310187339782717,12.198124369504487,12.265361937927048,2435600
2010-02-16,12.30738353729248,12.324193460095277,12.150494130631333,12.203725018479362,2120800
2010-02-17,12.30738353729248,12.349407809938645,12.284970306888754,12.318590152494345,1293400
2010-02-18,12.301777839660645,12.312984452685251,12.192516034474348,12.240142536746758,1651200
2010-02-19,12.228938102722168,12.259754688255542,12.142088446978464,12.184112715275441,1801200
2010-02-22,12.200922012329102,12.290572790490238,12.144890008797995,12.290572790490238,1354800
2010-02-23,12.167305946350098,12.279369978359682,12.144892712459454,12.268163361414361,2120200
2010-02-24,12.186912536621094,12.27095999554316,12.15889707322088,12.164499310923782,1630600
2010-02-25,12.086057662963867,12.088859851117427,11.962788102248348,12.086057662963867,2276600
2010-02-26,12.360611915588379,12.369017410370803,12.209326902884543,12.287771062710348,9691600
2010-03-01,12.324193000793457,12.360612895759735,12.259755500145042,12.312986386009246,4172000
2010-03-02,12.427850723266602,12.46427168463206,12.33819994815281,12.408239683005556,1840200
2010-03-03,12.51469612121582,12.581934719776628,12.422244250506138,12.444656404212228,1887600
2010-03-04,12.55392074584961,12.62956377741016,12.51749978945644,12.62956377741016,1946600
2010-03-05,12.7360258102417,12.747232424910628,12.559526438453256,12.570731984400588,1942800
2010-03-08,12.531510353088379,12.573534625249518,12.433455143007903,12.545518087568214,3704800
2010-03-09,12.441859245300293,12.458669167470447,12.374620625341286,12.383026120787168,2018200
2010-03-10,12.433451652526855,12.44185607711103,12.33259428263143,12.335395401252375,2657400
2010-03-11,12.324193000793457,12.405438286174975,12.287772037105572,12.324193000793459,3445000
2010-03-12,12.425049781799316,12.461470746818321,12.34940780104533,12.425049781799318,3740400
2010-03-15,12.413844108581543,12.422248535530255,12.307383402770768,12.346605486826938,2974600
2010-03-16,12.436259269714355,12.458672505279301,12.371822820547978,12.388632747221688,2572800
2010-03-17,12.525909423828125,12.542719349628584,12.439060812330352,12.503497258149354,1594000
2010-03-18,12.534310340881348,12.55952468600745,12.433452960376934,12.528707034328718,1957000
2010-03-19,12.357808113098145,12.483879820244042,12.326990465937893,12.357808113098145,1857000
2010-03-22,12.587541580200195,12.621160354614162,12.481080881047474,12.500691921849084,2447800
2010-03-23,12.649177551269531,12.649177551269533,12.528709112211985,12.570732315244062,1945600
2010-03-24,12.472675323486328,12.545516172897631,12.447460977782134,12.517500708213625,2102600
2010-03-25,12.489486694335938,12.62956617147086,12.489486694335938,12.618359556806881,1762200
2010-03-26,12.497891426086426,12.528709082803921,12.441859420120219,12.475478196211295,1306600
2010-03-29,12.57913589477539,12.58473813268237,12.478278512906389,12.53431051046933,1235600
2010-03-30,12.467073440551758,12.548319793623817,12.411041436063385,12.52590656433983,2231800
2010-03-31,12.528711318969727,12.570734529403605,12.450266069127219,12.458671566191445,2035400
2010-04-01,12.593144416809082,12.637969803926524,12.539913534861066,12.576334495869466,1411000
2010-04-05,12.57072925567627,12.615554635900155,12.57072925567627,12.590340292729135,834000
2010-04-06,12.503496170043945,12.54271825810991,12.433456421719937,12.45306746575292,1840600
2010-04-07,12.57072925567627,12.615554635900155,12.520300569334225,12.523102756753985,2546200
2010-04-08,12.509098052978516,12.565128990276648,12.47828039623157,12.511899172354774,2164000
2010-04-09,12.643571853637695,12.660380704184318,12.581936551709612,12.590340976982924,2997200
2010-04-12,12.688399314880371,12.702407048871077,12.62676400285534,12.657581658867855,1404000
2010-04-13,12.685596466064453,12.733224041617886,12.637969959232565,12.733224041617886,1975600
2010-04-14,12.688399314880371,12.696803741530475,12.618359576205236,12.691200434189872,1648600
2010-04-15,12.76964282989502,12.77244394858191,12.626761196272325,12.626761196272325,1449400
2010-04-16,12.699607849121094,12.730424441069971,12.643575835967367,12.682797924558448,4510400
2010-04-19,12.671589851379395,12.679994278333615,12.562328026088009,12.576335760585586,1790200
2010-04-20,12.811668395996094,12.845287170073743,12.772446314785247,12.794858474596492,1981800
2010-04-21,12.719216346740723,12.76964504160993,12.668787651871515,12.761239546650698,2552800
2010-04-22,12.573533058166504,12.598747404576308,12.500691137995288,12.593144097738406,3814000
2010-04-23,12.643571853637695,12.651976278911008,12.467071441848184,12.48668247996686,1654600
2010-04-26,12.581937789916992,12.665985257085618,12.570731175968769,12.632366483962473,1496000
2010-04-27,12.209328651428223,12.369019181784362,12.184114300912954,12.304581677017373,4086200
2010-04-28,12.23734188079834,12.279366146869696,12.046833727058763,12.181309882277027,4230400
2010-04-29,12.422250747680664,12.475480575704385,12.335401068431812,12.43906067329323,4952200
2010-04-30,12.39142894744873,12.514698487947662,12.321389217199492,12.5034929433361,3646400
2010-05-03,12.352208137512207,12.413843448449539,12.318589362783472,12.343803711010418,2469600
2010-05-04,12.332598686218262,12.394234005100483,12.301781026777151,12.369019653623367,3124000
2010-05-05,12.094463348388672,12.181313021917624,12.055241259931002,12.074852304159837,3942200
2010-05-06,11.67702579498291,12.030025622105065,11.290406122442157,11.968391376280916,6252400
2010-05-07,11.550954818725586,11.707844235003225,11.32962896417009,11.620994564947829,7692400
2010-05-10,11.92076587677002,12.01321886472406,11.805900723347074,11.917964756857092,3930000
2010-05-11,11.923563957214355,12.049634615573973,11.73865911373593,11.752666845917947,2649200
2010-05-12,12.156095504760742,12.172905424889858,11.93196857997992,11.945976312393443,3458000
2010-05-13,12.088861465454102,12.13929017173594,12.038432759172261,12.052440495645708,5335600
2010-05-14,11.780681610107422,11.94597540496264,11.705038578354554,11.929166554831822,7262600
2010-05-17,11.92076587677002,11.937575802413072,11.71624992402779,11.780686369243412,6101800
2010-05-18,11.752671241760254,11.884345255986897,11.716250269487333,11.811504380162916,6550200
2010-05-19,11.828309059143066,11.889943290199675,11.693832915854033,11.702237340834165,7497400
2010-05-20,11.489317893981934,11.668620516972627,11.413675919110915,11.578969739838062,7954000
2010-05-21,11.646208763122559,11.677026422050393,11.363248662344796,11.37725639766062,4623200
2010-05-24,11.598581314086914,11.755469646928635,11.556557042806247,11.604183552784166,3492400
2010-05-25,11.581769943237305,11.59857986339139,11.321222058817133,11.41367501658238,7474600
2010-05-26,11.461301803588867,11.553754763636825,11.405269803746606,11.410873110602983,7523000
2010-05-27,11.724651336669922,11.727453524583899,11.534143169938558,11.553755279171734,3798400
2010-05-28,11.836711883544922,11.903950480458027,11.758267744414002,11.850719612858123,5205200
2010-06-01,11.853524208068848,12.049634595737164,11.822706556086267,11.856325327012057,5004800
2010-06-02,12.212130546569824,12.212130546569826,11.940375981392211,12.046836697965155,6413600
2010-06-03,12.192519187927246,12.279368858248429,12.122479441490661,12.270963361945272,4263000
2010-06-04,11.898350715637207,12.10846992402512,11.870334179952549,12.091660002614327,4275400
2010-06-07,11.803098678588867,12.049637823038125,11.803098678588867,11.920764942704867,4113200
2010-06-08,11.870335578918457,11.89274881010767,11.747066013542836,11.783486979864467,3552200
2010-06-09,11.94317626953125,12.0972634774069,11.915159733458312,11.948779576745839,3231600
2010-06-10,12.374618530273438,12.397031756039002,12.206523611917412,12.217730224800194,6962600
2010-06-11,12.612756729125977,12.629566651761207,12.296176799519776,12.304581226476571,6935200
2010-06-14,12.615556716918945,12.71641410624012,12.609953409876486,12.663184292419073,4122400
2010-06-15,12.87610912322998,12.87610912322998,12.750037342451753,12.769649458325624,3472400
2010-06-16,12.825677871704102,12.862098838656541,12.761241434001604,12.77244804979031,2692200
2010-06-17,12.828474998474121,12.84248272832233,12.733220939296496,12.780847434524667,2698000
2010-06-18,12.744433403015137,12.828480889420996,12.705210245218748,12.73602790626931,2431200
2010-06-21,12.57072925567627,12.747229657873422,12.545514912505247,12.70800758376769,3657400
2010-06-22,12.581937789916992,12.783652566098917,12.581937789916992,12.612755443913846,3438200
2010-06-23,12.57913589477539,12.637969011291823,12.464270780696019,12.595944745939251,2372600
2010-06-24,12.626765251159668,12.7220193479237,12.570733240935816,12.593146472514038,2546400
2010-06-25,12.576337814331055,12.59875104816462,12.436258309036706,12.497893633357199,2877200
2010-06-28,12.528711318969727,12.612758808559299,12.472679303002739,12.475480422876272,2547600
2010-06-29,13.65494441986084,13.951912151689632,12.374617342058247,12.570728773790538,15929800
2010-06-30,13.203892707824707,13.461638450214839,13.187082784690784,13.327162271308465,12838400
2010-07-01,13.321556091308594,13.41400904552869,13.097429174789111,13.37478696872796,8165800
2010-07-02,13.181478500366211,13.226303890013899,13.08622441377468,13.097431028366998,3770200
2010-07-06,13.383194923400879,13.439226934487298,13.273933089579312,13.2935441331513,3750600
2010-07-07,13.540085792541504,13.554093529634665,13.268331204302465,13.29914886714052,3853000
2010-07-08,13.66335391998291,13.688568271553928,13.43922694419703,13.4420280638286,3793600
2010-07-09,13.72778606414795,13.72778606414795,13.598913226977652,13.638135301879796,2419600
2010-07-12,13.691365242004395,13.736190623577198,13.62692882278858,13.668953085578693,1965600
2010-07-13,13.898685455322266,13.940708655908496,13.8398523332686,13.89028102894933,3052200
2010-07-14,13.999547004699707,14.06118126427653,13.921101749940842,13.965927151779388,4213200
2010-07-15,14.100398063659668,14.100398063659668,13.929500962286522,14.061174919617494,2942400
2010-07-16,13.668956756591797,14.005147743037883,13.64094021763364,13.915495887093465,4101800
2010-07-19,13.744598388671875,13.86506682194153,13.70817742614995,13.820241432961303,2309800
2010-07-20,13.839849472045898,13.848253896681317,13.610119269759455,13.635332543665713,2582600
2010-07-21,13.512063026428223,13.677356812931132,13.47564207178281,13.632531433644989,2966000
2010-07-22,13.76700496673584,13.876266741278007,13.713775172880235,13.75019612063467,2796000
2010-07-23,13.62132740020752,13.68296270916425,13.486851236892283,13.638137321392504,7036000
2010-07-26,14.15082836151123,14.321725495234201,13.433622119948078,13.520470712106466,13704800
2010-07-27,13.988337516784668,14.010749678744235,13.901487850977395,14.002345251599603,6201800
2010-07-28,14.430983543395996,14.59347620796265,13.971523147853674,14.091991552626517,12121400
2010-07-29,14.176042556762695,14.652312989345495,14.120011621288379,14.615892026309918,9004800
2010-07-30,14.131216049194336,14.321724207155878,14.131216049194336,14.218065702263173,6494800
2010-08-02,14.484211921691895,14.543045020298802,14.38615568862591,14.436584364209299,3865200
2010-08-03,14.641107559204102,14.666321909695979,14.526242422234807,14.551456772726686,4207200
2010-08-04,14.595674514770508,14.731976399551444,14.53888179197068,14.652466154339248,4279400
2010-08-05,14.763211250305176,14.76605039876022,14.635427905208166,14.643946433804299,3621600
2010-08-06,14.851241111755371,14.905194689390356,14.717779450181455,14.760373182637792,3046800
2010-08-09,14.939268112182617,14.987541219861587,14.888154772739572,14.927909351588378,2204800
2010-08-10,15.166438102722168,15.200513301711544,14.882475583604934,14.990381644174176,4100200
2010-08-11,14.536042213439941,14.700741008639449,14.533203064626322,14.686543098109077,2936400
2010-08-12,14.572957992553711,14.629750719251435,14.541721938708406,14.572957992553713,3220600
2010-08-13,14.592835426330566,14.666666296724971,14.555919991133365,14.564439604321135,1909000
2010-08-16,14.712095260620117,14.76320858944647,14.567273801201852,14.587151086497565,1757400
2010-08-17,14.680856704711914,14.737649402936627,14.598507346447606,14.703573134063426,2063800
2010-08-18,14.584317207336426,14.67518513958148,14.536043009013694,14.646789316966599,2032800
2010-08-19,14.41961669921875,14.553079432846603,14.357145680201707,14.541720671850388,2060600
2010-08-20,14.348626136779785,14.374182807528525,14.252078834310216,14.303192175807698,1772200
2010-08-23,14.467888832092285,14.595672167029946,14.467888832092285,14.490605267619584,1719800
2010-08-24,14.132811546325684,14.220840297531785,14.081698217655147,14.189604254096368,2645600
2010-08-25,14.229361534118652,14.254918203320418,14.044785469524692,14.104417336585136,1715200
2010-08-26,14.138494491577148,14.226522181755666,14.084540918132431,14.189607833139998,1788400
2010-08-27,14.263437271118164,14.308871231057427,14.081701431361118,14.23788060095039,1651600
2010-08-30,14.098734855651855,14.252073742126125,14.098734855651857,14.19812127125839,1563400
2010-08-31,14.036264419555664,14.132811698838468,14.002189227817855,14.056141705005288,2963200
2010-09-01,14.33726692199707,14.436653362459518,14.294672114238331,14.371342118265487,2076200
2010-09-02,14.351468086242676,14.362826848652885,14.288995976217738,14.294675357422841,916800
2010-09-03,14.550239562988281,14.555917859973858,14.459370562753817,14.538880802555097,1321600
2010-09-07,14.4849271774292,14.536040515954552,14.465049888361673,14.52468283879526,1751600
2010-09-08,14.561594009399414,14.734811276265095,14.553075482580043,14.638264000466064,2334000
2010-09-09,14.604190826416016,14.65814330910608,14.567275399717065,14.62974749363361,1435400
2010-09-10,14.703579902648926,14.766052007777326,14.689381992364595,14.754693246257414,1703400
2010-09-13,14.72061538696289,14.774567869594094,14.660983524597203,14.774567869594094,1972400
2010-09-14,14.902355194091797,14.942109779642394,14.777412056185465,14.814326409493182,1935600
2010-09-15,14.879636764526367,14.899514054646248,14.714937979840423,14.74617403095197,1883800
2010-09-16,14.890995979309082,14.922232033644757,14.825684721712296,14.885316598227034,1189200
2010-09-17,14.780252456665039,14.902356455898449,14.749016398735844,14.876799779704681,1599400
2010-09-20,14.848395347595215,14.868272630531967,14.71209351464433,14.717772893087785,1893400
2010-09-21,14.865434646606445,14.925067587660907,14.771727596202307,14.800123409480934,2174400
2010-09-22,14.87111759185791,14.961985516015767,14.839881539822814,14.873957823805338,1552600
2010-09-23,14.683701515197754,14.785928194781638,14.61555111762919,14.635428407189274,2239200
2010-09-24,14.961984634399414,14.98754130426486,14.871116715595836,14.896673385461282,1185200
2010-09-27,14.777411460876465,14.822845425851295,14.714939352824384,14.811486663799794,1294000
2010-09-28,14.771728515625,14.814322238194059,14.604190607099184,14.726294561612791,2458000
2010-09-29,14.544564247131348,14.604196131222688,14.501969425219636,14.567280691114627,1982400
2010-09-30,14.396899223327637,14.692220488568337,14.396899223327637,14.62406901073164,3023200
2010-10-01,14.479251861572266,14.558761034212367,14.422459131158808,14.524685829256786,2558200
2010-10-04,14.456533432006836,14.519005539877774,14.413938616052802,14.450854050997552,1662600
2010-10-05,14.666664123535156,14.7149372304447,14.567276594766248,14.584314735386036,1900600
2010-10-06,14.621230125427246,14.638267182769775,14.521842596928105,14.5246828286392,1526400
2010-10-07,14.737653732299805,14.837040170966056,14.706417684938717,14.825681411338214,1686800
2010-10-08,14.834202766418457,14.851239824631964,14.734815232838375,14.777410044834276,1275200
2010-10-11,14.86259937286377,14.936429156572204,14.828524171400732,14.910872484667145,1043000
2010-10-12,14.936429023742676,14.956306314688605,14.766051934711527,14.845561098495248,2289800
2010-10-13,15.018780708312988,15.06705491027499,14.976186971179633,15.015941559129942,1883400
2010-10-14,15.1238431930542,15.174956532820863,15.067051556185497,15.08976799428677,2171600
2010-10-15,15.103963851928711,15.180633851164599,14.990379510388458,15.166435943875928,1755600
2010-10-18,15.191996574401855,15.191996574401855,15.09261011421693,15.115326555160124,1316800
2010-10-19,14.695061683654785,14.882476919769253,14.615552517797479,14.791608992152005,2565200
2010-10-20,14.984703063964844,15.024457645447123,14.780249692648997,14.785929073322338,2072600
2010-10-21,14.797287940979004,14.862599194344991,14.669504582988552,14.842721903461044,2281000
2010-10-22,14.800125122070312,14.834201401824794,14.621229527898638,14.638266584544912,2592000
2010-10-25,14.780252456665039,14.859762717729707,14.740497867748356,14.780252456665037,3179600
2010-10-26,14.740494728088379,14.751853489139867,14.641108276965548,14.658145335311707,1236200
2010-10-27,14.462211608886719,14.686542265535262,14.411098267290061,14.64110830447502,2998200
2010-10-28,14.320229530334473,14.323068678825592,14.155530753843193,14.237880142088834,3881400
2010-10-29,14.328747749328613,14.33442712941911,14.212323165550945,14.237879834342676,3120600
2010-11-01,14.183926582336426,14.260596584571111,14.10441634859438,14.183926582336426,2766600
2010-11-02,14.269119262695312,14.323071761486531,14.22936467587744,14.297515086642006,1865800
2010-11-03,14.294669151306152,14.30034853004552,14.147008553774802,14.252074352376264,1881200
2010-11-04,14.212321281433105,14.394057087312389,14.147010043897167,14.348623135842569,3131400
2010-11-05,14.226523399353027,14.283316126309222,14.16121214248431,14.283316126309222,2136200
2010-11-08,14.11009693145752,14.161210270638758,14.095899022402959,14.138493832797666,1447200
2010-11-09,14.0731840133667,14.260599248315224,14.03342834745423,14.223683814440642,1616800
2010-11-10,14.078863143920898,14.081702292677177,13.919843732791438,14.044786859458869,1734200
2010-11-11,13.939722061157227,13.982316878289065,13.882929332725174,13.970958115956416,1497200
2010-11-12,13.925521850585938,13.999351627095583,13.880087891988227,13.925521850585938,1648000
2010-11-15,13.757983207702637,13.880087168172347,13.706869871541782,13.789219255715487,2626000
2010-11-16,13.681314468383789,13.851691549185079,13.618842366582154,13.831814259199296,3420000
2010-11-17,13.701191902160645,13.820455643326982,13.675635231449132,13.789220675329421,1686200
2010-11-18,13.976635932922363,13.987993610752717,13.83181443746682,13.8573711082395,2672000
2010-11-19,13.885766983032227,13.908483420242481,13.806256744718848,13.908483420242481,2327600
2010-11-22,13.911322593688965,13.93119988094751,13.735265073354832,13.894284454654105,1694400
2010-11-23,13.527974128723145,13.669955387140861,13.49673807855428,13.624521427776433,3731400
2010-11-24,13.718231201171875,13.718231201171873,13.593286985715316,13.60180659882537,2091400
2010-11-26,13.633038520812988,13.698350846049742,13.584765417985995,13.593283945959953,1107800
2010-11-29,13.516616821289062,13.545013725964271,13.37179639875454,13.44278703559583,3741600
2010-11-30,13.326361656188965,13.405870818173565,13.238332881683807,13.238332881683807,5274600
2010-12-01,13.513775825500488,13.525134585818162,13.434266669738781,13.474021247619634,2255600
2010-12-02,13.627362251281738,13.627362251281738,13.408710973836449,13.411550122506428,1963800
2010-12-03,13.695508003234863,13.709705908227972,13.584762827765612,13.590442206409,1669200
2010-12-06,13.547852516174316,13.598965860005453,13.49957940435109,13.559211277743708,2371800
2010-12-07,13.593281745910645,13.704026924571874,13.584763219315395,13.69834862899554,2911000
2010-12-08,13.667116165161133,13.692672834868247,13.581927627214425,13.638719263691543,2450800
2010-12-09,13.536491394042969,13.610322248137889,13.48821829063785,13.593284108754998,2110400
2010-12-10,13.570566177368164,13.601802221179199,13.499575562608838,13.556368271062462,1629600
2010-12-13,13.851690292358398,13.899964480251633,13.647238030593943,13.661435938833966,2742400
2010-12-14,13.959595680236816,13.976633819252303,13.823293817805654,13.851689632933887,1703000
2010-12-15,13.99367618560791,14.073186447956585,13.89144947918199,13.89144947918199,3187200
2010-12-16,13.979474067687988,14.064662603008124,13.94255863853123,14.027748257082363,2257800
2010-12-17,13.170178413391113,13.232649414271972,12.920291160175417,13.22413088761339,10425000
2010-12-20,13.048077583312988,13.099190921897476,12.97708695563798,13.079313632806954,3998600
2010-12-21,13.039557456970215,13.042397688574534,12.988445203633175,13.019680168663875,2208800
2010-12-22,13.00548267364502,13.005482673645018,12.945850806830915,12.968567244232524,1168000
2010-12-23,13.070795059204102,13.133267163154681,13.039559007228812,13.04807861982368,1939400
2010-12-27,13.070795059204102,13.08499405245185,13.03388070980703,13.067955910493211,1029200
2010-12-28,13.045238494873047,13.079314779069804,12.988446854340665,13.07079516640506,1023400
2010-12-29,13.113389015197754,13.150304445412578,13.036719006242825,13.039558154768105,2181600
2010-12-30,13.079313278198242,13.158822432404662,13.014002032495686,13.079313278198242,2015800
2010-12-31,13.116230010986328,13.161663976406851,13.065116664484341,13.065116664484341,748400
2011-01-03,13.16450309753418,13.283766840486,13.153144336329886,13.187219536711678,1428800
2011-01-04,13.295125007629395,13.329200206488618,13.246851899514747,13.289445627281017,1922400
2011-01-05,13.425747871398926,13.431427251901896,13.21561620894436,13.229814118586251,4217600
2011-01-06,13.414388656616211,13.437105092794196,13.34339803330972,13.405869045222389,2976800
2011-01-07,13.332039833068848,13.346237741679756,13.241171918081848,13.329199601408071,2918600
2011-01-10,13.170178413391113,13.215612360954808,13.136102140295277,13.192894845557582,2140400
2011-01-11,13.383153915405273,13.391672444399664,13.26956847373517,13.354757013372222,2036800
2011-01-12,13.516616821289062,13.545013725964271,13.39735307134665,13.448466416530872,1876000
2011-01-13,13.516616821289062,13.573409547408327,13.476862237974926,13.573409547408327,2209400
2011-01-14,13.493901252746582,13.525137308292187,13.456985815898939,13.462665197200979,1656000
2011-01-18,13.658598899841309,13.684155573939414,13.562051584718597,13.567730965988313,3039200
2011-01-19,13.562047958374023,13.704029202458985,13.505256327324778,13.672794238674271,1939600
2011-01-20,13.31500244140625,13.428587883141608,13.207096380080767,13.37179516227393,2592800
2011-01-21,13.658598899841309,13.672797894631202,13.451306358037211,13.488221794674745,4457600
2011-01-24,13.854532241821289,13.854532241821289,13.704031362769166,13.706871594707922,2694600
2011-01-25,13.672797203063965,13.695513643762611,13.58760757155834,13.6245230063287,2301000
2011-01-26,13.797736167907715,13.902801976274084,13.789217640622311,13.865887635883446,2614200
2011-01-27,13.766501426696777,14.095897872760156,13.6841520443732,14.078860816576613,5245800
2011-01-28,13.704031944274902,13.854532829713257,13.616004248597994,13.814778246732569,4180800
2011-01-31,13.885766983032227,13.908483420242481,13.735266118186436,13.766502167177658,4079000
2011-02-01,13.982315063476562,13.993672741103863,13.880088382213456,13.922682110585713,2414000
2011-02-02,14.076728820800781,14.12688752691389,14.038373421116667,14.097382074636203,2114400
2011-02-03,14.144586563110352,14.241952845944105,14.091477886204244,14.194745258196196,4370200
2011-02-04,14.032471656799316,14.032471656799318,13.92625428473621,13.997065115766372,2330200
2011-02-07,14.1622953414917,14.16819643294616,14.032474706047878,14.041325780470515,2223200
2011-02-08,14.32457447052002,14.407188642973932,14.200654900116675,14.233110347275176,8266000
2011-02-09,14.398331642150879,14.469143605578399,14.362926223196105,14.377678387300762,3182800
2011-02-10,14.410135269165039,14.472095039930752,14.280314636296195,14.3009678932181,2583800
2011-02-11,14.300965309143066,14.359973960818618,14.250806604597386,14.28326203832967,1712400
2011-02-14,14.27146053314209,14.298014877859845,14.197698589539199,14.262609460075481,1306400
2011-02-15,14.410135269165039,14.421937451839867,14.3009678932181,14.321621150140006,1558800
2011-02-16,14.507497787475586,14.528152166107226,14.38652825115876,14.401281539541058,2469200
2011-02-17,14.52225112915039,14.52815221942139,14.398330484495201,14.418983737684751,1484400
2011-02-18,14.569459915161133,14.584212079283962,14.472093606018108,14.534053370644772,1475800
2011-02-22,14.274412155151367,14.451440375965339,14.2596599910032,14.345222993269765,2189800
2011-02-23,14.230154991149902,14.365876706471514,14.218352809247671,14.292114757859594,2049200
2011-02-24,14.13573932647705,14.14459039985638,14.005918706335637,14.070828453647355,2956400
2011-02-25,14.1888427734375,14.200644950593047,14.011814618174572,14.076724341494947,1947000
2011-02-28,14.507497787475586,14.510448895359197,14.359973907795657,14.368826105928612,2114400
2011-03-01,14.289164543151855,14.457341693215163,14.27146127058593,14.389480836656109,2751200
2011-03-02,14.312769889831543,14.312769889831543,14.20655361534057,14.20655361534057,1986000
2011-03-03,14.309822082519531,14.345227512733208,14.230159020400006,14.26851555968385,1471600
2011-03-04,14.404231071472168,14.469141936667231,14.286211521211662,14.42488432394008,1505400
2011-03-07,14.247857093811035,14.418984215266468,14.22130274947096,14.416034232792203,1762200
2011-03-08,14.153443336486816,14.200650939500521,14.097383534114394,14.141641154353882,1858800
2011-03-09,14.236059188842773,14.277365708996909,14.19475266868864,14.25966355779843,2595600
2011-03-10,14.123932838439941,14.20359585111785,14.103279589840222,14.144586087039663,2364200
2011-03-11,14.076728820800781,14.132788617369428,13.941007116877177,13.967561461168136,2020600
2011-03-14,13.958711624145508,13.982314862539564,13.87019638499324,13.982314862539564,3578000
2011-03-15,13.669564247131348,13.728572902973756,13.436476229792762,13.451228393753365,4738600
2011-03-16,13.395169258117676,13.545643126150456,13.271248608986626,13.489584454828034,8923600
2011-03-17,13.569250106811523,13.61645771427728,13.463032708634032,13.471883783309442,4429800
2011-03-18,13.569250106811523,13.643012063821653,13.55154683194256,13.604655531031305,4027800
2011-03-21,13.781682968139648,13.808237316124272,13.693168850030265,13.743327563120364,1700800
2011-03-22,13.784634590148926,13.867247620060082,13.758080241174895,13.855445437067596,1802800
2011-03-23,13.637110710144043,13.648911767645101,13.53974438851298,13.60760525259609,3259200
2011-03-24,13.622355461120605,13.657762005090339,13.530891369660365,13.557445714878684,1561600
2011-03-25,13.613504409790039,13.681365264230935,13.542693572772565,13.578098991281303,1552800
2011-03-28,13.52499008178711,13.699068314453816,13.513187900635955,13.6636628965183,3828800
2011-03-29,13.551546096801758,13.598753701706608,13.457130886992054,13.46303197829492,3632000
2011-03-30,13.743324279785156,13.787580765507759,13.645957985263378,13.660710147170912,2365200
2011-03-31,13.607605934143066,13.781684203081399,13.592853767389277,13.755129852717308,2245800
2011-04-01,13.749225616455078,13.784632159188485,13.616455020517526,13.663662618644148,1850600
2011-04-04,13.837739944458008,13.873145359362265,13.80528451183,13.861343179221564,1486600
2011-04-05,14.002968788146973,14.011820987796526,13.893801413625779,13.896751396496915,1787000
2011-04-06,14.126886367797852,14.171142854306243,14.097380917941097,14.109183097883799,2329200
2011-04-07,14.147541999816895,14.250808277892267,14.120987653237798,14.188848511047045,2786800
2011-04-08,14.239006042480469,14.324570172860396,14.206551730577267,14.321620190148472,1830200
2011-04-11,14.35997486114502,14.445538987164214,14.333421641536946,14.354074896021862,2416600
2011-04-12,14.35997486114502,14.460291151008018,14.336371624098526,14.45734116844644,3876200
2011-04-13,14.472092628479004,14.528152424084277,14.433736103936118,14.472092628479004,4249600
2011-04-14,14.457341194152832,14.495697720629286,14.39833141315474,14.424885758327983,2369600
2011-04-15,14.55765438079834,14.604861970429525,14.516347880560767,14.563555470191952,1682200
2011-04-18,14.283263206481934,14.365876225998493,14.162293659824982,14.359975135244742,1849800
2011-04-19,14.404231071472168,14.416033251601789,14.303914791406092,14.342271314068434,1356600
2011-04-20,14.678628921508789,14.74353980152849,14.637322407139198,14.72878651023812,2946400
2011-04-21,14.731739044189453,14.84975863282372,14.69633361780646,14.811402097689852,3026800
2011-04-25,14.7169828414917,14.728783896704625,14.663874153720869,14.7169828414917,1422200
2011-04-26,14.93826961517334,14.941219597784661,14.77599355911921,14.808447869915657,2600000
2011-04-27,15.230365753173828,15.262821188342228,15.047436448745861,15.088742956953666,4931600
2011-04-28,14.72288703918457,14.764193554942485,14.575363125467362,14.72288703918457,5489800
2011-04-29,14.702230453491211,14.725833689073996,14.622567423053276,14.649121766532588,4059000
2011-05-02,14.84680461883545,14.970725275204334,14.725835070639963,14.767141580923594,3055600
2011-05-03,14.867454528808594,14.982522960284946,14.855652349806471,14.867454528808594,2235400
2011-05-04,15.00908088684082,15.11824938042068,14.950071103247005,15.091695034079365,2968400
2011-05-05,14.885160446166992,15.029733225358038,14.829100648689781,14.923516971990672,2317200
2011-05-06,14.914665222167969,15.059239131226995,14.864507639250698,14.994328258728906,2378400
2011-05-09,15.017930030822754,15.04448437176204,14.891059415837036,14.911712667065615,1963200
2011-05-10,15.159558296203613,15.18611264675753,15.073994152694528,15.112350686943115,1958200
2011-05-11,15.310026168823242,15.318877240348973,15.177254468348568,15.230363148538439,4342400
2011-05-12,15.377888679504395,15.4044430224821,15.218563747156017,15.259870252784035,4507400
2011-05-13,15.28347396850586,15.38379025340741,15.203810937067756,15.366088107877543,1859600
2011-05-16,15.221513748168945,15.336582192707677,15.18905831498769,15.197909387485172,1788200
2011-05-17,15.192008018493652,15.218562359049299,15.088740638324905,15.171353642045693,2599200
2011-05-18,15.251014709472656,15.304123383778693,15.135946290315447,15.15659953859917,1988800
2011-05-19,15.3395357131958,15.348386787085404,15.209713960052062,15.239219415547478,1971000
2011-05-20,15.212660789489746,15.304124862004292,15.183155342293341,15.280521629764893,1457000
2011-05-23,14.89991569519043,14.976627637205,14.855658069650914,14.964826579176878,2338000
2011-05-24,14.973673820495605,15.006129254179541,14.894010790230823,14.929416206286987,1858800
2011-05-25,15.16250228881836,15.17430446785011,15.0149784274747,15.0149784274747,2004200
2011-05-26,15.24512004852295,15.268724413952622,15.150704837840438,15.200863551619449,1690200
2011-05-27,15.318883895874023,15.354290448395352,15.292330669760371,15.333637188850359,1831400
2011-05-31,15.460503578186035,15.501810085849675,15.380840545327047,15.463453560654328,2521800
2011-06-01,15.233316421508789,15.478205481180055,15.221514240784945,15.466403300456212,2065800
2011-06-02,15.118247985839844,15.224464235889197,15.041534936588866,15.200860999939753,2146800
2011-06-03,15.118247985839844,15.153653402522961,15.017931700639421,15.032683863797562,1615400
2011-06-06,15.174310684204102,15.265775920893482,15.159558517129867,15.24512153636771,2039200
2011-06-07,15.377888679504395,15.481156069092306,15.36903760701778,15.383789769668091,2290600
2011-06-08,15.242167472839355,15.430997862083444,15.221514219360651,15.395592445479654,2995600
2011-06-09,15.324779510498047,15.392640356964737,15.289374096149736,15.330680600475736,1595600
2011-06-10,14.835000991821289,15.076940064640425,14.814347738691694,15.07104009990444,3092400
2011-06-13,14.902863502502441,14.96482439431512,14.873359173462504,14.902863502502441,1797800
2011-06-14,15.156600952148438,15.224461792197804,15.121195541148271,15.13594770193853,1860600
2011-06-15,14.743539810180664,14.92056805058797,14.71698546156776,14.870410461829206,2403800
2011-06-16,14.43668270111084,14.522246796234239,14.371771853014808,14.418979435579864,3079000
2011-06-17,14.537003517150879,14.59896327767888,14.504548082916813,14.578310024169546,2133600
2011-06-20,14.537003517150879,14.569458951384947,14.483894829407479,14.522251354003913,1891200
2011-06-21,14.507497787475586,14.56060647420179,14.483894551996094,14.49274562461117,3601800
2011-06-22,14.513399124145508,14.640269752865793,14.46029043651758,14.469142634800834,2540000
2011-06-23,14.424886703491211,14.439638868327853,14.236056292338928,14.330471497915068,3890000
2011-06-24,14.457341194152832,14.534053121587782,14.365875977329889,14.49864770319611,2448200
2011-06-27,14.327520370483398,14.386529025115575,14.2124507927076,14.2124507927076,2022400
2011-06-28,14.43668270111084,14.457335948138205,14.312762093429102,14.330465358960078,2533000
2011-06-29,14.604864120483398,14.693378223382751,14.56060650627478,14.628468481532764,4037600
2011-06-30,14.773041725158691,14.799596069427821,14.587161315274788,14.593062405725474,4780200
2011-07-01,14.885160446166992,14.905813700337141,14.711082214220061,14.725834377839035,1688000
2011-07-05,15.07104206085205,15.100546390442418,14.98842791206657,15.023833332678615,3767600
2011-07-06,14.85860538482666,14.908762963815695,14.811397788211972,14.858605384826662,3132600
2011-07-07,14.917614936828613,15.003177930607823,14.888109485941069,14.926466009335943,1756200
2011-07-08,14.864508628845215,14.947121653511436,14.802547734827499,14.849756463800253,1679800
2011-07-11,14.649123191833496,14.669776447047118,14.545855790247387,14.637321010134855,2573400
2011-07-12,14.55765438079834,14.666821720785881,14.486842433592704,14.48979354104837,2339600
2011-07-13,14.649123191833496,14.714032940140026,14.49864818897082,14.507499262485803,2941000
2011-07-14,14.637325286865234,14.76124485435376,14.601919856942558,14.675681825833822,1961200
2011-07-15,14.693379402160645,14.734685911792969,14.59896420142448,14.613716365504885,3553600
2011-07-18,14.377678871154785,14.477995166167581,14.253759337883812,14.457341910622418,3713000
2011-07-19,14.377678871154785,14.469144092510515,14.327521286407396,14.42783758142019,4525400
2011-07-20,14.590112686157227,14.699280047667205,14.26555945862889,14.271460549185907,4550200
2011-07-21,14.89400863647461,15.000225994801369,14.849752154183609,14.985473834037702,8639400
2011-07-22,14.655021667480469,14.752387968319963,14.596013016021493,14.731734715205747,3845400
2011-07-25,14.640267372131348,14.740583640724687,14.601911979373392,14.631416300805315,2791200
2011-07-26,14.719930648803711,14.8113958476753,14.68157412985527,14.734682809778421,2381000
2011-07-27,14.401284217834473,14.705183106327308,14.401284217834473,14.696332032066147,2945200
2011-07-28,14.52225112915039,14.572408708177049,14.410132665037196,14.451439171416299,4578400
2011-07-29,14.312769889831543,14.542907965024058,14.274414481897926,14.312769889831543,3736600
2011-08-01,14.239006042480469,14.492747325390313,14.132789782081057,14.492747325390313,3014200
2011-08-02,13.914450645446777,14.088528847960614,13.90559957387552,14.020668006372881,4092200
2011-08-03,13.867244720458984,13.905601244405261,13.687265406770166,13.861343630196643,3944200
2011-08-04,13.2572660446167,13.638878337294937,13.242242173270672,13.590801261238903,8079600
2011-08-05,13.278303146362305,13.458593088137185,13.043927482927987,13.37445732347629,6929200
2011-08-08,12.485029220581055,13.161113847828203,12.485029220581055,12.995848945972961,6217000
2011-08-09,12.836593627929688,12.839597944100467,12.403898739461367,12.674333044754066,6806000
2011-08-10,12.304737091064453,12.833584862095025,12.286707759936407,12.80654143852684,8302800
2011-08-11,13.236236572265625,13.308352782230383,12.551137735717628,12.602219143662785,9316400
2011-08-12,13.542724609375,13.632868986522626,13.35041629912728,13.45859001020361,4772600
2011-08-15,13.822173118591309,13.963400036819738,13.79512969055284,13.804143784483012,7138000
2011-08-16,13.939361572265625,14.023496176183793,13.834193317367914,13.8642410626964,4470400
2011-08-17,14.11364459991455,14.308957277111842,14.005470860544607,14.179749882447547,3351600
2011-08-18,13.587798118591309,13.825178057348078,13.506667830820765,13.825178057348078,6076600
2011-08-19,13.506664276123047,13.73202574520325,13.455581747082727,13.464596985294374,4433200
2011-08-22,13.894291877746582,14.116647974954745,13.813161578630684,14.113643658505195,4291400
2011-08-23,14.128664016723633,14.167726998334304,13.9513795878726,14.017485995790983,5856600
2011-08-24,14.16171932220459,14.254868024005562,14.04453150623043,14.080589031242159,3757800
2011-08-25,13.759069442749023,13.981425454793529,13.65690552887114,13.900295186751,3353800
2011-08-26,13.810155868530273,13.900300261628098,13.446572833495102,13.596813870740856,2944200
2011-08-29,14.092606544494629,14.257871418598944,13.954383950541162,13.954383950541162,2946800
2011-08-30,14.056547164916992,14.104624237602236,13.813157485931374,13.921331186035129,3705000
2011-08-31,14.248857498168945,14.33900302534259,14.146694707035067,14.188762008383838,3881400
2011-09-01,14.02950668334961,14.308955085164662,14.00546871508762,14.191767267548299,3145000
2011-09-02,13.545734405517578,13.726023217497202,13.545734405517578,13.632873348433685,3907800
2011-09-06,13.4135160446167,13.446569247395427,13.209188196755333,13.269284824875943,3263000
2011-09-07,13.77409839630127,13.783112491773098,13.599818242191558,13.629867137511244,2065800
2011-09-08,13.61784839630127,13.786118781441376,13.5757810865783,13.626862492313844,2268800
2011-09-09,13.317360877990723,13.491640971565557,13.230220831203303,13.491640971565557,2840000
2011-09-12,13.173134803771973,13.173134803771973,12.929743899473056,12.941763458110875,3712600
2011-09-13,13.158103942871094,13.206181005649723,13.025891160544168,13.076973684510733,2928800
2011-09-14,13.275293350219727,13.38647135669572,13.07096552163006,13.248249927428514,2878000
2011-09-15,13.377459526062012,13.443565936560196,13.302339021858776,13.404502953425093,2602800
2011-09-16,13.494646072387695,13.575776346920826,13.416521259641618,13.46159287021703,2554600
2011-09-19,13.296330451965332,13.338397754741358,13.107026443225191,13.149093746001215,2365400
2011-09-20,13.467604637145996,13.572772890273217,13.332387492948145,13.410513463483788,2011200
2011-09-21,13.179142951965332,13.47962500323222,13.179142951965334,13.398494711840394,2535000
2011-09-22,12.812553405761719,12.923731434436814,12.722409027207643,12.800533849621718,3569200
2011-09-23,12.893684387207031,12.923732132933077,12.728419493217734,12.740439050007362,2459800
2011-09-26,13.088998794555664,13.110032446812049,12.863637252167468,13.022892375322407,2732400
2011-09-27,13.461596488952637,13.62085276529081,13.416524866261105,13.482630142124977,3624600
2011-09-28,13.287317276000977,13.599817752332502,13.27529771830604,13.557750446648342,2634000
2011-09-29,13.5547456741333,13.596812978401593,13.344408006543773,13.557749990331862,3048200
2011-09-30,13.329381942749023,13.596810744151457,13.27829940578287,13.359429684789431,4652800
2011-10-03,13.179142951965332,13.416524047565709,13.170128857226706,13.266283021932265,4208400
2011-10-04,13.218206405639648,13.23924005827011,12.899695007417067,13.110032679969786,4200000
2011-10-05,13.44657039642334,13.476618139927345,13.1641177102427,13.251256624903489,4255200
2011-10-06,13.795132637023926,13.80114241634364,13.317366070464578,13.362438842238332,3501600
2011-10-07,13.750051498413086,13.942360880880038,13.73502763237985,13.882264270499585,3014200
2011-10-10,14.188760757446289,14.194770535144551,14.068567495976806,14.095610922495045,2689400
2011-10-11,14.071576118469238,14.104628183861443,13.981430578996214,14.020493569684648,2086800
2011-10-12,14.206788063049316,14.314961762412283,14.155706675154484,14.173734860883098,2731000
2011-10-13,14.101624488830566,14.185759106714642,13.9784268785368,14.00547031232071,3718400
2011-10-14,14.308951377868652,14.314961154939098,14.212797237237064,14.248854753411967,1746200
2011-10-17,14.02950668334961,14.119652216514261,13.999458936460107,14.086599007186965,2717000
2011-10-18,14.14369010925293,14.227824717092743,13.831188499779254,13.909314475271705,1989600
2011-10-19,14.062561988830566,14.206793258645703,14.03251423746217,14.176745507277307,2158800
2011-10-20,14.137680053710938,14.21580602767296,14.014482460538249,14.191766913762171,2014600
2011-10-21,14.591409683227539,14.633476989487662,14.465206618199048,14.483235954988299,2733200
2011-10-24,14.60343074798584,14.651507841910343,14.332997524503634,14.33900730452524,2259600
2011-10-25,14.372055053710938,14.543329707296529,14.33299207155608,14.474217836465664,2509000
2011-10-26,14.666525840759277,14.711597449962388,14.405105693140532,14.627462862451686,2506000
2011-10-27,14.991049766540527,15.009079102761625,14.720616600712589,14.861842389242879,3639600
2011-10-28,14.8047513961792,14.86184257555626,14.711601543907898,14.8047513961792,2989800
2011-10-31,14.396096229553223,14.678548968623339,14.396096229553223,14.627467565851914,3204000
2011-11-01,14.137680053710938,14.290926539272112,13.996454271353198,14.020492239015946,3264000
2011-11-02,14.197775840759277,14.245852919449497,14.092607589326917,14.092607589326917,3524000
2011-11-03,14.387079238891602,14.420132444032575,14.137678615553668,14.269891436117556,2338200
2011-11-04,14.354024887084961,14.417125830268974,14.230827316286152,14.402101959927233,2983200
2011-11-07,14.22481918334961,14.366046102633641,14.098616136144143,14.236838739511647,4250000
2011-11-08,14.02950668334961,14.053545797859668,13.768087617417102,13.870251561588713,5944800
2011-11-09,13.518689155578613,13.680948606094026,13.446572952712087,13.593809674867508,3832800
2011-11-10,13.659914016723633,13.741044309548199,13.54272619805973,13.717006341071336,1782800
2011-11-11,13.99044418334961,14.062559230990413,13.861236814557818,13.861236814557818,2094800
2011-11-14,13.804145812988281,13.93936297305064,13.753064411547017,13.93936297305064,1973800
2011-11-15,13.849220275878906,13.95739401716126,13.783113845928966,13.906311463223142,1931200
2011-11-16,13.590803146362305,13.753063730400875,13.575779272932378,13.67193343838159,2434200
2011-11-17,13.536717414855957,13.69296823331439,13.443568704066928,13.650900925700228,2180600
2011-11-18,13.530704498291016,13.641883666918027,13.521690404820463,13.638878204929243,1880800
2011-11-21,13.281303405761719,13.320366383112598,13.191159043315487,13.281303405761719,3158400
2011-11-22,13.143084526062012,13.200175699240937,13.076978112514215,13.122049729366637,3715200
2011-11-23,12.875652313232422,13.01387489441566,12.851614351014323,12.977816231716842,2969400
2011-11-25,12.779500961303711,12.935751761694142,12.734429342463875,12.749453215410487,1703600
2011-11-28,13.152098655700684,13.194165956709075,13.070968369649652,13.167122528025397,1774400
2011-11-29,13.38347053527832,13.404504186690568,13.212195861636854,13.245249069926967,3685200
2011-11-30,13.816160202026367,13.909310021053715,13.720006067787418,13.879261137699233,5399000
2011-12-01,13.671931266784668,13.828182047383383,13.668926951075104,13.804142936715325,2408000
2011-12-02,13.581787109375,13.692965132355816,13.36243537917051,13.692965132355816,3272000
2011-12-05,13.65390396118164,13.762077682754285,13.575779132405872,13.750058125635533,1641400
2011-12-06,13.77409839630127,13.843209136164315,13.726021310037927,13.7380408681658,1475800
2011-12-07,13.729025840759277,13.798136581701158,13.61484347550652,13.717007428691947,9825800
2011-12-08,13.701981544494629,13.843208480184527,13.671933796846952,13.825179143847063,3164600
2011-12-09,13.879264831542969,13.915323501165043,13.771092261420751,13.777100893443096,1816400
2011-12-12,13.692962646484375,13.84320362452019,13.629861710808779,13.84320362452019,2695800
2011-12-13,13.695966720581055,13.876255417462218,13.650893973236972,13.750052412647339,4016800
2011-12-14,13.566763877868652,13.635874606021112,13.476618353432615,13.599815937747513,3100800
2011-12-15,13.671931266784668,13.789119065671732,13.575777116608212,13.593806449609254,3696200
2011-12-16,13.59681224822998,13.698976187215772,13.515681960248791,13.668928441851484,3359400
2011-12-19,13.650901794433594,13.783113504813127,13.635877918793595,13.701983200859242,2030000
2011-12-20,13.674933433532715,13.720006185828375,13.560751114546399,13.560751114546399,5672800
2011-12-21,13.650901794433594,13.659915890567948,13.524698717311471,13.614844263647948,2658800
2011-12-22,13.78010368347168,13.786113460576612,13.611833363276899,13.63587247169663,1979200
2011-12-23,13.909313201904297,13.912317517802938,13.78311015545013,13.822173139620224,1711000
2011-12-27,13.92434024810791,13.936359806938393,13.84921972478973,13.85222404137324,1459000
2011-12-28,13.717002868652344,13.870248174361985,13.707987629788631,13.86123408174606,1928800
2011-12-29,13.783108711242676,13.80113804348927,13.683950249505997,13.753060970412855,1160200
2011-12-30,13.909313201904297,13.963400058063517,13.75907218951712,13.774096061506246,2138200
2012-01-03,14.339004516601562,14.360038169463452,14.09861794746892,14.137680936890192,3493400
2012-01-04,14.263884544372559,14.290927977119084,14.134677159722287,14.260879081707303,3253000
2012-01-05,14.077582359313965,14.101621471421735,13.915322937578331,13.966404331435411,2606000
2012-01-06,14.11364459991455,14.161721690051387,13.942369894661555,14.011480640092742,2009600
2012-01-09,13.993448257446289,14.050539431362132,13.927341843045209,14.035515558884068,2971400
2012-01-10,14.050537109375,14.107629420103784,13.999455722141674,14.0264991466322,2406400
2012-01-11,14.062561988830566,14.110639078768944,13.945374153746283,13.987441464161334,2601600
2012-01-12,14.20378303527832,14.227820997127056,14.035512717346112,14.107628895387847,2391600
2012-01-13,14.032509803771973,14.068567323271017,13.897292672840702,13.972413173774976,2322800
2012-01-17,14.278909683227539,14.369054084948075,14.176745722278064,14.185759818575638,2778600
2012-01-18,14.483234405517578,14.492248499823779,14.302944495657556,14.308954273944357,3088400
2012-01-19,14.278909683227539,14.326986773895042,14.050542642870706,14.104629513152679,3821800
2012-01-20,14.23984432220459,14.24885841700403,14.128666283435257,14.17674336611238,1727400
2012-01-23,14.339004516601562,14.405109791489737,14.278907874318403,14.293931748327164,1669600
2012-01-24,14.320975303649902,14.3329948614599,14.254868881943034,14.27890799756303,2100200
2012-01-25,14.351015090942383,14.38106396879827,14.16772209413517,14.227817557351967,2013000
2012-01-26,14.393085479736328,14.46219618884391,14.266882468052488,14.320969309310184,1937000
2012-01-27,14.320975303649902,14.453187000815516,14.29092755537303,14.390086041685208,1702400
2012-01-30,14.381071090698242,14.441167729924027,14.308954894377688,14.326984230019841,3647000
2012-01-31,14.468210220336914,14.561358916149832,14.438161329552118,14.555349137992872,2365200
2012-02-01,14.597417831420898,14.723619736102739,14.552345067607098,14.561359161870659,3228200
2012-02-02,14.18575668334961,14.230829447372374,14.113641636410794,14.179746905063375,6830200
2012-02-03,14.272897720336914,14.345013918430931,14.173738091238652,14.209796763409702,3138400
2012-02-06,14.245850563049316,14.311956965156723,14.188759399750598,14.215802823681102,3142000
2012-02-07,14.302947044372559,14.342010037073598,14.15871577853204,14.203788550590794,2385000
2012-02-08,14.366048812866211,14.399100879175318,14.248859837549958,14.26388485871104,1999400
2012-02-09,14.269892692565918,14.366046854397965,14.21881014932813,14.354027297606951,4804800
2012-02-10,14.170730590820312,14.179744683713547,14.083590538692965,14.110633963620492,2535200
2012-02-13,14.314963340759277,14.351020862439976,14.24585261326796,14.275900356960552,2353400
2012-02-14,14.29994010925293,14.320973760029203,14.224819600409669,14.2338336946715,3305400
2012-02-15,14.168346405029297,14.31874002743252,14.149546754020543,14.31247347709627,4319600
2012-02-16,14.12761116027832,14.20280855171143,14.105678836781578,14.11821193455743,4121200
2012-02-17,14.155808448791504,14.199673090877042,14.108809935001654,14.140142675935506,2367000
2012-02-21,14.058682441711426,14.152678298787164,14.04301666473583,14.093147868191036,3544800
2012-02-22,13.98662281036377,14.052419809136174,13.949024696097041,13.952157374276558,3037800
2012-02-23,14.177746772766113,14.193412552255083,14.049285468600774,14.108815908747808,3237600
2012-02-24,14.237277030944824,14.278009013273438,14.205945472367336,14.234144353176015,2202000
2012-02-27,14.137007713317871,14.16520658037138,14.04301188821342,14.04301188821342,2167200
2012-02-28,14.124483108520508,14.143281566117867,14.024219488704286,14.05555224340385,3774400
2012-02-29,14.064950942993164,14.146414906924477,14.01168705484159,14.068084815956395,3499200
2012-03-01,14.174610137939453,14.215340914195805,14.093146194982692,14.09941274407337,2753600
2012-03-02,14.064950942993164,14.124482577071202,14.02735283399074,14.049285163844015,2745600
2012-03-05,14.205942153930664,14.28427222729922,14.15267708252457,14.212208703226796,2368400
2012-03-06,13.842491149902344,14.014817078351278,13.839357277532628,14.002283979316637,3143400
2012-03-07,13.983489036560059,14.008554045699835,13.902025067605363,13.942757052082712,1442400
2012-03-08,14.046150207519531,14.108813313950842,14.005418232161466,14.071215211047628,1651200
2012-03-09,14.083745956420898,14.1589421496588,14.061813633791349,14.083745956420898,1415600
2012-03-12,14.171476364135742,14.234140660255376,14.090013615835645,14.149544039777176,2804800
2012-03-13,14.271740913391113,14.281141336121872,14.146413497462442,14.146413497462442,3009000
2012-03-14,14.080615043640137,14.199677102380893,14.061816588990991,14.162078997860409,2506600
2012-03-15,14.017952919006348,14.05868370375485,13.955288610256446,14.014819046196601,2341400
2012-03-16,14.13387680053711,14.143276025653751,14.0492801888216,14.064945962423305,2181600
2012-03-19,14.218476295471191,14.271740175562211,14.118213889822792,14.124480439578587,1743800
2012-03-20,14.312474250793457,14.32500735214347,14.130747866885297,14.146414841183976,3576600
2012-03-21,14.23100757598877,14.32813730011297,14.184010247713525,14.249807224432129,4771600
2012-03-22,14.193411827087402,14.212211478647076,14.111949060773421,14.118215611293312,4767400
2012-03-23,14.155808448791504,14.184007318021042,14.061812616433658,14.143275352417962,3159400
2012-03-26,14.303075790405273,14.315607697205863,14.177747160620227,14.184013711631717,2519800
2012-03-27,14.184005737304688,14.20593805590324,14.13387455261918,14.174606513682944,5475600
2012-03-28,13.996016502380371,14.152676644266279,13.914553754497392,14.108811995773749,6538200
2012-03-29,13.94275188446045,13.986616530614247,13.826823720307985,13.886354140770717,6827000
2012-03-30,13.939623832702637,14.01795392545834,13.927090731008358,13.986621171222641,3713400
2012-04-02,14.187142372131348,14.249806669279126,13.980351028199117,13.98975144966562,3055600
2012-04-03,14.121346473693848,14.259206981743077,14.055549494526408,14.252941627250875,2671400
2012-04-04,13.902023315429688,14.030484608538933,13.826827102265488,14.0273519309997,2840400
2012-04-05,13.848755836486816,13.873820835962249,13.78922422169151,13.78922422169151,2130600
2012-04-09,13.801759719848633,13.870690572034967,13.770428166248749,13.826825918906266,2244200
2012-04-10,13.77043342590332,14.002289879633844,13.726568756020388,13.942759426967383,4208200
2012-04-11,13.917689323425293,14.0054198338621,13.89889086743491,13.90515741783913,7022600
2012-04-12,14.108817100524902,14.127616754633099,13.923958018406262,13.936491121145059,4194200
2012-04-13,13.855024337768555,13.983485615641985,13.833092011928368,13.958419417411992,2217400
2012-04-16,14.011685371398926,14.011685371398926,13.880090212867517,13.936487967206379,2104200
2012-04-17,14.184005737304688,14.224737698368452,14.064943725468458,14.086876044067012,2209000
2012-04-18,14.218476295471191,14.256074398783802,14.1840108694254,14.227875522493806,1943000
2012-04-19,14.221609115600586,14.262341091811342,14.140146358401237,14.21534256578184,2207000
2012-04-20,14.48166561126709,14.522396392415121,14.39080243137286,14.40333553105941,4880800
2012-04-23,14.268606185913086,14.303071608788855,14.146411464969576,14.299937736588124,3056600
2012-04-24,14.356332778930664,14.409597839308367,14.274870045391717,14.296802365776118,2126600
2012-04-25,14.384538650512695,14.397071752611831,14.227878459940689,14.24354423995341,3224800
2012-04-26,13.585572242736816,13.651369237498177,13.472776711590239,13.566772589138244,16581600
2012-04-27,13.645097732543945,13.688962379793441,13.53856879127146,13.604365762145703,4449400
2012-04-30,13.75476360321045,13.795494387440074,13.688965422489012,13.701498523123787,3620800
2012-05-01,13.876954078674316,13.920818722183789,13.798624016629718,13.820556338384455,3451200
2012-05-02,13.81429386138916,13.823693089133679,13.698365670058541,13.732831098751435,3174400
2012-05-03,13.911422729492188,13.936487733654863,13.789226800324318,13.845624553718052,3232000
2012-05-04,13.75476360321045,13.952154559707973,13.735963952258286,13.930222231208248,2232200
2012-05-07,13.773561477661133,13.795493805235258,13.67956561731171,13.704631817523401,2811000
2012-05-08,13.78296184539795,13.833093050399246,13.657633235283605,13.823692627746237,2501800
2012-05-09,13.61063289642334,13.685830291529347,13.460239301433376,13.519770921165394,2981200
2012-05-10,13.579301834106445,13.670165007854676,13.557369508749574,13.65449923191721,2156800
2012-05-11,13.613767623901367,13.67643192455618,13.519771770530209,13.522904447712994,1824400
2012-05-14,13.42890739440918,13.510370141325893,13.3787761974092,13.41637429635368,1900400
2012-05-15,13.281649589538574,13.381912007009909,13.256584582781889,13.309848469153781,2115200
2012-05-16,13.237778663635254,13.278510624954677,13.171981707426612,13.212712473524306,4825000
2012-05-17,13.049790382385254,13.178251651761524,13.049790382385256,13.118720032514107,5896400
2012-05-18,12.990262031555176,13.062325571998105,12.927597719580614,13.043527115061373,2610200
2012-05-21,13.225252151489258,13.234652575070816,13.071725843917577,13.08112507227681,2803800
2012-05-22,13.040390014648438,13.150052832268418,12.999659237884657,13.059189662154674,2796800
2012-05-23,12.8649320602417,12.952661362534126,12.770935013245982,12.949528685404584,2600000
2012-05-24,12.902530670166016,12.980860748933306,12.836733690854807,12.902530670166016,1965000
2012-05-25,12.918196678161621,12.958928654512077,12.852399697672388,12.852399697672388,1541000
2012-05-29,12.880596160888672,12.95579235443757,12.836731515448157,12.943260452327385,1782200
2012-05-30,12.655006408691406,12.745869580268117,12.645607182397974,12.720803383189551,2871200
2012-05-31,12.661271095275879,12.736468480226721,12.576674485414388,12.711402286835812,2397800
2012-06-01,12.557877540588379,12.58920909086005,12.448214724193468,12.532811344193417,2842600
2012-06-04,12.551612854003906,12.579811731521609,12.48268199891125,12.532813203918034,1557800
2012-06-05,12.542213439941406,12.564145769194193,12.445084894742589,12.467017223995374,2117600
2012-06-06,12.814805030822754,12.81793770897198,12.629945944233588,12.642477852052988,1962400
2012-06-07,12.843002319335938,12.993395951485013,12.83360189561126,12.993395951485013,2358800
2012-06-08,12.936994552612305,12.946393778471919,12.80226673758848,12.811665963448094,2267200
2012-06-11,12.858665466308594,13.10618879146038,12.85239891684907,13.10618879146038,2544600
2012-06-12,13.052925109863281,13.059191659990704,12.861799514254706,12.936996920561542,1892000
2012-06-13,13.084256172180176,13.150054348427298,12.974594537138605,13.062323845171862,3040400
2012-06-14,13.178251266479492,13.218982041885079,13.115586972103662,13.156318942731252,1950000
2012-06-15,13.093657493591309,13.14692137849064,13.059192064434207,13.103056721462425,2286000
2012-06-18,13.209582328796387,13.209582328796387,13.027857196553953,13.040389098789253,1810400
2012-06-19,13.613767623901367,13.62943340025954,13.432041271524621,13.457107469875396,4487000
2012-06-20,13.623167037963867,13.701497116053739,13.54170428264814,13.61690048829002,3396600
2012-06-21,13.475908279418945,13.673300442664075,13.463376373274718,13.62630310537298,3142600
2012-06-22,13.57303524017334,13.601234114857135,13.500971714919658,13.582434466660576,1620400
2012-06-25,13.381911277770996,13.479041012313083,13.372512050152231,13.479041012313083,1772200
2012-06-26,13.598100662231445,13.61689911413379,13.450839747812312,13.482171297797565,3512800
2012-06-27,13.707765579223633,13.71403212977224,13.563638502272578,13.657634370057078,2477400
2012-06-28,13.908289909362793,13.908289909362793,13.62943499382808,13.720298180640276,5115600
2012-06-29,14.021088600158691,14.115084485807985,13.980356611462401,14.090019474072022,7850000
2012-07-02,14.30933666229248,14.33440285848383,14.021082577424075,14.046148773615425,7884600
2012-07-03,14.456599235534668,14.456599235534668,14.32500527609775,14.328137953370087,5294200
2012-07-05,14.312474250793457,14.353206232569827,14.224744931788045,14.274876141965757,4829800
2012-07-06,14.187142372131348,14.205942019842297,14.108812299502139,14.165210047412934,3303200
2012-07-09,14.265473365783691,14.274873787857114,14.180876738455678,14.221608713514826,2397600
2012-07-10,14.19654369354248,14.2466748953942,14.149545168896813,14.227875246491507,1992600
2012-07-11,14.281140327453613,14.312471880417299,14.212209476666947,14.287405681868645,3210800
2012-07-12,14.102544784545898,14.1338775285852,14.00854894287194,14.05868013811285,4470800
2012-07-13,14.32187271118164,14.346938912537482,14.199677967627581,14.221610296202808,2635000
2012-07-16,14.384538650512695,14.44093641473641,14.321874335239412,14.375139421549543,2970400
2012-07-17,14.516131401062012,14.5349298558401,14.381403564115447,14.415867796282674,2735200
2012-07-18,14.628924369812012,14.647724018083085,14.487931191056264,14.494196545257864,2948400
2012-07-19,14.832582473754883,14.860781347468606,14.660256554491935,14.68218887902238,4608200
2012-07-20,14.679054260253906,14.72605277912715,14.613257290008956,14.64459003433178,4194200
2012-07-23,14.459732055664062,14.491063606995766,14.318737684227258,14.33440345989311,4339000
2012-07-24,14.346938133239746,14.403335888004706,14.256074951093733,14.393935465395746,5608800
2012-07-25,14.240410804748535,14.256076583928165,14.077484071791247,14.158946840658722,5046800
2012-07-26,14.350069999694824,14.465998180061742,14.268607244761291,14.293672248116943,4468600
2012-07-27,14.59445571899414,14.60385494267086,14.425262521482802,14.428395197634467,5191400
2012-07-30,14.744851112365723,14.788715755288575,14.638322181600852,14.669653727910923,3301200
2012-07-31,14.666522026062012,14.785582866130213,14.66338815408961,14.691587025731438,3315600
2012-08-01,14.769918441772461,14.907780135830484,14.70098759474345,14.735453018257957,3810400
2012-08-02,14.751118659973145,14.860780274709198,14.65085507550052,14.826314854300163,2856600
2012-08-03,15.105172157287598,15.161569909821887,15.02997595072331,15.058174826990456,4641000
2012-08-06,15.08011245727539,15.149042138331954,15.03311391522642,15.03311391522642,2880400
2012-08-07,15.07384204864502,15.123973256233873,15.058176270377677,15.098907054828311,2952400
2012-08-08,15.067455291748047,15.096191746819715,14.96208910182371,15.009982381604708,2627800
2012-08-09,14.952508926391602,15.025946254469476,14.939736899419572,14.981244160067371,2454600
2012-08-10,15.057878494262695,15.06745690764459,14.843952475348372,14.863109302112159,2334000
2012-08-13,15.041910171508789,15.067453006583236,14.978051256811442,14.997209296622893,1898400
2012-08-14,15.105772972106934,15.153666256944685,15.061070867714104,15.089807325819878,2558800
2012-08-15,15.191978454589844,15.230293316246222,15.131311937459126,15.14727636164866,2046800
2012-08-16,15.230293273925781,15.268608135475695,15.134505511047252,15.153662332818465,2084200
2012-08-17,15.096189498901367,15.121733552053701,15.000401735595101,15.061067034820654,2107600
2012-08-20,15.035526275634766,15.064262730395043,14.911002044342778,14.962088939693533,2089600
2012-08-21,14.990824699401855,15.115348924920259,14.987631083461196,15.04191159238396,2115000
2012-08-22,14.968474388122559,15.022753679502872,14.917387494702657,14.923773508631097,1865800
2012-08-23,15.003596305847168,15.073840020470358,14.962087825837393,15.029139142617174,1304200
2012-08-24,15.096189498901367,15.15047000284633,15.025945788747435,15.048296226251981,1526200
2012-08-27,15.080227851867676,15.08980626456002,15.04510538131879,15.064263424711196,2220800
2012-08-28,15.003596305847168,15.05787559523816,14.958894209986411,14.974859853226182,2606200
2012-08-29,15.006791114807129,15.04191358676558,14.9557042150515,14.99082668700995,2560200
2012-08-30,15.006791114807129,15.070650044003605,14.942932185610651,15.070650044003605,2301800
2012-08-31,14.939735412597656,15.092996066986721,14.869490489249888,15.057873605312839,2114000
2012-09-04,14.796056747436523,14.850336042783798,14.716233394508619,14.796056747436522,2567200
2012-09-05,14.86949348449707,14.933352407857836,14.834371015748266,14.917387981519557,1452600
2012-09-06,15.003596305847168,15.029139142617174,14.824791576426852,14.824791576426852,2180800
2012-09-07,14.939735412597656,15.006786720516482,14.898226938073302,14.898226938073302,4611600
2012-09-10,14.863105773925781,14.923772292297642,14.802440473561436,14.83436932259372,5356600
2012-09-11,14.968474388122559,15.00678925368558,14.90142185087775,14.926965906591509,2032400
2012-09-12,14.968474388122559,15.01317526761402,14.917387494702657,14.96528077215453,2247600
2012-09-13,15.115348815917969,15.182400134097023,14.96528053598691,14.987630975379927,2004600
2012-09-14,14.994020462036133,15.0483009831396,14.95251318955405,14.95251318955405,2471600
2012-09-17,14.987627983093262,15.025944058409411,14.974857175995233,14.974857175995233,2261600
2012-09-18,15.14727783203125,15.166435873722904,15.057876073485424,15.064262087382643,1386400
2012-09-19,15.361207008361816,15.399521878660687,15.185595866650248,15.198366678078028,3946200
2012-09-20,15.313310623168945,15.342047076859938,15.211136836269333,15.246259303892503,2043800
2012-09-21,15.313310623168945,15.351626706762012,15.268609743651318,15.300538595304591,3216400
2012-09-24,15.386748313903809,15.399520342064935,15.297346552791213,15.354819461508638,1534600
2012-09-25,15.329280853271484,15.488927608001697,15.319702437750257,15.405911831465541,2129200
2012-09-26,15.281378746032715,15.30372918136648,15.227098247359734,15.28776475870056,2144200
2012-09-27,15.441028594970703,15.453800622941905,15.329275177234132,15.428256566999503,1494800
2012-09-28,15.281378746032715,15.332465629368087,15.227098247359734,15.30053556602887,3680800
2012-10-01,15.15685749053955,15.179207930218269,14.917387449975346,14.93654427369561,6718200
2012-10-02,15.080227851867676,15.08980626456002,14.904616717130965,14.949317600372195,7226800
2012-10-03,14.974862098693848,15.003598555623842,14.942932025433992,14.971668482363986,5670000
2012-10-04,15.137699127197266,15.153663552627512,15.01317490363073,15.038717740717606,2616800
2012-10-05,15.083418846130371,15.137698132628495,15.05787479271419,15.13131211927445,3678800
2012-10-08,14.955699920654297,14.98124275419383,14.872684189141546,14.901419420120739,5070600
2012-10-09,14.74496841430664,14.840756184890049,14.729003988877338,14.808827334031442,3523000
2012-10-10,14.639598846435547,14.74177261566375,14.614056013132197,14.738580218253608,3009000
2012-10-11,14.630019187927246,14.764123009851813,14.630019187927246,14.729000551299967,1734000
2012-10-12,14.729004859924316,14.780091755123827,14.687496376947323,14.738583272146832,1989000
2012-10-15,14.834371566772461,14.850335993703737,14.754548214108372,14.79286430035268,1410000
2012-10-16,15.092999458312988,15.105771486883745,14.984439651476926,15.003597694333061,2136800
2012-10-17,15.112156867980957,15.14408572006237,15.070648385869015,15.09299882592753,2073200
2012-10-18,15.20794677734375,15.265419693565276,15.156859876036597,15.16643828940425,2826800
2012-10-19,15.022756576538086,15.185596918096897,15.016370561378146,15.185596918096897,1575800
2012-10-22,15.01636791229248,15.073840820585099,14.958895003999864,15.061068792518375,1460800
2012-10-23,14.78009033203125,14.824791208775867,14.735389455286635,14.812019181703821,1658000
2012-10-24,14.716235160827637,14.86630347210654,14.709849145665999,14.8599174569449,1752000
2012-10-25,14.911001205444336,15.035525429730546,14.87587873849026,15.029139415920023,2039600
2012-10-26,14.882264137268066,14.997209945091974,14.850334069535013,14.923772616317265,1456800
2012-10-31,14.815213203430176,14.97805229003434,14.802441176008163,14.974859892182623,1742600
2012-11-01,14.923774719238281,14.987632427687544,14.888652248786558,14.911002690345343,1530600
2012-11-02,14.799249649047852,14.89823104852822,14.792864852443213,14.83756573672217,1541000
2012-11-05,14.754547119140625,14.818406040134324,14.706653841901058,14.805634012334062,1811000
2012-11-06,14.827985763549805,14.923774762516913,14.799249307461215,14.815214952627546,1977800
2012-11-07,14.697076797485352,14.80244421836182,14.582130963077503,14.80244421836182,2774000
2012-11-08,14.607672691345215,14.735390535412487,14.607672691345215,14.697074451387728,2898600
2012-11-09,14.508691787719727,14.604480782985474,14.448026479658068,14.448026479658068,1768000
2012-11-12,14.467183113098145,14.531040813044854,14.444832674515288,14.489533551681005,1298600
2012-11-13,14.5150785446167,14.62683197214216,14.489535704444533,14.505500131803103,1617800
2012-11-14,14.377782821655273,14.531043522518113,14.365012010089204,14.52785112412854,1841600
2012-11-15,14.39055347442627,14.486341251050165,14.336274180942205,14.444833985917995,2028600
2012-11-16,14.157474517822266,14.281998793914125,14.10319398685437,14.25326232881538,3962200
2012-11-19,14.317116737365723,14.33946717891273,14.20855692784837,14.20855692784837,3045000
2012-11-20,14.40332317352295,14.40651557109083,14.326692233811725,14.36500831267107,1530000
2012-11-21,14.483146667480469,14.4991110915075,14.438445793001792,14.454410217028823,1092200
2012-11-23,14.834371566772461,14.847143595520564,14.665146448887056,14.693882904566436,1265600
2012-11-26,14.786479949951172,14.796058363586289,14.690690941568644,14.751357475945289,1217200
2012-11-27,14.719426155090332,14.81202153908822,14.70984774226563,14.786478698886441,1377400
2012-11-28,14.923774719238281,14.939739146350597,14.767320410319074,14.802442880770798,1699400
2012-11-29,15.18239974975586,15.20155779075386,15.077033569285767,15.096190392276203,2702600
2012-11-30,15.179213523864746,15.207949988042342,15.140897426289241,15.163249092212316,1391800
2012-12-03,15.252644538879395,15.32288947053836,15.230294100262007,15.287767004708877,1740400
2012-12-04,15.284576416015625,15.358013760018117,15.265419589411023,15.32608490367192,3024600
2012-12-05,15.399518013000488,15.463376926140281,15.335659099860695,15.358009536758503,2556000
2012-12-06,15.393135070800781,15.441029569712395,15.300539689175768,15.441029569712395,2462200
2012-12-07,15.389939308166504,15.418675757629765,15.271801112820846,15.271801112820846,2374800
2012-12-10,15.437833786010742,15.508078716416525,15.409097334299972,15.418676963541916,1761000
2012-12-11,15.568742752075195,15.591094406484526,15.51765586629837,15.524041879271403,1887000
2012-12-12,15.613446235656738,15.731584441177569,15.607060222114052,15.731584441177569,3775800
2012-12-13,15.153664588928223,15.243067569865179,15.153664588928223,15.163244219247552,4210000
2012-12-14,15.153664588928223,15.214331114922526,14.98443947538131,14.987631873482641,5121400
2012-12-17,15.124927520751953,15.198364854181763,15.089805053022996,15.099384682953925,2414200
2012-12-18,15.329280853271484,15.364403334193424,15.233493044034972,15.27500154130709,2437400
2012-12-19,15.176012992858887,15.35801011040028,15.172820595186014,15.354817712727407,2475200
2012-12-20,15.246258735656738,15.259030763045075,15.182399816722631,15.24625873565674,2197400
2012-12-21,15.15685749053955,15.211136781757117,15.124927420993089,15.166435902399684,1971600
2012-12-24,15.08660888671875,15.147274177092763,15.029135993519237,15.105766923787694,743000
2012-12-26,15.06106948852539,15.160050883605201,15.022754620562239,15.099385574496235,989400
2012-12-27,15.06106948852539,15.15685848544481,15.0067901937449,15.144086456787862,2236400
2012-12-28,14.968474388122559,15.112156656493411,14.962088374194119,15.077034188890801,1998200
2012-12-31,15.092999458312988,15.108963885022591,14.917388328491981,14.926966740916207,1916600
2013-01-02,15.402714729309082,15.402714729309082,15.313311745712515,15.37717067170786,2812000
2013-01-03,15.373976707458496,15.39951954445012,15.313310185839178,15.338854240838383,1941200
2013-01-04,15.373976707458496,15.40271316032881,15.300538158339577,15.300538158339577,1854800
2013-01-07,15.361207008361816,15.389943465587912,15.310120108627402,15.322892138062947,1932200
2013-01-08,15.373976707458496,15.39632714657901,15.243066470606532,15.246258868477641,1853800
2013-01-09,15.274994850158691,15.358010590330144,15.249450795947446,15.322889342801,2471800
2013-01-10,15.546392440795898,15.559164466844756,15.37397496116608,15.383553371699003,3082800
2013-01-11,15.552780151367188,15.591096233695868,15.498500861746257,15.565552178810082,2101200
2013-01-14,15.571938514709473,15.597481352116153,15.48892155262065,15.530430033665061,3654800
2013-01-15,15.670919418334961,15.677304213983698,15.530429553911503,15.559166006361068,2426800
2013-01-16,15.495306968688965,15.540007845931868,15.469764132267684,15.485728557281929,2747000
2013-01-17,15.686882019042969,15.734775288883744,15.600672671720664,15.619829492454006,2218400
2013-01-18,15.642184257507324,15.693271152968553,15.584711347862484,15.667727096234106,1489000
2013-01-22,15.619832038879395,15.635797682769876,15.546394705412133,15.629411668815207,2693800
2013-01-23,15.638993263244629,15.686887768647264,15.555977500955649,15.613450420235662,3253400
2013-01-24,15.814602851867676,15.836953294037677,15.71562267025988,15.741165510736561,5453000
2013-01-25,15.971059799194336,15.971059799194338,15.852921554238515,15.884850414602376,3373400
2013-01-28,15.725203514099121,15.79225485097439,15.725203514099121,15.782676436565904,3424400
2013-01-29,15.983827590942383,16.00937042885682,15.801830455524383,15.80502285351083,2629800
2013-01-30,15.904001235961914,15.935930081819544,15.79863385221842,15.817791890537436,2824600
2013-01-31,15.383557319641113,15.504889162228245,15.227103005409727,15.278189904708347,8916000
2013-02-01,15.460184097290039,15.492114164488468,15.421869234659447,15.453799301857876,8044400
2013-02-04,15.319696426391602,15.377169332983096,15.278187945407169,15.297345986940199,4531200
2013-02-05,15.303731918334961,15.431449758518548,15.281381479003972,15.405905703278794,6043600
2013-02-06,15.326086044311523,15.34524409034975,15.290963568912048,15.297349584258123,4055200
2013-02-07,15.15685749053955,15.28457411470256,15.115349009132958,15.25264526316371,4199200
2013-02-08,15.144084930419922,15.19836421972962,15.115348477841973,15.140891314573722,2574200
2013-02-11,15.144084930419922,15.17282138299787,15.105770066318513,15.16004935562821,4217800
2013-02-12,15.140892028808594,15.144085644805443,15.054683885015656,15.07064831097703,7313200
2013-02-13,15.253986358642578,15.400339018047587,15.22737609210675,15.370403102618454,5801400
2013-02-14,15.074369430541992,15.167502816853641,15.067716864541557,15.14421947027573,3048800
2013-02-15,15.187458992004395,15.220720549824202,15.110956393941157,15.184133343761252,2927400
2013-02-19,15.19078254699707,15.190782546997072,15.057735065204339,15.061060712989216,4073200
2013-02-20,15.0311279296875,15.104304884623755,15.017824066937697,15.064390758679973,3995400
2013-02-21,14.85816478729248,14.89142761575175,14.788314750798758,14.881449401637552,3365200
2013-02-22,15.02779769897461,15.037775910206227,14.884770750036347,14.911381005116397,3389800
2013-02-25,14.914712905883789,15.084348912178747,14.898082123909354,15.027803999696205,6193600
2013-02-26,14.928020477294922,14.987892317260016,14.841538366746438,14.954629479030777,5020800
2013-02-27,15.177484512329102,15.214072996240496,14.977911309770796,14.987890794649529,3762000
2013-02-28,15.114280700683594,15.237351245157106,15.107628135940676,15.130912746964382,3444000
2013-03-01,15.117608070373535,15.137564496353162,15.007842652097494,15.041105476808578,2235000
2013-03-04,15.197437286376953,15.2173949824832,15.067715433804109,15.084346212802428,2440800
2013-03-05,15.307204246520996,15.373728638031682,15.28724654841362,15.293899114449413,2475600
2013-03-06,15.214073181152344,15.317184798322314,15.184137263847127,15.283923231915374,2973200
2013-03-07,15.234024047851562,15.267286870953672,15.190783012242303,15.190783012242303,2500400
2013-03-08,15.184137344360352,15.210746343857513,15.054414189451613,15.054414189451613,4474200
2013-03-11,15.147546768188477,15.157524983016158,15.08434802402047,15.117610854858173,4215600
2013-03-12,15.267291069030762,15.277269284281642,15.177483325230897,15.20076667338116,4388800
2013-03-13,15.250653266906738,15.290568650551341,15.170825037311193,15.187455812739696,2751600
2013-03-14,15.473516464233398,15.486821597915819,15.230703484342477,15.287248399221681,3754400
2013-03-15,15.453559875488281,15.510106063282985,15.400340605777224,15.463539360891744,2122200
2013-03-18,15.360422134399414,15.443577299150883,15.303875962567911,15.327160576037672,2917200
2013-03-19,15.420294761657715,15.523406359284452,15.370401152656452,15.453556321760434,3389400
2013-03-20,15.360422134399414,15.530058112199681,15.323833658893227,15.48016577465707,3457000
2013-03-21,15.949159622192383,15.962464752049078,15.613212071969498,15.726303138057348,10765600
2013-03-22,16.348308563232422,16.504639435638538,16.218585419237485,16.241870036503748,10048000
2013-03-25,16.504642486572266,16.53790532535329,16.34498466696602,16.38157315520137,7023800
2013-03-26,16.43478775024414,16.48800700829737,16.394873623916016,16.4547454478318,5555200
2013-03-27,16.37158966064453,16.401525571473897,16.23854088610353,16.27845501092697,3342200
2013-03-28,16.62438201904297,16.670948712865798,16.454746024567342,16.468049887911548,6603600
2013-04-01,16.667619705200195,16.710860741684378,16.544550429349666,16.56783377156877,3628600
2013-04-02,16.74412727355957,16.86054401925825,16.704213142012506,16.764084973756784,5328600
2013-04-03,16.60109519958496,16.80399398209771,16.574486209615262,16.77738372328103,3334400
2013-04-04,16.674278259277344,16.704214177004314,16.444769133754775,16.46472683518857,3103000
2013-04-05,16.774057388305664,16.78736251716904,16.637682989573378,16.670944542884893,5682800
2013-04-08,16.80399513244629,16.840583606400465,16.734145101541262,16.810647697605873,5984400
2013-04-09,16.823959350585938,16.890482490278707,16.757434942045613,16.850568352693536,4751400
2013-04-10,16.963655471801758,17.006896517497307,16.867195165576014,16.8971310789272,4929400
2013-04-11,17.02020263671875,17.076748822252853,16.863871751919017,16.880502535129956,4230000
2013-04-12,17.070091247558594,17.076743812660872,16.93039118695187,16.957000178513937,4140800
2013-04-15,16.920413970947266,17.09337688022951,16.920413970947266,16.976960147466087,4872800
2013-04-16,17.003568649291992,17.016873780892446,16.877173705629254,16.92706604586017,2695800
2013-04-17,16.897130966186523,16.913761747082386,16.700884706381963,16.803997578091902,8015800
2013-04-18,16.983613967895508,17.08672557628846,16.94369856898793,17.073421712166585,4374800
2013-04-19,17.036832809448242,17.053463590824645,16.9503507161353,16.98028663015174,2766400
2013-04-22,17.060115814208984,17.153249203122527,16.990265772523824,17.09005172762366,3935800
2013-04-23,17.27631950378418,17.27631950378418,17.11666171262897,17.15325019434425,3812800
2013-04-24,17.11333656311035,17.259689225394492,17.106683996345524,17.249711009670932,4376600
2013-04-25,17.003568649291992,17.123312296001693,16.963654523337823,16.996916083491765,5399000
2013-04-26,17.146595001220703,17.169878346227954,16.996915448426144,17.003568013977805,2982200
2013-04-29,17.35282325744629,17.376107876398994,17.263016774952984,17.279647558049987,2785400
2013-04-30,17.269662857055664,17.346166720120323,17.223096170909898,17.32288337704744,2088200
2013-05-01,17.15989875793457,17.31290394682673,17.139941062878055,17.28296803866548,2342400
2013-05-02,17.106679916381836,17.14659403860388,17.0501337467908,17.07674400750354,2195200
2013-05-03,17.30625343322754,17.386082954069256,17.266339307230275,17.326211130649767,3276000
2013-05-06,17.169872283935547,17.266332547106014,17.143263299971064,17.266332547106014,2193600
2013-05-07,17.103355407714844,17.123313106059666,17.00024380505137,17.09670411044715,2629000
2013-05-08,17.186506271362305,17.233074222489975,17.11998316458806,17.123308812388004,3221400
2013-05-09,17.156578063964844,17.213122979682264,17.09670623035381,17.123315229265714,1766400
2013-05-10,17.143268585205078,17.146594233408422,17.023524948331467,17.0667659880574,2319000
2013-05-13,17.083398818969727,17.106682165731357,16.98361286587028,17.01354877868484,2161400
2013-05-14,17.026851654052734,17.066767048054423,16.93704392081967,16.993590094565153,4235600
2013-05-15,17.213117599487305,17.233075294068733,17.070090627104577,17.093373969692742,4847400
2013-05-16,17.239727020263672,17.332860386085645,17.209791114271333,17.239727020263672,2697400
2013-05-17,17.149921417236328,17.1931611887878,17.073418818898606,17.09337524612325,5473600
2013-05-20,17.129966735839844,17.219774480697186,17.10668338741542,17.136619302367865,5988400
2013-05-21,17.19981575012207,17.2264260146391,16.963655362346085,17.003569490274373,3548200
2013-05-22,17.412691116333008,17.535761674617984,17.27631669591617,17.289621826895157,6270000
2013-05-23,17.322885513305664,17.366125287860758,17.126639262599532,17.26633933826465,3274000
2013-05-24,17.35282325744629,17.386086092487716,17.163229538676124,17.1931654557897,2648200
2013-05-28,17.632225036621094,17.778578975673874,17.59231090271917,17.69542378988386,3243800
2013-05-29,17.389406204223633,17.479213926966697,17.34283951884138,17.43929980647434,2644200
2013-05-30,17.349496841430664,17.419346888658808,17.316235276706983,17.336191708002247,2656000
2013-05-31,17.046812057495117,17.269667332907343,17.046812057495117,17.223100634692692,4249600
2013-06-03,17.126638412475586,17.20646666065112,16.98028450940856,17.050134543773936,2727600
2013-06-04,17.046812057495117,17.133292887201275,16.960331227788956,17.0102235749415,3063600
2013-06-05,16.897130966186523,16.990265623128394,16.820628358987765,16.917088664569906,4544000
2013-06-06,17.126638412475586,17.139942274606756,16.966979378430263,17.023525550664466,4183000
2013-06-07,17.11333656311035,17.169881477340347,17.00024546580299,17.020201897250107,4926200
2013-06-10,17.09670066833496,17.229748157305334,17.090048103559393,17.229748157305334,3971200
2013-06-11,16.943696975708008,17.030179063028207,16.900457200895108,16.907109766754136,4944400
2013-06-12,16.957002639770508,17.233078421774945,16.94702442509231,17.226425855707063,5092400
2013-06-13,16.9869384765625,17.00689617467674,16.87384739160959,16.903783304357336,3848800
2013-06-14,16.897130966186523,16.960329709976946,16.82728092511556,16.837259139883624,3021000
2013-06-17,16.95367431640625,17.083396162145803,16.91043327821072,17.02684999391364,3807800
2013-06-18,16.957002639770508,16.983612904042026,16.87384746719287,16.87384746719287,4225800
2013-06-19,16.694232940673828,16.960330523154884,16.690907291874105,16.9270676909211,2342200
2013-06-20,16.058923721313477,16.31836867732184,15.9857480450239,16.295085334568746,7253400
2013-06-21,16.015687942504883,16.215259864062098,15.929205846008712,16.135430334130813,5613800
2013-06-24,15.706352233886719,15.842726690744442,15.589934209982953,15.623197046318658,6638800
2013-06-25,15.709676742553711,15.832746055942161,15.686393393232853,15.832746055942161,4995000
2013-06-26,15.91922378540039,16.022335370131845,15.892613525568386,15.959137906301372,3293000
2013-06-27,15.962465286254883,16.112143561187295,15.769544703417543,16.02233583491961,2427800
2013-06-28,15.732955932617188,15.879309825482888,15.732955932617188,15.792827748999148,4429200
2013-07-01,15.922550201416016,16.002379715915257,15.882636078589936,15.955813027810319,4195400
2013-07-02,15.935858726501465,16.035644689245803,15.862681761693517,15.952489508817628,3120400
2013-07-03,15.92587661743164,15.972443304071534,15.802806066915293,15.879309930791745,2845200
2013-07-05,15.979098320007324,16.08220992228314,15.88596366359554,16.048948360680733,2368400
2013-07-08,16.178667068481445,16.198624762854557,16.068902921546808,16.092186263891943,3448600
2013-07-09,16.152061462402344,16.22191150407298,16.13210376384762,16.1653653259249,2687200
2013-07-10,16.278459548950195,16.301742900658606,16.17202100718388,16.20528384451554,2738200
2013-07-11,16.448091506958008,16.46472228580051,16.30506452498773,16.431460728115507,3096000
2013-07-12,16.4913330078125,16.494658656135087,16.381567580460256,16.464722745843304,1789400
2013-07-15,16.45807456970215,16.49798870445387,16.308394978323847,16.371593732932165,2727400
2013-07-16,16.54122543334961,16.547877998877144,16.408177929340283,16.448092053658367,2785000
2013-07-17,16.587791442871094,16.710861996812255,16.574487581208793,16.65764274362181,3744600
2013-07-18,16.714189529418945,16.75743057402601,16.670948484811884,16.69423183140479,3633800
2013-07-19,16.63103485107422,16.680928463166346,16.57116302410257,16.604424586265814,3041000
2013-07-22,16.80066680908203,16.80066680908203,16.657641111088207,16.697555229857485,2444000
2013-07-23,16.917089462280273,16.917089462280273,16.714190626780404,16.740800892546364,4860400
2013-07-24,16.8139705657959,16.907105193784425,16.73746798237997,16.900452629724754,3707800
2013-07-25,16.87717056274414,16.883821858458568,16.684249997005015,16.690902561566396,3159400
2013-07-26,16.8139705657959,16.830601341521646,16.58778846315453,16.710858994988147,2438000
2013-07-29,16.8139705657959,16.853884681307065,16.704206430928476,16.740794898833236,2195800
2013-07-30,16.747455596923828,16.877178765650335,16.690910673939705,16.853894143944885,1867200
2013-07-31,16.87052345275879,16.986940198105387,16.744127222920085,16.744127222920085,3819400
2013-08-01,16.90045738220215,16.92706637707653,16.730820123095008,16.780713733149394,3434200
2013-08-02,17.026851654052734,17.070092696464318,16.917087492665985,16.917087492665985,2625200
2013-08-05,16.830608367919922,16.887154551610443,16.787368586750716,16.85389171742561,2546800
2013-08-06,16.80399513244629,16.83725668939714,16.737470749697522,16.78403743696754,2638200
2013-08-07,16.667619705200195,16.794015897851732,16.61107353920596,16.70420817692935,3806200
2013-08-08,16.787364959716797,16.80399573879232,16.614402065867733,16.68757774756945,4689800
2013-08-09,16.88050079345703,16.883826442217117,16.65431861235219,16.65431861235219,2858000
2013-08-12,16.963655471801758,16.97030803797394,16.823955388727722,16.840586169734546,3766800
2013-08-13,17.100027084350586,17.123310427687354,16.963652672443647,17.060112962751422,3258600
2013-08-14,17.005231857299805,17.174505518580656,16.984918553022105,17.133880201480807,3495400
2013-08-15,16.82918930053711,16.883356827588955,16.64298850701237,16.649759609325812,8182000
2013-08-16,16.92398452758789,16.95445384422594,16.805492166681773,16.890129013847943,4581600
2013-08-19,16.873201370239258,16.98830753041108,16.866430267704942,16.900284488920757,3982800
2013-08-20,17.035703659057617,17.06278806872167,16.954453012976927,16.97138012328909,2805400
2013-08-21,16.90705680847168,17.04586119177725,16.876587490601878,17.0357051829726,2593000
2013-08-22,17.076335906982422,17.103420327629888,16.9815430176288,16.99169902964347,2164400
2013-08-23,17.154199600219727,17.17451291324353,17.049250711570323,17.076333837479297,1937400
2013-08-26,17.086490631103516,17.21513773538985,17.086490631103516,17.198210620768602,1536000
2013-08-27,16.99507713317871,17.147423698117237,16.97137892212779,17.09664107931918,2226600
2013-08-28,16.978151321411133,17.042474857542253,16.846116760738198,16.85288786319238,3223600
2013-08-29,16.80549430847168,16.923986684479154,16.798723204860742,16.798723204860742,2668000
2013-08-30,16.659914016723633,16.754708148550268,16.622673603304843,16.73777974866493,2378000
2013-09-03,16.575281143188477,16.727627738365115,16.548198021521465,16.700544616698103,2791000
2013-09-04,16.744552612304688,16.75470991159583,16.571894021824026,16.578665124199542,2130400
2013-09-05,16.63283348083496,16.6802299083704,16.58205085621511,16.63621838646358,2814000
2013-09-06,16.548194885253906,16.605747315048724,16.42970253748206,16.59220511105383,3956600
2013-09-09,16.65314483642578,16.663302135820004,16.52788266984678,16.544809780229496,2036600
2013-09-10,16.781789779663086,16.798716886595894,16.65652763861372,16.65652763861372,2839000
2013-09-11,17.100025177001953,17.719567414675204,16.798718258050492,16.805489359667504,5908800
2013-09-12,17.120344161987305,17.198209919233662,17.106801954260284,17.113573058123794,3878800
2013-09-13,17.147424697875977,17.18127891807808,17.032318541150822,17.066172761352924,2656800
2013-09-16,17.370866775512695,17.55706757882403,17.34716856189793,17.55368138176147,3562600
2013-09-17,17.357328414916992,17.46227859235497,17.32347289407116,17.384411540137588,2943200
2013-09-18,17.631549835205078,17.64847694751231,17.340398854279446,17.397951294415222,2730400
2013-09-19,17.54353141784668,17.719576273535534,17.51983319606705,17.71619136676254,2442400
2013-09-20,17.587533950805664,17.716182297074543,17.570606842693973,17.682326789395592,1963800
2013-09-23,17.49613380432129,17.53675914016172,17.40811073663485,17.523216931062862,2112000
2013-09-24,17.462270736694336,17.513052057934253,17.43857123703579,17.469040546361935,1997000
2013-09-25,17.43518829345703,17.523210035047597,17.418261184472957,17.50966912273372,1773400
2013-09-26,17.604467391967773,17.604467391967773,17.485976301104248,17.485976301104248,2135600
2013-09-27,17.52660369873047,17.57400014066085,17.46904995391773,17.496134372995765,2313800
2013-09-30,17.58076286315918,17.658628593698932,17.533366443826772,17.55029355195184,2922200
2013-10-01,17.577377319335938,17.685713656561294,17.523209796451066,17.631546133676423,2601800
2013-10-02,17.645092010498047,17.645092010498047,17.50967381091188,17.577382264976972,2105800
2013-10-03,17.557065963745117,17.662014816826,17.489356234736235,17.6450877074377,2066800
2013-10-04,17.374250411987305,17.448731244453572,17.333625090394655,17.414875733579954,2172200
2013-10-07,17.350553512573242,17.38102282893648,17.242218452494125,17.242218452494125,3338200
2013-10-08,17.09664535522461,17.276075081330365,17.086489345507218,17.198209326766435,3251800
2013-10-09,16.83257293701172,16.93075067698353,16.80210362696377,16.920594670786052,3226400
2013-10-10,17.056018829345703,17.066174838351206,16.923985546450698,16.923985546450698,2410600
2013-10-11,17.25237274169922,17.292999353772526,17.096641269785188,17.137266590402835,3124800
2013-10-14,17.347169876098633,17.360710791007353,17.221906404409893,17.248990817139095,1548600
2013-10-15,17.140655517578125,17.303158117390424,17.12034220830564,17.296387014299594,2336800
2013-10-16,17.09326171875,17.123731041621273,17.0187808647411,17.05940619808411,2047200
2013-10-17,17.350553512573242,17.38102282893648,17.25237446079661,17.313313093523085,1876400
2013-10-18,17.30653953552246,17.3403950441539,17.269299121755676,17.286227521799198,1234800
2013-10-21,17.374250411987305,17.414875733579954,17.333625090394655,17.370865506627787,1188800
2013-10-22,17.56722068786621,17.601076195625463,17.42164523314035,17.428416334692198,1239600
2013-10-23,17.634931564331055,17.67555688484136,17.577377843107108,17.5807640398321,1816000
2013-10-24,17.597692489624023,17.73311195691505,17.597692489624023,17.67894442828979,2945600
2013-10-25,17.854991912841797,17.854991912841797,17.736499538222105,17.790667075019236,2401800
2013-10-28,18.098743438720703,18.156297167465794,17.939627041155426,17.956554152625454,3000000
2013-10-29,18.04457664489746,18.129213497163825,18.00733622326732,18.068274860215574,1350200
2013-10-30,18.135984420776367,18.190151954032356,18.01410714808643,18.13937061804879,3965800
2013-10-31,17.895614624023438,18.031032800473405,17.746652951035983,17.777122266741983,3296000
2013-11-01,17.83806037902832,17.8685296938476,17.739882623682398,17.854988780615702,4067400
2013-11-04,17.851604461669922,17.854990658925907,17.743269395683786,17.83806225555769,2395600
2013-11-05,17.939626693725586,17.94301159937171,17.76696680228997,17.794051213282145,2105400
2013-11-06,17.966712951660156,18.024266689344028,17.93962982739294,17.980255159521775,1294000
2013-11-07,17.797433853149414,17.91592490751567,17.773735642276165,17.895612893313245,1921200
2013-11-08,17.80759048461914,17.81774778353212,17.719568739925943,17.7432669516301,2110600
2013-11-11,17.736499786376953,17.841449955401753,17.631550908808123,17.78728241784675,7071600
2013-11-12,17.736499786376953,17.78051131422038,17.634935814893325,17.70603046578627,4817200
2013-11-13,17.827903747558594,17.895613477172237,17.651858967145387,17.65524516392669,4747000
2013-11-14,17.939626693725586,17.97686582165613,17.838061443960733,17.838061443960733,2599200
2013-11-15,18.0344181060791,18.064887420279085,17.976864383054377,18.02087590166673,1648600
2013-11-18,18.00394630432129,18.149521753001252,17.98701919687245,18.129208449189335,2401800
2013-11-19,18.078432083129883,18.09535919521937,18.00395124018909,18.061503679584522,1847000
2013-11-20,18.047958374023438,18.176605427770593,17.99717575865365,18.115666805909072,1334200
2013-11-21,18.606563568115234,18.670888396408788,18.511770715626746,18.521926723691724,5118400
2013-11-22,18.951881408691406,18.958652510991445,18.850317457102236,18.9417254009692,5625800
2013-11-25,18.714900970458984,18.819851135617462,18.70136005516105,18.78261071277233,2266600
2013-11-26,18.748754501342773,18.86386066364582,18.69797187712304,18.748754501342773,3324600
2013-11-27,18.79953384399414,18.907868892169194,18.765679625735302,18.874014673910356,3028000
2013-11-29,19.361526489257812,19.507101983207235,19.266733624902255,19.266733624902255,4661400
2013-12-02,19.40215301513672,19.54772850837801,19.39538191179341,19.419080127767025,5575000
2013-12-03,19.415691375732422,19.598507267579794,19.341211831667586,19.473245100849887,7952600
2013-12-04,19.205799102783203,19.33783241828181,19.09407910176753,19.239654626921432,4180200
2013-12-05,19.033138275146484,19.287048865619813,19.00944005668546,19.209183106182717,9013400
2013-12-06,19.337827682495117,19.361525897860147,19.168553977627273,19.243034821035003,3105200
2013-12-09,19.205799102783203,19.25319554512053,19.158402660445876,19.20918530092512,5263600
2013-12-10,19.2159481048584,19.25995962445583,19.131311262570257,19.141468561834728,2499600
2013-12-11,19.060216903686523,19.31412743426349,19.036518690815797,19.303971426306248,2370000
2013-12-12,19.117774963378906,19.175327410126357,18.999282580703984,19.104232755395024,3674000
2013-12-13,19.408920288085938,19.432618499382656,19.320897253450422,19.388606982064896,3465600
2013-12-16,19.500329971313477,19.581581916586952,19.44277753248065,19.51048727163257,4625200
2013-12-17,19.503713607788086,19.598506455281225,19.381836351607948,19.591735353109474,6072600
2013-12-18,19.920127868652344,19.920127868652344,19.591736497152574,19.70684265788249,9595600
2013-12-19,19.94044303894043,20.075861228565085,19.8287217733306,20.062319022165855,10566200
2013-12-20,19.744083404541016,20.042005465169805,19.733927396249324,20.0081499517712,9034200
2013-12-23,19.825336456298828,19.926900419274947,19.81517915598212,19.926900419274947,3824000
2013-12-24,19.909969329833984,20.021689279352064,19.886271119589072,19.950594648617322,1380400
2013-12-26,20.01153564453125,20.014920550057916,19.90658549282409,19.95398191893192,1423200
2013-12-27,20.062314987182617,20.14018201258944,20.021689667611476,20.10971270004718,2331600
2013-12-30,20.143569946289062,20.201122383379666,19.97429624926142,20.102944620610057,4036600
2013-12-31,20.099557876586914,20.119871184601642,19.994609013816945,20.021692133047466,1244200
2014-01-02,19.82872200012207,19.83887800930971,19.754241155530305,19.82872200012207,2026000
2014-01-03,19.926895141601562,20.008145773880738,19.896425831632992,19.90996803416469,1841400
2014-01-06,19.93705177307129,20.03184461085522,19.893040259190656,19.940437969538177,1931200
2014-01-07,19.80841064453125,19.85242217444624,19.733931084047448,19.78471242645149,2772200
2014-01-08,19.81178855895996,19.920123593874475,19.74746503555931,19.777933053389496,4639400
2014-01-09,20.099557876586914,20.116484987537962,19.869345551576462,19.987837911145366,3495200
2014-01-10,20.4753475189209,20.51258794123057,20.238364069959633,20.241750267327365,5064400
2014-01-13,20.18419647216797,20.377168394937577,20.163884453848578,20.25190621329637,3226000
2014-01-14,21.047489166259766,21.108427795577647,20.702171988732726,20.72925510650972,8026600
2014-01-15,21.311555862426758,21.342025175472944,21.15582439194875,21.186293704994938,4957400
2014-01-16,21.528223037719727,21.538379043538452,21.348793380493063,21.37587649316149,4055600
2014-01-17,21.575624465942383,21.589166671150466,21.457133399011102,21.57223956036825,4204600
2014-01-21,22.005578994750977,22.096985647940446,21.904013750841393,22.005578994750977,10410000
2014-01-22,22.13761329650879,22.16808390427004,21.96833960402415,21.97172580108908,5875200
2014-01-23,22.28318977355957,22.28318977355957,22.080061850060993,22.15792630566147,5519800
2014-01-24,21.738126754760742,22.0258915084635,21.639947705537637,22.019121697408444,14172400
2014-01-27,21.558692932128906,21.792291403947498,21.5011392175303,21.775363005182584,7121800
2014-01-28,21.697500228881836,21.744899238108083,21.501143421084265,21.511300720620106,4474400
2014-01-29,21.48421859741211,21.595939864008532,21.416508856273904,21.46052038173212,2285000
2014-01-30,21.680574417114258,21.711042441364903,21.528227838582254,21.616249588703102,3501000
2014-01-31,21.497758865356445,21.57562460863422,21.31155806260908,21.38603760883456,2840800
2014-02-03,21.240461349487305,21.545153190219942,21.21676184680097,21.524841175711156,3806400
2014-02-04,21.32171058654785,21.369107005888495,21.18967733511161,21.233688849408882,2320800
2014-02-05,21.497758865356445,21.551926395091236,21.284473652013794,21.406350916781022,4473800
2014-02-06,21.19306755065918,21.20999595448463,20.905302766009026,21.037336050529824,6778600
2014-02-07,21.58578109741211,21.58916729453979,21.233692792025817,21.30140123710977,3548600
2014-02-10,21.805835723876953,21.83630374511925,21.61624745436138,21.667030072676464,3242200
2014-02-11,22.16130828857422,22.229019305471937,21.86338756295783,21.873543569764692,3281600
2014-02-12,22.445695877075195,22.49309231113828,22.31704619926516,22.31704619926516,2645400
2014-02-13,22.862104415893555,22.872260424142215,22.560797450929385,22.587881861533514,4215800
2014-02-14,22.818092346191406,23.02122024352257,22.797777748420344,23.011064236092718,12092800
2014-02-18,23.07200050354004,23.139708934754058,22.98059128019892,23.02460408510801,15014000
2014-02-19,22.908323287963867,23.18692968627827,22.880462116734922,23.002354076614676,7362800
2014-02-20,23.200857162475586,23.221751709603208,23.002350993801645,23.12772359054173,9053000
2014-02-21,23.19738006591797,23.465536568170222,23.162554925714648,23.322752696240237,2916200
2014-02-24,23.698867797851562,23.813790481297342,23.402847498495184,23.41329743061532,4562000
2014-02-25,23.608320236206055,23.866029430866618,23.570011789528294,23.852098845075837,6060000
2014-02-26,23.611801147460938,23.67100413831486,23.542148225585183,23.643142969564558,6474200
2014-02-27,23.81378936767578,23.890406257715124,23.681452793872563,23.702347343160586,4468000
2014-02-28,23.597871780395508,23.94612843677743,23.542149440020435,23.74413893839893,7469800
2014-03-03,23.298372268676758,23.305336233155963,23.13120789431232,23.16603303068353,3910000
2014-03-04,23.677968978881836,23.761552488228116,23.566526956740855,23.566526956740855,4164800
2014-03-05,23.48642921447754,23.62572974822478,23.48294590403765,23.510807073582043,2805400
2014-03-06,23.277477264404297,23.479466794257622,23.214793607195865,23.43071106732583,3426400
2014-03-07,23.312305450439453,23.340163968445903,23.12772981583078,23.31578610457283,3115800
2014-03-10,23.207822799682617,23.207822799682617,23.058072334830737,23.058072334830737,2699400
2014-03-11,23.232202529907227,23.305336113006007,23.13469108577552,23.166032911251747,2771000
2014-03-12,23.218276977539062,23.235690877903856,22.95360375951362,22.957084413996057,3770000
2014-03-13,22.730712890625,23.28792571784712,22.66454592655782,23.225239407634014,5694200
2014-03-14,22.741159439086914,22.83518756192061,22.61578683731713,22.619267490653257,7082600
2014-03-17,22.950117111206055,23.061559149168406,22.856086314088834,22.856086314088834,3556600
2014-03-18,23.044143676757812,23.085935434508528,22.86653468453934,22.984940679351656,3868000
2014-03-19,22.89787483215332,23.17648121609995,22.75508832970914,23.1068282916196,2658000
2014-03-20,22.584444046020508,22.692405418215316,22.53568832579865,22.577480081840587,3066200
2014-03-21,22.337181091308594,22.730710145291592,22.337181091308594,22.657576568373727,7103200
2014-03-24,22.257083892822266,22.497380518659543,22.138676570998005,22.459072072114374,3675200
2014-03-25,22.525236129760742,22.567027876672096,22.337177254140006,22.459066528064493,3965200
2014-03-26,22.420759201049805,22.741157295926268,22.420759201049805,22.64016256196366,2788000
2014-03-27,22.626235961914062,22.67847499308868,22.490416075052554,22.573996930739444,1935400
2014-03-28,22.706329345703125,22.9535938708154,22.671504216964795,22.782946223119662,2797200
2014-03-31,22.594892501831055,22.671509396752345,22.497381056290365,22.640167570823245,2822600
2014-04-01,22.769020080566406,22.80732852674546,22.64364746706905,22.716783705765447,1962200
2014-04-02,22.876981735229492,22.977976489395264,22.807328806328496,22.883945699625812,1827400
2014-04-03,22.65061378479004,22.817775495887755,22.570513582856243,22.796880946247413,1843800
2014-04-04,22.434688568115234,22.727225481149617,22.354591041477562,22.615783480228632,2674400
2014-04-07,22.305843353271484,22.462557810081567,22.18046939653436,22.333701870779432,4370400
2014-04-08,22.11429786682129,22.274495611270005,22.11429786682129,22.2257398915242,4100800
2014-04-09,22.448625564575195,22.45210887537682,22.142160638723325,22.204845619720526,4665800
2014-04-10,22.16305160522461,22.570511222525784,22.14563903951401,22.50782492317274,3392800
2014-04-11,21.80086898803711,22.058579531749846,21.77997443617789,21.8565900071515,3138200
2014-04-14,21.748628616333008,21.887930482811694,21.598878146710472,21.880966518707424,3406600
2014-04-15,21.773006439208984,21.863552585841695,21.522261220081898,21.818280176772202,3168800
2014-04-16,22.1247501373291,22.131715431507537,21.832214424304947,21.93320919715122,3804400
2014-04-17,22.110815048217773,22.20136119167799,22.027232868606003,22.163052748043164,2067800
2014-04-21,24.06453514099121,24.256077370498424,23.214790680874,23.535186176606512,22768600
2014-04-22,23.284439086914062,23.79637677116009,23.176480379102586,23.611801177680867,13944000
2014-04-23,23.60483169555664,23.705826427422455,23.45856456264214,23.681448571936706,4719600
2014-04-24,24.033193588256836,24.625228865634412,23.973987934929045,24.60085100496563,14964400
2014-04-25,23.911300659179688,23.911300659179688,23.632694302078676,23.869508908518394,3958200
2014-04-28,26.81924819946289,27.825709811944954,25.718755793614072,27.752576226541734,53168800
2014-04-29,26.854068756103516,27.421726102350117,26.833174208691744,27.24411713537562,24795200
2014-04-30,27.52968978881836,27.585409472285008,27.216258266232753,27.407797833321922,19552200
2014-05-01,28.240127563476562,28.793856961557513,27.439138945197374,27.62023121546442,26121000
2014-05-02,28.21575355529785,28.4003318178254,28.11476146157731,28.121725425735203,19763400
2014-05-05,27.815261840820312,28.02421531631628,27.634166880266235,27.728197671281357,11594600
2014-05-06,27.55406379699707,27.717742170980145,27.46699964494803,27.703814244800913,14297200
2014-05-07,27.275466918945312,27.463525871512438,27.237158466182308,27.386908965986425,14208200
2014-05-08,27.421730041503906,27.794364580137316,27.352079768801204,27.57844714056638,14230000
2014-05-09,26.89934539794922,27.212776943429024,25.34960422444856,27.202329668077635,30000800
2014-05-12,27.11874771118164,27.237153703024067,27.017752958557942,27.18491467139284,5837600
2014-05-13,27.28938865661621,27.57495897560634,26.75655645897499,27.54013384538552,12664400
2014-05-14,27.2650203704834,27.390393008877062,27.069997447199064,27.226711916697113,10976200
2014-05-15,28.041622161865234,28.076449949813323,27.327697677711466,27.397347939633285,13022400
2014-05-16,27.95804214477539,28.274956956982823,27.73864142193065,28.13217046172789,17973200
2014-05-19,24.600847244262695,25.370494049993546,24.301346340694856,24.848109123815284,57465800
2014-05-20,25.14412498474121,25.31477262856534,24.81328228375262,25.116266476574797,24378800
2014-05-21,25.65606689453125,26.202829731452063,25.37397985687406,25.899848144927645,20611000
2014-05-22,25.13020133972168,25.652586318886755,24.987414836729275,25.443630201630803,15340600
2014-05-23,25.171995162963867,25.422740425151922,25.13020605725779,25.203339649231324,13345600
2014-05-27,25.091896057128906,25.098860021987498,24.64612525353475,24.736672738622847,13802800
2014-05-28,24.781940460205078,24.963032719687913,24.656567874029673,24.830696170719186,8056600
2014-05-29,24.82722282409668,25.133687792740584,24.764536505852696,25.10930992770059,6878800
2014-05-30,25.14412498474121,25.248603025572844,24.935171560064894,25.074474728844756,5603600
2014-06-02,25.55158805847168,25.621238316658072,25.300842877821403,25.332184696909167,7207400
2014-06-03,25.339153289794922,25.55855401145266,25.196366795312485,25.54114011705672,10285800
2014-06-04,25.300840377807617,25.45755477173534,25.231187469516698,25.38442121076995,6200200
2014-06-05,25.158061981201172,25.311295771623666,25.07448112141964,25.217267636492895,10752000
2014-06-06,25.37398338317871,25.422739108636254,25.098860271246718,25.112790858089983,5529600
2014-06-09,25.464527130126953,25.474974404478452,25.231193155998174,25.262537636040047,5383600
2014-06-10,25.35308837890625,25.4018441034936,25.182440685862808,25.182440685862808,9963800
2014-06-11,25.847606658935547,26.011287694803883,25.45407497942559,25.45407497942559,12080800
2014-06-12,25.784923553466797,26.032185464457935,25.673481527992095,26.021738189723976,5287200
2014-06-13,25.85457420349121,25.90681323491723,25.725720937226203,25.85805751411628,6150400
2014-06-16,25.680442810058594,25.979943720426803,25.624723131634404,25.725717871827143,4635800
2014-06-17,25.75010108947754,25.798856814617924,25.62820911963884,25.64562301732658,2058200
2014-06-18,26.067005157470703,26.077452430023683,25.885912900249537,25.990388282766276,4339000
2014-06-19,26.26203727722168,26.38392658272449,26.181937072469786,26.33168754979826,4943000
2014-06-20,26.282934188842773,26.519748856661078,26.25158970347603,26.50930158053477,8451000
2014-06-23,25.910297393798828,26.025222735301018,25.865022325153216,25.92422797976766,4837600
2014-06-24,25.6456241607666,25.819752517456756,25.600351744542795,25.603832398645334,3519200
2014-06-25,25.87895393371582,25.87895393371582,25.593383552539528,25.593383552539528,4283800
2014-06-26,25.81627082824707,25.885923769491725,25.645625771926724,25.704828779243655,3769200
2014-06-27,25.805814743041992,25.952081884248546,25.795367469668257,25.89287889713929,2286800
2014-06-30,25.87895393371582,25.969501417597385,25.635175312097413,25.82323424462634,3302000
2014-07-01,26.049604415893555,26.234180057314813,26.032190516632387,26.223732780553306,1772000
2014-07-02,26.575462341308594,26.58242896175754,26.255066882324257,26.356061622936384,5179800
2014-07-03,26.342132568359375,26.470988484273818,26.24810444273725,26.470988484273818,2032600
2014-07-07,26.41875648498535,26.666018451322408,26.376964719707573,26.48840677012692,3684200
2014-07-08,26.004323959350586,26.209796768762896,25.91029583096694,26.202830147704887,2960800
2014-07-09,26.13318634033203,26.147116928904875,25.896371648569893,25.993883111591696,5118000
2014-07-10,26.021732330322266,26.04262687508529,25.798848329560407,25.816259564533972,2045000
2014-07-11,25.9486083984375,25.997364125639944,25.858060909209595,25.871991496551416,1231000
2014-07-14,26.070497512817383,26.115769928583802,25.969502748118906,26.011294509817947,2442600
2014-07-15,26.122730255126953,26.429195129431854,26.108799671251205,26.317753115413055,3102000
2014-07-16,25.95208740234375,26.126215747562604,25.899851024368242,26.126215747562604,3451000
2014-07-17,25.40184211730957,25.882435360801768,25.387911531804182,25.7326848878532,5037800
2014-07-18,25.95208740234375,26.007809748167872,25.670000333325262,25.798856265302785,4871600
2014-07-21,26.122730255126953,26.14362480244698,25.941635321729407,25.990391036800933,2128400
2014-07-22,26.171491622924805,26.310794834782918,26.136666484207222,26.262039109180744,3082200
2014-07-23,26.098358154296875,26.26551988370356,26.09139153232872,26.150594534119097,5485800
2014-07-24,25.95208740234375,26.1784547825258,25.94164012674865,25.997362472572775,2805000
2014-07-25,25.938154220581055,26.028699028729037,25.854570718769942,25.948601494060657,2931600
2014-07-28,25.732685089111328,25.972983041230577,25.708307228533112,25.96949973058011,3064000
2014-07-29,25.461040496826172,25.621238215612717,25.42621536787032,25.593377049653224,7755400
2014-07-30,25.48890495300293,25.683927825919717,25.464527093888332,25.645619382027153,6712400
2014-07-31,25.349605560302734,25.722240123735638,25.272988661038212,25.663037122299514,12415400
2014-08-01,25.279949188232422,25.488905305806803,25.276468534730277,25.297363083692755,7358800
2014-08-04,25.66303253173828,25.73268279661741,25.509798760619447,25.589898956519008,10145800
2014-08-05,25.217267990112305,25.541144158430875,25.213784679284505,25.541144158430875,18953400
2014-08-06,24.694883346557617,24.73318913831328,23.92523371779555,24.276973721262973,15272600
2014-08-07,24.38144874572754,24.736669358710035,24.350104265677317,24.66005247079546,3714400
2014-08-08,23.852094650268555,24.297862689227244,23.500357384613803,24.22821242951011,7401600
2014-08-11,24.137664794921875,24.44413231227052,24.116770248552495,24.437165692156007,5211600
2014-08-12,24.10284423828125,24.221252889809616,24.054088516177682,24.085432998665734,3328600
2014-08-13,24.16988182067871,24.275736394501035,24.018158367263318,24.1310686564101,4641000
2014-08-14,24.219282150268555,24.254566114150705,23.993461551030137,24.081672806732453,4201600
2014-08-15,24.183998107910156,24.208697151746904,24.00404639310308,24.145184940167574,4641200
2014-08-18,24.797948837280273,24.822647882257883,24.656810283696505,24.70268186150778,4280200
2014-08-19,24.88262939453125,24.946141605220387,24.745020053370432,24.864988758891617,2705800
2014-08-20,25.0519962310791,25.200190492283017,24.963784976744314,25.193134776413526,3387000
2014-08-21,25.824724197387695,25.951748601856917,25.560090470075735,25.61654426539901,7106200
2014-08-22,25.77532958984375,26.004676697487277,25.70828817512059,25.997620981618766,3849000
2014-08-25,26.071720123291016,26.10347757713359,25.88824188462456,25.93763997549607,3514800
2014-08-26,26.018787384033203,26.15639670723812,25.951748670159965,26.08229958643497,3055000
2014-08-27,25.951745986938477,26.08229688971547,25.874119670696366,26.064656258201577,2543400
2014-08-28,26.19521141052246,26.258723616660863,26.025847322149158,26.03290303750069,2473200
2014-08-29,26.819746017456055,26.900898850298265,26.59039625630506,26.664493374462754,5991200
2014-09-02,26.336355209350586,26.47749377253351,25.881184756382613,26.050551570600955,4452600
2014-09-03,26.643327713012695,26.682140879842443,26.456320286647813,26.622155181654954,2436000
2014-09-04,26.31165313720703,26.477490727978306,26.18462871414792,26.26225504957225,1585400
2014-09-05,26.37163543701172,26.37163543701172,26.166987376014426,26.191686419168953,2183400
2014-09-08,26.06113052368164,26.14228336183156,25.828251543960516,25.84236566624606,3513800
2014-09-09,25.962337493896484,26.04701954583915,25.845897989979136,25.941164961915394,2383600
2014-09-10,26.357524871826172,26.382223918315127,26.039966471823625,26.145818374493086,1866400
2014-09-11,26.08936309814453,26.14228770050693,25.82472931835646,26.13876118834545,2382200
2014-09-12,25.86353874206543,26.09994423835708,25.577732470733952,26.09994423835708,3597400
2014-09-15,26.03290557861328,26.096417790951207,25.91293956197159,26.03290557861328,1490800
2014-09-16,25.9835147857666,26.082310990032727,25.634198865827187,25.669482839922996,4782400
2014-09-17,25.849430084228516,26.001153569086856,25.73651977168237,25.898828177717817,3997400
2014-09-18,26.166988372802734,26.32223835340497,26.11758759261804,26.22697138103528,2047400
2014-09-19,26.36457633972168,26.47042821452428,26.286950016337034,26.385746176283508,3219200
2014-09-22,26.346935272216797,26.445731440628954,26.276367349634885,26.301066391737923,3132600
2014-09-23,25.097867965698242,26.12464837496938,24.857933218967794,24.87557654863683,16501000
2014-09-24,25.284873962402344,25.440123931663923,25.147261935930064,25.34132776249918,3279400
2014-09-25,25.04846954345703,25.380144754513157,24.99201573484835,25.380144754513157,2384600
2014-09-26,25.390731811523438,25.450714829464747,25.164911174101995,25.302520540905864,3530800
2014-09-29,25.387195587158203,25.52480491591189,25.1543192969572,25.20018817587723,2174600
2014-09-30,25.20725440979004,25.503642996980634,25.17196774674831,25.313106322931922,5825600
2014-10-01,24.88615608215332,25.143734102790944,24.78735991818061,25.13314918407866,2250400
2014-10-02,24.445100784301758,24.79089006333325,24.318076370942734,24.75913261399666,3375400
2014-10-03,24.642696380615234,24.681509550499456,24.483917188902716,24.51920115461727,2044200
2014-10-06,24.692094802856445,24.924971107908657,24.48391484864924,24.86851730656021,1933400
2014-10-07,24.356891632080078,24.617996196682952,24.349835916061146,24.57918572058798,2620400
2014-10-08,24.49449920654297,24.572125537111816,24.06050136489891,24.081671203419976,2601600
2014-10-09,23.693544387817383,24.282794943950734,23.693544387817383,24.215753526572396,5337800
2014-10-10,24.13813018798828,24.445103646216836,23.760583415418836,23.806454992942818,11264000
2014-10-13,24.50156021118164,24.819118590633238,24.480387678422606,24.73796573970458,6215200
2014-10-14,24.632108688354492,24.854402762131052,24.54389743799712,24.56506996863862,5355200
2014-10-15,24.13813018798828,24.339251750687467,23.693544689181767,24.180469869402433,8726600
2014-10-16,23.83820915222168,24.109901330409055,23.42185191286462,23.453609365117526,7768600
2014-10-17,23.926422119140625,23.972293698785403,23.697074988893174,23.718244830579003,8346400
2014-10-20,23.97582244873047,24.021694032656438,23.647676412003733,23.67590466488212,4065200
2014-10-21,24.3463077545166,24.38512092426738,23.91936557925204,23.929950499730616,5780600
2014-10-22,24.2686767578125,24.561538730824367,24.261621042845462,24.311019123595234,3803600
2014-10-23,24.469802856445312,24.674453624643697,24.328664302791463,24.36042175606073,2375600
2014-10-24,24.741497039794922,24.81206497631919,24.40629261131911,24.420406737022805,4693000
2014-10-27,24.96731185913086,25.016709941605633,24.769716837238178,24.7767752444452,2357000
2014-10-28,25.203716278076172,25.383667966272288,25.06610695533605,25.08022107715471,4342600
2014-10-29,25.239004135131836,25.461298223120274,25.133152243131818,25.246062543128176,2889400
2014-10-30,25.616546630859375,25.673003123389385,25.397784452289905,25.411895883428677,2597600
2014-10-31,25.73651695251465,25.803555676624338,25.510696352158657,25.613019040325113,5019200
2014-11-03,25.60243034362793,25.641243505963118,25.454236101253674,25.574204791742478,1433400
2014-11-04,25.88471031188965,26.00467632388775,25.77532921953917,25.979977280712035,2725800
2014-11-05,25.923521041870117,26.128171775800315,25.916462634772632,26.12111336870283,2878600
2014-11-06,25.704757690429688,25.895294313312,25.5883181944471,25.750629263267882,3581000
2014-11-07,25.71534538269043,25.83178489122915,25.567151112910597,25.817670766679548,5814800
2014-11-10,25.831785202026367,25.93058138306826,25.750632349882252,25.898826621445096,2405400
2014-11-11,26.18109893798828,26.237555432333533,26.022319758631447,26.085831968772947,2482000
2014-11-12,26.202274322509766,26.241087493600006,26.09994893436223,26.156402742860873,3141600
2014-11-13,26.297534942626953,26.421030142597658,26.237551944354536,26.255195269490404,2378200
2014-11-14,25.704757690429688,25.77532830556779,25.63066056352996,25.676529444374445,2379000
2014-11-17,25.58126449584961,25.65889083262501,25.28840247692203,25.306045805096048,4384600
2014-11-18,26.10347557067871,26.124645410283826,25.644775971279632,25.644775971279632,3912200
2014-11-19,26.597454071044922,26.795049093727016,26.226968451004012,26.33987873882509,4349200
2014-11-20,26.184627532958984,26.248139741623504,26.004675826410555,26.117586120481505,3278200
2014-11-21,26.308124542236328,26.346937710846973,26.14934535573383,26.297539622068687,2318800
2014-11-24,26.13875961303711,26.279898158816867,26.068188994150304,26.177572780426388,2241400
2014-11-25,25.990568161010742,26.10347847144166,25.905883409191944,25.927055943143714,2804000
2014-11-26,26.078777313232422,26.1634593661993,25.98703685218851,26.025850020630397,1253400
2014-11-28,26.170513153076172,26.488074193284803,26.145814110615152,26.237554564896254,1845200
2014-12-01,26.085834503173828,26.290485277067724,26.06113545749657,26.23755798147529,2837000
2014-12-02,25.620073318481445,25.9411608392321,25.60948840017005,25.84236467900113,4457400
2014-12-03,26.04702377319336,26.099951073745178,25.789445679571482,25.877656949826406,4370200
2014-12-04,26.08936309814453,26.241086572902784,26.02585088331563,26.071719769361053,2415600
2014-12-05,26.011730194091797,26.234021543896127,25.930574670960688,26.234021543896127,2123200
2014-12-08,25.80002784729004,26.085831441149075,25.747100557910354,25.9799768623897,1693800
2014-12-09,25.415424346923828,25.496579879573435,25.203717890090218,25.485994960530803,1992000
2014-12-10,25.97997283935547,26.3398761978108,25.74356736766018,25.792965445566857,15565200
2014-12-11,25.969392776489258,26.163458613112727,25.930579609164564,26.015264351687815,6725400
2014-12-12,25.334274291992188,25.891767394823407,25.316630963651992,25.807085341177164,3827400
2014-12-15,24.607412338256836,25.034354513659455,24.459218067520855,24.850876277318815,5659800
2014-12-16,24.543899536132812,25.051997243064005,24.543899536132812,24.621525873802184,3118800
2014-12-17,24.76619529724121,24.900275449160578,24.522731347603855,24.575658644306863,4432200
2014-12-18,25.44365692138672,25.457771046509514,24.99201568543382,25.08022694845569,2422200
2014-12-19,25.295459747314453,25.42601067875247,24.981427902296915,25.090808994473374,2975800
2014-12-22,25.43659210205078,25.662415355107168,25.30604118855736,25.658886151717404,2122400
2014-12-23,24.76266098022461,25.19313228960566,24.61446673364891,25.16137484134311,2991200
2014-12-24,24.85439682006836,25.069632434842408,24.83675349741747,24.864981736861658,1621600
2014-12-26,25.020244598388672,25.129625705994837,24.942618254154286,24.946144766532807,879400
2014-12-29,24.96731185913086,25.08022214650085,24.90027045063213,24.932027899076537,2633400
2014-12-30,24.94261360168457,25.062579608037773,24.875572191079147,24.963783439983683,1329000
2014-12-31,24.83323097229004,25.22488915091983,24.81559033688856,25.05905156458187,1105400
2015-01-02,24.84029197692871,25.129624809300008,24.805008010443256,25.07669751357478,1593400
2015-01-05,24.64975357055664,24.822646878407948,24.469801854714888,24.80853275442096,2976800
2015-01-06,24.04991912841797,24.54390002897131,23.85938248449282,24.41334908753679,4995600
2015-01-07,24.02521324157715,24.092254648784056,23.802921874724014,23.958174526363784,3035400
2015-01-08,24.371002197265625,24.526254846949907,24.16635146668062,24.183994792142382,4312200
2015-01-09,24.50156021118164,24.646225276399413,24.441574509024033,24.5862422662358,3737200
2015-01-12,24.977901458740234,25.087282563004443,24.702682749950224,24.963787333674837,3322800
2015-01-13,24.96731185913086,25.358970007319115,24.77324604084169,25.27075876118651,2569000
2015-01-14,25.143739700317383,25.246065090638496,24.900275747760446,24.977902091589858,2986400
2015-01-15,25.157848358154297,25.358969890732244,24.953197621989062,25.03435046054155,2877200
2015-01-16,25.422489166259766,25.447188214253305,25.03435742351221,25.08375551949929,2264200
2015-01-20,25.32721519470215,25.418955653985783,25.119037924320917,25.30604535486511,2811400
2015-01-21,25.076696395874023,25.189606698791383,24.924972923954385,25.171963370338,3522000
2015-01-22,24.92144012451172,24.96025328791452,24.706204470002948,24.745017633405748,3072600
2015-01-23,24.94261360168457,25.179019102670246,24.90027123309267,25.05552389260263,3163600
2015-01-26,24.90027618408203,25.080227921385806,24.864992215903346,25.06611379571549,6045600
2015-01-27,25.36602783203125,25.482467332688135,25.143736442408503,25.231947695876965,9655600
2015-01-28,25.055526733398438,25.433070813836054,24.99201451930641,25.369558599744025,2529400
2015-01-29,25.36602783203125,25.47893812879113,25.157850566002715,25.447183369699516,3649400
2015-01-30,25.066112518310547,25.461299940957463,25.030828551929982,25.337802020634374,3430400
2015-02-02,24.91438865661621,25.171964030024593,24.635640750110095,25.157852597284823,3841400
2015-02-03,25.09080696105957,25.119035205783174,24.706204529682854,24.946139225846302,3492600
2015-02-04,25.07316780090332,25.366029831582836,25.044942243483753,25.344859990519655,6599400
2015-02-05,24.43450927734375,24.663859000295023,24.303955695480916,24.62504584601129,7487600
2015-02-06,23.88407325744629,24.106364585706316,23.824087575731266,24.07460983538049,5906600
2015-02-09,23.894664764404297,24.018159980831136,23.757055424386703,23.774696059879783,3367000
2015-02-10,24.0816707611084,24.208695173889122,23.89113414193731,23.898192549310497,4876200
2015-02-11,24.148714065551758,24.251039444540655,23.94406330757396,23.95464822747042,2782600
2015-02-12,24.614469528198242,24.63563936811436,24.339250841313145,24.402763053055388,2867000
2015-02-13,24.68503761291504,24.787362993150232,24.561542392629086,24.59329715270523,4340000
2015-02-17,24.561534881591797,24.762656376551817,24.346299266916137,24.37099830342024,4984000
2015-02-18,24.507129669189453,24.58330603063942,24.354776946289515,24.412817660270576,3607800
2015-02-19,24.644981384277344,24.891648947717798,24.543412875954974,24.55429482077033,4213800
2015-02-20,24.87713050842285,24.90252262707548,24.452718196285986,24.492617724854377,2340200
2015-02-23,25.138309478759766,25.181837245844374,25.007720642438922,25.03673823131749,2067400
2015-02-24,25.14556312561035,25.352328321381858,25.087525180454694,25.170955245528482,4153400
2015-02-25,25.27252197265625,25.384975153809965,24.989580436751172,25.102030850371573,3854400
2015-02-26,25.033113479614258,25.09115142656769,24.913406581634966,25.029485243075424,2087200
2015-02-27,24.99321174621582,25.16007465284395,24.960563151694203,25.014975630874464,1298200
2015-03-02,24.931541442871094,25.00408955810474,24.898892853742716,24.975069204998004,1538400
2015-03-03,24.768312454223633,24.931549920304498,24.67399765832363,24.89890132007467,2203600
2015-03-04,24.590557098388672,24.659479739207864,24.383791943464054,24.543401104294624,2647600
2015-03-05,24.732036590576172,24.89889951427648,24.684880579813242,24.684880579813242,2159400
2015-03-06,24.039188385009766,24.32213273312917,23.995660614171204,24.278602194756857,2712600
2015-03-09,24.002914428710938,24.017424608234013,23.79977745045542,23.91585611910625,1839800
2015-03-10,23.422515869140625,23.752616152824558,23.39712375251364,23.730849504620608,2337000
2015-03-11,23.375364303588867,23.571247569363116,23.31006988166412,23.524088795591332,1894200
2015-03-12,24.24958038330078,24.369287281003928,24.02105129748589,24.115366074542937,4081800
2015-03-13,24.430952072143555,24.467226132780375,24.155264229743562,24.209676704465505,2886400
2015-03-16,24.927913665771484,25.022228431338117,24.561539311770268,24.583303193234396,3154000
2015-03-17,24.931541442871094,25.00408955810474,24.594187448721556,24.70663785759367,2406000
2015-03-18,25.707826614379883,25.776746516955512,25.007726271663977,25.02949016010532,3878800
2015-03-19,25.71870231628418,25.773114791714942,25.504680650932098,25.6171338381646,3077600
2015-03-20,26.371644973754883,26.480469929794875,26.06331128835303,26.132233945013933,4925000
2015-03-23,26.197526931762695,26.335369470009002,26.110468632214154,26.29546717281312,1554800
2015-03-24,25.918210983276367,26.27370342350311,25.903703572888993,26.099584055986583,3233200
2015-03-25,25.577234268188477,26.05605912147987,25.559095851932824,26.016156819744438,2513600
2015-03-26,25.308795928955078,25.493797227654017,25.228994106165963,25.493797227654017,1791600
2015-03-27,25.417619705200195,25.508306232301315,25.24350035545145,25.45752199852734,1481600
2015-03-30,25.370468139648438,25.450272740244618,25.192720522853794,25.19997699610817,1684400
2015-03-31,24.82271957397461,25.120171311291447,24.753796918701127,24.753796918701127,2482400
2015-04-01,24.953310012817383,25.04399655766661,24.822721166831798,25.014976199106766,1736000
2015-04-02,24.956933975219727,25.199973209582943,24.877129386614907,25.047620504537335,2480000
2015-04-06,25.18909454345703,25.28340655358399,25.004093224689594,25.018603403370726,1942800
2015-04-07,25.25075340270996,25.410362554370955,25.247125167208722,25.258007106179644,1467400
2015-04-08,25.34870147705078,25.55546668417738,25.25438946505174,25.537331036116175,1785000
2015-04-09,25.450271606445312,25.584485912801824,25.381348951267512,25.519191494089576,1778200
2015-04-10,25.35958480834961,25.399484338928733,24.96056182722329,24.96419006365176,2291600
2015-04-13,24.971439361572266,25.27614751451265,24.942421777866578,25.102028174613427,2141000
2015-04-14,25.76223373413086,25.86380499418057,25.377723650311157,25.421254190332466,3602800
2015-04-15,26.08507537841797,26.183015615208944,25.972622196877722,26.13948508356111,2531600
2015-04-16,26.128599166870117,26.368012903204633,26.048794588091944,26.349874492561266,2387400
2015-04-17,25.87105369567871,26.023406404979962,25.70419080917734,25.97987864091293,1946600
2015-04-20,25.954486846923828,26.04879884860277,25.900074373626985,25.9907609066106,1111600
2015-04-21,26.371644973754883,26.37527321029851,26.164879771305774,26.24105613352033,1974200
2015-04-22,26.607433319091797,26.618315262328338,26.444198635475914,26.614689792938748,3050000
2015-04-23,26.527624130249023,26.578408368270917,26.233800643474723,26.29546682285368,2072200
2015-04-24,26.041542053222656,26.27369932870699,25.77311072235634,25.8565407729816,3753800
2015-04-27,25.667917251586914,26.05242726853811,25.63526866036525,26.00527126736612,2971800
2015-04-28,25.37409210205078,25.457524934319984,25.14193478730191,25.345074513357293,3970600
2015-04-29,24.949674606323242,25.326930856587904,24.895262141543476,25.065753239671373,3093800
2015-04-30,24.840858459472656,25.14556390797062,24.750171918724416,24.92066029060289,2104800
2015-05-01,24.62320899963379,24.826348736561524,24.44546415141396,24.699385363156576,2315400
2015-05-04,24.851734161376953,25.007715082999027,24.848105925748655,24.93153874000214,1820200
2015-05-05,24.427322387695312,24.69212827295912,24.391048329208928,24.652225978364118,2581200
2015-05-06,24.434585571289062,24.52164388907509,24.31850689172968,24.496251764406914,1425400
2015-05-07,24.405559539794922,24.492617837356203,24.220558235885484,24.40918777605721,1807600
2015-05-08,25.36321258544922,25.490173196664724,25.247133916975937,25.268900569994138,3525600
2015-05-11,25.450271606445312,25.635270153185402,25.450271606445312,25.59174238573293,2503800
2015-05-12,25.036739349365234,25.232622612593918,24.96781945922573,25.014975464851037,1936400
2015-05-13,25.15644645690918,25.23987929412501,24.9968400232649,25.127426098961617,2480800
2015-05-14,25.428508758544922,25.490174950015074,25.22537176662727,25.355960623584032,1686200
2015-05-15,25.134681701660156,25.14193540712898,24.90252438118788,25.01134656842163,2536600
2015-05-18,24.93516731262207,25.03673578259692,24.917031667288413,24.956933961568996,1333600
2015-05-19,24.89889907836914,24.993213865777765,24.768310224275318,24.78644864138486,1873600
2015-05-20,24.85536766052246,24.97144633033827,24.779191292912127,24.790073235780206,1740200
2015-05-21,25.341445922851562,25.345074159212615,25.127424258084943,25.31968203975218,2836800
2015-05-22,25.192718505859375,25.297915219356234,25.16370091776607,25.276151336402897,1399200
2015-05-26,24.5506591796875,24.808208610275276,24.43458052410522,24.721150310471923,4307400
2015-05-27,24.938796997070312,24.953307174699887,24.68487580738623,24.699383217482403,1947800
2015-05-28,24.99321174621582,25.014975630874464,24.884386787855295,25.011347394253473,4626200
2015-05-29,24.503507614135742,24.69213442578725,24.274975730412354,24.69213442578725,4241800
2015-06-01,24.318500518798828,24.47810969919089,24.089971456673798,24.43820740409288,4312000
2015-06-02,24.303991317749023,24.445462090583995,24.187912663947678,24.26046078474849,2542200
2015-06-03,24.521636962890625,24.597813315378993,24.41644025682576,24.449088846482628,2067600
2015-06-04,24.15526580810547,24.470855968087395,24.122619981659206,24.28585464895774,2818400
2015-06-05,24.31124496459961,24.33301161481446,24.02467795084923,24.068205716212123,1602600
2015-06-08,24.02104949951172,24.173402211984722,24.02104949951172,24.108107796991526,2168400
2015-06-09,23.71634292602539,23.92673636286966,23.534969846166586,23.890462300404614,3865400
2015-06-10,24.086345672607422,24.271346989847267,23.854188350693473,24.064579020998654,2607800
2015-06-11,24.097230911254883,24.198799407545568,24.00291612147041,24.16615357696669,1714400
2015-06-12,23.828794479370117,23.90859907182726,23.69820564944631,23.788892183141545,1297600
2015-06-15,23.574872970581055,23.636541923217816,23.466050779375646,23.618403507583416,2430400
2015-06-16,23.745359420776367,23.763497832825422,23.516830373637102,23.55673266611853,1801600
2015-06-17,23.92673683166504,23.984777546773156,23.694579506299803,23.82516834775945,2554000
2015-06-18,24.253210067749023,24.329386434235055,24.053698559666266,24.060955033160415,4520400
2015-06-19,24.195167541503906,24.282228611723923,24.108109238817434,24.148011537451556,3982200
2015-06-22,24.376541137695312,24.474484151890195,24.282229127587005,24.285854596606367,4297600
2015-06-23,24.51800537109375,24.630458533928184,24.423693386178243,24.427318854229163,2900000
2015-06-24,24.133499145507812,24.394676797145024,24.12261720461181,24.307618502443717,1514400
2015-06-25,23.890459060668945,24.02104788186109,23.86506694363343,24.013791409831978,1433400
2015-06-26,24.060951232910156,24.093597055876394,23.86506799251279,23.90859852400109,6759800
2015-06-29,23.339088439941406,23.730854987734006,23.33546297068069,23.524089770987988,5349800
2015-06-30,23.11055564880371,23.346341187204274,22.932810819716114,23.291928714106707,6691000
2015-07-01,23.447912216186523,23.513206637512344,23.35359743704175,23.49869645860287,4269000
2015-07-02,23.727222442626953,23.85780848541447,23.665553505646255,23.77075020104514,2375200
2015-07-06,23.622026443481445,23.716338434522644,23.480555689386605,23.509573273343026,1960000
2015-07-07,23.79977035522461,23.83967264513388,23.433396042208997,23.560356615768978,6898200
2015-07-08,23.335458755493164,23.45153740414534,23.288299988284496,23.41163510921491,2037800
2015-07-09,23.415266036987305,23.73448166559197,23.415266036987305,23.687325660495908,1848200
2015-07-10,24.10448455810547,24.13713315613751,24.02105447958773,24.082720671106745,2026000
2015-07-13,24.369285583496094,24.452718412683588,24.31850134574141,24.42369805752851,2983200
2015-07-14,24.60869598388672,24.644972810696846,24.43095115615707,24.557911747392534,1531000
2015-07-15,24.626832962036133,24.713891252733347,24.550656611734425,24.615951021640626,2679000
2015-07-16,24.514389038085938,24.626839475291042,24.42370248742791,24.42370248742791,1361200
2015-07-17,24.49262237548828,24.55429133324006,24.358408051782764,24.358408051782764,5262800
2015-07-20,24.612327575683594,24.659486349952985,24.463603082111835,24.601445633170258,1327400
2015-07-21,24.536149978637695,24.58693421950594,24.46360185383551,24.58693421950594,1282600
2015-07-22,24.383798599243164,24.40919072107604,24.271348169345238,24.391052305109536,1376400
2015-07-23,24.140758514404297,24.296739476873906,24.093599741485395,24.27860106151531,1269800
2015-07-24,23.854190826416016,24.169778248394014,23.80703204931393,24.06820975545701,3942800
2015-07-27,23.730850219726562,23.788890926641894,23.651045631484596,23.709086338399928,1278300
2015-07-28,23.803401947021484,23.868696360848812,23.469673405496632,23.636539060025722,2123900
2015-07-29,23.948497772216797,24.006538480190315,23.774381183362802,23.91948018576332,1869300
2015-07-30,24.478113174438477,24.60869925166878,24.289483613097733,24.45634652195535,2192700
2015-07-31,24.514389038085938,24.68125195919264,24.470858497457883,24.65948807264556,1055300
2015-08-03,24.62320899963379,24.70301359976251,24.427325735917925,24.55791457839517,2598200
2015-08-04,24.913406372070312,25.007721148551582,24.79732771160628,24.826348068605682,1921400
2015-08-05,25.058507919311523,25.16733011774505,24.88438852727049,24.956939427093356,1574300
2015-08-06,24.840858459472656,25.000464889266716,24.73928720910641,24.891642700888983,2265700
2015-08-07,24.44183349609375,24.49261773341677,24.253206724255882,24.456343673547952,3274500
2015-08-10,24.68124771118164,24.790069892721014,24.391049692009805,24.391049692009805,1185700
2015-08-11,24.70301628112793,24.732036642058116,24.521643176615193,24.543409831079803,2079000
2015-08-12,24.541269302368164,24.570675521402787,24.23248016341433,24.46039588967552,1486000
2015-08-13,24.578027725219727,24.79858978022148,24.54126785015255,24.776534416100915,1842500
2015-08-14,24.600080490112305,24.651544870688397,24.386869310812255,24.511856238353054,1229800
2015-08-17,24.710365295410156,24.71771614851756,24.408929835230627,24.453040563072378,1560000
2015-08-18,24.79123306274414,24.99709055810422,24.776528555275846,24.805937570212436,1412400
2015-08-19,24.519210815429688,24.688311296837128,24.43098655026841,24.658902273583763,896300
2015-08-20,23.93104362487793,24.269238967917612,23.93104362487793,24.20307006996648,985700
2015-08-21,23.25464630126953,23.842813994834383,23.24729544964038,23.725180736581223,1725000
2015-08-24,22.526790618896484,23.05614169811383,21.68865327986781,22.548847381296905,3788700
2015-08-25,22.262121200561523,23.137018593413334,22.254768944869568,23.137018593413334,2881000
2015-08-26,22.887042999267578,22.953211885157423,22.320933445530965,22.9385087789701,3287200
2015-08-27,23.23995018005371,23.269357802305397,22.953217799877795,23.070851093483487,2103500
2015-08-28,23.284061431884766,23.313469053021613,23.08555473058822,23.107611498165422,1735500
2015-08-31,22.99732780456543,23.28405873840312,22.975271039539738,23.232594355642433,1720700
2015-09-01,22.563554763793945,22.857637955098838,22.45327374234202,22.73265242350685,2266900
2015-09-02,23.291410446166992,23.350227082554316,23.041439390946067,23.350227082554316,2645300
2015-09-03,23.70313262939453,24.01191897506221,23.563441164317187,23.89428568081753,2843800
2015-09-04,23.30611801147461,23.681073241166683,23.151723444278396,23.644313364467273,1993100
2015-09-08,24.21042251586914,24.25453604716114,23.953100594828975,24.129549110799775,2350500
2015-09-09,23.820764541625977,24.45304170863386,23.776651007118954,24.45304170863386,2532700
2015-09-10,24.467744827270508,24.666251514353608,24.173663027761158,24.210422902124996,3565200
2015-09-11,24.482446670532227,24.504504836426168,24.305998170970703,24.342758041329493,2018800
2015-09-14,24.38686752319336,24.445685556453615,24.269234261271045,24.430981048138552,1493000
2015-09-15,24.600080490112305,24.622138656500912,24.34275858723183,24.430982838991078,2312300
2015-09-16,24.71771812438965,24.798591538029235,24.51921141943764,24.666253734727896,2138300
2015-09-17,24.857406616210938,25.026504276982617,24.37216899694482,24.438337890690132,3528700
2015-09-18,25.26912498474121,25.34264754550472,24.901520594720424,24.960338643331234,6937300
2015-09-21,24.658897399902344,25.180894838785257,24.394221852131214,25.144134969283325,4795000
2015-09-22,23.681066513061523,24.04867078481199,23.49726437718629,23.989855559722887,3717600
2015-09-23,23.747238159179688,23.842816066250904,23.607549529305096,23.76929632517972,1956700
2015-09-24,23.85752296447754,23.960451734123826,23.5928473827593,23.761945047835148,1914000
2015-09-25,23.791351318359375,24.269235237122498,23.622253672834116,24.181010988282864,3432100
2015-09-28,23.092906951904297,23.842820220814325,22.88704799505662,23.842820220814325,4275200
2015-09-29,22.99732780456543,23.269354228385996,22.806173381240548,22.967918784531175,2282500
2015-09-30,23.39434051513672,23.511973794477626,23.21789059612536,23.423749536121598,1818000
2015-10-01,23.372283935546875,23.519324825922247,23.114960624515934,23.40904380756591,1914300
2015-10-02,23.607547760009766,23.614898611726627,22.967915683614542,23.048789075490706,2071400
2015-10-05,23.80606460571289,23.857529003563283,23.64431775269776,23.64431775269776,1720100
2015-10-06,23.58549690246582,23.80605895585025,23.379636555321504,23.695776526858698,2441000
2015-10-07,23.467863082885742,23.644313012555635,23.070849689403946,23.232596509992554,3623400
2015-10-08,23.813413619995117,23.83546898748363,23.42375383650273,23.592851531312615,4027100
2015-10-09,23.69577407836914,23.83546271000553,23.614900679411825,23.747238458687725,2425100
2015-10-12,23.622257232666016,23.70313064153912,23.519327057109514,23.659017108172318,2393400
2015-10-13,23.01203155517578,23.357580538735665,22.938511807634722,23.173778365284424,3289500
2015-10-14,23.166425704956055,23.26200221646765,23.070847791145184,23.129664429529075,1667000
2015-10-15,23.70313262939453,23.73989250798369,23.33552683200555,23.379638966772436,2514700
2015-10-16,23.783998489379883,23.798702998797978,23.372283444066824,23.372283444066824,2391300
2015-10-19,23.673723220825195,23.850171757031706,23.504624136078284,23.717833952577365,3629400
2015-10-20,22.740007400512695,23.20318830697237,22.66648624331131,23.18113294142156,2979500
2015-10-21,22.401809692382812,22.747358695948574,22.2474165308487,22.710597417750417,3249300
2015-10-22,22.84293556213379,22.923808973100535,22.541500087820616,22.791471174172916,2899500
2015-10-23,23.05614471435547,23.21053786445909,22.916454672143185,22.967919055511057,2229000
2015-10-26,23.129661560058594,23.31346370749313,22.989972937663698,23.03408506040424,1269300
2015-10-27,23.05614471435547,23.188482501472443,22.945862290225136,23.05614471435547,2393000
2015-10-28,23.614900588989258,23.70312764456762,23.350226433750098,23.548731699604673,2346600
2015-10-29,23.70313262939453,23.717834337151025,23.423752503838802,23.423752503838802,2832800
2015-10-30,23.445804595947266,23.681071151582472,23.438452340796257,23.644311278126704,2011400
2015-11-02,23.73988914489746,23.776649018279073,23.41639693040203,23.44580454864746,2352500
2015-11-03,23.754589080810547,23.8207579619949,23.519321168655615,23.673715692185443,2010600
2015-11-04,23.622257232666016,23.725186005923153,23.284060488350708,23.592848210421483,3907400
2015-11-05,23.90898895263672,24.10014199414159,23.813411029584874,24.10014199414159,2429000
2015-11-06,23.59284782409668,23.62225684585965,23.291412362522937,23.59284782409668,3495000
2015-11-09,23.210540771484375,23.335526319159975,23.05614760204364,23.313469551111535,2234800
2015-11-10,23.320819854736328,23.35022887633883,23.07820103571304,23.19583431752437,1979900
2015-11-11,23.409042358398438,23.6663642512003,23.372282488655067,23.46785899136731,2218600
2015-11-12,22.681190490722656,23.409046993699892,22.659133723129617,23.409046993699892,2598600
2015-11-13,23.004680633544922,23.056145017589657,22.600315011780474,22.600315011780474,3075300
2015-11-16,24.100143432617188,24.129552457557537,23.570795006685803,23.570795006685803,8504400
2015-11-17,24.59273338317871,24.71771752515615,24.328057782992577,24.408931194671542,5671600
2015-11-18,24.76917839050293,24.813291919125696,24.61478524722088,24.666249628314898,5612900
2015-11-19,25.004444122314453,25.070613010801544,24.84270013181138,25.03385314044168,6944400
2015-11-20,25.055912017822266,25.254415884321908,25.041207508341106,25.18824699395589,4738600
2015-11-23,24.967689514160156,25.239718782272547,24.88681609956452,25.10738097740677,3918100
2015-11-24,24.95298194885254,25.00444633282571,24.66625100825955,24.70301088186916,4762400
2015-11-25,25.077970504760742,25.188250132713996,24.93092819622431,24.95298356089521,3922400
2015-11-27,25.033857345581055,25.173548802851315,25.019152834047407,25.114730756716718,1252400
2015-11-30,25.033857345581055,25.173548802851315,24.997097469046334,25.13678612171779,3776000
2015-12-01,25.563199996948242,25.644073381048976,25.122073212198213,25.23970926514318,4550400
2015-12-02,25.23236846923828,25.60732656760349,25.17355321738841,25.541157656397825,4100800
2015-12-03,24.680959701538086,25.269126192769743,24.614790795987084,25.261775338641435,5124000
2015-12-04,24.938276290893555,24.982389819954246,24.732418764473895,24.73977242161657,2621400
2015-12-07,24.989742279052734,25.12943090748371,24.850050846023446,25.09267103732801,3103300
2015-12-08,24.66625213623047,24.776534566701027,24.519209830469293,24.688310305083807,3490100
2015-12-09,24.600080490112305,24.864756049988447,24.4750963671699,24.739771927046043,3343000
2015-12-10,24.607440948486328,24.747129619430947,24.49715849985693,24.585382776000944,1960200
2015-12-11,24.445688247680664,25.18089691678384,24.31335046287421,24.519207992751582,4455400
2015-12-14,24.26188087463379,24.328049752839433,23.945740990384365,24.26188087463379,3467200
2015-12-15,24.453041076660156,24.651547769913282,24.401576690031426,24.43098571227605,2782600
2015-12-16,24.842702865600586,24.894167250687406,24.460394001670874,24.629491667613095,2178700
2015-12-17,24.526565551757812,24.717718602110345,24.43098762428207,24.563325430141113,2999500
2015-12-18,24.114843368530273,24.32070369944521,24.107492515989737,24.232476641368045,4421200
2015-12-21,24.217777252197266,24.52656641155957,24.10014395448759,24.4824528731938,2911900
2015-12-22,24.430984497070312,24.46774437074828,24.151604408840296,24.276591344863693,2350600
2015-12-23,24.967689514160156,25.04856292875579,24.67360768470203,24.680958538483942,2689400
2015-12-24,25.092674255371094,25.180898515978864,25.01915170103239,25.092674255371094,805900
2015-12-28,25.063264846801758,25.10002472110441,24.901518034351728,24.93827790865438,1489600
2015-12-29,25.335290908813477,25.40881346093397,25.210306777106524,25.232362140443378,1833900
2015-12-30,25.35734748840332,25.54114965029358,25.261769578932828,25.320584812346535,3238400
2015-12-31,24.960336685180664,25.195603251969274,24.952983027381748,25.18824959417036,1443200
2016-01-04,24.555967330932617,24.636837917674995,24.29864264897666,24.629487066006824,3416500
2016-01-05,24.923572540283203,24.952978752645123,24.51185471663585,24.52655922511592,2927600
2016-01-06,24.511857986450195,24.62949126538451,24.350111176191046,24.37952019707427,3315800
2016-01-07,23.629610061645508,24.033974335221973,23.563441158362163,23.828116771495548,7041300
2016-01-08,23.35758399963379,23.945750480906796,23.30611960780984,23.923695114296248,3081100
2016-01-11,23.1884822845459,23.40169207111814,22.91645445776144,23.386987561065087,4113900
2016-01-12,23.30611801147461,23.379637764873426,23.034090156081,23.210540088377094,2956100
2016-01-13,23.122314453125,23.681071837800353,23.0340887910556,23.659016474007498,3527900
2016-01-14,23.38698387145996,23.445800500093817,22.857634213755247,23.04878860739004,4237300
2016-01-15,22.490034103393555,22.62237189292711,22.240063034785575,22.335639548171308,5119200
2016-01-19,22.65913200378418,22.842934179547907,22.467977572713988,22.83558192424144,4357900
2016-01-20,22.62236976623535,22.82822728411362,22.02684976931821,22.40180633698113,5081200
2016-01-21,22.563554763793945,22.703243403226725,22.203302679158043,22.563554763793945,5120800
2016-01-22,23.14436912536621,23.29876367879954,23.01938359251039,23.239947039943814,6369300
2016-01-25,23.195833206176758,23.50462090671185,23.18113009837929,23.43110116082671,3364700
2016-01-26,23.39434051513672,23.519326049723848,23.034088421867782,23.32081936497383,4076500
2016-01-27,23.210540771484375,23.673723084405484,23.10025973584107,23.578145158495023,4807500
2016-01-28,22.960569381713867,23.56344034431291,22.769414934643535,23.55608949069047,5108800
2016-01-29,23.68842887878418,23.703133391612486,23.195837515132606,23.269358676974612,5121300
2016-02-01,23.91633415222168,24.092785445019118,23.482562381183467,23.541379011349587,5091600
2016-02-02,23.747238159179688,23.916335807322092,23.63695854757291,23.916335807322092,5617200
2016-02-03,23.813413619995117,24.12955364212638,23.511978111055903,24.092793761445815,7715400
2016-02-04,22.401809692382812,22.4459232262206,21.997445448298762,22.159190865472507,12627600
2016-02-05,22.078317642211914,22.2180062847743,21.916570831645974,22.181246410899842,11240200
2016-02-08,21.093135833740234,21.38721900313884,20.799052664341627,21.372514494094116,11646500
2016-02-09,21.019615173339844,21.174008314956158,20.806403994194426,20.821108503576703,6107900
2016-02-10,21.350461959838867,21.60043163520177,21.276940807179496,21.306348426863636,4790100
2016-02-11,21.43133544921875,21.688658800189362,21.232828743987184,21.688658800189362,4851600
2016-02-12,21.80628776550293,21.820992274595312,21.42397894289593,21.4533879610807,2995700
2016-02-16,22.284177780151367,22.394458816943843,21.806292352517662,21.8798135111458,5606500
2016-02-17,22.81547737121582,22.891377453753098,22.451158712245295,22.587778571277656,4602000
2016-02-18,22.542234420776367,22.67126409999947,22.48151465688746,22.55741327599357,4789100
2016-02-19,22.435976028442383,22.466336637309148,22.139967330358985,22.139967330358985,4258600
2016-02-22,22.45874786376953,22.481518321817415,22.276588542407247,22.284178695089874,3111300
2016-02-23,22.246225357055664,22.44356496094451,22.215866197512305,22.276585964272456,4983600
2016-02-24,22.124788284301758,22.132378436950148,21.760469643220556,21.897089495544403,3824300
2016-02-25,22.49669647216797,22.504286624611947,22.162738450674226,22.2765878419868,2847200
2016-02-26,22.291767120361328,22.496695436217795,22.268996664077946,22.451155971324525,3649300
2016-02-29,21.760465621948242,21.935034757580574,21.684565557164046,21.813595232995187,4854300
2016-03-01,22.02611541748047,22.079245029233252,21.608665779458082,21.692155996597226,5318300
2016-03-02,22.018524169921875,22.041294622827998,21.737694374772783,21.813594436786587,5854500
2016-03-03,21.8135986328125,21.83636909009871,21.525180078888283,21.616259012686015,4251800
2016-03-04,21.912269592285156,22.079248605939707,21.707339815749858,21.737698978380877,4312100
2016-03-07,21.912269592285156,22.00334852785179,21.585900269878625,21.64662004281424,3875200
2016-03-08,21.980573654174805,22.124783628802366,21.866724283752326,21.881904585854866,3620800
2016-03-09,22.223459243774414,22.223459243774414,22.064068930473596,22.109608399556564,3828300
2016-03-10,22.01093864440918,22.314537508590455,21.942628719009196,22.20068811548167,5324000
2016-03-11,22.443565368652344,22.489104832631366,22.1020172172995,22.13996652933644,7360300
2016-03-14,22.276586532592773,22.35248660489768,22.162737147972145,22.261406228597096,8741300
2016-03-15,21.6010799407959,21.86672950027046,21.570720777021634,21.813599877910274,7214900
2016-03-16,21.737699508666992,21.806009435845162,21.388561167688444,21.441690789343994,4875600
2016-03-17,21.87431526184082,21.950215327549913,21.737695433099127,21.82118565014646,6486600
2016-03-18,21.616254806518555,21.737694326401098,21.50240543758783,21.654205561277642,4819500
2016-03-21,21.555538177490234,21.608667794196695,21.46445924818587,21.46445924818587,3728600
2016-03-22,21.380966186523438,21.441685947228127,21.009057471248063,21.024237773342556,8217900
2016-03-23,21.25952911376953,21.46445887262898,21.22157835416216,21.37337849724474,3934900
2016-03-24,21.251935958862305,21.267116260560215,21.084956983205043,21.11531613892761,3159400
2016-03-28,21.213993072509766,21.418921416758224,21.198812766217674,21.350611486117508,2975400
2016-03-29,21.654207229614258,21.71492699423365,21.183627968058925,21.251937884214914,2940000
2016-03-30,21.494815826416016,21.707335715383923,21.494815826416016,21.57071589016693,2518900
2016-03-31,21.373374938964844,21.593484965022906,21.373374938964844,21.472045449843705,2181700
2016-04-01,21.418916702270508,21.464457611122832,21.024238959263958,21.062188268967525,3135400
2016-04-04,21.67697525024414,21.85154583229611,21.654206244343726,21.85154583229611,3825600
2016-04-05,21.472049713134766,21.608668109082142,21.380969334829683,21.494818721955912,5075700
2016-04-06,22.610546112060547,22.671265880718703,21.9350370571059,21.942627209147354,5192500
2016-04-07,22.489103317260742,22.61813299623485,22.40561454687046,22.458744159211555,4488800
2016-04-08,22.35248565673828,22.489104043883803,22.299354595007156,22.466335036529586,2951500
2016-04-11,22.079246520996094,22.42079611630239,22.04129720937248,22.40561581258357,3083200
2016-04-12,22.13996124267578,22.17791054565105,21.836362475854298,22.003341435687837,3250300
2016-04-13,22.42079734802246,22.473926966283653,22.21586757958056,22.30694651155017,2772700
2016-04-14,22.49669647216797,22.557416244046244,22.367666775967436,22.458747157621627,1991200
2016-04-15,22.549823760986328,22.618133678248476,22.45874483641907,22.572594215964845,2268000
2016-04-18,22.921735763549805,22.97486538168739,22.511876227619513,22.511876227619513,7279700
2016-04-19,22.95968246459961,23.081121991573703,22.86860209553236,22.97486276738971,4323500
2016-04-20,22.898962020874023,22.982452236066056,22.747161892829116,22.769932346337846,3518100
2016-04-21,22.868602752685547,22.898963359138193,22.71680406344251,22.731984366668833,4089800
2016-04-22,22.845836639404297,22.90655641232757,22.671267473209078,22.83824648682969,2280500
2016-04-25,22.777523040771484,22.81547234985118,22.66367366585905,22.747162435369052,2698100
2016-04-26,22.466337203979492,22.61054720438702,22.38284697516352,22.534647127979188,3805600
2016-04-27,22.329713821411133,22.451153345371594,22.246223605810822,22.291764513050982,4806900
2016-04-28,22.21586799621582,22.398027311244764,22.079248148025723,22.177917234122155,3706900
2016-04-29,21.980573654174805,22.587772709216846,21.91985389343793,22.565002256063032,4752700
2016-05-02,22.223459243774414,22.23104939656718,21.9426293811366,22.094429541644654,2607900
2016-05-03,21.950218200683594,22.139967665956558,21.821188506391035,21.866727972707956,5237600
2016-05-04,21.449281692504883,21.517591622072864,21.312661833368917,21.40374222201745,4892000
2016-05-05,21.32784080505371,21.411329587778283,21.20640125956927,21.320250652501738,3884600
2016-05-06,21.22158432006836,21.28989425889177,21.05460527387439,21.176044843410708,2889600
2016-05-09,21.843957901000977,21.95780728509296,21.67697745317083,21.73010706923553,3361200
2016-05-10,21.965396881103516,22.010936344052997,21.80600658927019,21.86672635576064,3315400
2016-05-11,21.71492576599121,21.95780481073103,21.70733561488393,21.843955439468402,2258900
2016-05-12,21.547950744628906,21.995759638627085,21.532771886278372,21.995759638627085,3616800
2016-05-13,21.631439208984375,21.783239361450175,21.54794898036083,21.54794898036083,4736200
2016-05-16,21.85154914855957,21.889498462601786,21.563129150214007,21.570719302557155,3673300
2016-05-17,21.85154914855957,21.96539853835975,21.760468768115302,21.93503792898715,2381900
2016-05-18,21.89708709716797,21.942626560396807,21.71492779657918,21.85913633808274,3774800
2016-05-19,21.54035758972168,21.63143796550011,21.33542927764877,21.623847813545783,2998100
2016-05-20,21.775644302368164,21.881903516546778,21.616254033427023,21.623844184107384,3643100
2016-05-23,21.745288848876953,21.874318545650564,21.661800066969487,21.775649458787715,3350100
2016-05-24,22.37525177001953,22.413202523490256,22.033703674822327,22.041293825516473,3534300
2016-05-25,22.7547550201416,22.838245246253496,22.58777601559131,22.709215554841247,4727700
2016-05-26,22.731983184814453,22.838242406527414,22.51946329371521,22.52705344493375,5475200
2016-05-27,22.678852081298828,22.701622534909287,22.45115333588748,22.45115333588748,4899000
2016-05-31,22.542234420776367,22.92173330700039,22.435973748215755,22.83824308877563,4573200
2016-06-01,22.35248565673828,22.43597442982609,22.268995435977065,22.284175739328816,4156000
2016-06-02,22.51946449279785,22.572594106483297,22.2689952799426,22.314534742005357,3038500
2016-06-03,22.565004348754883,22.694034033246194,22.428384512508387,22.648494570388504,2759200
2016-06-06,22.671266555786133,22.792706096718472,22.595366480785042,22.595366480785042,2787400
2016-06-07,22.656084060668945,22.769933438325896,22.633313606068203,22.678853067596307,4011000
2016-06-08,22.49669647216797,22.701626245134733,22.466337310065608,22.701626245134733,3686100
2016-06-09,21.980573654174805,22.29176405658374,21.950214497643014,22.16273438405872,3629300
2016-06-10,21.229167938232422,21.418917388173384,21.062188943446806,21.380968077254558,5556500
2016-06-13,20.948339462280273,21.18362837372705,20.917978855552477,21.0166493797444,3772600
2016-06-14,20.690277099609375,20.735816555433047,20.485347376893046,20.614377041454453,6096200
2016-06-15,20.77376937866211,21.06977804252602,20.72063831928738,20.92556806242702,4787600
2016-06-16,20.97110366821289,21.00905441793362,20.470165353283893,20.614375306876507,6182600
2016-06-17,20.93316078186035,21.06219047511031,20.826901545421627,21.06219047511031,8598600
2016-06-20,21.57071876525879,21.935037382614084,21.55553846095061,21.927447230459993,5178000
2016-06-21,21.737699508666992,21.935039137440196,21.684569887011442,21.821189741367782,4146900
2016-06-22,21.783239364624023,22.15514814577852,21.73769845027352,21.995757840898854,6579700
2016-06-23,22.23104476928711,22.24622362403962,21.85913459822097,22.102015094014227,4197000
2016-06-24,21.145681381225586,21.828779183082585,20.955931911394558,20.986291073777267,10567300
2016-06-27,21.213993072509766,21.289891708622836,20.925573043654815,21.183632459925587,8197400
2016-06-28,22.079246520996094,22.139966288197943,21.54794747222484,21.60107708756728,5927800
2016-06-29,22.656084060668945,22.86101380905549,22.322124631558285,22.52705437994483,6757400
2016-06-30,22.91414451599121,22.952093827797356,22.458745535950207,22.489104695860433,5627500
2016-07-01,23.088712692260742,23.119071850889846,22.86101393568558,22.914143549041558,4066700
2016-07-05,22.8837833404541,22.990044016686234,22.754753656772767,22.754753656772767,4031800
2016-07-06,22.838247299194336,22.853427604883517,22.527058270934248,22.595368198861937,4352100
2016-07-07,22.853424072265625,23.081122831711806,22.75475354821178,22.99763261100062,3846400
2016-07-08,22.853424072265625,22.990043907002697,22.694033782514573,22.716804237528553,3788300
2016-07-11,22.74716567993164,22.92173629054898,22.656086746079904,22.716806517872246,3773700
2016-07-12,22.921735763549805,23.005224543048794,22.640905920670882,22.6712665297058,11359300
2016-07-13,22.891372680664062,23.134251736001605,22.88378252922559,23.005222056894365,9620700
2016-07-14,23.027992248535156,23.149431774818698,22.891372419547835,23.13425147211492,9503200
2016-07-15,22.95209312438965,23.11907211796215,22.861014199776793,23.027993193349296,7349700
2016-07-18,23.18738555908203,23.24810533394275,23.111486926261353,23.134255937038105,5850000
2016-07-19,22.997631072998047,23.10389174161687,22.89896200321626,23.005221224161772,7143600
2016-07-20,23.20256233215332,23.324001863385735,22.997632580321095,22.997632580321095,5953000
2016-07-21,23.172204971313477,23.240514893891643,23.05076543065752,23.05076543065752,9556300
2016-07-22,23.627599716186523,23.703499781992196,23.073531696849816,23.103892302241423,12323100
2016-07-25,23.64278221130371,23.741452740302915,23.445442600978783,23.62760190720022,8189800
2016-07-26,23.46062469482422,23.680734778095932,23.339185148078997,23.642784014942055,8335500
2016-07-27,23.938791275024414,23.961560282483124,23.559292375529466,23.566881079566762,9422900
2016-07-28,26.02603530883789,26.071573323906822,24.675017253305064,24.697789156186367,20001300
2016-07-29,25.912185668945312,26.06398581528009,25.40365850837283,25.813515139525663,11506500
2016-08-01,25.68448829650879,25.859057460933556,25.547868446898597,25.547868446898597,6605200
2016-08-02,25.965314865112305,26.063985392933073,25.676897776631474,25.8059260169497,7691500
2016-08-03,25.874237060546875,26.003265306468315,25.623766377974135,25.623766377974135,9399900
2016-08-04,26.03362274169922,26.155062268197973,25.82869299785506,25.859053603316426,6766500
2016-08-05,26.018442153930664,26.595282069990365,25.94254353645544,26.54974116229723,11262600
2016-08-08,26.185426712036133,26.276505646424283,25.919778613676066,25.942547623436322,6084900
2016-08-09,25.912185668945312,26.018444902775567,25.84387574786201,25.86664765178776,4840100
2016-08-10,25.804506301879883,25.96602412071422,25.766050097493657,25.96602412071422,3310100
2016-08-11,26.00448226928711,26.12754387905101,25.850654523577184,25.912183861449027,3568100
2016-08-12,25.79681396484375,25.958331769466728,25.67375236122338,25.819887098641303,5102500
2016-08-15,25.719900131225586,25.93526015065637,25.70451706312194,25.881420879303732,3672900
2016-08-16,25.804506301879883,25.935260917617434,25.727593893107432,25.766050097493657,3945200
2016-08-17,25.858346939086914,25.91987921656752,25.635299768270926,25.81220066499694,3680300
2016-08-18,25.81989288330078,25.912188373188823,25.67375811314299,25.69683125210982,3092200
2016-08-19,25.812196731567383,25.819886798070357,25.619912794772688,25.789120664018398,3266300
2016-08-22,26.035247802734375,26.14292928818862,25.812200632201773,25.812200632201773,6350100
2016-08-23,26.019865036010742,26.20445598150935,25.935259630148806,26.13523364344233,4632300
2016-08-24,25.766048431396484,26.542874272239878,25.704516161141097,26.26598785815104,5432000
2016-08-25,25.558382034301758,25.812198254172436,25.4737766276782,25.61222130505853,3894900
2016-08-26,25.419937133789062,25.72759262171596,25.212270119541433,25.496852472780876,4839100
2016-08-29,25.61221694946289,25.70451240734734,25.41993303402545,25.46608222997753,2478400
2016-08-30,25.542999267578125,25.619914608152097,25.435320724794806,25.49685299725398,4694200
2016-08-31,25.235340118408203,25.273796311644176,25.081512411444837,25.166117796975662,4773600
2016-09-01,25.073822021484375,25.14304435011996,24.889231101136,24.89692116697561,6531000
2016-09-02,25.61991310119629,25.750664771450907,25.350713826051972,25.443012229311773,3646800
2016-09-06,25.450700759887695,25.59683548853265,25.41224456119375,25.519923091144758,3789100
2016-09-07,25.519929885864258,25.543003024419907,25.350719045734383,25.435324465799322,4487400
2016-09-08,25.412250518798828,25.443016658574702,25.24303968405209,25.250732686006348,6069400
2016-09-09,24.76617431640625,25.266110845566754,24.758481315053736,25.266110845566754,4467100
2016-09-12,25.566078186035156,25.642990601160584,24.973843200703563,25.019989476170593,3603500
2016-09-13,25.181509017944336,25.373792980428878,24.98153205390898,25.2738044984112,5833700
2016-09-14,25.45839500427246,25.589149622115308,25.250730910439156,25.312260251643742,6971700
2016-09-15,25.889110565185547,26.012172174182655,25.381481061319956,25.52761580512271,6016900
2016-09-16,26.01217269897461,26.265988923038208,25.904494155682265,26.242912853746812,5154700
2016-09-19,25.781435012817383,25.950645845062,25.73528580383598,25.85065735927922,3330100
2016-09-20,25.88142204284668,26.196767618097685,25.83527283646103,26.135235342916822,3429700
2016-09-21,25.958335876464844,25.98140901391291,25.52761872863759,25.75066883737066,3941500
2016-09-22,26.365970611572266,26.412119809389633,26.23521895211946,26.32751441373437,4547900
2016-09-23,26.12755012512207,26.265994835955677,26.06601783852006,26.11216705347157,3795000
2016-09-26,25.804506301879883,25.927567916327995,25.71221082454888,25.896801779210886,4243300
2016-09-27,25.85065460205078,25.86603767007049,25.36609822850064,25.41993749955952,3677900
2016-09-28,26.01217269897461,26.219839718475665,25.942950359140923,26.14292731155835,8518000
2016-09-29,25.419937133789062,25.742975689514324,25.20458005265234,25.71989962080669,6969900
2016-09-30,25.2738037109375,25.51223393921632,25.2738037109375,25.312259915432115,4557400
2016-10-03,25.38147735595703,25.419933553025743,25.16612030515645,25.27379883055674,3088600
2016-10-04,25.050756454467773,25.589152180431643,24.873855546540625,25.358411993310174,5415400
2016-10-05,25.073822021484375,25.196883613056553,25.00459969284879,25.050748889945773,4325300
2016-10-06,24.812320709228516,24.950765394044243,24.743098366820654,24.84308684674765,3513900
2016-10-07,24.835397720336914,24.88154399434363,24.61234761590288,24.673879893272463,4009000
2016-10-10,24.658496856689453,24.766175408208806,24.62773071796379,24.62773071796379,3694000
2016-10-11,23.93550682067871,24.37391399340763,23.881666082212075,24.273925517551138,5618600
2016-10-12,23.689382553100586,23.90474110976883,23.60477861088211,23.82782723474373,3401000
2016-10-13,23.72014808654785,23.81244356062214,23.381727925251873,23.397110993267624,3447800
2016-10-14,23.527864456176758,23.72014840794871,23.51248138795257,23.627851465613713,4252600
2016-10-17,23.635541915893555,23.920122796950746,23.281740165021972,23.32019636680886,8283500
2016-10-18,24.050874710083008,24.158553243202014,23.96626931005522,24.143170176467873,3923100
2016-10-19,23.674001693725586,23.85859411936547,23.666310159280982,23.76629717304043,3033100
2016-10-20,23.843212127685547,23.95089068075439,23.658619693705987,23.67400276329018,3004600
2016-10-21,23.627853393554688,23.73553341290014,23.543249445438565,23.597088721606166,2681500
2016-10-24,23.135608673095703,23.281744910289373,23.089460928143627,23.25867030430815,4133600
2016-10-25,22.91255760192871,23.104841563809913,22.6125936238271,22.9971615475895,8936800
2016-10-26,22.758731842041016,22.858718865505722,22.60490407223803,22.651053283385124,3803100
2016-10-27,21.951135635375977,23.097147759527644,21.535801614362722,23.074073158245774,20211200
2016-10-28,21.99728775024414,22.1280409161855,21.59733671712816,21.874226119594663,13840700
2016-10-31,21.78192138671875,21.98958836442925,21.766538321626896,21.92036603852575,4552900
2016-11-01,21.52811050415039,21.743469052654646,21.397357361667467,21.728085984830752,5870600
2016-11-02,21.697322845458984,21.904989888728924,21.628101964712634,21.881916750816902,6065900
2016-11-03,21.33582878112793,21.7973105948725,21.274297970429338,21.76654445601808,4477300
2016-11-04,21.2742977142334,21.435817007253508,21.25122311037046,21.32044545494905,5700400
2016-11-07,21.451196670532227,21.505035941002376,21.335826595666184,21.335826595666184,3647200
2016-11-08,21.52811050415039,21.612715910171723,21.47427123377685,21.53580203806234,4206900
2016-11-09,22.266481399536133,22.42799920903878,21.820382706182524,22.074197454693884,9201300
2016-11-10,21.2896785736084,21.697319597135607,21.074320027605857,21.074320027605857,17307700
2016-11-11,21.520416259765625,21.820380176511087,21.166614546437525,21.235836875916487,12122700
2016-11-14,21.26660919189453,21.420436972082406,21.174313697390154,21.20507837322147,5438900
2016-11-15,21.251220703125,21.34351764111153,21.04355515992291,21.09739442916086,3514700
2016-11-16,21.074321746826172,21.28968031039743,21.05124861048617,21.105087884626435,6476600
2016-11-17,21.035863876342773,21.15892548378162,21.0204808086604,21.074320078538634,7908300
2016-11-18,20.85896110534668,20.974331168470478,20.766664174641672,20.80512037334629,6994300
2016-11-21,21.028169631958008,21.08200889489633,20.93587270477096,20.95125577047045,4236100
2016-11-22,20.328262329101562,20.88973119112795,20.28980465340846,20.86665658571209,13821400
2016-11-23,20.28211212158203,20.328259859797797,19.905234280621148,20.328259859797797,13527200
2016-11-25,20.84358024597168,20.94356725339624,20.720518636675248,20.94356725339624,9569300
2016-11-28,20.559001922607422,20.751285894499397,20.482088040448573,20.574384992441246,6368400
2016-11-29,20.54361915588379,20.751286200673604,20.535929087863696,20.643607644268652,6372300
2016-11-30,20.105207443237305,20.535924506795165,20.074442776988874,20.48977530690755,10601000
2016-12-01,19.85139274597168,20.19750441067302,19.812936546342634,20.159046744033994,9000100
2016-12-02,19.912925720214844,20.082136537885606,19.889852584721663,19.951383391053717,8836800
2016-12-05,19.85908317565918,20.028293965447286,19.751404649073947,20.02060243254693,7953400
2016-12-06,20.00522232055664,20.043678523726673,19.88985224403643,20.01291385459267,5151700
2016-12-07,19.882160186767578,20.043677996243236,19.651418572789396,20.043677996243236,11604700
2016-12-08,20.205198287963867,20.243654492054137,20.012914333492212,20.09751827589284,7212800
2016-12-09,20.889728546142578,21.089704033395535,20.535926776625132,20.543616843779738,8677300
2016-12-12,20.72052001953125,20.835890102570016,20.605149936492484,20.63591460736473,7253800
2016-12-13,21.305065155029297,21.335829828383535,20.943570340797358,20.98971955134419,10627100
2016-12-14,20.98971939086914,21.366595805391665,20.96664478577214,21.343521200294663,10803400
2016-12-15,21.305065155029297,21.37428750383923,21.074323503326085,21.0973981085995,12048000
2016-12-16,21.428125381469727,21.54349546627314,21.28198915831329,21.528112397096624,8479000
2016-12-19,20.728208541870117,21.09739334074994,20.705133941811386,20.982023274476244,15964800
2016-12-20,20.78204917907715,20.91280232068091,20.705135307484923,20.828196915228453,12312700
2016-12-21,20.812816619873047,20.905113571480122,20.705138065506688,20.782051947344204,12246100
2016-12-22,20.905113220214844,20.966644031248908,20.812816270158617,20.897421685459303,12610600
2016-12-23,21.00510025024414,21.08201413083406,20.897421697624406,20.974335578214326,2983700
2016-12-27,20.966638565063477,21.15123095004083,20.943563966812608,21.05893402404722,2983400
2016-12-28,20.92818832397461,21.182004593726344,20.91280672002846,21.166621522769805,4793800
2016-12-29,21.04355239868164,21.205070185201848,20.974330071027303,21.051243931422107,4589900
2016-12-30,21.01279067993164,21.19738310343349,20.958951406453206,21.182001501732636,3724300
2017-01-03,21.312755584716797,21.335830190381714,21.112781536995563,21.174312351758328,5130800
2017-01-04,21.481966018676758,21.535805297198102,21.312755181026457,21.312755181026457,4562500
2017-01-05,22.066505432128906,22.120344700770687,21.728085285939077,21.781924554580858,5583000
2017-01-06,21.86653709411621,21.958832594191705,21.789623199379623,21.85115402176679,6055500
2017-01-09,21.943443298339844,21.98189949872514,21.743467828914266,21.78961556277863,4158600
2017-01-10,22.112659454345703,22.158807202444017,22.004980886446152,22.089584846791315,5332200
2017-01-11,21.67424774169922,22.02035798208006,21.512728455913365,21.897296367676628,7149700
2017-01-12,21.72039031982422,21.7819211124069,21.551181006974293,21.6280948644551,8549000
2017-01-13,21.981901168823242,21.98959270288668,21.689630209463353,21.812691820458056,5159800
2017-01-17,21.89729118347168,22.066501963473204,21.828068858381933,22.066501963473204,7320600
2017-01-18,21.92037582397461,22.04343746562556,21.866536539128628,22.035745929646062,6141800
2017-01-19,21.466583251953125,21.77423732428827,21.389669367116753,21.71270650982124,3693000
2017-01-20,20.820507049560547,21.08970488819712,20.66668076106122,21.06663028476763,10125600
2017-01-23,20.84358024597168,20.882036448748025,20.666679365984322,20.84358024597168,5507100
2017-01-24,20.75897789001465,20.866656447220024,20.49747156507846,20.71283014649953,9280800
2017-01-25,20.98971939086914,21.066631807171866,20.843583159275408,20.943570180675135,4791700
2017-01-26,20.551311492919922,21.212768861244133,20.489780677285832,21.205077325913575,10392600
2017-01-27,20.80512046813965,20.82819506767352,20.620528072898534,20.720516537202023,7378700
2017-01-30,20.835887908935547,20.843579442596383,20.728209371703958,20.797431707641422,6143000
2017-01-31,20.94356918334961,20.95895225268174,20.389791890485004,20.39748342515107,10641900
2017-02-01,21.351207733154297,21.351207733154297,20.943565274005138,20.943565274005138,10012100
2017-02-02,21.197385787963867,21.21276885862308,20.751287007919263,20.77436161390808,11199200
2017-02-03,21.47426986694336,21.489652933788125,21.189688998355187,21.189688998355187,10788400
2017-02-06,21.60502815246582,21.620411222978426,21.312755680767726,21.312755680767726,6300300
2017-02-07,21.735782623291016,21.766547299153657,21.60502945010131,21.681943340273566,6341400
2017-02-08,22.01266860961914,22.04343328068597,21.666556891303507,21.666556891303507,5109000
2017-02-09,22.53567886352539,22.57413653460235,22.01266773997009,22.01266773997009,7264000
2017-02-10,22.71257972717285,22.78949213026325,22.458764982748406,22.48952965058255,8700900
2017-02-13,22.797183990478516,22.874097861680536,22.712580052465363,22.766419322203753,5482700
2017-02-14,22.758731842041016,22.812571121368958,22.558756328101268,22.589522468865997,5479400
2017-02-15,22.91765785217285,22.93355118246028,22.663370630259536,22.687209110019285,3758400
2017-02-16,22.85408592224121,22.957389537204175,22.774620786908184,22.838192592040325,4400500
2017-02-17,23.171947479248047,23.25935928923054,22.997125374954607,23.171947479248047,4496100
2017-02-21,23.052749633789062,23.148106590398374,22.941499345854364,23.028909636800986,4471800
2017-02-22,22.981231689453125,23.02891016885934,22.734891110904222,22.742837776750513,5119000
2017-02-23,23.450071334838867,23.545428281330793,23.219622602085927,23.235515931725025,5213000
2017-02-24,23.322925567626953,23.33087223171005,23.2037286377229,23.227567114300992,3539600
2017-02-27,23.338823318481445,23.35471513398793,23.132214560182334,23.140161225771315,3631400
2017-02-28,23.25141143798828,23.497752007769556,23.1878396291521,23.40239505235102,3929600
2017-03-01,23.299091339111328,23.3785564839292,23.005072273658246,23.052750754280343,6947000
2017-03-02,23.521591186523438,23.664628130348774,23.346767581549617,23.378554242698105,6804900
2017-03-03,23.77587890625,23.807664052386432,23.521591674472692,23.553376820609127,5304000
2017-03-06,23.537485122680664,23.696413885497808,23.52159179169751,23.656682073711387,3365700
2017-03-07,23.442127227783203,23.537485700351002,23.068643034541616,23.116321512989764,3971800
2017-03-08,23.37060546875,23.489802405959182,23.30703366786035,23.43417726963965,4612900
2017-03-09,23.48980712890625,23.505700461242057,23.291145021723448,23.29909168789135,3763700
2017-03-10,23.481861114501953,23.505701113667367,23.33882566652438,23.434182631842763,3932000
2017-03-13,23.89507484436035,23.942753319380813,23.48185735239266,23.48185735239266,3957600
2017-03-14,24.07784080505371,24.268557714379607,23.82355361351414,23.831500277708653,7598900
2017-03-15,24.006322860717773,24.054002846913168,23.84739412041354,23.910965919669483,5140700
2017-03-16,24.252670288085938,24.308295435313173,24.149365144088282,24.252670288085938,3101300
2017-03-17,24.38775634765625,24.554631760371432,24.23677274876776,24.276504556841473,4358700
2017-03-20,24.395702362060547,24.538737776715646,24.387755697523385,24.41159417546359,3443900
2017-03-21,24.133468627929688,24.546684576438928,24.125521963348756,24.49105944004372,3920800
2017-03-22,24.618207931518555,24.665887928474042,24.244723716063444,24.29240219734734,6134200
2017-03-23,24.872493743896484,25.11088916783771,24.745350124063098,24.761243455460146,11268900
2017-03-24,24.88043975830078,24.936064901062853,24.721510995505074,24.78508280375765,3983600
2017-03-27,25.26981544494629,25.33338724859922,25.13472517272489,25.15061850255596,4517400
2017-03-28,24.896333694458008,25.118835786586303,24.896333694458008,25.09499578953529,4575800
2017-03-29,24.864545822143555,24.928117624973705,24.793027354500715,24.800972503642065,3480600
2017-03-30,24.769187927246094,24.944010010114383,24.76124126225144,24.93606334511973,2268600
2017-03-31,24.745351791381836,24.904282084717895,24.737405125147873,24.76124512384976,2743400
2017-04-03,24.745351791381836,24.864550269219684,24.665888160385414,24.67383331094777,2811800
2017-04-04,24.856605529785156,24.951962500641255,24.80097886183542,24.856605529785156,2856600
2017-04-05,24.204988479614258,24.554634184735693,24.181149998684905,24.499009041671904,5355100
2017-04-06,24.189096450805664,24.324186732342213,24.03811283834212,24.077844649988148,3928000
2017-04-07,24.07784080505371,24.141412602938605,23.950697209283923,24.046055663946873,7000600
2017-04-10,23.759986877441406,23.86329201830693,23.704361731900683,23.744093545666473,3923200
2017-04-11,23.98248863220215,24.03016711117336,23.839451679617003,23.966595300654575,2963200
2017-04-12,23.950702667236328,24.00632781360272,23.879184188859092,23.91097085288078,2324700
2017-04-13,23.950702667236328,24.022221145613564,23.871239038525236,23.91097085288078,2649900
2017-04-17,23.958648681640625,24.109632300294233,23.934810199944256,23.97454201321922,2574000
2017-04-18,23.648733139038086,23.831501880792636,23.56926800741875,23.807661886605437,4444100
2017-04-19,23.656681060791016,23.903021617796348,23.632841065337054,23.903021617796348,3641700
2017-04-20,23.759986877441406,23.847398686531996,23.73614839545055,23.83945202064453,3179900
2017-04-21,23.648733139038086,23.720251605928357,23.545428013231554,23.69641161174116,2044800
2017-04-24,24.03016471862793,24.1096298527824,23.94275291949087,23.99837957436896,2642600
2017-04-25,24.228832244873047,24.340082548304984,24.212938911333712,24.30829739689802,3021000
2017-04-26,24.30034637451172,24.427489988693655,24.212934571384853,24.22882790207545,4205100
2017-04-27,24.52284812927246,24.68972355227818,24.2606142390696,24.300346049593415,4690000
2017-04-28,24.03811264038086,24.35597167794582,24.006325978788638,24.300346535830883,4930500
2017-05-01,24.054004669189453,24.36391702458152,24.038111339253614,24.09373647835769,2902000
2017-05-02,24.395702362060547,24.427487504537922,24.03016337170743,24.165253637496647,4441400
2017-05-03,24.23677635192871,24.395706639193584,24.173204540157073,24.387759973263186,3020000
2017-05-04,24.340078353881836,24.3798116808831,24.14936293129011,24.15730959669036,3691100
2017-05-05,24.204988479614258,24.204988479614258,24.093738193486676,24.189096664218514,2605100
2017-05-08,24.022216796875,24.20498553489842,24.00632346774132,24.20498553489842,2511000
2017-05-09,24.55463409423828,24.626152568105706,24.363918669148973,24.40365048099911,4359400
2017-05-10,24.66588592529297,24.72151106821865,24.562580789284016,24.60231260118194,2604600
2017-05-11,24.73740005493164,24.777133377957654,24.53873798681546,24.602309787985785,2717900
2017-05-12,27.01803970336914,27.081613016539073,26.358480220271947,26.38232172838188,19332300
2017-05-15,27.184917449951172,27.208758960119038,26.890898429517385,26.994203556664324,6014300
2017-05-16,27.343854904174805,27.455105209731194,27.105460959219187,27.216711264775576,4951500
2017-05-17,27.153135299682617,27.56635284554676,27.153135299682617,27.399477403373698,5581000
2017-05-18,27.033937454223633,27.264386205150817,26.867062026866535,27.224651362248057,3723800
2017-05-19,26.938579559326172,27.176973451701762,26.867061088479215,27.073668320179976,3215900
2017-05-22,26.978313446044922,27.12135039874853,26.875008306571644,26.88295648802353,4377000
2017-05-23,27.081615447998047,27.129292405813644,26.91473700161539,26.946523661054247,3978900
2017-05-24,27.232601165771484,27.320012975216528,27.025990883202642,27.025990883202642,4281100
2017-05-25,27.288227081298828,27.335907078161952,27.129296789764933,27.14519012205264,2606100
2017-05-26,26.898845672607422,27.169026235248115,26.867062042147218,27.121349273886352,2555300
2017-05-30,27.025991439819336,27.17697657973153,26.938582659917152,26.994207806829067,2603100
2017-05-31,27.327957153320312,27.39947562838183,27.161081721957768,27.216706865745284,3703600
2017-06-01,27.661710739135742,27.765012844251114,27.58224408365128,27.606085595968093,4155400
2017-06-02,27.90010643005371,27.963676727170345,27.757069472362353,27.828587951208032,5115800
2017-06-05,27.749116897583008,28.02724561854839,27.709385089257285,28.00340713982149,4595100
2017-06-06,27.765012741088867,27.931891201314716,27.693494267090056,27.741174260203575,3188000
2017-06-07,27.71733283996582,27.733226169318215,27.534564099427232,27.54250924843212,5046400
2017-06-08,27.66965103149414,27.85241976000819,27.526614108075766,27.828581283219265,3153200
2017-06-09,27.153135299682617,27.486889215371924,27.02599167259697,27.327958923679073,6947500
2017-06-12,27.06572723388672,27.097510867990213,26.93858360344296,27.041885719130022,3266600
2017-06-13,27.169017791748047,27.24848442155946,26.97830394288459,27.121340845203168,3310400
2017-06-14,27.304119110107422,27.494833025769008,27.24054578399154,27.41536939946719,2739700
2017-06-15,27.10545539855957,27.296169302861887,26.97831178524374,27.049830257192824,3295800
2017-06-16,27.447158813476562,27.455103964365854,27.200816697101885,27.22465518111309,2511300
2017-06-19,27.526620864868164,27.63787115898096,27.367690574131384,27.367690574131384,3950100
2017-06-20,27.590194702148438,27.749121964470856,27.470996224063402,27.534569554066945,5164400
2017-06-21,27.71733283996582,27.80474463573267,27.502777440722443,27.518670770074838,3639600
2017-06-22,28.098772048950195,28.28948599549693,27.796804763683753,27.81269809778657,4015300
2017-06-23,27.868314743041992,28.01135167495342,27.76500961858539,27.979565016452526,3128300
2017-06-26,27.9318904876709,28.074927432014004,27.796798692972246,28.074927432014004,2830100
2017-06-27,27.470996856689453,27.73323230197823,27.43921019095567,27.677607152615757,2967900
2017-06-28,27.296167373657227,27.55045458231669,27.28822222459902,27.494829444881347,3873700
2017-06-29,27.1133975982666,27.184916062434542,26.91473553461594,27.169022733581386,3395400
2017-06-30,27.089557647705078,27.19286276396227,26.91473407116865,27.113396124017367,2697600
2017-07-03,26.922683715820312,27.041879135210095,26.867058580503244,26.890897058112696,1703400
2017-07-05,27.145187377929688,27.169025858279813,26.73196987425123,26.747863204932273,2578700
2017-07-06,26.731969833374023,26.859113447285058,26.620719550119723,26.827326785971582,3984600
2017-07-07,26.81938934326172,26.89885298803759,26.660459022366233,26.668407205650066,2819500
2017-07-10,26.72402572631836,26.85116934518973,26.668400582521073,26.787596020082553,2530700
2017-07-11,26.414112091064453,26.541255703901108,26.318752107929832,26.34259361938491,3586700
2017-07-12,26.159818649291992,27.113397145147474,26.143928352046917,26.87500327901922,9939800
2017-07-13,25.73866081237793,26.588934345363242,25.635355673121452,26.159823488152984,21176500
2017-07-14,26.91474151611328,27.41537087654808,26.0088427895553,26.14393459915849,11656600
2017-07-17,26.525362014770508,26.85116770771865,26.46178869354024,26.803487716795942,4220900
2017-07-18,26.628665924072266,26.71607773103179,26.50947048568083,26.580988961252896,3624400
2017-07-19,26.700183868408203,26.827327485635177,26.62072024439495,26.763757192693163,4691900
2017-07-20,26.93062973022461,27.00214819669435,26.747860989544733,26.755806138555762,3365900
2017-07-21,27.057777404785156,27.073670736541068,26.922688631874497,27.018045591066908,3602700
2017-07-24,26.898845672607422,27.002150807796106,26.64455844086829,26.724025095376092,4116200
2017-07-25,26.843223571777344,27.057779016245696,26.724028123523766,27.01804720016117,3173800
2017-07-26,26.970367431640625,27.010102279406656,26.787598651021366,26.978315613731144,4065700
2017-07-27,22.94944190979004,23.17194397625831,22.59185108929296,22.862031628693238,27176900
2017-07-28,24.054004669189453,24.133469803197293,23.299088169622035,23.307034834589953,13288800
2017-07-31,23.98248863220215,24.506956447900002,23.98248863220215,24.491063116352425,10798400
2017-08-01,23.77587890625,24.220881561860285,23.736147094661593,24.181149750271878,6358100
2017-08-02,24.1016845703125,24.109631235750918,23.903022481366413,24.069899424230282,5676000
2017-08-03,24.10963249206543,24.23677611436246,24.03811401506441,24.204989450952436,4309800
2017-08-04,23.974536895751953,23.99043022393805,23.7679281763463,23.799714832718493,5189100
2017-08-07,23.887128829956055,23.950700636938894,23.720253405002886,23.895075495287838,3568800
2017-08-08,23.640789031982422,24.085791695255253,23.632842366393614,23.86329112145458,7354400
2017-08-09,23.777952194213867,23.81829575882599,23.616582552614283,23.81829575882599,4132100
2017-08-10,23.42293930053711,23.721473999738382,23.42293930053711,23.616583804087867,5866900
2017-08-11,23.463279724121094,23.519759174759773,23.28577265940673,23.301908546053774,3253500
2017-08-14,23.479421615600586,23.552038505647953,23.374529868221103,23.382598582554134,2340500
2017-08-15,23.4471435546875,23.552035287735638,23.40680152748418,23.463280981148703,2129400
2017-08-16,23.54396629333496,23.584308320056504,23.431007387354907,23.54396629333496,2643000
2017-08-17,23.463279724121094,23.850568704743132,23.439073585726113,23.794089254104453,4612300
2017-08-18,23.495555877685547,23.527829191718173,23.301909837691017,23.471349737948806,4184900
2017-08-21,23.3664608001709,23.439077689119003,23.221228561224567,23.439077689119003,3237900
2017-08-22,23.455211639404297,23.50362237854099,23.269635856922275,23.293841995965444,3469800
2017-08-23,23.51169204711914,23.656925809381462,23.463281306014938,23.592377641592623,2443300
2017-08-24,23.777952194213867,23.93125466184066,23.705335316861685,23.834433184670836,2966300
2017-08-25,23.592374801635742,23.80215670643419,23.56010149110111,23.74567725878644,2194400
2017-08-28,23.75374984741211,23.850571333765338,23.713406278973448,23.745681133724375,1570300
2017-08-29,23.769886016845703,23.83443572711067,23.60044764424956,23.648858387998487,2005900
2017-08-30,23.600448608398438,23.681134210576097,23.51169429210803,23.624654750736692,1946300
2017-08-31,24.068418502807617,24.100693352887067,23.82636328300998,23.89091144421932,4497600
2017-09-01,24.294340133666992,24.439573894857983,24.245927853970198,24.35888830097969,2396200
2017-09-05,24.262067794799805,24.568672775520675,24.189450906679067,24.536397919044852,4718600
2017-09-06,24.479917526245117,24.584807727894507,24.342752469349882,24.342752469349882,9305100
2017-09-07,25.73053550720215,25.79508367016512,25.10926001578964,25.181875352542086,10258800
2017-09-08,26.021005630493164,26.15816914402183,25.585304332402977,25.59337304595462,5266400
2017-09-11,26.618072509765625,26.64227710636769,26.35987680844858,26.408289079551558,12110000
2017-09-12,26.965023040771484,27.021505576696207,26.55352940688863,26.577734009499498,7552400
2017-09-13,26.343746185302734,26.682622897213985,26.182375003388156,26.650348045251214,6585900
2017-09-14,26.319536209106445,26.42442792987646,26.230781912908668,26.2469193374809,3600600
2017-09-15,26.24692153930664,26.392155294741233,26.21464976535395,26.38408812072788,3100700
2017-09-18,26.158166885375977,26.222716588215526,26.01293620978547,26.19044173679575,4573000
2017-09-19,26.35988426208496,26.48898368819763,26.311475055192435,26.416366799959118,4386900
2017-09-20,26.569664001464844,26.585801427451223,26.295333915494965,26.376017967527574,8170400
2017-09-21,26.472837448120117,26.585796330469208,26.43249235193941,26.553521484684122,3112300
2017-09-22,27.392656326293945,27.489477811618624,27.166735423337,27.271627161213456,10233400
2017-09-25,27.432994842529297,27.449132267666915,27.1263899207128,27.14252734585042,6183500
2017-09-26,26.908544540405273,27.118328030164264,26.811723048616365,27.005369110093913,5092100
2017-09-27,26.87626838684082,27.04570673936528,26.650347505575642,26.674555183007158,4395500
2017-09-28,27.01343536376953,27.15866913544837,26.973093333391994,27.08605224960895,2653200
2017-09-29,27.336172103881836,27.360376701517975,27.102184067069185,27.126388664705324,2471600
2017-10-02,27.65085220336914,27.715398841750076,27.311972348694617,27.311972348694617,5145500
2017-10-03,27.642776489257812,27.69925901879576,27.481408386232612,27.497545812114986,3938300
2017-10-04,27.715396881103516,27.755741989874863,27.602437963502922,27.650850247288744,2221400
2017-10-05,27.61857032775879,27.61857032775879,27.416857132483397,27.48140683236309,4724000
2017-10-06,27.642776489257812,27.650846741148637,27.441063282577037,27.44913353446786,2973600
2017-10-09,27.82028579711914,27.868698075986224,27.586297732777258,27.73960174357335,2553900
2017-10-10,27.94131851196289,28.03007282890033,27.75574270286631,27.763809878088015,3685300
2017-10-11,27.909038543701172,28.0623394680342,27.76380479311233,27.909038543701172,2771000
2017-10-12,27.86063003540039,27.93324692051549,27.804150577855264,27.82835825816003,5071700
2017-10-13,27.925182342529297,28.062345872779975,27.876770055317355,27.997799234397267,2864900
2017-10-16,27.957454681396484,28.19143968708654,27.925179826163507,28.16723508461161,3489300
2017-10-17,28.062345504760742,28.151099824535404,27.82836048105462,27.90097737197027,6444500
2017-10-18,27.957454681396484,28.08655102442878,27.917109573405465,27.965521856254927,3782700
2017-10-19,28.005861282348633,28.086548412928742,27.8525603510954,27.94131465578386,2443700
2017-10-20,27.933244705200195,28.08654871600703,27.860627825844155,28.05427386342671,2302000
2017-10-23,27.747671127319336,28.005863812705005,27.715396272171226,27.892904897586224,2575000
2017-10-24,27.602436065673828,27.63471091931196,27.303901364269752,27.537889436297018,4621500
2017-10-25,27.529817581176758,27.836422517089837,27.41685867791912,27.699259013962493,3225000
2017-10-26,27.053775787353516,27.473339649740108,26.908542024300484,27.449135048531083,3635100
2017-10-27,27.021503448486328,27.166734130612806,26.9488865684734,27.094120328499255,2532200
2017-10-30,27.247425079345703,27.352316826923115,27.045711837489044,27.102191298976923,2903700
2017-10-31,27.836423873901367,27.844491048284723,27.239351398852087,27.521751748660304,5030900
2017-11-01,27.88483428955078,28.070410066954803,27.820284587201964,27.836422012789168,3976200
2017-11-02,27.52174949645996,27.731529870153807,27.45719979507775,27.666983246670767,3234400
2017-11-03,27.82028579711914,27.868698075986224,27.57823055858242,27.602435159066285,2923800
2017-11-06,27.610502243041992,27.71539088503639,27.529815120855154,27.699256538498016,3390600
2017-11-07,27.118324279785156,27.190941158059083,26.93274849706274,27.118324279785153,4409500
2017-11-08,26.89240837097168,26.956955001831655,26.682624895402828,26.819791487567002,4434800
2017-11-09,26.71489715576172,26.88433550795363,26.569663403054587,26.860130908468847,3738600
2017-11-10,26.553525924682617,26.706826850947063,26.311470696617988,26.376017321082255,4922400
2017-11-13,26.553525924682617,26.577730524119314,26.424429597854868,26.505113647910004,2416200
2017-11-14,26.82785415649414,26.835921329784444,26.35987808028257,26.400223180431087,2914200
2017-11-15,26.940814971923828,27.01343184831308,26.900472946796295,26.940814971923828,2211700
2017-11-16,27.045711517333984,27.18287504278093,27.029574088828504,27.10219097815329,1991200
2017-11-17,26.997295379638672,27.021503057892648,26.85206162171216,26.86013187376326,2467500
2017-11-20,26.932750701904297,27.094121897712444,26.86820099242122,27.03763936296497,1894100
2017-11-21,27.21514892578125,27.368449874247144,27.02150594644535,27.02957312145949,1358500
2017-11-22,27.295827865600586,27.465266191094184,27.182865904039446,27.43299134493386,1277200
2017-11-24,27.303895950317383,27.36037539403536,27.142524792023657,27.247416506599404,955900
2017-11-27,27.1748104095459,27.497552854046944,27.134468373458283,27.481415424031887,1644700
2017-11-28,27.045711517333984,27.10219097815329,26.932752595695383,27.05377869263684,3352500
2017-11-29,26.88433265686035,27.118320686729458,26.843990636030927,27.077978665900037,3594800
2017-11-30,26.521251678466797,26.73103513803419,26.384088174664438,26.569663956343724,4315600
2017-12-01,26.50511360168457,26.722964229932565,26.31953782456203,26.464771576727358,3306600
2017-12-04,25.956457138061523,26.62614654367301,25.94838996308171,26.593871687954458,3113600
2017-12-05,25.98065948486328,26.125893227880017,25.89997236213231,25.916109786678504,3356300
2017-12-06,25.891908645629883,26.069417261438133,25.81122305107611,25.916113246731214,2676000
2017-12-07,25.996801376342773,26.08555568764766,25.875772210399834,25.90804706503789,3479900
2017-12-08,26.416364669799805,26.44863644582592,26.13396431480009,26.198514022651274,2421200
2017-12-11,26.72296714782715,26.803654284451053,26.464774466429752,26.505116495791928,3937900
2017-12-12,26.965023040771484,27.021505576696207,26.852064124721274,26.90047640784263,2216800
2017-12-13,27.08605194091797,27.158668825929794,26.868201285882485,26.900476140976536,4972900
2017-12-14,26.860130310058594,27.110252706893508,26.779443183741563,27.02956865847563,3176000
2017-12-15,26.731035232543945,26.74717265855998,26.529322024192513,26.577731224341306,2256400
2017-12-18,26.90047836303711,27.069916749427634,26.843998900906936,26.868203505277055,1656400
2017-12-19,26.74717903137207,26.916617428062022,26.674562135947802,26.81172567291585,1858000
2017-12-20,26.63420867919922,26.90047157164823,26.577729231328046,26.892404398194802,1509000
2017-12-21,26.981155395507812,27.045705094199715,26.763304779271206,26.860129327309057,4171000
2017-12-22,27.118324279785156,27.223216010158453,26.94888592311242,27.0699120016361,2948900
2017-12-26,27.15060043334961,27.311968545783035,26.989229243016734,26.989229243016734,1712500
2017-12-27,27.207077026367188,27.271623648971005,27.11025247561277,27.255486223845267,2566900
2017-12-28,27.52174949645996,27.594366371565364,27.4007203453179,27.41685777066345,2445100
2017-12-29,27.997793197631836,28.199506400672558,27.941313747012373,28.0542726482513,4096800
2018-01-02,28.54645538330078,28.594864585612733,28.199508403201097,28.433496474040314,6107400
2018-01-03,28.60293960571289,28.651348816094103,28.36895149587054,28.4173637841517,4195400
2018-01-04,28.643274307250977,28.72395835583005,28.46576570689803,28.65134148094922,3870900
2018-01-05,28.941810607910156,28.98215263446818,28.643275917901583,28.707825622713887,3336000
2018-01-08,28.740100860595703,28.861130032753934,28.578729657017966,28.820788001334424,1826300
2018-01-09,28.61907196044922,28.723960616276443,28.53031765328818,28.62713913478231,1761100
2018-01-10,28.457700729370117,28.522247357634807,28.247917262236225,28.336671569262148,2150100
2018-01-11,28.56259536743164,28.594867145895964,28.30440267231879,28.344744703823977,2762400
2018-01-12,28.76430892944336,28.861130421735048,28.659417184019176,28.71589664434764,3017700
2018-01-16,28.231781005859375,28.659412007651824,28.223710754184506,28.62713715675072,4756500
2018-01-17,28.304391860961914,28.43348815920775,28.23177500082997,28.35280104911752,2844600
2018-01-18,28.296327590942383,28.352807040992236,28.175298439178885,28.27212299174936,3102500
2018-01-19,28.594860076904297,28.707822046252865,28.514176033839984,28.699751795207064,2527100
2018-01-22,28.998287200927734,29.00635745218307,28.740094562939547,28.764302238806522,2277100
2018-01-23,29.103181838989258,29.264553023380998,29.04670238613705,29.08704441276015,3529600
2018-01-24,28.933744430541992,29.087045367903517,28.844990122317107,28.925674178212763,5419300
2018-01-25,29.167734146118164,29.45819861045801,29.038637802667253,29.442064260688806,3579400
2018-01-26,29.55502700805664,29.611506473269824,29.450135253560724,29.587298789678453,5028800
2018-01-29,29.224210739135742,29.345236817938158,29.159661034788343,29.345236817938158,3680700
2018-01-30,28.84499168395996,29.159663828048316,28.73203276843077,29.111254623049863,3901500
2018-01-31,28.288265228271484,28.732033730379086,28.191440659233688,28.732033730379086,4888100
2018-02-01,28.352813720703125,28.554526969231635,28.191442506300337,28.360883974268216,3930400
2018-02-02,28.96601676940918,29.280688869143567,28.594862141971973,28.78043791674099,7475900
2018-02-05,27.255491256713867,28.506115772750164,27.166736941082934,28.48997834464457,8558500
2018-02-06,27.675050735473633,27.731530185876498,26.827855901531425,26.908539951278605,10560000
2018-02-07,27.352310180664062,27.634707419484574,27.102184713495138,27.126389311708593,6619600
2018-02-08,27.51367950439453,28.046202234224772,27.44106262860408,27.771872156560757,8095400
2018-02-09,27.118324279785156,27.271625210408203,26.505114401494357,27.199008332134273,8803400
2018-02-12,27.5056095123291,27.70732269353483,27.263554310462006,27.263554310462006,4868800
2018-02-13,27.48141098022461,27.642779098481476,27.41686127060221,27.59436989416424,2671100
2018-02-14,27.788007736206055,27.812215411794313,27.287759890600967,27.31196448829023,4727600
2018-02-15,28.227771759033203,28.26096213817679,27.862687084080036,28.09501340766762,3489300
2018-02-16,28.153095245361328,28.302448787661024,27.88757854020826,27.88757854020826,4257000
2018-02-20,27.912473678588867,28.020340844397186,27.77971530728988,27.82120170484408,5542500
2018-02-21,28.070119857788086,28.659234794866585,27.879276776281273,27.895871964464845,4971700
2018-02-22,27.953956604003906,28.236068503624516,27.870983819201488,28.153095718822097,2593100
2018-02-23,28.219472885131836,28.236068074882102,27.862687383731867,27.978850546774943,2803900
2018-02-26,28.368825912475586,28.42690749294232,28.211176360524277,28.236067562093236,2739600
2018-02-27,28.086715698242188,28.252664437424748,28.028634114309632,28.186286840877084,1982800
2018-02-28,27.539087295532227,28.136501495298923,27.530791282850558,28.128205482617254,3592400
2018-03-01,27.356548309326172,27.713337016818837,27.124218791408914,27.663551441863174,4684400
2018-03-02,27.51420021057129,27.67184979679143,27.422928231366676,27.447822603555753,6761400
2018-03-05,28.12820053100586,28.17798292875022,27.655248761184012,27.696735147707113,3889000
2018-03-06,28.02863883972168,28.319049973554467,27.929070845509322,28.29415560109428,3072700
2018-03-07,27.97055435180664,28.012040748001624,27.763119205622594,27.870986367896858,1528700
2018-03-08,28.02863883972168,28.252669200606583,27.953962052760044,28.04523403295865,1913700
2018-03-09,28.036937713623047,28.111614499771452,27.929070541362144,27.99545131358714,2299900
2018-03-12,28.086715698242188,28.252664437424748,28.020338101694527,28.194582853492193,2527600
2018-03-13,28.061824798583984,28.302450314739822,28.053528785879184,28.17798796770502,4037200
2018-03-14,28.078418731689453,28.294149869651267,27.92076917568693,28.0950139215648,2721400
2018-03-15,28.061824798583984,28.36882791200514,28.00374321402347,28.327341518063193,2193600
2018-03-16,28.700725555419922,28.725616758883326,28.310746486712013,28.32734167742394,4318200
2018-03-19,28.684133529663086,28.93305508738963,28.51818476944228,28.89986786751294,6252400
2018-03-20,28.850080490112305,28.924757269292595,28.634346165720736,28.767104532573573,3495300
2018-03-21,28.717327117919922,28.899871091044954,28.692435908933668,28.833490313468694,2619400
2018-03-22,28.601160049438477,28.80859520346061,28.54307845952902,28.567969665144712,3683700
2018-03-23,28.352237701416016,28.634349661066352,28.302455286025058,28.518186471541423,3967100
2018-03-26,28.841787338256836,28.99114092782491,28.451811334571133,28.933059328016192,3749600
2018-03-27,28.767112731933594,29.181983142248484,28.742221520181914,28.94965672533936,3938000
2018-03-28,29.148786544799805,29.48068086723478,29.032623373687112,29.049215399381193,5121700
2018-03-29,29.01602554321289,29.190270284030987,28.85007681448715,28.974535987124906,4010000
2018-04-02,28.7836971282959,29.19027137054697,28.60945238099209,28.94964586319856,3709200
2018-04-03,29.223466873168945,29.331330879335695,28.98284132364113,29.256654093799803,4806100
2018-04-04,29.223466873168945,29.256654093799803,28.808596545793847,28.850082945489476,3138800
2018-04-05,29.33132553100586,29.630032618682613,29.132189582693908,29.14878477258804,3742400
2018-04-06,29.389413833618164,29.78769215173552,29.240063420836098,29.530471397370054,4298700
2018-04-09,29.787687301635742,29.89555129523737,29.580252162112398,29.671520964727076,4310400
2018-04-10,30.44318389892578,30.492969478365865,30.003422358771477,30.119585545588883,6668300
2018-04-11,30.235750198364258,30.36850858476505,30.144481379446518,30.202562975671263,5384400
2018-04-12,30.169368743896484,30.335317497056383,30.169368743896484,30.219151154198013,3596700
2018-04-13,30.136180877685547,30.185966457355175,30.03661288355575,30.136180877685547,3158000
2018-04-16,29.66322898864746,29.895555363663544,29.439198627649322,29.845772949136936,4385000
2018-04-17,29.754497528076172,29.78768791072875,29.621739162674977,29.663225558386145,3080400
2018-04-18,29.854061126708984,29.887251504487498,29.663221202295475,29.74619398153313,2801100
2018-04-19,29.372819900512695,29.903853403289215,29.339629515286827,29.72130944975628,9807000
2018-04-20,29.323036193847656,29.45579457801342,29.273250612831916,29.38111778909458,2488500
2018-04-23,29.472387313842773,29.52217289070666,29.364520146575664,29.52217289070666,2833400
2018-04-24,29.140487670898438,29.422599588777683,29.049215702583233,29.347922811538794,3621800
2018-04-25,29.28154182434082,29.34791941575662,28.949644371635745,29.19026986658649,3351200
2018-04-26,29.28984260559082,29.45579135896486,29.240060195225055,29.356223373024118,2841200
2018-04-27,29.53046417236328,29.580249741249663,29.273243480930155,29.347920251655335,3070800
2018-04-30,29.48068618774414,29.713015737108087,29.430903771259405,29.472390173399884,3082800
2018-05-01,29.98682403564453,29.995123213956347,29.447494558113924,29.613440141840808,6419000
2018-05-02,29.48898696899414,29.862370938958005,29.464092594190042,29.72961254577194,5403400
2018-05-03,29.721302032470703,29.812573986459228,29.47238053581654,29.713006020839273,4985100
2018-05-04,29.522172927856445,29.66322731466769,29.37281936228613,29.46408817217084,5477500
2018-05-07,29.845767974853516,29.945335952521575,29.61343847334946,29.67981923526746,3168700
2018-05-08,29.58855438232422,29.837475968931177,29.4392007973181,29.71301675823255,4682700
2018-05-09,30.00341796875,30.161067532762544,29.547061302221913,29.605142887132267,3930900
2018-05-10,29.878952026367188,30.020009547900212,29.77938405924356,29.878952026367188,2629600
2018-05-11,30.20256233215332,30.28553513493233,29.862368776424105,30.078099962775262,3441000
2018-05-14,30.219148635864258,30.30212458813395,30.144475026634943,30.252339016772133,3362400
2018-05-15,30.069801330566406,30.177665331746084,29.837471805635676,29.970230177649267,4401400
2018-05-16,30.28553581237793,30.360212602633272,30.152777425836163,30.268940618409008,3442400
2018-05-17,30.235750198364258,30.484674942424146,30.020019007416575,30.3934029582968,5134500
2018-05-18,30.144479751586914,30.42658853789578,29.389412711021073,29.397711890153353,5758500
2018-05-21,30.52614974975586,30.708690483465336,30.376796226133667,30.609122522786674,8240800
2018-05-22,30.741880416870117,30.94931551167384,30.551040509475694,30.79996199019849,7644100
2018-05-23,30.567644119262695,30.62572570859443,30.434885748617408,30.559348105876403,4918300
2018-05-24,30.600826263427734,30.76677497335211,30.50955431470891,30.70869023445146,3520200
2018-05-25,30.733592987060547,30.824864960692057,30.48467143683503,30.551049039797523,5445200
2018-05-29,30.18596076965332,30.318719125214926,30.102984819171773,30.23574317473338,2745100
2018-05-30,30.58423614501953,30.7750760852399,30.351909811744108,30.385097027062812,2470700
2018-05-31,30.725296020507812,30.841459207962295,30.4016976653962,30.700404813255986,5900300
2018-06-01,30.542749404907227,30.584235797490873,30.26893351647922,30.468072632173122,2730500
2018-06-04,30.49296760559082,30.75018833575277,30.34361404165282,30.716997951497824,2193400
2018-06-05,30.260637283325195,30.43488203003088,30.185960511135782,30.418286840076696,1537100
2018-06-06,30.37680435180664,30.47637233911934,30.227450788232975,30.31042358345868,2738500
2018-06-07,30.169368743896484,30.41829029103173,30.102987976548846,30.40169509919482,2039900
2018-06-08,30.219148635864258,30.318719778587887,30.119580658349566,30.227447813695697,2640200
2018-06-11,30.177661895751953,30.351909810912648,30.061498729117424,30.152770692961383,1601700
2018-06-12,30.00341796875,30.268934689828487,29.98682277803147,30.111285125815943,2377700
2018-06-13,30.020015716552734,30.23574688385147,29.895553358166644,30.210855678257953,2476500
2018-06-14,30.268936157226562,30.667211258152147,30.219150582657438,30.443180920404792,2870600
2018-06-15,30.21085548400879,30.293828278926515,30.069801099606806,30.244045868059573,2072000
2018-06-18,29.953630447387695,30.00341601630353,29.85406247476481,29.937038422957865,1900700
2018-06-19,29.820873260498047,29.820873260498047,29.56365572407282,29.638332497759574,1991800
2018-06-20,29.978527069091797,30.0117142856562,29.820874338272546,29.978527069091797,1731600
2018-06-21,29.165382385253906,29.588548684475896,28.974539268222415,29.547062288898697,5349000
2018-06-22,29.09070587158203,29.1736786634907,28.999433901357023,29.065811501842134,5372800
2018-06-25,29.01602554321289,29.298137432484026,28.891563205366403,29.25664787639604,2818200
2018-06-26,28.94135093688965,29.190272465980577,28.891565364987873,29.190272465980577,5032200
2018-06-27,28.667537689208984,29.032625586485324,28.601160085746454,28.858377651326496,5176100
2018-06-28,28.957944869995117,28.982836072260593,28.52647942787682,28.56796582005556,2941300
2018-06-29,29.13219451904297,29.306439294643305,29.13219451904297,29.20687130361588,3455400
2018-07-02,28.89156150817871,28.89156150817871,28.617748812293346,28.642640012316956,4119700
2018-07-03,28.841787338256836,29.02433131777555,28.80030093342344,28.899872103275353,1909600
2018-07-05,28.982837677001953,29.032623249498297,28.54307619818243,28.54307619818243,3715700
2018-07-06,29.190269470214844,29.25664706072931,28.89986157694784,28.95794315560124,2736100
2018-07-09,29.339628219604492,29.397709808580117,29.165383452677613,29.30643783584436,2062500
2018-07-10,29.53876304626465,29.679820589170543,29.430899051040885,29.638334193683782,2407800
2018-07-11,29.4060001373291,29.42259532600109,29.248350592758126,29.31473134744607,2717600
2018-07-12,30.667207717895508,30.692102084910807,30.069796718077498,30.102983932083273,8103200
2018-07-13,30.833158493041992,30.84975368374955,30.451478602395078,30.459774615144365,5218800
2018-07-16,30.418296813964844,30.575946422408244,30.351919197592316,30.47637841524451,3288200
2018-07-17,30.841449737548828,30.891235301974408,30.542745846620825,30.59252824583791,3201700
2018-07-18,30.974214553833008,31.007401768455953,30.675507465764667,30.833157022152367,3626600
2018-07-19,30.725296020507812,30.99081278189219,30.66721442678057,30.91613599492724,2809000
2018-07-20,30.841449737548828,31.007398453758935,30.667205009872035,30.692099374689075,2004700
2018-07-23,30.833158493041992,30.957620840744198,30.783372920919316,30.833158493041992,1739700
2018-07-24,31.04888916015625,31.13186511240683,30.824862002102027,30.858049217793322,1748700
2018-07-25,31.065488815307617,31.090383187165056,30.741890468045465,30.75018964706774,2712200
2018-07-26,31.654600143432617,32.13584796931603,31.44716502628092,31.49694742866376,6361300
2018-07-27,31.720985412597656,31.80396137866663,31.455468651595858,31.754175799025244,5824600
2018-07-30,31.936721801757812,32.110966593832714,31.78736821849085,31.80396341276603,5274900
2018-07-31,32.46775436401367,32.567322361407705,32.20223759415654,32.21883278792381,6709700
2018-08-01,32.15244674682617,32.252014727912645,32.02798439656129,32.102661173678406,3860500
2018-08-02,32.14414978027344,32.1607418056214,31.67949394030659,31.67949394030659,4556800
2018-08-03,32.07777404785156,32.16074684843736,31.82885248088471,31.82885248088471,4095400
2018-08-06,31.76246452331543,31.845440470340833,31.480352633846525,31.480352633846525,3278000
2018-08-07,32.25201416015625,32.5839116448806,32.25201416015625,32.55902044134942,3970000
2018-08-08,32.56732177734375,32.592212984943465,32.21883221010968,32.34329141331777,2863500
2018-08-09,33.24721145629883,33.37311414614412,33.14648866403863,33.3647219142557,6829400
2018-08-10,33.05415344238281,33.33953731514185,32.99539822169002,33.070941105712095,5708400
2018-08-13,32.75197219848633,33.10450341815152,32.71839688177961,33.05414364500989,3009200
2018-08-14,32.718406677246094,32.83591711898226,32.61768389888929,32.65125922564802,4422400
2018-08-15,32.27354431152344,32.433022308312744,32.03852022972104,32.42463007771093,6109000
2018-08-16,31.86225128173828,32.239965658228236,31.769920745049735,32.17281821458503,6798400
2018-08-17,31.996551513671875,32.21478792444481,31.954583958344532,32.13924504408791,8235400
2018-08-20,32.60927963256836,32.68482249635167,32.382654243136955,32.39943870005011,6166000
2018-08-21,32.53374481201172,32.8023442178052,32.50017268796694,32.8023442178052,4979100
2018-08-22,32.44981002807617,32.69322634090527,32.39944703861932,32.69322634090527,2311200
2018-08-23,31.988157272338867,32.491774308443965,31.979761840649665,32.491774308443965,3232800
2018-08-24,32.14763259887695,32.32389822676749,32.10566504965332,32.315505997690266,3087100
2018-08-27,32.399436950683594,32.449799924459356,32.16441614356673,32.449799924459356,3447800
2018-08-28,32.44141387939453,32.56731653495193,32.307115792315265,32.357475573770635,2828900
2018-08-29,32.5841064453125,32.609286337778315,32.340690145078966,32.53374345846168,2995400
2018-08-30,32.66804122924805,32.74358410781184,32.433020363458084,32.51695867403961,2822300
2018-08-31,32.181209564208984,32.2483570060158,32.02173158823874,32.06369913960786,3605600
2018-09-04,31.744739532470703,31.85385772600749,31.64401677023922,31.753134963776006,3053200
2018-09-05,31.417394638061523,31.70277852488393,31.35863941447334,31.576872644669514,2678300
2018-09-06,31.115215301513672,31.308268588129483,30.955737334809847,31.215938059330888,2252300
2018-09-07,31.207544326782227,31.257907304223796,31.006095618934527,31.014491049467416,2167200
2018-09-10,31.685989379882812,31.88743813842726,31.56008350555261,31.75314003337076,3072800
2018-09-11,31.870637893676758,31.89581777783493,31.61043401700916,31.78669960995263,3783800
2018-09-12,31.80349349975586,31.845461048883937,31.65240776135978,31.80349349975586,7607100
2018-09-13,31.585269927978516,31.635629721478736,31.291490590908413,31.593662159588643,5416000
2018-09-14,31.434181213378906,31.54329942565705,31.28309544312284,31.367030559078685,3847800
2018-09-17,31.526504516601562,31.627227272984168,31.367023350250513,31.408990898583372,3833900
2018-09-18,31.467754364013672,31.560081704411367,31.29148550962721,31.29148550962721,3625400
2018-09-19,31.308271408081055,31.46775259106817,31.257911625595884,31.367026622259772,2142600
2018-09-20,31.660808563232422,31.685988456597,31.417392254310514,31.43417991719333,1839100
2018-09-21,31.627227783203125,31.702770652188434,31.417386836234908,31.442566725257095,1705200
2018-09-24,31.769914627075195,31.820277601548394,31.64401199376979,31.64401199376979,2143300
2018-09-25,32.47499084472656,32.57571682650272,32.21479006327009,32.231577726899445,6051500
2018-09-26,32.80233383178711,32.95341634695052,32.74357542899462,32.760363086661286,6031900
2018-09-27,33.33952713012695,33.34791935826813,33.02896025629052,33.08771545903397,5442400
2018-09-28,33.213626861572266,33.356320379236614,33.09611643638924,33.15487164898075,3611000
2018-10-01,33.154876708984375,33.40668525879531,33.12969681457911,33.230419594119596,2543500
2018-10-02,33.34792709350586,33.36471475560061,32.98700036326658,33.11290622801764,1868200
2018-10-03,33.64170455932617,33.70885200215746,33.50740326982565,33.54937402375405,6248900
2018-10-04,33.16326904296875,33.48222824807843,32.90306826151984,33.339537910112185,4986500
2018-10-05,32.785552978515625,33.02057383078919,32.6344672300772,32.710010104296416,3303400
2018-10-08,32.189605712890625,32.323903814774354,31.988160161024688,32.22318103884139,2906300
2018-10-09,32.13084030151367,32.22317081763131,31.576860406726137,31.576860406726137,3946400
2018-10-10,31.937786102294922,32.298712726368265,31.937786102294922,32.23156529965971,3227800
2018-10-11,31.593652725219727,32.00494239353232,31.400599436638313,31.988154733405402,6067200
2018-10-12,31.182369232177734,31.518112860974174,30.955740601732618,31.41739009252715,3687000
2018-10-15,31.450963973999023,31.56007896734758,31.257910675860508,31.383813330167055,3034700
2018-10-16,32.80233383178711,32.87787348840966,32.14762799046026,32.21477862112693,7622100
2018-10-17,32.978607177734375,33.096117607074014,32.5757129048903,33.03736239240419,4895200
2018-10-18,32.69322204589844,32.903063004855525,32.4917733164553,32.827520131554216,5896100
2018-10-19,32.91145706176758,33.16326558611389,32.810734292412874,33.01218303304139,3574900
2018-10-22,33.146480560302734,33.33953386573655,32.96181948470558,33.29756311079607,4488600
2018-10-23,33.23042297363281,33.373113325666736,32.76037795144154,32.86949617482732,4603400
2018-10-24,31.77831268310547,33.08771810842707,31.71955747565738,33.08771810842707,5809500
2018-10-25,31.711164474487305,31.954580753660903,30.779470110830292,30.99770649971659,5385300
2018-10-26,31.811887741088867,32.00494102139356,31.006096099137075,31.241120128919054,3960300
2018-10-29,31.895824432373047,32.323898561963254,31.65240816166548,32.28193101230442,7780900
2018-10-30,32.27354431152344,32.357479425219,31.91261755917769,31.971372779148453,4884100
2018-10-31,32.55052947998047,33.087721838301086,32.49177426590909,33.0457542856671,4638500
2018-11-01,32.323909759521484,32.533750782427006,32.03852584029318,32.29033762931573,2853700
2018-11-02,31.769914627075195,32.25674710789427,31.58525679117692,32.088873728235335,3369200
2018-11-05,32.726802825927734,32.91146072330212,32.46659884073363,32.50017416822696,4129000
2018-11-06,32.197998046875,32.23996559931519,31.61883493667572,32.206390276595435,2778700
2018-11-07,32.91145706176758,32.93664015554558,32.48338289057076,32.60928555178436,3950600
2018-11-08,34.12014389038086,34.648940843155415,33.51580085644516,33.54937618097919,5475600
2018-11-09,34.38874435424805,34.447499578521,33.99424224677003,34.42231648103289,5144700
2018-11-12,34.33837127685547,34.74126549722967,33.79278355235284,34.57339210492742,4398100
2018-11-13,34.8252067565918,35.068619834120334,34.7076931306414,34.841991215522945,9200700
2018-11-14,34.749664306640625,35.02665270924031,34.64893834031442,34.909142283778685,5425000
2018-11-15,34.749664306640625,34.75805653620833,34.20407652909001,34.67412143285544,6780000
2018-11-16,34.13692855834961,34.17050388308784,33.52419329051334,33.53258872265749,7069200
2018-11-19,34.24604415893555,34.363554584665394,33.658488828367354,33.95226809461093,6167500
2018-11-20,33.85993576049805,34.39712807924582,33.801180550754935,34.07816893926979,4330000
2018-11-21,33.767608642578125,33.918694397733034,33.62491831933133,33.7256410887949,1771000
2018-11-23,33.742427825927734,33.918693468137924,33.35632121863332,33.35632121863332,2185400
2018-11-26,33.65009689331055,33.83475796502742,33.49061891441259,33.72563976792936,3674000
2018-11-27,33.49061965942383,33.507404119117844,32.94503186371569,33.1548728310005,5834400
2018-11-28,33.67526626586914,33.6920539218652,33.255584471721505,33.36470263473693,5109000
2018-11-29,33.75082015991211,33.952268895859426,33.48222397992837,33.55776685566873,4519000
2018-11-30,33.4234619140625,33.6920580389856,33.297556079665505,33.49900477431702,4478900
2018-12-03,33.205238342285156,33.574557320115474,33.09612013445737,33.532589763849195,6550400
2018-12-04,33.46543502807617,33.868329282516946,33.34792460410414,33.52419024006219,5955700
2018-12-06,32.626075744628906,32.73519395434749,32.256756760399035,32.458202314735566,5609400
2018-12-07,32.04690933227539,32.491771110446756,31.99654635285424,32.307113256406616,3825900
2018-12-10,32.239967346191406,32.617681742457066,32.00494647825686,32.617681742457066,6815800
2018-12-11,32.44981002807617,32.99539787380768,32.27354436785621,32.852704337972945,6533300
2018-12-12,32.659645080566406,32.99539187877049,32.642857420464324,32.659645080566406,4978200
2018-12-13,32.93663787841797,33.154871063918435,32.760369041834984,32.953422337217404,2060400
2018-12-14,32.8610954284668,32.9114552093501,32.659646699176804,32.903062979842524,4628400
2018-12-17,32.189605712890625,32.9702144306896,32.038519948031514,32.90306698070739,4360600
2018-12-18,32.0888786315918,32.391050120767666,31.954580547726845,32.29032735834867,2882100
2018-12-19,31.870637893676758,32.34067947485936,31.60204178959581,32.298711933956355,4191500
2018-12-20,31.929399490356445,32.65964509455656,31.778313751291762,32.65964509455656,4608600
2018-12-21,31.484539031982422,32.07209441266429,31.467754571377117,31.64402022500591,3445700
2018-12-24,30.938947677612305,31.78670363819187,30.930552247216898,31.78670363819187,3341300
2018-12-26,31.568477630615234,31.576869860993924,30.636783164537295,30.678750720269246,4502500
2018-12-27,31.308271408081055,31.308271408081055,30.628388729179033,30.972527784476817,6091200
2018-12-28,31.702777862548828,31.979766310546335,31.492936867855168,31.518116762604173,3241100
2018-12-31,31.879039764404297,32.013337857069544,31.736349441787077,31.74474167173905,1625600
2019-01-02,31.727951049804688,31.895824450453993,31.551685419986374,31.66080361069624,3594000
2019-01-03,32.17281723022461,32.60089137586984,32.15602956934769,32.214784781457446,5013500
2019-01-04,32.88628005981445,33.05415349143703,32.466598081717706,32.58410852327769,2854000
2019-01-07,32.55052947998047,32.85270098201557,32.483382036149905,32.73519055387281,5738700
2019-01-08,32.004947662353516,32.38266207259358,31.921009347900558,32.214788645606966,4697400
2019-01-09,31.727951049804688,32.206388160408,31.727951049804688,32.021730301420675,6482000
2019-01-10,32.11406326293945,32.21478924214821,31.80349949851085,31.929405371562115,4809000
2019-01-11,31.014490127563477,31.677588235533303,30.96412715161894,31.618829829305437,5401000
2019-01-14,29.839380264282227,30.678744002810102,29.730262081736406,30.670351774268987,13875300
2019-01-15,30.309436798095703,30.393371923547083,29.990477557924827,30.15835101074738,10138800
2019-01-16,30.040834426879883,30.23388773757656,29.90653633239875,30.024046764829848,7091500
2019-01-17,30.46051025390625,30.51087002802167,30.17512646021773,30.20030634727544,4168300
2019-01-18,30.67875099182129,30.92216729990817,30.485697672210094,30.88019974380474,4366500
2019-01-22,30.443727493286133,30.670356119023033,30.225491097279185,30.62838856653524,7044100
2019-01-23,30.7962589263916,31.081642767384363,30.603205622472824,31.081642767384363,7925300
2019-01-24,30.040834426879883,30.452120940388717,29.956896116629714,30.435333278338685,6285400
2019-01-25,30.007259368896484,30.1499496947085,29.864569043084472,30.1079821401708,6896600
2019-01-28,29.789020538330078,29.906530949610822,29.629539378518867,29.847775743970452,3998900
2019-01-29,29.839380264282227,30.124764063458446,29.839380264282227,30.082796516915764,4498800
2019-01-30,30.175127029418945,30.359784874522887,29.965286094863764,30.284245211924837,4823500
2019-01-31,30.703935623168945,30.796262970448005,30.401764081035452,30.569634313847885,4978500
2019-02-01,30.762691497802734,30.955744831169067,30.67036094664503,30.720720736789588,3587800
2019-02-04,30.855016708374023,30.90537969694726,30.687146483635146,30.888592034089516,2652500
2019-02-05,31.05645751953125,31.274690677040585,30.964126998382444,30.97252242862423,2281600
2019-02-06,30.947341918945312,31.182365956524944,30.92216202995843,31.039672447788874,3083500
2019-02-07,31.0060977935791,31.266301725732344,30.87179971290103,31.266301725732344,3357000
2019-02-08,31.064851760864258,31.23272515547501,30.91376922782514,30.972524435651096,3424100
2019-02-11,30.787866592407227,30.947344572864914,30.678748394241957,30.88858935891108,3903900
2019-02-12,31.224332809448242,31.316663336233646,30.99770420786189,31.115214623072887,3729300
2019-02-13,30.703935623168945,31.199157292652853,30.687147959503815,30.922168846976778,4390500
2019-02-14,33.557769775390625,33.700463309501615,32.642862957119085,32.71001360891703,12341200
2019-02-15,34.346763610839844,34.42230647751138,33.75081610816371,33.8179667460578,6410200
2019-02-19,33.96065902709961,33.98584211873627,33.52418946111722,33.54937255275388,8070900
2019-02-20,34.0194206237793,34.296412270347055,33.77600750633666,33.77600750633666,7081100
2019-02-21,33.93547821044922,33.99423341946517,33.692061943429586,33.91869055045627,5791400
2019-02-22,34.363555908203125,34.405526663510855,33.918694078829105,33.94387397047848,5956300
2019-02-25,34.83359909057617,35.02665238805271,34.69090877580092,34.83359909057617,5982100
2019-02-26,35.236488342285156,35.37078640849718,34.883957119198,34.91752923431216,4216800
2019-02-27,35.580631256103516,35.740112428615305,35.303642864871634,35.303642864871634,4479300
2019-02-28,35.700843811035156,35.760945977020945,35.31447040446764,35.348812159800666,5698500
2019-03-01,35.85538864135742,35.85538864135742,35.61497998584226,35.72659969389814,4590000
2019-03-04,35.7952880859375,35.898323178921544,35.53770690412225,35.82963311693218,3948200
2019-03-05,36.32762145996094,36.58520260788055,35.68366695250091,35.68366695250091,5668200
2019-03-06,36.08720779418945,36.39630646678307,36.001348507500936,36.37054933584088,2490000
2019-03-07,35.76953125,35.86397844836536,35.48619293022638,35.72660159855823,5283900
2019-03-08,35.863975524902344,35.88973265860331,35.49477465701826,35.589221847684726,4139200
2019-03-11,36.22459030151367,36.34479790718805,35.75235759999254,35.76094549520189,3501500
2019-03-12,35.93266677856445,36.0271139809854,35.75236026957317,35.75236026957317,3963400
2019-03-13,36.44783020019531,36.48217523083818,36.01852714312663,36.13014685505476,2973900
2019-03-14,36.293270111083984,36.54226659666983,36.164477921899184,36.3018547285463,3707800
2019-03-15,36.49934005737305,36.49934005737305,36.147311724156545,36.30186106803911,8993600
2019-03-18,36.5594482421875,36.696825083161585,36.43065602082082,36.50793069857638,3076200
2019-03-19,36.80843734741211,36.97157457938334,36.688233034583966,36.82560986000497,3209200
2019-03-20,36.937225341796875,37.17763394003645,36.73974638248273,36.9801549807223,3757300
2019-03-21,36.877132415771484,37.1776432387333,36.825614870982754,36.84278738591233,2434800
2019-03-22,36.56802749633789,36.79985149559011,36.42206278185089,36.44782318753787,3891200
2019-03-25,36.53368377685547,36.739750653100764,36.43065197639377,36.576613420771025,2971700
2019-03-26,36.8685417175293,37.08319322484558,36.799854938355566,36.9372317720251,3106000
2019-03-27,36.61955261230469,36.80844373295128,36.31045388265443,36.57661968571359,3183500
2019-03-28,36.90288162231445,37.14329022903468,36.782677318954335,37.048846330195744,4655900
2019-03-29,34.71343994140625,35.31446478087741,34.46444342178905,34.67051029758443,34782300
2019-04-01,35.434669494628906,35.675078123008696,35.15132794661966,35.58063094033895,8415500
2019-04-02,35.70943069458008,35.76953286437561,35.2801276101419,35.4089198456024,10883100
2019-04-03,35.280120849609375,35.44325481131929,35.039712216495396,35.374568034139,6320000
2019-04-04,34.79930114746094,35.20284702734083,34.75637150127249,35.02254054815613,5580600
2019-04-05,34.94526672363281,35.06547104600878,34.747787726111994,34.773544859386234,5788800
2019-04-08,35.082645416259766,35.27153980445801,35.00537073702615,35.27153980445801,3169400
2019-04-09,34.93667984008789,35.06547206083071,34.7821304853254,35.01395451746913,4313100
2019-04-10,34.80788803100586,35.14274384700176,34.72202546580053,34.98819450495412,6619000
2019-04-11,34.206871032714844,34.644758752212105,34.052321655169294,34.61900161439542,4514400
2019-04-12,33.93210983276367,34.361412836808775,33.88918018742356,34.0179691234439,7489800
2019-04-15,34.18110656738281,34.24120872628593,34.026557222968506,34.138173646461716,3006100
2019-04-16,33.743221282958984,34.43010555284152,33.71746414637669,34.43010555284152,3334300
2019-04-17,33.28814697265625,33.77755201242014,33.262389846980625,33.76037950352933,4408300
2019-04-18,33.313907623291016,33.43411192292436,32.927534320668464,33.28815049489002,5430300
2019-04-22,33.2709846496582,33.39977686810833,33.10785067823392,33.29674178321936,4253500
2019-04-23,33.21946716308594,33.45987908624238,33.16795289587698,33.16795289587698,4812200
2019-04-24,33.24523162841797,33.41695024049624,33.125027289834144,33.24523162841797,3942000
2019-04-25,33.537147521972656,33.614422183729424,32.970467760863514,32.98763699652362,4729100
2019-04-26,32.618446350097656,32.70430564778385,32.335104772153144,32.4896541282461,7190400
2019-04-29,32.781578063964844,33.11643388728776,32.71288801029756,33.107849268240365,5518600
2019-04-30,32.335105895996094,32.78158146519103,31.622464529529697,32.73865181485587,8666400
2019-05-01,32.068931579589844,32.31792809626999,31.98307229295896,32.20630840339236,5199600
2019-05-02,32.30076217651367,32.489656576041455,32.163385324672326,32.30935007212266,10215000
2019-05-03,32.97905731201172,32.98764193112594,32.69571902673352,32.90178263869547,3217200
2019-05-06,32.92754364013672,33.253814885287,32.41238127438149,32.55834274372724,3540300
2019-05-07,32.609859466552734,32.996232868768764,32.47248262080063,32.93613070345987,2831200
2019-05-08,32.88460922241211,33.13360574907602,32.858852090454455,33.03057394592342,3193500
2019-05-09,33.030574798583984,33.09067695825132,32.85026504425991,33.030574798583984,3578100
2019-05-10,32.32651901245117,32.75582203638639,32.103279605824454,32.67854736106517,8515700
2019-05-13,32.008827209472656,32.103274383425756,31.871450395174037,32.017415102734724,7657400
2019-05-14,32.472476959228516,32.62702629316927,32.31792762528776,32.43813193494795,7164800
2019-05-15,32.352272033691406,32.49823347112252,32.26641274994625,32.29216988000545,4570000
2019-05-16,32.45530319213867,32.67854256600856,32.33509888712642,32.403788933031514,2988700
2019-05-17,32.43813705444336,32.5497567633105,32.266418456582905,32.30934810604802,1716300
2019-05-20,32.2320671081543,32.32651428365565,32.051760650554456,32.060345268635636,3097000
2019-05-21,32.52399826049805,32.584100422285324,32.29217423275188,32.326519261008094,3438800
2019-05-22,33.15078353881836,33.185128570443304,32.317934536187224,32.317934536187224,2945100
2019-05-23,33.19371032714844,33.38260470946767,33.004815944829204,33.19371032714844,5530100
2019-05-24,33.502803802490234,33.76038492658621,33.399772007916184,33.494215909004744,3086600
2019-05-28,32.63561248779297,33.18512307685657,32.62702786896911,33.056330867245016,3807800
2019-05-29,32.223480224609375,32.420959199882084,32.14620555817034,32.335099915092826,3334200
2019-05-30,32.20631408691406,32.403796376594556,32.05176799876973,32.403796376594556,2912900
2019-05-31,32.094696044921875,32.146210313286794,31.87145663093306,31.88004452587538,2623000
2019-06-03,32.54116439819336,32.73864335898736,32.42095682285127,32.66136869821392,2409300
2019-06-04,33.133609771728516,33.19371193714118,32.790166019094094,32.99623292573922,3415300
2019-06-05,32.936126708984375,33.10784856417876,32.86743665677783,33.00481348586895,2097300
2019-06-06,33.33967208862305,33.605837848716405,33.25380952462364,33.322499575823166,2259500
2019-06-07,33.502803802490234,33.71745528512383,33.39118411443069,33.648765238526664,2070900
2019-06-10,33.992218017578125,34.10383773550839,33.554330316963345,33.62301710662019,2928900
2019-06-11,33.82048797607422,34.12100202491908,33.75180120297828,34.078069106997106,2378100
2019-06-12,34.28413391113281,34.335651444341906,33.93210562250796,33.93210562250796,2507300
2019-06-13,34.266971588134766,34.352830893688896,34.00080250040086,34.181112282580635,2020000
2019-06-14,34.0609016418457,34.30989819127218,34.01797199288444,34.06948953683131,1477800
2019-06-17,34.32707214355469,34.45586437115461,33.957871251445475,33.966459146790754,1864200
2019-06-18,35.159915924072266,35.22860270006288,34.782127192497164,34.8508172438097,3258500
2019-06-19,35.78669738769531,35.8467995440668,35.33163726793351,35.357394399143615,3027100
2019-06-20,35.726600646972656,36.13014656548612,35.65791058623744,35.99276644401569,3353200
2019-06-21,35.51194763183594,35.563461899905995,34.91092272688152,35.27153897998307,2701700
2019-06-24,35.623565673828125,35.75235461330836,35.46901632619417,35.657907425829606,1940000
2019-06-25,35.546287536621094,35.80386866580669,35.40032282237881,35.743766511507445,1382100
2019-06-26,35.177093505859375,35.40891754946175,34.9967837328426,35.40032965414922,1737900
2019-06-27,35.19425964355469,35.34880570262834,35.082639951975345,35.082639951975345,1683800
2019-06-28,35.44325637817383,35.623566136302315,35.28870702853348,35.623566136302315,2304800
2019-07-01,35.46900939941406,35.760935524009625,35.40890725099628,35.760935524009625,3032900
2019-07-02,35.81245422363281,35.855383867069655,35.469013800816235,35.503355550372596,2521200
2019-07-03,36.05287551879883,36.1902523787939,35.915498658803756,36.0271151057654,1819000
2019-07-05,35.151329040527344,35.7781110378243,35.11698728920574,35.73518139218079,2811700
2019-07-08,35.056880950927734,35.0826380801788,34.859398708930826,34.9881909058294,2090200
2019-07-09,34.979610443115234,35.09122686667663,34.91092038985714,34.988195062111494,1667900
2019-07-10,35.3144645690918,35.55487319330975,35.22001738805707,35.41749636871066,1623000
2019-07-11,34.73060989379883,35.142740339687116,34.51595841519107,35.13415244636269,2342500
2019-07-12,34.5245475769043,34.6619244102803,34.215448882977775,34.64475189669304,3229700
2019-07-15,34.533138275146484,34.69627225448739,34.39576143061669,34.567480029787184,2002700
2019-07-16,34.515960693359375,34.6533375177228,34.44727064351674,34.6533375177228,1619700
2019-07-17,34.63616180419922,34.850813277136666,34.601816782452055,34.6275771864232,1324400
2019-07-18,34.97101974487305,34.97960763850275,34.54171677239684,34.593234308209816,2728400
2019-07-19,34.447265625,34.850811420729514,34.39575137044483,34.79070927353423,3709600
2019-07-22,34.62758255004883,34.756371488567076,34.45586069003577,34.696269328860815,4338500
2019-07-23,34.84223937988281,35.108405192015354,34.739204282938715,34.91092616918966,4153100
2019-07-24,34.644744873046875,34.68767778597212,34.215441946365644,34.49878345012953,4281600
2019-07-25,36.62813186645508,37.37511817012904,36.482170418460306,36.74833618252652,10419700
2019-07-26,37.357948303222656,37.38370871229261,36.82561346206176,36.928645272374986,4226800
2019-07-29,38.113525390625,38.41403949977289,38.07059573941029,38.25949013514196,6419700
2019-07-30,37.6584587097168,37.83018056033824,37.49532147773158,37.69280373490546,3475500
2019-07-31,37.27208709716797,37.598358300982596,36.89430162849768,36.98874881449576,2255600
2019-08-01,37.77866744995117,37.94180142573268,37.40946657420996,37.40946657420996,2686200
2019-08-02,38.019073486328125,38.15645031840262,37.77866484902827,38.122108566875525,4267500
2019-08-05,37.400875091552734,37.77866051761307,37.057431413082135,37.65845621274485,3823200
2019-08-06,37.452396392822266,37.752910486820525,37.14329767914281,37.5382589662456,3936500
2019-08-07,37.70997619628906,37.84735630878939,37.272088551321836,37.400880769129806,4018600
2019-08-08,38.291194915771484,38.48204470598753,37.97889646240991,38.12637220282082,2368900
2019-08-09,38.83771514892578,39.28013572823364,38.67289244471848,39.25411196157662,4127300
2019-08-12,38.482051849365234,38.89844876139998,38.29987882083037,38.85507470354337,2492800
2019-08-13,38.91579818725586,38.91579818725586,38.516751569019085,38.664224024321555,3457500
2019-08-14,38.00492477416992,38.75964385482365,37.99624797839033,38.5340934937459,2793400
2019-08-15,38.325897216796875,38.447345885448236,38.135047417928725,38.204448548145514,1919600
2019-08-16,38.464698791503906,38.64687180690614,38.13505001894636,38.48204907524149,1495500
2019-08-19,38.534088134765625,38.724937904639255,38.45601683897463,38.664213579539016,1521000
2019-08-20,38.70759582519531,38.98519374424391,38.58614714926508,38.94181968987286,5067900
2019-08-21,39.40159225463867,39.635816129016625,39.01989592744591,39.0719467803838,6007200
2019-08-22,39.39291763305664,39.54906687814673,39.184717536527096,39.48834253941484,4555100
2019-08-23,38.67289733886719,39.61846294549803,38.60349620669532,39.28014069923046,3752200
2019-08-26,38.889774322509766,39.01989649289759,38.577475818813525,39.01989649289759,2435000
2019-08-27,38.933143615722656,39.132666899954465,38.85506899935125,38.91579333328146,2333900
2019-08-28,38.863739013671875,38.9678373897904,38.68156602815754,38.863739013671875,2131700
2019-08-29,39.40159225463867,39.47966687943132,39.210745745656475,39.25411980182386,2692900
2019-08-30,39.06326675415039,39.31484089204268,38.88109374777105,39.15001816854157,2413600
2019-09-03,39.27146911621094,39.444968645823785,39.08929609927018,39.17604420946246,2263600
2019-09-04,39.332191467285156,39.49701419201142,39.24544336147725,39.40158929008586,1741800
2019-09-05,38.829036712646484,39.03723676478547,38.65554052996282,38.98518592444383,1610000
2019-09-06,38.81169128417969,39.09796264436652,38.80301448916414,38.91578965977238,1888700
2019-09-09,37.99624252319336,38.195765777514346,37.623219779697926,38.16106852706147,2821900
2019-09-10,37.53647994995117,37.553830233609446,36.599584487773726,36.82513486610307,4102700
2019-09-11,37.388999938964844,37.47575134738475,37.17212638175686,37.18080317721279,7843500
2019-09-12,37.21550750732422,37.38033023616268,37.06803175269764,37.17213014410992,6763500
2019-09-13,37.10272979736328,37.406351463854215,37.059355746325714,37.189477899438415,3658900
2019-09-16,36.8771858215332,37.34563359598566,36.81646147772217,37.32828331072129,2502200
2019-09-17,37.41503143310547,37.536480110003005,37.163457282830144,37.40635463662521,4918500
2019-09-18,37.79673385620117,37.92685935060972,37.60588401352965,37.63191109794864,2096200
2019-09-19,38.698917388916016,38.90711414696265,38.54276816576714,38.7162676702912,4153700
2019-09-20,39.19339370727539,39.32351917918227,39.00254389760615,39.21941747796548,4868200
2019-09-23,38.664222717285156,39.202068284954194,38.65554922988992,39.10664668669335,2457000
2019-09-24,39.184715270996094,39.53171430874024,39.0545931137631,39.33219102026718,2878400
2019-09-25,39.332191467285156,39.50569098812908,39.08061732752286,39.28014061826354,4193600
2019-09-26,39.444969177246094,40.095589940138545,39.35821775665677,39.8006417285915,4677500
2019-09-27,39.28013610839844,39.540387014398235,39.14133716950482,39.46231240444384,2299500
2019-09-30,38.664222717285156,39.17604451354017,38.62952214924759,38.846395735639916,3505100
2019-10-01,37.87480163574219,38.29119850956227,37.77937673167813,38.19577360549822,3077900
2019-10-02,36.83381271362305,37.28491021445342,36.65163967748827,37.13743774974297,3140100
2019-10-03,37.44972610473633,37.5191272348719,37.11140386839547,37.198155281064935,2001900
2019-10-04,37.571170806884766,37.753343774371146,37.41502160354576,37.61454485020618,1878400
2019-10-07,37.683956146240234,38.004931462008614,37.63190859931563,37.657932372777935,2254300
2019-10-08,37.33694839477539,37.70997113786492,37.21549974525369,37.67527057822229,3093000
2019-10-09,37.64925765991211,37.81408040185903,37.614557090272186,37.727332286987696,1981500
2019-10-10,37.822750091552734,37.99624961310131,37.44105379152836,37.475754357683705,6218200
2019-10-11,37.80540084838867,38.308545790526736,37.77070028431628,37.94419979545034,3842900
2019-10-14,38.03095245361328,38.42132557313595,38.013602169498014,38.16107792986361,2651700
2019-10-15,38.3519172668457,38.41264159528265,37.883469610994034,37.95287073448067,2230100
2019-10-16,37.98757553100586,38.19577230621972,37.848776577787255,38.161075049836136,1663000
2019-10-17,38.282527923583984,38.48205123391618,38.14372895512557,38.447350664494465,2431500
2019-10-18,38.056976318359375,38.35192453058446,37.892153582703244,38.32590075896201,1650700
2019-10-21,37.92685317993164,38.083002424124984,37.86612884154848,38.05697534394059,2389900
2019-10-22,38.10034942626953,38.577473955666804,38.0743256552945,38.360600372932865,2657000
2019-10-23,38.76831817626953,38.811695537645704,38.41264565389011,38.612168941153875,3684600
2019-10-24,40.989105224609375,41.041156073359566,40.21703583556942,40.3211342238417,6002800
2019-10-25,41.35345458984375,41.396831955265334,40.86765986571439,41.136580999649325,2669400
2019-10-28,41.4228515625,42.50721940445026,41.28405261109949,41.3708007147643,4679800
2019-10-29,41.28404998779297,41.47489977480204,40.89367692765069,41.13657424986018,2264200
2019-10-30,42.52457046508789,42.55059423481788,41.83057569538752,42.04744926774564,3751100
2019-10-31,42.533241271972656,42.55926834929081,41.83924654599975,41.96069520939152,5668200
2019-11-01,41.978050231933594,42.69807211653944,41.873951838588404,42.68939532004419,2804100
2019-11-04,41.73514938354492,42.116845666672866,41.68309853661603,42.09082189782241,2324000
2019-11-05,40.94572830200195,41.44019974817239,40.84162992102603,41.37947541683412,3638300
2019-11-06,41.06718063354492,41.162605536809544,40.89368111026635,40.93705516377896,4024500
2019-11-07,40.59873580932617,40.88501053953971,40.52933798060157,40.85898345819314,3143500
2019-11-08,40.997779846191406,41.31875512519273,40.17366289481943,40.35583590664514,5334000
2019-11-11,40.668128967285156,40.7548770634761,40.243055353802944,40.25173214895869,1957300
2019-11-12,40.84162902832031,41.01512522307865,40.71150357302376,40.75487762171335,2533500
2019-11-13,41.48357009887695,41.613695545414956,41.162598189104806,41.275373355489236,2009400
2019-11-14,41.09320068359375,41.21464934612542,40.86765364021035,41.16260181031348,1498700
2019-11-15,41.153934478759766,41.23200910965984,40.60741537168786,40.62476565735772,2267000
2019-11-18,41.587669372558594,41.7698456635085,41.44887043754721,41.63104672849711,1860500
2019-11-19,41.35345458984375,41.665753089200265,41.23200590881141,41.65707960165297,2105200
2019-11-20,40.78091049194336,41.08453551899933,40.70283586318366,40.87633540589728,2265900
2019-11-21,41.30139923095703,41.526946266020225,40.48595256822053,40.57270397342002,2394800
2019-11-22,41.613704681396484,41.97805071692825,41.47490571892319,41.90865289030576,2008700
2019-11-25,42.30769729614258,42.44649625140613,42.160221544734235,42.31637078305924,2647000
2019-11-26,42.29901885986328,42.35974650283775,42.17757019237033,42.27299509089422,1613200
2019-11-27,42.30769729614258,42.50722058750717,42.03009938561547,42.03877287253214,3655300
2019-11-29,42.05612564086914,42.16890083281893,41.94335044891935,41.94335044891935,1445300
2019-12-02,41.96937942504883,42.22962707964669,41.56165600366747,42.2209502825973,8550200
2019-12-03,41.54429626464844,41.613697388336256,41.205974059739646,41.24067462158355,3058500
2019-12-04,41.8132209777832,41.847921539894905,41.31874954998855,41.38814736498421,4901000
2019-12-05,41.31007385253906,41.71779719511624,41.21464895881012,41.70044691359936,2302400
2019-12-06,41.36212921142578,41.44887731925021,41.25803082019083,41.40550326533799,2477400
2019-12-09,41.44020462036133,41.59635386479785,41.23200452470322,41.31007914692148,4628100
2019-12-10,41.62237548828125,41.67442633681727,41.16260457517805,41.179954858023386,3441400
2019-12-11,41.80455017089844,42.07347460194436,41.68310149533841,41.70912857526429,3233500
2019-12-12,41.57032775878906,42.07347607137114,41.41418181992146,41.68310295113131,1930000
2019-12-13,41.9520263671875,42.15154966616517,41.81322740662789,41.96937665091098,1825400
2019-12-16,42.77614974975586,43.027720608945124,42.67204803985497,42.92362220827272,3149800
2019-12-17,42.481197357177734,42.62866980123133,42.41179622405028,42.55059518107702,1405000
2019-12-18,42.715415954589844,42.74143972169212,42.3770904361215,42.48119212298611,3365900
2019-12-19,43.348690032958984,43.487488984757185,42.663368760668114,42.76746714720975,4377300
2019-12-20,43.773765563964844,44.44173663280825,43.660993677355194,43.84316670270473,4715100
2019-12-23,43.27928924560547,43.73038666983336,43.16651406224148,43.721713183064466,3189900
2019-12-24,43.261940002441406,43.305314055784294,43.02771614331605,43.19254217893842,755800
2019-12-26,43.24458694458008,43.331338354927816,43.175189125529826,43.24458694458008,1013100
2019-12-27,43.75641632080078,43.94726614764976,43.63496763434362,43.86919151932323,1636200
2019-12-30,43.383384704589844,44.103406499244755,43.2098885070985,44.09473301306133,1960300
2019-12-31,43.25326156616211,43.32265938172418,43.097112344612746,43.17518695538743,1750000
2020-01-02,43.71303939819336,43.79979081799839,43.487492325156886,43.63496477498298,3587300
2020-01-03,43.45279312133789,43.704367282827626,43.227246041220866,43.27062009787086,1208700
2020-01-06,43.27061462402344,43.565562804851446,43.14916595707567,43.40941357328203,1992300
2020-01-07,43.43544006347656,43.63496335870969,43.26194053872613,43.496164400754985,1871900
2020-01-08,43.33134078979492,43.522187284828085,43.15784126857813,43.261939657616956,1869000
2020-01-09,43.44411087036133,43.53085896616291,43.22723732162964,43.4007335132328,1959000
2020-01-10,43.24458694458008,43.461460506607516,43.20121289402017,43.26193722664962,1872900
2020-01-13,43.088443756103516,43.15784489411162,42.871570163670796,42.92362101717687,2395900
2020-01-14,43.530860900878906,43.58291174620988,43.062413220583785,43.17518839752029,2230800
2020-01-15,44.06871032714844,44.3029341881737,43.834486466123174,43.843163262399024,2489400
2020-01-16,43.817134857177734,43.9038862711708,43.565564029668025,43.87786250158692,3078300
2020-01-17,44.52848434448242,44.719330841651875,44.38100859156749,44.62390593845307,2685900
2020-01-21,44.06871032714844,44.276910417802505,43.79111241242846,43.79111241242846,1964100
2020-01-22,43.76508331298828,44.24220446398967,43.6609849349509,44.24220446398967,1924000
2020-01-23,43.548213958740234,43.67833611652079,43.3660409523106,43.66098914286586,1560800
2020-01-24,42.750118255615234,43.91256075571004,42.68072043207204,43.82581264897401,4466500
2020-01-27,42.42047119140625,42.56794362910178,42.16889705850773,42.42914467805915,2265600
2020-01-28,43.02771759033203,43.12314249643239,42.776146748791746,42.94096948072894,1765400
2020-01-29,43.07976531982422,43.47013840320601,43.05374155067477,43.452788120697036,4044800
2020-01-30,42.585296630859375,42.84554426702854,42.455171158160674,42.82819398338683,5974200
2020-01-31,42.24697494506836,42.66337183042394,42.047451644328916,42.66337183042394,4129300
2020-02-03,42.08214569091797,42.446495006062676,42.03009815248875,42.17757059034225,1990900
2020-02-04,42.29901885986328,42.585293555434944,42.264321604313864,42.29901885986328,1698800
2020-02-05,43.1404914855957,43.24458987584118,42.70674433214001,42.90626762562225,2303000
2020-02-06,43.40073776245117,43.46146209730314,42.940966853078265,43.105789574929595,2531000
2020-02-07,42.85422134399414,43.30531548471856,42.82819426374708,43.27929171369976,1995500
2020-02-10,43.29663848876953,43.32266225767941,42.81084051067451,42.932292487119255,1983200
2020-02-11,43.18387222290039,43.35737177298178,42.975675410185666,43.32267120111977,1848800
2020-02-12,43.01036834716797,43.20121484007404,42.81951854503381,43.1578407875603,2483000
2020-02-13,42.79349899291992,43.15784504101747,42.31637444056112,42.34240152201695,2807500
2020-02-14,41.50959777832031,41.83057302758391,41.11922802035455,41.80454595028575,6665400
2020-02-18,42.6026496887207,42.73277186066453,42.151552212346196,42.47252420754843,3927900
2020-02-19,42.77614974975586,42.99302334820665,42.55927615130507,42.81952380760032,3269000
2020-02-20,42.455169677734375,42.66336976494664,42.212272333676836,42.4031221378524,3000200
2020-02-21,43.522186279296875,43.59158740987141,43.097115936826036,43.27061545403431,4105800
2020-02-24,41.28404998779297,42.24696909973465,41.28404998779297,41.85659603959237,4537600
2020-02-25,40.84162902832031,41.72647021111678,40.50330350639484,41.70044644374858,4347100
2020-02-26,41.26669692993164,41.622369403192444,41.00644934375528,41.22332288377351,3900300
2020-02-27,39.894683837890625,41.160479499070235,39.87698000064861,41.063110082570006,4055800
2020-02-28,38.7705192565918,39.00951601753598,38.0269749036528,38.67314983065209,5656500
2020-03-02,40.60282516479492,40.60282516479492,39.25736376793217,39.345882964433585,6134400
2020-03-03,40.29302215576172,41.29326727034268,39.938952072666446,41.142786303195294,4247800
2020-03-04,43.01934051513672,43.09900609810283,41.372924094940274,41.85091421607506,3337400
2020-03-05,42.82460403442383,43.07245100814813,42.08105973658916,42.116467411881715,5756900
2020-03-06,42.06336212158203,42.16958178651151,41.3640756260833,41.82436534299403,3439100
2020-03-09,40.03631591796875,41.29326149826149,39.823876599136966,40.31072036284373,5031200
2020-03-10,41.514556884765625,41.55881479742261,39.815025350106495,40.58512383565742,9144800
2020-03-11,39.4609489440918,40.54970953502638,39.036063632674995,40.36382094503348,5829400
2020-03-12,36.07959747314453,36.80544138306617,34.937728531631734,36.55759100772874,5412900
2020-03-13,37.4250602722168,37.58439145633972,34.14992751930888,36.79658914409985,11898000
2020-03-16,33.45063781738281,34.42432529200734,31.99895683630832,32.58316999641542,7346800
2020-03-17,36.23008346557617,36.74348137385424,34.47744363801298,34.74299451309905,5411700
2020-03-18,34.84035873413086,35.33605272623188,33.84011376531519,33.84011376531519,4909200
2020-03-19,35.52193832397461,36.194667274517215,33.698483557423735,34.44202785889808,9234700
2020-03-20,34.893463134765625,37.15950366477891,34.84035499939752,36.469070891699815,10050700
2020-03-23,34.326961517333984,35.5042416387808,33.760452102400535,34.84036278503146,5674000
2020-03-24,36.19467544555664,36.29204488673828,34.840363631534764,35.71668184884449,6129400
2020-03-25,35.74323272705078,36.47792345208594,34.85806106331662,35.539643649591355,6575400
2020-03-26,37.495880126953125,37.53128781137169,35.760944110394966,35.760944110394966,6742700
2020-03-27,37.59324645996094,38.17745969787356,36.0176384003414,36.09730399535959,6783100
2020-03-30,39.416690826416016,39.46980233876737,37.885344341900186,37.885344341900186,6985600
2020-03-31,39.531768798828125,39.93009674734131,38.82363209961699,38.95640583134662,8411200
2020-04-01,38.7528190612793,39.42555149829921,38.451860524015096,38.72626498867616,6097700
2020-04-02,38.735111236572266,38.779372521908144,37.88534723405041,38.443006337994994,5918800
2020-04-03,38.912147521972656,39.08033230776685,38.54037702494526,38.74396611284056,3372700
2020-04-06,39.22195816040039,39.54061712721193,38.92099965563784,38.96525756408428,5735200
2020-04-07,38.15090560913086,38.80593426772203,37.991574405059026,38.487271859578364,5600600
2020-04-08,38.814781188964844,39.044927742616494,37.920759177204246,38.42530682149746,3860200
2020-04-09,39.531768798828125,39.81502347851258,38.50496974080644,38.867890010193534,5628200
2020-04-13,41.92172622680664,42.39971968650297,40.17793714791165,40.1956409845665,6555700
2020-04-14,43.09015655517578,43.32029970038356,42.07220779843462,42.16957722102087,5109000
2020-04-15,42.51478958129883,42.77149014793185,42.081057401350755,42.196127274673216,2901800
2020-04-16,43.488487243652344,43.541595385415604,42.851162529196294,42.975086028860055,3218600
2020-04-17,44.28513717651367,44.53298753804399,43.86025518388416,44.43561811494229,3349400
2020-04-20,44.64805603027344,45.072938009650116,44.07269649382373,44.09925056232795,3416400
2020-04-21,44.32054901123047,44.763134883822474,44.20547573889112,44.338252851333614,3545400
2020-04-22,44.57724380493164,44.92246020019434,44.532985898785974,44.825090780676796,2803600
2020-04-23,44.60380172729492,45.10834932960708,44.45332415806523,44.51528590735535,2549400
2020-04-24,45.3030891418457,45.373901123959826,44.73657977828405,44.87820711917447,2087600
2020-04-27,45.568634033203125,45.887296352758526,45.39159903604327,45.68370728785629,2105000
2020-04-28,45.1171989440918,46.3121792908139,45.019829524779574,46.3121792908139,5767500
2020-04-29,44.89591598510742,46.04663868075181,44.84280446007921,46.04663868075181,3786000
2020-04-30,46.27677536010742,47.79927176347592,45.68371194235838,47.77271769302807,5863600
2020-05-01,45.905006408691406,46.055483981831706,45.373901345265345,46.055483981831706,3206400
2020-05-04,46.33873748779297,46.33873748779297,45.81648604585561,46.22366759713677,2852900
2020-05-05,47.33013153076172,47.62223643374496,46.41840239034994,46.58658717317432,4579300
2020-05-06,47.83468246459961,48.4277459198253,47.73731303125515,47.852386304904265,6604600
2020-05-07,46.683956146240234,47.48060863663397,46.533475203946594,47.34783490989935,2626600
2020-05-08,47.17079544067383,47.40979217820902,46.87868719146581,47.00261067537405,1657700
2020-05-11,47.7550163269043,47.91434751116671,46.86984458174078,46.9406565654895,3095300
2020-05-12,47.89664077758789,48.54281570732182,47.71075553273197,48.179895448795584,2221500
2020-05-13,48.9588508605957,49.20669787083578,48.321526118078644,48.52511521601331,3431200
2020-05-14,47.356685638427734,48.20644965443802,47.091134805507274,47.79042125430538,4998300
2020-05-15,47.27702331542969,47.27702331542969,46.50692483378538,46.542332514396264,3716800
2020-05-18,47.31243133544922,47.7904248971384,47.2150619014019,47.48061275456402,4924100
2020-05-19,47.418643951416016,47.86122976643887,47.064573948733006,47.25931278787484,3271200
2020-05-20,47.604530334472656,48.46314791691138,47.48946045098065,48.0913774440999,4038000
2020-05-21,48.93228530883789,50.844255843110034,48.41003392612801,50.4105236470147,20428200
2020-05-22,48.879188537597656,49.26866291926661,48.03827464089224,48.4277490225612,6031200
2020-05-26,47.01146697998047,48.32152061979663,47.00261337252944,48.259558874286945,5626600
2020-05-27,46.44496154785156,46.44496154785156,44.97557661762835,45.984671845091476,7010200
2020-05-28,47.356685638427734,47.834679163681784,47.28587028209586,47.46290529626351,4445800
2020-05-29,48.33036804199219,49.22439324952683,47.064572383003956,48.93228500053184,7585700
2020-06-01,48.82606506347656,48.905730642122954,47.75500824352299,48.08252078833076,5759800
2020-06-02,48.43659973144531,48.45430357182421,47.887790809686216,48.233010632081374,4279400
2020-06-03,48.684444427490234,48.94114503577955,48.20645088998506,48.28611647956925,5464200
2020-06-04,47.68419647216797,48.923438149260924,47.58682704911128,48.321521149148566,4483700
2020-06-05,47.6664924621582,48.27726306762011,47.5691264161139,48.10022806057808,6092400
2020-06-08,46.54232406616211,46.91409451510687,45.48011747728019,46.74591312772638,9762600
2020-06-09,46.675106048583984,47.082284243850516,46.6308481363441,46.73706780105227,4782300
2020-06-10,47.480613708496094,48.029419266278815,47.46290986770796,47.67535258050321,4582600
2020-06-11,45.64830780029297,47.62224043750284,45.52438429305342,47.59568636499788,4787000
2020-06-12,45.55978775024414,46.25022058466034,45.09949806841267,46.18825883678514,5630300
2020-06-15,46.59543991088867,46.90525204626868,45.75452608151753,46.41840488733755,5711800
2020-06-16,47.427494049072266,47.98514970353876,47.35667870311119,47.95859563713413,5535500
2020-06-17,47.710758209228516,48.02056696803482,47.59568493738808,47.905493696194384,4919100
2020-06-18,46.6131477355957,46.76362870030967,46.27678149976082,46.59544389406097,3796100
2020-06-19,46.931800842285156,47.09113200790425,46.391845600649546,46.47151118345909,6807200
2020-06-22,47.28587341308594,47.383242846158474,46.91410289771326,47.241615500779034,3375400
2020-06-23,48.020565032958984,48.852625220696694,47.029173668066505,47.064577970030385,10772000
2020-06-24,46.14399337768555,47.294715705650525,46.028920131890615,46.84327632881118,6418600
2020-06-25,46.92294692993164,47.02031635013948,46.2059600659681,46.462660650759354,4948300
2020-06-26,46.64854431152344,47.33897708367156,46.48921315231053,46.98491046726865,6234700
2020-06-29,46.834434509277344,47.2593165200538,46.65739949395497,47.241612680855354,4526200
2020-06-30,46.816734313964844,46.84328838649826,46.06433966111122,46.2767789947032,4621900
2020-07-01,47.197357177734375,47.516019546230496,46.374147184673475,46.76362491357417,5462000
2020-07-02,47.62223434448242,47.86123109643557,47.32127584683719,47.47175678399075,4591300
2020-07-06,47.887786865234375,48.24185689032357,47.55142405572785,47.666493943719125,5180900
2020-07-07,47.33013153076172,48.047118441414604,47.29472385262373,47.35668560103418,3747500
2020-07-08,47.96745681762695,48.42774654146967,47.46290918078562,47.542574774848056,6247800
2020-07-09,47.7727165222168,48.67559203859872,47.40979626945502,48.241856430828804,4203000
2020-07-10,47.586830139160156,48.16219310731347,47.303575459144966,48.07367728605703,5414500
2020-07-13,47.12654113769531,48.06482094566025,47.02031810623132,47.737308373634484,5639800
2020-07-14,47.78157424926758,47.88779392178162,47.1176953868954,47.35669218254888,7199600
2020-07-15,51.339962005615234,52.08350641800443,49.45454521408151,49.852873180836845,19902500
2020-07-16,50.83540725708008,50.83540725708008,49.613869455581565,50.41937550818916,12358700
2020-07-17,54.0839958190918,54.40265820847583,51.01245195844557,51.03015579970718,24319500
2020-07-20,51.94187927246094,57.48305639438318,51.0301534379895,55.491416552907694,56346600
2020-07-21,51.401920318603516,52.80049322457788,51.198331232922826,52.80049322457788,15351500
2020-07-22,50.437076568603516,51.24258257685331,49.78205148584827,50.7911465536929,9562100
2020-07-23,48.83491897583008,50.31315740735801,48.51626001387942,50.23349182270487,8658900
2020-07-24,49.392581939697266,49.569616961320136,48.7375567493535,48.95884968221654,7748000
2020-07-27,50.0830192565918,50.127277168777724,49.54306394860165,49.71124536557307,5660200
2020-07-28,49.852867126464844,50.543299933883084,49.799755611793486,50.348564466745195,4979100
2020-07-29,50.13612365722656,50.499043912713965,49.64927990620619,50.499043912713965,5038900
2020-07-30,51.24258804321289,51.28684595190492,50.23349286772193,50.56100544403731,8215100
2020-07-31,49.3748779296875,51.29570233618245,48.99425381634201,51.18062906602489,6838100
2020-08-03,50.29545974731445,50.88852658962184,50.03875912338047,50.17153623966697,4799700
2020-08-04,49.64043045043945,49.82631569664229,49.3394719380178,49.64043045043945,4121300
2020-08-05,49.52535629272461,50.074161790204435,49.4102830285772,49.9502382949666,3247400
2020-08-06,49.75550079345703,49.78205824077237,49.144733531797584,49.649281134181926,3532100
2020-08-07,49.047359466552734,49.44568737200111,48.65788516825975,49.37487202140506,3849200
2020-08-10,49.02080535888672,49.32176384535375,48.73755071005442,49.304060007719016,2937300
2020-08-11,48.84377670288086,49.33947409104791,48.77296134314462,49.321770251113854,3948900
2020-08-12,50.22464370727539,50.61411803939434,49.65813098329046,49.835165998494375,5462700
2020-08-13,49.787445068359375,50.3495623443568,49.68929722928688,50.27818086006535,3490600
2020-08-14,49.24317169189453,49.60899327881507,49.11825750177382,49.49300347579236,2893300
2020-08-17,50.37632369995117,50.54585300649157,49.83205184903842,49.912354309069094,2997600
2020-08-18,50.260337829589844,50.74214922374031,50.09973289698754,50.70646188600592,4174800
2020-08-19,50.171112060546875,51.170429015495024,50.072964221428876,50.98305772462784,3322100
2020-08-20,50.40309524536133,50.44770696837211,49.939125838005396,50.215720562866,2527500
2020-08-21,49.7071418762207,49.760677988659374,49.287787574915384,49.510849604591826,3419200
2020-08-24,50.64399337768555,51.687925274508636,50.3495533169163,51.30425837437303,7379000
2020-08-25,50.8670539855957,51.19718817677841,50.563689547321964,51.00981352103889,3399700
2020-08-26,50.8581428527832,50.95629069059291,50.42093977626447,50.79568575666002,2802400
2020-08-27,50.06404495239258,50.858145272590065,49.65361161443874,50.858145272590065,4195100
2020-08-28,49.68929672241211,50.15326615460414,49.53761617532481,50.135420783713315,3251900
2020-08-31,49.96589279174805,50.269257276987055,49.61791658296195,49.78744249390339,3262600
2020-09-01,49.412696838378906,49.876666222266984,49.18071044460681,49.83205109785658,3943100
2020-09-02,49.876670837402344,49.95697330365297,49.31455357364791,49.49300387683337,3614200
2020-09-03,48.32415008544922,49.519762505512325,47.83341438099064,49.38592394808912,5122000
2020-09-04,47.8066520690918,48.30630879787741,46.905479634121406,47.994023342386406,4610000
2020-09-08,48.81488800048828,49.02010463514942,47.96725170695324,48.30630690509847,6735600
2020-09-09,47.86018371582031,48.91303666199942,47.592509987936296,48.02971301961655,11416300
2020-09-10,47.35160827636719,48.350925235054284,47.324841921473585,48.32415888016069,4407100
2020-09-11,47.940486907958984,48.31523285565448,47.654967806693925,48.172473305021946,4627700
2020-09-14,48.199241638183594,48.48476075118391,47.61927902534502,48.38661291790449,4960000
2020-09-15,49.32346725463867,49.76959124472377,49.18070771395768,49.54652924968122,4300900
2020-09-16,49.189632415771484,49.948041842325345,49.17178704761474,49.716058863599585,3948500
2020-09-17,49.912357330322266,50.09973201750662,49.51084840952128,49.73391043381355,3991900
2020-09-18,50.367401123046875,50.67968656680696,49.9301980981267,50.643995829332646,2931700
2020-09-21,49.88558578491211,49.88558578491211,48.73458504247277,49.15394269366912,6792700
2020-09-22,49.46623229980469,49.62683722639954,48.82381599708162,49.332397130079855,3878600
2020-09-23,49.66252517700195,50.49231611658204,49.59114710455581,50.1621852987494,2922900
2020-09-24,48.333072662353516,49.216399682449655,48.11001066172536,49.020104032726955,4123700
2020-09-25,49.528690338134766,49.82313384372905,48.19924258042341,48.35984751008277,4954900
2020-09-28,48.850589752197266,49.37701633498822,48.71675115853674,49.136108908593364,2741400
2020-09-29,49.17178726196289,49.252089717190316,48.81488670458413,48.81488670458413,4177500
2020-09-30,48.89519119262695,49.47515377156536,48.72566529283479,49.09148684771185,3001400
2020-10-01,48.44906997680664,49.350242442045946,48.3776919004353,49.25209460883609,4728200
2020-10-02,48.37769317626953,48.8595045645374,48.297390710948825,48.556140073732095,5699100
2020-10-05,48.618595123291016,48.93980154491818,48.341997017373615,48.59182536874675,6704300
2020-10-06,47.92264175415039,48.654284879888856,47.89587540192899,48.3152330728972,3695000
2020-10-07,47.76203536987305,48.11893593895022,47.583588488990536,48.0118671296895,3518700
2020-10-08,48.261695861816406,48.440146147745146,47.80665086617141,47.89587430730773,2351300
2020-10-09,48.82381820678711,48.93980801173359,48.46691759738873,48.529374693484975,2092000
2020-10-12,49.31454849243164,49.47515340838468,49.04687476706194,49.24316701704981,2783500
2020-10-13,48.609676361083984,49.20748436144751,48.58291000709902,48.868429128460086,2949800
2020-10-14,47.45867156982422,48.234929807856,47.23560956195084,48.181393700650176,4656600
2020-10-15,46.887638092041016,47.08393376789063,46.611043352787256,46.79841464137654,3038700
2020-10-16,47.315914154052734,47.73527183693036,47.1374672626341,47.289147801071195,2665500
2020-10-19,46.789485931396484,47.583589545034286,46.66457175054402,47.4943626989567,3143700
2020-10-20,46.56642150878906,47.12853869715449,46.530734175863365,47.003624522774615,4919100
2020-10-21,46.013240814208984,46.8251865649876,45.031769125542745,46.52182203152872,8219800
2020-10-22,46.3612060546875,46.602113427239445,46.066765979561396,46.405817774717995,3751000
2020-10-23,46.39689636230469,47.01254626179602,46.20060071160193,46.54857688973425,5576900
2020-10-26,47.35160827636719,47.61036105252705,46.87871785374549,47.17315796854464,6022000
2020-10-27,46.82518005371094,47.72635254411011,46.73595660484166,47.56574761322028,3702300
2020-10-28,45.4868049621582,46.35228665567261,45.42434787125058,46.29875054761343,5263200
2020-10-29,45.567108154296875,45.9061633701384,44.978224570812245,45.54034180166547,3534000
2020-10-30,44.755165100097656,45.68310395217643,44.425034252136406,45.43327216667434,4761600
2020-11-02,45.16559600830078,45.254822856818755,44.74624173306315,45.031760841008186,5368800
2020-11-03,46.12922286987305,46.45935368106565,45.763401321347175,45.91508184952949,4156800
2020-11-04,49.109336853027344,49.40377695979623,48.101095534435785,48.136786275758205,7385800
2020-11-05,49.216400146484375,50.304943808982976,49.17178842666932,50.019424717779415,6660900
2020-11-06,49.5376091003418,49.93019699290095,49.46622762697323,49.68928962576602,3686300
2020-11-09,48.226009368896484,49.180714568446746,48.08324980831859,48.868429093325226,4381300
2020-11-10,50.4744758605957,50.72430424494886,49.94804933381123,50.53693295668399,5835800
2020-11-11,51.76823425292969,51.82177036329715,51.14365991326799,51.33995558095901,4069700
2020-11-12,50.71537399291992,51.1882643207819,50.394164183936,50.68860764338988,2902900
2020-11-13,51.19719696044922,51.23288429769087,50.64400068749867,50.7421485231401,2900500
2020-11-16,50.22464370727539,50.65292236416603,50.028348046496106,50.40309399856054,5190500
2020-11-17,49.0379524230957,49.44838571266631,48.850581147899064,49.171790993182576,6451500
2020-11-18,48.17247009277344,49.3770035081859,48.14570033880129,49.36808252596581,4732300
2020-11-19,48.208160400390625,48.40445605790602,47.886950562149494,48.40445605790602,6768200
2020-11-20,49.3413200378418,49.448388858529185,48.78812716002446,48.96657746360773,4306000
2020-11-23,48.80596923828125,48.814890221213204,47.58359035723107,48.64536431625641,13670600
2020-11-24,47.797725677490234,48.449066317088494,47.75311395767096,48.18139259451683,8341400
2020-11-25,46.9322509765625,47.36945406439253,46.66457721430127,46.70026795691118,11660900
2020-11-27,46.941165924072266,47.083925462146105,45.89723403643694,46.02215161045043,14783200
2020-11-30,47.23561477661133,47.66389347057007,46.8697931794597,47.55682464799452,14725200
2020-12-01,47.271297454833984,47.61035263941755,46.93224227025043,47.34267892681196,13301100
2020-12-02,47.63712692260742,47.824498212268736,47.13747015017725,47.19100285941963,4953700
2020-12-03,47.09284591674805,47.25345082073936,46.61995559036019,47.1731483687437,7917100
2020-12-04,47.94941329956055,48.30631048923838,47.66389078269945,47.77988398608149,4685400
2020-12-07,48.41337203979492,48.618592062538795,48.029708554477764,48.52044424391933,6582900
2020-12-08,48.82381820678711,49.1271827036788,47.84234323276979,47.88695495803047,6707600
2020-12-09,48.21709060668945,49.091493380967464,48.01187394163348,49.03795726691334,7952400
2020-12-10,48.083248138427734,48.35984626654106,47.886952473079155,48.056481785391576,7566800
2020-12-11,48.42230224609375,48.49368032043451,47.85126403674288,47.85126403674288,3870000
2020-12-14,44.639163970947266,46.01322663456823,44.51424980219188,45.2102021159181,54898600
2020-12-15,45.352970123291016,45.352970123291016,44.69270506710946,45.156674462653434,22247400
2020-12-16,45.442195892333984,46.227375171406,45.34404805699293,46.21845078438061,19333500
2020-12-17,45.31727981567383,45.83478192093112,45.10313878351673,45.73663408967813,13957200
2020-12-18,44.79977798461914,45.4600431012901,44.60348570965468,45.433273342787636,25875200
2020-12-21,44.32688522338867,44.46964478112679,43.773692362610525,44.14843492530195,13007200
2020-12-22,43.479248046875,43.9699838046913,43.274031399193866,43.9610628215992,14221900
2020-12-23,43.51493835449219,43.82722381445923,43.39002417050537,43.8183028314557,11311000
2020-12-24,43.2918701171875,43.63092528474789,42.979581298447016,43.63092528474789,4931700
2020-12-28,44.05921173095703,44.8622329714716,43.84507069129267,44.81762124760796,15481900
2020-12-29,44.5231819152832,45.23697972038472,44.42503407889617,45.20128897921553,17308500
2020-12-30,44.773006439208984,45.103137257443926,44.64809225953394,45.02283479855909,14349100
2020-12-31,44.60348892211914,44.692712380469416,43.82723053911332,44.612409906491465,10610000
2021-01-04,45.07637405395508,45.5492644539403,44.514256802501464,45.43327124885957,15665800
2021-01-05,45.236976623535156,45.35296982256608,44.63024767982044,44.96930289040365,13361900
2021-01-06,45.424346923828125,45.89723728902443,45.20128491705159,45.361889834223184,12754900
2021-01-07,44.78192901611328,45.308355508952964,44.66593921866078,45.103138863087494,13562600
2021-01-08,45.37974166870117,45.39758704022456,44.89792684853962,45.1388342586204,10996000
2021-01-11,45.112060546875,45.58495090233375,44.97822198410258,45.12990591548839,11680300
2021-01-12,44.871158599853516,45.19236846640855,44.70162927936256,45.183444079195105,9628800
2021-01-13,45.3975830078125,45.72771384252993,45.21020832528872,45.27266882190084,11452800
2021-01-14,45.763397216796875,46.21844216418657,45.65632501440045,45.92400211673577,11521700
2021-01-15,45.80801773071289,46.00431340248529,45.620646446015456,45.76340600630727,9524000
2021-01-19,46.905487060546875,46.98578953376668,46.58427716766767,46.860875331792926,13568700
2021-01-20,46.61104202270508,46.976863605840784,46.316598517332835,46.976863605840784,13626200
2021-01-21,46.887638092041016,47.057167413422576,46.5396618693305,46.896562479301345,16054800
2021-01-22,47.51220703125,47.770959773743655,46.95008982602559,47.048237652740845,13372700
2021-01-25,48.190311431884766,48.36876170687439,47.81556891769686,47.94048308909283,13742800
2021-01-26,48.57398223876953,48.76135691459043,48.350920228004995,48.64536371596915,11614400
2021-01-27,46.486122131347656,47.67281367384424,46.42366504002217,47.61927756542688,14550200
2021-01-28,46.432586669921875,47.235607826570316,46.38797495071741,46.503964739917826,8374800
2021-01-29,45.147743225097656,46.58426291561857,45.06744077644569,46.15598432402664,12692500
2021-02-01,44.969303131103516,45.772324334796245,44.79977382307641,45.736633595879354,14590900
2021-02-02,44.66594314575195,45.1745243136242,44.63025240324879,45.07637647356876,11349800
2021-02-03,44.612403869628906,44.915768352088634,44.371496480294155,44.75516342586547,9069700
2021-02-04,44.93360900878906,45.01391146347736,44.64808992626531,44.88899729033021,7317700
2021-02-05,44.371498107910156,44.701628955631364,44.30012002900177,44.567793781306975,9809400
2021-02-08,44.66594314575195,45.08529745736628,44.433956723137904,44.70163048459858,8559100
2021-02-09,44.97822189331055,45.183438526466254,44.64809108376929,44.75515989157748,8058100
2021-02-10,44.58563995361328,45.361894870352636,44.39826526033979,45.30835875746642,9656600
2021-02-11,44.69270706176758,44.99607154917579,44.25550399910479,44.91576908475431,13276000
2021-02-12,46.12030029296875,46.164915418213575,45.32620007626,45.4421932753154,11856400
2021-02-16,45.40650939941406,45.73664027345405,45.147756609972895,45.522502616000914,8823300
2021-02-17,45.906166076660156,46.20953057110798,45.37081516687529,45.54926547013691,9514000
2021-02-18,45.95077133178711,46.379049957120394,45.87046887680862,45.94185034952548,9762100
2021-02-19,45.13882827758789,45.64740938581767,45.10313753927026,45.62064303390751,6895600
2021-02-22,45.1209831237793,45.335124151051,44.933611852201665,45.21020656634308,10776000
2021-02-23,43.99675369262695,45.29943506196469,43.91645122993319,45.236977969164684,14535900
2021-02-24,44.701622009277344,44.89791765217104,44.17519556996272,44.30903412714585,12218600
2021-02-25,44.48335266113281,45.35646609319555,44.33783375578903,45.33827579634703,12795900
2021-02-26,44.00132369995117,44.4924478567532,43.6375246872994,44.42878354995582,8551200
2021-03-01,43.73756790161133,44.27416951637313,43.72847448789594,44.07407972019078,11384700
2021-03-02,43.4101448059082,44.04679124996606,43.355573921179584,44.01950754232375,14356500
2021-03-03,42.89173126220703,43.32828790847922,42.60978691027458,43.32828790847922,14031700
2021-03-04,42.95541000366211,43.61024692803646,42.27328936392049,43.282828465849285,15996400
2021-03-05,43.71027755737305,43.76484497027277,42.882638257103366,43.26462402517683,11174800
2021-03-08,43.82851028442383,44.08317093850685,43.34647962223015,43.42833421292756,11753000
2021-03-09,44.81076431274414,45.36555613996416,44.62886484111471,44.92899948971984,15539100
2021-03-10,45.30188751220703,45.73844412069492,45.2018426389079,45.65658953976322,12728700
2021-03-11,44.265071868896484,44.810770357395576,44.19231415209653,44.51973255130712,12653900
2021-03-12,44.03770065307617,44.18322303312219,43.54657649819887,43.90127862594978,8919800
2021-03-15,44.35601806640625,44.36511147888109,43.77394252358726,44.18321547383308,10645400
2021-03-16,45.520172119140625,45.902161387416854,45.34736951530384,45.429224110688445,16767800
2021-03-17,45.538368225097656,45.58384223512591,44.64706444465449,45.29280440761159,13008100
2021-03-18,44.86534118652344,45.44741679791471,44.819863710459984,44.99266979283474,9792200
2021-03-19,44.756202697753906,45.00176651488412,44.46516487066134,44.76529958141312,6788800
2021-03-22,46.56609344482422,46.57518685825916,45.3564647607655,45.45650965577117,10092000
2021-03-23,44.92900466918945,45.66569258352131,44.710724584181776,45.429225671753564,10891800
2021-03-24,44.37420654296875,44.83804688794975,44.34691936777427,44.68343459610401,6482600
2021-03-25,45.20185089111328,45.28370548698864,44.39240181492596,44.50154011961172,6800200
2021-03-26,46.0567741394043,46.08405784831399,45.00176127175162,45.07452245476968,9707500
2021-03-29,46.21139144897461,46.438764949269704,45.911256763251835,45.974921065778915,8652400
2021-03-30,45.44741439819336,45.6293104150654,45.19275372957307,45.602026706423416,7084800
2021-03-31,45.22004318237305,45.59293558682902,45.20185288588198,45.5110809873414,6688300
2021-04-01,45.04723358154297,45.28370394801045,44.865337569729874,45.119994761823435,5958600
2021-04-05,45.04723358154297,45.29279736082349,44.929001867753264,44.93809528056631,5294000
2021-04-06,44.765296936035156,45.18366335407704,44.71072604563842,44.9744801450561,7127800
2021-04-07,44.03770065307617,44.674347187999494,43.892181742474655,44.61977976492673,9469100
2021-04-08,45.019954681396484,45.29280219769789,44.9562903765743,45.174567001837666,10361300
2021-04-09,45.42012023925781,45.6202099903972,45.18365337200148,45.61111657872886,7432200
2021-04-12,44.94719314575195,45.40194015921902,44.901719138294126,45.320089027461556,7890500
2021-04-13,44.738006591796875,45.110898976189,44.52882339757146,44.75619688730919,7733900
2021-04-14,45.32917785644531,45.765734528885716,45.23822985072841,45.51107733732315,11863600
2021-04-15,46.22957992553711,46.647946316944754,46.02039326038914,46.14772532987525,13903000
2021-04-16,46.14772415161133,46.393284462883,46.02948896768656,46.20229156769657,22166200
2021-04-19,46.95716857910156,47.120877750117806,46.61155994368464,46.96626199107193,16120700
2021-04-20,47.53925323486328,47.612010952953895,47.248215423612066,47.37554403235393,13942400
2021-04-21,48.30322265625,48.36688695310758,47.92123340566054,48.130416590970306,11431700
2021-04-22,47.939422607421875,48.29412467309694,47.6847654257975,48.26684096633544,9436000
2021-04-23,47.5301513671875,47.98489833325851,47.4392033617509,47.96671150772641,6562700
2021-04-26,47.63019561767578,47.73024050398413,47.284590426084726,47.702956796606934,6451500
2021-04-27,47.63019561767578,48.030375162909166,47.575628202921386,48.02127828082079,8342200
2021-04-28,47.3664436340332,47.83937740549487,47.23001816224443,47.62110081396547,8145100
2021-04-29,46.72071075439453,47.5483502432304,46.07497077870334,47.53015994497147,11150900
2021-04-30,48.266845703125,49.62199327285389,48.148610513148704,48.44874519475525,15298000
2021-05-03,48.83982467651367,48.876205266336754,48.312316532411046,48.539690014639284,6636700
2021-05-04,48.13951110839844,48.548784046267535,47.96670852105095,48.448739164850224,8149700
2021-05-05,48.79435348510742,48.83982749028413,48.27594219331575,48.448744800764906,7360500
2021-05-06,48.63973617553711,48.676116766312795,48.17589578620145,48.4487432781309,5502400
2021-05-07,48.939876556396484,49.15815318763459,48.6852158606927,48.6852158606927,4775900
2021-05-10,49.45828628540039,49.749324097224495,49.267289902467255,49.61289860505003,8362000
2021-05-11,49.2036247253418,49.28547932530591,48.503317388303046,48.503317388303046,7480100
2021-05-12,49.567420959472656,50.0403582363367,49.45828265540992,49.767510741457784,8345500
2021-05-13,50.06764221191406,50.22225799048436,49.50375692356555,49.53104063236565,7311600
2021-05-14,50.21316146850586,50.36777724818646,50.094929749893595,50.240448646946064,5198500
2021-05-17,50.8225212097168,50.8225212097168,50.41324825191922,50.46781913610689,5528200
2021-05-18,50.92256546020508,51.26817064741329,50.92256546020508,51.12265176084038,6982700
2021-05-19,51.24088668823242,51.25907698264501,50.886184620796634,51.159032098097704,10347200
2021-05-20,52.2413330078125,52.41413908460766,51.7320185990121,51.81387319606134,10172300
2021-05-21,52.2049560546875,52.505087265212055,52.159478579944924,52.36866524931697,7252800
2021-05-24,52.268619537353516,52.49599302972837,52.23223894590694,52.30499665935593,4324500
2021-05-25,51.759300231933594,52.16857320076214,51.6228747525094,52.14128949265493,7404300
2021-05-26,51.42279052734375,51.89572781387925,51.404600231387285,51.85025033926598,4063400
2021-05-27,51.741111755371094,52.16857503444411,51.11356216073885,51.1226555739462,12365400
2021-05-28,51.6319694519043,52.23223529099297,51.56830515604974,51.61377915745386,5563100
2021-06-01,51.159034729003906,51.98667408539758,51.06808672170776,51.96848379004954,6757100
2021-06-02,51.02260971069336,51.1408448968044,50.80433310342818,50.822523398940966,6077800
2021-06-03,51.159034729003906,51.28636332699615,50.68609745828694,50.73157146193501,5497700
2021-06-04,51.65925979614258,51.8957301849365,51.450076587252184,51.51374089128646,4868800
2021-06-07,51.29545974731445,51.80477413469545,51.24998227463196,51.495546055452394,6282600
2021-06-08,51.2136116027832,51.65926174786008,50.85890600619135,51.65926174786008,5164700
2021-06-09,52.3868522644043,52.44142315262524,51.713828656900446,51.80477666782446,7486500
2021-06-10,53.514625549316406,53.55100614092967,52.70517646786426,52.877979073861006,7558300
2021-06-11,53.45096206665039,53.79657075337673,53.23268198307475,53.77838045729174,7684400
2021-06-14,53.44186782836914,53.63286421199055,53.04169170303,53.6237673287758,6596700
2021-06-15,53.514625549316406,53.66923785950652,53.278158642718545,53.65105103314406,5940400
2021-06-16,53.1235466003418,53.96937633291159,53.0053114040029,53.53281961117305,6968400
2021-06-17,53.068973541259766,53.169018436425596,52.632416837354214,52.805222917893104,4875000
2021-06-18,53.087158203125,53.2963413847042,52.359563773839966,52.59603413176004,14107300
2021-06-21,53.032596588134766,53.16901860698046,52.732461901674526,52.93255169264802,5305100
2021-06-22,52.65060806274414,53.04169076741452,52.46870856554605,52.896171863544915,4899900
2021-06-23,52.73245620727539,53.523714933356786,52.64150820453276,53.523714933356786,5804800
2021-06-24,53.132633209228516,53.72380564576449,53.05078208698973,53.10534950181559,5247900
2021-06-25,53.97846984863281,54.042134153832926,53.48734570415259,53.705622330711705,9532500
2021-06-28,54.63330078125,54.906148269775734,54.32407270240242,54.3695467055827,5822300
2021-06-29,54.73334884643555,54.878867746724254,54.48778505167755,54.678777957785684,4667300
2021-06-30,54.47868728637695,54.833389360655794,54.31497810294918,54.624206175041195,4575500
2021-07-01,54.85158157348633,54.96981328941766,54.305883119830284,54.45140201358308,4754700
2021-07-02,55.28813934326172,55.36999393944948,54.633302573759636,54.80610517929195,5197300
2021-07-06,54.47868728637695,55.07895313579745,54.45140010950967,54.94252765979298,6893600
2021-07-07,54.35136413574219,54.40593502898148,53.93299769590793,54.35136413574219,6434700
2021-07-08,53.896610260009766,54.26950264287378,53.50553105115209,54.06941633194653,6895000
2021-07-09,54.233123779296875,54.487780968357015,53.7238059317326,53.769279934144194,6173600
2021-07-12,55.02438735961914,55.41547005973065,54.77882356168091,54.833394451037506,10067900
2021-07-13,55.124427795410156,55.16990179813932,54.63330023926956,54.65149053425002,8321600
2021-07-14,54.387733459472656,54.733342106138956,54.23312116483794,54.65148751796651,23737800
2021-07-15,51.804771423339844,53.53281121151086,51.704726539784986,53.46914691642029,27055800
2021-07-16,51.65016555786133,52.27771517451351,51.295463449777735,51.65016555786133,28642800
2021-07-19,51.36821746826172,51.73201643312571,50.931660792091364,51.33183687788651,41068100
2021-07-20,52.33228302001953,52.65970139903478,51.622875375671796,52.086719235758096,65540200
2021-07-21,52.54146194458008,52.80521600285144,52.323181886489756,52.668790532864506,19553100
2021-07-22,52.71427536010742,53.18721269190389,52.64151763876272,52.88708145350961,48604900
2021-07-23,52.95983123779297,53.40548479097588,52.76883834476202,53.07806642038338,14129800
2021-07-26,51.65016555786133,52.40504378054923,51.61378496486704,52.3140957675078,19736700
2021-07-27,52.259521484375,52.46870467634174,51.45916930713985,52.46870467634174,15839100
2021-07-28,51.66835403442383,52.232239328196194,51.66835403442383,51.86844034995611,10798900
2021-07-29,52.42322540283203,53.296338673559454,52.30499022988653,52.75973715873752,10601800
2021-07-30,52.0594367980957,52.45051601652785,51.95939190546071,52.25042970070204,7336500
2021-08-02,52.186767578125,52.33228648181967,51.650165970230084,51.8866328876923,7253000
2021-08-03,52.4414176940918,52.50508198900075,52.21404422100443,52.304992222461834,5249100
2021-08-04,52.12310028076172,52.568750379847586,52.114003398240875,52.29590288477239,6945300
2021-08-05,53.1235466003418,53.141736897428125,52.632418987344295,52.89617309092937,8875100
2021-08-06,51.33183670043945,52.095811748457635,51.14994068808031,52.05033774536785,6220200
2021-08-09,51.25907897949219,51.68654224123059,50.931660606198434,51.5319264674223,9652700
2021-08-10,51.3045539855957,51.686543251721126,51.1590350912251,51.2772702771025,6694400
2021-08-11,51.48645782470703,51.7683987548292,51.36822262883145,51.66835732541306,6156800
2021-08-12,52.67826461791992,52.75160881724755,51.990678486821004,52.311554113013514,9174700
2021-08-13,53.61338424682617,53.760069153903565,52.93496786305974,52.989972517436236,7197400
2021-08-16,53.86091613769531,54.016767322735745,53.21916835235055,53.23750440304544,6117000
2021-08-17,54.41098403930664,54.48432824258459,53.6133850635015,53.64088739110868,6907600
2021-08-18,54.49349594116211,55.18108212723424,54.456827335810516,54.60351224894947,9738800
2021-08-19,54.26430130004883,54.81437235489874,54.10845010771678,54.20012686823631,4327000
2021-08-20,54.447654724121094,54.64017800684976,54.1542849131315,54.39265007033805,3494000
2021-08-23,53.90675354003906,54.410982684667104,53.88841748967608,54.172621024436324,6114700
2021-08-24,53.650054931640625,53.695893308159,53.04497926876379,53.503370028435455,4234000
2021-08-25,53.7050666809082,54.044274886569305,53.54004571658784,54.035105112304734,5606800
2021-08-26,53.870086669921875,54.14512395482785,53.56755055266739,53.96176693063865,3715400
2021-08-27,53.75090408325195,54.30097162282291,53.59504939878557,53.98926575113426,5244600
2021-08-30,53.73257064819336,53.91592766939153,53.64089038897213,53.787575306481806,2296500
2021-08-31,53.43002700805664,53.91592360216409,53.32918047914294,53.58588168835345,4416900
2021-09-01,53.833412170410156,54.01676567728559,53.521706312580356,53.85174822054649,4344300
2021-09-02,54.63101577758789,54.6585181065169,54.17262497680171,54.24596568636048,3254300
2021-09-03,53.93425750732422,54.310137783714346,53.75090050725111,54.22762730854364,5330600
2021-09-07,53.53087615966797,54.108449537134284,53.36585519467759,54.09927976283248,5063600
2021-09-08,52.32072830200195,52.63243420179721,52.21988176129695,52.540757436016904,3841500
2021-09-09,51.60563278198242,52.48574220494513,51.468114154600265,52.2748828742714,5631400
2021-09-10,51.578125,52.11902621806047,51.56895872390304,52.08235761642879,3930800
2021-09-13,51.30309295654297,51.92650466915307,51.15640805341376,51.917338392751724,4013000
2021-09-14,51.30309295654297,51.77981976602386,51.10140340051778,51.651470912941306,6483000
2021-09-15,51.7523193359375,51.899004244441684,51.45894951892914,51.82566004156755,6923000
2021-09-16,51.889835357666016,52.00901794075221,51.34893409257532,51.77065627182397,5344700
2021-09-17,50.93638610839844,51.6698106767594,50.54216974717114,51.48645366035811,7304400
2021-09-20,53.63172149658203,53.72339825408879,51.413111790272396,51.49561877368201,17488700
2021-09-21,54.209293365478516,54.557667832187576,53.75090259610383,53.97092820694702,8695900
2021-09-22,53.85174560546875,54.16345144816191,53.3658490435612,53.787567684486106,6388200
2021-09-23,54.53016662597656,54.78686434298456,54.310141010610884,54.310141010610884,5322200
2021-09-24,55.32776641845703,56.198709610474,55.226923383318436,55.87783745947813,10108200
2021-09-27,53.833412170410156,54.585172739780155,53.65005516629075,54.50266226278862,5849300
2021-09-28,52.83412170410156,53.53087414329272,52.357394878446954,53.53087414329272,6232600
2021-09-29,54.7043571472168,54.87854789185369,53.85175346493158,54.07177909350702,8548200
2021-09-30,55.0619010925293,55.511122093087366,54.951884788632405,54.951884788632405,7801200
2021-10-01,54.71352767944336,54.96105913795164,53.80591233157965,54.35598340512396,6071500
2021-10-04,55.50196075439453,55.511127031912764,54.896885018104314,55.052736216624886,6926100
2021-10-05,54.90605163574219,55.45612271584172,54.896885358167175,55.12608076723088,4139300
2021-10-06,54.8785514831543,54.924389867336856,54.300978050169306,54.676858396057575,6688300
2021-10-07,55.346099853515625,55.59363128568848,54.57600323028141,54.612675330731605,3820400
2021-10-08,55.566131591796875,56.02452237741178,55.44694900830864,55.64864207309733,3113400
2021-10-11,55.740318298339844,56.23538118140879,55.73115202150262,55.96034741211853,3753500
2021-10-12,55.25442886352539,55.78616038654513,55.19025442966515,55.731155727375985,2746200
2021-10-13,55.41944885253906,55.611972150704965,55.01606270715036,55.01606270715036,4452600
2021-10-14,54.7043571472168,55.53863177206863,54.6676885406171,55.36444102743174,5588900
2021-10-15,55.20858383178711,55.50195363616658,55.08023497952659,55.25442220798817,3513200
2021-10-18,54.35598373413086,54.88771526147337,54.20929881308005,54.805204774804515,4228600
2021-10-19,55.162742614746094,55.45611591986046,54.5576669488579,54.603508822848376,3404200
2021-10-20,55.584468841552734,55.721983981856184,55.20858852913254,55.272762960723,2981500
2021-10-21,56.1253662109375,56.15286853763378,55.4561161157909,55.474448668759095,2597500
2021-10-22,56.647926330566406,56.89545774040609,56.54707981204909,56.73960307617651,3997400
2021-10-25,56.62959671020508,56.8037839455343,56.226214087590215,56.78544789488216,3144700
2021-10-26,57.07882308959961,57.161333576687504,56.647938099024515,56.77628696844026,2469700
2021-10-27,56.62959671020508,57.47303405673908,56.48291180223203,57.41802940202673,2513500
2021-10-28,57.0146484375,57.628893949533236,56.8312949088877,56.86796351626353,2529900
2021-10-29,57.1888313293457,57.26217203126636,56.80378127821957,57.19799760561932,3951300
2021-11-01,57.262176513671875,57.5555463388069,56.88629620663986,57.014645067980915,2819800
2021-11-02,58.2706298828125,58.866535723507724,57.427189135141,57.702222869096005,5455200
2021-11-03,58.51816940307617,58.738195021837925,58.160621652411045,58.62818221245705,3970100
2021-11-04,58.51816940307617,58.66485431466539,58.22479608265357,58.48149730086782,2811900
2021-11-05,57.83974838256836,57.88558676082019,57.05131568655814,57.57388089256602,4068500
2021-11-08,57.748069763183594,58.554834986674024,57.72973371302554,58.36231170588044,4557000
2021-11-09,57.48220443725586,57.74807192865129,57.372191629426204,57.70223005291517,3618200
2021-11-10,57.885589599609375,58.16979315429901,57.72973840646117,58.00477218670429,2519100
2021-11-11,57.68389129638672,58.02310297525381,57.6197168700592,57.79390759630012,2452000
2021-11-12,53.90675354003906,55.49278517537512,53.604217452159844,55.318597942792785,14155800
2021-11-15,54.80520248413086,55.34610376363115,54.26430120463057,54.93355134753021,7955700
2021-11-16,52.83412170410156,53.36585318451827,52.20154019638483,52.806615879476446,7974500
2021-11-17,52.92579650878906,53.485033793211414,52.79744765608438,53.17332793782407,5216700
2021-11-18,51.990684509277344,52.3298962245951,51.41311461026578,52.15570547963617,7955800
2021-11-19,51.944847106933594,52.68744148754282,51.8531703426707,52.54075656637556,4800700
2021-11-22,51.843997955322266,52.12820150580638,51.56896417914898,51.90817238652123,5073500
2021-11-23,52.00901412963867,52.20153740550118,51.55062337916002,51.66063618004661,5827200
2021-11-24,51.6514778137207,51.82566506656979,51.477290560871616,51.61480570872792,3166000
2021-11-26,51.871498107910156,52.32988885048026,51.4039375920321,52.256544652992005,5813800
2021-11-29,50.908878326416016,51.54145983382957,50.89971204970808,51.10140510972331,6215200
2021-11-30,50.26713943481445,51.110576872234994,50.15712311904656,50.69802443121649,6987800
2021-12-01,50.31297302246094,51.10140572409689,50.29463697158055,50.789699853618586,4902200
2021-12-02,50.23046112060547,50.808030969393904,50.129614592239356,50.4596565042579,5358300
2021-12-03,49.717063903808594,50.11128025696256,49.176162639986465,50.001267448272465,5751100
2021-12-06,50.798866271972656,51.24809077668342,50.52383250248882,50.69801974047162,5214000
2021-12-07,50.20295715332031,50.2304629785019,49.16699649890947,49.643723334208715,6701100
2021-12-08,50.542171478271484,50.61551218899744,49.85458526614955,50.29464002223827,4014800
2021-12-09,50.38631057739258,51.00055600311387,50.31296987570215,50.67968037864207,4824200
2021-12-10,49.524539947509766,49.7995737141541,49.267842231607595,49.66205508220989,3961000
2021-12-13,50.03793716430664,50.212124394530576,49.762899909829734,49.77206968350908,3688100
2021-12-14,49.96459197998047,50.322136207067174,49.82707335544993,49.99209430598901,3585700
2021-12-15,51.083072662353516,51.110574991661345,50.092946840340026,50.36798062515122,4834700
2021-12-16,52.339054107666016,52.43073085549785,51.39477031547189,51.449774965273484,6855900
2021-12-17,51.35810852050781,52.256554119025225,51.30310036242715,51.862337729224954,6013300
2021-12-20,51.85316467285156,51.92650537679365,51.33976575628091,51.85316467285156,4098700
2021-12-21,52.2015380859375,52.439903237750016,51.80732175560782,51.954006657783246,7505200
2021-12-22,53.246681213378906,53.3108556506694,52.07319829454294,52.2382192753598,4095300
2021-12-23,52.84328842163086,53.090819861857426,52.5865907046155,52.71493956312318,3473600
2021-12-27,53.22834014892578,53.23750642599949,52.74244353015803,52.82495401279827,2170800
2021-12-28,53.46670150756836,53.62255619485703,53.22833983536968,53.22833983536968,2188700
2021-12-29,53.76923751831055,53.80590612118564,53.457531661786504,53.59504679136702,2716500
2021-12-30,53.60422134399414,53.98010166061538,53.485038756603714,53.65922600183259,2183700
2021-12-31,53.402523040771484,53.81507542036356,53.365850940975754,53.52170561648562,1337100
2022-01-03,53.45753860473633,53.51254326481484,52.94413962812231,53.42086649985438,3321000
2022-01-04,52.50407791137695,52.89829424356496,52.32072090848236,52.40323138492273,4646600
2022-01-05,52.14653015136719,52.92579298939513,52.11902432958527,52.47657203480048,4804400
2022-01-06,51.954002380371094,52.2932140302349,51.440607013647316,52.08235471929569,6196400
2022-01-07,52.69660568237305,52.76078011426962,51.82566246731981,51.93567877678043,4594800
2022-01-10,53.06332015991211,53.0999887661258,51.77065823959518,52.03652224655474,5669300
2022-01-11,53.26500701904297,53.27417679306213,52.366561513590376,52.3848975643846,4439100
2022-01-12,53.54004669189453,53.59505134950717,53.210004757241634,53.25584313766692,3534500
2022-01-13,53.26500701904297,53.80590827711836,53.22833841469861,53.79674200034329,3464400
2022-01-14,53.95259475708008,54.080947116376706,53.32918300090182,53.356688826516056,5013800
2022-01-18,54.860206604003906,54.988555457963855,54.08094370653624,54.40181584143611,5901500
2022-01-19,54.53016662597656,54.86937482305771,54.47515847351309,54.640179433659405,3563900
2022-01-20,55.162742614746094,55.57529499995258,54.86020653042398,55.19024843858917,6172000
2022-01-21,54.18178939819336,55.25442565386009,54.108448691146656,54.86020929890714,5894000
2022-01-24,52.229042053222656,52.962466538033745,50.88137215802716,52.92579443948224,10423700
2022-01-25,53.03581619262695,53.29251742858593,51.743154227001604,51.798162384116615,6155800
2022-01-26,52.36656188964844,53.38418998394933,52.08236184340723,52.8982968747673,4483300
2022-01-27,54.56684112548828,55.16274706576374,53.10915824496927,53.19166872866825,10104700
2022-01-28,54.36514663696289,54.401818739260285,53.67756045648551,53.95259422922763,5038700
2022-01-31,53.36585235595703,53.54004308598338,52.999141840008335,53.1916651231747,6690200
2022-02-01,52.87995910644531,53.17332891724369,52.45824044057815,52.57741952185974,13729700
2022-02-02,54.09927749633789,54.22762985047634,52.724105177193884,52.889126135270686,9509100
2022-02-03,52.559085845947266,53.19166383123417,52.33905674392699,52.78828122431492,6987000
2022-02-04,51.083072662353516,51.944846120693754,51.01889822913905,51.61480418002259,10600200
2022-02-07,51.96318054199219,52.03652125025965,51.358104835497684,51.513956026343685,7816900
2022-02-08,51.935672760009766,51.972341361670985,51.449776192627304,51.843992512747114,7632300
2022-02-09,52.43990707397461,52.71494084851804,52.137367473905904,52.24738378151863,5571100
2022-02-10,53.7234001159668,55.16274694161964,53.2558430408877,53.32001747281534,14540200
2022-02-11,53.21000289916992,53.686729732883194,52.916633077999315,53.24667500112728,9038200
2022-02-14,52.751609802246094,52.87995865622211,51.95400735726259,52.531580697398645,6534700
2022-02-15,55.281925201416016,55.419443828922724,54.53933440516293,54.63101115867142,8355900
2022-02-16,55.7769889831543,56.171205324778064,55.41027496858762,55.43778079288874,7561000
2022-02-17,55.91450881958008,56.16203676292368,55.41027616435839,55.94201114723067,7983100
2022-02-18,54.8785514831543,55.58447379074827,54.603517680814385,55.346108597407685,34981700
2022-02-22,55.74947738647461,56.75793551298775,55.5111122674667,56.657089000887744,9954400
2022-02-23,55.50196075439453,56.54709125369178,55.4011142154721,56.54709125369178,8515000
2022-02-24,54.17393112182617,54.27644557871671,53.16742942335821,53.81047336018582,9427000
2022-02-25,56.45719909667969,56.531752807480586,55.18975401728942,55.273629163869245,6468100
2022-02-28,56.736785888671875,56.86725755844306,56.01918814984402,56.680867935161494,7358900
2022-03-01,57.165470123291016,58.37699714255449,56.7554158636423,57.99490007751557,8240600
2022-03-02,57.780555725097656,58.23721006845318,57.30526562127418,57.69668058264811,7217300
2022-03-03,55.98190689086914,56.65290808120521,55.17111615593719,56.14965718845316,6421100
2022-03-04,53.55884552001953,54.5933043673169,53.23266284870748,53.9875390885129,9284200
2022-03-07,52.65486526489258,53.558852584943985,52.55235079910289,53.316545019425405,9681300
2022-03-08,53.76387405395508,54.490793142593155,52.52438978379347,53.03695852040294,10233200
2022-03-09,56.31740188598633,56.475830731791824,54.50010954625693,54.70513845738014,9256800
2022-03-10,56.75541687011719,56.85792777053291,55.75823662037875,55.87938683589348,6667600
2022-03-11,56.196250915527344,56.75541973143015,56.14033652249728,56.429237033382,6342000
2022-03-14,56.28013229370117,57.37982717618339,56.16829994016856,57.37050929467502,9339200
2022-03-15,57.19343566894531,57.39846460624966,56.41060210979432,56.71814551575085,5856400
2022-03-16,57.7432861328125,57.780564769755685,56.95113465074561,57.68737173248422,6955200
2022-03-17,59.33690643310547,59.56057468422093,57.83647872824127,57.88307524365683,8668800
2022-03-18,58.92685317993164,59.11324280003175,58.29313060464305,58.516798859780444,7046600
2022-03-21,59.15983200073242,59.76559374729295,58.90820657797558,58.90820657797558,4642400
2022-03-22,59.32758712768555,59.467380225662254,58.87093275536964,59.22507266318078,4209000
2022-03-23,59.94266891479492,60.11974064197551,59.02936374726318,59.02936374726318,7525400
2022-03-24,61.52696990966797,61.56424854116073,59.672402431477856,59.92403141651099,15206100
2022-03-25,60.697540283203125,61.26602697414413,60.445918406802804,60.55775430196516,9365600
2022-03-28,60.9305305480957,61.126238045328186,60.31545085824681,60.69754441660382,6358700
2022-03-29,61.461734771728516,62.067500097481926,61.033041170009554,61.55493490659213,4773100
2022-03-30,62.552120208740234,62.64531324089088,61.68541150041136,61.72269013530614,6803700
2022-03-31,61.825199127197266,62.95285830958641,61.75996329195079,62.70122929494088,6141200
2022-04-01,62.26320266723633,62.337759925172755,61.20078662724238,61.25670812578043,3829800
2022-04-04,62.13274002075195,62.35641182695969,61.85316092825101,61.927711086814426,4078500
2022-04-05,62.486881256103516,63.49337590733156,62.35640959557076,62.375045357001625,6953000
2022-04-06,64.3694076538086,64.56511514961099,63.17651980691445,63.37222730271685,5596700
2022-04-07,66.1773910522461,66.29854129610406,64.58376656685276,64.59308089395259,8309700
2022-04-08,66.29853057861328,66.82041721877228,65.81392257134739,65.81392257134739,9082000
2022-04-11,65.82323455810547,66.4289998782929,65.38522663506234,66.15873513205014,7589100
2022-04-12,63.940711975097656,64.57443451218306,63.39086102916058,64.29484832134425,7416900
2022-04-13,64.27621459960938,64.4532863334375,63.75432794433374,63.91275680608921,6304600
2022-04-14,64.35076904296875,64.66762675257168,64.09914005223975,64.369404804051,3945600
2022-04-18,63.940711975097656,64.43464141676365,63.80091887967826,64.3041697570848,3093800
2022-04-19,63.63317108154297,64.32280803976009,63.008769955722435,63.90343584723525,6102800
2022-04-20,64.16436004638672,64.4812247879638,63.334930234562805,63.61451635300315,6205000
2022-04-21,62.80373764038086,64.38804040479445,62.775780443741056,64.22961155038752,9302300
2022-04-22,61.377864837646484,62.32844509140894,61.32195044335817,62.25389493574858,8507800
2022-04-25,61.47106170654297,61.545618977035055,60.39932405128029,60.548438592264475,7147900
2022-04-26,60.63230895996094,61.77860386248104,60.56707312714581,61.45242469840541,8841700
2022-04-27,61.68540954589844,62.17001756383043,61.210115853765565,61.80655977283834,9071700
2022-04-28,62.64531326293945,62.64531326293945,61.00508887785505,61.23807501339995,8943800
2022-04-29,61.881107330322266,63.18583086488066,61.629478369782426,61.72267849452829,10781800
2022-05-02,61.90907669067383,61.9929482872229,61.15420388104158,61.471061614901615,5594500
2022-05-03,62.59871292114258,62.69190595292314,61.96499035079319,61.96499035079319,7273700
2022-05-04,62.207298278808594,62.3936843434401,60.986453202075225,62.07682661153202,8074700
2022-05-05,60.529788970947266,61.508333484080936,60.04518098712407,61.266025937083405,8015400
2022-05-06,59.97994613647461,60.2688466444075,58.89889070287807,59.11323750250396,8663600
2022-05-09,58.32108688354492,59.253031357451974,58.09741864556937,58.954805855122565,8197100
2022-05-10,59.30894470214844,59.77491693086436,58.70318293786933,58.72181869854231,6048300
2022-05-11,57.24934768676758,58.526110584249814,57.15615466406426,57.65940196378246,10486500
2022-05-12,57.26799392700195,57.435744232220536,56.23353489651616,56.39196376528572,8800400
2022-05-13,58.84297561645508,59.00140803132566,58.06946352411519,58.26517101740871,5831300
2022-05-16,60.101104736328125,60.39001239471333,59.0386884704547,59.0386884704547,5604100
2022-05-17,61.17283248901367,61.340582772665044,60.75346033497115,61.07963946702331,6447700
2022-05-18,59.01072692871094,60.14770038472141,58.908212462338035,59.84947842168362,8770100
2022-05-19,60.147701263427734,60.38068739764763,58.85229892597894,59.02004922702417,6443400
2022-05-20,61.70404052734375,61.84383361539661,60.5577528476883,61.02372506774995,7169200
2022-05-23,61.89044189453125,62.73850775029518,61.778605987213616,61.937034856617366,6481200
2022-05-24,62.114105224609375,62.41232719401828,61.797240382640325,62.197976820612226,6134500
2022-05-25,62.26320266723633,62.477553006260685,61.80655190517578,61.92770211669387,3860200
2022-05-26,62.16069030761719,62.598705325024156,61.98362570177202,62.1886546129133,6217400
2022-05-27,62.81306457519531,62.81306457519531,62.095463284478804,62.25389926292872,5430300
2022-05-31,61.9556770324707,62.21662036976964,61.219439982135725,61.40582604872849,5771700
2022-06-01,61.620174407958984,62.15138250155465,61.04236624415377,61.99294652894564,5281400
2022-06-02,62.41231918334961,62.421640618433266,61.144874198496126,61.92770410140297,3857000
2022-06-03,61.2287483215332,62.12342126218284,61.070319469402904,61.62017039938191,5582200
2022-06-06,59.197113037109375,60.31544710978588,59.02004486801095,59.84947487576117,10234100
2022-06-07,61.11692810058594,61.17284250089705,59.51398226338631,59.51398226338631,6078900
2022-06-08,60.315452575683594,60.93053228304642,60.194295233347574,60.22225954246773,5038000
2022-06-09,58.43292236328125,59.942671496671586,58.395643729102176,59.84947846631012,5409900
2022-06-10,57.58484649658203,57.91102562116004,56.97908120226764,57.11887428713583,6953900
2022-06-13,55.925987243652344,56.54107046444186,55.8421120974044,56.31740577783809,6943000
2022-06-14,55.22703170776367,55.71164329369635,54.434880273213615,54.45351959056713,14992800
2022-06-15,56.44788360595703,56.73678770906723,55.54389621484326,56.336051250434515,7670600
2022-06-16,56.718143463134766,57.13751920376824,55.87007410100315,56.718143463134766,10928600
2022-06-17,56.932491302490234,57.40778144707118,56.66222653641173,57.04432365031759,8372000
2022-06-21,58.5540771484375,58.74046321234872,57.84579730726423,58.1626585930341,5567400
2022-06-22,59.225074768066406,59.784243624760194,58.62863083166206,58.64727014906048,5316300
2022-06-23,60.06382369995117,60.13838097076068,59.19711853485188,59.35554740269257,4380800
2022-06-24,62.347084045410156,62.37504124079764,61.275346524468745,61.937026219269015,5643300
2022-06-27,61.98362350463867,62.50551008891956,61.3778582277861,61.75063740663164,4638100
2022-06-28,61.44309616088867,62.07681865363784,61.11691703451154,61.92770413291018,7351800
2022-06-29,62.45891571044922,62.95285225572774,62.01158634325446,62.067500736610775,5864700
2022-06-30,61.573577880859375,61.899757060578146,60.75346921325606,61.17284142858407,4731300
2022-07-01,61.461734771728516,61.480377642770044,59.70968173294163,59.73763892933191,8857500
2022-07-05,61.05168151855469,61.070317278654215,60.17565148027052,60.324766001753666,9344400
2022-07-06,61.96498489379883,62.10477798424496,61.135554896702885,61.62016999555989,7012100
2022-07-07,62.365726470947266,62.50551957299684,61.86247556967232,62.22593336889769,6401000
2022-07-08,62.42164611816406,62.66394657031385,61.45242297904795,61.508337374132935,6114900
2022-07-11,62.197975158691406,62.95285505340978,61.62948843373109,61.62948843373109,7131000
2022-07-12,62.17934036254883,62.906255960464364,62.067504458957,62.61735543056781,6732200
2022-07-13,61.78792190551758,62.197972642049066,61.07032067378627,61.07964210944011,5687400
2022-07-14,60.650943756103516,60.66957951578097,59.746956543058545,60.101092858302614,5950500
2022-07-15,62.775787353515625,62.8037445532327,61.014412669611424,61.014412669611424,8446100
2022-07-18,61.85315704345703,63.53065282362217,61.62017092591976,63.31630957718422,6644100
2022-07-19,63.52134323120117,63.73568649360977,62.84102058882599,63.23243558901154,5088000
2022-07-20,61.31262969970703,62.421645933425744,61.116922207316485,62.328445794996846,4984200
2022-07-21,60.91189956665039,61.014414041366344,59.5512613051704,59.62581502445422,4274400
2022-07-22,60.80937576293945,61.266026555598444,60.576389648905206,60.73481850000723,3625800
2022-07-25,61.65745162963867,61.9183949524206,61.31262960443554,61.685408827054985,4261800
2022-07-26,62.17934036254883,62.71986989798385,61.862475524124925,62.03954726060218,4074900
2022-07-27,62.89693069458008,63.074002420275676,61.99294341522984,62.48687996005587,4058500
2022-07-28,62.17934036254883,62.57075535986142,61.41514613010268,62.25389763161004,6242300
2022-07-29,61.722686767578125,62.70122421702753,61.30330748052363,62.41232370007183,6798000
2022-08-01,61.182159423828125,62.3191328807579,61.11692359155375,61.99294660921357,5775700
2022-08-02,60.818695068359375,62.384361984243704,60.77209500311577,62.076818618047994,6483100
2022-08-03,60.87461853027344,61.13556187011228,60.29681034193547,61.08896890809691,7318500
2022-08-04,61.778594970703125,61.778594970703125,60.8559720079185,61.56424463077766,5414600
2022-08-05,61.536293029785156,61.77860058603586,61.24739251552187,61.387185609903895,6336000
2022-08-08,60.688228607177734,61.50833721031998,60.38068521468479,61.21011525370714,3489900
2022-08-09,61.40582275390625,61.909073638911245,61.293986853847706,61.433779951377815,4463900
2022-08-10,61.78792190551758,62.51483746273062,61.443099888046625,62.49619459142293,5665000
2022-08-11,60.6757698059082,61.05118202452238,60.30974486186731,61.05118202452238,7213800
2022-08-12,62.543434143066406,63.059626819554396,60.713309490776716,60.73207687883435,11383900
2022-08-15,62.70298385620117,63.25671848556305,62.40265551565671,63.11593800959698,4670800
2022-08-16,62.63728713989258,63.01269935497857,62.13048172358535,62.4495846125458,4434500
2022-08-17,62.336952209472656,63.21916974759547,62.252488229214094,62.928228712849304,5340400
2022-08-18,62.412044525146484,62.749914812700496,62.06478696282913,62.65606354624497,5266600
2022-08-19,63.04085159301758,63.20978672528815,62.477736872246425,62.90007112272675,4732300
2022-08-22,63.10655212402344,64.05446637863923,62.98454619437689,63.35057114370913,5561200
2022-08-23,62.34634780883789,62.75930197295995,62.02724491100013,62.75930197295995,5899300
2022-08-24,63.481956481933594,63.53826580242501,62.139862780551724,62.412036430246424,4115400
2022-08-25,64.06385803222656,64.06385803222656,63.35057547383333,63.81983899586173,3590700
2022-08-26,62.24310302734375,64.06384748436116,62.233715753538696,63.91367974504793,4044800
2022-08-29,61.78322982788086,62.252493295216325,61.511056157579226,62.24310602095978,2985100
2022-08-30,59.48383712768555,61.595519115204354,59.38059859376589,61.54859706549042,11496900
2022-08-31,58.54530715942383,59.418137435034446,58.33883010233868,58.864406438466375,12694000
2022-09-01,57.9915771484375,58.02911908312663,57.175056179830655,57.616164961938075,13060100
2022-09-02,56.959190368652344,58.01972665818902,56.70578770229248,57.52230859840613,11308800
2022-09-06,56.6964111328125,57.49415758328029,56.536863274797376,57.0530523651116,10362000
2022-09-07,56.142677307128906,56.349154365038,54.78181262401117,55.42939845829117,12038100
2022-09-08,56.611942291259766,56.912270612683216,55.62648976282683,55.87989245531461,7063600
2022-09-09,57.1093635559082,57.41907916833887,56.959199386904416,57.41907916833887,4434900
2022-09-12,57.95404052734375,58.35760741176363,57.747563447818344,57.86018926221199,3634200
2022-09-13,55.36370849609375,56.79026636467045,55.24169898542205,56.67764412877152,6632200
2022-09-14,55.11029815673828,55.757880398822174,54.88505013590276,55.448168397893646,5085900
2022-09-15,54.565956115722656,55.05399055769653,54.37825001031791,55.007064926394385,6699300
2022-09-16,54.48148727416992,55.14784053159897,54.04038205400217,54.90382510641231,7017900
2022-09-19,54.42517852783203,54.462716884277384,53.71189605242841,54.406407559511294,3630300
2022-09-20,53.87145233154297,54.09669681123002,53.38341785195909,53.796368451516315,4260600
2022-09-21,52.970455169677734,53.89021107119132,52.89537488189901,53.81513078341259,5943400
2022-09-22,52.84844970703125,53.07369415249196,52.36041530160515,52.70766924347137,7551500
2022-09-23,51.22480392456055,52.02255041983924,50.990172181220196,51.637754503968914,9604700
2022-09-26,49.76070022583008,50.689839918359716,49.413446250454086,50.4458244821973,9937500
2022-09-27,49.9671745300293,50.68983710400884,49.8733196904114,50.13610608094941,7848000
2022-09-28,51.328033447265625,51.562665165752264,49.96717234419987,49.985939731106406,7835200
2022-09-29,51.534515380859375,51.65652488847055,50.79307822104747,51.37496751568772,6444600
2022-09-30,51.46881866455078,52.29472339236644,51.39373478920562,51.8160726375316,7543000
2022-10-03,52.135169982910156,52.24779221148808,51.4594330312465,51.68467748840235,6069900
2022-10-04,53.533573150634766,53.6086534380092,52.670126574555695,52.876603630178145,7414600
2022-10-05,53.24263000488281,53.41156513138682,52.54812211165163,52.60443143368899,9257000
2022-10-06,51.534515380859375,52.219639634036206,51.337425577931015,51.93808226125338,8915600
2022-10-07,51.99439239501953,52.7452132091311,51.81606999028325,52.332259076222705,8216200
2022-10-10,50.87754440307617,51.600210574296995,50.84000246634353,51.50635931266152,6221500
2022-10-11,51.900535583496094,52.93291729634219,50.80246085586977,50.9995506407982,10179300
2022-10-12,51.68467330932617,52.041314514548056,51.346803070715524,51.55328012324332,6166500
2022-10-13,52.11640167236328,52.538739526311986,50.671072854689,50.849391690713446,6536600
2022-10-14,51.59082794189453,53.02677303960512,51.45004746634807,52.7545993629866,7466400
2022-10-17,52.726444244384766,53.25202062432806,52.660747644416375,53.03615627563629,4686300
2022-10-18,52.529354095458984,53.111239797111146,52.21025479193435,53.083085134510675,4477800
2022-10-19,51.15909957885742,52.566889924320925,51.00893541854916,52.50119332794831,6240900
2022-10-20,51.00893783569336,51.41250470693227,50.229962335992404,50.370739229092116,5798800
2022-10-21,51.59082794189453,51.684679205461364,50.47397857238966,50.671071954193955,4018100
2022-10-24,51.78791427612305,52.257177722930834,51.61897914885657,51.67529205134405,4494500
2022-10-25,52.463653564453125,52.76398187700633,52.08824138366368,52.29471844111747,5842200
2022-10-26,54.39702224731445,54.744279803479294,53.89021682496274,53.97468439535469,7632200
2022-10-27,54.068538665771484,54.44394730114925,53.88083255798448,54.1342352664675,3482900
2022-10-28,55.10091018676758,55.232303372179175,54.43455698635403,54.80996915626927,5177600
2022-10-31,55.19477081298828,55.69218894717218,54.77243297255094,54.7818166666957,6113600
2022-11-01,56.17083740234375,56.33038884803664,55.33554897663487,56.21776661473335,5388900
2022-11-02,56.03005599975586,57.53169759035665,56.02066872595438,56.59317070118217,6055800
2022-11-03,56.24591827392578,56.39608243704201,55.24169476179924,55.29800408534529,4552300
2022-11-04,57.24075698852539,57.38153387487223,56.44300697844267,56.64948404131989,5392700
2022-11-07,57.343994140625,57.588013147971864,57.06243677692918,57.30645578427605,5171400
2022-11-08,57.55986022949219,58.010352741092824,57.23137364506515,57.45662169096358,5078100
2022-11-09,57.29706954956055,58.085432330329475,57.21260198089973,57.541088561334554,5569900
2022-11-10,61.08871078491211,61.86768980873994,60.24404232671901,61.35150432433214,11616500
2022-11-11,58.91133117675781,60.009405879709526,58.132352167836515,59.849858032694314,8524100
2022-11-14,59.981258392333984,60.55375683555089,59.634004416567215,60.02818402470307,5109600
2022-11-15,60.018795013427734,60.82592512718518,59.1741193848263,60.61006795344874,7666300
2022-11-16,59.878013610839844,60.34728062619936,59.56830160533371,60.17834550312478,3730500
2022-11-17,60.122032165527344,60.25342536141216,59.361827652137706,59.49322084802253,6089600
2022-11-18,61.069950103759766,61.27642718435171,60.59129934060503,61.20134330770144,6118400
2022-11-21,61.407814025878906,61.69875506726379,61.12625309780899,61.48289789474979,4205300
2022-11-22,61.942771911621094,62.02723589087625,61.19194756974784,61.21072211651005,4170000
2022-11-23,62.0554084777832,62.34634955955206,61.745692845994704,62.1961818009663,3323200
2022-11-25,62.102325439453125,62.26187329957242,61.67999118375093,61.8770809804381,1861300
2022-11-28,62.13986587524414,62.78745173471337,62.09294382596172,62.17740781090532,2892100
2022-11-29,62.01785659790039,62.37449422679035,61.830146929754335,62.271255699407945,3365000
2022-11-30,63.79167938232422,63.810446771176736,62.30880504923644,63.20040280777808,5638700
2022-12-01,64.13893127441406,64.5706599924055,64.08262194615114,64.28909903030547,3957800
2022-12-02,64.26093292236328,64.49556462886504,63.8573661007646,63.988759283574275,3559400
2022-12-05,64.21400451660156,64.73019714149045,64.09199860544216,64.38293963380234,4159400
2022-12-06,64.34539031982422,64.91789219797637,63.64149527229851,63.9042816110456,7135100
2022-12-07,64.6175765991211,65.04929812032941,64.17646780386266,64.63635114722135,4367200
2022-12-08,64.91790771484375,65.19946866530984,64.59881198734844,64.70205052515985,2915600
2022-12-09,65.2745590209961,65.69689332823464,65.15254592216348,65.4341069005846,4488600
2022-12-12,65.0211410522461,65.4059405097472,64.91790252269173,65.2463854983684,4146700
2022-12-13,65.30269622802734,66.3632289304787,65.11498657246656,65.9221201903999,5187900
2022-12-14,66.10984802246094,66.48525311601541,65.3965654559997,65.80013237592463,4356500
2022-12-15,65.4528579711914,65.80011546994115,64.98359456442269,65.72503160636423,4669400
2022-12-16,63.763526916503906,64.063855271243,63.50074050115631,63.78229430600326,6391300
2022-12-19,63.3223991394043,63.725965916664876,63.05961280265613,63.71657864452654,3774900
2022-12-20,63.55704879760742,63.6321326751707,63.012701425862616,63.22856578375889,2486500
2022-12-21,63.725975036621094,63.97937413749539,63.03146716719554,63.16286035437357,2855200
2022-12-22,63.89491271972656,63.90429283319283,63.29425607985538,63.697822931055576,2492800
2022-12-23,63.80105209350586,63.81043220559471,63.31301417003109,63.435020070704326,2322600
2022-12-27,63.75413131713867,64.33602056113983,63.55704153136212,64.28909135292986,2089000
2022-12-28,63.40687942504883,64.08261998509573,63.35995737306321,63.66966582942429,2299400
2022-12-29,63.91367721557617,64.26093472870089,63.84798062232464,63.96999369578579,2579000
2022-12-30,63.63212585449219,63.86675757643295,63.00330739779309,63.62273858070483,3605400
2023-01-03,65.06806945800781,65.16192071270217,64.38294169399472,64.42987090153778,3473900
2023-01-04,65.22762298583984,66.25061392373733,64.8709853227952,66.15676266087216,4936300
2023-01-05,65.51856994628906,65.97845334839045,64.65512679358147,64.90853310255865,5020200
2023-01-06,66.44770812988281,66.81373305215926,65.33085881502325,65.55610326864135,7341500
2023-01-09,66.54156494140625,67.25484745784073,66.37262979699788,66.68234542181199,6586400
2023-01-10,67.19853210449219,67.68657015675652,67.02959695723034,67.27361598336252,4800400
2023-01-11,66.11922454833984,67.0671388270131,66.1098444337854,66.97328755871905,5861400
2023-01-12,65.77197265625,66.04414634043931,64.22340170294862,65.52795363587464,6749700
2023-01-13,66.71050262451172,67.1328369214084,66.41017426306692,66.60726407897823,4036800
2023-01-17,66.39139556884766,67.2360712703124,66.29754430432769,67.2173038815654,3992200
2023-01-18,66.53217315673828,67.51762929238687,66.47586383254998,67.29237767484925,6561600
2023-01-19,66.15675354003906,66.59786229112268,65.95027649396661,66.2412246772466,7277200
2023-01-20,64.8991470336914,65.34963600852451,64.36418690083137,65.23701734501282,9748100
2023-01-23,63.453800201416016,64.85220318758154,63.40687099527701,64.48617829295024,7858100
2023-01-24,62.205562591552734,62.29003373705,61.49228013340994,62.08355667071456,10867200
2023-01-25,62.53404998779297,62.79684355645265,61.79261281567219,61.79261281567219,5314200
2023-01-26,61.933387756347656,62.740521458360426,61.604904775387105,62.740521458360426,5458400
2023-01-27,61.50166320800781,61.73629492002395,61.18256751665383,61.3796572955004,3176200
2023-01-30,61.792606353759766,62.33695366275553,61.6799877107895,62.2994117283015,5170200
2023-01-31,61.351505279541016,61.36088539294392,60.86346728769713,61.04178968783915,5772700
2023-02-01,59.65277099609375,60.506830331073026,58.958259515468534,60.478675669762545,9538000
2023-02-02,59.267974853515625,59.493219303414186,58.67670190718893,59.46506464222586,8794100
2023-02-03,59.5401496887207,60.15019007111105,59.31490522082762,59.73724307337248,4831700
2023-02-06,59.615234375,59.92494641761111,59.32428972147147,59.671547282836706,4697400
2023-02-07,60.337894439697266,60.44113297012466,59.30551271561928,59.371209311310174,4650200
2023-02-08,60.40359115600586,61.267034175493784,60.25342341676001,61.257646901692944,5036800
2023-02-09,63.27548599243164,64.37356081831275,63.144092790722404,64.11077441489428,8368000
2023-02-10,64.6457290649414,64.7583548685408,64.0169177723931,64.39232995733258,5918200
2023-02-13,65.4247055053711,65.4810148247455,64.28908888217384,64.31724354186105,5003600
2023-02-14,66.01597595214844,66.24122755422404,65.50917774845756,65.62179638910368,4963000
2023-02-15,65.40594482421875,65.5373380231567,65.01175806701258,65.17131308891636,4345300
2023-02-16,63.772891998291016,64.44863242726429,63.519492917621584,63.66965347939837,4774400
2023-02-17,64.7302017211914,64.98360083472494,63.89491334937697,64.04507393062855,3553100
2023-02-21,65.31208801269531,65.95028663487456,65.14316003308764,65.95028663487456,5353800
2023-02-22,64.6175765991211,65.36840099450465,64.49557067803791,65.34024633274639,3614000
2023-02-23,64.17483520507812,64.64138611674504,63.88918763873221,64.36526207309582,3657900
2023-02-24,63.194122314453125,63.65114969822976,62.917998273941734,63.54641274271442,4530000
2023-02-27,63.60354995727539,63.860626966123206,63.346465684107905,63.69876339520719,3682600
2023-02-28,62.061065673828125,62.91800113781402,62.013455323037945,62.55617990617574,4285100
2023-03-01,62.08961868286133,62.2038791472193,61.61354431118076,62.04201560428432,3421900
2023-03-02,61.984886169433594,62.02297299360796,61.175561132605324,61.204124434656364,3353700
2023-03-03,62.08009719848633,62.09914424199687,61.48976960739547,61.60402281118407,3772300
2023-03-06,61.47072982788086,61.81350400838959,61.30886626050715,61.45169004643904,3501200
2023-03-07,61.213645935058594,62.19435801612178,61.03273534228506,62.02297094515704,3303600
2023-03-08,61.05178451538086,61.423121971370215,60.71853025147695,61.34694832288036,3157300
2023-03-09,61.032737731933594,61.899196642491034,60.90896100084781,61.861109818083335,2952100
2023-03-10,61.118431091308594,61.73732197245967,60.86134685866931,60.87087038025705,5738600
2023-03-13,62.061065673828125,62.6514006077561,61.68972818348751,61.87063879930665,8166700
2023-03-14,61.97535705566406,62.0134438764021,61.38502949502023,61.68971679660622,4896500
2023-03-15,61.48977279663086,61.63259657309298,60.83278778349652,61.53737587923888,5266700
2023-03-16,62.82277297973633,62.860852534262015,61.327899845634974,61.708753505435176,4589200
2023-03-17,62.470489501953125,62.68947967950322,62.203888973986274,62.441926197430895,5402800
2023-03-20,63.54641342163086,63.57497672538215,62.64187490268288,62.765651640378266,3991600
2023-03-21,63.78445053100586,63.851100661086186,63.23220970933432,63.375026227849766,3489600
2023-03-22,63.38454818725586,64.15578642549544,63.3655084066965,63.52737196656816,4168000
2023-03-23,64.04153442382812,64.59377524231647,63.71780003364735,64.37478507230884,4311700
2023-03-24,64.66043090820312,64.74612081652829,63.870145631270674,64.48904382723367,4014700
2023-03-27,65.44119262695312,65.95534660526097,65.32693215159632,65.60305618546927,5752800
2023-03-28,65.31741333007812,65.88870121933905,65.08889962723768,65.84109813275377,4132800
2023-03-29,65.3554916381836,65.5649655319468,65.0412807975388,65.54591848833995,4330300
2023-03-30,65.88868713378906,65.90773417580705,65.34596266536578,65.74587064024458,4648100
2023-03-31,66.08865356445312,66.58376775815911,65.92678274299165,66.53615741108472,3500300
2023-04-03,66.5647201538086,66.60279970980932,66.0410354548212,66.20289899293796,4749200
2023-04-04,66.88844299316406,67.19313027209758,66.46949526051132,66.63136605269298,4383400
2023-04-05,68.60232543945312,69.01174972294055,68.36428823427018,68.55471509268894,5873200
2023-04-06,68.8784408569336,69.30691217646924,68.73562434807391,68.9450982468266,4340100
2023-04-10,68.6213607788086,68.7451375023388,67.76442544274185,68.7451375023388,2778100
2023-04-11,68.72610473632812,69.03079207976259,68.6213677809926,68.93557864699918,2931200
2023-04-12,70.2304916381836,70.5732657586119,69.75441727806853,70.07814435607402,4320400
2023-04-13,71.19216918945312,71.24930306249448,70.47805752315227,70.5066280918327,3794200
2023-04-14,70.32571411132812,70.90652548658971,70.049590075194,70.7732252297414,3981400
2023-04-17,70.10671997070312,70.28763058390838,69.51639230962407,70.23050397524126,4408700
2023-04-18,71.4301986694336,72.20144412518265,70.90652119616462,71.75393303384747,7565700
2023-04-19,71.2588119506836,71.31594581781552,70.84939494476434,70.98269519420754,4488300
2023-04-20,70.9636459350586,71.37307019251529,70.80178238926186,71.29689654826322,3913700
2023-04-21,71.98245239257812,72.27762347903598,71.72537539657347,71.99197591519142,5100200
2023-04-24,72.18240356445312,72.20145060988632,71.74441595564176,72.06815034913153,3095900
2023-04-25,72.03958129882812,72.896509402662,72.03958129882812,72.8393827995581,4472400
2023-04-26,70.1257553100586,71.63015204459299,69.93532120575901,71.63015204459299,5122700
2023-04-27,70.24954223632812,70.42092932293983,69.64016754266864,70.0305520649639,4697000
2023-04-28,69.71634674072266,70.23050804145434,69.34500923424754,69.52591259360726,4254700
2023-05-01,69.98294067382812,70.24001766775805,69.38308951177882,69.84011689305851,2606900
2023-05-02,70.1733627319336,70.24953637836892,69.48782170697199,69.48782170697199,3663000
2023-05-03,71.0207748413086,71.39211955301104,70.53518418815689,70.69704773920746,3555100
2023-05-04,70.8208236694336,71.04934460703402,70.58278647433885,70.90652083711342,3047400
2023-05-05,71.66824340820312,71.87771732528356,70.58279425998593,70.80179169992988,3407900
2023-05-08,71.72537994384766,72.00150400258472,71.43020883867642,71.68729311529911,2126200
2023-05-09,71.4873275756836,71.70631771306518,71.14455345565149,71.14455345565149,2756100
2023-05-10,71.28738403320312,71.46828736740014,70.74465950197427,71.1064734346872,3283700
2023-05-11,71.15408325195312,71.23024963531877,70.6875251081246,71.05886256018805,2234100
2023-05-12,71.15408325195312,71.94436123764368,70.97317265478212,71.36354988660725,2501500
2023-05-15,71.40164184570312,71.62063928246684,71.21121497711508,71.59207597861057,2442500
2023-05-16,71.6777572631836,72.03957843999996,71.43972007393853,71.71584408518103,2763300
2023-05-17,71.1255111694336,71.74440933111735,70.41139958233359,71.72536955176159,3569400
2023-05-18,70.6589584350586,71.55398059185141,70.35427112317656,71.32546692401952,4144900
2023-05-19,71.2112045288086,71.69680241607506,70.71608312021422,70.8017802835287,3170900
2023-05-22,70.8874740600586,71.71584611725812,70.75417381144976,71.21120842405057,2983300
2023-05-23,70.52566528320312,71.57302756911548,70.46853867657931,71.57302756911548,3991400
2023-05-24,68.93557739257812,69.6020786741129,68.9070140897008,69.4306915925298,6400800
2023-05-25,68.3547592163086,68.72609664539283,68.02150860870972,68.59279640235327,4390300
2023-05-26,69.0498275756836,69.41164876777862,68.84987719999263,69.078398141627,3480500
2023-05-30,68.0119857788086,69.37355878740146,67.82155893376395,69.3545117443059,4071400
2023-05-31,69.58304595947266,69.73538601172754,68.31668613164442,68.87845051679416,4819400
2023-06-01,69.35450744628906,69.63063143951487,68.44996909190502,68.82130650175262,3298700
2023-06-02,69.11648559570312,69.90677093107453,69.09744581388487,69.43069647810182,8040700
2023-06-05,69.6972885131836,69.92580945306331,69.08791386880856,69.38308493340683,4444600
2023-06-06,69.88772583007812,70.43997389693139,69.53542814653674,70.24953977164452,4716500
2023-06-07,69.80203247070312,70.3542805677241,69.31644176941317,70.3542805677241,5477200
2023-06-08,70.6970443725586,70.90651825891639,69.53542174044244,69.64015868362134,3584800
2023-06-09,70.51614379882812,70.73514123774797,70.04006935835142,70.39236705945919,3797800
2023-06-12,70.31619262695312,70.50662675962685,69.92581536753089,70.11624223588524,6950900
2023-06-13,70.58279418945312,70.91605211046777,70.28763035985448,70.41140709967854,5108400
2023-06-14,69.2878646850586,70.42092407682239,69.04982748607082,70.22097370139092,3820900
2023-06-15,71.04934692382812,71.16360013203523,70.0591112882259,70.45901204558865,4450500
2023-06-16,71.62063598632812,72.12527370274938,71.58254916149947,71.81106284615231,4899800
2023-06-20,70.41140747070312,71.05886900611665,70.40189121211847,70.93509226564036,3551600
2023-06-21,69.8686752319336,70.34474962445941,69.6115982562699,69.92580909877343,4400200
2023-06-22,70.41140747070312,70.56375477989197,69.67825602211053,69.73538263089658,5372100
2023-06-23,68.6689682006836,69.81154375727792,68.55470773929687,69.12599551759403,5922000
2023-06-26,68.29763793945312,68.86892577762364,67.97390356375448,68.8498787332372,4139500
2023-06-27,68.24050903320312,68.44045942788766,67.69778445782524,68.15481912018954,3587900
2023-06-28,67.5644760131836,68.12624756630701,67.45021554534867,68.04055039935116,3398800
2023-06-29,67.45974731445312,67.60257110062821,66.7741989522683,67.00271991587626,3315400
2023-06-30,68.1452865600586,68.45949739474429,68.05007313678617,68.32619714929918,4778300
2023-07-03,62.127716064453125,64.08914048458767,62.01345558067377,63.879666563152014,16349800
2023-07-05,63.851097106933594,64.41286868432866,63.32741961811468,63.66067024996653,13544800
2023-07-06,62.28005599975586,63.10842080000642,62.194358830991334,62.98464407214521,6023000
2023-07-07,61.746849060058594,62.375270763408615,61.461208774796816,62.203883686523966,5211400
2023-07-10,62.07058334350586,62.35622362835179,61.77541227221712,61.86110944269415,4403900
2023-07-11,61.756370544433594,62.05153434209366,61.63259381800295,61.899194314511234,6478400
2023-07-12,63.28933334350586,63.527370548941455,62.39431112648596,62.48952455579639,8746500
2023-07-13,64.4699935913086,64.55569075971097,64.12721944633664,64.22243287231356,7068600
2023-07-14,64.15577697753906,65.6220868515242,64.03200026133338,65.6220868515242,7557100
2023-07-17,63.84158706665039,63.936800504406776,63.403592177195634,63.63211314499455,3472300
2023-07-18,63.574981689453125,64.08914299008131,63.39407833012982,63.73685253054862,8914400
2023-07-19,64.31765747070312,65.01272206045539,64.31765747070312,64.52712411485257,8437400
2023-07-20,65.27931213378906,65.58399942528575,65.12697212019974,65.14601189777913,7134100
2023-07-21,66.0219955444336,66.3171666177111,65.326930975405,65.326930975405,8774600
2023-07-24,65.6220932006836,65.91726426683763,65.4983164725021,65.66018002419763,3608200
2023-07-25,65.88868713378906,65.94582099552494,64.89845887839626,64.92702217710514,4214000
2023-07-26,66.0600814819336,66.21242877762093,65.00319572713907,65.18410632468807,4678800
2023-07-27,64.87942504882812,65.80301063819695,64.85086174430242,65.44119667367207,5257400
2023-07-28,67.91677856445312,68.43093981025454,67.54544109764974,67.97390517032467,7621000
2023-07-31,68.26907348632812,68.62137119583551,67.90725951809434,68.27859700937417,3837000
2023-08-01,68.03102111816406,68.25954203448751,67.85963406308049,67.91676792432037,3875700
2023-08-02,67.0979232788086,67.56447413024138,66.80275949219252,66.96462303554209,5370300
2023-08-03,66.3362045288086,66.44094147696927,65.31740561296105,65.3364526568005,6199000
2023-08-04,66.07913208007812,66.56473003080048,65.86965816940106,65.88869795022657,4063900
2023-08-07,66.58377075195312,66.64089735955572,65.97439605646085,66.17434644738931,4870000
2023-08-08,67.10745239257812,67.25026890489477,66.35525394899463,66.38381725145797,5442300
2023-08-09,67.8691635131836,68.13576400786698,67.44069947020226,67.49782607211479,4324200
2023-08-10,67.41392517089844,68.53525993696681,67.40434642521979,68.08481028140373,3876600
2023-08-11,67.44268798828125,67.6439513416865,66.6472133209985,66.80055369463199,3549700
2023-08-14,67.89311981201172,67.96021489807343,67.03056480632478,67.11681738208587,3843100
2023-08-15,66.61845397949219,67.20307916060675,66.4555202562166,67.03056669221198,4243800
2023-08-16,66.81012725830078,67.1168152602317,66.05298965402972,66.0817405117078,5571400
2023-08-17,66.24467468261719,66.86762943532693,66.24467468261719,66.35967811412358,6432300
2023-08-18,65.61213684082031,65.91882489291801,65.2671118682079,65.52588425367718,7624700
2023-08-21,66.01465606689453,66.26384236602813,65.6696311333308,66.11050201334376,4082400
2023-08-22,65.90924072265625,66.1009253307203,65.54505093536478,65.94757764426906,4211500
2023-08-23,66.22550964355469,66.33093434170954,65.54504579038588,65.80381816295488,4193100
2023-08-24,65.06584930419922,66.27343672290586,65.06584930419922,65.96674866710957,3868100
2023-08-25,65.41087341308594,65.6025507034079,64.4620583955584,65.20961006464191,3740900
2023-08-28,65.7846450805664,65.89006977717143,65.46837099075131,65.7558942200413,1970800
2023-08-29,66.26384735107422,66.29259821236428,65.4971235939142,65.52588176722391,2770400
2023-08-30,65.99549102783203,66.68554089248158,65.92840325276994,66.57053014436697,2980800
2023-08-31,64.99874877929688,66.12007607799514,64.94124706511295,66.12007607799514,4347800
2023-09-01,65.3054428100586,65.6600538083403,65.0562565055358,65.55462911458139,2575000
2023-09-05,64.82624053955078,65.51629040269749,64.76873882162825,65.50670434570405,2566400
2023-09-06,64.21287536621094,64.5387282388966,63.83909951247372,64.48122651125097,5016400
2023-09-07,65.17127227783203,65.420458601554,64.49080840060881,64.53872406654239,2908400
2023-09-08,65.38211822509766,65.6504693386024,65.22877055336954,65.48754292140588,4372100
2023-09-11,63.82950973510742,63.85826059725519,62.98611942668668,63.216133635888724,6428500
2023-09-12,64.5387191772461,64.79749153935875,64.20328029304383,64.36621401853003,4366800
2023-09-13,63.685733795166016,64.60580504917283,63.66656899538256,64.3949556914637,4771900
2023-09-14,64.96041870117188,65.20960500888673,64.00201769982789,64.07869153482005,4825500
2023-09-15,65.4300308227539,66.03382811186793,65.36294304752114,65.78464181299518,5182300
2023-09-18,63.85824966430664,65.03708599467991,63.72407412257552,64.93166131017423,3855600
2023-09-19,63.89658737182617,63.90617342835996,63.08194805490332,63.42697296993255,4025800
2023-09-20,65.13292694091797,65.65046432545138,64.95082842265097,65.14251299767383,5995700
2023-09-21,64.2320327758789,65.27669368395642,64.2320327758789,65.25752156893512,4634900
2023-09-22,65.00833892822266,65.66005187407022,64.92207903949773,65.52587632451504,5277000
2023-09-25,66.07217407226562,66.36927607296242,65.11377297373909,65.43962583746847,4233900
2023-09-26,65.38211822509766,66.302182319408,65.24794266834527,66.09133292679157,4216100
2023-09-27,65.11376953125,65.86132117865529,64.59623208796486,65.79423339778609,3846200
2023-09-28,64.61539459228516,65.02750732067936,63.93493074996347,64.48121903532142,4447700
2023-09-29,64.90291595458984,65.9188186601032,64.76874040148503,65.9188186601032,3691300
2023-10-02,63.9541015625,64.18411575375067,63.49406586797936,64.13619277923127,3891700
2023-10-03,63.5036506652832,64.08827584512747,63.23529956214534,64.0691037308924,4139200
2023-10-04,63.84867477416992,63.96367821001392,63.29280046086041,63.77200094226122,3896600
2023-10-05,64.09786224365234,64.34704857432769,63.628247757088076,63.86784802950128,2401100
2023-10-06,64.61539459228516,64.74957014924891,63.67616569353895,64.25120483938635,3077300
2023-10-09,64.2511978149414,64.47162592927458,63.63782181816066,63.973260673897215,3018200
2023-10-10,65.18085479736328,65.26710737857321,64.41413106385093,64.6729034315196,3820900
2023-10-11,65.18085479736328,65.20001960029235,64.44288192425424,64.97959146252066,4412900
2023-10-12,65.27669525146484,65.8038187469169,65.04668104982196,65.57379723325438,3842000
2023-10-13,64.52913665771484,65.2958530179009,64.17452567971678,64.8933263804018,3857800
2023-10-16,64.99874877929688,65.11375951968333,63.77199679658235,63.83908456713647,8785700
2023-10-17,66.39801788330078,67.98896699971475,60.91596683323773,65.43961691544247,23062900
2023-10-18,62.52607345581055,64.42371047898914,62.26730842684099,64.02118385080597,13377300
2023-10-19,61.74019241333008,62.468579241320256,61.414339573872624,62.1810560083711,8809800
2023-10-20,61.17473602294922,61.81686292166956,61.17473602294922,61.260988600977704,5826000
2023-10-23,60.427181243896484,60.84888001624134,59.631710329171646,60.21633551373366,9018000
2023-10-24,61.88395309448242,62.05646556924063,60.6572009682105,60.6572009682105,7312300
2023-10-25,61.53892517089844,62.26731195267803,61.347247902439165,61.970209992960434,4647700
2023-10-26,60.7722053527832,61.73060997865593,60.685949119255135,61.4143359037165,5382200
2023-10-27,59.31543731689453,60.599694803391614,59.162093303104264,60.523024624501325,5296600
2023-10-30,60.321754455566406,60.4175967441383,59.83297157988293,60.18757890757524,5040500
2023-10-31,60.599693298339844,60.618861756588764,60.0054857166615,60.36967911137191,5139800
2023-11-01,61.1268196105957,61.32808661562783,60.6188682089655,60.6188682089655,4570600
2023-11-02,61.51017379760742,61.759360094136554,61.09806109304806,61.53892465643405,5062100
2023-11-03,61.29933166503906,61.6347705777112,60.82971718729807,61.20349302027844,4359000
2023-11-06,61.385589599609375,61.84561800454901,61.347252680527795,61.73061455932393,4175200
2023-11-07,60.963890075683594,61.29932897362794,60.87763383678222,61.021391797611315,4298100
2023-11-08,60.887210845947266,61.51017292239663,60.45593334564636,61.11722868131595,11064300
2023-11-09,61.42391586303711,62.85193860101726,61.3951650032959,62.54525057707896,6971700
2023-11-10,60.54219055175781,60.74345754410383,59.296269959568356,60.609281986546314,6934300
2023-11-13,61.05014419555664,61.2322390686903,60.04382388064283,60.580526098725045,6823500
2023-11-14,61.558101654052734,62.056466974629856,61.299329280045306,61.47184175871039,4816400
2023-11-15,60.50385665893555,61.10764666165068,60.45593733973732,60.84888160677831,6239800
2023-11-16,61.14598083496094,61.213068610029254,60.67636640948271,60.78178744458325,5729900
2023-11-17,61.46225357055664,61.74019073832854,61.34725013011265,61.606015183130985,3967300
2023-11-20,61.13640213012695,61.23224077001602,60.53260846199852,60.60928229871758,5488500
2023-11-21,61.60601043701172,61.74977203851069,61.36641020518637,61.38558231846292,3655500
2023-11-22,60.963890075683594,61.26099205500293,60.647615981041966,61.05972871623632,4836800
2023-11-24,61.816864013671875,62.04687820449688,61.57726376555687,61.6539375998383,2139400
2023-11-27,61.011810302734375,61.328084402076556,60.7242907207932,61.24182816189322,4340600
2023-11-28,60.66678237915039,60.88721416974015,60.465519047221875,60.57094374185386,5762800
2023-11-29,61.45267105102539,61.653934371460956,61.0597231549234,61.47183585258258,8493200
2023-11-30,61.903114318847656,62.200223587767326,61.13639794026106,61.308910405046376,9991500
2023-12-01,62.09480285644531,62.35356791411168,61.682690126073325,61.90311826556329,3616200
2023-12-04,62.31523132324219,62.40149121759704,61.92229070590425,62.17147701934997,3340300
2023-12-05,61.34724807739258,61.75936078657248,61.26098818792654,61.558097460510545,3993600
2023-12-06,60.9447135925293,61.83602306914932,60.88720822216281,61.79769346759028,4277700
2023-12-07,60.86804962158203,61.165155265904474,60.44635447197171,61.165155265904474,6194200
2023-12-08,60.618865966796875,61.04056110953279,60.408016567424,61.01181024816734,4586800
2023-12-11,60.858463287353516,61.03097575923151,60.51343834359752,60.896800204661886,4951600
2023-12-12,61.3184928894043,61.836026628454874,61.01180487514858,61.79769702468956,4272300
2023-12-13,63.158626556396484,63.15862655639648,62.20981162587033,62.98611408611725,5831100
2023-12-14,63.58991241455078,64.09786383475243,63.32156127270993,63.92535134185185,7754700
2023-12-15,62.10438537597656,62.343985616914715,61.80727610504028,62.17147315095848,8997600
2023-12-18,63.206539154052734,63.42697458784048,62.60274919335934,62.746510796958404,6310800
2023-12-19,63.158626556396484,63.51323024217877,62.851938532791095,62.89027544974417,5559700
2023-12-20,63.04361343383789,64.04993735794541,63.04361343383789,63.91576180966693,5150100
2023-12-21,63.541988372802734,64.09785538821467,63.28321601154166,63.95410108975768,5556100
2023-12-22,63.532405853271484,64.32788047178478,63.41739509608245,64.21286971459574,3488900
2023-12-26,63.73366165161133,63.86783719644269,63.465310561948606,63.73366165161133,2627600
2023-12-27,64.54830932617188,64.76874478520328,64.27995820179954,64.74957266945113,3810200
2023-12-28,64.5003890991211,64.92208055958841,64.49080304192297,64.7399893449395,2845500
2023-12-29,64.54830932617188,64.71123574996653,64.25120734019104,64.57706018778038,3354700
2024-01-02,65.55463409423828,65.75589743978838,64.04035866160064,64.05952346554929,7503000
2024-01-03,65.47795104980469,65.83256202517369,64.67289778077512,64.9124980125604,5437000
2024-01-04,65.9188232421875,66.46511154980708,65.81339854141707,65.85173546097175,4786000
2024-01-05,65.53545379638672,66.04341243785696,65.26710270248932,65.46836602291238,5011900
2024-01-08,66.3309326171875,66.36926953479433,65.48754236589544,65.71755655951702,4250800
2024-01-09,66.04341125488281,66.66636600654952,66.02423914165132,66.39801491745885,4087400
2024-01-10,66.67595672607422,66.71429364319947,66.1105036505201,66.2063422873236,7251100
2024-01-11,66.30217742919922,67.00181333382208,65.9284016469546,66.92513950361322,4612400
2024-01-12,66.53218841552734,66.70470086921054,66.30217424795593,66.46510064531824,3465400
2024-01-16,64.47162628173828,64.86457416633408,64.11702262317189,64.27036296719605,5618300
2024-01-17,63.49406814575195,63.70491754197041,62.97653071285743,63.30239086483675,8365200
2024-01-18,63.752838134765625,64.01161052722773,63.005286444577564,63.16822018917301,7171000
2024-01-19,63.772003173828125,64.164943780077,63.656992421940515,64.10744206014286,7082000
2024-01-22,64.34703826904297,65.00833725484169,63.91576077257702,64.92207736833718,10160300
2024-01-23,63.97325897216797,64.0403467415307,63.17778448399665,63.53239544321022,4984200
2024-01-24,63.82950973510742,64.14578384277266,63.609081583961256,63.95410655377426,5684600
2024-01-25,64.2320327758789,64.2320327758789,63.58031979352415,63.74325352312743,4491500
2024-01-26,64.30870056152344,64.98916434037012,64.1841110736846,64.92207656814634,5021600
2024-01-29,64.39497375488281,64.50997720987958,64.14578741568934,64.46206154097102,4944800
2024-01-30,64.40454864501953,64.55789632519341,64.15536963276675,64.54831026717758,4649400
2024-01-31,63.86784744262695,65.00834706868028,63.78159485512038,64.93167322732779,4572700
2024-02-01,64.06910705566406,64.15536695015993,63.25446764685843,63.455730984656086,4472100
2024-02-02,62.90944290161133,63.35030649710962,62.85194117976968,63.22571699577953,6745500
2024-02-05,62.43024444580078,62.909444975665394,62.315233686306144,62.43024444580078,10849400
2024-02-06,64.2511978149414,64.28953472874254,62.85193336528417,63.11069839341847,5566600
2024-02-07,63.781585693359375,64.11702456106818,63.72407666459578,63.99242775876283,6588800
2024-02-08,60.87763214111328,61.24182554588713,59.13334260836809,59.44003063680616,28929000
2024-02-09,59.6700439453125,60.733869627686374,59.4975351308826,60.10132512141132,13734400
2024-02-12,58.85540771484375,58.88415857611801,57.954512053488656,58.61580745486539,12066500
2024-02-13,58.4912109375,59.13334149849676,58.23244223286038,58.70206032409739,8272300
2024-02-14,59.09500503540039,59.200429729508556,58.519965902459056,58.654141456411395,12203700
2024-02-15,60.225921630859375,60.24509009042225,59.20043280830925,59.20043280830925,7641700
2024-02-16,61.59642791748047,61.845614220253346,60.9543010141996,61.1843188586046,7648100
2024-02-20,62.33440017700195,63.321552009516566,61.89353660675364,63.30238720734018,6438500
2024-02-21,62.38231658935547,62.38231658935547,61.54851241229193,61.70185276760622,5401600
2024-02-22,62.406646728515625,62.8445584376307,61.56002707590953,61.56002707590953,9723000
2024-02-23,64.06096649169922,64.15827772854732,63.20460978894443,63.21434313994069,7388200
2024-02-26,64.15827941894531,64.58645778160405,63.98311621825507,64.30424999024912,4597900
2024-02-27,64.54753112792969,64.67403499540904,64.00257482903581,64.16801210112001,4433500
2024-02-28,63.5938606262207,64.01230561650497,63.40897150798204,63.700905211482116,6030600
2024-02-29,62.43584442138672,63.457623521947426,62.02712906897678,63.418697543206356,6084500
2024-03-01,62.86402130126953,63.08784384416679,62.260683422300666,62.61100612764046,3966300
2024-03-04,63.048912048339844,63.078104676379965,62.42611123557948,62.562348449347596,4406700
2024-03-05,63.06837844848633,63.56467545433392,62.8737559566574,63.16569711877296,3728900
2024-03-06,63.51600646972656,63.7690216101634,63.00025026279954,63.00025026279954,4491500
2024-03-07,64.41130065917969,64.7227011093068,63.963662976145244,64.05124087256894,6130500
2024-03-08,64.71295928955078,64.79081124798886,64.20693640844613,64.3918255292723,4412900
2024-03-11,65.85152435302734,65.94883560072991,65.03410096307898,65.41362002617961,3927500
2024-03-12,65.58877563476562,65.87098341743305,65.45253841890845,65.7250128506228,6156500
2024-03-13,65.7639389038086,66.20184318035895,65.61796833683466,65.64716096535516,4688100
2024-03-14,65.23844909667969,65.90990924786594,64.87838935594462,65.90990924786594,4626100
2024-03-15,64.52806091308594,65.62769937779524,64.30424581939248,65.5887733996809,6027400
2024-03-18,64.08042907714844,64.58645941387415,64.04150309552554,64.23613300363999,3886500
2024-03-19,64.09015655517578,64.12908253323134,63.49654838247802,63.83714141000022,3402500
2024-03-20,63.963653564453125,64.1096167036821,63.44788991648275,63.807949650113855,3553300
2024-03-21,64.41130065917969,64.99517557512148,64.40156730700849,64.8200123579017,5351800
2024-03-22,64.47941589355469,65.0438240755497,64.42102320796266,64.70323101114616,4098600
2024-03-25,64.09015655517578,64.64483874981799,64.03177130027802,64.43074958269798,4424600
2024-03-26,64.54753112792969,64.67403499540904,64.00257482903581,64.4696791674632,3133200
2024-03-27,66.42567443847656,66.54244496790895,65.26765052578922,65.27738387803272,8444500
2024-03-28,65.92936706542969,66.51324189405001,65.8612484591635,66.34781205374232,3617000
2024-04-01,65.44281005859375,66.38674471499641,65.2384542192239,66.36727801160575,3113800
2024-04-02,65.19951629638672,65.56930192499578,64.96596786907419,65.34548684759604,4396600
2024-04-03,65.01463317871094,65.54012281682068,64.60592149052742,64.61565484244765,3795700
2024-04-04,65.53038787841797,67.13604938526285,65.48173596873903,67.13604938526285,7453900
2024-04-05,65.63743591308594,65.90018445173322,65.09248698014696,65.18007230115352,4811300
2024-04-08,65.8807144165039,65.9488330296773,65.41361747599268,65.75421054185962,3824500
2024-04-09,66.5716323852539,66.62028428848947,66.13372070990772,66.36726914880308,4392700
2024-04-10,66.27970123291016,66.33808649531893,65.60824101772063,65.77367087746028,7715800
2024-04-11,67.58368682861328,68.18702841679374,67.01927864704598,68.00213185724108,5985900
2024-04-12,67.0776596069336,67.94374223924042,66.75652584231516,67.78804574463152,9121500
2024-04-15,66.8830337524414,67.69072366212575,66.69813721408937,67.21389342699649,9213500
2024-04-16,66.4354019165039,66.75653572868093,66.19212007534664,66.45486862144514,5361900
2024-04-17,66.68840789794922,66.95115640775225,66.36727413013287,66.87330444748679,3709900
2024-04-18,66.52297973632812,66.94142475289372,66.3283572551044,66.41593514434354,4005800
2024-04-19,66.70787048339844,66.86356696994915,66.29915142941421,66.3088847799396,4735700
2024-04-22,68.24541473388672,68.59574115510581,67.51556926040895,67.797777067745,5183700
2024-04-23,68.94606018066406,69.18934197906046,68.27460746566248,68.53734854120722,5806000
2024-04-24,69.28665161132812,69.54940010516823,68.79036209962324,69.49101485070204,6137700
2024-04-25,73.01373291015625,73.77277094118904,72.49797668006327,72.97480693108132,15606600
2024-04-26,73.14997863769531,73.4613790821632,72.58556301198092,72.98454877565317,6688000
2024-04-29,73.45164489746094,74.52208334096254,73.3348669597735,74.13283097304249,7538300
2024-04-30,73.84088897705078,74.09390412689417,73.2959401229616,73.68519248632728,8547400
2024-05-01,74.35665130615234,74.73617031198745,73.91873962100871,74.28852527623053,4911700
2024-05-02,73.76304626464844,74.35665446295026,73.71438693388737,74.21068389503856,10038700
2024-05-03,74.29827117919922,74.43450841331715,73.40299580517502,74.4150491331742,9026100
2024-05-06,73.72412872314453,73.88955858767234,73.51977287442682,73.80197326715198,6457300
2024-05-07,74.26907348632812,74.41504406275774,73.87982109063978,74.37611808075171,6663100
2024-05-08,74.90160369873047,75.08650024728573,74.55127730376867,74.70697379910085,5059800
2024-05-09,75.52440643310547,75.55359906269311,74.7945609959277,74.85294625510298,2972300
2024-05-10,75.10596466064453,75.84554348106482,75.07677202979684,75.68010619897453,3606600
2024-05-13,75.3492431640625,75.40762842318574,75.07676872232508,75.15462068407055,2565600
2024-05-14,74.9697265625,75.83580924798562,74.95025985924642,75.77742398696878,4115900
2024-05-15,74.90160369873047,75.44655256895037,74.80429246110143,74.87241106987891,3870900
2024-05-16,74.9697265625,75.14488976992249,74.52208890450297,74.65832612979024,2941700
2024-05-17,74.83348846435547,74.99891831822158,74.5512806654458,74.80429583418754,2791600
2024-05-20,75.037841796875,75.14488638683461,74.4831595690714,74.57073745665383,3278700
2024-05-21,77.05221557617188,77.12033418636477,75.66064331848406,75.70930265049542,7740000
2024-05-22,76.68243408203125,76.81867130985457,76.27371497418919,76.45861153668031,3568400
2024-05-23,76.07909393310547,77.22738446403577,76.00124196590322,77.18845848043465,3613500
2024-05-24,76.42941284179688,76.77000588433287,75.98177521098219,76.03042711741791,3566600
2024-05-28,74.5610122680664,75.7287619936238,74.43450097447703,75.68983601285566,4199000
2024-05-29,74.0355224609375,74.45396747258124,73.76304802068049,74.0841743684853,4653800
2024-05-30,74.70697021484375,74.91133345574289,74.40530316535549,74.5610070775889,3274400
2024-05-31,75.92338562011719,76.02070428569364,75.01837697060756,75.23246615588086,4782800
2024-06-03,76.86731719970703,77.33442153306798,76.27370900023884,76.39048693967196,5469000
2024-06-04,77.86962890625,77.91828823201739,77.09113166456679,77.36360607037444,3959300
2024-06-05,78.16158294677734,78.50217601040038,77.67501930606674,78.24916826277868,4258700
2024-06-06,78.65787506103516,78.68706768976786,78.29781531646508,78.46324516219802,3091800
2024-06-07,77.86962890625,78.35619246644103,77.85016963056547,78.15183666208529,2213300
2024-06-10,78.05452728271484,78.3659276716341,77.82097884711813,78.06426063297289,4085400
2024-06-11,77.10088348388672,77.4998618381447,76.78948302774421,76.97437217633437,4219100
2024-06-12,77.91829681396484,78.42431970557394,77.4901184580384,78.36593444771907,3496300
2024-06-13,77.39280700683594,77.48039231774837,76.78947287900789,77.10087329399474,2958400
2024-06-14,77.4511947631836,77.5777060580972,77.04248309739755,77.18845367071307,2055300
2024-06-17,77.17871856689453,77.21764454718627,76.7505476324287,76.95490346068158,2094000
2024-06-18,76.31263732910156,76.96463080617018,76.2737113480923,76.76027497415039,3819500
2024-06-20,76.44886779785156,76.66295696230647,76.08881549796928,76.36128991659514,3874300
2024-06-21,76.76026916503906,77.11059554323842,76.3320982550841,76.3320982550841,4992600
2024-06-24,77.23711395263672,77.42200308502863,77.03275811723186,77.12033600767458,2807400
2024-06-25,77.60689544677734,77.7236733854271,77.3052283857298,77.45119152857768,3081300
2024-06-26,76.95490264892578,77.48039224076363,76.78947280270965,77.03275460868802,3227800
2024-06-27,76.07909393310547,77.03276197040239,75.85527138349207,76.96463593082125,2796600
2024-06-28,75.89419555664062,76.63377437867487,75.7384990503225,76.51699643065723,3664400
2024-07-01,75.84553527832031,76.60457329575793,75.54386080198573,75.62171275874118,2599400
2024-07-02,74.92106628417969,75.3395113063928,74.40531002004137,75.2324667129635,3215500
2024-07-03,74.73617553710938,74.94053136804865,74.43450104197566,74.60966424340528,2377500
2024-07-05,75.26165771484375,75.42709498934649,74.70697548106132,75.27139106613724,2341700
2024-07-08,75.05729675292969,75.57306039502346,74.96971887039017,75.52440106625404,2697400
2024-07-09,74.60966491699219,74.90160606346781,74.24961258396026,74.89187271208615,3362800
2024-07-10,75.66063690185547,75.75794813325373,74.88213220192718,74.90159890282946,2984500
2024-07-11,75.84553527832031,76.4780620099375,75.76768332156486,76.04989109652496,3168500
2024-07-12,77.110595703125,77.64581862214243,77.05221044809444,77.38307012576253,3051900
2024-07-15,76.02069854736328,77.02301836241867,75.94284659052741,77.02301836241867,2666900
2024-07-16,76.47807312011719,76.57539179238488,75.82607959240863,75.86500557644123,2668700
2024-07-17,77.61663055419922,77.68474916386022,76.39048815592966,76.39048815592966,3658900
2024-07-18,75.96231079101562,77.8599133839334,75.89419218046196,77.85018003260525,3232900
2024-07-19,76.59484100341797,76.64350033315529,76.05962549816415,76.2347812667273,2929800
2024-07-22,77.03275299072266,77.66527973348386,76.8478564462637,77.48039061339627,3521000
2024-07-23,77.04248046875,77.07167309754271,76.39048701114102,76.77973938524406,2965100
2024-07-24,77.5679702758789,77.62635553362672,76.43914655464906,76.43914655464906,4581100
2024-07-25,76.40994262695312,76.54618726207549,74.40530301929579,74.58046620802894,10636000
2024-07-26,76.03042602539062,77.31495364191349,75.9817741196537,76.37102648740608,5878400
2024-07-29,76.2542495727539,77.96695555921825,76.22505694404585,77.90856287743061,6753900
2024-07-30,75.80661010742188,76.8673151881213,75.38816511586813,76.58510741015516,6480800
2024-07-31,77.02301788330078,77.42199616695315,76.41967635813265,77.00355118202728,5552700
2024-08-01,79.01792907714844,79.21255898016281,77.48039367737906,77.5095863067383,6367500
2024-08-02,79.61153411865234,79.80616401391677,78.65787361715641,79.40717829690321,7066600
2024-08-05,77.19818115234375,77.97667844354727,76.57538034963245,76.76026946569377,5730300
2024-08-06,77.12033081054688,77.58743513454552,76.11801097970985,76.14720360789013,5683800
2024-08-07,78.4535140991211,78.81356639574678,78.044795050508,78.43404739832613,4943400
2024-08-08,79.65045928955078,79.69911861896603,77.97667932911611,78.1907684995491,4124400
2024-08-09,79.49381256103516,79.81691265247723,79.03363042261243,79.35673798405871,3078400
2024-08-12,80.7960205078125,81.17787964972553,79.68963072382066,79.89524258792511,9218200
2024-08-13,81.62826538085938,81.89262134710731,81.12891803349788,81.2366205490073,7180600
2024-08-14,82.01012420654297,82.03949626424874,80.90372689959534,81.22683447436789,5473400
2024-08-15,83.12630462646484,83.51794948033596,82.64654360222497,83.22421397243156,4064100
2024-08-16,82.64653778076172,83.47877836786375,82.37238117336001,83.33191062425662,3550000
2024-08-19,83.0088119506836,83.41024999476434,82.58779502469858,82.87173736734006,3933600
2024-08-20,83.35149383544922,83.86063437707769,83.27317084212525,83.4004522425303,2486000
2024-08-21,83.77250671386719,83.8214651185963,82.90110089371622,83.26337366670181,4168000
2024-08-22,84.09561920166016,84.24248695447913,83.38087425861428,84.08582602613777,4834700
2024-08-23,84.84954071044922,85.06493829172048,84.06625097308348,84.41873060789761,3336000
2024-08-26,84.81037139892578,85.0257689698408,84.55580112602088,84.6243384144948,3663400
2024-08-27,85.3880386352539,85.45657592121715,84.94744286406221,85.39783181039263,3595900
2024-08-28,85.53490447998047,85.72093745345919,85.19221805778578,85.39782991110259,3584300
2024-08-29,85.47615814208984,85.78947250135738,85.11388537949782,85.39782768477207,2609400
2024-08-30,85.78948211669922,85.84822623126985,85.0649365103076,85.50553977960051,2836800
2024-09-03,83.9291763305664,85.42721104247148,83.5962755779183,85.35867375075048,4347200
2024-09-04,83.95854187011719,84.1935257849164,83.68439272451744,83.78230206651678,5002200
2024-09-05,81.26599884033203,82.27447931748725,80.73727939725946,82.2353140842962,7754800
2024-09-06,81.31495666503906,82.5388421809487,81.19746096631016,82.26468555058128,5516400
2024-09-09,79.20008087158203,81.6870171979705,77.29082240742777,80.49250370962596,10262000
2024-09-10,79.46443939208984,79.60151396714733,78.18180233976037,78.26013280265153,7966400
2024-09-11,78.84759521484375,79.0042561384018,78.0643130070655,78.77905792828811,4182000
2024-09-12,77.31039428710938,78.31887469068047,76.97750103428173,78.09368395376858,5119300
2024-09-13,76.63481140136719,76.97750531835514,76.06693420493895,76.07671991056398,5489500
2024-09-16,77.38873291015625,77.83912190148756,77.10479056279428,77.633510023054,3402300
2024-09-17,76.8893814086914,77.65308476501289,76.58586019528268,77.65308476501289,3402300
2024-09-18,76.93833923339844,77.6041332387347,76.6837689598864,77.04604175411491,2607200
2024-09-19,77.25164794921875,77.7803673384686,76.91874723598573,77.53559025844572,3619800
2024-09-20,76.74251556396484,77.03625107909026,76.50753163386719,76.90896967320495,3373200
2024-09-23,75.5284194946289,75.92985751421861,75.401138095005,75.64591518889996,4004600
2024-09-24,75.26406860351562,75.71445759030206,75.22490336944664,75.58716871207672,4550500
2024-09-25,75.92005920410156,76.03755489042594,75.47945598288784,75.704654180842,4780400
2024-09-26,76.54669189453125,77.13415541661435,76.17463340687955,76.53689871932873,4183100
2024-09-27,75.99839782714844,76.58586138188201,75.98860465140163,76.43899362569752,3172200
2024-09-30,76.28233337402344,76.46835887662859,75.89068854905916,76.45856570175346,3334400
2024-10-01,77.02645111083984,77.1537399755049,76.10609435328185,76.34107826265796,4635900
2024-10-02,77.91744995117188,78.09368976578641,77.35935844989325,77.63350761262598,5606700
2024-10-03,76.30191040039062,77.43767214819519,76.23337311793692,77.40830009428696,3119600
2024-10-04,75.85153198242188,75.92986245036144,75.29344047086042,75.46968028872217,5186800
2024-10-07,75.26406860351562,75.87111105657341,75.14657290130866,75.57738300606292,3487000
2024-10-08,75.26406860351562,75.39135001173638,74.82346532274298,75.23468907546044,3157000
2024-10-09,75.89068603515625,75.92985126335569,74.81366840468384,75.00948707567755,2475600
2024-10-10,75.26406860351562,75.81236694047223,75.0486635511385,75.76340853038485,1616900
2024-10-11,75.7340316772461,75.74382485264444,75.34238683135776,75.43051046993459,3319800
2024-10-14,76.4683609008789,76.67397275867722,75.98859989934952,76.09630241581586,2119700
2024-10-15,76.22358703613281,76.49773619145799,75.80257012759651,76.05714040182885,2613900
2024-10-16,76.6739730834961,77.01666698461564,76.44878234447897,76.6739730834961,3229800
2024-10-17,76.39002990722656,76.75230268463342,76.23337645618837,76.33128579683772,2980000
2024-10-18,76.62503051757812,76.66419575255574,75.94944328672268,76.43899751893566,2282700
2024-10-21,75.82215881347656,76.57606901383586,75.74382834668471,76.53690378043993,2226400
2024-10-22,75.70465850830078,75.79278214558232,75.07802975209168,75.21510432563717,2067300
2024-10-23,75.3423843383789,75.60674777535785,75.0094910858915,75.31301228315988,2398400
2024-10-24,74.3143310546875,75.15636489895704,74.13809123914261,74.99970396513737,2699000
2024-10-25,73.48208618164062,74.19683110878289,73.38416936860389,74.08912859044571,3208600
2024-10-28,74.42202758789062,75.02906998256111,73.37438195482616,73.47229129557908,5073800
2024-10-29,73.64852905273438,74.20662049653984,73.48208243107393,73.86393407841432,2813400
2024-10-30,71.30846405029297,71.75885300201067,69.4579498371469,70.70141417449747,8230900
2024-10-31,69.66356658935547,70.41747679690938,69.63419453152935,70.03562510516065,7412100
2024-11-01,69.92791748046875,70.35872755051493,69.81042925773178,70.16290886595066,3474300
2024-11-04,69.93771362304688,72.14070753288244,69.51669671036701,70.3489373600818,7289200
2024-11-05,64.88550567626953,66.13877061219732,63.92598369704805,65.73733261170403,15413300
2024-11-06,62.51607131958008,63.4168492760115,62.3789967379494,62.99583235528744,16622700
2024-11-07,63.33852005004883,63.38747098438579,62.046093622492435,62.18316819064187,14404300
2024-11-08,63.14269256591797,63.681205122249914,62.927287543385184,63.426634871074484,10277900
2024-11-11,63.436431884765625,63.84765560539441,63.34830824748573,63.828076724889996,9135700
2024-11-12,63.82807922363281,64.85613856545126,61.62508158044274,62.11463578226228,10214600
2024-11-13,63.92598342895508,64.32741395776111,63.33851992801735,64.12180210593309,6572900
2024-11-14,63.68121337890625,64.60157769633038,63.61267608739623,64.08264395203507,9765000
2024-11-15,61.90902328491211,62.702102428402966,61.850275436689856,62.47690794605418,7374600
2024-11-18,62.065677642822266,62.32024790515233,61.439048897089705,61.68382598432911,9315200
2024-11-19,62.46711349487305,62.790217315992024,61.98735248336261,62.3202494798197,5995700
2024-11-20,61.8796501159668,62.59439878231316,61.56633573441776,62.55523355086902,7049000
2024-11-21,62.91750717163086,62.995830165551276,62.20275476082619,62.555234378482716,8659500
2024-11-22,64.25887298583984,65.07153464166493,64.20012888011865,64.327410265849,7163000
2024-11-25,65.0127944946289,65.17924111764287,64.48407510093419,64.54281921023237,6604200
2024-11-26,64.9736328125,65.42402177171816,64.50365750244394,65.2379887887787,4334500
2024-11-27,65.79607391357422,65.91356959724254,65.15965950288016,65.2967340654915,4989100
2024-11-29,66.20731353759766,66.30522288483961,65.7373382128302,65.92337120159296,2586300
2024-12-02,65.6394271850586,66.12898137873891,65.43381532011335,66.11918820326414,3686200
2024-12-03,66.62832641601562,67.21578993387095,66.57936801035937,66.99059172585771,4290700
2024-12-04,65.38484954833984,65.54151045827457,64.92466746291073,65.40443589708336,5975800
2024-12-05,66.11919403076172,66.58916938491853,65.84504485333892,65.87441691234783,5270100
2024-12-06,66.77518463134766,67.11787852035313,66.39333298303086,66.80456415583669,6815500
2024-12-09,67.14725494384766,67.55847867340653,66.54999823043894,66.598949167765,5791000
2024-12-10,65.77649688720703,67.0395475097022,65.67858754972754,67.02975433495317,3960300
2024-12-11,65.99190521240234,66.32479847048376,65.79607905764504,66.18772389715565,7351800
2024-12-12,65.54151916503906,66.17793365368327,65.52193281369364,65.54151916503906,4789400
2024-12-13,65.18904113769531,65.2967436627204,64.75823103759495,65.208620019516,6538100
2024-12-16,64.84635162353516,65.77650160125744,64.82676527263338,65.35548469691906,6639800
2024-12-17,65.77649688720703,66.06043919490008,65.05195882585447,65.09112405484699,4702400
2024-12-18,63.28956604003906,65.03237778752091,63.26998715894562,64.55261676568702,7133100
2024-12-19,63.093746185302734,63.49517673534986,62.9664573155284,63.26019281654168,4734700
2024-12-20,63.9847297668457,64.1022254591275,62.41815788644169,62.59439768986239,9078200
2024-12-23,65.23798370361328,65.33590051016215,64.20013129022658,64.47428042055488,8178400
2024-12-24,64.91488647460938,65.11070515625069,64.5526136965687,64.5526136965687,2151600
2024-12-26,65.13028717041016,65.27715492371019,64.48407951389595,64.54282362721426,3347900
2024-12-27,64.87572479248047,65.02259254674591,64.39595629721305,64.57219610833073,4700400
2024-12-30,64.20013427734375,64.72885368329307,63.96515036470091,64.72885368329307,3441600
2024-12-31,64.15117645263672,64.65052380777742,64.05326711064936,64.1805559782365,2018700
