Price,Close,High,Low,Open,Volume
Ticker,CVX,CVX,CVX,CVX,CVX
Date,,,,,
2010-01-04,41.66912078857422,41.74290843919062,41.19477275493314,41.21585149414465,10173800
2010-01-05,41.96427536010742,41.964275360107415,41.489923305929416,41.75345177812549,10593700
2010-01-06,41.96954345703125,42.16455597602551,41.737641133528385,41.869405370953466,11014600
2010-01-07,41.811431884765625,42.00644039709274,41.62169104711578,41.82724295104883,9626900
2010-01-08,41.88521194458008,41.88521194458008,41.57951798146433,41.70074283619125,5624300
2010-01-11,42.62837219238281,42.73905368888325,42.196185577946075,42.254162174369085,11916800
2010-01-12,42.38066101074219,42.40173975499175,41.885226077224324,41.91157651809945,12175200
2010-01-13,42.05915451049805,42.38065963507347,41.684940463630625,42.30686794808991,10842200
2010-01-14,41.92738723754883,42.05915149156862,41.71656362689197,41.969548742779466,6721000
2010-01-15,41.75871276855469,42.0011584182886,41.258006387064015,41.922099092671715,13482300
2010-01-19,41.99590301513672,42.03279684525304,41.41086940820237,41.6164213218684,8722200
2010-01-20,41.18951416015625,41.60061806466628,40.92598560381632,41.484664856496444,8703800
2010-01-21,40.182830810546875,41.20532283650901,40.087960374930525,41.18951176742736,12573200
2010-01-22,39.31317138671875,40.36728516381645,39.22884437553591,40.0457841612366,13825000
2010-01-25,39.29209518432617,39.671572790814814,39.04964546136439,39.60832853362931,9129700
2010-01-26,39.081268310546875,39.46601757968276,38.844090302756044,39.04437448992939,10558200
2010-01-27,38.844093322753906,39.191952819442086,38.54367103976192,38.97058987852697,13373200
2010-01-28,38.60165023803711,39.09708506223738,38.11675880476156,38.986403584280495,12828800
2010-01-29,38.01134490966797,39.03910425173131,37.816332409914274,38.75449304443877,15265600
2010-02-01,38.780860900878906,38.86518794267014,38.021897419125736,38.31704809708468,11828500
2010-02-02,39.23938751220703,39.30790748781838,38.47515655887136,38.86517756793661,12947600
2010-02-03,38.5858268737793,39.191942982740656,38.50149987888747,39.097072600284754,14540300
2010-02-04,37.61605453491211,38.38555717003812,37.45266415227644,38.24324954713367,15248400
2010-02-05,37.515907287597656,37.54752941229609,36.65680605725078,37.42103689237762,17307000
2010-02-08,36.96250534057617,37.658220408027155,36.96250534057617,37.547538922424245,11595600
2010-02-09,37.584434509277344,37.963916204026816,37.32617769745514,37.36307152771545,13051900
2010-02-10,37.289283752441406,37.54227288853782,36.89399099181482,37.431587376971585,11618700
2010-02-11,37.8057975769043,38.006077774453054,37.05737363632634,37.27346892044845,11273800
2010-02-12,37.78451156616211,37.93882141853922,37.33754439727486,37.5344233247099,13809100
2010-02-16,38.83807373046875,39.01366813820682,38.27404763730981,38.30597241704006,14230800
2010-02-17,38.758262634277344,39.07220455999114,38.55606557100516,38.96046375716089,8728000
2010-02-18,39.17329406738281,39.226503378533195,38.49220108198312,38.6784397604248,9848000
2010-02-19,39.402099609375,39.5776899384563,38.955132443578854,39.07751751862137,13113200
2010-02-22,38.82210159301758,39.492550216290226,38.73164536675337,39.465943533454954,8683400
2010-02-23,38.33258056640625,38.80615042862426,38.188910932926944,38.63055601419888,11907600
2010-02-24,38.49220275878906,38.55073422148731,38.10377111682109,38.37514389300296,8921000
2010-02-25,38.36983871459961,38.41240780804655,37.66214275958995,37.88030631879637,11761100
2010-02-26,38.47092819213867,38.6784473882776,38.215517764792516,38.41239672044707,8978800
2010-03-01,38.742286682128906,38.939165585602574,38.518805154689574,38.64650830471063,7428100
2010-03-02,39.0136833190918,39.32762532717252,38.84873314681947,38.939189430993814,9257200
2010-03-03,38.91257858276367,39.29569228620343,38.875331642685474,39.17862931463995,8194200
2010-03-04,38.885963439941406,39.10944500854079,38.68908450020727,38.880641290324085,9419900
2010-03-05,39.535125732421875,39.62558197343781,39.11476524465252,39.13604978246988,8750200
2010-03-08,39.716041564941406,39.84374474300828,39.4553130590017,39.63622555629554,6474000
2010-03-09,39.535125732421875,39.85970782981834,39.37549372859688,39.535125732421875,8480100
2010-03-10,39.35422897338867,39.55110800245871,38.97643737134552,39.45000741190754,14652900
2010-03-11,39.37017059326172,39.42337990666732,39.13604880235498,39.41273966783036,7024700
2010-03-12,39.22650909423828,39.50319998830313,39.11476830665763,39.46595305910957,7681900
2010-03-15,39.146690368652344,39.17861514585619,38.76357680376402,39.11476559144849,8807600
2010-03-16,39.364845275878906,39.43933911289104,39.06154777958391,39.322276209126365,9828300
2010-03-17,39.73198699951172,39.93950609766772,39.46061836937487,39.47125860483531,10292000
2010-03-18,39.779884338378906,39.94483440089453,39.503189458458166,39.8277714947442,9916100
2010-03-19,39.8969612121582,39.99273961802981,39.31696862671038,39.8969612121582,16610700
2010-03-22,39.620262145996094,39.84374371675966,39.375496036167796,39.46595228248485,9317900
2010-03-23,39.785194396972656,39.79583869153412,39.39144074998563,39.604281985516884,8006700
2010-03-24,39.33824157714844,39.64153909644151,39.258425585837635,39.519154035150294,8997600
2010-03-25,39.269081115722656,39.70540405880352,39.210549642659636,39.58834111267749,10510300
2010-03-26,39.604305267333984,39.8437492608108,39.27972310575171,39.37550151506469,10411500
2010-03-29,40.02998352050781,40.14172430896529,39.63622562638813,39.70007924533991,8818000
2010-03-30,40.067230224609375,40.17364886265287,39.88631366840245,40.05126377525311,6378100
2010-03-31,40.349239349365234,40.51418944019189,39.95016340605396,40.15768257180699,9875500
2010-04-01,40.80685043334961,41.040972247323076,40.62061172866533,40.65254056754278,7859300
2010-04-05,41.32297897338867,41.37086613026439,40.82812472095739,40.95582786556908,8108600
2010-04-06,41.44004821777344,41.503901835903946,41.07821916758882,41.27509811211645,6490000
2010-04-07,41.16868591308594,41.41345206478157,40.95052239506355,41.32831389395974,9431400
2010-04-08,41.32297897338867,41.50389142328775,40.77491135606023,40.93454333153217,6880500
2010-04-09,42.30204772949219,42.36590133846808,41.5038958855395,41.525180421864796,9804100
2010-04-12,42.79689407348633,42.99377295316167,42.232868174429214,42.30203985991054,10000000
2010-04-13,42.67984390258789,42.87140069139248,42.179667391863596,42.79158468612213,7978500
2010-04-14,42.87672805786133,42.89269044893544,42.58407068946543,42.81287443395372,7290400
2010-04-15,43.41413497924805,43.504595268593015,42.83946876828874,42.892678076391086,9702500
2010-04-16,42.96718215942383,43.57909949745546,42.717093886171774,43.344973614477205,12861900
2010-04-19,43.27048110961914,43.366259513874716,42.59471418931279,42.701132834214064,9335900
2010-04-20,43.658912658691406,43.82386276023515,43.451393479455504,43.53652757522913,11470000
2010-04-21,43.58974075317383,43.98881675775891,43.22791167996557,43.79194186031467,9416400
2010-04-22,43.20661926269531,43.33964457330658,42.90864386600138,43.158732099488205,9421100
2010-04-23,43.98881912231445,44.04202844719711,43.07360411973215,43.121495353854435,9918100
2010-04-26,43.94624710083008,44.23890445753794,43.81322176771032,43.90900016994099,9792600
2010-04-27,42.69049072265625,43.903681083651406,42.60535256277755,43.67487735349103,13042800
2010-04-28,42.89801025390625,43.05763821553158,42.48828996055162,42.89801025390626,12115700
2010-04-29,43.78662872314453,44.1590981135809,43.20131794119657,43.20131794119657,12274500
2010-04-30,43.334327697753906,44.233576062142276,43.25451169722915,43.8291820294749,13910300
2010-05-03,44.07394790649414,44.38256760856436,43.2757960243466,43.61101835338882,11650700
2010-05-04,42.97249984741211,43.76000745629702,42.371222812125225,43.63762643716448,16274300
2010-05-05,42.669212341308594,42.956547582955125,42.27545438445327,42.40316164270383,13028600
2010-05-06,41.07822036743164,42.67984648072556,38.04524446083205,42.25416785958769,21059200
2010-05-07,41.0250129699707,41.82848713922547,40.657865801718884,41.08886659295894,21866100
2010-05-10,42.50958251953125,42.86608949998325,41.78592425674444,42.232891564753565,14661800
2010-05-11,42.408477783203125,42.96718584842029,42.29673698208195,42.37655299991459,12018600
2010-05-12,42.60002136230469,42.81286265717139,42.2275521409955,42.445711525016584,9257800
2010-05-13,41.99343490600586,42.600030081788894,41.902978656545955,42.46168666247759,10839600
2010-05-14,41.41343307495117,41.7646177195295,40.961147913783684,41.727370801777106,13602800
2010-05-17,41.74642562866211,41.8645775095539,40.79043821132271,41.56381981725436,14694000
2010-05-18,41.273807525634766,42.25127426073411,41.02675594396315,42.05792883203166,15321500
2010-05-19,41.1395378112793,41.35436650875015,40.57024524587064,41.00527038754959,10773200
2010-05-20,39.52832794189453,40.49505501256576,39.490733227897124,40.301709598431515,17879100
2010-05-21,40.00094223022461,40.0922430711045,38.66900793188614,38.85698145649637,15919100
2010-05-24,39.44240951538086,39.94725236784782,39.372587815266115,39.86132332599885,10540700
2010-05-25,38.97513961791992,39.0395894432229,38.0245282554166,38.52937087898478,22304600
2010-05-26,38.427337646484375,39.47462189447402,38.368259653262754,39.30813160313119,16888700
2010-05-27,39.9365234375,39.9365234375,38.83016060661375,39.27592556916777,15252900
2010-05-28,39.67333984375,39.95798612649013,39.227571013507315,39.743157428992255,14445500
2010-06-01,38.824771881103516,40.022435103140396,38.824771881103516,39.50684864597225,13966400
2010-06-02,39.812992095947266,39.812992095947266,38.73348449607525,39.02350274750184,15674100
2010-06-03,39.694828033447266,40.14596466623284,39.28128202254338,40.09763035451314,14278800
2010-06-04,38.28232955932617,39.05033943432882,38.02453838447481,38.74958169782994,18133300
2010-06-07,38.31991958618164,38.9321786734116,38.23399057092084,38.486413967808275,12324200
2010-06-08,38.14268493652344,38.52400799580151,37.49820299221093,38.49715287415671,16572400
2010-06-09,38.019168853759766,38.878479651423916,37.91712428801564,38.223253887730905,14074500
2010-06-10,39.83445739746094,39.83445739746094,39.03959656137474,39.13626926819782,13937400
2010-06-11,39.77538299560547,39.77538299560547,39.09330623964643,39.46388566551156,8346000
2010-06-14,39.83981704711914,40.57023192009665,39.82907745965561,39.86667216205084,11948000
2010-06-15,40.40375518798828,40.41986662332744,39.83983036601826,40.04928722046047,11760200
2010-06-16,40.25335693359375,40.48966882214272,39.984822186611765,40.070755272453226,10424400
2010-06-17,40.45207214355469,40.54337296966077,39.850552864621,40.29094966423758,11113500
2010-06-18,40.55950164794922,40.68302948096374,40.22652105876648,40.53265062165327,13680200
2010-06-21,40.66690444946289,41.488620154195985,40.435964393441836,41.252308255705074,9347000
2010-06-22,39.7431526184082,40.666913037573785,39.67870278770499,40.52190194287058,10576400
2010-06-23,38.80865478515625,39.68944869989683,38.74957679474543,39.65722173398054,14876400
2010-06-24,38.040645599365234,38.73883370983394,37.970823920056894,38.561603833359534,14188300
2010-06-25,37.627098083496094,38.201762440753456,37.53042538332587,38.201762440753456,20472800
2010-06-28,37.573387145996094,37.90099991603571,37.39615320203715,37.89562807295692,10873900
2010-06-29,36.71407699584961,37.26725801034788,36.52073161830439,37.16521347844464,16421100
2010-06-30,36.44553756713867,37.09001934527383,36.41331470748648,36.63888292008226,12871000
2010-07-01,36.241458892822266,36.68185580677774,35.89236282867704,36.62277782219089,16335700
2010-07-02,36.15016174316406,36.601302441183314,35.913853851360464,36.407957013106035,9143600
2010-07-06,36.2844123840332,36.69258633193508,35.908465390909704,36.67110306125447,15039500
2010-07-07,37.299495697021484,37.326350825831184,36.24683938845552,36.42407340455788,15691100
2010-07-08,37.815067291259766,37.96544610293251,37.17058140157116,37.69153949737697,13478900
2010-07-09,38.583091735839844,38.669024869023765,37.621740417827965,37.841936900956455,11390300
2010-07-12,38.58845901489258,38.738837882652874,38.31992415174438,38.416596866378406,7352000
2010-07-13,39.32962417602539,39.51759779091478,38.937561409955386,39.20072447080053,13751300
2010-07-14,39.232940673828125,39.270535386483765,38.85698944975533,39.211457395522565,11750500
2010-07-15,39.22757339477539,39.32961795422262,38.75495350960346,39.32961795422262,10507600
2010-07-16,38.40047073364258,39.12014192464058,38.26620335345502,39.01810150200841,12060700
2010-07-19,38.66902542114258,38.83014799940429,38.39511867710462,38.5830922867317,8350600
2010-07-20,39.25979232788086,39.31887031978904,38.11046355396669,38.13194683261661,8922500
2010-07-21,38.760318756103516,39.50147755477186,38.4380777598426,39.38332156672232,9045400
2010-07-22,39.44240951538086,39.743167308128626,38.98052913507958,39.098685152949805,9552500
2010-07-23,39.4853630065918,39.50147853969575,39.028854575713275,39.35646742437688,8426300
2010-07-26,40.07614517211914,40.07614517211914,39.4262912833148,39.64648774434783,6467000
2010-07-27,40.441375732421875,40.511193362655504,40.01171806054922,40.20506360313999,8163500
2010-07-28,40.580989837646484,40.63470009177034,40.28560392755075,40.350049676472025,7392400
2010-07-29,40.828033447265625,41.01601110488351,40.43060304911994,40.75821586708969,13346400
2010-07-30,40.93008041381836,41.01601353067069,40.221148589852774,40.360787855979545,16955000
2010-08-02,41.78403091430664,42.06867724476954,41.52623561458485,41.68735818910063,11863000
2010-08-03,42.245906829833984,42.49295841335434,41.78939428238786,41.84847228035108,11788000
2010-08-04,42.439231872558594,42.48219841776987,42.01495055552191,42.31033633444005,8067500
2010-08-05,42.46610641479492,42.53055626209591,42.02033752371005,42.165348655757974,9304600
2010-08-06,42.28349685668945,42.43924345493443,41.78938964694026,42.01496202210427,8986800
2010-08-09,42.58427047729492,42.65945993128164,42.35870211533475,42.589642323299095,7015200
2010-08-10,42.44997787475586,42.68628978880171,41.97198630135621,42.1814430988003,8406900
2010-08-11,41.4241943359375,41.88070696750256,41.365116327088316,41.875335121920564,10589700
2010-08-12,41.3919563293457,41.77327527594927,40.92470427490781,41.03749250331939,8993100
2010-08-13,41.56918716430664,41.76790029057324,41.306024212012176,41.37584178373885,7087800
2010-08-16,41.735687255859375,41.80013709706639,41.01601580120644,41.41344624485781,7284800
2010-08-17,42.15851593017578,42.326567353865876,41.78447505928,42.050099125593,7360500
2010-08-18,41.76280212402344,42.13684723154023,41.491755903698134,42.071794649760804,8308800
2010-08-19,41.11227798461914,41.64353025758351,40.92796858809919,41.5893218548327,8870600
2010-08-20,40.684024810791016,40.960488879089205,40.41297868716372,40.90628048153087,9303600
2010-08-23,40.684024810791016,41.1935887108421,40.684024810791016,40.8412279229595,9991400
2010-08-24,39.99555969238281,40.60270441246546,39.90882709570531,40.261183697991136,11261600
2010-08-25,40.152767181396484,40.27745020124183,39.339628920018804,39.74619805070765,9711900
2010-08-26,39.75163650512695,40.32083104105504,39.6269534339217,40.31541309488199,8176900
2010-08-27,40.618980407714844,40.678610897752336,39.534795695522625,40.05520386107452,8789500
2010-08-30,39.99555969238281,40.548496022562645,39.99555969238281,40.45633721030931,7558900
2010-08-31,40.1581916809082,40.4021315196861,39.69741413219701,39.849199288399724,9227500
2010-09-01,41.61642074584961,41.69231746679066,40.787020254458476,40.852072814192645,10549900
2010-09-02,41.98503875732422,42.00130499724052,41.453790723444556,41.6055758759816,5995000
2010-09-03,42.283203125,42.283203125,41.95252646200168,41.95252646200168,7189100
2010-09-07,41.76820755004883,42.23440719396323,41.72483917949041,42.10972416256663,5880200
2010-09-08,41.876625061035156,42.21814167942825,41.77904829351777,41.82783874519423,6940700
2010-09-09,41.93626022338867,42.434984141609135,41.887469766260594,42.22356847767142,6646200
2010-09-10,42.727718353271484,42.727718353271484,42.25067857984753,42.462094262965586,8223500
2010-09-13,42.9608154296875,43.10176058786948,42.64640089829544,43.02586799557982,8586400
2010-09-14,43.10176086425781,43.35654491250807,42.922869408783875,42.96081570517203,8447300
2010-09-15,42.93912887573242,43.004181438041286,42.56508388016922,42.85781420680531,7240700
2010-09-16,42.852386474609375,42.895750703741975,42.49460366737975,42.81985813296628,6905600
2010-09-17,42.53257751464844,43.221037313178684,42.41331650162193,43.05298582398788,12326500
2010-09-20,43.313167572021484,43.437846461852565,42.53797556121709,42.57592184975289,7730700
2010-09-21,43.23186111450195,43.49206723941039,42.87950029079021,43.38906837849137,8598700
2010-09-22,42.9608154296875,43.584222411354915,42.95539334857079,43.32943836473846,6776600
2010-09-23,42.57592010498047,43.025857604777286,42.36992656648999,42.56507594536592,6802000
2010-09-24,43.43243408203125,43.52458877516247,42.66808199752511,42.966234399815264,8256000
2010-09-27,43.41075897216797,43.69806727308609,43.40533689031009,43.530019958021526,8380700
2010-09-28,43.84444046020508,44.0179098969441,43.13972268288174,43.61134051685224,7826200
2010-09-29,44.06123733520508,44.28891498382931,43.6329841566021,43.76850715733087,8851100
2010-09-30,43.93656539916992,44.55455004879809,43.546258433965946,44.28350400472137,10120300
2010-10-01,44.424468994140625,44.64672885567992,44.16968904902701,44.391944774729666,9570600
2010-10-04,44.0775146484375,44.52745215876862,43.73599805761489,44.39192911125938,7602500
2010-10-05,45.205078125,45.2647086109232,44.42446386261351,44.54914691568097,11597600
2010-10-06,45.476112365722656,45.698372143337394,45.10748952018815,45.15085788691812,8650300
2010-10-07,45.275535583496094,45.806787722410974,44.96112527254135,45.76341935681895,7714000
2010-10-08,45.503231048583984,45.589963669881705,44.966556669449226,45.248446994298305,6879000
2010-10-11,45.37855529785156,45.53576259358221,45.1834016987264,45.45444790464058,4790700
2010-10-12,45.44902420043945,45.63333776451823,44.79309290183736,45.18882216811695,8528900
2010-10-13,45.35685729980469,45.59537921187802,44.91776390333844,45.23759634376802,11647800
2010-10-14,45.48154830932617,45.4923883363954,44.971980184508965,45.346025223860856,6718600
2010-10-15,45.3243408203125,45.82848686130132,45.05871673208632,45.74717218323803,9502500
2010-10-18,45.79595947265625,45.953162600631636,45.2104987941522,45.25386717089384,7800200
2010-10-19,44.87981414794922,45.362275879529165,44.52745338753452,45.199646563696135,9455500
2010-10-20,45.54658508300781,45.81763118454777,44.95570656685163,45.06954543319818,8835000
2010-10-21,45.67125701904297,46.07782607262495,45.20505750673555,45.81220211565165,9521400
2010-10-22,45.83390426635742,45.964005256482864,45.62790655150323,45.964005256482864,5555000
2010-10-25,46.00736999511719,46.50609386437265,45.9368953568332,46.148311000014004,6757400
2010-10-26,46.15916442871094,46.207950755008454,45.801381492516875,45.888118253716556,5968600
2010-10-27,45.703800201416016,45.88269165188893,45.15086787866955,45.88269165188893,9557300
2010-10-28,45.774269104003906,46.430200204274584,45.58995559565531,46.22420251048288,8519800
2010-10-29,44.77681350708008,45.11833422944526,44.440719000416095,44.93402073651506,12463000
2010-11-01,44.15341567993164,45.579121059698096,43.95826212327795,45.07497506098206,12781900
2010-11-02,44.53287887573242,44.69550406817591,44.29977904431138,44.64671775119355,9528800
2010-11-03,44.8310432434082,45.05872521200175,44.402793854296526,44.80936318529177,10036500
2010-11-04,46.153743743896484,46.24589845358265,45.47070620420613,45.622495540899074,16295400
2010-11-05,46.0670051574707,46.25131455300393,45.56285915649874,45.92063792140748,14513200
2010-11-08,45.96943664550781,46.077853469925884,45.42192216977205,45.87185984919685,11799200
2010-11-09,45.29722595214844,45.68211094370943,45.04786401969351,45.486961543565386,13597200
2010-11-10,46.16999816894531,46.19710443708824,45.12918199129621,45.41649023593348,11795500
2010-11-11,46.668731689453125,46.72294423691289,46.07785297183939,46.07785297183939,11297200
2010-11-12,46.316375732421875,46.408530447329504,45.839331776030825,46.32721576059587,10571300
2010-11-15,46.00193786621094,46.60366045331424,45.98567576426241,46.47897744531779,9252400
2010-11-16,45.094398498535156,45.69580208147558,44.793694621450605,45.67940081022164,12360200
2010-11-17,45.08342742919922,45.44973611417021,44.88660398060051,45.05609338819834,7847300
2010-11-18,45.826988220214844,45.9144671747051,45.351330790432826,45.40053874514013,7590000
2010-11-19,45.892608642578125,45.90354142894602,45.28026832529757,45.75592587123018,8130900
2010-11-22,45.62471008300781,45.69578779786231,44.85928985555476,45.635647041244226,6791900
2010-11-23,44.69527053833008,45.105318891892736,44.36723268972546,45.08891762514664,9507700
2010-11-24,45.34041213989258,45.38415163077184,44.83195202929658,44.91396253188834,8042600
2010-11-26,44.85929870605469,45.14359710788103,44.7171474195274,45.0725235502315,2789700
2010-11-29,44.66246032714844,44.85928383672182,43.96264525809945,44.449235553648414,9070100
2010-11-30,44.2688102722168,44.61871778274598,43.99544476891421,44.08838803894272,10366000
2010-12-01,45.214664459228516,45.49896699325885,44.695271534958586,44.913964829314004,10629600
2010-12-02,46.19876480102539,46.291708060477575,45.121704173179275,45.21464743263146,10799500
2010-12-03,46.4119987487793,46.47213949829878,46.12223195812739,46.19330549336545,6724000
2010-12-06,46.444793701171875,46.58694491968747,46.1932979583989,46.35731891601121,5184200
2010-12-07,47.18289566040039,47.36331375350439,46.86032214193895,46.97513517254233,12560600
2010-12-08,47.09540557861328,47.456250022201075,46.81657161504328,47.29769753982701,6918300
2010-12-09,47.37425231933594,47.55467458979093,46.931397276289374,47.4507943423361,8076700
2010-12-10,47.58201599121094,47.60935421988751,47.15009783973516,47.54374497380058,7406700
2010-12-13,48.314632415771484,48.63173330731325,47.84444330096938,47.95925633999395,9910500
2010-12-14,48.32007598876953,48.63171243845743,48.18339326221824,48.42942467274603,7331300
2010-12-15,48.11780548095703,48.45677609479469,48.07406599167886,48.12326978869635,7608700
2010-12-16,48.69186782836914,48.77934680188201,48.030323733279445,48.15607371489744,7796700
2010-12-17,48.380226135253906,48.63719037856273,48.156068589133966,48.577049633480804,10832800
2010-12-20,48.54970932006836,48.98709157095054,48.42395936806377,48.63718410175437,8029800
2010-12-21,48.784812927246094,49.10738224125384,48.63172473098326,48.84494950460152,5962500
2010-12-22,49.16207504272461,49.18394479418121,48.834037113332734,48.99805816364296,4262400
2010-12-23,49.57756042480469,49.692373418458835,49.10737149580619,49.14564249369091,5095600
2010-12-27,49.27140426635742,49.533832837339666,49.227664780784735,49.47369208748396,3138200
2010-12-28,49.85640335083008,49.987617628482056,49.2768656296827,49.380745858904966,5058100
2010-12-29,49.9548225402832,50.51248643176178,49.943885582301434,50.04776582699175,5301000
2010-12-30,50.08056640625,50.266457143648026,49.83453908720567,49.92748237029111,4156500
2010-12-31,49.88920974731445,50.18991350195345,49.75252698088345,50.06963200009785,5152900
2011-01-03,50.266475677490234,50.507034606453765,49.91656798878994,50.11339158508744,7802300
2011-01-04,50.08056640625,50.5616924292375,49.87281009619539,50.45234370981892,8513900
2011-01-05,49.99307632446289,50.33751530011262,49.47914792831573,49.70877391208222,6659500
2011-01-06,49.58304214477539,50.206315231778305,49.353411924910866,50.168044223672055,6220800
2011-01-07,49.85640335083008,49.91654409709279,49.35340763924858,49.74159033648126,6346300
2011-01-10,49.429954528808594,49.84546710920227,49.27140202922677,49.725185614952146,6848700
2011-01-11,50.2063102722168,50.29378506586413,49.6486422992119,49.68144899665295,7838900
2011-01-12,50.5452995300293,50.76399285188346,50.408616725273966,50.4960957225069,7845400
2011-01-13,50.397674560546875,50.62730062872278,50.178981279377126,50.304731271698635,5721900
2011-01-14,50.75303268432617,50.7803667277951,50.20083328305248,50.36485422876971,5557900
2011-01-18,51.03733444213867,51.25602766107116,50.80770843931137,50.81317691687189,7733200
2011-01-19,50.82959747314453,51.234177370450325,50.61637265083284,51.190437875815164,6069900
2011-01-20,50.687435150146484,50.76944564190027,50.06963056522486,50.375798618463634,6513500
2011-01-21,51.27244186401367,51.359920842157386,50.90066454935738,51.0482842821681,7427500
2011-01-24,51.447391510009766,51.68248603082303,51.206832681922585,51.33257848885356,7282800
2011-01-25,51.43644714355469,51.633270613001976,51.03733172739046,51.272426195273276,7423200
2011-01-26,51.742618560791016,51.923040781614624,51.163085068574134,51.60046734093972,8832600
2011-01-27,51.80276870727539,51.91758173103979,51.5567413950984,51.69888846953412,6301100
2011-01-28,51.048274993896484,51.857434538362405,50.807712018999126,51.66061104457848,12444700
2011-01-31,51.90116882324219,52.043320037015704,51.048269883053244,51.31069840100703,11167900
2011-02-01,52.60647964477539,52.754095241610095,52.03241018449186,52.28390604987249,9948200
2011-02-02,52.74861145019531,52.950899261098364,52.14173967503273,52.14173967503273,6607800
2011-02-03,53.20240783691406,53.27348555728926,52.35497704177642,52.79782794651785,10500300
2011-02-04,53.09303665161133,53.213318113878614,52.770463259964906,52.99462492532224,10529700
2011-02-07,53.39375686645508,53.70539340114841,53.17506361007467,53.18599639584158,10256500
2011-02-08,53.437477111816406,53.57415983710738,53.09303814572442,53.5085547985522,5710500
2011-02-09,52.617401123046875,53.240674257882866,52.32216582161498,53.16960071486731,8242700
2011-02-10,52.868900299072266,53.02198852421596,52.344038897976766,52.4205809249348,7286200
2011-02-11,52.732208251953125,53.1313237549127,52.426040197886756,52.53538473970277,7324900
2011-02-14,53.40424346923828,53.51992423283362,52.6055225564886,52.6055225564886,6994000
2011-02-15,53.06821060180664,53.34914169794169,52.69364141042447,53.20041594269279,7626700
2011-02-16,53.24449157714844,53.44279121004937,52.92500159744313,53.27754081553209,6786600
2011-02-17,53.52542495727539,53.619067279043634,53.10678721198222,53.189410317895685,6616600
2011-02-18,54.37923812866211,54.428811996453305,53.44831183142886,53.65763492459128,8860500
2011-02-22,55.26057815551758,56.252097390210764,54.660161209719476,54.660161209719476,15723400
2011-02-23,56.33472442626953,57.254635637062805,55.37074895954446,55.376258567510746,17174700
2011-02-24,56.2025146484375,56.9681861371437,55.93811234292973,56.7864069254828,16467900
2011-02-25,56.24106979370117,56.533015913020336,55.82793754124607,56.02624135863241,8516400
2011-02-28,57.149993896484375,57.25465547110302,56.28517006056451,56.340253551510806,10219700
2011-03-01,56.6817626953125,57.833022896495244,56.64870924754181,57.326248191743026,12266900
2011-03-02,56.99573516845703,57.27115671333014,56.29065668599775,56.764382079387445,8335000
2011-03-03,57.392337799072266,57.60165664176208,56.913102840362704,57.199539372601336,7537800
2011-03-04,57.149993896484375,57.717361838173076,56.46143975315324,57.35931284312069,9850500
2011-03-07,56.74235153198242,57.71183240694804,56.74235153198243,57.353787737468444,8222500
2011-03-08,57.16098403930664,57.30971402300098,55.88302827350674,56.962684398712774,8913900
2011-03-09,56.263118743896484,57.11141769527484,56.13091756523743,56.835996121551986,7102000
2011-03-10,54.577545166015625,55.89956968414707,54.14237853448986,55.89956968414707,12553000
2011-03-11,55.045772552490234,55.4974639020005,53.762306621864404,54.0377282789463,6872700
2011-03-14,55.524986267089844,55.63515320626052,54.54999162477202,54.621603917572365,7353600
2011-03-15,55.76185989379883,56.186007315566386,53.97161946462637,54.08178642538153,12650100
2011-03-16,54.81438064575195,56.224537188979106,54.32963618206912,55.99318416909303,14795200
2011-03-17,56.31818771362305,56.499966914087636,55.304638600605855,55.56904088982834,9981500
2011-03-18,56.62666702270508,57.271152380324025,56.38429473672232,56.9406473920014,11366300
2011-03-21,57.943180084228516,57.94868548869669,56.84699942083098,57.2105578404741,8785300
2011-03-22,57.965232849121094,58.356331023987856,57.90463975980087,58.03684095349946,8008500
2011-03-23,58.10295104980469,58.34531923534574,57.53557894096366,57.689818589617964,6811800
2011-03-24,58.04783248901367,58.345288206468894,57.79995482576688,58.31774857866285,6996800
2011-03-25,58.81901931762695,58.94571506635568,58.04783821876235,58.23512703828323,8982900
2011-03-28,58.41139221191406,58.995284446958586,58.41139221191406,58.60969602807986,6023500
2011-03-29,59.1440315246582,59.204624608386816,58.12496831791333,58.41140911419398,6963200
2011-03-30,59.496559143066406,59.898672217029066,59.24317184379976,59.27622108204355,7907300
2011-03-31,59.210121154785156,60.39994421804697,59.133003460232906,60.21265538656353,8418500
2011-04-01,59.6673469543457,59.920734371713124,59.22116521969882,59.65082232752188,6494000
2011-04-04,59.61775207519531,59.805036716700776,59.408429002219286,59.777492879962,4764600
2011-04-05,60.223690032958984,60.48258701783672,59.61776333367506,59.628778348891025,6541400
2011-04-06,59.8546028137207,60.55968118621093,59.733416680461715,60.49908811958144,6893000
2011-04-07,60.00884246826172,60.096975169818215,59.22113674841823,60.05290671774052,7011700
2011-04-08,60.40544128417969,60.55967664126188,60.11900059022853,60.23467710804017,6732900
2011-04-11,59.36986541748047,60.53765423892032,59.254188877082036,60.449517330464886,6599000
2011-04-12,57.38682556152344,58.77494811237442,57.00123713145336,58.648256572179406,12803700
2011-04-13,57.183021545410156,57.91564388573637,56.92412461291899,57.73937425974655,7241100
2011-04-14,57.77241516113281,57.99826281945924,56.80843986384429,56.91310138381008,7084900
2011-04-15,58.521575927734375,58.66479632553874,57.480482695348286,58.124968181568285,8869500
2011-04-18,57.56309509277344,57.83300699351431,56.75886479483218,57.8109727685928,7194800
2011-04-19,58.05889129638672,58.30676912867768,57.436435606578314,57.55762181884548,4993300
2011-04-20,59.38639831542969,59.67834451083619,58.945726319521654,59.33131484126615,6667800
2011-04-21,59.56266784667969,59.62877053711631,59.21012856955044,59.62877053711631,4915500
2011-04-25,59.17156982421875,59.36987369328675,58.76394707228996,59.1440301884369,3995200
2011-04-26,59.90419006347656,59.94825852226209,59.02835150876179,59.408430408638225,5300000
2011-04-27,60.025367736816406,60.13553466560412,59.24317161566638,60.1024854274876,5982600
2011-04-28,59.937232971191406,60.09697796545502,59.53511988442361,60.08596295322264,5941200
2011-04-29,60.28425598144531,60.3723886712939,59.36985463400093,59.755447234558744,6755500
2011-05-02,59.59019470214844,60.36137572706139,59.27621436660656,60.306292268695856,6550800
2011-05-03,58.4830207824707,59.40292790600388,57.94319680687641,59.2597117017197,7955600
2011-05-04,57.66225051879883,58.400378186972915,57.12242248180966,58.400378186972915,8892900
2011-05-05,56.527523040771484,57.35378772886108,55.695748744700104,56.93514577683449,11988500
2011-05-06,56.67073059082031,57.53555399778339,56.18599022728521,56.92411788557267,9536300
2011-05-09,57.33724594116211,57.761397405271325,56.736829087483635,56.87453983769597,7117900
2011-05-10,57.48598098754883,57.81097636953754,56.87454486633719,57.46394676125483,6430500
2011-05-11,56.3292121887207,56.99022217611833,55.77285952439164,56.885560650450756,10161700
2011-05-12,56.60464859008789,56.91311943824419,55.31016790646042,55.98219308242949,10425800
2011-05-13,56.40081787109375,57.006744367501724,55.78387216055901,56.98471014184704,8968000
2011-05-16,55.99320983886719,56.89659231384748,55.86100865298224,56.202528733401664,6759400
2011-05-17,55.73782730102539,56.170806443240735,55.29374374049469,55.68231367963803,8768800
2011-05-18,57.097862243652344,57.43092300603309,55.604634672943526,56.0209616846938,8193700
2011-05-19,57.65850067138672,58.02486613484247,57.14225515485204,57.55858204769949,7452400
2011-05-20,56.93689727783203,57.625223603309635,56.49281331843444,57.48089991633915,8760900
2011-05-23,56.2707405090332,56.57049635957059,55.898818624881926,56.13751286317489,7487000
2011-05-24,56.770347595214844,57.39206410365445,56.53720549271146,56.53720549271146,6800500
2011-05-25,57.31435012817383,57.65296309243619,56.51500093580402,56.620471797324264,7949500
2011-05-26,57.37541961669922,57.61966617783485,56.67598897760032,57.17003007800808,6614300
2011-05-27,57.29213333129883,57.852788089239986,56.91466343017453,57.530827595761195,5796300
2011-05-31,58.23581314086914,58.40234137221047,57.56968751021415,58.069280674431255,8188400
2011-06-01,56.892452239990234,58.25800383859413,56.66486242443751,58.13588484993667,8196100
2011-06-02,56.131980895996094,56.9479782253411,55.71010170065315,56.81475477658436,8129200
2011-06-03,56.065372467041016,56.44839468368071,55.27157543993545,55.3603939044132,7692200
2011-06-06,55.332637786865234,56.23745367110313,55.12170028366492,56.00986376437352,6982200
2011-06-07,55.21607208251953,56.01542141023565,55.16611063198829,55.63795136493614,6835400
2011-06-08,55.48249053955078,55.976531402222804,55.23269612048139,55.238248331043934,6936200
2011-06-09,56.193058013916016,56.5483234652524,55.687912435707496,55.79338332238801,5734900
2011-06-10,55.327091217041016,56.0653789061896,54.94407319150891,56.0320740957341,9113900
2011-06-13,54.91631317138672,55.79337649998173,54.438924485447544,55.53247753963152,7999300
2011-06-14,55.843318939208984,56.226341076273876,55.44919661393925,55.521358425012316,7353400
2011-06-15,54.62766647338867,55.460320641266044,54.239091987320364,55.06619394158442,9665600
2011-06-16,55.1938591003418,55.321534578932116,54.29459124292874,54.433366911567326,7786300
2011-06-17,55.04953384399414,55.97655433827859,54.80529153541048,55.637945586944475,12029500
2011-06-20,55.460304260253906,55.621280291610574,54.760873779996466,54.88854500970649,6427200
2011-06-21,56.39287567138672,56.60936959922098,55.6878971756959,55.810020435208585,8499500
2011-06-22,56.104217529296875,56.87580977583786,56.065360518143606,56.21523635113575,6592500
2011-06-23,55.154998779296875,55.2604696363767,53.844956206999235,54.89965207250626,13058800
2011-06-24,54.34454345703125,55.365930171911366,54.294582022555275,55.25491134989277,8032400
2011-06-27,54.89965057373047,55.31042533125789,54.36675256083348,54.36675256083348,7130200
2011-06-28,55.704559326171875,55.84333501170549,55.121703987989406,55.24937524702555,6113800
2011-06-29,56.220802307128906,56.45949664402334,55.46031429791228,55.89329373807016,7637700
2011-06-30,57.08675003051758,57.14226367925561,56.22079131944315,56.503894834639325,7697700
2011-07-01,57.780601501464844,57.83611512446655,56.62599183367937,57.01456178412235,6579700
2011-07-05,58.35237503051758,58.707640283830955,57.79172033212469,57.79172033212469,7392200
2011-07-06,58.33015060424805,58.4189647698525,58.047047245888386,58.185822820659574,6196300
2011-07-07,59.168392181396484,59.35157708083607,58.72986479439478,58.8852928660051,7878100
2011-07-08,58.779823303222656,58.84088493772053,58.32463926839135,58.535576765231134,6334900
2011-07-11,57.95827865600586,58.08594991353726,57.59190881766822,57.96937884727468,6975400
2011-07-12,57.94716262817383,58.81312136709446,57.72512073137196,57.72512073137196,9158300
2011-07-13,58.33574295043945,59.179501458497185,58.130357654014375,58.14145784499776,6871100
2011-07-14,58.102569580078125,59.10175563519111,58.04706018481527,58.67432439796679,7279600
2011-07-15,58.94635009765625,59.00741172624333,58.36349063754205,58.663246568306754,10160500
2011-07-18,58.968544006347656,59.11841982697369,58.34682764409601,58.60772651249711,6951000
2011-07-19,59.662418365478516,59.840050995485285,59.112863843032876,59.112863843032876,6987600
2011-07-20,59.45149230957031,59.75680045772795,59.32936905030726,59.67908642639638,5044900
2011-07-21,60.744873046875,60.9225056959011,59.817852792116774,59.8844623885663,8319200
2011-07-22,60.48952102661133,60.87254311269282,60.406254803320216,60.72266306374961,5413700
2011-07-25,60.00659942626953,60.50619268999539,59.65133404653056,59.70129549045184,6284400
2011-07-26,59.712364196777344,60.21195719708784,59.58468878304988,59.90110121249249,4864800
2011-07-27,58.635494232177734,59.39598642411215,58.54668000613061,59.3793340214219,7412700
2011-07-28,58.30244445800781,58.757628569392345,57.96938363615784,58.36905831641706,6655300
2011-07-29,57.74177932739258,58.413457301931714,57.21443347162098,57.57525106324768,9697600
2011-08-01,58.496700286865234,58.91302716443807,57.686251140068315,58.88527458032415,9309400
2011-08-02,57.42536544799805,58.6743463669887,57.41426525882747,58.13034816059375,10396300
2011-08-03,57.0423583984375,57.586356708646875,55.99321456507879,57.469785642173434,12027400
2011-08-04,53.756141662597656,56.05427066110883,53.572960996311956,55.943247583711205,20541200
2011-08-05,54.18357849121094,55.14390385445688,52.079738610008654,54.416720624300936,17596200
2011-08-08,50.098018646240234,53.173288110686514,49.82046729639956,52.3350818483404,23079600
2011-08-09,51.84657287597656,52.01865329086341,48.46044856907025,50.84738671028808,21012700
2011-08-10,50.27565383911133,52.0963901069294,49.814917559056795,51.46357333665355,18069500
2011-08-11,52.218482971191406,52.812442374025686,50.392195553948845,51.108278163269745,30717300
2011-08-12,53.21212387084961,53.87269717478807,52.69032618638758,53.09000064809502,13364100
2011-08-15,55.010658264160156,55.08282430140725,53.728372812662094,53.844943832335005,11857000
2011-08-16,54.477752685546875,55.11056912326016,53.92820246018438,54.394486473196075,9842900
2011-08-17,54.656829833984375,55.445792907140756,54.337886588405986,55.065303105211854,8594800
2011-08-18,52.17242431640625,53.36986059645332,51.338696275220514,53.235569834221536,15083800
2011-08-19,52.20038604736328,53.358653622958975,51.523331500181726,51.528923922842985,13452700
2011-08-22,52.20600128173828,54.024538244395465,52.01015542438481,54.024538244395465,10071000
2011-08-23,54.46099853515625,54.48897347169039,52.295538656931875,52.552931125793876,12301000
2011-08-24,54.60647201538086,54.70159874166287,53.75595805628921,54.18121717034848,7642500
2011-08-25,53.69440460205078,55.12685089220125,53.31950721658588,54.863866041296035,9812400
2011-08-26,54.19239807128906,54.47217297539383,52.2395704359651,52.97817601204065,9216600
2011-08-29,55.24995422363281,55.261147611942064,54.04132869686933,54.99256178986862,9724900
2011-08-30,55.059688568115234,55.38422840237945,54.130834063640094,54.81908203844006,9202500
2011-08-31,55.30589294433594,55.79829943606568,54.88063822569287,55.311489636930766,11242000
2011-09-01,55.12684631347656,56.22356771593657,55.115657195463285,55.40102879860473,10121400
2011-09-02,53.946197509765625,54.30990145943853,53.19639856839866,53.890239115330296,8976700
2011-09-06,53.49856948852539,53.604885341989174,51.898256337041616,52.36268380645714,10276800
2011-09-07,55.55766677856445,55.641600051947606,54.75751087448915,54.986923934777906,10572800
2011-09-08,55.06531524658203,56.27953767124278,54.83589770704181,55.3338968446958,9603600
2011-09-09,53.263553619384766,54.494561628732285,53.034136123000636,54.281934214470944,13346600
2011-09-12,53.666412353515625,53.67760146884783,52.1276507193059,52.56409879069224,13616300
2011-09-13,53.6776123046875,54.18680040108569,52.9501958595173,54.142039661695755,11453800
2011-09-14,54.44979476928711,55.39543538590264,53.24116930803396,53.89024491690425,11325600
2011-09-15,55.54091262817383,55.67520338069948,54.869450327493475,55.238755233221575,9241200
2011-09-16,55.74794006347656,56.044505016999864,54.99814544750369,55.95497500785491,13862000
2011-09-19,55.2331428527832,55.58565757892678,54.05249280504817,54.3826293029817,8522500
2011-09-20,54.71836471557617,55.80948490382882,54.69038552345673,55.55209255862628,8660500
2011-09-21,52.74873352050781,54.712753611029925,52.67599361679375,54.3938105424002,9267200
2011-09-22,50.45460891723633,51.204407935644234,49.570519130242886,50.868678879667115,16685800
2011-09-23,50.365081787109375,50.82950490517765,49.55373196585478,50.43222503505703,12228200
2011-09-26,51.19321823120117,51.28274826271733,49.66564942244182,50.72319837282195,11899200
2011-09-27,52.34028244018555,53.353066088951984,52.06610426685043,52.6872048108524,11079800
2011-09-28,51.333099365234375,53.34188544181454,51.2211911086841,52.59208646204344,10338300
2011-09-29,52.815914154052734,52.86627586440759,51.65764604421374,52.70400588286155,10104100
2011-09-30,51.808712005615234,53.045320774357194,51.76954369183332,52.01574696076309,11918800
2011-10-03,50.2923469543457,51.90944593569352,50.27556113922878,51.43942603631075,11384300
2011-10-04,51.1876220703125,51.3890560884694,48.501781087217445,49.64326329158152,15398100
2011-10-05,52.96699142456055,53.011752168585794,50.9358227148555,51.55692339661346,13057500
2011-10-06,52.939002990722656,53.05091123480705,51.88145428872935,52.25075490942857,10169500
2011-10-07,52.82150650024414,53.56570882258343,52.40744080808889,53.532132928768405,10534600
2011-10-10,54.947776794433594,54.970159293886496,53.76712662970065,53.78950912915356,7490300
2011-10-11,54.612060546875,55.19399286096868,54.36026484024057,54.393836462718156,7613500
2011-10-12,54.71278381347656,55.25554785264298,54.10287652428647,54.89743628909481,8868800
2011-10-13,54.71836471557617,54.891823753445735,53.85665768040662,54.063692602624585,6507900
2011-10-14,56.21794509887695,56.26830251025511,55.31147327285082,55.37862075704606,7365100
2011-10-17,55.17721939086914,56.09488094206504,55.059714416889726,55.90463601343947,6576400
2011-10-18,57.60566329956055,58.27712577363935,54.819107052666325,55.41222860942952,12165700
2011-10-19,57.20836639404297,58.23794017462149,56.91180570362891,57.460166348017346,8651800
2011-10-20,57.85185241699219,58.002933250869546,56.91740529273634,57.45457257857849,8710100
2011-10-21,59.04928207397461,59.222741123452366,58.310676604261225,58.47294653755762,10884100
2011-10-24,59.46334457397461,59.799077808254005,58.90379487554282,59.03249318455331,7911500
2011-10-25,58.472957611083984,59.82147475919,58.377835163938514,59.65920479516315,8452200
2011-10-26,59.74312973022461,59.78229804511123,58.45057106993986,59.35704327463535,9959400
2011-10-27,60.9741325378418,61.55606474810586,60.21874128369079,60.34183863382074,14393600
2011-10-28,61.34903335571289,61.54487491155779,60.017306506941765,60.90698854736252,10341300
2011-10-31,58.78071594238281,60.43138636225977,58.78071594238282,60.27471308066115,11457800
2011-11-01,57.11886978149414,58.01414900224852,56.397049709096784,56.7775439115459,15213300
2011-11-02,58.49533462524414,58.71355869833899,57.71196407794223,58.17079472765783,8393400
2011-11-03,59.38501739501953,59.508119031281566,58.584861028342424,59.22274744440378,9276200
2011-11-04,59.55290603637695,59.64802851079701,58.46178525561114,59.172411869669034,8402700
2011-11-07,60.274696350097656,60.72793025592104,59.054877793204284,59.67597832216069,7821800
2011-11-08,60.91259765625,60.990934294555736,59.59205965477235,60.58246102136728,7761400
2011-11-09,58.349853515625,59.586458083693394,58.126032737774224,59.20037161765272,12062000
2011-11-10,59.032493591308594,59.31786513480223,57.913394186734024,58.93177447413587,10025200
2011-11-11,59.89979934692383,60.16278412983984,59.6535961035699,59.69836110582072,6352600
2011-11-14,59.40741729736328,59.72636059880243,58.96537232360948,59.42420311285576,5531200
2011-11-15,57.78470993041992,60.05648517715277,57.39862344488048,59.440981208747644,24328000
2011-11-16,56.98950958251953,58.32612368803619,56.81467491554342,57.81291016937955,12581000
2011-11-17,56.442440032958984,57.59858253473376,55.69235462908625,56.82030105195383,11794300
2011-11-18,55.201717376708984,57.24330272741509,54.99868659916802,56.690606876825605,13668700
2011-11-21,53.94967269897461,54.67155763055031,53.26726141235918,54.6602757581843,15021100
2011-11-22,54.37831115722656,54.84641008574009,53.57747000663556,53.960972069320384,8939500
2011-11-23,52.87248611450195,53.904558076122775,52.87248611450195,53.814320301155874,11665200
2011-11-25,52.04911422729492,53.26729473571405,52.04911422729492,53.03042690112926,5257300
2011-11-28,54.011714935302734,54.338820444950336,53.57745743666833,54.158349181485164,8403100
2011-11-29,54.92536163330078,55.29758609215537,54.0004457269515,54.118879608557506,8845100
2011-11-30,57.98774337768555,57.98774337768555,56.45937601792496,56.67932529424776,13373200
2011-12-01,57.42940139770508,58.08924911714654,56.938743084318624,57.987733752403635,7007200
2011-12-02,57.3504524230957,58.196412464095914,57.243296107680926,58.11181559944084,6638100
2011-12-05,57.98774337768555,58.65323214529121,57.54784482503994,58.416364355832116,6121800
2011-12-06,58.85624313354492,59.064914765257726,57.99900146527385,58.14563570114701,7445000
2011-12-07,58.94649124145508,59.634539400472235,58.636308488025676,58.77730182215952,10323300
2011-12-08,57.6662712097168,59.10440487786615,57.4970774948375,58.65322450670462,7720100
2011-12-09,58.79420471191406,58.93519800858532,57.925685488086245,57.94260399524296,6624100
2011-12-12,58.12874221801758,58.782953472954624,57.243304090405104,58.66451526425584,7595800
2011-12-13,58.43891143798828,59.71912886003486,58.14564292978297,58.77729453741594,8990000
2011-12-14,56.696250915527344,58.66451707469974,56.120999882895305,57.948272677887914,15512100
2011-12-15,56.211246490478516,57.29971568756873,56.013856595208686,57.091048213759336,9667000
2011-12-16,56.88235855102539,56.88235855102539,56.16610990983667,56.57781239289503,14709700
2011-12-19,56.23943328857422,57.1474308899785,56.11535844076355,57.05155643586152,5977400
2011-12-20,58.467124938964844,58.56864032931542,57.40121549167169,57.491453306550355,7278600
2011-12-21,59.45970153808594,59.516098004066144,58.39943334822455,58.47274832372137,8156600
2011-12-22,59.955989837646484,60.10826501201912,59.25102333385411,59.50481385688381,7483800
2011-12-23,60.627140045166016,60.68917746292265,59.83757643053433,60.1364816418478,3779400
2011-12-27,60.897850036621094,61.18547337456574,60.491788497433824,60.491788497433824,4136200
2011-12-28,59.75860595703125,60.99934970745209,59.713487063683324,60.830156008784634,5307900
2011-12-29,60.610198974609375,60.66095449600679,59.96162895029642,59.99546596456136,4468500
2011-12-30,60.00676727294922,60.62713711778544,59.882692443426905,60.22671654245683,5009400
2012-01-03,62.24571228027344,62.59537284672498,61.32079674518669,61.32643337816134,11518700
2012-01-04,62.138587951660156,62.24574427207811,61.58589213917993,61.941198126765606,8019100
2012-01-05,61.529483795166016,61.77763341447844,60.89219553975641,61.69303656218787,7184900
2012-01-06,61.083953857421875,61.8171209538861,60.95987902853329,61.70432800186483,8214900
2012-01-09,61.74943923950195,61.85095461190495,60.92603868679992,61.044472570807564,7118800
2012-01-10,61.50691223144531,62.409272741089,61.41667876214522,62.10472671450032,7641800
2012-01-11,60.7794075012207,61.27570681495894,60.41846489274307,61.196750888277904,7802500
2012-01-12,59.200279235839844,59.80373050743384,58.94648866383168,58.94648866383168,11897200
2012-01-13,59.83194351196289,59.86578484613265,58.3768952259466,59.00290612338575,8266900
2012-01-17,60.1872444152832,60.89785213332707,59.79810137636799,60.49742721639288,6925300
2012-01-18,60.249271392822266,60.31130880284616,59.329992118527166,59.78117250001464,6581400
2012-01-19,60.3056755065918,60.6271401707349,59.6796646917696,60.46358736929008,5666100
2012-01-20,60.28311538696289,60.457945761189585,59.92217276114135,60.31695241351631,7284600
2012-01-23,60.35077667236328,60.62712235086016,60.09698613667185,60.33949479818626,6506700
2012-01-24,60.1872444152832,60.3959118281009,59.88269825040726,60.034969181457356,5041400
2012-01-25,60.7568244934082,60.90909533853428,59.267931537692576,59.989820726404794,8020700
2012-01-26,60.11390686035156,61.2305757924395,59.97855448465966,60.92602972005188,7000400
2012-01-27,58.630672454833984,59.031093040939645,58.15693687784434,58.873181181943096,10581500
2012-01-30,58.32047653198242,58.3712320597461,57.57039106801739,58.314835594639405,7615700
2012-01-31,58.156944274902344,59.093137973504206,57.750882698534895,58.997263518744106,8320100
2012-02-01,57.97080993652344,58.89008477000264,57.908772535815245,58.89008477000264,7824500
2012-02-02,58.478431701660156,58.6307027005943,58.0216100993024,58.106207011055886,5897200
2012-02-03,59.49916458129883,59.555561033143476,58.92391388804594,59.16642250347402,6818600
2012-02-06,60.15906524658203,60.209825110023516,58.861928497206186,59.00292190275425,6443600
2012-02-07,60.249271392822266,60.37898284812678,59.46534881463841,59.79245007330307,6034700
2012-02-08,60.20978546142578,60.62712446224954,59.83192011327342,60.49740872134212,5383700
2012-02-09,59.989830017089844,60.57636265344543,59.820636338281396,60.446646925989086,4751400
2012-02-10,59.375099182128906,59.51045154848567,58.98031965409912,59.32434365828542,6136800
2012-02-13,59.99547576904297,60.0800726213041,59.4709804483535,59.87140526220456,4695500
2012-02-14,60.057518005371094,60.08007745464057,59.53866358049802,59.9221656125292,5974800
2012-02-15,59.67107009887695,60.375755807938376,59.438066696376715,60.375755807938376,6553800
2012-02-16,60.53486251831055,60.56327904064482,59.55739745199881,59.96656675764549,5733900
2012-02-17,60.61444854736328,60.94405690557851,60.262103494938806,60.81903110195196,5666500
2012-02-21,61.60896682739258,61.66011138240036,61.057719054953694,61.09749959854444,7149000
2012-02-22,61.09182357788086,61.69421598571895,60.92133303359422,61.46690104100962,7150000
2012-02-23,61.57485580444336,61.6601010509271,60.98951176007675,61.1145375434858,5504800
2012-02-24,61.98974609375,62.171600691286166,61.660133280792074,61.830623862875306,5833300
2012-02-27,62.30226135253906,62.637558098774164,61.53506295914861,61.540747130644796,7723400
2012-02-28,62.290931701660156,62.739886110923386,62.046564221573966,62.33071225256931,9132500
2012-02-29,62.01245880126953,63.03538896221358,61.89879700399514,62.73987696080865,10572800
2012-03-01,62.376155853271484,62.59210672282044,62.00107849822217,62.04085903565891,5980100
2012-03-02,62.290931701660156,62.4386898917891,61.944270756985446,62.22841878798079,5377100
2012-03-05,62.12610626220703,62.19998316672756,61.45551694137429,62.02381282900361,5941500
2012-03-06,61.85900115966797,61.96129458403817,61.375950564046015,61.4555116345836,7480800
2012-03-07,62.2056884765625,62.48415234210946,61.483954361765896,61.944272799716686,6867900
2012-03-08,62.52962112426758,62.83650154805466,62.262521255281314,62.39891544524576,5505400
2012-03-09,62.26820755004883,62.7455785596633,62.154550056964894,62.45006214043638,5704200
2012-03-12,62.512550354003906,62.51255035400391,62.03518386882603,62.31364765184646,5324700
2012-03-13,63.18882369995117,63.25701643435471,62.18862168308001,62.637575972836075,7331000
2012-03-14,62.904685974121094,63.808274537938836,62.819440706500416,63.10927288210896,8819400
2012-03-15,62.52962112426758,63.04108849724605,62.20569251067377,62.8024051684412,8899400
2012-03-16,62.67168045043945,62.984244976084,62.569386999842536,62.756925715229265,11092500
2012-03-19,62.91035842895508,63.114945312931674,62.68304352298456,62.808064986966784,5695000
2012-03-20,61.98974609375,62.47279696197836,61.904500802708384,62.47279696197836,6158300
2012-03-21,61.3248176574707,61.955622169083966,61.00656897917251,61.91584162626594,7549900
2012-03-22,59.8699836730957,60.801988780872314,59.68812912366989,60.72242768648317,8282100
2012-03-23,60.443939208984375,60.750819448958296,59.58581137141394,60.05749790706382,6600300
2012-03-26,61.285037994384766,61.358919248587114,60.71106216141442,60.93838142647162,5311100
2012-03-27,60.830406188964844,61.37596984507496,60.81335800217305,61.30777276215325,4327700
2012-03-28,60.17685317993164,60.78492962633025,59.784727617086865,60.563294569701554,6816400
2012-03-29,60.72240447998047,60.81901372399514,59.62559342849736,59.71652283633668,5793900
2012-03-30,60.92701721191406,60.94974957353741,60.4723829867111,60.83040792683083,6121000
2012-04-02,61.54643630981445,61.824900035249655,60.58033085722358,60.72240480592052,5188400
2012-04-03,60.887245178222656,61.50669019576425,60.370097970170015,61.33619962762301,4690300
2012-04-04,60.01204299926758,60.38712035459433,59.688114526827846,60.381436181883906,5430600
2012-04-05,59.529014587402344,60.18255594883031,59.290331273551956,59.767697901252724,5982700
2012-04-09,58.81296920776367,59.14826620145072,58.44926000713224,58.70499588416588,4983400
2012-04-10,57.65361785888672,58.75042912955544,57.62520566507368,58.67655222273712,8907500
2012-04-11,57.36948776245117,58.221931885731316,57.27287846906063,58.14237078108557,8570100
2012-04-12,58.30150604248047,58.45494844704524,57.11945322207672,57.33540422078136,6451900
2012-04-13,57.272857666015625,58.17076619030734,57.238761300910745,58.13098565243383,6847100
2012-04-16,57.68771743774414,58.102571012513245,57.49449457911258,57.75023033297022,6065100
2012-04-17,58.8868293762207,59.15392483738367,58.15940689995015,58.22760397653136,5500900
2012-04-18,58.756107330322266,59.08571996247636,58.44922705236016,58.77315551202795,4836200
2012-04-19,58.25602340698242,58.89819631765566,58.0684846888706,58.68792523955262,6768400
2012-04-20,58.2617301940918,59.011881077766574,58.2049014357048,58.59702723936083,5814700
2012-04-23,58.21624755859375,58.375369755618046,57.33538696481037,57.50587751062479,5590600
2012-04-24,58.55154037475586,58.631101473586895,58.045757245435084,58.403782190174766,4104400
2012-04-25,59.017520904541016,59.040253257964444,58.31851946372134,58.85271459403601,5308500
2012-04-26,60.36439514160156,60.637174763428575,59.09709329394539,59.102777467328345,8535300
2012-04-27,60.353031158447266,60.69401221401534,60.051834983682475,60.682643866427476,5433500
2012-04-30,60.557613372802734,60.58602990381986,60.13139142206903,60.3302984676812,4727100
2012-05-01,61.529415130615234,61.824931522431726,60.46102005315608,60.659922815481586,6179900
2012-05-02,60.824703216552734,61.17704819912219,60.57465165887421,61.0974871281796,4834400
2012-05-03,60.233673095703125,60.8417494531853,59.90406481337158,60.83038544445099,4882800
2012-05-04,58.943660736083984,59.94954272996202,58.67656092724653,59.8245169185271,6241300
2012-05-07,58.710662841796875,59.00049503787103,58.30148899692859,58.579957179869616,6126900
2012-05-08,58.44355773925781,58.65382881718067,57.71045972500224,58.392413181137144,8167200
2012-05-09,57.841163635253906,58.25033743092842,57.60816454012238,57.74455436009582,6115600
2012-05-10,58.73909378051758,59.239192860334526,58.335604011161436,58.43789749745988,21105400
2012-05-11,58.35831069946289,59.074360452714224,58.233284900584565,58.5060645201792,4944700
2012-05-14,57.93209457397461,58.13668147711466,57.55133296572524,57.818432774588864,7021400
2012-05-15,57.341060638427734,58.34126269681392,57.23308302346872,57.98891765667402,8421000
2012-05-16,57.39838790893555,58.361717685893936,57.3467830658649,57.78257187882184,6423800
2012-05-17,57.42134475708008,58.149578765632334,57.27799208804907,57.455747997719115,6527500
2012-05-18,56.4580078125,57.77111862685774,56.33185677905787,57.61629968794516,11137700
2012-05-21,57.163291931152344,57.191959830177154,56.3949196160263,56.658687910838296,6169400
2012-05-22,56.95112991333008,57.730968532745386,56.612819822806095,57.3009106635726,6089700
2012-05-23,56.76765823364258,56.76765823364257,55.44881189850598,56.38347412180566,8013000
2012-05-24,57.37546920776367,57.40987682219232,56.50962226148402,56.91674330488447,6322300
2012-05-25,56.687381744384766,57.47868692977555,56.43507963827042,57.364006540510715,5561500
2012-05-29,57.47869873046875,57.82847967674781,57.054375953341356,57.23213190562905,5223200
2012-05-30,55.982059478759766,56.83070885177529,55.90751769674958,56.83070885177529,7284800
2012-05-31,56.37199783325195,56.8594003702836,55.43734007799039,56.228645175248744,9371100
2012-06-01,55.28253173828125,55.787131616341405,55.058897524097844,55.42014909142915,9243000
2012-06-04,55.3800048828125,55.70111346576257,54.89260667661291,55.3226646893966,6794500
2012-06-05,55.3283805847168,55.54627938506691,54.921259635082556,55.27104040691024,5891600
2012-06-06,57.226375579833984,57.22637557983398,55.95340343796179,56.131159311453274,7145800
2012-06-07,57.56468200683594,58.48787329809174,57.44426632207758,57.90299649001187,7971600
2012-06-08,57.82274627685547,57.914494109992205,57.16332731898942,57.27800773563287,5769900
2012-06-11,57.289451599121094,58.67710411526581,57.09448973230776,58.482142248452476,7037100
2012-06-12,57.765384674072266,57.85713247322853,57.08875996701024,57.45574241408362,5933400
2012-06-13,57.41561508178711,58.14384916208269,57.174783624035356,57.730992734635855,5189900
2012-06-14,58.442020416259766,58.58537309842766,57.28373266924494,57.43855164108452,6540000
2012-06-15,59.82392501831055,59.92140376396132,58.85485976803701,59.061287920459485,11091100
2012-06-18,59.32509231567383,59.61753310516543,59.06132382163794,59.141600999180255,6630300
2012-06-19,59.669105529785156,60.00742005806589,59.50281593110827,59.62896696284768,6115500
2012-06-20,59.42254638671875,59.95008752998648,58.82619876264203,59.657646862219494,7609200
2012-06-21,57.35252380371094,59.49134717400032,57.26651571725568,59.32505758222764,8492000
2012-06-22,57.59336471557617,57.98328411651943,57.10023122688983,57.71378042214713,11708600
2012-06-25,56.81353759765625,57.08877230505719,56.29173172042774,56.962621241341424,7091000
2012-06-26,57.88581848144531,58.08078042823299,56.67019038590426,56.750467547882366,7616000
2012-06-27,58.81474304199219,59.003969647769864,58.05784099365854,58.178256731486954,5740300
2012-06-28,59.32509231567383,59.434041788671855,58.161068866532254,58.40190039915919,7010200
2012-06-29,60.494842529296875,60.50057786253117,59.83541920023057,60.39162840496669,10651500
2012-07-02,60.701255798339844,60.833137806741306,60.030366343141836,60.54643246266254,5695600
2012-07-03,61.56710433959961,61.59577224782727,60.90768120349711,60.947819774836766,4079900
2012-07-05,60.79872512817383,61.383606389183754,60.6267045732935,60.93634244703323,5045600
2012-07-06,60.248260498046875,60.40881478988289,59.858341057255245,60.20238659330048,4609000
2012-07-09,59.89847183227539,60.23105103622507,59.376670451739535,60.19091246849154,5233300
2012-07-10,59.56591796875,60.43176958366599,59.227607664612016,60.133597864337226,6424200
2012-07-11,60.12211227416992,60.56937192953536,59.6461803332958,59.812469964737716,5931000
2012-07-12,60.225311279296875,60.82739412582921,59.78951802251896,59.81245497022048,7871500
2012-07-13,60.78727340698242,60.890487514553136,60.133585517293476,60.4030848886612,6771800
2012-07-16,61.22877502441406,61.49827867053334,60.49481025399783,60.61522593900908,5185100
2012-07-17,61.60149383544922,61.64163239783355,60.54068522262759,61.34919180059049,6668200
2012-07-18,61.8595085144043,61.916853050642885,61.15995154489685,61.234493317323555,5519300
2012-07-19,62.41001510620117,62.490296624645175,61.423752430457505,61.882478340733954,6829400
2012-07-20,62.6107063293457,62.64510956625016,61.641640991962404,62.02009409701475,9368100
2012-07-23,61.89967727661133,62.08890383909812,60.798729889958025,61.49829157567815,5953200
2012-07-24,60.95354461669922,62.020088614209264,59.984479364984885,62.020088614209264,6654900
2012-07-25,60.815940856933594,61.223061951820576,60.36868118578384,61.07970926877121,5476400
2012-07-26,62.08317947387695,62.28960769218421,61.504037770915225,61.69325999204955,6808200
2012-07-27,62.65086364746094,62.78848101104069,61.42949587451211,62.71967014186225,8338800
2012-07-30,62.97197723388672,63.035052775227285,62.36416315345299,62.427238694793566,5789900
2012-07-31,62.8343505859375,63.54537868591904,62.80567829873166,62.817148963524716,10012500
2012-08-01,63.361873626708984,63.78046530498138,62.5820348320905,62.91461404224929,8363800
2012-08-02,62.64509963989258,63.03501897053692,62.1978401319013,62.765515324753686,6662200
2012-08-03,63.717376708984375,64.15316554170481,63.591225698279786,63.72884299415072,5967600
2012-08-06,63.826332092285156,64.27932698846341,63.47655127846113,63.50522355819451,5201900
2012-08-07,64.1933364868164,64.44563863550937,63.94103871290061,63.992643584345714,5453300
2012-08-08,64.30228424072266,64.58898962948093,63.855024534224086,63.93530169309424,5443400
2012-08-09,64.58323669433594,64.95595447309131,64.06717063504867,64.371077564337,4846700
2012-08-10,65.11079406738281,65.16239893630161,63.809149181922855,64.19906867682482,5107600
2012-08-13,64.95596313476562,65.13371905112218,64.62911921207134,64.97890008764655,4336100
2012-08-14,64.9789047241211,65.29428238026645,64.7724765082399,65.19679922987268,6286100
2012-08-15,65.06559753417969,65.31413823660476,64.73613701327197,64.81127558477746,4539900
2012-08-16,65.49909973144531,65.65515812448261,64.79393751963347,65.1522998726295,5394600
2012-08-17,65.11762237548828,65.64360121531898,65.03092130678226,65.49331965688184,5642600
2012-08-20,65.03670501708984,65.2505670878585,64.81706610831662,65.13496859056734,3908100
2012-08-21,64.72456359863281,65.57422149145287,64.60896073546802,65.20430114892217,4647100
2012-08-22,64.8228530883789,64.93845159589239,64.31999032011439,64.67835274908684,4445400
2012-08-23,64.32575988769531,64.8343994021128,64.12923716884791,64.78238140611765,4191500
2012-08-24,64.7419204711914,64.85173770871133,64.01941891735193,64.025195754727,3453300
2012-08-27,64.58006286621094,64.9615412874369,64.42400010450163,64.84016158932872,3388800
2012-08-28,64.93843841552734,65.2043184566838,64.60319663806071,64.64365654845844,3340900
2012-08-29,64.62054443359375,64.99046489752347,64.50494153249086,64.92688440436682,3296300
2012-08-30,64.11766052246094,64.55694258171553,64.11187927686858,64.44133971885995,3523200
2012-08-31,64.82862091064453,65.28523800761741,64.54539712923165,64.54539712923165,5557000
2012-09-04,64.2853012084961,64.89219988906903,64.08877848588223,64.75348082062375,4632400
2012-09-05,64.02519989013672,64.58008499994924,63.92115948327186,64.50494201122473,4441200
2012-09-06,65.33147430419922,65.56845691063124,64.48759308946411,64.48759308946411,5531500
2012-09-07,65.89213562011719,65.89213562011719,65.16385288641425,65.29679510034539,5057300
2012-09-10,65.86901092529297,66.20425265268288,65.66093015724398,66.00772996739268,5212400
2012-09-11,65.99618530273438,66.32564585083017,65.89214489755676,65.93260481013697,4758800
2012-09-12,66.16957092285156,66.31984804073383,65.90946776996553,66.02507064118109,4420700
2012-09-13,67.371826171875,67.60880880770235,65.96150608112093,66.31408720625937,7737700
2012-09-14,67.77063751220703,68.3312993554025,67.32557854945334,67.58567731329914,8978300
2012-09-17,67.7070541381836,68.49313605241291,67.56255385115318,67.72439346705943,7409700
2012-09-18,67.60880279541016,68.00184379783524,67.38915951153186,67.62036087939354,5100100
2012-09-19,67.39492797851562,67.73016967785419,66.94986906786156,67.6781472852955,5978000
2012-09-20,68.117431640625,68.30239182407377,66.75912988000455,67.12905024690207,7286200
2012-09-21,68.08854675292969,68.51048518193078,67.89780528841166,68.51048518193078,10280700
2012-09-24,68.07697296142578,68.48735323801972,67.89201277465388,67.94403516988903,6808800
2012-09-25,67.585693359375,68.49315523974587,67.35449195339898,68.30819499692507,7565400
2012-09-26,67.22154235839844,67.62614144070517,67.13484129510435,67.52210104671212,5586700
2012-09-27,67.74176025390625,67.85736317626753,67.34871913747905,67.49900073164842,5482200
2012-09-28,67.371826171875,67.56256764805802,67.13484794584734,67.55678640065257,5626800
2012-10-01,67.77063751220703,68.34863868501903,67.5509986540661,67.57989606682732,4914900
2012-10-02,68.18101501464844,68.25037674006393,67.57989329044395,68.0018360695736,6012400
2012-10-03,67.12903594970703,68.05383666998605,67.077017976284,68.00181869656302,7362500
2012-10-04,67.71282958984375,67.89778976502265,67.31978866636379,67.41804779478417,5425700
2012-10-05,67.9151382446289,68.34863912704144,67.69549938506754,67.86889709215313,4507900
2012-10-08,67.9844970703125,68.12899735827965,67.59723294711343,67.73595639861705,3434900
2012-10-09,67.83421325683594,68.42377247162108,67.82843201076783,67.92669114493224,5983500
2012-10-10,64.99622344970703,66.49902987265861,64.74190595842788,66.2620472994183,15959000
2012-10-11,65.34880828857422,66.0192917360017,65.34880828857422,65.52799164286193,7279900
2012-10-12,64.7765884399414,65.48175054563349,64.51070844120156,65.36037083380434,5915800
2012-10-15,65.21006774902344,65.33722866504652,64.21590539807637,64.8285894107515,5775100
2012-10-16,65.94413757324219,66.12910214235505,65.49907870575898,65.5915609903154,4793300
2012-10-17,66.57418060302734,66.67822099887404,66.10021977968117,66.10021977968117,5218200
2012-10-18,66.26785278320312,66.48749169914191,66.1060131177956,66.21005353267189,6166900
2012-10-19,65.53376007080078,66.46434215113719,65.37770172139822,66.41232417126908,7160000
2012-10-22,65.16382598876953,65.71870637262003,64.58004820324395,65.66668840372654,4811900
2012-10-23,63.22176742553711,64.49337266630356,63.059927800846616,64.49337266630356,8011000
2012-10-24,63.412506103515625,63.863346298262265,63.01946514223414,63.244885239607456,5087900
2012-10-25,64.13500213623047,64.14078338202897,63.377822099171304,63.94426071306644,4888600
2012-10-26,64.2621841430664,64.55696603820797,63.91538424808805,63.96740224792484,4777600
2012-10-31,63.71883773803711,64.70144221858341,63.1466179043567,64.69566097304774,5958500
2012-11-01,64.42399597167969,64.55693815239273,63.51653450706728,63.591673055419335,6480500
2012-11-02,62.63800811767578,64.27952984101609,62.17560527205298,63.98474791668654,8375300
2012-11-05,63.11193084716797,63.198627469667805,62.27382674802214,62.27382674802214,4058300
2012-11-06,63.7882080078125,63.97894944788006,63.146626371075335,63.37782771572097,5379400
2012-11-07,62.14091873168945,63.175541550136494,61.7189758577642,63.14085847473729,7627300
2012-11-08,61.1929931640625,62.23339275524487,61.19299316406251,61.97907520707115,6208900
2012-11-09,61.17564392089844,61.666948460944475,60.73636619092189,60.84040658166352,5835100
2012-11-12,61.2276611328125,61.56867968980199,60.97333921926186,61.52821978626427,4001800
2012-11-13,60.85196304321289,61.52822336010879,60.8057218908271,60.903985442096655,4834200
2012-11-14,59.755943298339844,61.219236423523256,59.592708262444546,61.20757423649008,8609400
2012-11-15,59.242923736572266,60.32144485006257,58.68325879845549,59.458625290577395,9774300
2012-11-16,59.69765090942383,59.75011741218226,58.881471210994256,59.20794131123747,8242400
2012-11-19,60.83445739746094,60.83445739746093,60.12904638805326,60.4380275919949,6850900
2012-11-20,60.373931884765625,60.70040654555915,60.00082179913565,60.63627783260808,5283800
2012-11-21,60.68872833251953,60.70039052151729,60.28647176853469,60.60127970632391,3656400
2012-11-23,61.48741912841797,61.48741912841797,60.898603124319834,61.13762907221521,2776400
2012-11-26,61.20758056640625,61.20758056640624,60.77617300580783,61.06766544228652,4354100
2012-11-27,60.26898956298828,61.306706631257285,60.16405208182951,61.21342689341718,6612400
2012-11-28,61.55154037475586,61.574860302056564,59.90752330653757,60.035780682780775,7024200
2012-11-29,61.67399215698242,62.198679618632504,61.43496613918837,61.73228977542728,5756200
2012-11-30,61.61566925048828,62.012099120164656,61.370812236995995,61.85469072236095,6676400
2012-12-03,61.01519012451172,61.83719636376862,60.85195064749484,61.79638760646964,5736400
2012-12-04,60.607112884521484,61.26588425524316,60.595455142944814,60.86362767742856,6665100
2012-12-05,61.31252670288086,61.68563671857766,60.63043537241849,60.85196805429402,6430800
2012-12-06,62.05875015258789,62.08790118109768,61.38248987982109,61.49908509821528,7392300
2012-12-07,62.37354278564453,62.379373879060516,61.878006592991916,62.22196993939761,4947300
2012-12-10,62.35609436035156,62.7816754990759,62.070432867353105,62.43771192977969,5512100
2012-12-11,62.81079864501953,63.096464479216024,62.46683965193134,62.54845719089539,5922700
2012-12-12,63.00900650024414,63.65028897463285,62.92155787923168,63.06147300415865,5968200
2012-12-13,62.90989685058594,63.277175702255484,62.64755100126077,63.277175702255484,4909800
2012-12-14,62.857421875,63.1897230379345,62.612569322905344,62.73499559895267,5889300
2012-12-17,63.35879898071289,63.45207425165535,62.927391400982714,62.94488023629556,6097100
2012-12-18,64.18663024902344,64.36152748084568,63.1489179413589,63.27717531831904,7102700
2012-12-19,64.07587432861328,64.77545444951535,64.06421213949915,64.40234445865799,7623200
2012-12-20,64.3498764038086,64.51894257100854,63.924299886220915,64.12834372669597,5873900
2012-12-21,63.959266662597656,64.30323003321556,63.288833202841175,63.877649140313004,15611700
2012-12-24,63.32964324951172,63.77271298506607,63.242199079446976,63.72024648302723,2284400
2012-12-26,63.23054885864258,63.702765257650235,63.08480261718863,63.6036588809389,4094300
2012-12-27,63.26551055908203,63.46372771027822,62.536779535813004,63.23053289326789,5525700
2012-12-28,62.05875015258789,62.83412125359449,61.97130596270348,62.775823644397384,5277100
2012-12-31,63.04398727416992,63.09645822849002,61.65065370697283,61.65065370697283,6554000
2013-01-02,64.355712890625,64.37320172872785,63.39378676456585,64.2857530903911,6144100
2013-01-03,64.0816879272461,64.66467272523302,63.84266647293839,64.20994529445458,6817000
2013-01-04,64.4198226928711,64.48978247257672,64.07003268998535,64.12249918889867,4414500
2013-01-07,63.98259735107422,64.18081009629604,63.65612720702785,64.14000132829024,4861000
2013-01-08,63.69691848754883,63.94760212156755,63.60363878753215,63.825175851161326,6325400
2013-01-09,63.86017608642578,64.17498851352262,63.661958877740005,63.96511356212473,4558600
2013-01-10,64.40232849121094,64.57139460887332,64.18079143118808,64.2390934666599,5276400
2013-01-11,65.13691711425781,65.34096097816169,64.59474087712884,64.82793132283462,5456300
2013-01-14,65.78985595703125,65.84815356710926,64.91537846239329,64.93286730063444,6373900
2013-01-15,66.1338119506836,66.15130078695009,65.38176085646963,65.44588955466149,5637600
2013-01-16,66.44278717041016,66.65266208204139,65.97639748949149,66.058015016479,6148500
2013-01-17,66.89167022705078,67.54461476054037,66.80422162334277,66.88584358187212,6966000
2013-01-18,67.18318939208984,67.18318939208984,66.49526692198476,67.17736274458822,8538000
2013-01-22,67.57379150390625,67.59128034174192,66.76926938088583,67.10740173845028,5398000
2013-01-23,67.0490951538086,67.56795136331188,67.00245529394222,67.2473078865079,5031800
2013-01-24,67.33477020263672,67.84196877421043,67.2065127858372,67.32893910701236,4895800
2013-01-25,67.74285125732422,67.84778872909737,67.1307197118328,67.34642130260592,4745400
2013-01-28,67.64956665039062,67.96437902231428,67.2822877737239,67.95271683382356,4520500
2013-01-29,68.33168029785156,68.44244888571433,67.77201515802729,67.78950399867442,4370100
2013-01-30,67.88858032226562,68.5007161607025,67.77781623129012,68.2500325108824,5168200
2013-01-31,67.13069915771484,68.15092253565027,67.13069915771484,67.75449270231108,7777900
2013-02-01,67.91769409179688,68.02846256984085,67.07236834789343,67.53292218774014,6415900
2013-02-04,67.15985870361328,67.56211970793268,66.62934475745895,67.05492124369613,6397600
2013-02-05,67.51547241210938,67.84777359060949,67.3405796300585,67.47466365151537,5067800
2013-02-06,67.57379150390625,67.57961815130318,66.95582439750373,67.29395675506818,4459800
2013-02-07,67.05491638183594,67.62624349947642,66.65265985450421,67.62041240550886,5423900
2013-02-08,67.4163818359375,67.49799937622764,66.98497420185781,67.00246303937394,4457200
2013-02-11,67.4163818359375,67.53297705125989,67.04910290463184,67.43970176856645,3766300
2013-02-12,67.91769409179688,68.11590668638217,67.3405406835305,67.46296689450709,4530600
2013-02-13,67.87660217285156,68.05873305817616,67.51234040220235,67.81785070814519,4111000
2013-02-14,67.98236083984375,68.30550063954523,67.60634606334551,67.65922552259198,5226400
2013-02-15,67.5417251586914,67.97649144897308,66.99532792913396,67.85898849996187,6353200
2013-02-19,68.10574340820312,68.30550378880584,67.67685363513394,67.67685363513394,5023300
2013-02-20,67.55934143066406,68.21149302311674,67.47121198905838,68.11161508110678,5447000
2013-02-21,67.55934143066406,67.74147680530238,67.03056926347952,67.44183849682288,4795100
2013-02-22,68.12924194335938,68.28787583909467,67.45946534068743,67.8648580937335,5207200
2013-02-25,66.70742797851562,68.94001489864944,66.68392649736273,68.44649724178642,7522800
2013-02-26,67.5417251586914,67.66510459988822,66.8308220075382,67.25383979589883,6113100
2013-02-27,68.53461456298828,68.7108689168107,67.39481758198663,67.39481758198663,4540600
2013-02-28,68.8283920288086,69.2631582465176,68.3583713463209,68.48762725812747,5953600
2013-03-01,68.68152618408203,68.88128210434314,68.12337594094872,68.58164822395148,5570300
2013-03-04,69.02815246582031,69.21615985474676,68.19974644920521,68.61101121171629,5046700
2013-03-05,69.28666687011719,69.47467426599991,69.13390946019689,69.31016835490877,6356000
2013-03-06,69.60392761230469,69.7860585096291,69.34541577162508,69.50404966747838,5362200
2013-03-07,69.65682983398438,69.85071379032739,69.45119737231062,69.6920843148795,4378700
2013-03-08,69.66266632080078,69.97992957194465,69.32190159004081,69.88592365348029,4992000
2013-03-11,69.75667572021484,69.79780219098305,69.38653300085193,69.69791977701817,4528400
2013-03-12,69.47468566894531,70.09158741923966,69.42181068132327,69.84482402965155,4625000
2013-03-13,69.5392837524414,69.73903959642118,69.36302490456033,69.55103225049075,5393300
2013-03-14,70.50284576416016,70.65560318506857,69.68031166708825,69.75669261876756,7476700
2013-03-15,70.3148422241211,70.4558466683227,69.86245091118444,70.26196275601394,10215600
2013-03-18,69.99169158935547,70.44408731505943,69.73905623774735,69.7860592060581,4828700
2013-03-19,70.18558502197266,70.39121743325047,69.70969222980821,70.14445853971709,5244200
2013-03-20,70.70848846435547,71.01987536129917,70.42060305731613,70.49110752702919,5945300
2013-03-21,70.70259094238281,71.08448219545468,70.39120413805406,70.50283506128496,6168500
2013-03-22,71.19613647460938,71.32539243181613,70.78487159481607,70.89062606139878,5190700
2013-03-25,70.60859680175781,71.41937787520341,70.24433050255472,71.38412788840795,6345300
2013-03-26,71.07862854003906,71.16675352066112,70.69086069549925,70.93761960614239,4256400
2013-03-27,70.61446380615234,70.91997410971551,70.32657401116944,70.79659469005831,4329600
2013-03-28,69.80956268310547,70.93173505069885,69.77431269709099,70.76135264754568,8280100
2013-04-01,70.2737045288086,70.4205854421315,69.77431032000065,69.90943825008587,4322200
2013-04-02,69.91532135009766,70.47346708050071,69.71556544067346,70.40883911393402,4813900
2013-04-03,69.19853210449219,70.06219255379376,68.94589676546144,70.02106607918176,7175000
2013-04-04,69.3689193725586,69.7273091690019,68.84014717432667,69.28666641755028,5409700
2013-04-05,69.04579162597656,69.11629609220977,68.25263543126822,68.52877232095165,5029900
2013-04-08,69.21620178222656,69.25145627068974,68.53467626545503,69.00469278125722,4117400
2013-04-09,69.70378112792969,69.83891349250206,69.11038119363491,69.32188999234496,4849700
2013-04-10,70.29132843017578,70.40295935695241,69.62742832594299,69.85068569704656,5452000
2013-04-11,71.06098937988281,71.17849680878712,70.22083031362992,70.4793421747693,6092300
2013-04-12,70.46759033203125,71.03161251667971,70.20907848314867,70.77310066779714,6391700
2013-04-15,68.48764038085938,69.85657173463635,68.44651389944526,69.80369226856091,9766800
2013-04-16,68.74616241455078,69.03404782699837,68.27614157253551,68.94004186561494,6511400
2013-04-17,67.4535903930664,68.38775534919637,67.048202113191,68.38775534919637,8291200
2013-04-18,67.91184997558594,68.2232412451897,67.33020287349646,67.49470876237434,6451600
2013-04-19,68.09400177001953,68.7108990021818,68.05287528787538,68.36426215017401,7573200
2013-04-22,68.48764038085938,68.79902723763047,68.0881240689294,68.38188593115878,5435700
2013-04-23,69.02228546142578,69.3806707904861,68.09399695022023,68.73439562434365,6745200
2013-04-24,69.49232482910156,69.72733528104095,69.31607035198567,69.35132035091854,4559000
2013-04-25,69.62745666503906,70.50286599607053,69.50407718744013,69.95646860530292,5602800
2013-04-26,70.52635955810547,70.74374498416269,69.72732680807746,69.91533425029282,6012200
2013-04-29,71.27837371826172,71.44287963386988,70.52634411408151,70.76135448600033,5158500
2013-04-30,71.68374633789062,71.68374633789062,70.57332723737251,71.11972429337736,6907400
2013-05-01,70.6614990234375,71.42528190309342,70.53224752787499,71.23727443028682,6082100
2013-05-02,71.70140075683594,71.87178318643349,70.87299009732202,71.09037550386729,5066100
2013-05-03,72.55330657958984,72.80006996107255,71.94815783472252,72.08329026940234,6384300
2013-05-06,72.41229248046875,72.72367930903457,72.09502916010456,72.45341895815764,4668700
2013-05-07,72.28892517089844,72.68844151364286,71.99516328601139,72.47105610514421,4412600
2013-05-08,72.47691345214844,72.61791786455977,72.17727515363107,72.25365609229303,4479800
2013-05-09,72.64142608642578,72.82355698945655,72.24190981215355,72.53567164669343,9237500
2013-05-10,72.40052795410156,72.6825367437052,71.74249997427826,72.48865289932215,10581700
2013-05-13,72.17728424072266,72.3241651628578,71.77776795321704,72.2066622181297,16870100
2013-05-14,73.44047546386719,73.44047546386719,72.21255286568775,72.21842487636022,6965800
2013-05-15,72.8541259765625,73.28055519959666,72.611296467324,73.28055519959666,7950400
2013-05-16,72.7060546875,73.06733472141863,72.55206536519076,72.69420692192311,5549800
2013-05-17,73.09695434570312,73.09695434570312,72.41585233402111,72.69421611851196,6850200
2013-05-20,73.90242767333984,73.93796193586532,72.95480968433561,73.10287513632375,5298200
2013-05-21,74.5894546508789,74.74343946984966,73.88466164296227,73.93796303754466,6699300
2013-05-22,73.99126434326172,75.20540279948985,73.79581687143204,74.57168287574413,9350100
2013-05-23,74.2696304321289,74.5243031862159,73.56483744599538,73.56483744599538,8096100
2013-05-24,74.29923248291016,74.36438163492762,73.63590223487539,73.73658564486661,5593200
2013-05-28,74.8796615600586,75.45415624441968,74.54207250576174,74.85597054519226,6598500
2013-05-29,74.32291412353516,75.05732183211758,73.92017601575049,74.66642696929812,6422400
2013-05-30,74.0978775024414,74.60722303490863,73.74252131012916,74.1689505483435,4353400
2013-05-31,72.70013427734375,74.21040364003564,72.70013427734375,73.8195086921017,7905000
2013-06-03,73.4937515258789,73.51152317234222,72.46321744231564,72.46321744231564,7256900
2013-06-04,72.82453155517578,73.23319376192171,72.33887691874449,72.7416152405607,7675500
2013-06-05,72.00125122070312,72.90741085508711,71.8472619209117,72.45729071955724,7745600
2013-06-06,71.42083740234375,71.95387384478256,70.2777766405003,71.8235755456755,10141500
2013-06-07,72.0782699584961,72.23818319866375,71.15434285921494,71.79398678268632,6089800
2013-06-10,72.66460418701172,72.83636065715059,72.13749152837133,72.81266964210394,5585600
2013-06-11,71.93020629882812,72.70607246426482,71.8176796099264,72.17895973217867,4548000
2013-06-12,71.05363464355469,72.68827814949564,70.84042007675379,72.44544869118425,5489200
2013-06-13,72.05459594726562,72.15527940120624,70.95890764974578,71.01221357857342,4656700
2013-06-14,71.23725128173828,72.06641873689308,71.13064397295268,71.74067292710399,4415300
2013-06-17,71.79398345947266,72.12564865543175,71.237255864599,71.33793929642952,4046900
2013-06-18,71.9716567993164,72.09011187846065,71.58076633463853,71.6814497629617,4544800
2013-06-19,71.36756134033203,72.48101212292923,71.31425993647466,72.13750364355978,4634300
2013-06-20,69.85728454589844,70.87005630237789,69.63222666590266,70.79898325251635,7624100
2013-06-21,70.4377212524414,70.79900144117015,69.44864477708266,70.62132103016893,10692100
2013-06-24,69.18803405761719,69.90467040485979,68.71422273647515,69.7151467801229,6785700
2013-06-25,69.56114959716797,69.80990299801199,69.24725155263049,69.73882995225668,5983100
2013-06-26,69.97572326660156,70.20670497639193,69.2946213834717,70.08824992098768,4820700
2013-06-27,70.30738067626953,70.79895893545593,70.1770823889095,70.19484951562262,4459400
2013-06-28,70.08827209472656,70.8108323461938,69.96982152044659,70.35479266475616,6504400
2013-07-01,70.52654266357422,71.0773463685756,69.88689877674693,70.09418952194115,5053000
2013-07-02,70.56798553466797,71.2668545518745,70.23631589556425,70.53244675847213,4912000
2013-07-03,70.52654266357422,70.65684099443897,70.24817886919942,70.621302210549,3034800
2013-07-05,71.37347412109375,71.58076485706822,70.53838277511198,70.88781960312535,4386200
2013-07-08,71.80583953857422,72.43955966185567,71.65185468070784,71.83545444433324,4964400
2013-07-09,73.00811767578125,73.28648147365018,72.28556200040583,72.48692886437946,6252900
2013-07-10,72.78897857666016,73.76028759990471,72.67644738491627,73.11471986647807,5549600
2013-07-11,73.30424499511719,73.50561636776946,72.55799833981538,73.41085230567447,7235100
2013-07-12,73.47599792480469,73.52930383681185,72.87189287318353,73.15617600855855,5615000
2013-07-15,73.84318542480469,74.11562525161582,73.47598156157335,73.50559645260415,4062000
2013-07-16,73.51153564453125,74.1748659632304,73.17394660202218,73.86096793476042,4002900
2013-07-17,73.64775848388672,74.03272958142999,73.61222421963937,73.82543884232183,3634600
2013-07-18,74.31107330322266,74.41768058577931,73.81949502706706,73.84318603636831,4324100
2013-07-19,75.16395568847656,75.16395568847656,74.13341678679866,74.5006207709298,5929900
2013-07-22,75.2350082397461,75.57852113400567,75.00995040485111,75.04548466336124,4056100
2013-07-23,75.3712387084961,75.60222045138411,75.03956902443717,75.2587075193869,3763300
2013-07-24,74.84412384033203,75.59037044045975,74.5657600767579,75.36531258752265,4527800
2013-07-25,75.6673583984375,75.70881653797633,74.50060209036108,74.70789278805525,4466400
2013-07-26,75.54891204833984,75.58445082818098,74.67828649911279,75.23501402443596,4829900
2013-07-29,74.72567749023438,75.43639443052642,74.55984489307937,75.43639443052642,4028900
2013-07-30,74.49470520019531,75.19357446178954,74.14527282869817,74.74345412755937,4589500
2013-07-31,74.55984497070312,75.16395459651027,74.30517219092155,74.63683738557684,5394300
2013-08-01,74.88557434082031,75.01587264396746,74.41176315093952,74.91518471606388,5757100
2013-08-02,74.00309753417969,74.09193769281123,73.02586934502725,73.95572003236128,7472700
2013-08-05,73.43453979492188,73.88466003106029,73.29832211045037,73.86689289992044,3733700
2013-08-06,72.93109130859375,73.53520065648009,72.8540989291404,73.42266950923518,4677700
2013-08-07,73.04361724853516,73.39304939029377,72.72971935343755,72.8659369780361,3898500
2013-08-08,72.88966369628906,73.56484182525223,72.20264231883496,73.36939433565784,5639200
2013-08-09,72.5520248413086,72.9192285529143,72.06637065168613,72.9192285529143,5739400
2013-08-12,72.13748931884766,72.29739801726575,71.61037667635237,72.25593987185373,6014800
2013-08-13,72.5520248413086,72.98437767140234,71.90053817502422,72.21443600850512,4461000
2013-08-14,72.28556060791016,72.82451654179793,71.98350579916904,72.7060659792246,6884900
2013-08-15,71.80783081054688,72.25569669917815,71.65854218100311,72.06460743559923,4247800
2013-08-16,71.58688354492188,71.77200454758528,71.09124874663603,71.59285636589232,5652500
2013-08-19,70.85835266113281,71.6585374761043,70.77474684262441,71.47342104552104,4308900
2013-08-20,70.63741302490234,71.24054040254006,70.63741302490234,70.81655665826986,4490700
2013-08-21,70.28507232666016,70.76279767765632,69.99844076080373,70.69113750822892,5648600
2013-08-22,70.63741302490234,71.17485303686033,70.12385974191224,70.42840984134304,4028600
2013-08-23,71.37786865234375,71.49730227250784,70.53588327083902,70.87626111543484,4675900
2013-08-26,70.96583557128906,71.61076349724931,70.77474632166312,71.50327550958926,3783400
2013-08-27,70.94790649414062,71.46145959692589,70.50601355311356,70.60752869865979,5185600
2013-08-28,72.73934936523438,73.06778598731469,71.33603795038408,71.33603795038408,7615400
2013-08-29,71.87947845458984,72.59008910923235,71.69435748821645,72.34525816856984,5488800
2013-08-30,71.91531372070312,72.18403141250907,71.70033774488753,71.96905543669347,4696100
2013-09-03,71.9869613647461,72.54231511292598,71.65852463778572,72.45870930939637,4154300
2013-09-04,72.1720962524414,72.41692723859714,71.6227151828909,71.86754616904663,3671200
2013-09-05,72.47663116455078,72.65577475098603,72.20194068727555,72.30345584184816,3337300
2013-09-06,72.381103515625,73.30072208276367,71.06736530881417,72.57219279217799,5690200
2013-09-09,72.9842300415039,73.13351867943663,72.3811026685959,72.3811026685959,4482000
2013-09-10,73.45597839355469,73.45597839355469,72.38109844085115,73.34251757745615,6000800
2013-09-11,73.9993896484375,74.04716310515377,73.32460665704866,73.47986811341275,4995800
2013-09-12,73.98146057128906,74.41738530156559,73.83217196660797,74.07700746512975,4529700
2013-09-13,74.13075256347656,74.54279058912155,73.93369050287009,74.03521022119658,3094000
2013-09-16,74.09492492675781,74.75776672784545,74.03521039320323,74.63236484060278,4277800
2013-09-17,74.25016021728516,74.75774499475449,74.0949033863639,74.10684446723262,5458200
2013-09-18,75.13395690917969,75.4982214115155,73.93964826045266,74.26211214232006,6296900
2013-09-19,74.90707397460938,75.31313928209654,74.79361314348078,75.15787781148815,4440800
2013-09-20,74.59652709960938,75.37880246735502,74.48903912458697,75.03842463910514,10264700
2013-09-23,74.954833984375,75.01455308162572,74.38753900791286,74.41739855653822,5450600
2013-09-24,74.33975982666016,75.14591746225064,74.2919909308373,74.847340222704,6097900
2013-09-25,74.08895111083984,74.66221882592724,74.08895111083984,74.50695739603061,4498900
2013-09-26,73.74259185791016,74.30989124282952,73.46192857512943,74.10685638799667,5022600
2013-09-27,73.23503112792969,73.60526857632591,73.1574026792344,73.58735466939065,4518800
2013-09-30,72.55428314208984,72.8648015262378,71.95712854832779,72.61399769028046,6421800
2013-10-01,72.44678497314453,72.69758877392951,72.16014880372786,72.41692542527268,4702300
2013-10-02,72.1541519165039,72.36315500091656,71.51519702648488,72.2795537671515,5899800
2013-10-03,70.61353302001953,72.05267782486291,70.42244372600798,72.02879109362044,10203700
2013-10-04,70.54185485839844,70.7866903743249,70.1775902726079,70.76280364916668,6538500
2013-10-07,70.38662719726562,70.76283302384026,69.99250290243889,70.12387766738114,5677400
2013-10-08,69.70586395263672,70.51799008114591,69.69391830837617,70.3985609741109,6744200
2013-10-09,69.3475570678711,69.7476540835869,68.86386333457288,69.59836544432916,8861700
2013-10-10,69.496826171875,69.496826171875,68.33834975490844,68.81607053269136,11133000
2013-10-11,70.26717376708984,70.2910604954483,69.22812614109841,69.61030468297865,6535800
2013-10-14,70.81058502197266,70.91210019830764,69.46101451306517,70.06414186199048,4789800
2013-10-15,70.55379486083984,71.10317582779564,70.32687326793408,70.79862580127437,6414700
2013-10-16,71.15693664550781,71.49134172753087,70.667265552649,71.3121935444885,5614200
2013-10-17,71.37190246582031,71.42564873887115,70.86432206174584,71.12109867405559,5254800
2013-10-18,71.44952392578125,71.56895298183039,71.13900109057117,71.42563720338613,6231100
2013-10-21,71.5510482788086,71.77199707242745,71.2464982240209,71.437587471825,4360700
2013-10-22,72.04070281982422,72.13027688649393,71.48534907358355,71.74212563487603,6444900
2013-10-23,71.73616790771484,72.04071797609404,71.56299255730029,71.8317148138445,4961900
2013-10-24,71.99293518066406,72.25568458249694,71.60478845368122,72.05862253112228,4188100
2013-10-25,72.01084899902344,72.38705919773463,71.8197597677148,72.01084899902344,4273300
2013-10-28,72.20195770263672,72.3452735167445,71.7122866055739,71.99294996865036,5497700
2013-10-29,72.55428314208984,72.85883326056833,72.35125276705618,72.45276795457302,4241700
2013-10-30,71.83769989013672,72.82897415274567,71.60480996162319,72.57817031525849,4999100
2013-10-31,71.6346664428711,72.45276989840809,71.55703798373341,71.74812727662689,7752500
2013-11-01,70.4701919555664,71.32412292902681,69.86706473645553,71.08526025805875,9344200
2013-11-04,70.5239486694336,70.8225259326877,70.05816886770559,70.81655311176291,6670300
2013-11-05,70.73297119140625,71.00169353539997,69.90889935953543,70.225390616212,6623300
2013-11-06,72.33930969238281,72.50054398974312,70.9539111679012,71.24054738769277,8373200
2013-11-07,71.60479736328125,72.78118788621131,71.31218838176727,72.61398535730459,10131200
2013-11-08,72.3691635131836,72.38110459992866,71.40774429476919,71.46148601901366,11331000
2013-11-11,72.303466796875,72.55427058944065,72.08251799527541,72.36318133473436,3427600
2013-11-12,71.65853118896484,72.40497422218323,71.43758241099859,72.27359951938853,6914200
2013-11-13,71.7123031616211,71.74813554036626,71.17486759565853,71.40775755582328,6212000
2013-11-14,71.99529266357422,72.21809674997816,71.85077345318989,72.00733861104625,5470900
2013-11-15,72.29638671875,72.42284161905273,71.73636953501875,72.12778018501302,6008000
2013-11-18,72.59745788574219,72.7961746617654,72.3023965055209,72.68778411067844,4788700
2013-11-19,73.50071716308594,73.69341098196185,72.42283453449845,72.591445645925,5891800
2013-11-20,73.46458435058594,73.9162108937248,73.22371594207533,73.5609335516633,4571300
2013-11-21,74.34374237060547,74.42804561565039,73.68135776203144,73.68135776203144,4884300
2013-11-22,74.68699645996094,74.78334567437001,73.71750431234081,74.39193503065411,3887400
2013-11-25,74.51236724853516,74.72914838762766,74.19924148883678,74.5304315777623,3925300
2013-11-26,73.93428802490234,74.48828224449387,73.85600773110689,74.31365732711811,4597500
2013-11-27,73.71747589111328,73.91016965145637,73.24778513741336,73.83791236269124,3906700
2013-11-29,73.72956848144531,74.24743415141165,73.4646126705273,73.96441400687371,3721000
2013-12-02,73.6693344116211,74.10289671579395,73.49470948916941,73.98848775910322,5384000
2013-12-03,73.7777099609375,74.00653701607983,73.38630396611929,73.65125508034016,5410200
2013-12-04,73.32611083984375,73.96441304932043,72.97685634128233,73.52482769545963,4391800
2013-12-05,72.92262268066406,73.4645753851285,72.68777727442651,73.02499024867895,4706800
2013-12-06,73.63922882080078,73.68138045630619,73.25384112641318,73.49470958395136,4179100
2013-12-09,74.27149200439453,74.59666368325597,73.5609372842173,73.6271716205903,7706500
2013-12-10,74.46419525146484,74.63280177867072,73.88610916649712,74.54247554075806,5602700
2013-12-11,73.5248031616211,74.60268577110502,73.34415529385456,74.5605341425412,7309900
2013-12-12,72.85639953613281,73.52480725066292,72.60348975068445,73.33211342448561,7221200
2013-12-13,72.20001983642578,72.94670765312244,71.88688957530061,72.52519144874096,5268100
2013-12-16,72.39271545410156,72.68175383182648,72.1458241037036,72.53723464296402,7304500
2013-12-17,71.50154113769531,72.39877619733456,71.20647963319793,72.33253724409448,6824000
2013-12-18,73.2237319946289,73.32609959757816,71.78454879585455,71.85681071250426,8206400
2013-12-19,74.19923400878906,74.30762456740842,72.89854730535664,73.20565465380868,6540600
2013-12-20,73.93428802490234,74.54247982803194,73.70546552398851,73.95837532934331,9455200
2013-12-23,73.94633483886719,74.42204417604214,73.84396264525014,74.31365819606579,4062400
2013-12-24,74.37385559082031,74.39794288952872,73.88609583179442,73.92824745598851,1587800
2013-12-26,75.15668487548828,75.26507544097352,74.39795551127482,74.42806119413096,3415200
2013-12-27,75.40960693359375,75.66251674740828,75.08443520403918,75.27110607697128,3455300
2013-12-30,74.80743408203125,75.39755694935434,74.6087172700173,75.14464714907302,4688500
2013-12-31,75.21690368652344,75.37346425978708,74.62677626718286,75.07840284720837,3475600
2014-01-02,74.75322723388672,75.19883081641395,74.49429449116491,74.9459210474809,4540300
2014-01-03,74.87968444824219,75.2048561302094,74.58462304197276,75.03022663836498,3506000
2014-01-06,74.68098449707031,75.15068009529509,74.37990004892279,75.02422058419113,4252300
2014-01-07,75.31326293945312,75.46380516205491,74.45818421767916,74.92185224185168,4563300
2014-01-08,74.2413558959961,74.94589194768976,73.91618435040338,74.93385059897052,8282500
2014-01-09,74.2413558959961,74.3196361481239,73.47659931816293,74.3196361481239,5643500
2014-01-10,72.86845397949219,73.97041948575084,72.48306628220912,73.76568428152459,8127500
2014-01-13,71.80863952636719,72.80221910531725,71.6641202803586,72.74802151669903,6504200
2014-01-14,72.00131225585938,72.1097028071029,71.53764437198475,71.89894467806899,6904600
2014-01-15,71.76647186279297,72.30240168316179,71.68819157913991,72.07357921189539,5829300
2014-01-16,71.55572509765625,71.83272221561049,71.17033740361698,71.72433163952546,5041100
2014-01-17,71.83272552490234,72.48908739230053,71.5015308065558,71.67616033130362,7199700
2014-01-21,72.47704315185547,72.79619190727867,71.96520054820407,72.70586566094403,5602300
2014-01-22,72.5191879272461,72.71790473154691,72.24219083375858,72.56736253329174,4977500
2014-01-23,71.29075622558594,72.1699220280804,71.21247594387977,72.16389905435443,6205800
2014-01-24,70.02621459960938,71.14022602912047,70.00815026957041,70.97764246458618,7094900
2014-01-27,70.11051940917969,70.60429768255258,69.77932470391214,70.00815180725472,6179500
2014-01-28,70.3573989868164,70.47181252667846,69.89373104148316,70.28514167253152,4303700
2014-01-29,69.8515853881836,70.38751528785134,69.67695587341109,69.93588865818636,5522100
2014-01-30,70.12252807617188,70.42963533296832,69.3577760143951,70.03822484398174,5538700
2014-01-31,67.22010803222656,68.58703391400398,66.90698224719257,68.58703391400398,15523500
2014-02-03,66.92504119873047,67.7199038444347,66.56374083144371,67.6536649077774,11275300
2014-02-04,66.73837280273438,67.46699653869354,66.53363301072683,67.35860596508569,9717200
2014-02-05,65.94951629638672,66.84072802482478,65.79897411615062,66.84072802482478,10562900
2014-02-06,67.00333404541016,67.05150866185772,66.18438853672298,66.30482048365761,7983300
2014-02-07,67.47299194335938,67.51514356063984,66.47338988473457,67.38868870879845,7071800
2014-02-10,67.25625610351562,67.7259471816257,66.88893265131472,67.7259471816257,9251300
2014-02-11,68.39433288574219,68.56896238771428,67.41279480893981,67.46096941517693,6874700
2014-02-12,68.06019592285156,68.58266142916304,67.92654130937773,68.58266142916304,6422100
2014-02-13,68.35179138183594,68.49151780338937,67.5437920398429,67.87792850006271,5061600
2014-02-14,68.94110870361328,69.15373896565677,67.79289601859425,68.39434186193567,6776400
2014-02-18,68.47330474853516,69.32383027340961,68.4064774450456,69.17195088093172,6106600
2014-02-19,69.01397705078125,69.89488007885079,68.32748404407053,68.37608654941023,7989900
2014-02-20,69.62152862548828,70.06501859309881,68.71025206066516,68.9593365465131,8406900
2014-02-21,68.455078125,69.70656280221797,68.40647560831417,69.69441449054207,9221100
2014-02-24,69.34813690185547,69.86452594926476,68.67986845020864,68.87427390223303,7337900
2014-02-25,69.8462905883789,70.13182456671736,69.4028007557486,69.48178100038997,5976100
2014-02-26,70.17436218261719,70.3869924244327,69.50001724786539,69.755173538044,6113800
2014-02-27,70.28369903564453,70.36267463977521,69.59720131400582,70.26547425276749,4922600
2014-02-28,70.06500244140625,70.9215998046774,69.74909070949724,70.39306248531581,6944600
2014-03-03,69.76732635498047,70.58747890991498,69.41496963222194,69.7369532527556,6046200
2014-03-04,70.05891418457031,70.63605392484635,70.02246461970796,70.40519895573402,5611500
2014-03-05,69.51823425292969,70.02247493778277,69.26307799131408,69.91312159209163,6703700
2014-03-06,69.77337646484375,69.95563354929305,69.46961774742171,69.68832439476479,5179600
2014-03-07,69.91313934326172,70.44167678580695,69.6458300670369,69.90706286834961,5055600
2014-03-10,70.37484741210938,70.435602889472,69.32992087235814,70.13791588237014,6203000
2014-03-11,69.56683349609375,70.61176438685891,69.40280116778082,70.41128249002796,6274300
2014-03-12,70.25941467285156,70.6907516329479,69.33598528180706,69.34206175589057,6812900
2014-03-13,69.53038787841797,70.32016261709904,69.32991059182235,70.22903404956023,5405100
2014-03-14,69.31775665283203,69.8037725827608,69.06260037536558,69.4757125253076,6280000
2014-03-17,69.90705108642578,70.04070570201245,69.33598305073421,69.41496330630353,5894500
2014-03-18,70.61784362792969,70.81224907205716,69.98602477576758,70.24118568711539,6329600
2014-03-19,69.98603057861328,70.92160830448434,69.65797513037819,70.39914276101099,5569600
2014-03-20,70.17436218261719,70.5206470435715,69.4514147254528,69.77339832520082,5280600
2014-03-21,70.24726104736328,71.68707948182403,70.21688794722189,70.6482249031593,14893600
2014-03-24,70.38089752197266,70.891214603701,70.25939588274662,70.47202606888742,5386900
2014-03-25,71.13420867919922,71.19496412594248,70.59959504678339,70.61174799012798,5573000
2014-03-26,71.51091766357422,71.85720261440142,71.2982873665738,71.56559667422738,5971600
2014-03-27,71.4865951538086,71.68100060115464,70.97628259264705,71.53519767439298,5224600
2014-03-28,71.99083709716797,72.0212148317963,71.50482115306387,71.76605391189631,5875100
2014-03-31,72.23991394042969,72.67125084380608,71.98475304738348,72.1670101659892,5482700
2014-04-01,72.29459381103516,72.6651799148154,72.19738877103116,72.38572237729105,5391400
2014-04-02,72.50721740722656,72.62264722292056,72.0029767370792,72.0029767370792,4505600
2014-04-03,72.31890106201172,72.77453929604532,72.22777248820664,72.76846282179383,4446400
2014-04-04,72.17306518554688,72.75020483125617,72.0454824594527,72.75020483125617,5301300
2014-04-07,71.28612518310547,72.18525342468115,71.28612518310547,71.88149457259362,5241300
2014-04-08,71.56556701660156,71.87539762026488,71.18890447872796,71.480514933048,4706100
2014-04-09,72.3553466796875,72.44647524850784,71.43799378754818,71.58380135165733,5376500
2014-04-10,70.89122009277344,71.72351611939604,70.80616801173157,71.20105068728701,8769200
2014-04-11,71.09778594970703,71.52305106244525,70.77580235441437,70.77580235441437,7028800
2014-04-14,72.1123275756836,72.19130781946491,71.28610337991074,71.5898621390922,6817700
2014-04-15,73.08438873291016,73.09046057334459,71.8936498387993,72.11843307967595,7681900
2014-04-16,74.0138931274414,74.19007384192967,73.44890139994213,73.44890139994213,7277000
2014-04-17,75.13777160644531,75.24104847869798,73.9470377513793,73.9470377513793,8604900
2014-04-21,75.47796630859375,75.57517132489764,74.75502369854229,74.75502369854229,6351100
2014-04-22,75.33218383789062,75.54481407495088,75.09525234016755,75.25320821698011,5849200
2014-04-23,75.75139617919922,75.91542394626569,75.44763727834108,75.44763727834108,5596300
2014-04-24,75.51445007324219,75.8911080714163,75.41724501887978,75.84250554423508,5185300
2014-04-25,75.32611083984375,75.75744780778157,75.07703101779144,75.47191841054885,5776300
2014-04-28,76.38318634033203,76.58366361642881,75.48405829468928,75.49013476820471,7687800
2014-04-29,76.52898406982422,77.31875407859464,76.40140594459956,76.49860633929842,6666800
2014-04-30,76.25563049316406,76.5350927536418,76.12805231424659,76.40143809906364,6123500
2014-05-01,75.90325164794922,76.40141590256154,75.50228780070462,76.34066506858277,6379600
2014-05-02,75.76956939697266,76.42568928861816,75.07699994523234,75.27140532405436,5406100
2014-05-05,76.15841674804688,76.45609911349774,75.53874611875004,75.8303566445942,4224400
2014-05-06,75.92147064208984,76.35888402935022,75.64808495755652,75.93969542739383,5600000
2014-05-07,76.68693542480469,77.02106726602352,76.328497692599,76.51682663283127,5436000
2014-05-08,75.9944076538086,76.62622679081962,75.86075761664678,76.36499392296885,5009800
2014-05-09,75.95793151855469,76.58975043475179,75.72100000435476,76.17663824473799,4826100
2014-05-12,76.08549499511719,76.28597689461708,75.71490892694744,76.28597689461708,4914700
2014-05-13,76.45609283447266,76.54114493190221,75.92147898848806,76.28598863961354,4415200
2014-05-14,76.80239868164062,77.02110545906761,76.40143934635313,76.63229444030696,4961400
2014-05-15,75.85882568359375,76.89429618787845,75.69952612490161,76.6921028927417,5939500
2014-05-16,75.47283172607422,76.1896938360422,75.29514711620429,75.9507397993862,6435100
2014-05-19,75.33187866210938,75.61984999848896,75.27060925905232,75.33187866210938,4042300
2014-05-20,75.0561752319336,75.42379637979094,74.89687102052469,75.33188992418748,4044400
2014-05-21,76.07328033447266,76.19581918322359,75.3257812032426,75.36254192295638,4758700
2014-05-22,75.7485122680664,76.22642480006154,75.70562322123351,76.03648358589682,3262700
2014-05-23,75.58920288085938,76.19577779947885,75.56469418950896,76.03647364297858,3808100
2014-05-27,75.26449584960938,75.96910581095679,75.20935477828422,75.82818662342135,4283300
2014-05-28,75.06841278076172,75.55244899075898,75.06841278076172,75.30124304670417,4702900
2014-05-29,74.94589233398438,75.30126148777924,74.53538210868173,75.29513314387057,6255000
2014-05-30,75.2338638305664,75.28900490214902,74.75595584528999,74.89687503348341,5174700
2014-06-02,74.87849426269531,75.38703929019094,74.75595543237294,75.31964153114662,3689800
2014-06-03,75.08682250976562,75.25225041275472,74.57827743739331,74.98878769721124,3563800
2014-06-04,74.96424865722656,75.16644187037774,74.74980343474286,74.94586830595014,3285500
2014-06-05,75.68115234375,75.84045660068435,75.0316879744483,75.0745770427124,4220600
2014-06-06,76.0916519165039,76.4041273471393,75.6933936921697,75.79142382495036,4295400
2014-06-09,76.20191955566406,76.36734740820796,75.90169153968496,75.98134596923505,3657700
2014-06-10,76.7962417602539,76.81462678884455,76.06712789439469,76.57567283728184,5869400
2014-06-11,76.69821166992188,76.8758962165696,76.35509926235714,76.66757463015104,4570900
2014-06-12,77.26805114746094,77.34157726208991,76.84528416881996,77.0352254629721,6815800
2014-06-13,77.97264099121094,77.97264099121094,77.13936393983032,77.16387263834812,5573600
2014-06-16,78.75686645507812,78.92229893943474,77.89908570120875,77.90521404218053,7065300
2014-06-17,78.93457794189453,79.06324041680261,78.16257037055517,78.36476360880813,6720700
2014-06-18,79.82300567626953,79.95780118481663,78.64661616004162,79.0142419740997,7697700
2014-06-19,80.87073516845703,80.87685883753673,79.59631081639621,79.82913177989525,7419900
2014-06-20,81.08515930175781,81.12192000699368,80.19061764398145,80.8462053686136,11348300
2014-06-23,81.477294921875,81.83879703057181,81.13418251622748,81.19545659542678,11006900
2014-06-24,80.73594665527344,81.77141711541344,80.699185939382,81.33026982648855,8581100
2014-06-25,80.40508270263672,81.0974406925399,80.27028717629956,80.47248046580529,6714200
2014-06-26,80.21511840820312,80.39893127603192,79.36346115807014,80.39280760844493,6111400
2014-06-27,79.87202453613281,80.2335173387992,79.22256035531171,80.09872182778581,8674700
2014-06-30,79.98843383789062,80.03745123368256,79.26543893634977,79.74334685893088,5698900
2014-07-01,79.98229217529297,80.52147412161433,79.93328413391039,80.22737912776236,4000500
2014-07-02,79.79237365722656,80.21514056527647,79.64533080163591,79.97618657582827,5136800
2014-07-03,80.38055419921875,80.62563180023547,80.09258287601293,80.533730037132,3514000
2014-07-07,79.93944549560547,80.04360399360202,79.66373072454216,79.9210651341423,3660000
2014-07-08,79.59016418457031,79.88426853412629,79.35734326089452,79.4676253801444,4687600
2014-07-09,80.50310516357422,80.68691806666611,79.64532408129557,79.81688029775131,5200800
2014-07-10,79.80461120605469,80.17836062290353,79.59016129426342,79.94553035857145,4404800
2014-07-11,78.7140121459961,79.58404991400104,78.44442113495828,79.11839866255282,5242700
2014-07-14,79.19805145263672,79.34510365907572,78.65887872725409,78.9162130766872,4135800
2014-07-15,79.19805145263672,79.34510365907572,78.79979791522885,79.08164564029188,4845000
2014-07-16,80.19674682617188,80.22738386567876,79.46150462356576,79.58404343248148,4491800
2014-07-17,79.70047760009766,80.57051550494944,79.57793876192815,80.0435900866179,4953600
2014-07-18,79.8904037475586,80.09872068009882,79.39411544098982,80.04357961250514,4339400
2014-07-21,80.44180297851562,80.47244000984718,79.65754359179651,79.71881765445961,3714000
2014-07-22,81.23222351074219,81.61209665329292,80.6011397130345,80.6011397130345,4391700
2014-07-23,82.02874755859375,82.05937525429808,81.1709570492629,81.30575256717042,4589500
2014-07-24,82.6230697631836,82.77624563641966,81.912331467581,82.12064841139485,5337900
2014-07-25,81.83882904052734,82.47603670751897,81.52634420314412,82.45765634639237,3702000
2014-07-28,81.6365966796875,81.97970905545871,81.42214677027498,81.83265688765202,4625000
2014-07-29,81.13420104980469,81.93071751578523,81.13420104980469,81.42829612909563,4189100
2014-07-30,81.20157623291016,81.9123143802491,80.57049251475394,81.47116720942572,4601800
2014-07-31,79.18580627441406,80.85848426592281,79.10002815559602,80.7114320554717,7973700
2014-08-01,78.3647689819336,79.01423779104495,77.42120514661302,78.27899087640957,7377800
2014-08-04,78.53021240234375,78.64662757199156,77.21902718731036,78.23611731789056,7360000
2014-08-05,76.56340026855469,78.30960365794009,76.33057470815496,78.30960365794009,8066700
2014-08-06,77.03520202636719,77.79495294816243,76.46538766638173,76.52665707265366,5134900
2014-08-07,76.98619842529297,77.64791935052615,76.48378172455449,77.31705888790957,4650700
2014-08-08,78.34028625488281,78.40155568277505,77.14551605003211,77.24354619974817,4730700
2014-08-11,78.24836730957031,78.83656213783102,78.1442088312918,78.52408670299553,3466500
2014-08-12,77.86846923828125,77.9848843747213,77.35992899261082,77.89910627667781,4944100
2014-08-13,78.18096160888672,78.5730961291341,77.73369069484389,78.20547030856196,3518200
2014-08-14,77.788818359375,78.24221753885037,77.52535572645911,78.22996552840215,4524000
2014-08-15,77.9186019897461,78.34496222967044,77.65908041513491,78.11633338672914,5754300
2014-08-18,78.04217529296875,78.22136536678757,77.62817126527356,78.02363399961624,4630000
2014-08-19,78.8639907836914,78.90724437145508,78.19665038880719,78.30169414276362,3887800
2014-08-20,78.77748107910156,78.84545167401772,78.33876478464377,78.62918374214237,3230300
2014-08-21,79.04937744140625,79.20385052210915,78.58594405643301,78.89489964641517,2668100
2014-08-22,78.54268646240234,78.78367143317254,78.14722370450828,78.48707200760802,3236900
2014-08-25,78.99373626708984,79.13586257898768,78.70949778615392,78.82690237921163,2645700
2014-08-26,79.24711608886719,79.53135940625893,79.05556511410583,79.12971144534836,2832400
2014-08-27,79.48808288574219,79.59931178570413,79.2100247786999,79.34596597388946,2767000
2014-08-28,79.55604553222656,79.64872841578592,79.24709001559656,79.26562659230844,2409000
2014-08-29,79.98859405517578,80.03802807710521,79.40158036619916,79.7105359318264,3519000
2014-09-02,78.80838775634766,79.94534671107644,78.51178833337427,79.83411780245952,4744500
2014-09-03,79.00613403320312,79.6364061580256,78.88872938530136,79.37069941352514,3846300
2014-09-04,78.35113525390625,79.3768700198496,77.98038479461381,79.2223922332404,5191200
2014-09-05,78.72185516357422,78.74657216703449,77.95564691345126,78.5673774276623,5035500
2014-09-08,77.98655700683594,78.32022955645961,77.6652453188395,78.27697596933918,4200800
2014-09-09,77.35010528564453,77.7270314025959,76.78162825211653,76.92374515335494,6721600
2014-09-10,76.79399871826172,77.07823728802649,76.00925361415986,76.90522291636864,10941800
2014-09-11,76.51593780517578,76.66423515917742,75.63850511542486,76.17608479153878,6569600
2014-09-12,75.7929916381836,76.41090285109183,75.51492876380182,76.33675180839901,4915600
2014-09-15,76.76927947998047,77.10295206462604,75.42223299276151,75.60142779086493,5437600
2014-09-16,77.21415710449219,77.65905377365122,76.37997820696239,76.6580362680434,6587200
2014-09-17,77.06587982177734,77.54166933570399,76.89904117032465,77.31922094329236,4583500
2014-09-18,76.70748138427734,77.26360230123889,76.52828660468488,77.14619768702272,4683200
2014-09-19,77.11531829833984,77.6714345971926,77.02263067710165,77.20182548768531,10090000
2014-09-22,76.30583190917969,77.18944487220844,76.29347576284421,76.99171353083145,5850500
2014-09-23,76.04013061523438,76.60861235146409,75.91655029369451,76.33054955656881,5620700
2014-09-24,75.63231658935547,76.0463158785405,74.67455253654843,76.0463158785405,8005900
2014-09-25,74.56951904296875,75.76208777138936,74.56951904296875,75.50874193270823,6466300
2014-09-26,75.0576400756836,75.40984911089743,74.16166641467568,74.48916316170448,5500500
2014-09-29,74.48918151855469,74.6065814163668,73.6179246453085,74.59422526922928,6791500
2014-09-30,73.72917175292969,74.46448766487444,73.32135277055673,74.46448766487444,8385700
2014-10-01,72.69723510742188,73.74768199416566,72.53039648591295,73.40783374929543,8027900
2014-10-02,72.36355590820312,72.85170615259175,71.75800106796669,72.53657022990306,8171200
2014-10-03,72.73431396484375,73.01237678440046,71.92485194410617,73.01237678440046,6298300
2014-10-06,72.96910858154297,73.56230729706117,72.46860217425429,72.85788912595602,5409500
2014-10-07,71.69005584716797,73.17922411235966,71.6776996973691,72.5860299219581,7303800
2014-10-08,72.88260650634766,73.06798170717587,71.1524583938621,71.57263809669051,9517400
2014-10-09,70.75699615478516,72.34502737591934,70.59015753010706,72.30794950694242,11489200
2014-10-10,70.3739013671875,71.51086034868635,69.74980977796416,70.8744078963088,9253100
2014-10-13,69.22457885742188,70.80642974379741,69.11335467233063,70.16380635692298,7799100
2014-10-14,67.83429718017578,69.85486963476751,67.41411733597084,69.57680673996626,11541500
2014-10-15,67.5191421508789,67.66126377464637,65.90021812610897,67.08660627730391,15278400
2014-10-16,68.62521362304688,68.78587184863211,66.24007610914848,66.70968992239632,11908400
2014-10-17,69.08247375488281,69.66330707472149,68.4213089622378,69.07011289093339,10895500
2014-10-20,68.89089965820312,69.37904993934299,68.5695879957537,68.91561666520492,8823800
2014-10-21,71.11538696289062,71.16482098282482,69.76834527684088,69.93517920125927,8899700
2014-10-22,70.44186401367188,71.82598353043126,70.38625427862434,71.18335543336396,7211600
2014-10-23,71.79507446289062,72.49331213607526,71.02886149408548,71.67766987435236,7195500
2014-10-24,71.6220703125,71.83833823184062,70.76935006726114,71.7950846479725,5507900
2014-10-27,71.07210540771484,71.28837798125352,70.10816596973855,70.67664283242786,6714600
2014-10-28,72.37593078613281,72.46243796937276,71.15864978931698,71.78273665207834,7272600
2014-10-29,72.3821029663086,73.48816435654739,71.73947488243472,72.91350686808337,6873700
2014-10-30,72.41918182373047,72.45007926563561,71.41198838907887,71.78891455174033,5174400
2014-10-31,74.11845397949219,74.25439521139695,71.91869139569162,73.12979690330592,10669500
2014-11-03,72.15966033935547,74.13079833438685,71.96192896815677,74.0442911541304,10343300
2014-11-04,71.28839874267578,71.69003714927845,70.93618963666502,71.67150057227059,9585800
2014-11-05,72.32649230957031,72.4809700763876,70.97326556367891,72.46242878436819,6603300
2014-11-06,73.24100494384766,73.25336580635756,71.90013893307686,72.23381150652776,6383800
2014-11-07,73.4078369140625,73.98249439704782,73.13595453501519,73.37693947488445,7366600
2014-11-10,72.86406707763672,73.94541137348021,72.48714097451403,73.8898016439803,6114600
2014-11-11,73.18537902832031,73.32749591575593,72.48096087817083,72.8825992494959,3957000
2014-11-12,72.69723510742188,73.35221930403009,72.53039648591295,72.82699586065819,4923900
2014-11-13,71.95577239990234,72.5860445956908,71.45526573182099,72.35123527344872,11019900
2014-11-14,72.5419692993164,72.56067778051035,71.98069107346586,72.15530990861794,4891700
2014-11-17,72.18650817871094,72.43596574604878,71.88715814630407,72.31747233101166,5713700
2014-11-18,72.01187896728516,72.73530057486556,71.87467708705267,72.32369969217476,5672800
2014-11-19,72.63552856445312,72.76649271263595,71.76242948522705,72.32370780458719,4270300
2014-11-20,73.15937805175781,73.259162969067,72.44219418012665,72.44219418012665,5272800
2014-11-21,73.95140075683594,74.15720356744463,73.42130650121275,74.08236488413063,7361600
2014-11-24,73.333984375,73.9513927398939,73.05958541527531,73.67075127639507,5807600
2014-11-25,72.43595886230469,73.47743899210816,72.11166262818186,73.4649682560297,6671400
2014-11-26,71.78734588623047,72.56065971711065,71.73121569861539,72.38604092542853,6715100
2014-11-28,67.89584350585938,69.65451213023734,67.6214397568905,69.59214418146698,11935600
2014-12-01,69.67945098876953,70.15341499485332,67.7773429445978,68.21388999178183,13400100
2014-12-02,71.10757446289062,71.44434131468324,69.1555790294686,69.3925609956907,8548700
2014-12-03,70.91429138183594,71.60653399330594,70.56505358073692,71.5566415194323,8049800
2014-12-04,70.02246856689453,70.52138368226822,69.2304459360965,70.52138368226822,8100700
2014-12-05,69.14313507080078,70.02870486211842,69.0433501465924,69.7168841109778,7663400
2014-12-08,66.60489654541016,68.56312995855744,66.36167680516616,68.53194598857507,13809000
2014-12-09,66.7358627319336,67.44681349600528,66.1870552944004,66.21200151956154,11053000
2014-12-10,65.3950424194336,66.26190364888197,64.27872365994104,66.24319516677981,15073400
2014-12-11,65.42622375488281,66.89801313094033,65.0458021074676,65.46364071757728,10293600
2014-12-12,63.84841537475586,65.076989897149,63.84218238548993,64.70904369416189,12013600
2014-12-15,62.90046691894531,64.80257493896137,62.62606320248243,64.31613068941192,13144200
2014-12-16,63.42433547973633,65.151825012959,62.45769405780929,62.675967620308505,12722200
2014-12-17,66.11845397949219,66.47392935945697,63.617655586233724,63.723673474046436,13354000
2014-12-18,67.9956283569336,67.9956283569336,65.78793699372771,67.35951615438597,13533000
2014-12-19,70.42781829833984,70.44652677767911,67.66508690976823,68.30743674311458,15723300
2014-12-22,69.86656188964844,70.46525720501168,69.2678665742852,70.07236474249413,9433500
2014-12-23,71.06393432617188,71.37575502046487,70.04740057565893,70.32180430919875,8092000
2014-12-24,70.76457977294922,71.18241830616509,69.89148099270322,70.88307314368424,4536500
2014-12-26,70.62741088867188,71.31341569404638,70.35924481153364,71.05148736512284,4380400
2014-12-29,70.67105102539062,71.33210945948794,70.33428406141459,70.74588971449867,6043000
2014-12-30,70.54010009765625,70.876867124697,69.9414047466975,70.427844421976,5659500
2014-12-31,69.9600830078125,70.66479598189576,69.55471520087735,69.62955387166721,6411800
2015-01-02,70.20955657958984,70.47148485038649,69.13065476225124,69.61709433887548,5898800
2015-01-05,67.4031753540039,69.34893381463155,67.00404516936199,69.1992611848926,11758100
2015-01-06,67.37198638916016,67.98939010439523,66.4053449777124,67.272206229388,11591600
2015-01-07,67.31585693359375,68.43217565524701,67.0476909305373,68.13282567773958,10353800
2015-01-08,68.85624694824219,68.87495542833365,67.72745281666033,68.09540370448165,8650800
2015-01-09,67.48424530029297,68.73776603186235,67.14747832354267,68.68787357056446,9584500
2015-01-12,66.03113555908203,67.0227276466035,65.83157054419797,67.0227276466035,8912300
2015-01-13,64.98343658447266,67.14124016851807,64.3535621515757,66.67974207403084,13277700
2015-01-14,64.79633331298828,65.11439171456871,63.5053959865802,64.35978153948452,14116900
2015-01-15,64.02926635742188,65.44493510959927,63.941956935297156,65.11440590326904,9664600
2015-01-16,65.55717468261719,65.56964541500226,63.90452429827448,63.90452429827448,12604600
2015-01-20,66.39909362792969,66.46769455534701,64.74020539475578,65.20793639550703,10406800
2015-01-21,67.45306396484375,67.52166014946812,66.32426966391638,66.59867343444122,8271000
2015-01-22,67.92700958251953,68.05174069792595,66.72338167737952,67.82722944819994,7471100
2015-01-23,66.63607788085938,67.82099740786231,66.56124396332623,67.49046825074171,7984400
2015-01-26,67.90206146240234,68.19517362791157,66.30554129384792,66.86681940248202,7670500
2015-01-27,67.51542663574219,67.85842658822541,67.1225294659069,67.42187946397155,6388700
2015-01-28,64.6778335571289,67.45927296506405,64.49697702341497,67.45303997831901,10526500
2015-01-29,64.23506927490234,65.2516031243315,63.39939201672254,65.00838333975638,13994400
2015-01-30,63.94198226928711,64.40971354084594,61.66568912943245,63.36199530223382,20584700
2015-02-02,66.14342498779297,66.18707970842613,64.21637477383355,64.84625410697575,11537600
2015-02-03,68.30744171142578,68.66915486498036,67.147468327962,67.16617680866202,14266700
2015-02-04,67.57154846191406,68.15153518619435,66.97285325588385,67.65885788208473,10176000
2015-02-05,68.17023468017578,68.66914966509245,67.70874141183171,68.33238276397459,7533300
2015-02-06,68.35735321044922,68.88744759600067,68.04553242388864,68.38853719230832,7655500
2015-02-09,68.86872100830078,69.53601712582477,68.38228147040563,68.50077010270935,6403000
2015-02-10,68.71280670166016,68.98721042847868,67.40939375727825,68.92484248474277,7033700
2015-02-11,68.58808898925781,68.71281537646382,67.5341334127423,67.9644475372144,8662000
2015-02-12,69.8161392211914,69.9357967787284,69.1611793771641,69.45087232273823,6618000
2015-02-13,71.02527618408203,71.06306074885961,69.96726512754746,70.12470722045587,7494400
2015-02-17,70.78595733642578,71.11973376409806,70.23175816164846,70.72927569139138,7097300
2015-02-18,69.55164337158203,70.31366277526533,69.50755976326161,70.06175438282594,6920300
2015-02-19,68.23542022705078,69.01003764396835,67.53637676451015,68.14095398526776,9721100
2015-02-20,68.39286041259766,68.56290060391153,67.70011600051959,68.2858009171793,7610600
2015-02-23,67.92683410644531,68.32988558171763,67.60565081045398,67.88275050148592,6724000
2015-02-24,67.98982238769531,68.16615683966461,67.59936409779655,67.94573877470299,5708400
2015-02-25,68.3802490234375,68.50620077232408,67.86383916540059,68.0905561571974,4806500
2015-02-26,67.42303466796875,67.96463612779013,67.13334164604747,67.94574383577954,5903100
2015-02-27,67.18370056152344,67.84495937682324,67.11442564545385,67.71270376996158,6396500
2015-03-02,66.69248962402344,66.96958451554282,66.08161336892515,66.95699125878167,7343700
2015-03-03,66.2264633178711,66.89401644630956,66.00604048059175,66.6798926398889,6901200
2015-03-04,66.2264633178711,66.52874953254964,65.77302919110053,66.52874953254964,5784900
2015-03-05,65.9556655883789,66.32092771366999,65.70375719508118,66.13200002226142,5156900
2015-03-06,65.21250915527344,65.823380368113,64.97319412708293,65.63445276163455,7213300
2015-03-09,65.46443176269531,66.52244300433343,65.18103786777976,65.24401375501076,7506200
2015-03-10,64.8094711303711,65.84229096629518,64.4442042895621,65.36366561643345,10679000
2015-03-11,65.20622253417969,65.42664051938699,64.51977246053211,65.19362447516686,8440700
2015-03-12,64.50088500976562,65.81710359962973,64.4253158690332,65.6344701682729,5900600
2015-03-13,63.99708938598633,64.13563444745843,63.39251208271,64.13563444745843,8345200
2015-03-16,64.94801330566406,65.03618049720706,63.60660834454414,63.88370797782306,6780200
2015-03-17,64.97322082519531,65.21253595172269,64.29936866188655,64.42532525604642,7097500
2015-03-18,67.19627380371094,67.30963228672205,64.46938079279198,64.62052383522322,11059700
2015-03-19,65.96826934814453,66.3776199518284,65.90529344098249,66.18868742558854,7841900
2015-03-20,67.40411376953125,67.54896262139468,66.19495954648258,66.30831805519037,14064900
2015-03-23,66.7050552368164,67.81974778595699,66.7050552368164,67.70638930307406,6807700
2015-03-24,65.62187194824219,66.87511464952149,65.5966854378942,66.70507447378415,6677800
2015-03-25,66.54762268066406,66.88139914888612,65.70373536891408,65.91156008470375,9169400
2015-03-26,66.28311157226562,67.08291517500932,65.59666645228687,66.93177213290632,7276900
2015-03-27,65.67225646972656,66.11939151493732,65.28809731170352,66.11939151493732,5830300
2015-03-30,67.32225799560547,67.51748470579972,66.10680451925369,66.10680451925369,7172400
2015-03-31,66.11309051513672,66.79953578322377,66.05010982965022,66.5161419175414,7254100
2015-04-01,65.9934310913086,66.89400009384389,65.810797679074,66.61060143151367,7347200
2015-04-02,66.30199432373047,66.55390256086774,65.54627441706864,65.77928557250188,5123900
2015-04-06,67.33484649658203,67.92683042084744,66.26424197437026,66.77435291904439,6724000
2015-04-07,68.35506439208984,68.70143413774937,67.14591018752067,67.36632817198614,8536000
2015-04-08,67.17109680175781,68.59436986174221,67.08292480938799,68.55658529697756,7894800
2015-04-09,67.3537368774414,67.53637031284111,66.86881726291625,67.25927544943482,5760500
2015-04-10,67.32854461669922,67.8008709354048,67.26556393040372,67.68121339714548,5012200
2015-04-13,67.07035064697266,67.95202757886932,67.03256607145299,67.60565295409654,4307200
2015-04-14,68.54401397705078,68.70145613132158,67.54898321367185,67.82607813795623,7262700
2015-04-15,69.53274536132812,69.70907978009977,68.88407974262881,69.01633055670754,6704000
2015-04-16,69.37528228759766,69.86650082153744,68.64474871063514,69.2115411747007,5904200
2015-04-17,68.71402740478516,69.07929421342759,68.17872524991337,68.87146949767398,6548700
2015-04-20,69.4571533203125,70.35142324248376,68.9911260771002,69.00371933026754,7148800
2015-04-21,69.1045150756836,69.74057794352996,68.8400085949097,69.30604084856873,5674900
2015-04-22,68.95964050292969,69.55162434248449,68.77700708849785,69.30601504836103,5643100
2015-04-23,69.25564575195312,69.6838885429299,69.02262966702004,69.27453803902154,6940000
2015-04-24,69.19265747070312,69.29971694808941,68.66364950374737,69.06670090487951,4995000
2015-04-27,69.08560943603516,69.74056931809551,68.98484896443125,69.48866093195647,4858700
2015-04-28,69.9798583984375,70.05542752282311,69.05409818670552,69.30600647907663,5321600
2015-04-29,70.36402893066406,70.52776526335148,69.70277015601651,69.79093735200262,5665800
2015-04-30,69.94207763671875,70.66001323521844,69.55162430001815,70.55925278872371,6666800
2015-05-01,68.6699447631836,69.77833845782104,68.22910401413107,69.45085620941042,10362700
2015-05-04,68.21653747558594,68.90298777739847,68.00871267556215,68.88409068259813,7660100
2015-05-05,68.01499938964844,69.23045281167208,68.01499938964844,68.79591100027298,6463300
2015-05-06,67.98347473144531,68.97850963273062,67.5741292484767,68.7958762796023,5820400
2015-05-07,67.74419403076172,68.14094643659489,67.18999950764923,67.81976797676657,5798300
2015-05-08,68.42436218261719,68.5188284374772,67.63715140003934,68.1976450928545,7078900
2015-05-11,67.61195373535156,68.44954708257562,67.57416915885368,68.42435576332608,6003600
2015-05-12,67.7378921508789,68.01499180315311,67.4481992438431,67.66232301280552,5026500
2015-05-13,67.82606506347656,68.31098949581605,67.57416150900403,68.00240427826058,5517600
2015-05-14,68.29837799072266,68.83368495048254,68.02757739869463,68.02757739869463,9751700
2015-05-15,68.7118148803711,68.902629972372,68.01852942785125,68.19025912854858,5641600
2015-05-18,67.83405303955078,68.38105094092894,67.7895301802585,68.37468914599356,6390600
2015-05-19,66.79730987548828,67.61780686319061,66.78459113614271,67.45243898855554,7927600
2015-05-20,66.94361877441406,67.35704826943758,66.63195863006761,67.05174507003615,6521200
2015-05-21,67.09627532958984,67.59238883714752,66.97543027815288,67.4015785625801,6549300
2015-05-22,66.71463775634766,67.13442901854339,66.695557217635,66.84184458285155,4717200
2015-05-26,65.69696807861328,66.42841945693026,65.46799191057268,66.28848903727996,8010200
2015-05-27,65.58247375488281,66.0086219177242,65.34077886833745,65.63971536513216,5857500
2015-05-28,65.66517639160156,65.77966449732108,65.11817820345614,65.48708486106682,5099900
2015-05-29,65.51252746582031,65.87507232662304,65.30263179571602,65.60157323144693,6673400
2015-06-01,65.27716827392578,65.98953902041782,65.18812253719285,65.811447546952,5412400
2015-06-02,65.2453842163086,65.58248670580114,64.94644280785147,65.28990709505987,5040000
2015-06-03,64.9845962524414,65.75420869620652,64.95279697285861,65.13088846693593,5175700
2015-06-04,64.48847198486328,65.11179696177551,64.2276965846384,64.80649384290192,6896400
2015-06-05,64.61569213867188,65.5761197071392,64.23406680069535,64.35491668456254,6080900
2015-06-08,63.871524810791016,64.48848814642467,63.57258341289598,64.42488472940288,8213900
2015-06-09,63.871524810791016,64.39944239206822,63.74431797674744,64.0496163195039,7157000
2015-06-10,64.76835632324219,65.24538928375439,64.57117939977526,65.20722334712487,7588400
2015-06-11,64.3167495727539,65.00367317561694,64.20226149683856,64.79378241362964,5582900
2015-06-12,63.52169418334961,64.0432498898938,63.36904018194964,63.93511875907826,6475500
2015-06-15,63.152793884277344,63.64254550924237,63.05102453992494,63.254558376000325,6178100
2015-06-16,63.62984085083008,63.89061636134957,62.847504614010596,63.09556137998568,8763700
2015-06-17,63.45174026489258,64.34855963264056,63.29908623634117,64.1323070378041,8231100
2015-06-18,63.763427734375,64.17685741340357,63.69982428820874,63.7697895347812,7168000
2015-06-19,63.26730728149414,63.712536209583554,63.26094548176961,63.426318306187696,10512000
2015-06-22,63.78882598876953,63.839710651580816,63.20366692432531,63.49624645654742,6416100
2015-06-23,63.661624908447266,63.877882335009865,63.31180371191477,63.57894095711326,5697900
2015-06-24,63.140071868896484,64.03689604106907,63.140071868896484,63.59166727996679,7451900
2015-06-25,62.548545837402344,63.3881283236668,62.516746558535125,63.25455485348534,6062800
2015-06-26,62.713924407958984,62.77117087944061,62.211449169974024,62.48494822729167,10015500
2015-06-29,61.499061584472656,62.306834878421476,61.44181513305932,62.01425538405309,8764600
2015-06-30,61.359153747558594,62.11604751596611,61.20014277790186,61.982474031140335,9925400
2015-07-01,61.11746597290039,61.45457337099739,60.774006481292496,61.25103948396314,7295300
2015-07-02,60.9775276184082,61.48635980328572,60.88212006729691,61.289187756250776,6419100
2015-07-06,60.27787399291992,60.78034922059983,60.09342554531533,60.46232729315403,8341600
2015-07-07,60.59589767456055,60.72947115826858,59.47010215396867,60.048904407937975,11774900
2015-07-08,59.50825500488281,60.481401220053854,59.31744478085398,60.16337932737683,7719100
2015-07-09,59.64820098876953,60.55774403342094,59.63548224489822,60.36057196131904,7909000
2015-07-10,60.04891586303711,60.392375349826736,59.832658381492294,60.12523803671011,5631900
2015-07-13,60.16973876953125,60.35419204238176,59.88352101837319,59.98528549668073,5038800
2015-07-14,60.77399826049805,60.926647441967475,60.03618498690747,60.04254678481911,5218600
2015-07-15,59.940765380859375,60.86938873147905,59.71815102499661,60.44960235365627,6490400
2015-07-16,60.09341812133789,60.25242906541648,59.72451156644462,59.966206454497666,6422700
2015-07-17,59.24747848510742,60.036171405685145,59.08846754169738,59.934406925269734,8214200
2015-07-20,59.11392593383789,59.46374719279504,58.89130667048401,59.342902142762306,6018100
2015-07-21,59.72452926635742,59.87717845917576,59.1520887275007,59.1520887275007,7043100
2015-07-22,59.47645568847656,59.998011398022214,59.33652527936913,59.47645568847656,9327500
2015-07-23,59.11392593383789,59.83265384635439,58.961271892801484,59.51463187314051,7360700
2015-07-24,57.62556838989258,59.012144093994564,57.46655743691129,59.012144093994564,11158400
2015-07-27,56.69695281982422,57.301192583367666,56.44253428946861,57.154905203938334,10342700
2015-07-28,58.77046203613281,58.95491536421712,56.88141072546033,56.894129469321555,11536900
2015-07-29,59.31106948852539,59.406477005145106,58.15983205183032,58.50329620008458,9821500
2015-07-30,59.17116165161133,59.667275103868036,58.993070140814524,59.43829891780652,6435700
2015-07-31,56.27716827392578,58.35702976075968,55.978226854588826,58.21073752374989,19063400
2015-08-03,54.445350646972656,55.54570860337105,54.26725915174732,55.51390447095397,14142200
2015-08-04,54.19731903076172,55.27223514933672,53.86021642266298,54.53442163886046,8537200
2015-08-05,53.44676208496094,54.69976920241366,53.344997595858565,54.34358621161141,11254600
2015-08-06,54.18457794189453,54.43263465888115,52.72167512404001,53.14782334526014,9805000
2015-08-07,53.2686653137207,54.2290927575161,53.06513150304507,53.8792667457476,7422000
2015-08-10,54.62981033325195,54.763378970304245,53.35136073199447,53.55489458644985,8342000
2015-08-11,54.5598258972168,54.68703754433493,53.17325048571217,53.66936377790249,9797400
2015-08-12,55.202239990234375,55.40577380477693,54.01283638025296,54.063721047045824,11316300
2015-08-13,54.60436248779297,54.916022609482795,54.349943982225426,54.7188505726669,9562400
2015-08-14,54.69340133666992,54.96690034643997,54.24817264756927,54.55983272993973,7748900
2015-08-17,53.604957580566406,54.429351158602586,53.52766883996051,54.39714628824013,12602500
2015-08-18,53.74020004272461,53.95273544410609,53.34088232156617,53.508338774151646,9093400
2015-08-19,52.1107177734375,53.39883334419087,51.95614036703202,53.37307044312329,13129000
2015-08-20,51.0351676940918,52.35548889980066,51.0351676940918,51.94973402421019,11857200
2015-08-21,48.793861389160156,51.26060110573313,48.76165650653465,50.79688322684207,18383600
2015-08-24,46.449466705322266,48.54909233674233,44.81355872606381,45.43829579884917,24191900
2015-08-25,45.09693908691406,48.317229093267535,44.98100845013443,48.259266231764016,21128000
2015-08-26,47.07419967651367,47.08064163275523,45.695915867191545,46.19184330856157,17400400
2015-08-27,50.004661560058594,50.31381155490464,48.02096178704205,48.30434887283655,21539600
2015-08-28,51.80158615112305,52.29750865877612,49.966021797926686,50.05618952659088,23735400
2015-08-31,52.1622428894043,52.22021064994721,50.184985524597586,51.531068960292004,16880400
2015-09-01,50.3588981628418,51.13176582143452,49.92737555491767,50.72601103773925,17954200
2015-09-02,50.27516555786133,51.363625142696854,49.740601156047106,51.363625142696854,14255900
2015-09-03,50.40398406982422,51.151088848229925,50.03687118005311,50.68736626877738,12282600
2015-09-04,49.379940032958984,49.9982353030136,49.23824644557217,49.7856998357074,11210000
2015-09-08,49.48941421508789,49.953136759920646,49.10298039898479,49.93381580618137,9316500
2015-09-09,48.25283432006836,50.3653442177667,48.1433456163669,49.86942161561836,11297400
2015-09-10,48.72942352294922,48.81959123668077,47.85994141889634,48.774507379815,11475200
2015-09-11,48.81316375732422,49.10942989226739,48.36232014119678,48.909773454621046,11032100
2015-09-14,48.800270080566406,48.94840557528829,48.27858469881588,48.639255588542426,10235500
2015-09-15,49.70195007324219,50.03686295390786,49.08365504021186,49.22534857328025,11678100
2015-09-16,50.893455505371094,51.01582808457152,50.08838309225684,50.12058795429023,12593500
2015-09-17,51.1446533203125,51.82735329707277,50.62296294609227,50.9578758917365,12324300
2015-09-18,50.0690803527832,50.68737560130238,49.573157727976536,50.178573975260946,18635900
2015-09-21,50.294490814208984,50.70669248727613,50.13347630155429,50.42974732895914,8523500
2015-09-22,49.75348663330078,50.03687376064221,49.26400111710372,49.4894204621375,9692300
2015-09-23,49.02568817138672,49.93380723771025,48.79382693875694,49.85008148128294,9043000
2015-09-24,49.52163314819336,49.79213640493058,48.36876841445259,48.59418779506694,10302600
2015-09-25,50.0433235168457,50.33959463275464,49.54095887349701,50.15281715262702,10862600
2015-09-28,48.800270080566406,49.54737968216837,48.78739108326432,49.37348619284231,10567000
2015-09-29,49.10942840576172,49.37349457612841,48.484691284428976,48.97417679914945,8797800
2015-09-30,50.80329895019531,50.893466687173095,49.59247154379856,49.68908123735279,14108800
2015-10-01,50.45551300048828,52.09786324485537,50.11416296794913,51.34431639033228,11111900
2015-10-02,52.5229377746582,52.5229377746582,49.79212800950927,50.069073177218186,13051900
2015-10-05,54.12019348144531,54.22324512106086,53.038175834345196,53.076822656087344,14196800
2015-10-06,56.026615142822266,56.438811951375214,54.14596658957771,54.21681337671402,18897100
2015-10-07,56.7544059753418,57.64964641118762,55.5693364235868,56.83813176592513,17670500
2015-10-08,57.90725326538086,58.05538384376023,56.54829058317569,56.6062534406879,11299100
2015-10-09,57.68829345703125,58.22286294863439,57.10864008744797,58.09404835885246,10011100
2015-10-12,57.15372085571289,57.95235652758487,56.59339339041476,57.87506777792097,7917500
2015-10-13,56.921852111816406,57.282527982863535,56.21983115372646,56.54830215482845,8012500
2015-10-14,57.81064987182617,57.94590146782577,56.49032895113949,56.82524187684851,9734500
2015-10-15,58.428955078125,58.525564781600494,56.96050330937309,57.73981306686779,8960400
2015-10-16,58.79607009887695,59.03437338737122,57.978113482811395,58.96352659656951,7821200
2015-10-19,57.98454666137695,58.313017649565595,57.462861202433224,58.197087001603315,8900400
2015-10-20,57.95879364013672,58.28082272679075,57.572359718906654,57.64320651107246,8221100
2015-10-21,57.533721923828125,58.37099466086391,57.41134928972262,57.60456872107086,7423400
2015-10-22,59.00862503051758,59.13099276991564,57.797792244447145,57.797792244447145,8971700
2015-10-23,58.763851165771484,59.208252762879766,58.02318347518188,58.4482641182894,8134800
2015-10-26,57.17304229736328,58.53200544600631,57.05067458491306,58.525568402143726,8606600
2015-10-27,56.48387908935547,56.65133552877226,55.865584059707444,56.50320495502718,9328800
2015-10-28,57.829959869384766,58.042500157302456,56.6255698182897,56.81234720035932,8236500
2015-10-29,57.894378662109375,58.56419963464588,57.41133511676052,57.527265764195164,6686000
2015-10-30,58.53199005126953,59.24045779173143,57.58522890621824,58.69944650935804,11559300
2015-11-02,61.15974426269531,61.36584261661569,58.27436730781012,58.35809307498102,14277300
2015-11-03,63.207862854003906,63.52989191069388,61.45602399940677,61.45602399940677,17669200
2015-11-04,62.32548904418945,63.1820873435146,61.881092375920424,63.130561525411025,11931300
2015-11-05,60.89567565917969,62.18379144328696,60.75398213672441,61.86176249726014,11184800
2015-11-06,60.56077575683594,60.586538667681076,59.09876619122715,60.35467738384763,9634200
2015-11-09,59.45943832397461,60.8312801863933,59.31774476833294,60.20654801234957,7659100
2015-11-10,60.045528411865234,60.21942190664806,59.150283287448644,59.31773974026461,6823100
2015-11-11,59.375709533691406,60.35467554715103,59.16316921101658,60.14857718043466,6085300
2015-11-12,57.875038146972656,58.70587335383525,57.48216246976387,58.44824923396158,8951300
2015-11-13,57.11506652832031,57.945901980038705,56.79947946819827,57.688277784240526,7676600
2015-11-16,59.61846923828125,59.6315105082883,57.23242912707011,57.23242912707011,10101100
2015-11-17,59.34463882446289,60.30296786636096,59.12950271836633,59.5010991862671,7575800
2015-11-18,60.11391067504883,60.465950227404946,59.344640165926656,59.61193138992837,6886900
2015-11-19,59.21426010131836,60.218223691872055,58.95348949780814,59.996566938063424,6096700
2015-11-20,58.02775955200195,59.52718184316576,57.89737176117098,59.09039393489971,8561400
2015-11-23,58.67969512939453,58.96002271760048,57.44103822862904,57.79307787245418,6889600
2015-11-24,59.55324935913086,60.172580070125264,58.54277026295811,58.7970201949734,8549000
2015-11-25,59.240360260009766,59.5337241922649,58.77749462473807,59.136049989295735,5419300
2015-11-27,58.91438293457031,59.22078308477055,58.705767420717926,58.83615025170585,2547800
2015-11-30,59.53369903564453,59.95092999462017,58.960007710499376,59.09039052000975,12179400
2015-12-01,60.28993225097656,60.40075813458889,59.305525642114354,59.305525642114354,6975500
2015-12-02,58.83616256713867,60.42685930183999,58.692738438759086,60.36818353396323,11830700
2015-12-03,57.92344665527344,59.59889114355419,57.604005286554454,59.201217103934766,10996800
2015-12-04,58.484100341796875,58.55581237834926,56.38490430552242,57.304119515629125,13170200
2015-12-07,56.899925231933594,57.33019745411577,55.34834792137327,57.0303130146185,15378900
2015-12-08,56.352333068847656,57.36933329473328,54.92461738728726,55.94161761317289,13397500
2015-12-09,57.108558654785156,58.764446711797554,56.26106018307094,56.50226895270498,14675800
2015-12-10,58.216819763183594,58.97304907622659,57.11506652501558,57.369316507087305,14534800
2015-12-11,56.352333068847656,57.31066250037246,56.1241556051229,57.271543663677996,13186900
2015-12-14,58.236392974853516,58.405889694444284,55.68085117312881,56.26106334306663,12430700
2015-12-15,60.472469329833984,60.88970027604276,59.03171794155286,59.05127486500246,19158500
2015-12-16,60.91578674316406,61.16351609940752,59.20122325441256,60.355131644594074,16917900
2015-12-17,59.02522277832031,61.28088010887771,58.933953780316465,60.954917980639,14082500
2015-12-18,58.549312591552734,59.50112135565386,58.216834820564806,58.71229364651088,20167200
2015-12-21,58.177703857421875,59.12951242310811,57.506222846777796,58.93393818220017,12852300
2015-12-22,58.84916687011719,59.188170075403974,57.56488099552714,58.099458381909066,9661700
2015-12-23,61.156986236572266,61.18306379231283,59.69667793159721,60.107388243494356,11172800
2015-12-24,60.00960159301758,61.24825311911348,59.983524038160766,61.24825311911348,4998700
2015-12-28,58.90785217285156,59.14254520730797,58.47106429297421,58.8752539838161,6800000
2015-12-29,59.488075256347656,60.35513551954614,59.3707287171645,59.905306290379684,6471200
2015-12-30,58.7318229675293,59.312039826305046,58.601440174370424,58.73834359932266,5600200
2015-12-31,58.647090911865234,59.23382359134731,58.03428067176328,58.26897374355611,6988700
2016-01-04,57.92344665527344,58.74487229147908,57.08898472747708,58.36675517613842,11397300
2016-01-05,58.41893005371094,58.44500761950002,57.26502139303272,58.05385408023797,7883400
2016-01-06,56.11109924316406,57.22588870145117,55.517850981474815,57.00423692585763,14511400
2016-01-07,54.12274169921875,55.90249684857839,53.89456923745127,55.12018984429369,15368800
2016-01-08,53.542510986328125,54.65730031822692,52.949262791897894,54.363936537016414,11891600
2016-01-11,52.65592575073242,54.090162255696484,52.00400142314545,54.011929545822404,14366400
2016-01-12,53.55557632446289,53.71855738146139,51.951843320452156,53.588169551590305,13477500
2016-01-13,53.02097702026367,54.924593795490956,52.16043758942222,54.21399906436674,15550100
2016-01-14,55.71996307373047,56.17630803161881,52.77326285660655,53.42518706718248,16433400
2016-01-15,54.546470642089844,54.637739588719306,52.721086735715964,53.223065942178025,17870300
2016-01-19,53.13832092285156,55.2505530632285,52.66893489748227,54.87243599014936,13155600
2016-01-20,51.488956451416016,52.3560115364916,49.10943300718104,52.140880410177104,26151100
2016-01-21,52.83843994140625,53.22959333000683,50.863106127470694,51.37161100381516,16107800
2016-01-22,54.46173095703125,55.5374065399412,53.27522948905039,55.0614998367171,15724600
2016-01-25,52.734127044677734,54.95066943274383,52.675456277565736,53.646821554326706,12370300
2016-01-26,54.83985137939453,55.087580721068456,53.03401902487505,53.438213715403116,12191400
2016-01-27,54.29874038696289,56.13064489224471,53.692450981566544,54.729007560007524,12380600
2016-01-28,56.013309478759766,56.515293749389215,54.566037387645906,55.902483591296026,13017400
2016-01-29,56.37188720703125,56.52834762469464,54.07711120362897,54.794231813309054,20248900
2016-02-01,55.602622985839844,56.12415943070539,54.91810049558106,55.51135398364369,10958300
2016-02-02,52.96229934692383,54.135764425202574,52.77976144003267,53.920628331887315,13326200
2016-02-03,55.16582107543945,55.17233673554289,52.05614022359984,53.71202809277264,13964100
2016-02-04,55.276634216308594,56.18932877241999,54.65078779966269,55.14624643755828,12825000
2016-02-05,54.031463623046875,54.9506789235093,53.627273894150605,54.722506500134664,15090100
2016-02-08,56.05894088745117,56.521806310121065,52.87103306637802,53.301305274760985,17712800
2016-02-09,54.05754089355469,55.92856470281565,53.56859785730954,55.465699225357874,12605600
2016-02-10,54.13576889038086,54.69642392138139,53.131805345886555,53.95974662722807,12110300
2016-02-11,54.10319137573242,54.53998439734372,52.57117040391892,53.19701707851471,12741400
2016-02-12,55.69388198852539,55.79167160868875,54.240088902356455,54.63124738300988,9835100
2016-02-16,55.990962982177734,56.373876105477166,55.00067354825525,56.268247851699144,10631500
2016-02-17,58.30160903930664,58.53268048730436,56.12957470096609,56.38705445835983,12710500
2016-02-18,57.2585334777832,58.92221739990984,57.17930851506396,58.592120943887934,9517800
2016-02-19,57.106693267822266,57.1331015916772,55.98436720678758,56.99446166909335,9783300
2016-02-22,58.63834762573242,59.3117423334414,57.10669992179054,57.10669992179054,10299900
2016-02-23,56.0569953918457,58.41388442506283,55.918350416179976,58.35446443022418,10655800
2016-02-24,56.294654846191406,56.43989811196829,54.730000661112605,55.013883852347554,9775200
2016-02-25,56.31446075439453,56.58513724522383,55.28455632540744,56.558728922750056,9452600
2016-02-26,55.687259674072266,57.50278980891491,55.641046381205655,57.416966561268694,9369900
2016-02-29,55.08649826049805,56.2484341605765,54.84222506946736,56.07678762978195,11549600
2016-03-01,56.862422943115234,57.12650115822879,55.04029383626504,55.53543860077558,11614700
2016-03-02,57.52920913696289,57.55561745749492,55.72028199393201,56.38047489661634,9637600
2016-03-03,57.786685943603516,57.813094265039275,56.809603234841916,57.436784499106224,8526100
2016-03-04,58.050777435302734,58.50631227002207,57.238737734743054,57.714077555863504,9328600
2016-03-07,59.859683990478516,59.919103965645384,57.799885539631674,58.05736034598753,12784300
2016-03-08,58.58551788330078,60.13037192401008,58.31484140724798,59.6682338612564,10508400
2016-03-09,61.279109954833984,62.48066093289455,59.06746456031628,59.219306119499066,19323100
2016-03-10,62.01851272583008,62.02511102722761,60.75093873239444,61.25929000479672,12090900
2016-03-11,62.44103240966797,63.47093150280979,61.648798076052614,62.6853005071141,14098800
2016-03-14,62.229766845703125,62.606076492500804,61.457337539648364,61.77423225967989,6898900
2016-03-15,62.236385345458984,62.32221365002703,60.90279784199893,61.496972486856315,7006300
2016-03-16,62.9824104309082,63.47095181904733,61.87328603832704,62.53347900922362,9969200
2016-03-17,63.96609878540039,64.52726182292311,62.909791002380075,63.54357567219227,10679400
2016-03-18,64.49423217773438,64.63947539047687,63.28607822105379,64.5998603999019,14436300
2016-03-21,63.66899871826172,64.39520983051732,63.319097321066764,64.05190673513508,8040100
2016-03-22,63.048431396484375,63.979305942655,62.92959645520457,63.21347964621339,7567100
2016-03-23,61.78744888305664,62.59288499814433,61.42434582316873,62.53347005696831,10302800
2016-03-24,62.619300842285156,62.678720827473306,60.902800164798144,61.09425672638048,8159100
2016-03-28,62.50705337524414,62.771131497843434,62.0581220778867,62.65229659451732,5054000
2016-03-29,62.929588317871094,62.975801620344534,61.35833099690208,61.919493966043,6616600
2016-03-30,62.883392333984375,63.834072003116596,62.823977373100405,63.60960373151656,6182900
2016-03-31,62.9824104309082,63.51056178550188,62.68532057188116,62.84377051144463,5943900
2016-04-01,62.229766845703125,62.57306484193914,61.609184080613005,61.85345719890545,7555900
2016-04-04,61.681819915771484,62.375024442561454,61.42434509996307,62.348616123392404,6552000
2016-04-05,61.1800651550293,61.62899645748005,61.021620294420586,61.39792998641083,6662000
2016-04-06,62.612693786621094,62.71832707096561,61.27910631144119,61.496971182747565,6836400
2016-04-07,62.579689025878906,62.73813392024025,62.11095264560866,62.30240920152846,6817700
2016-04-08,63.59638214111328,63.95288690523296,63.22007239624341,63.543565501198074,7108500
2016-04-11,62.876747131347656,64.23674742743835,62.817332210020275,63.95286438395473,6644200
2016-04-12,64.37541198730469,64.6592951397395,63.002209527300415,63.17386109401899,8783400
2016-04-13,64.43482208251953,64.63948529404591,64.05851235406367,64.56686367654812,6406800
2016-04-14,64.68571472167969,64.87716626623265,64.2763932334372,64.46784981486321,6162200
2016-04-15,64.19056701660156,64.56687682167005,64.01231208759012,64.50745683304197,6551600
2016-04-18,65.16104125976562,65.20065626129754,63.06162750598114,64.190561867501,7770200
2016-04-19,66.3493881225586,66.36919310415831,64.80453911531411,65.35909874759504,10584800
2016-04-20,67.13501739501953,67.69618035082476,65.91365650448382,66.07210642651775,10150500
2016-04-21,66.94356536865234,67.86783649541331,66.75210881092617,67.1020102645086,8278600
2016-04-22,67.34626770019531,67.66976075592407,67.0095679680614,67.1680128268245,5754000
2016-04-25,67.01618194580078,67.18782847134851,66.56725057730665,66.98977362566913,6612100
2016-04-26,67.53113555908203,67.986670293559,67.14822245001073,67.37269066586617,5650700
2016-04-27,68.56103515625,68.62045513945566,67.59055073782729,67.9338538839942,8383600
2016-04-28,67.603759765625,68.83171906789458,67.37269323818127,68.08569780331156,7598000
2016-04-29,67.45850372314453,67.7555884825665,66.42200117917977,66.77190257397012,8826900
2016-05-02,68.20452880859375,68.56103358906152,67.2076411280583,67.2274461097167,6844500
2016-05-03,66.8907470703125,67.57074497828917,66.71249719649109,67.51133003263946,7033600
2016-05-04,66.40879821777344,67.53773245523765,66.276761658836,66.71908967183549,7444100
2016-05-05,66.9567642211914,67.73579206225857,66.58705780064165,67.24064737607704,6474300
2016-05-06,67.24724578857422,67.80180537876818,66.5738462440566,66.5738462440566,5966800
2016-05-09,66.25037384033203,67.20765681790375,65.41193085419872,67.08882186333877,9342100
2016-05-10,66.85775756835938,66.8709642519069,66.28999609766466,66.44183770034351,6698100
2016-05-11,66.77191925048828,67.16803404093913,66.11832959440073,66.83793754275129,6850700
2016-05-12,67.41890716552734,67.6169620322177,66.7323058798811,67.43871214850913,6532400
2016-05-13,66.5078125,67.36606504168316,66.25694108232324,67.09538361164422,5665200
2016-05-16,67.53113555908203,67.73579375602219,66.94356425307058,67.2538557367362,6779400
2016-05-17,67.21753692626953,68.17159249269862,66.94399413423238,67.43103162903124,7028000
2016-05-18,66.75719451904297,67.56447161499436,66.34355134845718,67.3176213590295,5927500
2016-05-19,66.61710357666016,66.77055533115163,65.72976385617453,66.22347465576141,6241100
2016-05-20,66.57707977294922,66.98405501019069,66.37692618114882,66.91733884296298,4707100
2016-05-23,66.30352783203125,66.80390665320608,66.09670621478297,66.1700955157646,4231200
2016-05-24,66.84394836425781,67.22423610994137,66.46366061857425,66.67715540404367,4383300
2016-05-25,67.8980712890625,68.03818184521538,67.26426012031138,67.26426012031138,5428200
2016-05-26,67.71795654296875,68.2983980029225,67.36435620499583,67.95146571992085,4147200
2016-05-27,68.06488037109375,68.12492849369487,67.297636697625,67.63789072859845,5008900
2016-05-31,67.38434600830078,68.2383250244824,67.09746195535385,68.15159453037899,8141800
2016-06-01,67.4710922241211,67.63788519865032,66.64380049568905,66.87730964200645,4815200
2016-06-02,67.07079315185547,67.09748063980729,66.53038551865517,66.98406263360044,6714100
2016-06-03,67.15753173828125,67.4777714276682,66.71719580272656,67.15085859346792,4957800
2016-06-06,67.49774932861328,68.0781904511478,67.33095642916126,67.61116727861297,5948200
2016-06-07,68.93220520019531,69.18572870702349,67.79134178429153,67.94478848127875,9807000
2016-06-08,68.77873992919922,69.43924369058875,68.49852898867354,69.085643443242,6318100
2016-06-09,68.5919418334961,68.80543663920903,68.07154856270317,68.0782217069773,4247500
2016-06-10,68.03816223144531,68.69866069238556,67.55779786344681,68.3650748912883,8108400
2016-06-13,68.11825561523438,68.78542757050624,67.63789099301974,67.71795346009486,6360100
2016-06-14,67.57115173339844,68.08487681393684,67.06409979536629,67.8913964021862,6924000
2016-06-15,67.13749694824219,67.81134189696188,66.8839734946199,67.13749694824219,5627000
2016-06-16,67.43106079101562,67.55782507532939,65.89656345183592,66.69717275101911,8043000
2016-06-17,67.76465606689453,67.87807407895708,66.98406609194433,67.67792554416165,8762200
2016-06-20,68.45849609375,68.98556240568833,68.45182295078158,68.63863023296393,6627000
2016-06-21,68.8788070678711,69.01891251850185,68.23164968392217,68.51186567529996,4938700
2016-06-22,68.24500274658203,69.08564062397103,68.17828658586284,69.05227999855303,4866400
2016-06-23,69.67945098876953,69.68611904442783,68.7654234418198,69.01894699004319,5593600
2016-06-24,67.98479461669922,68.7253555822454,67.49775705489873,67.69123745122408,11481400
2016-06-27,66.95735931396484,67.65121856629963,66.39693237972202,67.55114178267233,8248700
2016-06-28,67.80467224121094,68.05152765436011,67.14417354509261,67.53113443377494,7171100
2016-06-29,68.99890899658203,69.8395469222494,68.25167980942622,68.39845333539105,8887500
2016-06-30,69.93962860107422,70.05304659774716,68.90551016287003,69.0923174727119,7649700
2016-07-01,69.4859619140625,69.9729946032421,69.23910645193648,69.90627842405398,6117800
2016-07-05,69.0989990234375,69.29915264554354,68.61863440247743,69.05229719029516,7766600
2016-07-06,69.77284240722656,69.78618360631738,68.3584360680575,68.89217565381283,6166900
2016-07-07,68.75205993652344,70.05304298447395,68.1449311207351,69.97965367509036,7707400
2016-07-08,69.89956665039062,70.03300402514334,68.71867515199258,69.30578433055837,9043600
2016-07-11,70.3132095336914,70.7201845880583,69.91958076084326,69.92624881148764,7206100
2016-07-12,71.2405776977539,71.58750975618169,70.84027578351147,70.92033820240596,8377200
2016-07-13,71.15386962890625,71.5208110449346,70.6268033246783,71.24060012576024,5959900
2016-07-14,71.18721771240234,71.77433206078548,71.00708359467684,71.52080355939601,4750900
2016-07-15,71.40739440917969,71.74765344035495,70.9804048795199,71.60754797813378,6164300
2016-07-18,70.78026580810547,71.22060171394939,70.73356397779939,71.16722673928024,4931500
2016-07-19,70.74691009521484,70.90035678436993,70.48671345697994,70.70688140936878,4630800
2016-07-20,70.4466781616211,70.80695159681852,70.05304918564393,70.67351925346433,6802000
2016-07-21,70.3132095336914,70.62010783712768,69.96628256592889,70.31988267445078,5701000
2016-07-22,70.49337768554688,70.7202136634754,70.18647416581743,70.50671888243564,5255400
2016-07-25,68.76538848876953,70.12641939872428,68.5719080805287,69.95962646990802,7784000
2016-07-26,68.50518798828125,68.825432632847,68.10488600016103,68.43179869661235,6101100
2016-07-27,68.22499084472656,68.93219133582521,67.91809242236079,68.50520178382787,5412200
2016-07-28,67.91142272949219,68.19830682651501,67.37101516375137,68.1115712289694,8226200
2016-07-29,68.37177276611328,68.49186390155602,66.61710755991568,67.07078461713077,10157600
2016-08-01,66.1234130859375,68.11825581275163,65.79650025213942,67.60453564535464,11550600
2016-08-02,66.44363403320312,66.76387872198288,65.3227903477656,66.39693221297657,9752700
2016-08-03,67.12416076660156,67.1441751078411,66.24349412124097,66.48367639634998,6611700
2016-08-04,66.97738647460938,67.43773671335293,66.71718984143719,66.90399715857438,6088100
2016-08-05,67.05741882324219,67.43103328974789,66.53035264935575,67.37765834021411,6710500
2016-08-08,67.51780700683594,67.83805181902355,67.19756728476695,67.37770149216593,5447500
2016-08-09,67.59783172607422,68.05150865403911,67.23088528061888,67.95143188799531,4957300
2016-08-10,66.81058502197266,67.92476072931136,66.67715269526893,67.81801588597179,5081300
2016-08-11,67.6512222290039,67.9581206493245,66.97737727888862,67.15084337389311,4836600
2016-08-12,68.15828704833984,68.27170505520473,67.55783129123468,67.87807096827883,5199000
2016-08-15,68.56524658203125,68.75872702312931,68.33173746005673,68.45850173632165,4886300
2016-08-16,68.46517181396484,68.67199344272122,68.27169138153084,68.56524351167478,5384300
2016-08-17,68.9168930053711,68.97083037149503,68.10784794476317,68.4314669977564,5311600
2016-08-18,69.81356048583984,69.8472674712605,68.80899664657807,69.19329125786486,6944400
2016-08-19,68.98430633544922,69.5304079761808,68.8494680752377,69.48995752686731,5057200
2016-08-22,68.72811126708984,69.03824337914828,68.25616707102273,68.60001131985379,5494900
2016-08-23,68.55282592773438,68.88318330538128,68.43146942153238,68.78879548319645,4929700
2016-08-24,68.90341186523438,68.9640926931457,68.2831475340896,68.36405359005444,5178300
2016-08-25,68.69439697265625,68.96407862711689,68.45168399801665,68.96407862711689,4490100
2016-08-26,68.31008911132812,69.09216524404455,67.99995706882811,68.84270886162665,4776200
2016-08-29,68.80227661132812,68.92363310732496,68.09436286072157,68.25616980746733,4026900
2016-08-30,68.56627655029297,69.19328402354778,68.3437940097818,68.80225114230949,3712800
2016-08-31,67.81119537353516,68.31684655273854,67.36621986683629,68.22919705634342,6249100
2016-09-01,67.5617446899414,67.81120114466185,67.06283692425072,67.65613250659233,6045000
2016-09-02,68.04717254638672,68.40449859686865,67.59545867667373,68.02020386321351,4676600
2016-09-06,69.0584716796875,69.17982817622446,68.07413793833213,68.23594488579805,5429000
2016-09-07,69.36184692382812,69.47646508552545,68.93035838493566,69.27420258252936,5284300
2016-09-08,70.19786834716797,70.35293182561884,69.08543474333698,69.67198680910718,5788800
2016-09-09,68.27638244628906,69.71917836327623,68.2494189132605,69.67872277623509,7808700
2016-09-12,68.93710327148438,69.13936577868036,67.8044445474352,68.22918964004768,8149100
2016-09-13,67.03585815429688,68.53258636989233,66.86056431671602,68.53258636989233,9300400
2016-09-14,66.35490417480469,67.38643155010031,66.1863538156061,66.82684826681002,8201400
2016-09-15,67.08303833007812,67.68307715590258,66.36164304825839,66.40883693982609,6701600
2016-09-16,65.9638900756836,66.61786653000364,65.75488920033412,66.29425260325289,12725600
2016-09-19,66.09870147705078,66.64480292873027,66.06498935179357,66.2942204872967,6182000
2016-09-20,65.86949157714844,66.39537312445943,65.85600980894806,66.18636713923013,5771900
2016-09-21,67.17071533203125,67.21117093287357,66.24031881267229,66.30773795574162,6361600
2016-09-22,67.40667724609375,67.92581020725656,67.3122842912233,67.7707415782729,5416700
2016-09-23,66.89427947998047,67.79096878758848,66.65830996317565,66.97518037502802,7396800
2016-09-26,66.59764862060547,67.60895125439174,66.51674770190333,67.07633125001416,5781800
2016-09-27,66.73248291015625,67.19094024704282,65.93018128466713,66.23356997571318,6476100
2016-09-28,68.86968994140625,68.95733429189471,66.57740362334617,67.0965365579695,10190900
2016-09-29,68.27638244628906,68.95058393448437,67.74376779711402,68.76855179592125,8148400
2016-09-30,69.38883209228516,69.84728941678968,68.24943480960138,68.65395476798766,9431500
2016-10-03,69.07194519042969,69.32814506568181,68.70788088809682,69.13936945891678,4334700
2016-10-04,68.27638244628906,69.38881593056115,67.93254339080885,69.24723423529002,6505400
2016-10-05,68.92362976074219,69.35511836028,68.6000107392139,68.76181767810311,5912800
2016-10-06,68.88993835449219,69.24052101820719,68.32360618233548,68.98432619255973,4362900
2016-10-07,68.95057678222656,69.75962157038803,68.89664457801469,69.1056453716758,5844500
2016-10-10,70.10346984863281,70.40011499232968,69.58433184560269,69.58433184560269,5982700
2016-10-11,69.46974182128906,70.18439395708508,69.22702880465067,69.96864962493436,5337300
2016-10-12,68.86968994140625,69.32814720501827,68.49887702828269,69.2674663902573,4935100
2016-10-13,67.95276641845703,68.57977398798438,67.15720848232287,68.42470538745656,7883000
2016-10-14,68.1482925415039,68.74158804185305,67.83141699636022,68.41797418484425,5114700
2016-10-17,68.33708190917969,68.42472627481996,67.83817411197639,68.05391844134137,4540800
2016-10-18,68.62698364257812,68.93711577109539,68.17526979085191,68.76182190932471,4720900
2016-10-19,68.95057678222656,69.91468501608867,68.93035156267854,69.08542015212778,5905700
2016-10-20,68.68092346191406,68.91689300903086,67.88536531467005,68.52585482023711,4820900
2016-10-21,68.29664611816406,68.47193488707919,67.8449269915323,68.13483397858627,5622400
2016-10-24,67.8651351928711,68.48539942733555,67.46061011985083,68.47191251490156,6077300
2016-10-25,67.93930053710938,68.54608307345426,67.77075011833305,67.92581876685753,4730700
2016-10-26,68.22245025634766,68.4516762934012,67.33250449742069,67.63589310969725,6353700
2016-10-27,67.3662338256836,68.75509285009528,67.3662338256836,68.43821722246858,9897800
2016-10-28,69.99559783935547,70.81138101746849,68.06063772918301,68.17525589067341,17435400
2016-10-31,70.62262725830078,71.10130984251508,69.96865079386343,69.99561947880164,12340800
2016-11-01,71.78899383544922,71.96428256065643,71.09456181635775,71.1350174130405,12755600
2016-11-02,71.05409240722656,71.4990678457712,70.28550314405766,71.2293862294183,8405200
2016-11-03,71.05409240722656,71.59345563993236,70.75744211486348,71.14848020138773,5703200
2016-11-04,70.64283752441406,71.1215200072468,70.37315587589924,70.95971307563775,7085400
2016-11-07,72.0384292602539,72.12607874727045,71.31703386086365,71.46535901389235,7333800
2016-11-08,72.33507537841797,72.94185772215565,71.74851825551339,71.84964950342783,8050000
2016-11-09,72.57108306884766,72.98909004655343,71.25639158503768,71.49236119190721,9161800
2016-11-10,72.67219543457031,73.15087798199508,72.3013824748573,72.50364502447354,8739500
2016-11-11,71.8968505859375,72.57779556995527,71.42491157349912,72.46318254461302,7939500
2016-11-14,71.86315155029297,71.95754451373482,71.18894989892517,71.56650632144141,7656000
2016-11-15,73.46100616455078,73.52842529620992,72.40925330816819,72.46992898353639,12156500
2016-11-16,73.78105926513672,74.22367857089293,73.36567862999193,73.67891554915526,7723700
2016-11-17,73.62443542480469,74.97271570486782,73.26352697474763,74.22367052758335,6638100
2016-11-18,74.35987091064453,74.67991881427126,73.64487524905392,73.93087351369016,6815500
2016-11-21,75.02721405029297,75.58559390556931,74.95230899206416,75.14978549146319,8476800
2016-11-22,75.32682037353516,75.58557994811433,74.43477080714658,75.44258082569596,6440500
2016-11-23,75.5855712890625,75.90561913386793,74.93185886350537,75.17700167249485,4472700
2016-11-25,75.5855712890625,75.73538136069436,74.9863361977796,75.27233440985249,3238600
2016-11-28,75.24510192871094,75.97371944998459,75.16338592058162,75.5515278675172,6406700
2016-11-29,74.45518493652344,74.71394965917032,73.8150944855285,74.2917581400188,7461900
2016-11-30,75.96688842773438,76.93384275195406,75.7898449163964,76.30055814306958,17301900
2016-12-01,77.14496612548828,78.24810899774808,76.62744173162307,76.80449050759589,11792300
2016-12-02,76.94747924804688,77.4990480120368,76.45719359328031,77.08366739870651,6167400
2016-12-05,77.11772918701172,77.95530151177216,76.96791908053052,77.21306194654598,6909800
2016-12-06,76.7840576171875,77.2811490764085,76.40953238469612,76.532103806671,6033600
2016-12-07,77.92804718017578,77.95528584817617,76.82490450476125,76.97471458114103,6434100
2016-12-08,78.42513275146484,78.58175378200735,77.76460938850417,78.12551781623357,5519700
2016-12-09,78.86094665527344,78.98351806330079,78.2889502146423,78.30256695098102,5771600
2016-12-12,79.77342987060547,81.02637751816025,79.37847694878035,80.19561626716433,10044700
2016-12-13,79.95726776123047,80.5633137552277,79.01074625621258,80.28412653771765,8644200
2016-12-14,78.96310424804688,80.2705293667729,78.82691607973001,79.47381767210351,7878400
2016-12-15,79.70532989501953,79.93685077983905,78.55452085098977,78.738375365685,7458300
2016-12-16,80.40670776367188,80.74718331633453,79.95727754043973,80.24327575781766,13752300
2016-12-19,80.11389923095703,80.65865700249299,79.95727818955308,80.60418486201067,5772500
2016-12-20,80.31818389892578,80.78123087625127,80.12751841330555,80.25008982481067,4319100
2016-12-21,80.29094696044922,81.03318116818832,80.25689732723869,80.58375094698347,5024600
2016-12-22,80.87655639648438,81.0263664633059,80.19560532565511,80.3113709560818,4992500
2016-12-23,80.63822174072266,80.82888720264793,80.38627317828318,80.63141597082831,2682900
2016-12-27,80.50205993652344,80.96510700773703,80.42715488123551,80.69272546080329,2986900
2016-12-28,80.29094696044922,80.93784842949238,80.18199229037121,80.563323245155,4086700
2016-12-29,80.22966766357422,80.63823733172964,79.99814675654271,80.35905005000076,3214500
2016-12-30,80.14794921875,80.51566346750053,79.88237868274878,79.97090565824588,5020500
2017-01-03,80.25009155273438,81.03318641003158,79.39209165372428,80.61099482903566,7404800
2017-01-04,80.22966766357422,80.79485838873258,80.07985757302669,80.63143156051945,6679900
2017-01-05,79.88236999511719,80.67908671171871,79.48061134930694,80.35222790551751,5928600
2017-01-06,79.56232452392578,80.06623208162839,79.24908763941167,79.97770511312257,4762500
2017-01-09,78.8813705444336,79.23546801506052,78.38427916580561,79.18780164731203,6891800
2017-01-10,78.28211975097656,79.25587980686737,78.23445339279631,78.6906892775563,6184400
2017-01-11,78.94268798828125,79.29678039439256,78.21407027212746,78.4115467814911,6158200
2017-01-12,79.09929656982422,79.6644821366164,78.58858315249398,79.33081749196273,4940000
2017-01-13,79.24911499023438,79.5895906598534,78.72478474492951,78.89502257973902,4953000
2017-01-17,79.18099975585938,79.51466436833626,79.06523930595343,79.26271576504037,4669700
2017-01-18,78.94947052001953,79.01756458952465,78.58175631039843,78.7724217831106,4855300
2017-01-19,78.70433807373047,78.96309765000919,78.50686160949994,78.91543127555666,3427800
2017-01-20,78.71794891357422,79.50104374540446,78.5409001666247,79.20823455420688,6730900
2017-01-23,78.57495880126953,78.96310077868917,78.30257728135767,78.39110426259512,5104100
2017-01-24,79.24229431152344,79.74619675310387,78.72476993638261,78.88819677238929,5024400
2017-01-25,79.83470153808594,79.9640839031283,79.22184453952258,79.60318066931997,5276800
2017-01-26,79.36486053466797,80.22966623022596,79.33081089824451,80.01176206475304,6937300
2017-01-27,77.48541259765625,78.10507528760986,76.84531701430849,77.30836388827936,11698900
2017-01-30,76.14396667480469,77.49225240220423,75.39492135746966,77.04963306165538,8252900
2017-01-31,75.82392120361328,76.402728731302,75.42216245688967,76.19163550473507,7951000
2017-02-01,75.5855712890625,76.1167123101249,75.47661662051404,75.72175942950354,5889300
2017-02-02,76.4095230102539,76.42995071220264,75.3880963508606,75.70133323631185,6289000
2017-02-03,77.33562469482422,77.81909940538151,76.36186430729471,76.54572403378188,6623500
2017-02-06,76.9338607788086,77.28795307969773,76.57295231672154,77.13814300019834,5637300
2017-02-07,75.85114288330078,77.0155686450151,75.66047740586141,76.93385783768086,6038400
2017-02-08,75.98052215576172,76.12352125800787,75.12252234704043,75.67409105502477,5188800
2017-02-09,76.44356536865234,76.69551392903526,75.9805184526517,75.9805184526517,4607800
2017-02-10,76.98152160644531,77.25389788201747,76.51847466463043,76.77723420452176,6194300
2017-02-13,77.56715393066406,77.6216260784496,76.98153548119512,77.19262869138322,4858500
2017-02-14,77.3540267944336,77.73213692660552,76.84530108976234,77.46402437651031,5811200
2017-02-15,77.38838958740234,77.84899258519705,77.14090031351839,77.14090031351839,7048100
2017-02-16,76.0890884399414,77.67714055457145,75.91722114632435,77.67714055457145,9478200
2017-02-17,75.84847259521484,76.01346372265911,75.11975172947038,75.91034230114143,8111000
2017-02-21,76.80403137207031,77.20963553202051,76.03406426550578,76.12343858513479,6619100
2017-02-22,75.8828353881836,76.84529315204429,75.8347127622392,76.4396889112234,5732000
2017-02-23,76.32281494140625,76.87966846269727,76.13720059762446,76.54280483717157,8659700
2017-02-24,75.7040786743164,76.32279650074665,75.25722283136112,76.24030358787412,6189400
2017-02-27,76.8246841430664,77.18216582413156,75.87597852237616,76.06846906179385,7275800
2017-02-28,77.34027099609375,77.51901442432155,76.64592576122533,76.7627994902432,7030200
2017-03-01,78.28899383544922,78.63960461049658,77.60152460710675,77.62902400563732,7353800
2017-03-02,77.9315185546875,78.55711287655039,77.89714299245325,78.14463235461149,5892500
2017-03-03,78.06211853027344,78.29585550706751,77.82837630850635,77.93149772266909,4905600
2017-03-06,77.8009033203125,78.0277694594732,77.45716865309015,77.85590212586203,4731900
2017-03-07,76.86592102050781,78.28898189636062,76.78342808247025,78.05524491195663,6660300
2017-03-08,75.35347747802734,76.94152918897089,75.20910961748449,76.77653809763224,9071600
2017-03-09,75.64910125732422,75.73847035315455,74.59727436150783,75.14724650080483,7247400
2017-03-10,76.04096221923828,76.59093963084945,75.23662458185993,76.58406347083665,6560300
2017-03-13,75.17475891113281,76.17846335299141,75.14725951266045,75.9722257319096,6369300
2017-03-14,73.80670166015625,74.63853885211807,73.64171050302501,74.56979297372793,9935700
2017-03-15,74.85162353515625,74.92037463178005,73.93041758408677,74.30165147697176,9472100
2017-03-16,74.15042877197266,74.85164505234869,73.86169296505157,74.80352241786184,8894700
2017-03-17,74.02667999267578,74.53540570684072,74.02667999267578,74.24666991596116,14353400
2017-03-20,74.01294708251953,74.14356268245496,73.57296190676628,73.74482923113219,5301900
2017-03-21,74.27416229248047,74.40478310004607,73.83418248749136,74.28790936671069,7406300
2017-03-22,74.5147933959961,74.83102862927261,73.91669324579256,74.00606760724466,8106800
2017-03-23,74.15731048583984,74.83790358025507,74.07481228698151,74.44604631438277,5451200
2017-03-24,74.2397689819336,74.53538083441906,74.04040236095764,74.19852252413573,6339900
2017-03-27,73.06422424316406,73.79981606232752,72.74798904702565,73.55920289624109,6479400
2017-03-28,73.67605590820312,74.06791305200306,72.9542165617151,73.0642088809536,6331500
2017-03-29,74.29479217529297,74.30166833550996,73.47670219359564,73.52482482516763,4919900
2017-03-30,74.09544372558594,74.7141671730621,73.69671025443745,74.34980926648579,6797700
2017-03-31,73.81356048583984,74.34290939459439,73.59357057967297,74.04042130675003,6159000
2017-04-03,74.10918426513672,74.22605277413903,73.13297398324829,73.71045085739172,5800900
2017-04-04,74.70042419433594,74.74167067810667,73.56609868586519,74.16419368044109,4687400
2017-04-05,74.6866455078125,76.08220699586866,74.63164671888093,75.3809907943973,6398800
2017-04-06,75.13350677490234,75.38099609753236,74.76227279095731,75.01663827393082,3934500
2017-04-07,74.83787536621094,75.33285388280463,74.70725457850644,75.19535693654404,4889400
2017-04-10,75.22975158691406,75.7591005407576,74.91351639767365,75.01663782231093,4812100
2017-04-11,74.91351318359375,75.3053703844244,74.28791374728212,75.29849422441733,3956500
2017-04-12,74.91351318359375,75.1816257291635,74.55602629285187,75.1816257291635,5053300
2017-04-13,72.94046020507812,74.75537795429045,72.82359173330416,74.68663210295118,6894800
2017-04-17,72.98859405517578,73.20171304558086,72.6311124262279,72.98859405517578,5278800
2017-04-18,72.6517562866211,73.33922559090594,72.40426691748058,72.74112540798728,4252700
2017-04-19,71.6549072265625,72.96797049164375,71.37991853516638,72.79610321514281,6667900
2017-04-20,72.10176849365234,72.65862211753137,71.74428681404038,71.77178621169881,4988100
2017-04-21,72.10862731933594,72.47986123101907,71.69614694356774,72.04675762320835,5432600
2017-04-24,72.82360076904297,73.15358823937648,72.43861975779797,72.72735551623173,4538200
2017-04-25,73.3735580444336,73.53854911193072,72.9954480512407,73.077946207475,4619000
2017-04-26,72.92672729492188,73.88918513549439,72.85110527027147,73.14671720891216,6687400
2017-04-27,72.50736999511719,72.85798072008136,71.95739259301547,72.84422840029355,5781800
2017-04-28,73.35293579101562,73.97165890280385,72.86483345976377,73.5935541225241,6848400
2017-05-01,72.81673431396484,73.37358791655458,72.7067419725101,73.0504765626383,4955500
2017-05-02,72.4317626953125,73.23610048229112,72.24614305525633,72.94736464773074,5112200
2017-05-03,73.36671447753906,73.73794847804449,72.27363571299972,72.4317559381122,5663000
2017-05-04,72.05363464355469,73.09859061202816,71.59303160566178,73.03671566568433,8039900
2017-05-05,72.72736358642578,72.79610945392322,71.9780194692753,72.12926352475375,5060000
2017-05-08,73.33919525146484,73.36669464165705,72.74797147476326,72.82359348654875,5175100
2017-05-09,72.23927307128906,73.38734550803069,72.06052959021767,73.2223543497202,5024000
2017-05-10,73.21548461914062,73.44235075985306,72.55551468295663,72.74800525872178,5582800
2017-05-11,73.01609802246094,73.61419807303828,72.61736465540936,73.61419807303828,4632100
2017-05-12,72.84423828125,73.0711043837632,72.51425599120711,72.91298415459444,4488200
2017-05-15,73.45606994628906,74.04729377305529,73.33920146180506,73.66231276770903,6647500
2017-05-16,73.73104858398438,74.01291338520207,73.51793487719097,73.95103844921462,5001400
2017-05-17,72.71019744873047,73.8005029991838,72.65464449393585,73.73105783194553,6384300
2017-05-18,73.03660583496094,73.3907831255131,72.11296961564226,72.60604255853221,5618100
2017-05-19,73.97412872314453,73.97412872314453,73.03660559088875,73.27966635875842,8383500
2017-05-22,73.69635009765625,74.36997415954276,73.43939710817772,74.36997415954276,4491100
2017-05-23,73.80052185058594,74.00191659584928,73.5991324036506,73.66163148063164,3457100
2017-05-24,73.76579284667969,73.86301715337133,73.42550777325894,73.68245545594657,3457200
2017-05-25,72.99493408203125,74.10607272223326,72.72409420405472,73.68245028779266,5293800
2017-05-26,72.72408294677734,73.11992619164774,72.64074557478973,72.95325674599866,3752500
2017-05-30,72.26576232910156,72.71716399049666,72.05048066066482,72.4671570795187,4288000
2017-05-31,71.8629379272461,72.1476646231641,71.57820593300293,71.91155006061382,8037900
2017-06-01,72.41159057617188,72.41853668355584,71.82824471577989,72.00880641947016,4769400
2017-06-02,71.60601806640625,72.18242312661226,71.36989809666564,72.09908573170483,5864000
2017-06-05,71.66159057617188,71.93243054055517,71.27268795428333,71.39075061178856,4523300
2017-06-06,72.34214782714844,72.53659645381025,71.36295858622208,71.60601936954934,4683900
2017-06-07,72.0643539428711,72.5227016257128,71.217114347456,72.20324958842637,7197100
2017-06-08,72.22408294677734,72.7379835919055,71.83518573406708,72.06435427822726,6493600
2017-06-09,73.89077758789062,73.95327664138156,72.23101338861329,72.23101338861329,6595600
2017-06-12,75.02970886230469,75.3005487402558,73.89079109391363,73.89079109391363,8690600
2017-06-13,75.09220123291016,75.34220806693544,74.41857730057554,75.23803766970381,6099700
2017-06-14,74.0296859741211,74.99498822358477,73.43244792502924,74.93943526192042,6202300
2017-06-15,73.84219360351562,74.16859180285162,73.52274151221368,73.96025094845434,5441400
2017-06-16,75.24500274658203,75.25194885436913,73.75885357981264,74.26581348171426,11633900
2017-06-19,74.62691497802734,75.26581899551066,74.4046872633233,75.21720684849186,4577800
2017-06-20,73.94635772705078,74.02968982304351,73.18244485826696,73.7866290458521,5171200
2017-06-21,72.56439208984375,74.2380494183018,72.16854863887305,73.53664074260674,6989400
2017-06-22,72.53658294677734,73.01576361491412,72.25185616742084,72.55742126574884,4197400
2017-06-23,72.9185562133789,73.21022916663372,72.39076327535025,72.39770938328334,5773300
2017-06-26,72.3213119506836,73.0504995702381,72.24492066488921,72.93938304605447,3602500
2017-06-27,72.27269744873047,72.84215637085853,72.24491831858674,72.73104514861095,4170300
2017-06-28,72.41852569580078,72.84909421671001,72.25185623216647,72.52269609744474,4162300
2017-06-29,72.3073959350586,73.02269105206426,72.25878379987351,72.48795226670298,4288600
2017-06-30,72.4532699584961,72.72410989490868,72.14770477963961,72.59216033161553,5497000
2017-07-03,73.82134246826172,74.27968481783827,72.39074656889157,72.39074656889157,4419100
2017-07-05,72.6546401977539,73.82133695267872,72.41157417930289,73.60605005914573,4482700
2017-07-06,72.09908294677734,73.00882695481778,72.02269166231147,72.68937490083661,5084800
2017-07-07,71.86988830566406,72.05739605814622,71.39765381934072,71.939333462821,6457000
2017-07-10,71.55740356445312,71.93241388174964,71.25183842480543,71.83518957337581,4629000
2017-07-11,71.61295318603516,71.87684694859371,71.21710989303395,71.63378620698363,4322400
2017-07-12,72.14768981933594,72.74492783689884,71.85601691726858,72.22408109820982,3978100
2017-07-13,72.31436920166016,72.36992746633213,71.84908065626976,72.0852006319618,4439100
2017-07-14,72.52964782714844,72.6685381745577,72.03658020602032,72.48797648426397,3644300
2017-07-17,72.36994171142578,72.89773473304335,72.27966348730952,72.44633301580446,5572400
2017-07-18,72.0296401977539,72.64076519575532,71.88380373112838,72.64076519575532,4339400
2017-07-19,72.54353332519531,72.5574255386611,71.88379624040067,71.91851617741106,4932000
2017-07-20,72.6615982055664,73.17550419071104,72.09908536321701,72.91855119813873,5367800
2017-07-21,71.7032241821289,72.4879645829717,71.633779019826,72.34907425836587,5304100
2017-07-24,71.66851806640625,71.92547106361742,71.47406944076653,71.65463114957242,4080400
2017-07-25,72.49491119384766,73.02270396801474,72.44629905006425,72.53657723185448,7093800
2017-07-26,73.0018539428711,73.66853688730473,72.3629448184211,72.66156371733331,5881400
2017-07-27,73.68939971923828,73.83523617562663,72.64770620361244,72.83520870516112,5888400
2017-07-28,75.08525085449219,75.78665382323965,73.86299596597681,74.10605666298463,7812600
2017-07-31,75.82835388183594,76.39086675062565,75.10611232403069,75.27278182250026,7561200
2017-08-01,76.93253326416016,77.06448279751301,75.98806410593605,76.07140148989473,8162900
2017-08-02,76.7103042602539,77.22420487361792,76.28668183759551,76.66169211166984,6212300
2017-08-03,75.99501037597656,76.70335959700482,75.73111660703015,76.55058234024231,5605400
2017-08-04,76.46724700927734,76.52974607531372,75.99501241646986,75.99501241646986,4643500
2017-08-07,76.23808288574219,76.59226020006346,76.09919252241073,76.25891591040913,4762800
2017-08-08,76.6339340209961,76.8839409390086,76.23114450882835,76.3908732113529,4107300
2017-08-09,77.00894165039062,77.3700650961144,76.57143220864289,76.90477122188075,3966800
2017-08-10,76.46724700927734,77.39088317288017,76.41168875169363,77.24504672046821,4950700
2017-08-11,75.85612487792969,76.73114362478195,75.78667440421646,76.52974890733356,3383000
2017-08-14,75.4949951171875,76.26584868506814,75.22415524721072,75.87695149706595,4286100
2017-08-15,75.39775085449219,75.62692462173291,74.67550962636484,75.52275424586664,5310700
2017-08-16,74.94184875488281,75.69940525668132,74.83663703371299,75.49598700981528,4186600
2017-08-17,74.29652404785156,74.96289526356264,74.28951350092633,74.78051936381868,5870300
2017-08-18,74.6893310546875,75.29256451105859,74.0019175230091,74.24040454627647,5467400
2017-08-21,74.19830322265625,74.68931430705892,73.86161510629664,74.68931430705892,3560400
2017-08-22,74.60514068603516,74.99794527801498,74.21934663922555,74.34560602258495,5630900
2017-08-23,74.78050231933594,75.09614810902794,74.42978239676202,74.49992531096454,4185800
2017-08-24,75.36270141601562,75.52402958939255,74.5841027314601,74.70334622509723,5059700
2017-08-25,75.9168472290039,76.25353540407475,75.41882016112643,75.62925428421725,4384200
2017-08-28,75.587158203125,76.16934919964382,75.24344883046399,76.13428041879109,3681600
2017-08-29,75.65731811523438,75.79059342647857,75.08213753471658,75.35569870401392,3230600
2017-08-30,75.56610870361328,75.64326215480268,75.12419822394232,75.46089166790301,3126000
2017-08-31,75.48895263671875,75.91683133963637,75.40477793478775,75.75549783215885,5508200
2017-09-01,76.2885971069336,76.569174108134,75.41179732290803,75.53104080916081,3660300
2017-09-05,76.76558685302734,77.34076737558065,76.24651745710315,76.70947037483631,5198500
2017-09-06,78.41397857666016,78.72261389047664,77.01811446914364,77.15840032911703,8577300
2017-09-07,78.4209976196289,79.17153823886277,78.11236229343686,78.6875429048912,5937800
2017-09-08,77.70550537109375,78.38590287872941,77.53014540939637,78.27366993449364,4033100
2017-09-11,78.9260025024414,78.96107663242637,78.2245627152291,78.44201268832632,5973400
2017-09-12,78.90495300292969,79.22761463357227,78.46304790365926,79.13642939607341,5110100
2017-09-13,80.09039306640625,80.18859420597563,78.75765643452944,78.9049581438835,5889400
2017-09-14,80.27978515625,80.90406616713095,80.09039875977783,80.1465152296811,5819100
2017-09-15,80.40605163574219,80.60245929774192,79.70461175471362,80.54634282288485,8387600
2017-09-18,80.79886627197266,80.81990861336824,80.18861161369111,80.25875453553037,4954600
2017-09-19,81.60552978515625,81.66164627142498,80.79887803918452,80.84096272810473,6188000
2017-09-20,81.62657165527344,82.17369397843737,81.50732279257281,81.71775692528,5378200
2017-09-21,81.69670867919922,81.73177746440827,81.24778755665285,81.52134869846823,4334500
2017-09-22,82.27188873291016,82.65066693131713,81.55641701873192,81.65462353081837,5307100
2017-09-25,82.76287841796875,83.00137072677053,82.08248097286476,82.22978803652633,5980300
2017-09-26,82.43321228027344,82.79094811723884,82.24382586750444,82.622604044604,4874700
2017-09-27,82.38410186767578,82.48931890734723,81.90712259251804,82.39111776407013,3926800
2017-09-28,82.50336456298828,82.86109506579453,82.08249633358496,82.18771339093578,4949000
2017-09-29,82.41918182373047,82.43320826594966,81.87907549753002,82.187705390404,4874800
2017-10-02,82.37007904052734,82.62259780619398,81.03734229985588,81.6616233173203,4285600
2017-10-03,82.64363861083984,82.9452579447012,82.07547407441585,82.12457464729742,3892200
2017-10-04,82.47529602050781,82.67871421222296,82.15964488789004,82.64364008030059,3443400
2017-10-05,83.17675018310547,83.2539090053851,82.29995024952972,82.38411961815324,5470900
2017-10-06,82.08951568603516,82.87513034888187,81.92818749599438,82.73483914932241,3533300
2017-10-09,82.56649780273438,82.82603251686471,82.0754919668794,82.30696308860404,2951900
2017-10-10,83.33106231689453,84.04652866069048,82.97332646921568,83.05048528639271,5683100
2017-10-11,83.70283508300781,83.83610504171408,83.17675509181554,83.61866035785458,3926100
2017-10-12,83.56954193115234,83.92727774722616,82.98734558081993,83.11360496581297,3929700
2017-10-13,83.58358764648438,84.17279464021604,83.52045526769189,84.02549289178313,4640100
2017-10-16,84.26394653320312,84.79704218655063,83.77294089956729,84.06052838453684,5500700
2017-10-17,84.32711029052734,84.69185670398032,84.0535491425471,84.33412618835202,4844300
2017-10-18,82.87511444091797,84.18680345775583,82.76288150281364,83.75191420150415,5505100
2017-10-19,82.91020965576172,83.28898791529315,82.73484964773215,82.81200847939017,4576600
2017-10-20,83.21882629394531,83.31702744826384,82.81900577948805,83.19778395395728,4924300
2017-10-23,83.42223358154297,83.68176822773799,83.08554013111592,83.2749318693439,3872400
2017-10-24,83.6326675415039,84.11665735190076,83.52043460766293,83.80802748695977,4472400
2017-10-25,83.07853698730469,83.77997683258336,82.87511878998652,83.47134158816112,4553100
2017-10-26,83.07853698730469,83.47134158816112,82.86810289309656,83.31702396595,4092900
2017-10-27,79.64147186279297,81.64759002643775,78.96107443190888,81.45819829229438,14534100
2017-10-30,80.23770904541016,80.73573072795577,79.15047506910072,79.38195151849229,7517800
2017-10-31,81.28987121582031,81.63357527528733,79.83789080771551,80.27979602703024,7154800
2017-11-01,81.2968978881836,82.04743848167176,80.91110374367739,81.57747496131879,5030300
2017-11-02,80.8970718383789,81.69671296432975,80.46217713679282,81.51433707636627,4329600
2017-11-03,80.6585693359375,81.1916651367847,80.47619882244784,81.00227872614191,4101800
2017-11-06,82.09651947021484,82.18069417753019,80.65856565838855,80.92511622243981,5950300
2017-11-07,82.23680114746094,82.76989689709967,81.7037107493832,82.33500229192583,5219500
2017-11-08,81.83697509765625,82.17366853542663,81.29686883989616,81.91413389898779,5092800
2017-11-09,82.23680114746094,82.41917699499332,81.10047208963539,81.29687437856519,5103300
2017-11-10,82.19473266601562,82.28591793196696,81.43717624383471,81.86505503683159,5156900
2017-11-13,82.22979736328125,82.60857017932423,81.84400329862079,82.22278146622521,4279200
2017-11-14,82.01234436035156,82.25083668746043,81.54238095449391,81.94220144704704,6996500
2017-11-15,81.68267059326172,82.2297981863186,81.41612536964028,81.51432652316194,5372600
2017-11-16,81.11625671386719,82.00126431762399,80.98173382956568,81.5977010663772,5888700
2017-11-17,81.21537017822266,81.41361100022196,80.64188702863075,81.18704928912886,4337500
2017-11-20,81.22247314453125,81.44195334074666,81.02423227031622,81.25787021397898,4634200
2017-11-21,81.54109191894531,82.02961804027484,81.3640903273517,81.51985259221966,4596000
2017-11-22,82.06502532958984,82.68098744737857,81.64729874008027,81.76765853302057,3951000
2017-11-24,82.48979187011719,82.73051135029029,82.34818740972904,82.51811276219482,1744200
2017-11-27,81.83843231201172,82.14995676186882,81.590631227652,82.0225154325326,4490300
2017-11-28,82.44731903076172,82.70220169242565,81.94463528182969,82.07207661266165,4004700
2017-11-29,82.96417236328125,83.01373258457882,82.0083650087373,82.27032386345631,3661000
2017-11-30,84.24565124511719,84.35893482321625,82.99956429597734,83.02080361645633,7896600
2017-12-01,84.61380767822266,85.28641128994241,83.91287777359861,84.82620626008578,6831800
2017-12-04,85.55548095703125,86.58917493577093,84.51471620595913,84.82623531305181,7366400
2017-12-05,85.23686218261719,85.95194992517455,85.0669422146634,85.3430641882102,4380700
2017-12-06,84.68462371826172,85.58378923362605,84.62090035011691,84.95366413507858,4852500
2017-12-07,84.69877624511719,85.03154000956782,84.22441340720852,84.6067373875353,4908500
2017-12-08,84.90409851074219,85.13066026881098,84.32353366808725,84.93241940570809,4122200
2017-12-11,85.25812530517578,85.74665142629196,85.04572663635216,85.16608642218486,5929700
2017-12-12,84.73416900634766,85.48465373267761,84.64920633101194,84.82620785338469,4300200
2017-12-13,84.91119384765625,85.08111384333459,84.02618599274517,84.55719070569182,4399800
2017-12-14,84.62797546386719,85.15898008401359,84.60673614332667,84.82621632445651,3736900
2017-12-15,84.76959228515625,85.29351540755543,84.61383004295833,85.27227608392101,11226900
2017-12-18,84.74832916259766,85.87406168577878,84.69169277908692,84.90409137098254,4654100
2017-12-19,84.84745788574219,85.49174610133089,84.61381995196793,85.18730322834055,4599300
2017-12-20,85.59086608886719,85.88115121349888,84.71293994407256,85.1589818898571,6286700
2017-12-21,88.37333679199219,88.7485792269919,85.71831344813528,85.94487522407805,10109000
2017-12-22,88.48661041259766,88.96097323353071,88.19632530024094,88.39456615665128,4735100
2017-12-26,89.19461059570312,89.30788876251206,88.53616470854898,88.66360602224519,3348500
2017-12-27,88.89016723632812,89.35036687596707,88.59280057167527,89.18044692592103,3452300
2017-12-28,88.91141510009766,89.13089528173697,88.70609266496544,88.98929621003258,2191800
2017-12-29,88.63530731201172,89.19463291756324,88.63530731201172,88.75566708238554,3829000
2018-01-02,90.32742309570312,90.4407012673072,88.883089946559,89.0034496919065,5626000
2018-01-03,90.9858627319336,91.29031098172614,89.84597784650593,90.24245954578512,5805500
2018-01-04,90.70266723632812,90.87259259951318,90.07254220241025,90.58938366087143,4598300
2018-01-05,90.55400085449219,90.69560534611178,89.98759369133187,90.60356107614429,4189200
2018-01-08,91.00003051757812,91.07083545462238,90.36282389578798,90.52566768866814,4826100
2018-01-09,90.5114974975586,91.29030853117675,90.47610043344915,90.92921850499206,4422300
2018-01-10,91.09209442138672,91.16288857038292,90.48320856276098,90.8442878916027,5292200
2018-01-11,93.86038208007812,94.39138670156764,91.1628695281254,91.27615310683916,11641300
2018-01-12,94.58964538574219,94.76664695959028,93.53471211641289,93.59135391644251,7232900
2018-01-16,93.46390533447266,94.78788442717465,93.17363096957087,94.63919835459497,6254200
2018-01-17,93.7116928100586,94.02321723915045,92.72048853869023,93.59133306305789,5632700
2018-01-18,93.1665267944336,93.81081498448147,92.77004507850152,93.70461838318414,5890000
2018-01-19,92.96122741699219,93.4568296560195,92.1895031588412,93.33646988392132,6048900
2018-01-22,93.8532943725586,93.8532943725586,92.94704735654786,92.96121050460582,5248800
2018-01-23,92.76294708251953,93.85327154481998,92.55761929722864,93.72583565324409,5747300
2018-01-24,93.02496337890625,93.93121073503887,92.79840694153341,93.01788720387982,6868200
2018-01-25,92.5009994506836,93.36476782051227,92.2815192720629,93.28688671164849,4597200
2018-01-26,92.88333129882812,93.2798130260438,92.30276105303601,92.54349136168851,6310500
2018-01-29,90.96463012695312,93.15945358566182,90.85135734973808,92.0832811772426,6350700
2018-01-30,88.66361236572266,90.631863192903,88.63529147157972,90.34866505479017,8084000
2018-01-31,88.74858093261719,89.08134472904126,87.82817606338651,88.79814115325532,9626800
2018-02-01,88.90433502197266,88.94681366386708,87.83524418714278,88.92557434291987,7844500
2018-02-02,83.95538330078125,87.75737344604309,83.28985569027937,87.75737344604309,13182600
2018-02-05,79.73567199707031,83.7571480246981,76.4788386734219,82.82965609221309,15414700
2018-02-06,82.96417236328125,83.2827730142429,78.41877354715919,78.73029262317576,18416300
2018-02-07,81.62603759765625,84.44389932299916,81.58355895306738,83.11993115116421,11535700
2018-02-08,79.50910949707031,82.05084951636374,79.44538612133053,81.54108411708299,9927500
2018-02-09,80.35870361328125,81.15167250102263,77.52667881633742,80.24542002860736,10922400
2018-02-12,80.69854736328125,82.02251547250205,79.94098096120747,81.2791122190606,8358200
2018-02-13,80.21002197265625,80.43658373755757,79.19757290414067,80.24541904118732,7065900
2018-02-14,80.45073699951172,80.74810368821409,78.87188630759302,79.65069199341924,7031900
2018-02-15,80.46504974365234,80.81542478062207,79.25660637752955,80.70101894332674,5405000
2018-02-16,80.18616485595703,80.75821030755922,79.52116433702713,80.33632555953092,5950400
2018-02-20,79.3567123413086,80.62950786143702,79.07068958887484,80.28627946743048,6810900
2018-02-21,77.98381042480469,80.12897305557333,77.98381042480469,79.47112449144097,6892300
2018-02-22,78.57730102539062,79.68563715301573,77.86939893613791,78.33418523015587,8176700
2018-02-23,80.50794982910156,80.61520905028055,78.83472561825948,78.98488634573782,6460200
2018-02-26,81.94520568847656,81.98811264779198,80.69386090781134,80.92983009004006,7405800
2018-02-27,81.23729705810547,82.98203081473007,81.23729705810547,82.13826675518226,6059700
2018-02-28,80.02886199951172,82.5601544350176,80.00025917784477,82.24552885211155,7441000
2018-03-01,80.11466217041016,81.44466323536392,79.34955450017803,79.74998305119901,7516700
2018-03-02,79.82865142822266,80.2147813555984,78.53440505612609,79.72854427543236,6607300
2018-03-05,80.90839385986328,81.0371038500503,79.38532473341161,79.6570488546016,7814900
2018-03-06,81.26590728759766,82.60305509033671,80.81541967026386,81.40891593903135,7957900
2018-03-07,81.40178680419922,82.28845815027849,80.53657167176745,80.76538885178716,6660000
2018-03-08,81.05137634277344,82.05245311455985,80.51508579954103,81.94519391482747,6095100
2018-03-09,83.81864929199219,83.94020718957555,81.68778550029603,81.73783907314979,8833300
2018-03-12,83.51116943359375,84.62665208973264,83.34670458933822,84.01885719261671,6877000
2018-03-13,83.27521514892578,84.50510930002032,82.9462908570753,83.82580996224247,6793100
2018-03-14,82.32418060302734,83.98310597809946,82.1311183869562,83.64703511719266,5051000
2018-03-15,82.64598083496094,83.09646309925581,82.05248443129591,82.48866800936958,4519700
2018-03-16,82.51727294921875,83.08216653946782,81.91662445935411,82.51727294921875,14909400
2018-03-19,81.43753051757812,82.39570607789321,80.95844546513617,82.28129477588436,4803500
2018-03-20,81.87370300292969,82.73176583039522,81.83080149818554,81.90945789383676,4587200
2018-03-21,83.68994140625,84.45504915628474,82.08822157967293,82.21693154955871,6829600
2018-03-22,81.30165100097656,82.76036205574798,81.14434367764247,82.62450548307625,6297200
2018-03-23,80.78683471679688,82.78183135134027,80.5866149364245,81.78075972663434,6227200
2018-03-26,82.48148345947266,82.6530949037091,80.97987104768752,81.68777302866361,6868700
2018-03-27,81.98810577392578,83.56122261270013,81.50186876741608,82.7675121247883,5530800
2018-03-28,80.1575698852539,82.41714363932195,80.12896706433061,82.18117445827744,6985300
2018-03-29,81.5447769165039,81.82364760197515,80.28628006961426,80.29343213872207,6627800
2018-04-02,80.25769805908203,81.79506599007568,79.04210785621173,81.43753881800421,6228600
2018-04-03,82.10968780517578,82.2169470428647,80.1504350659903,80.45790863780178,6717300
2018-04-04,81.85941314697266,82.08107821929414,80.39354974860098,80.83688534867494,5727200
2018-04-05,83.86869049072266,84.29772183123062,82.01669765751922,82.14540760521454,7204900
2018-04-06,82.05963134765625,83.66850349034799,81.08000501237312,83.2180157989183,7094500
2018-04-09,82.93196868896484,83.78287927383582,82.1454048926725,82.44573173099744,6933800
2018-04-10,84.98418426513672,85.68493972946457,84.09036658154162,84.09036658154162,7612800
2018-04-11,85.27020263671875,85.36315770708492,84.197621471477,84.86977408076606,6246800
2018-04-12,85.25591278076172,86.28558709629533,84.84118004463113,85.59913573412943,6702000
2018-04-13,85.74928283691406,86.37138184228975,85.2487471696667,85.46326011758859,5508100
2018-04-16,86.30703735351562,87.02924360291722,85.64203674782377,86.2355330265937,4598000
2018-04-17,86.85047149658203,87.23660137041414,86.20692170686185,86.47864575998254,6488300
2018-04-18,88.53799438476562,89.30310201847215,87.5226189186186,87.56552041691424,9132500
2018-04-19,88.45935821533203,89.38177882748336,88.1018311000221,88.64527384281382,7159400
2018-04-20,87.45825958251953,88.28057283555044,86.85046472781997,88.22336720193815,7561200
2018-04-23,88.36639404296875,88.38784479481272,87.09359851621043,87.23660716545712,6113100
2018-04-24,87.62274169921875,89.41037718649979,87.05784823058627,88.92414011574212,7980500
2018-04-25,87.75143432617188,87.88014427403047,86.6073489315563,87.47971029434291,5331100
2018-04-26,88.82403564453125,88.88124129115336,87.45113285818503,87.71569942680851,6268400
2018-04-27,90.5401611328125,90.84763464468482,89.15295429477038,89.73929849701173,8836600
2018-04-30,89.46041870117188,91.45542029066974,89.41751720099874,90.82616919250478,7631600
2018-05-01,89.28166961669922,89.32457112381111,88.00887398835981,88.68817330964141,7093700
2018-05-02,89.73216247558594,90.4329180891644,88.73108536565873,88.80974177500218,5909100
2018-05-03,90.10399627685547,90.18265268839059,88.5451776430081,89.08861499761066,6727700
2018-05-04,89.76074981689453,90.69746904147138,89.17440561094537,89.53193269885169,5403100
2018-05-07,89.33888244628906,91.8129641161318,88.98135531046167,90.51871763017456,6999700
2018-05-08,90.50440979003906,90.63311976413435,88.40214869829295,89.33172133958452,8937000
2018-05-09,92.04177856445312,93.2573685363804,91.59129092175237,91.8272601197927,11442700
2018-05-10,92.11328887939453,92.79973481322222,91.8058098944119,92.73538255271238,5446000
2018-05-11,92.8426513671875,93.50050003991511,91.89878532748722,92.52087910162747,8092300
2018-05-14,93.23590087890625,93.72928993891313,92.81402159110823,93.13579374432943,6212400
2018-05-15,92.77111053466797,93.15008828444138,92.42073014431634,93.12863753716049,5201700
2018-05-16,92.64241027832031,92.75682155641923,91.74144601272643,92.4493426103859,5405100
2018-05-17,93.37814331054688,93.45748559561534,92.59914933151231,92.87323185683617,5241600
2018-05-18,92.22408294677734,93.15454163012781,92.18080733443618,92.98864811415164,6385800
2018-05-21,93.31322479248047,93.34208253760548,92.51981289762291,92.89487553620793,5081200
2018-05-22,92.49092864990234,94.04891626007257,92.39716852012488,93.11123792028484,5444200
2018-05-23,92.8299560546875,92.89486946797086,91.27918803867306,91.66867952437755,6017200
2018-05-24,91.32247161865234,91.89229103133037,90.77429001229076,91.89229103133037,5906200
2018-05-25,88.1343765258789,89.98809054707019,87.43472474498131,89.82940595721676,8936600
2018-05-29,87.55731964111328,88.3074612758915,86.59800342041602,87.34814505519424,7385700
2018-05-30,90.2765884399414,90.64444209009432,88.24254694779347,88.46615041496673,7125300
2018-05-31,89.65628051757812,90.03134860892442,89.05039452017041,89.49759595866178,7460700
2018-06-01,89.33170318603516,90.55789863387827,89.02876291773357,90.5146175219765,5749900
2018-06-04,88.18485260009766,90.45691554297402,88.11993368590016,89.82217728416296,5760500
2018-06-05,88.52386474609375,89.23072539030082,87.67274289684279,88.00453541394032,5672600
2018-06-06,88.99270629882812,89.21630981041751,88.04060427442336,88.80517497040188,6213400
2018-06-07,91.57490539550781,92.31062369597406,89.73562065034547,89.8293862951885,8607200
2018-06-08,91.19983673095703,91.87784504895863,90.65165522667782,91.69031376046968,5108800
2018-06-11,92.00768280029297,92.46209868716865,90.7814929055849,91.43786346006921,6085100
2018-06-12,91.66145324707031,92.59913161685948,91.12048622673066,92.06537352796357,4543000
2018-06-13,91.65425109863281,92.19521819148765,90.94738500931501,91.46671429893595,6317900
2018-06-14,91.25032043457031,92.29618782783594,91.15654929383533,91.8778386693292,5056800
2018-06-15,89.46873474121094,91.6903073370765,89.32447356440078,91.67587846789489,13223800
2018-06-18,90.86083221435547,91.58933609422283,89.51201897190828,89.69234133305355,7696800
2018-06-19,90.5506820678711,90.8031322855169,89.3533388884624,89.67070802093257,5947800
2018-06-20,90.3703384399414,91.21424561313223,89.6562635628569,90.96900988882066,7980700
2018-06-21,88.4228744506836,89.86545340642427,88.11272525808127,89.80053999485689,7290800
2018-06-22,90.23333740234375,91.29363410695963,90.0313771734652,90.45694094403372,8535200
2018-06-25,88.43729400634766,89.90151061171034,87.94681699294033,89.75004049767296,5801900
2018-06-26,89.55531311035156,89.87989120643638,88.40845986504694,88.74025239746771,4592800
2018-06-27,90.8824462890625,91.90667571223504,90.20443262721575,90.26935152183952,6339500
2018-06-28,90.63724517822266,91.50279041490279,90.16119144594691,91.27197798492126,3814800
2018-06-29,91.19261932373047,92.13029774762101,90.69492787534226,90.69492787534226,5669700
2018-07-02,89.62022399902344,90.37036576971761,89.12253246293731,90.36315133358526,5073500
2018-07-03,89.96643829345703,91.38016499868156,89.83660596833428,90.49297652650904,3919600
2018-07-05,89.42547607421875,91.06280084431636,89.31006711091557,90.9618207529272,5926900
2018-07-06,89.54085540771484,89.81494336720347,88.85563275749291,89.09365404991689,4020000
2018-07-09,90.87523651123047,91.08441106662269,89.93756373185222,90.16116165178848,4602200
2018-07-10,92.02931213378906,92.69289706272161,91.42343167772059,91.84178085148297,5092100
2018-07-11,89.09367370605469,91.37295109298226,88.69696779582499,91.04837302979413,6631800
2018-07-12,89.62743377685547,90.12511978407245,89.14416563514904,89.75726610547775,3745200
2018-07-13,89.46873474121094,90.07461517480998,89.17300345600101,89.58413817965786,3352800
2018-07-16,88.70418548583984,89.35334163603255,87.91076263026709,88.72582329044597,4317800
2018-07-17,87.93240356445312,88.68975422023671,87.85306128103741,88.25698163078866,4135200
2018-07-18,87.65830993652344,87.75929002384339,86.31671105869891,87.44913532621725,6061300
2018-07-19,87.75927734375,88.09828423205711,87.28322921559625,87.34814261820762,4471400
2018-07-20,88.19205474853516,88.24975922271581,87.28323404369687,87.45634196323726,5394700
2018-07-23,87.51406860351562,88.76911096832107,87.39145069207548,88.24978157515939,5359400
2018-07-24,89.33170318603516,89.55530667235483,87.89633862650913,87.90355306232645,4423500
2018-07-25,90.08905029296875,90.3270771239652,88.91334500816893,89.16580070934786,4278800
2018-07-26,89.4038314819336,90.43527568887806,89.29564245914396,89.94479860789043,5544100
2018-07-27,90.86083221435547,91.63261169993713,88.05501671517531,88.56713156046766,7580900
2018-07-30,92.20243835449219,92.62078758634145,91.04116181611877,91.43065880752994,5729300
2018-07-31,91.07722473144531,92.72176944985942,90.97624463948159,92.32505801500031,5894400
2018-08-01,90.4425048828125,90.82478750038781,89.98087996690988,90.38480039257391,4661000
2018-08-02,89.26678466796875,90.02413529541364,88.93499217837358,89.75726171845766,4639600
2018-08-03,89.47596740722656,89.62022311042873,88.95663807089501,89.54809525882764,5299400
2018-08-06,89.65628051757812,90.11790532369746,89.10809899668577,89.74283172934939,4455900
2018-08-07,90.291015625,90.66608372621101,89.98086093432474,90.55068027314682,4542000
2018-08-08,89.35334777832031,90.00972391250497,88.94942738990058,89.81497265165791,5957200
2018-08-09,88.37959289550781,89.7067683070386,88.18484717090902,89.4110369995719,5218300
2018-08-10,88.96383666992188,89.09366898892345,87.63666674501839,88.11992934791249,6128000
2018-08-13,88.314697265625,89.20909479719344,88.18486492209065,88.94221567353875,4360000
2018-08-14,88.4156494140625,89.18742879469198,87.99730027237523,88.66088515043029,3622200
2018-08-15,85.06889343261719,87.802581556396,84.70103421200244,87.78093824682823,9476700
2018-08-16,85.68055725097656,86.1538858038164,85.33101659294195,85.70968054636586,5455200
2018-08-17,85.78250885009766,86.35050758061297,85.26547866641268,86.0373793630519,6112900
2018-08-20,85.74610900878906,86.16118549258842,85.44026434825508,85.92816019564425,5403600
2018-08-21,85.88446807861328,86.6053892094319,85.77523625739562,86.20487438355423,4875800
2018-08-22,86.59811401367188,86.99134527477473,86.23401161143906,86.32139818804916,3636900
2018-08-23,86.0009765625,86.52528485129501,85.70969356252931,86.21215659858473,3962500
2018-08-24,86.66364288330078,87.04959048529302,86.45246285365653,86.58353992185775,4415400
2018-08-27,87.63945007324219,87.73412025671522,86.78016815265205,86.91852884802836,3901900
2018-08-28,87.28262329101562,88.36036322845351,87.2025203226675,87.82149325973457,4685700
2018-08-29,87.5447769165039,87.98898226345047,87.2971844097291,87.38457098078398,4101700
2018-08-30,87.2462158203125,87.69770479902672,87.05688657135387,87.44283422868875,3353000
2018-08-31,86.26312255859375,86.94763671050238,85.9936848368134,86.94763671050238,5287000
2018-09-04,86.56170654296875,87.11513819060865,86.183036935887,86.60539705310829,4590900
2018-09-05,86.59811401367188,86.61268122098777,85.38929692725502,85.97185743737047,4619400
2018-09-06,83.91104125976562,86.29955210662398,83.84549993899508,85.8480631321035,8191100
2018-09-07,83.4522705078125,83.99842411788426,82.57114335025481,83.39401278935534,6637800
2018-09-10,83.36488342285156,84.26785577021803,83.29205850219567,84.05667572299109,5870900
2018-09-11,83.75810241699219,84.28241069158861,82.84056849220943,83.26292299718013,5605300
2018-09-12,84.31885528564453,85.55680152911545,84.29701002517058,84.77762242288686,5067800
2018-09-13,84.69021606445312,84.85041644529429,83.80180536566525,84.47903601672802,6297700
2018-09-14,85.47664642333984,85.64413591113008,84.72659664028903,84.784854336543,4947800
2018-09-17,85.57135772705078,86.42335611046282,85.40386815870093,85.64417710451326,5560200
2018-09-18,86.0228271484375,86.58354793040255,85.91360087796772,86.29226491237306,4966300
2018-09-19,87.02772521972656,87.41367273296368,86.01552136418636,86.1684436492939,4855300
2018-09-20,86.96221923828125,88.34580952282303,86.73647751941417,87.52294006714469,5846700
2018-09-21,88.20744323730469,88.30211341464536,86.9549356791936,87.31903807016768,13703600
2018-09-24,89.2924575805664,89.55461170313016,88.52784046379536,88.77543293766587,6534100
2018-09-25,89.83863067626953,90.4721653142132,89.52550238132474,89.93329530282982,5396400
2018-09-26,88.80455017089844,89.87501183897554,88.65162786913889,89.56188363372686,4231400
2018-09-27,89.18325805664062,89.56920577798145,88.62982075800866,88.95751630772716,4533400
2018-09-28,89.04486846923828,89.72209905214167,88.66620447554733,88.83368844276724,5202900
2018-10-01,90.5813980102539,90.93821681996583,89.64929672036695,89.64929672036695,5348200
2018-10-02,90.83625793457031,91.57902988241669,90.53041327640358,91.07656683274186,5445400
2018-10-03,91.25133514404297,91.63728277134972,90.86538751673623,91.12025806724432,4479500
2018-10-04,90.98917388916016,91.45522444679082,90.4357423243243,90.87266402763294,4824300
2018-10-05,91.26589965820312,91.680976129862,90.83625598079558,90.97461665660225,4318000
2018-10-08,90.90909576416016,91.36058479585249,90.17361282570579,90.33381879036315,6267700
2018-10-09,92.3509292602539,92.80241822042221,91.07657090514945,91.39698278370511,6797900
2018-10-10,89.27791595458984,92.91894030474248,89.17596771724655,92.64950805851902,6504400
2018-10-11,86.24129486083984,89.1541140667373,85.59319303198859,89.1541140667373,8589900
2018-10-12,85.76066589355469,87.15153955060401,84.60282307626153,87.04230773340856,7450700
2018-10-15,85.15628814697266,86.55444030964505,85.13444288751884,85.70971990567871,6047300
2018-10-16,85.57135772705078,85.69515122431324,84.71935378787637,85.26550745248855,4846100
2018-10-17,85.41114044189453,85.70242346889715,84.48631724784332,85.35288272534167,6978700
2018-10-18,85.54220581054688,86.03010161939197,84.50815648428271,85.50579335374792,7391600
2018-10-19,86.03009796142578,86.84568917950023,85.46938281858503,85.46938281858503,7944400
2018-10-22,85.35287475585938,86.28497591062725,84.82128842029384,86.00097651365145,5644900
2018-10-23,82.57841491699219,84.26784961565723,81.59533967331295,84.26784961565723,8095300
2018-10-24,80.25544738769531,83.14642122622169,80.15349916390821,82.81144769724101,8035200
2018-10-25,81.2530746459961,82.57840686173805,80.41563820315817,81.09286873709974,5734000
2018-10-26,81.21669006347656,81.90120443430227,79.85495048206249,80.56130455478836,8035500
2018-10-29,79.32335662841797,81.60991947336697,78.31115230463695,81.58807421621177,8598300
2018-10-30,80.72151947021484,80.9399831825914,78.75536828187781,79.82583047214955,7523800
2018-10-31,81.3040542602539,81.92302713187591,80.86713256003607,81.34774476354744,7429800
2018-11-01,80.95452117919922,81.55164885532548,80.17534231454955,81.39144292050308,10572000
2018-11-02,83.54693603515625,85.28006139449707,82.3745259063852,83.6343170522125,9890400
2018-11-05,86.6126708984375,87.14425723111606,84.90866897007575,84.92323617565552,8758700
2018-11-06,86.58355712890625,86.9695048075992,85.81893981981722,86.48160889512931,5273200
2018-11-07,88.01810455322266,88.20015572918268,86.67092140650975,87.38456446080785,4848800
2018-11-08,86.91853332519531,88.74632909604536,86.62725026739162,87.85791826983709,9532400
2018-11-09,87.02772521972656,87.65398156202968,85.46936796490525,86.0883407062719,6565700
2018-11-12,85.48395538330078,88.38221274047307,85.3237494489568,88.03995561814936,10550800
2018-11-13,83.9984130859375,85.84077013302472,83.77267140126612,85.41841561908488,6846200
2018-11-14,84.26786041259766,85.77524412757776,83.69986155706337,85.11257509227995,6783500
2018-11-15,85.995849609375,86.09144499751149,82.885442718174,83.57664674291111,7218100
2018-11-16,87.5473861694336,87.7018030291728,86.2311598582564,86.40028629133752,6706900
2018-11-19,87.81210327148438,87.85622638189506,86.69441691878129,86.8708925302484,5328300
2018-11-20,85.3708267211914,87.87092099278861,84.5913877109509,87.67973582818054,7983500
2018-11-21,86.45173645019531,87.64295913335968,85.79730085544801,85.79730085544801,5624400
2018-11-23,83.53252410888672,84.7237469988778,82.43689660757234,84.34137666428698,5577800
2018-11-26,84.54727172851562,84.88551895807123,83.84135812502959,84.26784595753547,6953000
2018-11-27,84.71640014648438,85.04729822972166,83.98843333945601,84.23109081181832,6339200
2018-11-28,86.87089538574219,86.97383996332006,84.12079410891003,84.54728199319476,6841700
2018-11-29,87.39298248291016,88.04006916608967,86.57677495121553,86.73119183423081,6656900
2018-11-30,87.45913696289062,87.657671290289,86.54733430579216,86.80470130694302,6712500
2018-12-03,88.73126220703125,90.02542988254706,88.28271555148416,88.80479325005919,8237600
2018-12-04,86.20912170410156,89.04010936244131,86.08411835112376,88.6798032703042,8288100
2018-12-06,85.23114013671875,85.40026098449192,83.11341007023555,84.81200138601119,10715700
2018-12-07,84.92228698730469,88.0179901397942,84.70169388119983,86.46646117027227,9114400
2018-12-10,84.51785278320312,85.26787822505915,82.11334839978632,84.78256896504823,7674300
2018-12-11,84.90756225585938,85.75318298090177,83.78987059543867,85.48846683027881,5929400
2018-12-12,85.01786041259766,86.56203419653032,84.98109209938573,86.1134877036182,7891400
2018-12-13,85.253173828125,85.53259396972992,84.05459623032534,84.67226918815945,7030500
2018-12-14,83.70166015625,85.15759380143498,83.31928977767508,84.56933987986702,6195400
2018-12-17,82.68690490722656,84.5399183291717,82.25306789156859,83.41487727087694,7132400
2018-12-18,80.69419860839844,83.26782445701565,80.11329381507488,82.81927778888048,9658600
2018-12-19,79.28973388671875,82.3486689957115,78.75294662042191,80.81920424624458,10472400
2018-12-20,77.19405364990234,79.46619439535581,76.61314899085652,78.53968773320165,11612800
2018-12-21,76.62786102294922,78.63529140069751,75.6719463369259,76.19402398445845,19912800
2018-12-24,74.26012420654297,76.58374307380862,74.20130274425222,75.95872085775954,5619500
2018-12-26,78.96617126464844,78.96617126464844,73.69391773457973,74.89248969664193,10779400
2018-12-27,80.3853759765625,80.39273076510713,77.12054551017351,77.55438827334841,10655100
2018-12-28,79.89269256591797,81.15009182247698,79.50297301745951,80.62801416227238,6445400
2018-12-31,79.99565124511719,81.0618655037983,79.31180181553164,80.26036751528318,6309600
2019-01-02,81.39274597167969,82.12071275152462,78.75293863134432,78.92941423644588,6384800
2019-01-03,79.83385467529297,81.83393004400078,79.46619392692925,81.66480363132804,6496200
2019-01-04,81.48834991455078,81.61335325613169,80.49566674954237,81.09127552653555,7952500
2019-01-07,82.54720306396484,83.03986718165565,80.82654763030857,81.66481379207033,5712700
2019-01-08,82.18689727783203,83.67225013305043,82.11336623580493,83.3854751421035,5674900
2019-01-09,83.28987884521484,83.82666610536809,82.68691533096455,82.8633965620077,7097000
2019-01-10,83.42222595214844,83.55458405293076,82.14276805129138,82.73102752367018,6078300
2019-01-11,82.75309753417969,83.12811313910933,82.11336569165955,83.09134481330999,4491700
2019-01-14,82.1501235961914,82.60601936194038,81.67951825796516,81.87069781970459,6121700
2019-01-15,82.44427490234375,83.14282830618457,81.9957281954364,82.3413303083053,4226100
2019-01-16,81.9148178100586,82.59131225675961,81.7824597130903,81.93687655787699,5624100
2019-01-17,82.32659912109375,82.56925657622617,81.01037288847449,81.43686072899969,4442700
2019-01-18,84.0987319946289,84.30462114155047,83.13545690001943,83.81930620089949,9382000
2019-01-22,82.60601043701172,83.42221770951332,82.31923551532819,83.17956589043632,7242000
2019-01-23,81.907470703125,82.84868143200339,81.1942078698179,82.63543749967025,6082300
2019-01-24,83.46634674072266,83.69429461516027,81.55451192368257,81.64274691504787,8470700
2019-01-25,83.25312805175781,84.40022816751268,83.08400158363669,83.87079561868438,6261800
2019-01-28,82.48101043701172,82.77514015591522,81.6721579175704,82.28983088827354,6886600
2019-01-29,82.23101806640625,83.3487044597741,82.18689495439024,83.11340176590409,5359900
2019-01-30,83.09870147705078,83.56930688560374,82.34132107297523,82.74574461560658,7941700
2019-01-31,84.30461120605469,84.86345711759373,83.37074975821442,83.67958905225782,11225600
2019-02-01,87.04000854492188,87.68708944954084,85.73848633976169,85.77525465902573,10934300
2019-02-04,88.04741668701172,88.05477147465291,85.5252630917696,86.40029768911663,7987900
2019-02-05,87.85623931884766,88.13565954565381,87.27533450175174,87.95918390820042,6887400
2019-02-06,87.41503143310547,87.9371091057214,87.2753241413167,87.50327204638683,4990400
2019-02-07,86.93706512451172,87.14295425095476,85.67231122200971,86.7752934937185,7281900
2019-02-08,86.45911407470703,86.68706197285256,85.23847753999284,86.57676261211621,5671000
2019-02-11,85.995849609375,86.29733412571625,85.58407135296548,85.98114564738523,4859600
2019-02-12,87.29737854003906,87.40767789862727,86.48117114056814,87.01060357374477,5400700
2019-02-13,87.92240905761719,88.5253725834135,87.2826772054681,87.6209300997485,5935900
2019-02-14,87.7590103149414,88.77652395656658,87.3876536477315,87.91497943519519,5406500
2019-02-15,88.64283752441406,89.02162292095333,88.07837378967264,88.84337330288616,6209800
2019-02-19,88.61312103271484,89.02161560979204,87.98181586796598,88.30861152962773,4277800
2019-02-20,89.33356475830078,89.66036045993111,88.38289253514355,88.61313187049942,5940600
2019-02-21,88.48685455322266,89.36325639904908,87.92981962578514,89.17757808990325,5139400
2019-02-22,88.67253875732422,89.4672417466422,88.27147290293206,89.33355312851148,4517600
2019-02-25,88.8433837890625,89.43755114156697,88.65770542894477,88.68741464653806,5196600
2019-02-26,89.08103942871094,89.84603325897947,88.88793237453683,88.98448306839734,5445600
2019-02-27,89.18500518798828,90.0836875079468,89.04388786233744,89.34097428486186,5289800
2019-02-28,88.81365203857422,89.24442708470447,88.00409164729825,89.12559024448133,6406500
2019-03-01,90.63329315185547,90.64072187064748,89.25184611205411,89.41524392676534,7743600
2019-03-04,90.70016479492188,91.2349136969383,89.53410495340653,91.10865377562,7499500
2019-03-05,91.56913757324219,91.61369856485653,90.30652136845023,90.51448588437574,7345200
2019-03-06,91.74737548828125,92.61634871249873,90.8338412781407,91.47999823983696,7599900
2019-03-07,90.56644439697266,91.72507511143145,90.38818915901614,91.66565669877929,7201100
2019-03-08,90.32879638671875,90.55903570359281,88.53142583848414,89.1998689625009,7014100
2019-03-11,91.814208984375,92.24497833931602,91.16804645228534,91.25717407733457,6088600
2019-03-12,92.02217102050781,92.80944523694808,91.63595696479773,91.977604373186,6184300
2019-03-13,92.59404754638672,92.78715455302725,92.02216091106303,92.54205785226638,4707000
2019-03-14,92.54207611083984,93.18081000259869,92.45295414130787,92.66091295881954,5146400
2019-03-15,93.06941986083984,93.15111879300183,92.35641563452478,92.53466527449008,10449700
2019-03-18,93.49275207519531,93.67843040796286,92.96542629010982,92.99513550332699,5586900
2019-03-19,93.04710388183594,94.2651530122769,92.64603809501489,93.99777582106286,5096800
2019-03-20,92.60890197753906,93.83437410867376,92.60147325963389,92.86885043970547,6708500
2019-03-21,93.4778823852539,93.55215257083523,92.47522071377618,92.7425979150305,5050400
2019-03-22,91.42058563232422,92.76490067990292,91.13092787248453,92.72776274496827,5786800
2019-03-25,91.27203369140625,91.61368111710833,90.84125863299609,91.30174290230893,3837500
2019-03-26,92.19300842285156,92.77232961029632,91.63597339629004,91.92563115678577,4079800
2019-03-27,91.19779205322266,92.45297969123591,90.62589948056689,92.08162293835193,3727800
2019-03-28,91.36859130859375,91.4725763878682,90.87840345764315,91.05665307012946,4057700
2019-03-29,91.48743438720703,92.44553532750867,90.97496034167389,92.30441797202485,5318600
2019-04-01,92.79459381103516,93.03968487318247,91.687947006068,91.99989087267312,5506300
2019-04-02,92.78716278076172,93.16594810948466,92.17813816715434,92.98769285687847,4362700
2019-04-03,92.0147476196289,93.09910832625964,91.75479910544561,93.00255763997804,3595400
2019-04-04,92.69062805175781,92.71290854555444,91.76223636721078,92.1038838271497,3715400
2019-04-05,93.893798828125,94.0571966343094,92.98768784215835,93.0248257677282,5551400
2019-04-08,94.08690643310547,94.57709418828915,93.7526877666826,94.15374789980929,5483100
2019-04-09,93.240234375,93.79726938592297,92.9282961288319,93.79726938592297,4143400
2019-04-10,93.20308685302734,94.0052185461882,92.93570962197371,93.68585161278818,3970000
2019-04-11,93.57444763183594,93.77498339723128,92.6534847210154,93.09168285070041,3248300
2019-04-12,88.94734191894531,90.61101804062551,88.38287825274126,90.29907983027032,42693700
2019-04-15,89.22958374023438,89.88316946533803,88.62798772432701,89.14045609598935,13369100
2019-04-16,89.99456024169922,90.10596835889862,89.17014810745684,89.4449540410217,11942900
2019-04-17,89.32611846923828,91.01208068946931,89.16272631701246,90.75955524247973,11898100
2019-04-18,89.02161407470703,89.73461814257634,88.45715039605744,89.51180189229416,9546500
2019-04-22,90.5367431640625,90.6184420720414,89.45980558909176,89.70490231302843,7946200
2019-04-23,90.62586212158203,90.81896914008381,90.12824563780056,90.4104802801767,9079200
2019-04-24,87.84813690185547,90.187685161429,87.70701954764,90.12826673160635,22115000
2019-04-25,87.56588745117188,88.1600546115577,87.19453085101122,87.67729556451049,10636400
2019-04-26,86.97171783447266,88.01151748659204,85.89478592083788,87.937247297109,11626700
2019-04-29,87.43219757080078,87.72185526137713,86.67462694433037,86.90487188625276,9404000
2019-04-30,89.170166015625,90.55161334685012,88.86565647834063,89.942588605828,21431500
2019-05-01,87.49903869628906,89.22956178094051,87.46190643683182,88.97704201740439,10097000
2019-05-02,86.4369888305664,87.99669160078082,86.36271861923571,87.1054320654506,9495600
2019-05-03,87.09798431396484,88.04866207722348,86.97915313509043,87.40992819972209,7364900
2019-05-06,87.93726348876953,89.00676688044523,87.24653983313678,87.26882032743892,11035000
2019-05-07,87.84068298339844,87.84068298339844,86.52608318278712,87.12025597766163,9165200
2019-05-08,87.26880645751953,87.99666793227662,87.19453626616531,87.91496902185126,6229000
2019-05-09,90.00941467285156,90.84867855034226,89.02160475523948,89.95742497542209,16496300
2019-05-10,90.60357666015625,90.81153543799888,88.99931918361902,89.9945520965664,8787900
2019-05-13,89.45238494873047,90.80412282657709,89.13301802705203,90.54417432438588,7701200
2019-05-14,90.3436508178711,90.79670641156406,89.50438677807996,89.62321796670511,6858500
2019-05-15,90.71499633789062,90.97494484335012,89.77175299909406,90.01684406626876,6945000
2019-05-16,90.6025161743164,91.16503178204881,90.40000735109813,90.7450162371761,8543300
2019-05-17,90.3924789428711,90.83499406629066,89.91246622329245,90.04747015831163,6870900
2019-05-20,90.63249206542969,90.91000176428814,90.40748930507725,90.53499144149731,4569700
2019-05-21,91.00749969482422,91.45751664661753,90.67749451163321,90.77499513268003,4859400
2019-05-22,90.42999267578125,91.08251272388988,90.2574854025329,90.67750087218835,5763300
2019-05-23,88.4049301147461,89.15495071417557,87.64740770710546,89.10994558711172,11000200
2019-05-24,89.03494262695312,89.1999480705908,88.03741387929108,88.72743716379439,4890800
2019-05-28,88.73494720458984,89.49246971396651,88.62994476434403,89.16245877479176,8145100
2019-05-29,87.57991790771484,88.02243311286647,86.86740050485876,87.78242670874825,7451300
2019-05-30,86.53736114501953,87.55738945821966,86.1398512051493,87.40738765071465,5807900
2019-05-31,85.38985443115234,86.402381218438,85.29235380142389,85.66736414650774,6899800
2019-06-03,86.9948959350586,87.07739866655761,85.854867034114,86.02736858382751,6100800
2019-06-04,87.97743225097656,88.26243806298311,87.21990972581217,87.45241431660162,5235600
2019-06-05,88.23994445800781,88.52495028971978,87.20491213644539,88.40494994244266,5105700
2019-06-06,90.51250457763672,90.87251705635619,88.58495147394049,88.65995240469749,7370100
2019-06-07,91.11251831054688,91.59253110686487,90.39999520317828,90.55749886551351,5343100
2019-06-10,91.72003936767578,92.07255004020023,91.28502595382842,91.65253452377327,5708800
2019-06-11,90.87998962402344,92.62753889719389,90.8649917306352,92.5300382846635,5625100
2019-06-12,90.14498901367188,90.43749662646051,89.67247231439501,90.287489054387,4000100
2019-06-13,90.68498992919922,91.42000688388309,90.34747723913992,90.93249236859931,3993300
2019-06-14,90.61000061035156,90.8725124379658,90.27999538735173,90.75250637709027,3366800
2019-06-17,91.04501342773438,91.38252045797695,90.28749090926087,90.54250092592291,4219100
2019-06-18,92.20003509521484,92.90505630950011,91.39751326027014,91.465012369449,4884300
2019-06-19,92.17003631591797,92.61255147061972,91.66752385867981,91.88503053170903,3847100
2019-06-20,93.21257019042969,93.52757750606533,92.7025558936942,93.23506989551741,7771700
2019-06-21,93.70008087158203,94.65260458783332,93.17506870076691,93.60258024620309,14287900
2019-06-24,93.68509674072266,94.03760169451623,93.31758244495224,93.40758699697436,5542600
2019-06-25,92.73258972167969,93.83512143279877,92.62008543483383,93.63261257203509,4713300
2019-06-26,92.95006561279297,93.66258298916367,92.91256228889816,93.43007840318658,5054800
2019-06-27,92.33504486083984,93.1525646419974,92.17003939838877,92.94255977058825,3551700
2019-06-28,93.33258056640625,93.36258208197954,92.34255344130376,92.56006013755709,7048300
2019-07-01,93.63258361816406,94.38260433560096,93.27257687822856,94.02259759566546,5526900
2019-07-02,92.20003509521484,93.54257269240331,91.79502327353202,93.41507056026332,5747700
2019-07-03,92.51505279541016,92.53005641394077,91.75003419426095,92.20004547271365,2725800
2019-07-05,92.6575698852539,92.80757175567042,91.98255002397043,92.3575604222163,3458900
2019-07-08,92.70256042480469,93.07006897767599,92.56755646547587,92.74756555938363,3505200
2019-07-09,92.51505279541016,93.10756983888437,92.30504791361248,92.92756647194406,3955600
2019-07-10,94.08261108398438,94.21761505701731,93.08508204558568,93.08508204558568,4743500
2019-07-11,94.07510375976562,94.26260894897649,93.45258515825651,94.26260894897649,3548000
2019-07-12,94.48761749267578,94.69012057931315,93.85009527140808,94.03760046067404,3974400
2019-07-15,94.29261779785156,94.80263218105063,93.95510499770536,94.54762212834873,3739200
2019-07-16,93.57259368896484,94.33761236331162,93.19758330067233,94.12760746142052,4697600
2019-07-17,93.10758209228516,93.96260535053158,93.04757905467375,93.4975961145547,3874200
2019-07-18,93.51256561279297,93.79007528581171,92.52253868169748,93.0925559214806,5770700
2019-07-19,93.7825927734375,94.06010250355337,93.45258182110555,93.51258485283937,4880900
2019-07-22,93.985107421875,94.31511841482964,93.35509267773045,94.0301125623173,3275800
2019-07-23,94.36759948730469,94.66760889661964,93.58757731196722,93.93258612990819,4295300
2019-07-24,94.90760803222656,95.20761741863197,94.24759195989714,94.40509560026427,4796900
2019-07-25,94.22511291503906,95.25264349143643,94.00011010389392,95.25264349143643,4586800
2019-07-26,92.79257202148438,93.94010290185857,92.4775646665198,93.93260109182481,6971700
2019-07-29,93.1750717163086,93.48257721996578,92.53754955970996,92.61255620557122,4377500
2019-07-30,93.25757598876953,93.56508723857634,92.53755676562213,93.0775726135337,3871700
2019-07-31,92.33504486083984,93.520078889167,91.86253390016925,92.78505611703139,7199500
2019-08-01,90.55751037597656,92.81507460080743,90.23500120100071,91.50253819231116,7928400
2019-08-02,90.54999542236328,91.90753096521092,88.37493439700383,91.33751367006353,9026200
2019-08-05,89.05745697021484,90.41499833828924,88.08992957344059,89.39496972101733,8620300
2019-08-06,89.53746795654297,89.64997220453942,88.23993536663457,89.04245727644381,6788000
2019-08-07,89.32746124267578,89.85247914846632,87.71491564708224,88.16493262981803,6853700
2019-08-08,92.42505645751953,92.50005738557711,89.56747360423265,89.61997482609334,8868100
2019-08-09,91.81754302978516,92.92007449812809,91.42003292970603,92.3350592019962,5051700
2019-08-12,91.16500091552734,92.35753085349667,90.68498821722744,92.26003024116169,3936500
2019-08-13,91.79503631591797,92.02754091017296,90.2274957432114,90.76000977269467,5806400
2019-08-14,88.30743408203125,90.4449918954647,88.26243467191804,90.017480332778,7175600
2019-08-15,87.71490478515625,88.38242264542956,86.59737572007666,87.93241144062327,6272600
2019-08-16,87.7528076171875,88.38930453535343,87.41183104815305,88.19987182343927,6239100
2019-08-19,88.88939666748047,89.27584098707914,88.62419204855084,88.75300489474135,6443700
2019-08-20,87.99527740478516,88.79847599923612,87.63914877804092,88.75300821926854,5150900
2019-08-21,89.32130432128906,89.57893579855347,88.9045558513123,89.25311132441234,4578400
2019-08-22,89.20763397216797,89.97293778352146,88.99546452933976,89.9123237237396,4362100
2019-08-23,87.27543640136719,89.45769908986188,86.64651843099645,88.2604887834184,7653400
2019-08-26,87.69975280761719,88.06346610057449,87.28300437598723,87.83614456984785,3966400
2019-08-27,87.76795196533203,88.67722653018512,87.16934399407684,88.10134955589726,4237100
2019-08-28,88.52571868896484,88.80607547358422,87.80587073317423,88.20747303997736,4153500
2019-08-29,89.04851531982422,89.29098892891936,88.33625234493483,88.7984685655579,4467300
2019-08-30,89.20005798339844,90.1548002739651,88.82877156302166,89.39706958199743,4881100
2019-09-03,88.10137176513672,88.1468395515599,86.79807943524426,87.72250630410296,5672500
2019-09-04,88.84391784667969,89.82139106937693,88.78329800782419,89.01819843813271,4595600
2019-09-05,89.13945007324219,90.22300533904708,88.85151445291949,89.41981254797044,5394300
2019-09-06,89.60923767089844,89.7456294334214,88.95000985519962,89.03336069790959,4578200
2019-09-09,90.4654769897461,90.64733075751077,89.85171691039838,89.97295082856583,5048000
2019-09-10,92.3294906616211,93.4206247907263,90.85949693882863,91.10197054740458,8728800
2019-09-11,91.8975830078125,93.18572873142296,91.20805104215529,92.60227282560933,5509500
2019-09-12,92.003662109375,92.5795390719727,90.59428251574407,90.95799580291803,5818300
2019-09-13,92.06428527832031,92.68562425636503,91.86727366644465,92.6325833355939,4885400
2019-09-16,94.04953002929688,94.92091564891967,93.178138628648,94.61024908964288,10683900
2019-09-17,93.8752670288086,94.4284130486785,92.86748369154033,94.04954765400866,7246500
2019-09-18,94.09502410888672,94.11775511109512,93.21605348330822,93.61765571942614,4801500
2019-09-19,93.70099639892578,94.69362192767632,93.51913683896541,94.54207229437601,4034500
2019-09-20,94.20111083984375,94.57997631229824,93.70858456944725,93.958637168714,10420700
2019-09-23,94.64057922363281,94.71635114834604,93.61764378743614,93.61764378743614,4705500
2019-09-24,93.76161193847656,94.50419070070004,93.36759444778467,94.46630184652518,6232100
2019-09-25,93.58732604980469,94.0722732647245,93.13268875844572,93.56459505239076,3762500
2019-09-26,91.0489273071289,93.57974517086515,90.96557646433264,93.3978914143218,7834400
2019-09-27,89.86685943603516,91.11711624128932,89.75319867537088,90.55639714464571,6850700
2019-09-30,89.86685943603516,90.48819837583657,89.72289453481841,89.82139744418002,6108300
2019-10-01,87.90434265136719,90.51851132906727,87.8058339576799,90.37454064200222,7116600
2019-10-02,85.08560943603516,87.22241049300597,84.57793108479332,87.18452163293128,9702400
2019-10-03,85.73723602294922,85.7675459468507,83.66862851963137,84.91130649445775,5315300
2019-10-04,86.26765441894531,86.38131520041452,85.28260780194304,86.07822171017247,4757300
2019-10-07,85.82058715820312,86.9496043674679,85.79785616045699,86.35099637570285,4694000
2019-10-08,84.64610290527344,85.43414359311498,84.5703309851213,84.94919636690895,5323900
2019-10-09,85.72965240478516,86.76774556274592,85.09316138076943,85.31289820023208,4601700
2019-10-10,86.82836151123047,86.97991112573378,85.85089395756093,86.02516878795637,3555500
2019-10-11,88.01043701171875,88.67723806057772,87.41182896262865,87.66188152383604,5134200
2019-10-14,88.03316497802734,88.19228775303212,87.4800189478445,87.57852765215264,2571300
2019-10-15,88.13165283203125,89.12428394594544,87.7452143506783,87.78309741575782,3742700
2019-10-16,87.2223892211914,88.39687422473241,87.1996582231016,88.07104976304876,3608900
2019-10-17,87.40425872802734,87.94224697680771,87.07843420766424,87.60127038199825,3722400
2019-10-18,86.9420394897461,87.57853643462106,86.9420394897461,87.24513299773284,5679900
2019-10-21,88.35897827148438,88.46506010806117,87.55578557139535,87.55578557139535,3926300
2019-10-22,89.26069641113281,89.83656769459114,88.26806506688187,88.37414692336249,4095000
2019-10-23,89.39707946777344,89.42738361150003,88.48779906824565,88.95759423038636,4148500
2019-10-24,89.09397888183594,90.02598442416932,88.88938835135436,89.76835875589069,3873900
2019-10-25,89.9198989868164,90.05629074133518,89.17732615301244,89.23794021422252,3369100
2019-10-28,89.77594757080078,90.55640936847284,89.13945069377867,90.23058489380102,5076300
2019-10-29,89.51073455810547,90.22300333803429,89.17733694750166,89.38950063998419,4548400
2019-10-30,88.16957092285156,89.54864097553852,87.53307393951933,89.54864097553852,4690900
2019-10-31,88.00285339355469,88.1695550921399,87.38151437766344,87.79068969754701,7177700
2019-11-01,88.05590057373047,88.36657299426224,86.39646817758597,87.51033344179103,7684700
2019-11-04,92.11732482910156,92.34464636104093,88.66964768717243,88.82877622814601,10348800
2019-11-05,92.39768981933594,92.78412834081156,91.47325737622602,91.85970167872851,6971200
2019-11-06,90.8519058227539,92.54922085505133,90.776133914183,92.39767703790955,6104700
2019-11-07,92.35983276367188,92.44318363763072,91.1701953038386,91.78395557478215,5440700
2019-11-08,91.63237762451172,91.8369623784386,91.0489275046985,91.66268754750583,4249800
2019-11-11,91.54146575927734,91.98095105710678,90.93528452391784,91.07924946001327,3870800
2019-11-12,91.6551284790039,92.48105816171147,91.29142088632906,91.90518106211034,4503600
2019-11-13,92.65533447265625,92.75384319051952,91.20807144502035,91.27626445182288,5076400
2019-11-14,92.41285705566406,93.15543585869969,91.98852961451672,92.32950619672043,4882800
2019-11-15,92.3133544921875,92.8872521730514,91.90780106512194,92.75717009983963,5589600
2019-11-18,90.71412658691406,91.82366014513804,90.40039294584912,91.68592442140068,4885300
2019-11-19,89.10720825195312,90.90542627468437,88.82408903492055,90.67586478812558,8723000
2019-11-20,89.78822326660156,90.35447331357955,88.85468772561855,89.07659558111146,5903100
2019-11-21,90.88243865966797,91.02017434339474,89.68107968860252,89.9948132385316,5810900
2019-11-22,90.77531433105469,91.59407485436746,90.75235935606295,91.10434926124522,4786800
2019-11-25,90.58402252197266,91.22679106443356,90.27794837964751,90.62228470875833,7390000
2019-11-26,90.13256072998047,90.72175988656113,89.68109143718036,90.55341560239805,10053100
2019-11-27,90.34681701660156,90.76002413127969,90.00248067336493,90.28559985042918,4106100
2019-11-29,89.62753295898438,90.15552081870503,89.43623368667869,89.74231368996588,3271000
2019-12-02,89.37503814697266,90.34683605326457,89.31382096790142,90.27797110530307,5195200
2019-12-03,88.67868041992188,89.29848812565794,88.533291120852,88.91588962325497,6135800
2019-12-04,89.48216247558594,89.75763393474662,89.0919102687764,89.25260098028825,5706700
2019-12-05,89.01537322998047,90.09429802263355,88.90824611122031,90.00247811397634,5517500
2019-12-06,90.30091094970703,91.28036229868327,89.51275887476491,89.59692518438862,6735300
2019-12-09,89.75762176513672,90.20908524988903,89.09955179503056,89.16076312588491,4736100
2019-12-10,90.20909881591797,90.36213592305401,89.56633596035688,90.31622595851148,4886800
2019-12-11,88.93885803222656,90.03309007606039,88.86233365481931,89.59692214160427,7039600
2019-12-12,90.91304779052734,90.97426494766447,89.21430962690373,89.21430962690373,6462000
2019-12-13,90.26265716552734,91.4716700911316,90.2167472036407,91.09672511374484,4863400
2019-12-16,91.33393096923828,91.41810312155941,90.76003311504384,90.95133239977532,5619300
2019-12-17,90.75235748291016,91.73946225310763,90.54575687425927,91.50990083194935,6755500
2019-12-18,90.71412658691406,91.54818869766333,90.69116576796526,90.81360011706117,7496700
2019-12-19,90.39273071289062,90.85950140778804,90.1861300659971,90.72941930278137,6220300
2019-12-20,91.57879638671875,91.77774928305269,90.36212986597356,91.36454211589344,12171100
2019-12-23,92.076171875,92.12973544047622,91.17323902983587,91.29566753464263,5875000
2019-12-24,92.08380126953125,92.42048980705454,91.89250202557295,92.15267203311085,1640100
2019-12-26,92.28276824951172,92.91022963226101,92.08381537069155,92.33633181250286,3648600
2019-12-27,92.0531997680664,92.81074314970978,92.00728397906491,92.50466318765508,4138300
2019-12-30,91.70886993408203,92.84901196186858,91.67826134996817,92.16033925227339,4580200
2019-12-31,92.21388244628906,92.3057023403585,91.24973269263556,91.44103192259915,4215700
2020-01-02,92.9178695678711,93.07090662876244,92.41283675854825,92.44344533832445,5205000
2020-01-03,92.59648895263672,93.90497509873343,92.38988249704846,93.18568806340939,6360900
2020-01-06,92.28276824951172,93.10152890551372,92.07616760311461,92.77249392199943,9953000
2020-01-07,91.1043701171875,91.61705664065711,90.11726510064426,91.07376153086165,7856900
2020-01-08,90.06367492675781,91.12729817589639,90.02541858364565,90.7140969775456,7295900
2020-01-09,89.9183120727539,90.23203984526731,88.900598537497,89.97952340334813,7345300
2020-01-10,89.09954833984375,90.05604467348861,89.06893975660827,89.92595673524028,6393800
2020-01-13,89.26789855957031,89.45919783900914,88.82408283015445,89.12250923903977,6846700
2020-01-14,88.9924087524414,89.436218552216,88.54093951044288,89.14544580919272,7189100
2020-01-15,88.86233520507812,89.07659529236986,88.4950438742732,88.99242314614571,5808800
2020-01-16,89.44389343261719,89.74231985086207,89.10720482208822,89.19137697472046,7022000
2020-01-17,88.44147491455078,89.7499611469213,88.39555912250948,89.5357069106955,7885900
2020-01-21,86.7044906616211,88.11245650961543,86.59736352338133,88.07419431539071,8470300
2020-01-22,86.3907470703125,86.87281910431994,86.05405850421772,86.54378414327007,5589900
2020-01-23,86.54378509521484,86.84221147735774,85.5949423888628,86.00814949598147,8007800
2020-01-24,85.58729553222656,86.4519720022983,85.19704337173393,86.30658268333246,6920000
2020-01-27,84.4700927734375,84.80678130728678,84.15636505252392,84.36296566502901,7609800
2020-01-28,85.02871704101562,85.4113156503539,84.76089334408564,84.92158989744023,5771900
2020-01-29,84.45479583740234,85.57963053475494,84.30940653778968,85.2812041688057,4772800
2020-01-30,85.2429428100586,85.38067849686043,83.45237888163476,84.02627660364415,8382700
2020-01-31,81.98321533203125,84.17167946516477,81.41697112299383,84.02629015065891,13699600
2020-02-03,81.32514953613281,82.06739168169143,80.65177816760074,81.83783020892396,8785500
2020-02-04,81.76131439208984,82.90145651209848,81.57001510439756,82.39642942834611,9909000
2020-02-05,84.38593292236328,84.66905794321723,82.72545666235948,82.84788515922172,6914100
2020-02-06,83.78142547607422,84.68435825129298,83.49065269144084,84.65374966796468,6274000
2020-02-07,83.36056518554688,83.74316369535681,83.00092165224713,83.35291158071348,4830100
2020-02-10,84.010986328125,84.01863993339964,82.88614571035477,83.05448999845511,6011800
2020-02-11,85.09757995605469,85.22001431035471,84.21760200799508,84.76854492636254,6072700
2020-02-12,85.73268127441406,86.16118976971089,85.40364629752817,86.09232483496264,5725700
2020-02-13,85.44190216064453,85.95458276355824,85.11286720811978,85.21999432401249,5991900
2020-02-14,85.21739959716797,85.90638426620265,84.83032929293616,85.80574220711894,5148700
2020-02-18,85.34127044677734,85.36449372314398,84.249735113971,84.38133761753188,4975800
2020-02-19,85.72834014892578,86.00703127564954,85.07032172991549,85.55802824856961,5887500
2020-02-20,85.00837707519531,85.98379588125691,84.92322113701876,85.75929439935727,4466600
2020-02-21,84.38909149169922,84.52843707397919,83.33625951585634,84.37360536798718,6443900
2020-02-24,81.06026458740234,82.80208100337347,80.83576309615249,81.83440521672284,9539800
2020-02-25,77.96372985839844,81.22286236072945,77.4140905244222,81.12996923208503,12871900
2020-02-26,75.89674377441406,78.66042543070317,75.86577744222139,78.07981999109433,11990400
2020-02-27,72.86985778808594,76.02061002024566,72.8311542990392,74.27879354508114,15783700
2020-02-28,72.25828552246094,72.33570431253311,69.7578145274551,70.16036506719794,20835100
2020-03-02,74.77425384521484,74.84392958547798,71.38351941219217,72.78471231038898,15050800
2020-03-03,73.0711441040039,76.23738280738309,72.28152314656083,74.92908306450103,16525500
2020-03-04,76.27606964111328,76.65539686778463,74.06202713191314,74.6039290762389,14753000
2020-03-05,75.23873138427734,75.393557151213,73.49691492824131,74.09300062779045,12814400
2020-03-06,73.79109191894531,74.36395438810251,72.32022339511883,72.70729374842975,16861900
2020-03-09,62.449928283691406,68.13212404126398,61.9312554369013,63.657591780943825,30595500
2020-03-10,65.78646850585938,66.80833382618137,62.73635275761808,66.76188137555957,22642900
2020-03-11,64.27689361572266,65.67808622356185,63.285994584351904,63.65758467422799,18412800
2020-03-12,59.03596878051758,60.48360804442409,56.40388933765407,59.78688617073999,25768200
2020-03-13,64.57881927490234,64.64075195175134,57.371570857459595,61.91577913887167,23497500
2020-03-16,53.957603454589844,60.76230079363997,53.94986630021123,56.179389349769316,17535300
2020-03-17,54.7240104675293,56.49679346008676,50.698475100294544,54.499508945548655,22684200
2020-03-18,42.6164436340332,51.271339583279165,42.24485646383203,51.25585346226942,24947300
2020-03-19,44.42793273925781,45.279489251200665,39.94565753502269,42.779012279331134,29871000
2020-03-20,45.97621154785156,46.951630395493005,43.63056638371024,46.08459076356458,26960400
2020-03-23,41.97390365600586,45.983952140927485,41.0062279203223,45.10142938937001,23764000
2020-03-24,51.5190544128418,52.37060781094176,46.69615633290593,47.59415922572674,29198800
2020-03-25,53.62473678588867,56.62066415276116,51.588748373923515,52.86608202210448,22560100
2020-03-26,59.12885665893555,59.686238833642406,52.556404645669296,54.42208631899507,24129100
2020-03-27,53.24539566040039,56.93030699488898,53.028637212411304,55.83102863367307,20411500
2020-03-30,55.69941711425781,56.458077546036336,51.88290349343114,52.64930698541208,18486800
2020-03-31,56.09423065185547,58.091514941421565,54.81689740126206,56.721282686816565,18514200
2020-04-01,53.07508850097656,55.96263612827917,52.33965714305506,53.81052576512334,14362000
2020-04-02,58.927574157714844,60.92485206311573,53.864694821986426,55.544578208858375,23220600
2020-04-03,58.14570236206055,61.149365837357614,56.53548845714442,60.38296827833688,14905400
2020-04-06,62.233177185058594,62.66669413432794,58.45537228344958,59.60884039845578,17334900
2020-04-07,62.64345932006836,66.33611348912311,62.589269711388646,65.22909213504525,16394800
2020-04-08,66.56060791015625,66.80833265296816,63.10793581701846,63.70402735536898,12284800
2020-04-09,65.2677993774414,69.60299194606519,63.10794615373609,68.69724285428735,17023800
2020-04-13,65.73229217529297,67.62893460003352,64.56333802003235,67.48958903247778,13854700
2020-04-14,65.50003814697266,67.41216641800507,65.28327971897653,66.15805649088209,14797600
2020-04-15,63.85885238647461,64.5478370042397,61.40482825775071,62.287348013230115,13982300
2020-04-16,61.92350387573242,63.6266167101887,61.01001774718716,62.9453692139166,12291900
2020-04-17,67.48184204101562,67.73730988435914,62.953120218563406,62.96086327915025,16130100
2020-04-20,64.69493103027344,67.35023357888535,63.5492003200779,63.99046614108719,15749000
2020-04-21,63.200836181640625,64.86523960206225,61.35064067663497,62.14800452529131,19620600
2020-04-22,65.36843872070312,65.99549076051797,64.2304510142062,65.76324620180348,10320700
2020-04-23,67.1954116821289,68.7282068821649,66.10387051602717,66.80834135194665,14226500
2020-04-24,67.35797119140625,68.7359404311828,66.398032652904,68.49595874966909,9175500
2020-04-27,69.44816589355469,70.15263681022927,66.47546825197564,67.15670998494788,12037100
2020-04-28,69.60298919677734,70.41583334161878,68.76691587103375,69.32429808819614,10645200
2020-04-29,73.24919128417969,73.65174182813936,71.44544213113309,71.59253074634168,12342800
2020-04-30,71.220947265625,74.11623194637586,70.12166884488872,72.55247026819573,12222000
2020-05-01,69.2391357421875,71.25964313948674,67.38119715882654,70.84160651526373,13250100
2020-05-04,70.78741455078125,70.92676008754357,67.8843874567528,68.71271761799997,11192400
2020-05-05,71.90991973876953,73.77560141657283,71.74735092179388,73.15628657514021,13608700
2020-05-06,69.71135711669922,72.35117325381229,69.4945928069853,71.87894705782671,11145900
2020-05-07,71.71637725830078,72.81565537856335,71.15125798651688,71.97958810618283,9749600
2020-05-08,73.90721130371094,73.9768811295829,72.82341317575813,73.54336424089163,8585900
2020-05-11,72.28152465820312,73.23371448249713,72.13443602427752,72.93180005955267,7101000
2020-05-12,70.52421569824219,72.7924481568501,70.44680281046465,72.09572035440276,8749100
2020-05-13,68.66627502441406,69.67266025728694,67.59796302670985,69.5952473715793,12215100
2020-05-14,69.71135711669922,70.39259865712954,66.59156581833136,67.57472759930734,10678200
2020-05-15,69.02239227294922,71.26739572843212,68.7669244073335,70.17586033951305,10113000
2020-05-18,72.69853973388672,73.36621824071591,71.84233558355882,72.58071270493294,12304300
2020-05-19,70.39701843261719,72.76138612159149,70.32631980787046,72.68283675526484,7749300
2020-05-20,73.052001953125,73.42119044874624,70.83687697232811,71.48099115843414,9160000
2020-05-21,72.29792785644531,73.34265162300397,71.70094199085015,72.87134352267907,8830900
2020-05-22,70.91544342041016,71.95231055531238,70.27918581281371,71.83448351870102,8563100
2020-05-26,73.28765869140625,74.10457906120703,72.29006344368572,72.65139522073282,9430000
2020-05-27,73.75898742675781,74.3795376573076,72.35293148557788,74.37168092218005,7822600
2020-05-28,71.37889099121094,73.75897183234494,71.31604910934288,73.53117450527205,9633300
2020-05-29,72.03085327148438,72.18010123695467,70.11422389159029,70.84474425968106,17010000
2020-06-01,72.88704681396484,73.7196806205562,70.78189210141542,71.43386302197649,7344000
2020-06-02,74.37952423095703,74.79584122357178,73.27981523599821,73.66471128670764,7880300
2020-06-03,76.33544158935547,76.76747210694737,75.21216823654923,75.38498044358599,8440200
2020-06-04,75.62848663330078,76.10764558210832,74.74872409878161,76.02123947704906,6371700
2020-06-05,79.18681335449219,80.16084456095716,77.80432788784248,77.82789209570454,12760100
2020-06-08,81.0955810546875,81.37050676385458,79.23393697194832,80.6164222503116,11090700
2020-06-09,79.75238800048828,80.85209711341636,78.41703078738938,79.10041687011054,10745400
2020-06-10,76.6496353149414,79.72881572534055,76.63392184742655,79.3360629385162,10486300
2020-06-11,70.20065307617188,73.98679066154361,70.00427663296186,72.50218523031057,14944800
2020-06-12,72.57286834716797,73.5626071690523,70.70336701065995,73.53904295782954,9532400
2020-06-15,71.66168212890625,72.32936072389877,69.28945174155982,69.9806945468683,12289500
2020-06-16,73.861083984375,75.0786199523445,71.86589922017546,74.61516857358771,8726700
2020-06-17,71.90518951416016,73.8375327368448,71.8737685683117,73.7039982116884,6019900
2020-06-18,72.21937561035156,73.23267839675881,70.77404241360087,71.48099854283049,7064100
2020-06-19,71.19038391113281,74.15960067794823,71.12754800580969,74.15960067794823,14838800
2020-06-22,71.9444580078125,72.0230133654125,70.37344674273072,70.94686849137582,5939200
2020-06-23,71.82662963867188,73.12270900595749,71.62239651700003,72.65926360658757,6317700
2020-06-24,68.84172058105469,70.79762813900581,68.22902708046274,70.68765781802433,8974500
2020-06-25,70.07496643066406,70.31062055012121,68.46468325748414,68.58250432427953,7398000
2020-06-26,67.91481018066406,69.77646052031433,67.69486958214306,69.73718284503623,13766000
2020-06-29,68.8652572631836,69.57221332467994,68.0247667214409,68.26827747163614,7022200
2020-06-30,70.09068298339844,70.68766305785478,67.83627925030105,68.02479895839602,8263600
2020-07-01,68.82601165771484,71.30034982075058,68.77102649837923,70.12994800464504,6379400
2020-07-02,69.36798858642578,70.97827725393617,69.25016755611199,70.20062848920843,5832800
2020-07-06,69.57222747802734,70.89187706363839,68.98309830575334,70.30274789136438,6747500
2020-07-07,67.7969970703125,69.18734555680167,67.67131927089112,68.98311239069221,5898000
2020-07-08,67.82841491699219,68.96740175962609,67.46708301989437,67.85983586364411,6736400
2020-07-09,64.99275207519531,67.80486444456687,64.95348037862237,67.52993859682027,8833600
2020-07-10,66.94864654541016,67.09788853782877,64.80421356861312,64.80421356861312,6218100
2020-07-13,67.08218383789062,68.284006525838,66.6187323871724,67.58490697542504,7074000
2020-07-14,69.39942169189453,69.5957981007527,66.79939995635058,67.07432573016555,7440500
2020-07-15,69.82360076904297,70.84476057000755,69.28945665657321,70.83690383503411,5935200
2020-07-16,69.40727996826172,70.28704845694747,68.6139175808278,69.47012185879625,4795700
2020-07-17,68.48822021484375,69.99638919895627,68.26827965377703,69.44653779628945,5964000
2020-07-20,66.98004150390625,68.72386441648179,66.61085900722816,68.20543397900096,14974800
2020-07-21,71.78736114501953,72.0544361833525,67.83626866947574,67.92267477073646,15115000
2020-07-22,71.51244354248047,71.67739902931375,69.83146173235095,70.65623916651737,10317500
2020-07-23,71.48886108398438,71.77949429916413,70.71120628218306,71.08825157938355,6586300
2020-07-24,70.7976303100586,72.8478007744063,70.67980924320325,71.85806785522225,6620500
2020-07-27,71.51244354248047,71.5517152338599,69.7529123566589,70.50699715058242,7599700
2020-07-28,69.99639892578125,71.61453841528669,69.72932392670785,71.06468693621154,6787300
2020-07-29,70.75048065185547,70.7583373849325,69.58007912649619,70.28703528014425,6386900
2020-07-30,67.76557159423828,69.5172518773025,67.3178336015255,69.4622667200547,10112800
2020-07-31,65.9353256225586,66.06100337105204,64.02654724842732,65.39332497529581,19119800
2020-08-03,66.61874389648438,66.87796224457139,65.8253873663032,65.96677864772035,11220100
2020-08-04,67.9383773803711,68.11904630450171,66.20241073082083,66.35951544591964,9077900
2020-08-05,68.49610137939453,69.46227612230796,67.87555708914516,69.23447872775222,7324200
2020-08-06,68.70819091796875,69.04595864005047,67.63204585158432,67.8912641949587,7035600
2020-08-07,68.1819076538086,68.42541254055776,67.34926740842889,68.24474356485321,7185000
2020-08-10,70.48343658447266,70.50700079910632,68.81030543027961,69.0773805129728,8150200
2020-08-11,70.39701843261719,73.05988210373825,70.04353729474853,72.22724204046479,9074300
2020-08-12,71.26107788085938,71.99945515471198,70.26348228836494,71.32391977500276,9057400
2020-08-13,70.55413818359375,71.70097605382077,70.50700974834454,70.59341587492429,7314600
2020-08-14,70.9704360961914,71.15895577899757,69.79217759102077,69.91000464012437,6343000
2020-08-17,71.30033874511719,71.93660233908834,70.47556148320194,70.97042784035109,10473800
2020-08-18,69.82621002197266,71.2126985854003,69.57919466979745,70.89396537268141,7981500
2020-08-19,68.838134765625,70.04134962017528,68.68673513881949,69.56325289471488,9120300
2020-08-20,67.57915496826172,69.23656294045273,67.5154131842012,68.06522178779207,7872300
2020-08-21,67.79430389404297,67.80226781763399,66.54328092585096,67.46760064688145,9003600
2020-08-24,69.48356628417969,69.59512198613866,67.64289112252675,68.20863963369865,8738700
2020-08-25,68.63096618652344,70.15291441513739,68.33614297525408,70.1290104876648,6835800
2020-08-26,67.55524444580078,68.39988227564042,67.45962873937683,68.29629656723772,7486500
2020-08-27,67.6588363647461,68.2325488423932,66.9098142398778,67.85804385928934,7438200
2020-08-28,68.2325439453125,68.31223180087478,67.18869869420884,67.77038721143238,7307900
2020-08-31,66.8779525756836,68.44770889324788,66.83014471361163,68.39193102772013,9437500
2020-09-01,66.20063781738281,66.63889066950877,65.69863102692722,66.34406746046578,8990600
2020-09-02,66.28829193115234,66.90184837740372,65.89784084057081,66.18470013680879,10821900
2020-09-03,65.56316375732422,67.32415712179271,65.10897095363171,66.17672618997095,16179900
2020-09-04,65.2842788696289,66.64685737178559,64.46354498347577,65.70659777575973,10516600
2020-09-08,62.92564392089844,64.20854025562525,62.18459203859866,64.14479241902717,14942500
2020-09-09,63.77029037475586,64.59899412815822,63.49140114989187,63.72248253030179,9269800
2020-09-10,62.27225875854492,64.45557101240348,62.192576983313394,64.2483935333377,11845900
2020-09-11,61.905731201171875,62.70256128555578,61.41169436029466,62.34398409998437,13732400
2020-09-14,61.58699417114258,62.13680884100402,61.29216486945892,61.73839382326807,8182800
2020-09-15,60.83797836303711,62.53523040709096,60.527215103008075,61.802142077400426,11732000
2020-09-16,62.59895706176758,63.332045214219455,60.52720046935201,60.83796365424785,13019000
2020-09-17,62.7822380065918,62.830045862406976,60.853910817192066,61.778230479158886,10515100
2020-09-18,62.3200798034668,63.06910202376652,61.75433117640271,62.05712441812782,14517800
2020-09-21,60.79813003540039,61.07701931312914,59.507263276488366,60.75031610255382,16199100
2020-09-22,60.18456268310547,61.77822251776185,60.0411330548132,60.67859942040768,9155000
2020-09-23,57.331912994384766,60.48736497501421,57.25223121452304,60.23237355252849,16649200
2020-09-24,57.212398529052734,58.192496060556586,56.17651705934669,56.77413958125464,15203500
2020-09-25,57.23630905151367,57.75424984603939,56.391664989292934,56.58290859545501,11070500
2020-09-28,58.909637451171875,59.57100775753474,58.28811107336772,58.67855604005726,12863800
2020-09-29,57.29207992553711,59.076977476588276,56.66258347723246,58.965421759605746,10553000
2020-09-30,57.37174606323242,58.08092410461217,57.06098292506957,57.570953514840866,10466500
2020-10-01,56.112770080566406,57.27614121199282,55.80200685063275,56.981317987319265,14930700
2020-10-02,56.7263298034668,57.108804800107606,54.837840509645126,54.91752229400109,9854800
2020-10-05,57.929542541503906,57.9534525497814,56.34385243495809,56.98928283384073,12049800
2020-10-06,57.61081314086914,59.22040711371548,57.57096920795492,58.83792602746304,15294500
2020-10-07,58.79012680053711,58.90168253387414,57.02116291571922,57.50722978782978,15410300
2020-10-08,59.937557220458984,60.20051259550161,58.95745358590503,59.27618682116905,11590900
2020-10-09,58.96540832519531,60.63077977738293,58.94947440325553,60.44751231809386,12260900
2020-10-12,59.37181854248047,59.72241968849346,58.32796687047617,58.670604091790835,9056900
2020-10-13,58.48732376098633,59.55507305285947,57.99328696782279,59.55507305285947,10440300
2020-10-14,58.128761291503906,59.30807267525702,58.096893432968876,58.39171671940813,7057500
2020-10-15,58.57498550415039,58.74231910463206,56.88570341271922,57.22834061732403,10052100
2020-10-16,58.080936431884766,58.98932211767148,57.58689965848154,58.58293712792576,9305600
2020-10-19,56.79804229736328,58.43951017712223,56.72633051434339,58.256242678739916,8357100
2020-10-20,57.116764068603516,57.6028307649598,56.60679344936566,57.300037609577736,7753200
2020-10-21,56.471351623535156,57.03710026749972,56.35979589539179,56.67852307332642,9800600
2020-10-22,58.48732376098633,58.55903554357609,56.23229338092943,56.47930873784595,9810100
2020-10-23,57.82595443725586,59.25228090575814,57.23630192335271,58.90964375322038,8727200
2020-10-26,56.52711868286133,57.284104704760566,55.96933406942973,57.156615073821676,9710900
2020-10-27,55.38765335083008,56.256195106855905,55.371713346880284,56.112765467959036,14251700
2020-10-28,53.2919921875,54.24819190643931,52.85373930240068,53.93742866960003,15961900
2020-10-29,54.821903228759766,55.09282249485268,51.921442684565754,52.69436263277029,12292200
2020-10-30,55.37967300415039,55.865739685209405,54.24817610828444,55.69840615097536,17191600
2020-11-02,57.49129867553711,58.23235098575811,55.30001568157876,56.335891267487256,11475500
2020-11-03,57.16458511352539,58.407644104350005,56.61477652231195,58.29608838559187,8608000
2020-11-04,57.188480377197266,58.63871058065674,55.6904423241794,56.399620462834704,10925700
2020-11-05,57.48332214355469,58.14469257657278,57.180528898244155,57.29208462437599,10627700
2020-11-06,56.694454193115234,58.383729856971655,56.43946884313708,57.7701734483565,8366900
2020-11-09,63.268306732177734,67.14886515707904,62.35992096803811,63.7464035428832,24015200
2020-11-10,66.19268035888672,66.25642822996632,63.51533056685918,64.65479792524788,15039700
2020-11-11,65.70660400390625,67.3241680034284,65.18069934167943,67.01340477590102,11640600
2020-11-12,64.28028106689453,65.53130404878286,63.67469458347353,64.52730252553333,8920700
2020-11-13,66.1607894897461,66.4157748294704,64.56712959663663,64.66275137878202,10890300
2020-11-16,70.88599395751953,71.06129752498698,68.16083689778998,68.71861544943161,18980200
2020-11-17,70.3766098022461,70.77279992287707,68.58970445303547,69.85913522911648,14329000
2020-11-18,68.14500427246094,71.07197515766639,68.12074861307599,70.64344205844122,10583700
2020-11-19,69.31741333007812,69.50337749998023,67.15856708873758,67.55476342576846,8820200
2020-11-20,69.36591339111328,69.78635915077857,68.63012560071998,69.30931480483558,8294600
2020-11-23,73.60274505615234,74.04745267936987,70.15021865249692,70.70811728942535,13379300
2020-11-24,77.31402587890625,77.47573440001013,75.19560970725131,75.51094564155314,17257400
2020-11-25,74.50023651123047,76.5539663809833,74.50023651123047,76.5539663809833,10556600
2020-11-27,73.82913970947266,74.86408890705665,73.20655520332046,73.8453142606258,4627700
2020-11-30,70.48983001708984,73.45722559160703,70.26343558845323,72.77804230569721,14288400
2020-12-01,70.70812225341797,72.53545802149293,70.40087361776,72.18777917405545,9913600
2020-12-02,72.66482543945312,73.82914021024052,70.42512508590475,70.55449682087216,10509600
2020-12-03,72.60822296142578,73.66742776744874,72.01797524760028,73.23889471367711,8249800
2020-12-04,75.4219970703125,75.55944991731015,73.51380708908175,73.7563760168998,10791100
2020-12-07,73.38443756103516,74.69429242802806,72.67290536782049,74.24150370055237,9398400
2020-12-08,74.01510620117188,74.75897512730623,72.92355846865985,73.04483675210736,7627300
2020-12-09,73.12569427490234,75.21176086190682,72.26054093074308,74.54874620721266,11129400
2020-12-10,75.47858428955078,76.45693479175209,73.40059883951689,74.02318944832518,11992100
2020-12-11,74.7508773803711,75.42197924242294,73.60273122016507,74.81556323500365,9584500
2020-12-14,72.317138671875,75.76157745858124,72.15542402092294,75.5190147353279,12198400
2020-12-15,72.26054382324219,73.15804013389551,71.77540601407992,72.30096786148339,11775300
2020-12-16,71.71072387695312,72.24436681256097,71.03153466852653,72.12308236440087,9892900
2020-12-17,71.48432922363281,72.40608115564065,70.78897163720117,72.39799388078914,11748900
2020-12-18,70.49789428710938,71.72689485666055,69.74593808381277,71.13665331303088,27427600
2020-12-21,69.60848999023438,70.21490617926257,67.53859137236246,68.2016061589486,11430500
2020-12-22,68.20967864990234,69.37399945446316,68.16116733930669,69.08291925332296,8585800
2020-12-23,69.2850570678711,70.06935614614777,68.72715232790459,68.72715232790459,7223100
2020-12-24,68.99398040771484,69.47911203879262,68.57352847033962,69.47911203879262,3335600
2020-12-28,68.64630889892578,70.04510535324938,68.41991452496246,69.22038210969961,8051900
2020-12-29,68.41181945800781,69.30931574456804,67.95903076164709,68.93738129130269,7670800
2020-12-30,68.99398040771484,70.00467387611997,68.35522139542881,68.41181998290816,7901800
2020-12-31,68.28244018554688,68.88885619489909,67.88625012002923,68.64629349242779,8350700
2021-01-04,68.49268341064453,69.49528973848015,67.82966865322004,68.84844953323764,9234900
2021-01-05,70.3442611694336,72.13925364834856,68.98588898285874,69.12334180578533,13414800
2021-01-06,72.60822296142578,73.40060320494747,71.00728175520172,71.9613766587773,13916800
2021-01-07,72.94781494140625,73.43294658697386,72.21202711341492,73.08526777670674,9286600
2021-01-08,73.64318084716797,74.7347287146956,73.13378731854662,74.45173573700833,11152100
2021-01-11,74.0636215209961,74.46789893777968,71.61370136229297,72.05840898826845,10635000
2021-01-12,75.47049713134766,75.9394603651615,74.15255511437066,74.92068582536571,10923900
2021-01-13,75.39773559570312,75.61604267887361,74.33853077475011,75.35730538792389,9723300
2021-01-14,77.20890045166016,77.88000245377792,75.83435968214195,75.95564414269566,13950200
2021-01-15,74.4598159790039,76.25480880059342,74.15256734519777,76.18204182236994,10244600
2021-01-19,76.41651153564453,76.83695729350308,75.43007374865795,75.59986950676138,9574800
2021-01-20,77.11995697021484,77.26549708543313,76.24672244768891,76.81270835754681,8735400
2021-01-21,74.39513397216797,76.53780557272194,73.75637489615171,75.89095922089221,10393100
2021-01-22,74.1687240600586,74.41128676458575,72.63246892292247,73.09334484718504,7810600
2021-01-25,73.49764251708984,73.60275243457644,72.22821155575726,73.27124812940521,7689400
2021-01-26,72.25245666503906,75.12282864250047,72.17968352603351,74.54874931198138,7827800
2021-01-27,71.31453704833984,73.05293125215431,70.14213495465181,70.77280676608588,10178500
2021-01-28,71.97755432128906,72.89122530424898,71.35496976395928,71.69456134068461,8155500
2021-01-29,68.88885498046875,70.61916146981451,68.66246066130688,70.20680303224792,14699800
2021-02-01,69.86722564697266,70.58683895037426,68.37948155571753,69.52762793094439,8073600
2021-02-02,70.39278411865234,71.45199517974054,69.96425102997307,71.16091493671613,9233100
2021-02-03,71.92901611328125,72.27669483628051,70.25530834646669,70.38468004283014,9256500
2021-02-04,71.96137237548828,72.48693419400972,71.11238742489341,72.37373702310148,7917600
2021-02-05,72.1716079711914,73.14995860395052,71.67030174111663,72.72142551847911,8017300
2021-02-08,73.96659088134766,74.41937956511543,72.7780144176741,73.00440875955799,9886600
2021-02-09,73.546142578125,73.79679258771915,72.61630334067289,73.65933975463741,7605500
2021-02-10,74.8074722290039,74.86407080678816,73.25504880796524,73.88572043721331,8778800
2021-02-11,74.40320587158203,74.74280355709762,72.83461384100642,74.68620497097557,8572400
2021-02-12,74.83174896240234,74.97728907267697,73.86147950431031,74.00701961458493,7858300
2021-02-16,76.36510467529297,76.96369572446756,75.9387157646339,76.29951071240933,14006000
2021-02-17,78.65287780761719,79.3088676270165,77.24250407509648,78.24288573448827,14342300
2021-02-18,77.89849090576172,78.5380775143466,77.3245045277964,78.51347899185984,9030600
2021-02-19,78.55447387695312,79.03005986768093,77.61149097564461,78.0050798132112,8913900
2021-02-22,80.67823791503906,81.70321807582164,79.09566829655148,79.5302588837661,13178700
2021-02-23,81.69502258300781,82.12961945865611,79.37447208026778,81.9738204606693,14874000
2021-02-24,84.7125473022461,85.31113839087682,81.84260322553948,82.2689984202856,16116000
2021-02-25,83.92534637451172,86.06550473823486,83.30215689254374,86.01630770880962,13219200
2021-02-26,81.9984130859375,82.86759426273406,80.03865151366219,82.2444108275883,14454100
2021-03-01,83.67938232421875,85.11435454066358,83.14639139262847,84.01557256181783,10439900
2021-03-02,83.99916076660156,84.71254282412924,83.40056970961386,83.54816707599566,10643500
2021-03-03,84.94213104248047,86.71329930780863,84.78633835216459,84.79453994301727,14958200
2021-03-04,85.68831634521484,88.21386822314074,84.56493616585662,85.70471327035281,22994200
2021-03-05,89.37825775146484,89.48485342140039,87.04130455686598,87.70548960796735,23638200
2021-03-08,89.99324798583984,90.55083738077498,88.60747296254921,90.0834467303133,18033600
2021-03-09,89.78826904296875,90.76405223356943,88.45989239949427,89.43567559009495,19010700
2021-03-10,91.32161712646484,91.8464063675645,89.9522391399886,90.36223112559654,17389900
2021-03-11,91.17402648925781,92.28920527288041,90.92802877734808,91.55121839313286,10989500
2021-03-12,91.4774169921875,92.41219829211481,90.78863340528599,91.54301721645861,10930300
2021-03-15,90.40324401855469,91.76442058215893,89.28806517916244,91.45282263069281,10488000
2021-03-16,88.2630844116211,89.27986290233748,87.80389533632632,88.99286973027826,11698400
2021-03-17,88.58287811279297,89.01746866909113,87.41030064203473,87.91049142539201,9168600
2021-03-18,85.37673950195312,88.17288179265573,85.0405430466,87.74649284945693,13246600
2021-03-19,84.76995086669922,86.00812856352282,84.24516156261146,85.22914619976248,18491000
2021-03-22,84.08116149902344,85.68832941484241,83.89256242327755,84.50755043343193,12508500
2021-03-23,83.61378479003906,85.52434936128523,82.56420607882579,83.18738952861955,14781700
2021-03-24,85.85232543945312,86.72151276532922,84.38455953100254,84.45015349885712,11026800
2021-03-25,86.15572357177734,86.31152254262825,83.69577143067093,84.33535798640152,11138200
2021-03-26,88.13188171386719,88.18107875119463,86.39351340851499,87.36109476383666,9820200
2021-03-29,87.67269134521484,88.17288210604183,86.67230982356087,87.24630240050057,7542300
2021-03-30,86.86090850830078,87.59889538615865,86.58211068511818,86.9675041799985,6284600
2021-03-31,85.9261474609375,87.09872514982186,85.77034845668544,86.54933722196259,8954400
2021-04-01,86.71331787109375,86.80351662184013,85.45054161662664,86.31152741703036,8515800
2021-04-05,85.69654083251953,86.77891960425627,85.41774298283917,86.69692244469697,8692700
2021-04-06,84.9339599609375,86.16393618887004,84.82735801735448,85.48334784131154,8125100
2021-04-07,85.43413543701172,85.74572710659115,84.67155006253174,84.84374595277154,7699300
2021-04-08,84.4747543334961,84.96674976976746,83.69577198603616,84.88474635973434,8283000
2021-04-09,84.39275360107422,85.01594320620715,83.7203669567929,84.55675415820477,7163700
2021-04-12,83.45796966552734,85.16353786952023,83.23657674042333,85.0077389091995,7845900
2021-04-13,83.8351821899414,84.13037700007362,83.05619970852652,83.27759268813422,6829900
2021-04-14,85.4997329711914,86.36892030636815,84.1303611278607,84.1713628321925,10194800
2021-04-15,84.80276489257812,85.49975021491578,84.40097438421597,85.28655882614247,7860500
2021-04-16,84.42556762695312,85.57354669214284,83.99097702689863,85.11435756846,7459700
2021-04-19,84.67154693603516,85.13893755113665,83.81056126064655,84.67974227147148,7068700
2021-04-20,83.0889663696289,84.45013632959717,82.41657985196208,84.31894216457897,9783800
2021-04-21,84.2369613647461,84.45015270624046,82.11319949384752,82.26899846000092,8264400
2021-04-22,82.77739715576172,84.35177147290041,82.7118031785338,84.35177147290041,9899400
2021-04-23,83.26939392089844,83.77778009608946,82.58880556690367,82.90039729543955,6756000
2021-04-26,83.24478149414062,84.18776444237987,83.0315901365076,83.03978547304436,5639700
2021-04-27,84.21237182617188,84.54036674563936,83.23659491713408,83.48258641474764,6898900
2021-04-28,86.27874755859375,86.8035370010621,84.76177788095919,84.90117370811842,8718400
2021-04-29,87.65629577636719,88.2712838109217,86.71331287218723,87.2627006816203,9740300
2021-04-30,84.5157699584961,86.41813302332679,84.43377279093966,86.08194275955051,13730000
2021-05-03,86.53292846679688,86.68872746102514,84.63876703584381,85.2619567567741,7938100
2021-05-04,87.0085220336914,87.33651695761708,85.97534021291953,86.88552315522143,8704300
2021-05-05,89.34545135498047,89.8210435522796,87.59068618451371,87.81207910064614,12872400
2021-05-06,89.3946762084961,89.48487497246515,88.08270271801406,89.33727756378697,9654900
2021-05-07,90.21465301513672,90.74764396138004,88.31229004613203,88.63208336268151,10273000
2021-05-10,89.84565734863281,92.74840180565721,89.8046556413486,91.37902986372234,13586500
2021-05-11,87.4922866821289,89.85384450836943,87.09049629040706,89.42744934263993,12754800
2021-05-12,88.04167938232422,90.32123377320738,87.50868856109344,87.73828306722827,11661900
2021-05-13,87.47589874267578,88.45168176451872,86.45912027190393,86.97570797147745,9706300
2021-05-14,89.76365661621094,90.05064978782754,88.39428472879601,88.39428472879601,9124100
2021-05-17,90.8624267578125,90.91982538865962,89.35365917212759,89.45205325016174,12692900
2021-05-18,88.13166809082031,90.52212732336125,87.95736436545842,90.42252881318896,12759900
2021-05-19,85.658203125,86.56292971412572,84.6372803828679,86.17281865576805,14762700
2021-05-20,85.95699310302734,86.38030568645694,84.63726243991512,85.55028448976472,9706300
2021-05-21,86.42182159423828,87.31823980165856,86.05661018923293,86.40521762170528,10352800
2021-05-24,87.65025329589844,87.84945664678702,86.32222040237399,87.11073815187153,6785600
2021-05-25,86.2143325805664,87.66687015663724,85.99852522471873,87.50916405052995,7884000
2021-05-26,86.42182159423828,87.07753919297058,86.04001254926,86.75382505417761,9232400
2021-05-27,85.50048828125,87.07752987749156,85.13527691531465,86.42181234890735,11703400
2021-05-28,86.14791107177734,86.42181961927183,85.45068989020594,86.00680897127168,7278200
2021-06-01,88.52178955078125,89.16920527326513,87.40126185166982,87.40126185166982,10260600
2021-06-02,89.70870971679688,90.10711642162293,88.15656750065436,88.9865888570291,9141800
2021-06-03,89.30199432373047,89.717005000203,88.44707334340671,89.27709469635177,8809300
2021-06-04,90.01582336425781,90.19842909574699,88.98659854343641,89.84151962035297,6699300
2021-06-07,89.43479919433594,90.22331693263081,89.28539510015204,89.94941470376054,6748600
2021-06-08,90.24822235107422,90.45572768438781,88.23127025796369,89.35179779134505,10559500
2021-06-09,89.4596939086914,90.91223117083027,89.35179342036837,90.52212015007481,10146900
2021-06-10,89.98262023925781,91.50985652854045,89.01979240531486,90.52212906657493,13526200
2021-06-11,89.5676040649414,90.44742464149529,89.52610046573936,90.33951781659405,7731700
2021-06-14,89.6174087524414,90.43912813947857,88.67118489280818,89.79171248105168,9051900
2021-06-15,91.55135345458984,91.70075754439164,89.96600970543979,89.98261367795114,10540200
2021-06-16,91.02842712402344,91.72564825283311,90.38931356079406,91.32723527457622,9283300
2021-06-17,88.87037658691406,91.28574150760213,79.93934600273235,90.67152121208218,14337800
2021-06-18,85.51710510253906,88.2063727054778,85.41750658589444,87.35975365119441,22284500
2021-06-21,88.02377319335938,88.34748103713197,86.264125521842,86.40522764193553,13591500
2021-06-22,88.31426239013672,88.7790722643683,86.57951468227738,87.42613990469587,10230100
2021-06-23,88.20637512207031,89.75021549796679,88.17317983731986,89.11110177926432,7792800
2021-06-24,88.92849731445312,89.45971053386538,88.2810815990795,88.92849731445312,8724600
2021-06-25,89.0613021850586,89.6921139139236,88.62968749419204,89.30200282768071,8102300
2021-06-28,86.31391143798828,88.81227727270159,86.04000922736935,88.77077367553154,11348400
2021-06-29,86.12301635742188,87.12734142294842,85.99851188940976,86.81192925964302,7225500
2021-06-30,86.93643951416016,87.05264200335651,86.08982047393519,86.18941898892594,7927500
2021-07-01,88.15657043457031,88.8952889597241,87.76645937088134,88.77078448561221,10873200
2021-07-02,88.04034423828125,88.31425274105214,87.18542345620142,87.7332341291843,7107700
2021-07-06,86.31391143798828,87.95735636450105,85.81589993474678,87.95735636450105,10162800
2021-07-07,85.4341049194336,87.06924812823527,84.7617895963965,86.28902596787853,8245000
2021-07-08,85.16018676757812,85.56689544413676,84.0147596176015,84.247164575635,8695500
2021-07-09,86.38032531738281,86.51313177866378,84.96098950838578,85.87401176573023,8567900
2021-07-12,86.55461120605469,87.16882513146373,85.69138838335475,85.95699491860402,9898600
2021-07-13,86.26410675048828,86.80362181689597,85.67479243666308,86.32220798332852,6738000
2021-07-14,84.63728332519531,87.41785375374202,84.42977797481778,86.72063881610269,9216600
2021-07-15,84.0811538696289,84.86967151202244,83.70764051331659,83.87364856030855,9665700
2021-07-16,81.85670471191406,84.40486990646028,81.61599776963679,84.35506432120836,12199100
2021-07-19,79.64884948730469,80.47056886617547,78.45361669435778,79.53264700271934,17385500
2021-07-20,80.1219482421875,81.37528207140741,78.89352036919372,79.59073516209948,12114600
2021-07-21,82.85272216796875,83.39223725509606,81.09307481177868,81.32548608462466,11478100
2021-07-22,82.02271270751953,82.51242861578078,81.25079256903634,82.50412662884466,7694300
2021-07-23,82.05591583251953,82.27172316890517,81.29229766692198,82.00611657510774,7570800
2021-07-26,83.79065704345703,84.04796798128436,82.53732930017178,82.55392694169579,10227500
2021-07-27,83.50843811035156,83.59974095406409,82.12230414862071,83.04362823876745,8332100
2021-07-28,83.9815444946289,84.50445556608409,83.23452415500783,83.74913957398216,8546100
2021-07-29,85.13530731201172,85.39261195757452,84.61239603254363,84.97760119631238,8681300
2021-07-30,84.50446319580078,86.36371539396072,83.64124031791789,85.54198977990622,12295300
2021-08-02,84.3550796508789,86.30563516991337,84.29697840132647,84.72859311162564,8911800
2021-08-03,85.16018676757812,85.41749768473822,83.55824535534985,84.32186345533427,8437300
2021-08-04,83.25114440917969,84.57917731018355,83.08513633870396,83.3673468922325,10389800
2021-08-05,84.02305603027344,85.01907902221977,83.55823981248004,83.7823491018318,7986100
2021-08-06,84.62068176269531,85.14359931338917,84.33017553039925,84.67878300915453,6475600
2021-08-09,83.20963287353516,84.14755463518117,82.94402631866267,83.75744995502453,9243100
2021-08-10,84.72858428955078,84.92778764833757,83.48355221515222,83.6163523434899,9762600
2021-08-11,85.36768341064453,85.46728823933299,84.33015685890467,84.69536823153615,7079800
2021-08-12,85.19340515136719,85.69971876642263,84.47958616399595,85.37601089221491,7377600
2021-08-13,84.62896728515625,85.1103811379064,84.36336073408026,84.85307657258394,6572600
2021-08-16,83.7657470703125,83.99815201831214,82.92743012682233,83.69104819383828,9476600
2021-08-17,83.60803985595703,84.39655747796309,82.69501145250668,83.16812329222216,10937500
2021-08-18,81.34518432617188,83.63328161312354,81.21900768147299,83.01920054913172,12893600
2021-08-19,79.31786346435547,80.1758966988797,78.11493030221101,79.75529078789124,17423400
2021-08-20,79.32627868652344,79.8141766736763,78.4093544481348,78.67012806350418,9707600
2021-08-23,81.37044525146484,81.59756968339157,80.80682829457503,80.8320636294626,10277800
2021-08-24,82.30416107177734,82.9518977647318,81.92561832140737,82.01815213468657,8924900
2021-08-25,82.8677749633789,83.04442866855831,81.36200509396981,81.78261098761693,9342300
2021-08-26,81.7826156616211,83.05284733005338,81.76578783086897,82.53129368166616,8124800
2021-08-27,82.97713470458984,83.66692815102301,82.48082280366435,82.55652878803457,10281200
2021-08-30,82.766845703125,83.54075917978537,82.41353821394588,83.35569151842354,8127200
2021-08-31,81.40406036376953,82.78365357454128,81.29470514385159,82.55652280202554,15676900
2021-09-01,80.51239776611328,81.65644657136028,80.3105086881103,81.4797928258654,10557300
2021-09-02,82.19480895996094,82.76683327375014,81.21900655287176,81.2947125386391,12340100
2021-09-03,82.00975036621094,82.80049164482988,81.91721653922626,81.93404437209863,9097000
2021-09-07,81.64802551269531,82.42194534356418,81.37883795959146,81.61437626631515,9237800
2021-09-08,81.08441162109375,82.83413385067993,81.0507623761474,82.01815731005863,10775900
2021-09-09,80.75634002685547,82.11910557526608,80.20955102433618,80.66380620713971,10219400
2021-09-10,80.81523132324219,82.18640448353855,80.66381291638007,82.10228457260133,11006000
2021-09-13,82.41352081298828,83.03601574600303,81.6480149967926,81.77419804998203,11500900
2021-09-14,80.92456817626953,83.06124680181013,80.7395069814363,82.75841005690287,15294100
2021-09-15,82.6406478881836,82.88460008757777,81.58913310696914,81.58913310696914,11623400
2021-09-16,81.8667221069336,82.93505813838331,81.52182864844136,82.7079338040529,10616700
2021-09-17,81.39568328857422,82.75844276125365,81.06761108826703,81.69010623526799,16006100
2021-09-20,79.73005676269531,80.12542735235374,78.49347433731663,79.61228761912943,15796100
2021-09-21,79.78892517089844,80.66378607297128,79.09913186206312,80.39459859679008,10958400
2021-09-22,82.13591766357422,83.0948985790802,80.95821988830508,80.95821988830508,13292800
2021-09-23,84.17164611816406,84.3482998164916,82.22844901862469,82.64064098138897,10094900
2021-09-24,84.62590026855469,84.93715092468067,83.82675167793064,83.82675167793064,8225300
2021-09-27,86.61958312988281,87.30096265819058,86.29991852712159,86.29991852712159,12697500
2021-09-28,86.94764709472656,88.23470004685613,86.54386263036417,87.41031612494008,15560800
2021-09-29,86.92242431640625,87.68792378297177,86.08961994180575,86.82147658125966,10268100
2021-09-30,85.34095001220703,87.02337391717268,85.34095001220703,86.99813858546824,15319800
2021-10-01,87.76362609863281,87.94027980137652,85.70265339741653,85.98866873848004,10854900
2021-10-04,88.09170532226562,89.05068631090047,87.57856558403891,88.32724361169355,13305400
2021-10-05,89.0506820678711,90.6573932758772,88.68054682044202,89.20210044927965,13017300
2021-10-06,88.26834869384766,88.62165608658016,87.13271412124388,87.63743988485264,10630100
2021-10-07,88.8992691040039,89.42082276462514,88.51231242080898,88.84038453086418,8830900
2021-10-08,90.89293670654297,91.2125948770942,89.67317575719622,89.84982946339058,10586700
2021-10-11,90.11903381347656,92.2220636866198,89.94238007428507,92.1631791068893,9794800
2021-10-12,90.13584899902344,90.49757034316637,89.31145858053362,90.00125202541818,9085000
2021-10-13,90.67424774169922,91.13691051895674,89.57226200869937,89.81620785568794,9220700
2021-10-14,91.53225708007812,91.82668635464306,90.94341136682213,91.59114165140373,7648600
2021-10-15,92.2052230834961,92.55853048835533,92.05380470742264,92.3398136300411,9968100
2021-10-18,92.16316223144531,92.8781973917385,91.65843643789582,92.71836509690543,10677400
2021-10-19,93.96336364746094,93.96336364746094,92.36506622310164,92.66790301081834,10362800
2021-10-20,95.19154357910156,95.19995107735392,93.18945510977625,93.45022875022615,10811400
2021-10-21,93.99700927734375,94.89710569012307,93.2651590834569,94.81298578964535,9372600
2021-10-22,94.8886947631836,94.9559868303715,93.75305368499896,94.40079037293475,8673800
2021-10-25,95.77198028564453,96.19258626530738,95.30931755877813,95.50279271537782,9579800
2021-10-26,95.98228454589844,96.40289053112843,95.48597256393728,95.88134321692355,7463000
2021-10-27,94.27462005615234,95.54485185828271,93.92131258841415,95.24201505223921,9096100
2021-10-28,95.15789031982422,95.284066967665,93.86242325251452,93.86242325251452,7538200
2021-10-29,96.31033325195312,96.98330523164566,95.18311256659506,96.59634858960021,15294200
2021-11-01,96.343994140625,96.8150707326006,95.94021603834227,96.76460007429957,11213800
2021-11-02,95.75514221191406,96.05797897802212,95.2335885774087,96.04956506287,9189700
2021-11-03,95.06534576416016,95.28405620767776,94.19048473627993,94.44284442140099,10416000
2021-11-04,95.48595428466797,96.1168631417355,94.98122848260131,96.08321389920614,9673000
2021-11-05,96.52064514160156,96.78142517732545,95.83926560199745,96.12527454822342,8102100
2021-11-08,96.86554718017578,97.57216206355321,96.47859049385902,96.81507010426512,7695900
2021-11-09,97.58056640625,97.68151413023085,96.28509949587671,96.96647898342204,10945900
2021-11-10,96.02433013916016,97.75722442744824,95.61213814608847,97.37868167718969,10305100
2021-11-11,96.03274536132812,96.46175877267673,95.53642704550036,95.56166237346946,7317500
2021-11-12,96.09163665771484,96.1589287310297,95.55325514563437,95.7299152896558,8682800
2021-11-15,98.27037048339844,98.37972571613753,96.12527764583066,96.69730197465292,11050400
2021-11-16,98.65731048583984,99.33028243577495,98.30400310019519,98.51430603230789,10566300
2021-11-17,98.21484375,99.1593814231726,97.56813830099719,97.74683374023066,11108000
2021-11-18,97.3894271850586,98.18079633681103,96.50446123387044,97.72980220049972,8368600
2021-11-19,95.22807312011719,96.28322997272852,94.53881183207079,95.73863246866368,13532600
2021-11-22,96.929931640625,98.01912653298369,95.17700252437868,95.32165980087021,9947100
2021-11-23,98.96366119384766,99.42316000049874,97.90849799278234,98.0191236061839,10366800
2021-11-24,99.72098541259766,100.41024006779023,99.28700713349608,99.39762624725753,8500900
2021-11-26,97.44049072265625,97.7127894451528,95.84073004738963,96.45340379603526,11861800
2021-11-29,97.72979736328125,99.70396456459065,97.61066708759031,98.99768757862792,12003800
2021-11-30,96.04496002197266,98.5892518471115,95.67905800093018,96.53849699863507,24451200
2021-12-01,95.38973999023438,98.75943926027153,95.38122882888418,97.81490160592999,12302700
2021-12-02,97.97657012939453,98.45309123728663,95.24507193517617,96.36830489814552,11392400
2021-12-03,97.35540008544922,99.55931689013593,96.65762770045669,99.33807214592156,10445100
2021-12-06,98.87857818603516,99.94224622371675,97.90000878505967,98.67435574059235,9833900
2021-12-07,100.3421859741211,100.9718821237984,99.76355030465093,99.76355030465093,11419600
2021-12-08,100.79317474365234,101.48243600629165,100.12094229631602,100.74212075831392,8827900
2021-12-09,100.52938842773438,100.92081746851872,100.05286724627763,100.28261667530451,8334700
2021-12-10,100.69957733154297,101.43138146072346,99.4487091727998,101.20163202115027,9090700
2021-12-13,98.60626220703125,100.28260378039191,98.37651280754687,99.95073992996261,8533000
2021-12-14,98.89558410644531,99.49123551190071,98.25738338969448,98.48713279119488,12245300
2021-12-15,98.33397674560547,98.98068870449768,96.96397184837927,98.98068870449768,11069500
2021-12-16,99.25298309326172,100.57193394627652,98.64030931617391,98.87006522863882,11344700
2021-12-17,96.6661376953125,99.09981037596752,96.60657255244809,98.6403050629648,22727900
2021-12-20,96.70869445800781,96.75974844379195,94.22396760409596,95.18552112501081,13464400
2021-12-21,98.25739288330078,98.76795220760887,97.25329006557877,97.3724203581802,11368200
2021-12-22,98.81900024414062,99.28701671698468,97.35539866712051,98.21483765599609,8345200
2021-12-23,99.05728149414062,100.34218782703974,99.04877033192986,99.14237363990458,7416600
2021-12-27,101.0824966430664,101.1080236359463,98.20634075124894,98.76795407094895,7745500
2021-12-28,100.88677978515625,101.55050757446162,100.44429675632409,100.97187841834041,6516000
2021-12-29,100.36769104003906,100.9633489034783,99.8060778173762,100.47831664622323,6957400
2021-12-30,99.92522430419922,100.99740343865716,99.84863683425232,100.52087577216803,6016000
2021-12-31,99.85713195800781,100.48682147902962,99.66992538610897,99.88265894651893,5706600
2022-01-03,101.48242950439453,101.84833152414313,99.80608784396753,99.91670696915155,10717700
2022-01-04,103.32894897460938,103.79696542135346,101.8227981687377,102.06956339471554,16413100
2022-01-05,104.00119018554688,105.3796995833502,103.87354874335048,104.01820601485345,15487100
2022-01-06,104.88616943359375,105.78815776397671,103.50765345423254,105.19250631789625,13318500
2022-01-07,106.39232635498047,106.82630471416888,104.6223812554915,105.13294708611987,14164600
2022-01-10,106.46039581298828,106.95393928837078,105.39672788782623,106.49443396564712,12626100
2022-01-11,108.89408874511719,108.91961574131815,106.22215494083217,107.09861643501219,14609000
2022-01-12,108.3494644165039,109.28548434248582,107.61766040967531,108.91107767051574,12469200
2022-01-13,107.89846801757812,109.0046851652669,107.60063582942966,108.18778255312283,9691300
2022-01-14,109.73648834228516,109.94070425563562,107.86442906717622,107.86442906717622,13281000
2022-01-18,110.0938949584961,110.62147012258924,108.80898221851098,110.35768254054267,12905500
2022-01-19,109.6939468383789,110.7490970903808,109.37909230918032,110.5789128224025,12064300
2022-01-20,109.30250549316406,111.3532602208765,108.81747321402956,109.14934355543949,11370400
2022-01-21,107.99207305908203,109.25995683187232,107.41343748648953,108.71536590179431,13055700
2022-01-24,108.22183227539062,108.68984877071583,104.52877377330671,105.89877861367981,19513700
2022-01-25,112.82538604736328,112.95303399458273,106.59654666094036,108.17078045371618,19984500
2022-01-26,112.91046905517578,114.62935989623776,111.97443617533354,113.08915797863797,17266500
2022-01-27,115.19098663330078,116.57801387302054,113.67632442609764,114.40812853620253,20654100
2022-01-28,111.14053344726562,112.3743856298815,108.97916596044165,110.62146298619209,24817800
2022-01-31,111.75321197509766,112.20420615086489,110.05134324111471,110.78314731609649,16401800
2022-02-01,114.69744873046875,115.50584684484492,111.05545032549237,111.32775558175156,16169700
2022-02-02,115.22502899169922,115.55689288479178,113.00408971200946,114.32304061479267,10906700
2022-02-03,114.19538116455078,115.1739634060975,113.33594219059377,114.74849625348425,9447700
2022-02-04,115.62496948242188,116.57801184768343,114.88464773119412,114.88464773119412,13034700
2022-02-07,117.89695739746094,118.64577080004847,114.73148056039511,115.16545240681157,18422500
2022-02-08,116.10150146484375,117.7948527546206,114.88465841779416,117.58211913656987,11021600
2022-02-09,117.25022888183594,117.71824533329476,115.81216085350128,116.3397359528403,10140800
2022-02-10,115.76111602783203,118.1011857484102,115.2080138330234,117.05454001806305,11012700
2022-02-11,118.11820220947266,118.65429503743765,115.96533921214738,116.45888272318638,12821200
2022-02-14,116.29720306396484,117.47149669267564,114.91869348885463,117.3778933891664,15945000
2022-02-15,115.44593048095703,115.94465574392699,113.65740257530472,114.4312920332447,11746800
2022-02-16,115.4803237915039,117.07967947173434,115.0159875279096,116.03923297931374,11348800
2022-02-17,114.88702392578125,115.72109737044767,113.88957337661608,115.36854815763995,10073900
2022-02-18,114.7236328125,115.14497302420259,113.54561738050968,114.20771967874241,10691800
2022-02-22,113.84656524658203,117.80196493797486,112.23002165699835,117.80196493797486,19428700
2022-02-23,116.55516815185547,117.01089736949065,113.98415682625897,114.30230394634931,16134200
2022-02-24,115.95325469970703,118.8596008622419,113.26186250867158,118.60163772767253,22108900
2022-02-25,120.70834350585938,120.81152352666494,116.45198395990184,116.90772633308107,28028000
2022-02-28,123.82102966308594,123.82102966308594,119.2207292155783,119.75385645971174,24394300
2022-03-01,128.73948669433594,128.94585981577492,124.42294402822068,124.68950110973597,31159900
2022-03-02,132.54013061523438,133.92451943080184,129.02327158457152,129.15224661188594,31329500
2022-03-03,134.32864379882812,135.1025201181041,130.48503096395265,130.92355912880228,22492900
2022-03-04,136.41812133789062,137.53595292236608,133.35699182264014,133.95889710026506,29034400
2022-03-07,139.33306884765625,139.38467197257972,133.89870741804174,137.4929510085663,34824700
2022-03-08,146.6333465576172,149.61709073865853,141.10439944485125,141.28496444823497,57231000
2022-03-09,142.97032165527344,145.97986103661293,138.61938967753926,139.96078227393394,43430000
2022-03-10,146.88270568847656,150.270575685826,144.70722687211895,145.0941780940337,34913600
2022-03-11,146.95152282714844,148.74005089896266,142.63499236207736,142.64358632376195,28423600
2022-03-14,143.35726928710938,144.75885906166388,141.2763892088964,142.9187411002325,25156200
2022-03-15,136.0999298095703,137.7422811259333,133.503124321344,136.81362194894083,28534400
2022-03-16,135.60986328125,138.00889055904673,134.32006056574488,136.53850969032817,22299700
2022-03-17,137.957275390625,138.43020559083956,135.79040354999157,137.535935190334,15750700
2022-03-18,139.06649780273438,139.06649780273438,136.52988891781285,138.34421157282335,23214700
2022-03-21,141.5687255859375,142.37700393974512,139.9177799171293,140.17574304800087,13180600
2022-03-22,141.09580993652344,142.10185444231803,139.79741330847426,140.75186780687702,11063900
2022-03-23,142.61778259277344,143.8989913152148,141.82670518796482,142.73816365175406,10755000
2022-03-24,142.99615478515625,143.9420023991567,141.87832294992484,143.1079287842916,9024800
2022-03-25,145.58433532714844,145.9110895595214,142.0158862589101,142.06747627022114,10254700
2022-03-28,143.03912353515625,143.2798856542548,141.99008296456196,142.65217223180724,9992000
2022-03-29,141.2935791015625,141.43114807133054,138.0088755781012,140.59707468953226,15102600
2022-03-30,142.291015625,143.03911003639834,140.72606199854584,142.0846556112765,9906000
2022-03-31,140.01235961914062,142.8757226889622,139.91777357945705,140.56267481714977,10395900
2022-04-01,141.20755004882812,142.69511828938866,139.58239975396629,139.96933780121017,8795300
2022-04-04,141.3365936279297,142.26525326440634,140.15857787747518,141.87831502934603,8718600
2022-04-05,140.4680938720703,144.21712039465186,140.2445328249596,141.90407243894802,9538200
2022-04-06,141.7148895263672,143.60659712358165,141.3021564245592,141.73209056576923,9269000
2022-04-07,143.6840362548828,144.1999494992718,140.51971324964305,141.96429919914777,8018400
2022-04-08,146.11741638183594,147.12347385586162,143.6152095583146,143.6410045581051,10801200
2022-04-11,142.35980224609375,145.12857938894942,141.80089306555976,144.9480143825522,10206100
2022-04-12,145.3263702392578,148.48208605496345,144.58688280556711,145.29198127235335,9528400
2022-04-13,147.61361694335938,147.96616616086695,144.70725735018718,146.97730955960557,7330700
2022-04-14,147.5447998046875,148.70562726858049,146.6591364971881,146.77092357579158,9421100
2022-04-18,149.5225372314453,150.08144652426506,147.78559913784093,148.75725476930393,7639000
2022-04-19,147.75119018554688,149.35054594994645,147.06329283473673,148.82602569601565,6970200
2022-04-20,148.35308837890625,149.2559527887925,147.4330360484679,147.5706050156348,7495000
2022-04-21,141.51712036132812,148.27568543630645,140.8722191637941,147.67378027605105,14594800
2022-04-22,138.3957977294922,142.28240604815593,138.3184127328394,141.345152767231,12160100
2022-04-25,135.420654296875,136.16873546961793,130.1496577693554,133.90727779222962,15449800
2022-04-26,134.5951690673828,137.89705982536626,134.4747880435151,136.5642746041694,9810600
2022-04-27,134.34584045410156,135.79041303506222,132.86686579042265,135.0681267445819,10396600
2022-04-28,139.1181182861328,140.15856494001878,133.21941987487804,135.38629215997523,9366400
2022-04-29,134.71556091308594,139.6770045278185,134.38880677039046,138.67955418104705,14713200
2022-05-02,137.3639678955078,137.57893498141627,133.40856826657222,134.4060186941194,11559000
2022-05-03,139.72003173828125,140.52829707491068,136.94264714681017,137.2092173924849,8827200
2022-05-04,144.1053466796875,144.3633098321621,140.56269295539303,141.85249559721493,9183200
2022-05-05,142.9617156982422,145.7476940422714,139.85759024426028,145.54132090253017,9807600
2022-05-06,146.7709503173828,147.01171243781934,142.23943983532467,144.6900702075805,10418100
2022-05-09,136.93405151367188,144.24293338410334,136.27194912930193,144.24293338410334,14110700
2022-05-10,138.24961853027344,141.18177246143867,135.74739873140052,139.47923697131466,11636000
2022-05-11,140.29611206054688,143.99354829779676,139.73718980483596,140.65725516457377,9105500
2022-05-12,141.62892150878906,141.74930255280321,136.59868641991514,140.3477129456348,8936400
2022-05-13,144.3461151123047,145.13719252613902,141.77511679748093,143.16809951308582,9229900
2022-05-16,148.7657928466797,150.45114029498416,145.19734505798857,145.3177260813998,13296300
2022-05-17,149.6428985595703,151.03588118721328,148.4218869900665,150.3393898733918,12827600
2022-05-18,145.6982879638672,150.96063288778916,143.73032568270082,150.95195500051278,13107500
2022-05-19,144.657958984375,147.0680569582521,141.1641833881256,142.72468181003904,10958700
2022-05-20,145.49026489257812,148.28180696207755,142.25656055001616,146.40922162511686,9615000
2022-05-23,148.87132263183594,149.94633577256388,146.60860285446097,146.88601749267184,10216400
2022-05-24,149.66888427734375,150.48381197150874,147.2154365360656,147.9783498205582,9782700
2022-05-25,152.07034301757812,152.57317110923708,149.9550018142159,150.10238040907458,10174500
2022-05-26,153.0933074951172,154.2550067739738,151.72353734289592,153.00662121924722,11213900
2022-05-27,154.55845642089844,154.61914872538293,152.3130792677624,153.03264289078632,10512300
2022-05-31,151.42013549804688,156.88187428044577,150.3884721112229,156.01493203652498,20547600
2022-06-01,152.8592529296875,154.4284161733258,151.6628684771951,153.2146891730977,8824100
2022-06-02,152.58181762695312,153.0239533589576,150.93463284169346,151.48947528574288,7441900
2022-06-03,153.9689178466797,154.53242490416432,152.5818052349673,152.5818052349673,8435300
2022-06-06,153.30140686035156,154.31572775310772,152.15703668688948,154.22902823263715,6734200
2022-06-07,156.2229766845703,156.62177590406122,153.37940741985668,153.85622825995847,9668300
2022-06-08,157.02926635742188,158.1302735772246,156.26635288414946,156.87320986130254,8715200
2022-06-09,153.89956665039062,156.60442179307935,153.78685994328302,156.0755865782858,9764600
2022-06-10,152.06166076660156,154.8098792571803,150.54451187491688,152.90259578198587,9529700
2022-06-13,145.06544494628906,149.1140635733324,142.23054014995878,148.77595663274172,14614900
2022-06-14,145.2561492919922,149.36544631727648,143.773672503,146.83397701118736,10269300
2022-06-15,142.4039306640625,145.51626342671506,140.3926315025197,144.58862886015146,11565300
2022-06-16,134.79217529296875,139.17890089524604,133.29236892706703,138.6587434901849,18125900
2022-06-17,128.6368865966797,134.7835035590421,126.3914962672394,134.27201084093878,35575100
2022-06-21,134.02059936523438,135.26033366258994,131.28973656683613,131.8185718689199,13772000
2022-06-22,128.19473266601562,130.73488006768338,126.85964756327522,128.36813168039978,13735800
2022-06-23,123.47858428955078,129.37379452035532,121.50195692223537,128.9923377953489,15713700
2022-06-24,125.50724029541016,127.5185395497179,123.62597709452051,125.88001913420176,11108300
2022-06-27,127.93464660644531,129.01832418536355,126.22676968379128,126.45216985795129,9242400
2022-06-28,129.9893035888672,131.93992335885983,128.40279792185476,130.80423129822202,9183300
2022-06-29,127.42316436767578,131.8705822094979,126.65158631752719,131.45445364599345,9082900
2022-06-30,125.5158920288086,128.23809003740533,124.32818543495075,125.31649902460718,10685000
2022-07-01,127.01571655273438,127.40585118570569,123.51327534499512,127.09375141642276,7684600
2022-07-05,123.677978515625,125.30782087060122,120.86041634082085,124.53624283494823,11513100
2022-07-06,122.04814147949219,124.19815477717476,118.59771467274118,122.81105497126258,12421200
2022-07-07,124.42355346679688,125.96670958924395,124.04209676623896,124.92638155130606,12741800
2022-07-08,123.77334594726562,126.09674477523356,122.3168761212727,125.60259458268338,7915500
2022-07-11,122.68096923828125,123.84268168159039,121.31119916156285,123.02775400810724,7056800
2022-07-12,120.43561553955078,121.0424724676284,118.9964882326175,120.0715013827042,8653900
2022-07-13,119.6293716430664,122.00478505706657,118.89246540342296,119.29992933896845,9414600
2022-07-14,117.85212707519531,118.04285542118147,114.90451560081107,116.43900702861295,10150200
2022-07-15,119.33457946777344,120.47028477537654,118.27690900588978,120.47028477537654,7051900
2022-07-18,121.00778198242188,123.22715167995776,120.57431092498169,121.85738155102833,7943900
2022-07-19,125.3685302734375,125.71530191239012,120.86909748560527,121.10317561756783,9152100
2022-07-20,127.02436065673828,127.6658893468339,124.25014857237257,125.2731339044097,7856600
2022-07-21,126.05339813232422,126.1140904396307,122.67232864137794,124.07677085631117,6724200
2022-07-22,125.00440979003906,126.83365853466546,124.33686052875167,126.19211648356556,5889500
2022-07-25,128.7235565185547,128.83626322223154,124.99570292352497,126.3134585909861,6210900
2022-07-26,127.71793365478516,130.6308468021996,127.03304189595575,129.6078613366417,6112800
2022-07-27,129.3997802734375,130.21470800927426,127.14573862529073,128.60219508454057,6223000
2022-07-28,130.3794403076172,131.31573949529977,128.3334561334564,130.63952562005488,6574300
2022-07-29,141.98782348632812,142.75073702216386,135.1563132243216,135.71115582443184,17143700
2022-08-01,139.1529083251953,140.323285759561,137.9738662298048,139.7337580976207,8017800
2022-08-02,137.96517944335938,139.98515633136813,137.2369511793571,139.48232827427475,5928300
2022-08-03,134.6881561279297,138.67609599549982,133.81254916802598,138.11257556394662,8751400
2022-08-04,131.02964782714844,134.75750205371182,130.67419833878677,134.65347321945518,10640000
2022-08-05,133.19699096679688,134.38469747534606,129.19172247984497,129.72922237799352,7170200
2022-08-08,132.9976043701172,134.35869672783684,132.77219093477743,133.15364761444042,5966900
2022-08-09,134.7315216064453,136.80351341403778,134.02930037875578,135.19100002032837,5842200
2022-08-10,135.08694458007812,135.65045173798163,132.58146883692297,135.2429878317479,6145800
2022-08-11,138.38133239746094,139.7164310121007,136.6474477134542,137.07225422329236,7888600
2022-08-12,138.5807342529297,138.63274867523705,136.23131476029056,137.19362125844674,7244700
2022-08-15,135.9451904296875,136.79478999524324,133.02359974614714,134.53207055439086,8975200
2022-08-16,135.59841918945312,136.90749701898912,135.08692651716623,136.46536130322218,7218400
2022-08-17,136.71678161621094,138.1385662880196,134.81817609106957,135.78916034562562,6741100
2022-08-18,139.11378479003906,139.67366867235089,137.4253764059413,137.47786343417607,6477500
2022-08-19,137.9502716064453,139.7436540238824,137.88902784183819,138.62388627370095,6834200
2022-08-22,137.25917053222656,137.9940290375352,135.0896219679987,137.0754659174138,9147000
2022-08-23,141.71202087402344,142.01819970118387,138.84261387534224,139.18379295906695,10354800
2022-08-24,142.7617950439453,142.90176936635848,140.55724618633926,141.42332228899886,9468100
2022-08-25,144.01275634765625,144.25770469643865,142.2543742691789,143.40038547570023,8050700
2022-08-26,142.9542236328125,145.33373317367227,142.12314797559438,143.6278248762398,7765800
2022-08-29,144.02154541015625,145.94614573200528,143.1554692584151,143.37417414382264,8462600
2022-08-30,140.51351928710938,142.2106714397333,138.88635430403247,142.00072327977992,8814300
2022-08-31,138.2739715576172,141.2046222967686,136.6030630663555,137.88030544232328,13582700
2022-09-01,136.06939697265625,137.24166505653838,134.0485663929099,136.89172930437803,8244400
2022-09-02,138.09022521972656,139.20999280211214,137.1016751865727,138.4314041964115,7526600
2022-09-06,137.4516143798828,139.962355034952,136.2181292200294,139.87486775896392,8550000
2022-09-07,135.69322204589844,136.31434962181072,133.51491718515518,134.77465911191354,9442100
2022-09-08,136.42808532714844,136.80426461754226,134.17980636816327,136.11314980327558,9232500
2022-09-09,139.9448699951172,140.53974082016987,137.81030837828467,138.5801537741746,8261100
2022-09-12,142.1581573486328,143.93403972330862,141.06463306133566,142.4293492360929,8920800
2022-09-13,139.45498657226562,142.29815008740198,138.86885908021839,141.20462565850337,10308300
2022-09-14,142.83175659179688,143.09420506208636,140.27728573492536,140.79342593899503,11160800
2022-09-15,140.51351928710938,141.45832605296252,139.6037127803736,140.5660063270977,9665000
2022-09-16,136.86549377441406,140.96839893559877,136.13064867504258,140.42601517397,43741600
2022-09-19,137.25917053222656,137.30291417579156,133.67241868755679,133.78613614240274,6813800
2022-09-20,136.71678161621094,137.2154351065716,135.01962975936186,136.5068201441614,8955200
2022-09-21,135.60572814941406,138.90380048416873,135.55324112981137,138.49263436570436,6877000
2022-09-22,135.5007781982422,138.46641547113916,135.36956062590886,137.87154467831493,6981100
2022-09-23,126.64762115478516,131.38038444507282,125.67657098808894,131.00421847218811,13919700
2022-09-26,123.31458282470703,126.89259196303907,123.25333904228985,125.59786262825483,9444000
2022-09-27,123.36703491210938,125.7727882501452,122.87713818633524,124.47804593353116,10121000
2022-09-28,127.53118896484375,128.1085730535718,123.69947518343146,124.2943594002476,8279800
2022-09-29,126.64762115478516,127.20750509377395,124.46057243237802,126.42015954449575,8197600
2022-09-30,125.685302734375,126.97128833191577,124.65302224039522,126.00023825517447,9402700
2022-10-03,132.73635864257812,133.2699990700992,129.73573417296785,130.32186163455884,9597400
2022-10-04,137.89779663085938,138.11650149725423,134.3985187685418,135.09836366205676,9520200
2022-10-05,138.68515014648438,139.7349309969465,135.42207677549627,136.33188328624672,10633100
2022-10-06,141.21334838867188,141.668258222172,137.52160938892249,137.6440835730935,9498300
2022-10-07,139.99734497070312,143.40913522924555,139.14876910022485,142.16689330565615,9972500
2022-10-10,137.46908569335938,141.2570543523746,136.85671493583897,140.84588826903632,5904500
2022-10-11,137.495361328125,139.90985802852663,134.81841614212473,135.37830001534908,7533300
2022-10-12,137.90652465820312,138.93006171707412,136.05191186934462,136.59429560600682,4942000
2022-10-13,144.5901336669922,145.2112612469821,136.77800368046772,136.77800368046772,10227500
2022-10-14,140.0935821533203,144.74762790061837,139.90986420069115,143.50537257056132,7327900
2022-10-17,141.11712646484375,144.26648189397324,140.93342185154455,142.8492652765221,5890400
2022-10-18,142.35061645507812,142.86675670689053,139.06130025608275,142.03568093133606,5631200
2022-10-19,146.96966552734375,148.0282029203372,143.1117086035665,143.1117086035665,9766800
2022-10-20,147.8094940185547,150.3114780757921,146.9171744789104,148.10692941554115,8871500
2022-10-21,151.510009765625,152.07863717030017,147.71329587759874,147.975731080564,7971300
2022-10-24,151.45748901367188,152.80470503421935,150.12775977030466,150.53892596168345,7007700
2022-10-25,153.03216552734375,153.09340929843236,150.617668563364,151.3962573681343,7280600
2022-10-26,154.92178344726562,156.13778202927514,153.24213159397317,153.3733625293674,6865300
2022-10-27,155.63038635253906,158.69225465451797,155.26296375814397,157.37128199261988,9177400
2022-10-28,157.4499969482422,159.96948117301244,154.43187259071917,158.75348270177392,10773900
2022-10-31,158.2548370361328,160.82680841782792,155.77035294105164,155.77035294105164,13281000
2022-11-01,159.4095916748047,161.40417883314058,159.12964306024577,160.85303834115567,9185600
2022-11-02,156.15525817871094,160.00445808285812,155.954053460426,158.28106284906946,8087500
2022-11-03,158.45606994628906,159.38337653691215,155.2017401404163,155.69163695442947,6607800
2022-11-04,160.45938110351562,162.19151986810053,157.9923972083414,161.7016231143743,7491900
2022-11-07,162.375244140625,163.04885887754128,159.31337596206043,159.65455502515306,7578000
2022-11-08,162.13900756835938,162.9350963434395,160.84427872833547,162.12152079322684,6308200
2022-11-09,155.65660095214844,160.8005430154092,155.0354866872594,160.62558181468063,8021700
2022-11-10,158.6048126220703,159.50587583575765,155.75289188671618,159.41838852719633,6981500
2022-11-11,163.1188507080078,163.67873465702795,160.87055817372172,161.0105324981483,8428300
2022-11-14,163.1975860595703,165.93576211250988,162.87389375622783,162.9876245667552,9722400
2022-11-15,164.50978088378906,164.8509598951939,162.07778416686554,163.6961919497105,7747300
2022-11-16,161.8328399658203,164.3085803832937,160.68681537890544,163.1887993095685,7941100
2022-11-17,162.29127502441406,162.41469661114158,158.92362118545242,160.01677996734068,6550500
2022-11-18,161.32151794433594,161.69178265887868,158.37700882059485,159.5318984314082,7661500
2022-11-21,159.7787322998047,160.18425453183693,155.0005353771942,158.4475281572348,8432900
2022-11-22,163.8781280517578,164.4687894433624,161.40087192585352,161.99153331745808,9018000
2022-11-23,162.4235076904297,163.2257412120216,160.960070817113,161.51547463755145,5831200
2022-11-25,161.94747924804688,163.35802339366737,161.60366096219445,162.99656960670956,2796400
2022-11-28,157.23977661132812,159.98151130273513,156.88714737431383,158.93242116249436,9365500
2022-11-29,159.5936279296875,160.31653542945793,158.37703406516874,158.91480245218628,6985400
2022-11-30,161.60362243652344,161.6300689559038,158.35056603331086,161.19810017139596,10936700
2022-12-01,160.8807373046875,162.69680347870508,159.95506871981095,162.44113584142488,5217400
2022-12-02,159.5936279296875,161.88575856824133,158.6238772475429,160.03442124849056,6852300
2022-12-05,155.65293884277344,161.28627707315164,153.9514830425677,161.03943388402277,8162200
2022-12-06,151.64169311523438,156.97529427458113,150.85708164713478,154.72724594851599,8765000
2022-12-07,152.09130859375,153.90737465349602,150.6190607351021,150.80418636926274,6936300
2022-12-08,152.9905242919922,155.51186236840704,151.65933344137392,155.3796297664044,8076600
2022-12-09,148.10653686523438,152.68197310284623,148.0448193512746,151.8973616301498,10754300
2022-12-12,149.64930725097656,150.32813261742174,147.85087672333933,148.92639986947398,9364900
2022-12-13,152.98171997070312,153.80160249486497,152.05605136030513,153.01699096741106,7838800
2022-12-14,151.92381286621094,154.20711881863366,150.98933326881433,153.82804305634548,7045500
2022-12-15,150.7865753173828,151.07750052731288,148.15945085612105,150.3986884894209,7272900
2022-12-16,148.7412872314453,150.00194957016242,147.3131212920442,148.57378363076128,23876000
2022-12-19,149.76393127441406,150.59262480506035,148.32694085629578,149.9666924195902,7131600
2022-12-20,152.2235565185547,152.77013590561228,149.5170926531517,149.70221830595457,6199100
2022-12-21,154.01318359375,155.12399137138615,152.65554608457143,154.44516589082457,5479400
2022-12-22,151.70338439941406,154.46275404642006,148.39743550678023,154.4186720374635,5755000
2022-12-23,156.39344787597656,156.55214044926328,153.12276932348098,153.4842230357989,6079100
2022-12-27,158.35939025878906,158.88833409750765,156.39344264165402,157.23977161632354,5168000
2022-12-28,156.02320861816406,158.0684961957472,155.09753990334318,157.6805958998645,4494400
2022-12-29,157.20449829101562,157.98028520030158,155.73223711861164,155.73223711861164,4142100
2022-12-30,158.2359619140625,158.64148416120125,156.65791458400716,156.94883973622868,5005100
2023-01-03,153.38726806640625,157.8040123975136,151.20092346063814,156.95768328367674,7565400
2023-01-04,151.7563018798828,153.6517075029318,150.61906119644195,150.7072117766171,7684500
2023-01-05,154.4892578125,155.32676248527747,150.9629110202197,151.19211871901754,6088200
2023-01-06,155.65293884277344,158.1478307097033,154.8947737756077,156.0584746260251,7191200
2023-01-09,154.43634033203125,157.21334630470062,153.7310817852687,157.15162878328942,8385600
2023-01-10,155.19448852539062,155.78516334468222,153.14921474835685,155.51186021775104,8307000
2023-01-11,154.45396423339844,157.0458308991565,153.6605417018961,156.82543425685657,6962600
2023-01-12,156.11135864257812,157.24859945156643,155.07107944690395,155.15043246534734,6891400
2023-01-13,156.5345001220703,156.91358932015547,154.87711316214433,156.12015338208883,5726300
2023-01-17,159.11756896972656,159.8492874559496,157.08109264082103,157.31031376418235,10697700
2023-01-18,156.2435760498047,160.7837547244472,155.9879218764249,159.4084818978408,8899200
2023-01-19,157.8040008544922,158.64150543120826,155.30029814761372,155.69700942585354,5907200
2023-01-20,159.47901916503906,159.88455494177796,156.4992654435673,157.63650630007982,10477900
2023-01-23,159.2674102783203,160.93360812020626,158.71200651371115,159.75228551314248,8381300
2023-01-24,159.4172821044922,160.44873665446644,157.53949862913444,159.64648974272805,5989000
2023-01-25,157.87451171875,158.71201620168793,155.4677843451033,158.0596373502923,6727500
2023-01-26,165.5531005859375,165.57073608010268,161.7534654357524,163.0846694804395,14307800
2023-01-27,158.2007293701172,162.41471268654567,156.8519028059687,162.41471268654567,19654700
2023-01-30,153.5723876953125,157.2221557921188,153.10514785927276,156.922419567479,11476000
2023-01-31,153.41371154785156,153.9514799387428,151.12158089278685,152.29409274348234,14481300
2023-02-01,151.06866455078125,153.09631620959425,149.46417064926945,152.7877555510135,11526400
2023-02-02,148.99691772460938,151.13035527144905,147.06625474211242,150.86589010394357,10463400
2023-02-03,149.3848419189453,151.23617910072363,148.53852634300472,149.74629564189289,8404900
2023-02-06,149.55235290527344,149.97551071414057,147.55114752167879,149.48182436180488,7659500
2023-02-07,153.4754180908203,153.73989677865765,149.52591362880258,149.93144941041248,10256500
2023-02-08,149.86968994140625,153.45775309281754,149.40245021950892,152.05602047518445,9784700
2023-02-09,148.4944610595703,150.4515845459261,148.10656077190413,150.07249528227229,10123400
2023-02-10,151.60646057128906,152.27646159714908,150.5573702826796,150.5750057826074,11602400
2023-02-13,150.76011657714844,151.54472809721736,149.66695782448016,151.0334197172592,9442900
2023-02-14,151.91500854492188,152.96408529359857,149.85208568863408,150.29287898624315,8077300
2023-02-15,150.31411743164062,150.7677099426938,148.97115844105568,150.66097510845992,8885700
2023-02-16,148.14402770996094,150.00282858514808,147.9928211731183,149.58481891472744,6727500
2023-02-17,144.83555603027344,146.60541376001348,143.94617592218668,146.5075814052894,9612100
2023-02-21,143.190185546875,145.63598064161977,142.92336882236674,144.2396474735152,7259700
2023-02-22,142.61209106445312,143.77717671465123,141.331381669442,142.54982794928856,6205900
2023-02-23,144.01730346679688,144.82664256078613,142.79885715379626,144.3019115938156,6445500
2023-02-24,144.4442138671875,144.61319824415278,141.54482628528254,142.98563116144925,5330200
2023-02-27,144.80885314941406,145.29800127595473,144.00840303433944,144.97782394409717,6386800
2023-02-28,142.98565673828125,146.14295912236435,142.54985556030348,146.14295912236435,10854200
2023-03-01,144.1240234375,145.49366258766594,142.82552274089036,143.119019752539,7470400
2023-03-02,144.57763671875,145.40476732485988,143.7149368774006,144.06179459715912,5582000
2023-03-03,146.7121124267578,147.2635236151353,142.67432013194806,143.07453836773368,6007500
2023-03-06,147.78826904296875,148.3485827707502,145.68933175592852,146.16070205772954,7703600
2023-03-07,145.885009765625,148.1707230277207,145.48479145386884,147.3702728333457,7393000
2023-03-08,144.96006774902344,147.00563112747648,143.52816524158828,145.1735102882076,5435800
2023-03-09,142.75440979003906,147.18353291900974,142.46981518533386,145.67157573530756,6214700
2023-03-10,142.00732421875,146.45422488409895,141.1179440856802,143.1368407875905,7385800
2023-03-13,141.15350341796875,143.14570589940462,136.78664443376306,139.13460705178503,10106100
2023-03-14,142.97671508789062,145.8761023942499,140.41531007420377,140.75326522515422,10035200
2023-03-15,136.78663635253906,140.4775576446058,135.19463867345078,138.37862046076654,14063100
2023-03-16,137.22242736816406,138.27190277254198,133.32695239111067,133.54929737999416,12849600
2023-03-17,135.48812866210938,138.1918511169447,133.94061634483896,136.6265338312421,33161800
2023-03-20,137.48036193847656,138.54761522360533,134.55429414071003,134.9545259971374,8469200
2023-03-21,141.6871337890625,141.91838128773264,139.16129770059504,139.77497210727722,9753500
2023-03-22,138.80555725097656,142.35417512704194,138.68103101026657,142.18519073849345,6315000
2023-03-23,137.42701721191406,141.19798016044183,136.19966832802203,139.65046746773973,7859400
2023-03-24,138.79666137695312,139.32139239838673,135.03458721441342,135.27472365015197,6600100
2023-03-27,140.2107696533203,140.94895677702078,138.4675922282017,139.98842462464657,7006800
2023-03-28,141.8472442626953,142.46980765024693,139.3480746548186,139.88170817035657,5605400
2023-03-29,143.065673828125,143.47479461785,141.70492345210997,142.8522177329386,7569700
2023-03-30,144.42640686035156,144.9778180764542,143.7060112855437,144.30189421249418,6322400
2023-03-31,145.11122131347656,145.60927186407835,144.21293896891433,144.70210060641955,7041400
2023-04-03,151.15013122558594,152.17292638799563,150.2340708934382,151.0167296513361,12868200
2023-04-04,150.34078979492188,152.20849323029935,149.16681524734946,152.20849323029935,7521400
2023-04-05,151.08787536621094,151.58592598374278,149.18460275157915,150.53645055034798,6478100
2023-04-06,149.1045379638672,150.66985530636254,148.64207017709407,150.6164946825703,5803200
2023-04-10,149.67376708984375,150.91000485323553,148.80217841479202,149.8516539618185,5923500
2023-04-11,150.50086975097656,151.49697090945443,149.47808828081523,150.36746819255916,5469600
2023-04-12,151.03451538085938,152.19069850324738,150.7232269581478,151.59481554253404,6157900
2023-04-13,153.05340576171875,153.39137451503512,151.03452286917684,151.41694976720348,6856600
2023-04-14,153.36468505859375,153.75601441892712,152.27964040343718,153.41804568575532,4930700
2023-04-17,152.01283264160156,153.45362394318946,151.39026933664766,153.32022236743583,7006000
2023-04-18,151.65707397460938,153.32021015050535,151.31021633442623,151.9238906757182,8045600
2023-04-19,151.7993621826172,151.8527363787293,150.39415381479978,150.71433113716776,5506800
2023-04-20,151.0612030029297,151.2479652089028,149.43363592513867,150.09176845971734,5851100
2023-04-21,150.41192626953125,151.7193158249254,150.1629009800143,151.04339197778805,7179000
2023-04-24,152.51087951660156,153.31132966392857,149.93168292944782,150.3941643320682,7177600
2023-04-25,150.2963409423828,151.55035651076983,149.7982767101944,151.47921804846277,5807200
2023-04-26,147.6193084716797,150.26076851292427,146.9522733818879,149.60263590968242,5927400
2023-04-27,148.4820098876953,148.87333931596567,146.80998447262715,148.01952842057,6417200
2023-04-28,149.9316864013672,150.25186375353985,145.9027959695307,146.303014267031,10036300
2023-05-01,148.7399139404297,150.065081435967,147.95725520904116,149.15792362007025,6099800
2023-05-02,142.3363800048828,147.08567987829977,140.92226895482955,147.03231924559782,10701700
2023-05-03,139.48147583007812,141.91838206936228,139.4014348820342,140.65545044731024,7538100
2023-05-04,138.93896484375,140.6999336994004,138.22745802634805,139.73051261575793,7500400
2023-05-05,142.487548828125,143.2968741612342,141.21572861176608,141.67820992415653,5802000
2023-05-08,141.92724609375,144.34636050781506,141.87388547107892,143.6971169805496,5028200
2023-05-09,141.51812744140625,142.67432404270318,140.44198534614884,140.61985861461133,5019800
2023-05-10,139.71270751953125,142.69213608812325,138.63656526855786,142.69213608812325,6161200
2023-05-11,138.93896484375,139.02790828499917,136.86670751459133,138.19188879236665,6666100
2023-05-12,139.29470825195312,140.45979402276134,138.35196750827208,139.63267703586274,4898900
2023-05-15,139.81056213378906,140.66437308114024,138.947862270114,139.8372424536252,5096700
2023-05-16,136.5287322998047,139.6504650912118,136.3686503981239,139.1701922444431,7007700
2023-05-17,138.48536682128906,139.11681902639464,136.92895180948705,137.66712527272608,6169600
2023-05-18,138.3147430419922,138.5213134699224,136.08748517539587,137.2909216779816,7477700
2023-05-19,139.410400390625,140.49709449033787,138.296778411545,139.10505331273245,8100900
2023-05-22,136.90472412109375,139.05115682805445,136.59038740976416,138.1171363567491,11661000
2023-05-23,140.8653106689453,141.61071272061045,138.16205313466446,138.4314826625129,10436200
2023-05-24,141.2425079345703,142.4100267643833,140.36237055457374,141.85320208027716,7064000
2023-05-25,138.8086700439453,139.76963210371616,137.856697646932,138.91643636700215,7037700
2023-05-26,138.3776092529297,139.76965049181914,137.8207982388763,139.4642896967278,7736200
2023-05-30,137.5154266357422,137.64115858721928,135.80008651996633,136.21319991606757,7814800
2023-05-31,135.2701873779297,136.88675063636484,135.03668912539314,136.09642777585137,13346400
2023-06-01,136.65325927734375,138.07224189223152,134.4798850050485,135.88090199844925,9887700
2023-06-02,140.33538818359375,140.77545674568668,137.95545771373173,138.82660517713433,9464300
2023-06-05,139.66184997558594,142.30223448078561,139.41937575235625,142.30223448078561,6443800
2023-06-06,139.91329956054688,140.24560185726395,137.58725200229034,137.7040079744141,6176400
2023-06-07,143.54161071777344,143.88288902806954,140.5509717823627,140.59587898694187,9900000
2023-06-08,143.01171875,144.1343301684301,141.0808188880486,143.83795910951423,7142200
2023-06-09,142.6704559326172,144.04453136117039,142.4549095836024,143.04765176557746,6669500
2023-06-12,141.29640197753906,143.09258071437358,140.30849819077758,141.05391401101465,7159600
2023-06-13,142.3561248779297,144.21517623971624,142.14059222410265,142.36511454100895,7660800
2023-06-14,141.08082580566406,144.38580110952654,140.23661978501025,143.6763029841884,7721100
2023-06-15,142.14955139160156,143.50566109216967,141.28739347062884,141.28739347062884,7705400
2023-06-16,141.23350524902344,143.01173176434068,141.23350524902344,142.41001363375494,22908100
2023-06-20,138.01834106445312,140.6138319965149,136.725104133357,140.2366224748891,10438700
2023-06-21,139.09608459472656,140.0660227489028,136.95862753068505,137.11130107758,7328200
2023-06-22,137.08432006835938,137.93750197505184,136.48260201408675,137.72196936083608,7088600
2023-06-23,135.9258270263672,136.2401500729654,134.8301569357837,135.62046623605687,15172700
2023-06-26,138.3147430419922,139.17691489241216,136.0964611360098,136.1683099321912,7371800
2023-06-27,137.88363647460938,138.94338887727395,137.24600080424895,137.85669489438308,6581700
2023-06-28,139.13197326660156,139.22178766555126,136.68019365731132,137.80280512541623,5773800
2023-06-29,140.31747436523438,140.34441594739633,138.7009109167428,139.59001053559697,5633500
2023-06-30,141.31436157226562,141.826265364468,140.64079457469288,141.41315194672652,6346600
2023-07-03,141.18862915039062,141.987928103401,140.7305948231422,141.16167386312108,3272600
2023-07-05,140.3803253173828,141.62866879865416,139.31159694132057,141.62866879865416,6318700
2023-07-06,137.29989624023438,139.94925692813553,136.17728461792413,139.3834562852895,9203000
2023-07-07,138.50332641601562,140.092948239164,136.47364962700598,136.63529911558655,6602200
2023-07-10,139.42837524414062,139.91333747620658,138.23391473286406,138.24289069324732,5167900
2023-07-11,142.00587463378906,142.26632820287995,139.79658264695897,140.10192971769888,5060500
2023-07-12,143.3709716796875,143.99963143304507,142.19447691902803,142.99377582767295,6464000
2023-07-13,141.45803833007812,144.23314463524994,140.61384591343327,143.55058800832842,8143900
2023-07-14,137.9285430908203,141.01797217869057,137.6770792072731,141.0089825161507,7065700
2023-07-17,137.8028106689453,138.43147037562312,137.08433655970472,137.72198592889112,4351700
2023-07-18,138.08120727539062,140.1647806881768,136.84183985903496,137.11126934568875,6798300
2023-07-19,138.92543029785156,139.90434430570346,137.65912114801307,138.1530729834559,5653100
2023-07-20,140.46115112304688,141.1706492940648,139.84148106094506,140.2456184766651,5866600
2023-07-21,142.51779174804688,142.64352370060726,141.05390181885775,141.4760048818294,8760100
2023-07-24,145.32882690429688,147.3225726772937,143.7032736505206,144.11640078603278,9722100
2023-07-25,145.99339294433594,146.84657502998803,144.28702877303175,145.40964038672004,6767600
2023-07-26,144.89772033691406,145.57128729315158,144.1882358393293,144.48460694452442,6056400
2023-07-27,143.388916015625,145.91254431758858,142.99375459967644,145.57126605767797,6470100
2023-07-28,142.679443359375,142.79619935411148,140.55995205351596,142.26632995358554,6542300
2023-07-31,146.9812774658203,147.26865887547055,144.2510787035,144.7091129525177,13056300
2023-08-01,145.75990295410156,146.9633393835359,144.18824660552878,146.9633393835359,7531400
2023-08-02,143.45179748535156,144.7899554517615,141.9519900256363,144.74504824681395,7067100
2023-08-03,143.39791870117188,145.22103890694206,142.6614925918055,143.61346506925136,6680700
2023-08-04,143.07460021972656,146.40651745990994,142.83211227840474,144.28702622258083,10185400
2023-08-07,143.59547424316406,144.9336320155861,142.86802422123603,144.6013297101507,13927400
2023-08-08,143.37994384765625,143.505675795003,140.29950428578405,141.84421889818933,6451300
2023-08-09,143.5685577392578,144.98754049444253,143.0746058776816,144.466647049849,10531500
2023-08-10,144.43968200683594,145.9215236471275,143.35298808786985,143.99063742447447,8647100
2023-08-11,147.42135620117188,147.4393218245996,143.85594050919545,144.1433356690173,6682600
2023-08-14,147.31358337402344,147.51116411175204,146.03829824198277,147.0800850947782,6060100
2023-08-15,143.01171875,146.75674879743252,142.88598681928593,146.7477591356834,7876500
2023-08-16,142.46389770507812,145.33778047541352,142.32020014062286,144.16128578691325,7920500
2023-08-17,144.8485565185547,147.01561731148615,144.14131584708434,144.33171934723643,8270500
2023-08-18,145.8912811279297,146.27211580404858,143.4068765242343,143.60635608393358,5999200
2023-08-21,145.40167236328125,146.95217021188677,144.57655354422536,146.16331411835395,6802300
2023-08-22,144.2047882080078,146.20864612780866,144.1413249824192,145.51954369116336,6080800
2023-08-23,144.3952178955078,144.5402964741851,142.08307820136162,143.38875773854792,4975600
2023-08-24,143.2073974609375,144.97549916853455,142.8628393410893,143.016980122218,5989600
2023-08-25,144.27732849121094,144.9936452700206,142.94444855462177,144.23200354495643,5291800
2023-08-28,145.2656707763672,146.70735278670605,144.3680126650757,144.64909375490166,4386100
2023-08-29,145.0389862060547,145.93663045412285,144.25920618963409,145.9003677294899,5374800
2023-08-30,145.23846435546875,146.2086618066148,145.01178425964454,145.61022303312967,5534900
2023-08-31,146.07264709472656,146.1995873843778,145.0117721595902,145.99103175209413,7003700
2023-09-01,148.97413635253906,149.3277566883378,147.468977452287,147.468977452287,6663000
2023-09-05,150.93264770507812,151.93003160481155,149.7901714201472,149.86271069501996,9755800
2023-09-06,151.08677673339844,151.8212178106577,150.13471784843418,150.7694191599267,7195500
2023-09-07,151.0958709716797,152.2383335744594,150.7694511086778,151.54923112387934,7925900
2023-09-08,151.6127166748047,152.77331762258,151.159356497222,151.80312020153482,7434400
2023-09-11,148.48452758789062,152.86398877615335,147.6775469860444,152.40156635333875,7155100
2023-09-12,151.25,151.59455811621962,149.69951614791722,149.88085742760285,7521100
2023-09-13,150.6968994140625,152.1023185372348,150.13473729897467,151.7940369796352,5759500
2023-09-14,151.6308135986328,152.78235211461018,151.53107382424972,152.05697319504682,8822800
2023-09-15,150.96893310546875,152.66449567456326,150.40677093506397,150.70599030057255,17439700
2023-09-18,151.62176513671875,152.65542569437625,150.87824787194498,152.21112777990507,7027600
2023-09-19,151.60362243652344,153.19945892493558,150.9054439728431,152.9546405844718,6615100
2023-09-20,151.1411895751953,152.79141311444536,151.05958807920288,151.48574767221046,5939100
2023-09-21,149.78111267089844,152.2111161759275,149.65417239579173,151.53107602311604,7150000
2023-09-22,150.7694091796875,151.80306948582347,150.46112768243378,150.72407040998547,5963000
2023-09-25,152.97279357910156,153.0362568080214,150.50651316471448,150.81479475764928,5510000
2023-09-26,152.1476593017578,152.7007592025308,151.40414206265683,151.82123946137617,5659200
2023-09-27,155.08541870117188,155.25769775482243,153.06343650588107,153.57119761003906,9124400
2023-09-28,154.67738342285156,155.6838433190513,153.62558475312997,154.64112070530481,7151800
2023-09-29,152.8911590576172,154.5957974984345,152.16579395003353,154.5867352769981,7396100
2023-10-02,151.00518798828125,152.845842868778,149.8173866458147,152.63728724472332,6839600
2023-10-03,151.3588104248047,151.74870734150917,150.07126928128827,150.44302791837885,6168600
2023-10-04,147.8316650390625,149.5907045563766,146.426259705031,149.3368239905223,9664700
2023-10-05,148.6114501953125,149.38216797702339,146.33558724513605,146.3627877470361,8073000
2023-10-06,147.0972137451172,149.03759441406706,144.15944916033365,148.98319341589732,10190400
2023-10-09,151.1684112548828,152.50129121799088,149.56351243156726,150.8601296698595,8183500
2023-10-10,151.00518798828125,151.78496797550062,150.22540800106188,151.21374361233592,6512900
2023-10-11,146.07264709472656,149.68139004520026,145.5104710958821,149.6723278228873,12570700
2023-10-12,146.19052124023438,148.0311624827235,145.89130185816828,148.0311624827235,7397000
2023-10-13,148.7565460205078,149.46378682286718,147.16072310359917,148.16718329702678,8042800
2023-10-16,149.9715118408203,150.3432704341447,148.56610663390222,149.91711084383664,5446000
2023-10-17,151.95724487304688,152.5103447844104,149.29148509812936,149.45470193917183,7538300
2023-10-18,153.16319274902344,153.87043348234363,151.94819085695582,152.7551713775624,6893500
2023-10-19,153.32640075683594,154.29658423589672,151.88470503548103,152.9637043533224,6580200
2023-10-20,151.2681121826172,153.32637063237357,150.60621039999876,152.7007315652553,7458300
2023-10-23,145.69180297851562,149.09200391250397,145.30191991243572,148.0674194391702,16232400
2023-10-24,142.0377197265625,146.05449757471706,141.8745167247651,145.88221851585124,17689900
2023-10-25,141.3304901123047,142.72684713578,140.69578866320407,142.3006874837866,10502400
2023-10-26,140.31497192382812,140.7048550270895,139.29944957537586,140.5507142303033,10830400
2023-10-27,130.88507080078125,137.14143485675976,130.53145046432076,136.66087424145329,24524300
2023-10-30,132.46273803710938,132.78009561095823,130.85785339802496,132.0728550293903,13857100
2023-10-31,132.13632202148438,132.85263867935822,130.77624181258355,132.47181788112016,14261300
2023-11-01,130.54957580566406,132.39021677932212,130.40451108273675,132.36301627905746,10819600
2023-11-02,134.88368225097656,135.10130006405697,130.41355862812873,131.0573221758833,11099100
2023-11-03,133.84095764160156,134.70233898963752,132.51714017707235,134.4665967388917,13160000
2023-11-06,133.28787231445312,135.4005320869025,133.00679125997942,134.85649442082575,10634200
2023-11-07,130.93948364257812,132.02754525043702,129.87862253725666,131.61952387692168,15054600
2023-11-08,129.11695861816406,131.15707918939142,128.98095611426348,130.45891455543097,12654100
2023-11-09,128.69989013671875,130.4861303530972,128.55481155858183,129.70635028992967,10359500
2023-11-10,129.6156463623047,130.0599442292052,128.5094466410029,129.92392790156535,11988200
2023-11-13,130.56768798828125,130.8397067720135,129.52496545866597,129.79697040694816,8747700
2023-11-14,131.51976013183594,131.92778143102717,130.4407609428859,131.00292300686263,11224400
2023-11-15,131.98219299316406,132.96145249089696,130.93947027447436,131.34749160633325,10052100
2023-11-16,129.89320373535156,131.4874260616543,128.94949323768347,131.03848482285963,14031300
2023-11-17,132.3578643798828,133.0267046887088,130.47042921144873,130.97435573747524,11075600
2023-11-20,132.2845458984375,133.4847981931184,132.1837606075607,132.51360210675008,8062400
2023-11-21,131.97300720214844,132.211234585312,130.7452693890815,131.7806078331873,6783300
2023-11-22,132.23875427246094,132.29372553489543,128.9311815046416,129.86573490747955,7216100
2023-11-24,132.76097106933594,133.71385271295335,132.11961649025574,132.21124456461632,3861000
2023-11-27,132.26622009277344,132.68768967578305,130.88272560028506,132.53191914823825,9850800
2023-11-28,133.31985473632812,134.24525065632503,131.99133168082977,132.65101460143913,9746500
2023-11-29,131.85394287109375,134.21780504455273,131.07514603028358,134.1261769525219,16417100
2023-11-30,131.5699005126953,133.77799188445354,130.13142071693014,132.8342813610529,16276000
2023-12-01,132.67852783203125,134.23610739293454,130.6536785970018,131.4691182129177,11906500
2023-12-04,132.73348999023438,133.4939582959388,131.24921020201808,131.93637884181922,11842800
2023-12-05,130.8918914794922,132.91675468630007,130.6811636642803,132.6327132199921,9597600
2023-12-06,130.58950805664062,131.96384513488815,129.5083695990495,130.01228201002317,18079700
2023-12-07,130.48875427246094,131.94554857169274,129.17855931893982,131.48743610170916,14786700
2023-12-08,132.22042846679688,132.55027002839532,131.1301184720553,131.48744566541325,10821700
2023-12-11,132.25706481933594,133.21908974294138,131.77146675945522,132.70600605555663,9849600
2023-12-12,130.5620574951172,131.56073935151818,129.87488877145867,131.17592654392743,9863900
2023-12-13,132.4952850341797,132.55941350814481,129.78325314425766,130.2596940128553,10641300
2023-12-14,137.3695831298828,137.3695831298828,133.63139809695454,133.63139809695454,14960500
2023-12-15,136.8382110595703,137.26883793341358,134.97827540466605,134.97827540466605,30850900
2023-12-18,137.1405487060547,139.37613990082036,136.8107211335323,138.19421582449718,11561700
2023-12-19,138.9363250732422,139.11041001831066,136.96644738852999,137.39707415354755,8738100
2023-12-20,137.6627960205078,140.2373858423169,137.48871104656632,139.40361779895665,9370000
2023-12-21,138.08425903320312,138.16671591781414,136.7190789169977,138.14838750551758,7264700
2023-12-22,138.39578247070312,139.62352055705526,138.12091218766582,139.0279799275439,6396100
2023-12-26,139.64186096191406,140.1915875947109,139.17457724647952,139.33034780528072,5165600
2023-12-27,139.18373107910156,140.1549272583076,138.66147616359484,139.51357260982087,5337200
2023-12-28,137.22300720214844,139.28451322736797,136.88399448238425,138.51487368611933,8148000
2023-12-29,136.66409301757812,137.6444462729267,136.21513783755148,137.4612041110418,7658600
2024-01-02,136.95729064941406,138.7897404027449,136.7374056265229,137.424574284022,8879700
2024-01-03,139.5685577392578,140.3565118087048,136.2243280575593,136.8748539674161,10255300
2024-01-04,138.0384521484375,141.41932439757164,137.9743096923157,140.7871269551504,8220300
2024-01-05,137.8002166748047,139.29366770637287,137.27797576186163,139.24785366617172,7455400
2024-01-08,136.9756317138672,137.15887391002985,134.30025650453862,135.98610707800867,10038200
2024-01-09,133.4939727783203,137.38792882630435,133.39318747432964,137.38792882630435,11784700
2024-01-10,132.39450073242188,133.78716652317354,132.03717357340145,133.78716652317354,8490400
2024-01-11,133.1091766357422,133.92461638627788,132.504464736113,133.36571853610275,8612500
2024-01-12,134.9324493408203,136.05940209006135,133.92459632573778,135.4455330646867,9386900
2024-01-16,131.65235900878906,134.30024842848843,131.55157370988772,134.23610597442277,9380400
2024-01-17,131.13011169433594,131.95472254595242,130.1405870606862,130.48875701895648,8167000
2024-01-18,129.93899536132812,131.19421874296498,127.9232898106242,131.0201338108151,11187800
2024-01-19,130.32383728027344,130.3329944964734,129.19687056595566,129.85655362490365,11192500
2024-01-22,130.55288696289062,130.7086435133757,129.11440720411574,130.02147485980396,9184600
2024-01-23,130.18641662597656,131.32254074387484,130.01233162608645,130.0948025074189,6767200
2024-01-24,132.77932739257812,132.83429865655776,130.30552265010445,130.74530674242587,8100000
2024-01-25,136.12353515625,136.23347766649977,133.0633334763057,133.97040112731221,9773600
2024-01-26,136.64576721191406,136.7557097150445,134.66671827267982,135.62875711651432,9151900
2024-01-29,136.5908203125,136.7190912491814,134.78585600174418,136.59997752923312,10494800
2024-01-30,137.54368591308594,137.71777089159332,135.3355943944198,135.76620726167044,9902900
2024-01-31,135.0790252685547,137.78189980733623,134.99656838593964,137.7727286111688,10428000
2024-02-01,135.50050354003906,136.53584217859284,134.24527986709006,135.77537381351596,8641100
2024-02-02,139.486083984375,140.53057981246914,137.02143676339855,138.22168914703065,12839100
2024-02-05,139.5685577392578,140.64969654265866,138.15756339187206,138.91803182940103,8277800
2024-02-06,139.5868682861328,140.67716416711434,139.0920990139729,139.72429642813145,6198200
2024-02-07,139.3853302001953,140.8970960367043,138.50574794480883,140.20076998736735,6252000
2024-02-08,141.1536102294922,141.37350924527746,138.94550479677818,139.22037507138907,9237000
2024-02-09,138.3865966796875,142.30805194187056,138.33162542497385,141.48344117972027,9194500
2024-02-12,139.33949279785156,139.82509090543672,138.7072953421885,138.91802316724844,6713000
2024-02-13,137.9834747314453,140.2465513397508,137.06724983676236,139.83423895275754,6987100
2024-02-14,138.35911560058594,139.44942545652103,137.50703316355035,138.60650023541143,5995100
2024-02-15,143.0643310546875,143.64784160897142,138.6277174431463,138.85001592713238,8950300
2024-02-16,143.22178649902344,144.27767956012102,142.7216184456947,143.907182088575,7570200
2024-02-20,142.63829040527344,144.12950946119548,142.48083424819302,143.99983885342124,6977900
2024-02-21,143.97203063964844,144.09244408971023,142.73089585590105,143.1662215705494,6628900
2024-02-22,143.96275329589844,145.0742315784283,142.48080580758105,143.39777115075813,8874900
2024-02-23,143.24960327148438,143.4904160807119,141.94362589901652,143.44410212004294,6561600
2024-02-26,143.05508422851562,144.07393478791735,142.48083071305427,143.13844087436598,6900800
2024-02-27,140.9340362548828,142.52714028066418,138.84076410333714,141.89730155433796,15093800
2024-02-28,141.10073852539062,142.50860074517357,140.58205616363753,141.11926693346305,6715900
2024-02-29,140.7950897216797,141.93435367429387,140.30419288344495,141.6286985260097,9334400
2024-03-01,141.5360565185547,142.96244706848938,141.0173741851361,141.75835500417705,7459100
2024-03-04,137.89601135253906,141.33228893870628,136.77527590063323,141.24893230501178,12503200
2024-03-05,138.5536346435547,139.50764278610225,137.3588137141139,137.8497105589962,6985500
2024-03-06,137.38658142089844,141.16557081508756,137.21059688935262,139.7021376085364,14692100
2024-03-07,138.34986877441406,139.6280605176445,137.49774565660564,137.54405961439608,8739300
2024-03-08,138.82225036621094,138.924135419408,137.4421735789118,138.34986778637207,7528400
2024-03-11,140.78582763671875,140.85992713670223,138.55362789870827,139.3964938113564,7577100
2024-03-12,140.68394470214844,141.3137833949428,139.66509422837876,140.6283736095855,6432900
2024-03-13,142.53639221191406,143.45335765362734,141.85098241510502,141.93435318837712,8065600
2024-03-14,144.21282958984375,144.24061513211376,141.48973338312265,142.42522708298816,9047200
2024-03-15,144.07391357421875,145.45397606243577,143.02727762030878,143.74047290687784,20387200
2024-03-18,143.94424438476562,145.1112796652601,143.5089186722644,144.5184978212422,7242700
2024-03-19,145.06497192382812,145.26874201640555,143.57375304616667,143.8423655013981,7736700
2024-03-20,143.14768981933594,144.88897850422293,142.85129183627126,144.26841112684417,8449100
2024-03-21,143.43482971191406,144.2035961514639,143.01803237633607,143.51818635242265,7899100
2024-03-22,143.24960327148438,143.82385681127738,142.78649193086767,143.638615101638,5974700
2024-03-25,144.92604064941406,145.7040641840262,143.81457643810614,144.00907525524204,6058700
2024-03-26,143.8145751953125,145.2872656158949,143.24030762022252,144.97235334980195,6677900
2024-03-27,144.81488037109375,144.89823699659232,143.4255467473213,143.4440610198549,7416900
2024-03-28,146.1023406982422,146.51913799224317,144.83340627615146,145.55585868789547,8331600
2024-04-01,147.34349060058594,147.81585903130883,145.36137483289318,146.59325256759985,6285700
2024-04-02,147.99183654785156,149.32559926887566,147.28791250421523,148.24192059130218,8815400
2024-04-03,148.6031494140625,149.07551783058238,147.93626804189643,148.28823713638258,7819700
2024-04-04,148.834716796875,150.00175222373005,148.02890763069195,148.93660185157918,9269700
2024-04-05,149.67758178710938,150.20552133394767,148.06594933242832,149.42749772121982,7432800
2024-04-08,149.37191772460938,150.51116752772333,148.50126624808652,149.72387269051822,7253200
2024-04-09,150.04806518554688,150.53896204594315,148.62168856219526,149.90913744507083,6576200
2024-04-10,150.6686248779297,150.76125278882725,149.13109200845372,150.24257040708474,7525800
2024-04-11,149.9461669921875,151.54852803508913,148.01036526832607,151.54852803508913,7682500
2024-04-12,147.2323455810547,151.7800876473839,146.38020838169473,150.3166542944445,11071000
2024-04-15,145.96340942382812,148.64946332001855,145.750382192883,148.14003808685877,7236900
2024-04-16,144.7500762939453,146.16719583427516,143.9535242403647,145.69482736517728,5541900
2024-04-17,144.86119079589844,146.07455412128044,144.15726679618612,144.481450318691,6733900
2024-04-18,145.94488525390625,146.38019682396512,144.85193536113124,145.54660223206184,4979200
2024-04-19,148.1956024169922,148.89026930332184,146.48208511083212,147.03782427310944,7734700
2024-04-22,149.97396850585938,150.69642103602075,146.75071766875206,148.14930877036477,6779200
2024-04-23,150.83535766601562,150.83535766601562,148.75135679387068,149.4089669323588,5597600
2024-04-24,151.502197265625,151.75226712548502,149.5385962641912,149.93687922568745,7610300
2024-04-25,153.08604431152344,153.38244227726145,150.6686031689753,151.62261115501605,9702600
2024-04-26,153.6510467529297,154.66062586493135,151.25213391992392,153.03973652375984,9736400
2024-04-29,154.05859375,154.78104618637553,152.53958937953936,153.6695819868004,6364000
2024-04-30,149.37191772460938,153.86408870638516,149.07551971854423,153.72516097418887,8457300
2024-05-01,147.85292053222656,149.5386383420882,147.17676784759524,148.91807088609815,7713700
2024-05-02,148.87173461914062,149.8442710456055,148.09371113118206,148.57535077598024,8597100
2024-05-03,148.4271697998047,148.80692445299937,145.45398907233087,148.80692445299937,11664500
2024-05-06,150.32594299316406,151.91904712495594,148.8717666094206,148.8717666094206,8430300
2024-05-07,150.6686248779297,151.11320775756113,150.06658585620033,150.33518418494737,6869900
2024-05-08,150.5482177734375,151.04838590053532,149.62199515751544,150.001749821972,6706400
2024-05-09,153.24351501464844,153.29908610525462,150.72418859825038,150.9928010468926,6683300
2024-05-10,153.58621215820312,154.14193714373505,152.84523137779436,153.78996809310848,5490900
2024-05-13,152.39138793945312,154.59580202858828,150.95574022705867,154.19751900141796,6848300
2024-05-14,151.53927612304688,153.01196662597079,150.99280819550177,152.2154146458236,4924000
2024-05-15,151.02059936523438,151.71526632263377,148.35307372624936,151.0946988699879,7603100
2024-05-16,150.7118377685547,151.56321480878347,150.1411362034917,151.12349322869815,6409400
2024-05-17,152.1900634765625,152.47073897913899,150.80541574646736,151.32933573754394,5497900
2024-05-20,150.7586212158203,152.4987920519833,150.69313836041385,152.2368320788618,4913800
2024-05-21,149.6640167236328,151.0580293844163,149.44883835174997,150.2347183605174,4783300
2024-05-22,147.4186248779297,149.24299408059483,146.43626783780297,149.24299408059483,6260500
2024-05-23,146.82920837402344,148.38226699396643,146.25850679805635,147.74606828638522,6718400
2024-05-24,147.58702087402344,148.7284240158697,147.16601479482554,147.8957624723013,4477700
2024-05-28,148.79391479492188,149.14943803776515,147.77414097026457,147.93318708528693,6928300
2024-05-29,146.7917938232422,148.2793697541269,146.3614370771557,147.83964811633228,5909600
2024-05-30,148.06414794921875,148.25127443753823,146.70756656338295,146.74499757134555,6369600
2024-05-31,151.8439178466797,152.10587786418606,148.2980784424142,148.41035721831,10334200
2024-06-03,147.3157196044922,151.26383494929786,146.38014413565463,151.08608760184768,9009900
2024-06-04,146.0714111328125,146.27723889015593,144.1815445770909,145.68782174178617,6360500
2024-06-05,144.99549865722656,146.90408082518562,144.57449250350777,146.09948525942843,7058500
2024-06-06,145.88426208496094,145.9684747186908,143.50790690216618,144.5463961445257,5215100
2024-06-07,146.02459716796875,147.5308739991367,145.13580347210487,145.6784388689709,5887700
2024-06-10,146.64208984375,148.00802190080873,146.24914989819555,146.33334825601136,7074700
2024-06-11,146.408203125,146.65144759577794,144.52768738777158,146.1088121371982,5132000
2024-06-12,144.28445434570312,147.47477021789786,142.5817000881391,147.34379021929672,10017400
2024-06-13,142.9933624267578,144.16283185436953,142.42266077505332,143.86345510429084,6163000
2024-06-14,142.74073791503906,143.4143390329422,142.17938699508173,143.26465782660088,6159100
2024-06-17,143.32083129882812,144.0131481201181,142.14199688290017,142.67528183786777,6321400
2024-06-18,143.4517822265625,145.9029852820451,142.99334512713142,143.65760996298067,6942900
2024-06-20,146.5485382080078,147.26893530314806,143.3769379972391,143.80730898642312,8336000
2024-06-21,145.27613830566406,147.51216280727755,145.22000606913141,146.6982168260606,21289800
2024-06-24,149.04652404785156,149.2617024061523,146.12753318482032,146.20238093460938,7971600
2024-06-25,148.25128173828125,149.09329387419746,147.5121691899627,148.8687506426043,5985400
2024-06-26,145.90298461914062,148.25128807149287,145.75328912501698,148.25128807149287,8637800
2024-06-27,146.24916076660156,146.82921297565755,145.61296203908185,146.60466972904794,5568700
2024-06-28,146.3426971435547,148.36354336177052,146.1088033018838,147.37183575720547,11283400
2024-07-01,146.43626403808594,148.47581153590033,145.93104533307394,147.03503171664818,5584100
2024-07-02,146.6514434814453,147.5589527586056,145.43519261018173,147.5215217483065,7216800
2024-07-03,146.61402893066406,147.5776704618785,146.47368405357346,146.82920727797222,3264200
2024-07-05,144.36863708496094,146.46433111144893,143.7792200171914,146.46433111144893,6183100
2024-07-08,144.38735961914062,145.27615343353511,143.44243356236834,143.44243356236834,4990700
2024-07-09,143.12432861328125,144.78965177535704,142.5349257861804,143.14304411952605,5301600
2024-07-10,145.1358184814453,145.42584457554452,142.48813834784133,142.6752505754136,5416600
2024-07-11,145.25743103027344,146.5859463812102,144.28443889851258,145.01418656627013,8322500
2024-07-12,145.56617736816406,146.3614221920001,144.60253581970284,146.09946221430667,6446300
2024-07-15,147.8583221435547,149.2429839411309,146.29591302097262,146.8385484374692,5661200
2024-07-16,147.60574340820312,148.11094787214816,146.09010146487105,146.89469692652312,6924200
2024-07-17,150.84283447265625,151.07672834859414,148.09224020750676,148.28871734462425,7296600
2024-07-18,151.53515625,153.696333247842,149.9166147243551,150.84282528014543,6577700
2024-07-19,148.89683532714844,152.21813121203715,148.2045185926401,152.01230345968355,6427700
2024-07-22,146.87599182128906,148.73777778957628,146.7450118321847,148.02674560240231,5577300
2024-07-23,144.162841796875,146.5111457059551,143.92894789522165,146.27725180430176,6238700
2024-07-24,145.07969665527344,145.6690995006489,143.53598854655453,144.7241734043414,5971700
2024-07-25,147.3905487060547,148.06416416569053,144.65867013119754,145.36035171200584,5432100
2024-07-26,147.6712188720703,148.79390650575692,146.94147119638663,147.56830500623042,5232500
2024-07-29,146.51112365722656,148.054817465525,144.88321720743562,148.054817465525,5072000
2024-07-30,149.28977966308594,149.77626861285813,146.3614239705902,146.38013947658092,5740900
2024-07-31,150.1317901611328,151.27319332602104,149.7388501942325,151.27319332602104,6209200
2024-08-01,142.78753662109375,149.2243010070681,142.23555046988085,148.48520260002456,16689900
2024-08-02,138.97972106933594,142.24486990369272,137.54829192618732,141.39350718493384,13278600
2024-08-05,135.34036254882812,136.37885198081582,134.17089311081273,136.14495809321275,13037200
2024-08-06,134.00245666503906,135.74262742968608,133.8995428029888,135.18129077138698,9692700
2024-08-07,133.2353057861328,136.3414089156193,133.11367640708784,135.26550283802504,8867900
2024-08-08,135.18130493164062,135.49004655013212,133.51598173547353,133.85278947603254,7531100
2024-08-09,135.6490936279297,136.6969335945359,133.96505491320622,134.91934589750767,7653100
2024-08-12,135.67715454101562,137.28634544266276,130.69053572408853,136.4443189797553,8442200
2024-08-13,134.8632049560547,135.23744372800135,133.83408045363763,134.79772209330744,7794800
2024-08-14,135.34971618652344,135.88300111452318,134.1895973388444,135.08775616862016,5874200
2024-08-15,137.3424835205078,138.0160990091553,136.10751703273775,136.21043090671859,6304200
2024-08-16,137.78219604492188,138.10963887634074,136.25720354269887,136.64079289092336,6874400
2024-08-19,138.90798950195312,139.75942545622436,138.01870360919048,138.1322245536208,5967400
2024-08-20,136.8834686279297,138.605265729234,136.76047796514945,138.43498429048333,7497600
2024-08-21,137.47947692871094,138.72825073520028,136.75101712087027,137.5835281800221,5985000
2024-08-22,137.86734008789062,138.43497371139568,137.29972089990827,137.5078522661586,4027000
2024-08-23,139.6553497314453,140.09999264583772,138.4255010938706,138.62416273233134,4824100
2024-08-26,140.48788452148438,141.99209477001745,139.58914336619543,140.93252746572074,5780300
2024-08-27,139.0215301513672,141.48125682316117,138.82286847045572,140.6487312846111,5100000
2024-08-28,138.12278747558594,139.201279896262,137.6308392590687,138.53905024067564,5614400
2024-08-29,139.46617126464844,140.1851613973786,137.59300326390152,138.55797472178125,4466700
2024-08-30,139.96755981445312,140.09055046390608,137.83895544758252,138.33090360987217,6414800
2024-09-03,136.85508728027344,137.90519945063977,136.49558499845608,137.69706807016905,7944700
2024-09-04,134.40481567382812,137.67812805348845,134.02638846181515,136.8361473556024,9820700
2024-09-05,133.32630920410156,135.4454582889067,133.01412660242994,135.4454582889067,9371100
2024-09-06,131.08416748046875,134.44263459068944,130.43139325136283,133.45875283188423,7836400
2024-09-09,132.7303009033203,134.35750172022824,131.06525014991436,131.1598605556383,9892300
2024-09-10,130.77200317382812,133.4682414631571,129.6935107452013,133.2979455873087,8202500
2024-09-11,130.44088745117188,131.00850665248558,128.06630165377865,130.75308450787978,9534000
2024-09-12,131.69912719726562,131.94509406728204,130.0056960380645,130.77199132111824,6591500
2024-09-13,133.02359008789062,133.89395107769337,132.17215406877486,132.3235105277018,5900700
2024-09-16,134.42373657226562,135.44546847019618,133.4587795871561,134.04532376659796,6864300
2024-09-17,135.67250061035156,136.36311035347273,134.09260505348823,134.14936552065976,7338800
2024-09-18,136.19285583496094,137.74437146449097,135.46439601292153,135.58738667308393,6180300
2024-09-19,137.1672821044922,138.86069892456192,137.11050719077429,137.94303269902224,7247400
2024-09-20,137.82003784179688,138.03763891561297,135.7009030642857,137.39431983278064,23162900
2024-09-23,139.5796661376953,140.41219150933674,138.07545597026953,138.35927275019466,6960600
2024-09-24,139.49452209472656,141.0555071291826,138.9836634515087,140.84737579125513,6014200
2024-09-25,136.20230102539062,139.4567029430112,135.75765806365047,139.02151524845954,7888400
2024-09-26,134.32913208007812,135.49276509754768,133.0425084125715,133.29793054423305,8046200
2024-09-27,137.64028930664062,137.90518113104667,135.13325780601826,135.2657037182213,8049200
2024-09-30,139.32424926757812,139.52291091613242,136.49556549929147,137.52675255079762,7491700
2024-10-01,141.62313842773438,142.39890337868317,137.60244136301785,138.45389175568278,9489100
2024-10-02,142.80569458007812,144.06393796607608,141.20687392843016,143.4963043781522,8105400
2024-10-03,143.0895233154297,143.9598843034988,141.92589024214982,143.14628379185461,6553300
2024-10-04,142.60704040527344,144.27207688267222,142.03940678759162,144.25315191261015,7892400
2024-10-07,142.96652221679688,144.50858241281122,142.55972920844962,143.32602445525959,5895900
2024-10-08,140.7244110107422,141.5285562764415,139.7594395790077,141.1501290308969,5892700
2024-10-09,141.57583618164062,142.25699073580222,139.40939630487821,139.55129748886094,4973500
2024-10-10,142.49349975585938,143.37333038720774,141.76505444389198,142.55026022842597,4420900
2024-10-11,143.25033569335938,144.11124133102757,142.1434632030095,142.26645384711114,5051300
2024-10-14,143.59092712402344,143.70444807715222,142.07724704986572,142.39891380960228,4214700
2024-10-15,139.75942993164062,141.86912378667412,139.598603776707,140.7717065036328,6704600
2024-10-16,140.70547485351562,140.98929165622982,140.21354112670141,140.34598704323173,4303700
2024-10-17,143.04220581054688,143.1651964559105,140.9325264834734,141.20687357445175,6593100
2024-10-18,142.6165008544922,142.92869791200857,141.320421850837,142.68273103435462,5208200
2024-10-21,142.73947143554688,144.25313686560412,142.3705139531963,143.79903868013906,5074000
2024-10-22,142.77732849121094,143.49631859636958,142.1150988633644,143.08952555195071,4416400
2024-10-23,142.36105346679688,142.85300162028307,141.23525597878134,142.24753252196237,5248600
2024-10-24,142.33267211914062,143.27871848009937,141.32041001938612,142.97599115106394,5474300
2024-10-25,142.67324829101562,143.9125667046722,142.34214072853553,143.22195690842116,6839900
2024-10-28,142.41781616210938,142.56918704793267,140.166235586457,140.25137629641176,8892000
2024-10-29,140.50680541992188,142.30428767842375,139.89186664215543,141.9447854525148,6014700
2024-10-30,140.06214904785156,141.57581437409235,139.69319159080635,141.0365755224971,5784000
2024-10-31,140.79063415527344,141.50016896524298,139.9108034844394,140.73385924463685,8400900
2024-11-01,144.8113250732422,147.51700383872756,143.51523172760696,144.25314674283425,11728000
2024-11-04,145.6627655029297,146.0884834962346,144.3855970874924,146.0884834962346,6130000
2024-11-05,145.1329803466797,146.3249936028707,144.31937987278104,146.19254768551613,5978900
2024-11-06,149.21041870117188,150.0523993031591,147.69673889656724,148.6238746337598,12118900
2024-11-07,148.31170654296875,149.48479490646176,147.96165953905137,149.41857916119517,8143200
2024-11-08,148.4630584716797,149.07799730893473,147.27104517356622,148.1508758548465,6041500
2024-11-11,148.05624389648438,149.41855285927272,147.488610350149,148.6617129426658,7771700
2024-11-12,146.91152954101562,148.97391806523405,146.75070339574745,148.81309191996587,5681900
2024-11-13,150.156494140625,150.44031096356468,146.19255719377878,147.64947681495826,8824000
2024-11-14,153.0703125,153.09869273754623,151.06468428842223,151.21605517901727,10111200
2024-11-15,152.7108154296875,153.61902636857747,152.08642131142085,152.805425848403,9022800
2024-11-18,153.63783264160156,154.36417163865914,152.02271708548383,153.44669617287298,6075400
2024-11-19,152.5292205810547,153.3224361206475,151.71687243882286,152.89237546178563,4657400
2024-11-20,154.18258666992188,154.2877139149896,152.70125351952274,152.8254987862695,6391300
2024-11-21,154.4692840576172,155.44408432940313,154.14433605091213,154.8420052398357,7945200
2024-11-22,155.16696166992188,155.40588591401925,154.0105619120679,154.3546134068793,7005900
2024-11-25,153.25555419921875,155.9410601327535,152.74903601303205,154.96624521964182,10702400
2024-11-26,155.3294219970703,155.7212612410896,154.24947979181945,155.11916750431743,7369500
2024-11-27,154.9280242919922,157.38415773005283,154.45017584430641,155.54922144087274,7674500
2024-11-29,154.7559814453125,155.5396598495097,153.54225696482624,155.06181143215326,5077000
2024-12-02,155.0236053466797,155.7308117415139,153.01663596166952,155.10004826819323,6229600
2024-12-03,154.74642944335938,155.9697202229293,154.23991128851134,155.75946575305542,5900100
2024-12-04,151.30593872070312,154.66998127604168,150.8663117346017,154.66042955693544,7862700
2024-12-05,152.27117919921875,153.55180946438122,151.6595338052026,152.23294315928098,6358400
2024-12-06,148.36239624023438,151.79334470929103,148.29549045559165,151.71688720517557,9701700
2024-12-09,150.12088012695312,152.98797100504746,149.87240416731848,150.04442262027052,9404500
2024-12-10,150.04441833496094,152.45277868695467,149.7577063387844,152.0131516817803,9126200
2024-12-11,149.2894287109375,150.2068896272443,148.89758945701686,149.9106259025457,13764700
2024-12-12,147.8558807373047,149.5952415936887,147.43537174837414,148.9644781102929,7621500
2024-12-13,147.05308532714844,148.09480608766475,146.2885394318261,148.00878227907953,5816200
2024-12-16,142.74290466308594,147.0722109113095,142.6377774096571,147.0722109113095,11961200
2024-12-17,141.54827880859375,142.06434875596605,140.40144536116094,141.44315155858368,11909300
2024-12-18,137.69680786132812,142.0834530292247,137.60123234046648,141.21376537082566,10174500
2024-12-19,134.8966064453125,138.3466727057409,134.7054699891744,138.16510255121463,16544300
2024-12-20,136.52130126953125,136.52130126953125,134.32319559131145,134.58123782477128,32209200
2024-12-23,136.635986328125,136.99915581493528,135.2693321843971,136.16768959948948,8156500
2024-12-24,137.46743774414062,137.65857420640052,135.95743490156602,136.7602313755013,3556100
2024-12-26,137.6012420654297,137.91662380723025,136.56908761484,137.304978345708,4492600
2024-12-27,137.62033081054688,139.2545786553431,137.03735521477452,137.89747644923045,5296500
2024-12-30,136.73155212402344,137.60122515422665,136.04344924153156,137.41964042373903,6194800
2024-12-31,138.4231414794922,138.90098995014725,136.97049262830097,137.1616291000074,6137800
