Price,Close,High,Low,Open,Volume
Ticker,MCD,MCD,MCD,MCD,MCD
Date,,,,,
2010-01-04,40.55768966674805,40.745038621251524,40.25405778864026,40.460786819677054,5839300
2010-01-05,40.24761199951172,40.53832558423192,40.17654840497951,40.48018286728788,7099000
2010-01-06,39.698482513427734,40.318669761510385,39.446531597919474,40.183004263068256,10551300
2010-01-07,39.98918914794922,40.27344097144792,39.47882573503608,39.56926938504,7517700
2010-01-08,39.950435638427734,40.318671991367744,39.795387585629484,40.22822832073759,6107300
2010-01-11,40.260536193847656,40.33159979423423,39.956901706525244,40.06672794286967,6081300
2010-01-12,40.48017120361328,40.48017120361328,40.05379222367933,40.073172302274834,7199400
2010-01-13,40.43495178222656,40.8871725367876,40.4155717024784,40.609379893174605,8623000
2010-01-14,40.47372817993164,40.52540923164951,40.11195096028374,40.41558545649547,7095600
2010-01-15,40.23469161987305,40.686912483433936,40.086105222378336,40.48664257494692,9429100
2010-01-19,41.00992202758789,41.22957199368028,40.55124201334956,40.63522647625683,8551500
2010-01-20,40.706275939941406,41.08743305239355,40.5383095266391,41.01637195041471,6996800
2010-01-21,40.82903289794922,41.087443016806624,40.57062031468677,40.68044652511507,11724100
2010-01-22,40.95177459716797,41.84975444009536,40.57707908902206,40.848410064120316,15645900
2010-01-25,40.75796890258789,41.087442601734324,40.64814269326907,40.919476149394086,6382200
2010-01-26,41.223121643066406,41.345866296447944,40.538329845345444,40.538329845345444,9292700
2010-01-27,41.17143249511719,41.34586064042261,40.89363979678692,41.132669863580865,8080800
2010-01-28,40.59000015258789,41.261868388321716,40.53831665362112,41.24894751358003,8560100
2010-01-29,40.33159255981445,40.84195608522177,40.30575080714455,40.583543487333074,7589600
2010-02-01,41.27479934692383,41.32648285851741,40.59001006914721,40.59001006914721,8062700
2010-02-02,41.36524200439453,41.378165346378665,40.92594202433966,41.261877448170175,7271400
2010-02-03,42.12757110595703,42.47642752806327,41.73995450210984,41.75287291975265,13695300
2010-02-04,41.384605407714844,42.16629970311026,41.35876366297341,42.11462114243622,10868400
2010-02-05,40.93886184692383,41.56550837470794,40.46080171085782,41.39108269290369,14007600
2010-02-08,40.64813995361328,41.21664611408758,40.64813995361328,41.009917049261446,6975100
2010-02-09,41.06807327270508,41.248960647876295,40.55125044049755,40.79674220994824,10131500
2010-02-10,40.86133575439453,41.236033771104246,40.68044841634441,41.04868476274939,6161300
2010-02-11,41.210201263427734,41.24250222898206,40.402664802541025,40.86134492086731,7478900
2010-02-12,41.08099365234375,41.2748019040157,40.82258100717739,40.83550188587627,6749800
2010-02-16,41.35232925415039,41.46215303200105,40.880725783363026,41.022852991786934,7090200
2010-02-17,41.513824462890625,41.57196470642149,41.1972691720385,41.481521041722324,5424600
2010-02-18,41.65595626831055,41.74639994308058,41.345860148519975,41.416923739955095,4975800
2010-02-19,41.82392501831055,41.920830374782646,41.53967554915321,41.643037648261924,5622600
2010-02-22,41.84332275390625,41.946689825427725,41.752879030731584,41.946689825427725,4274900
2010-02-23,41.90791702270508,42.02420247875534,41.79808831007133,41.84977183027406,7485700
2010-02-24,42.15986251831055,42.34721155797644,41.84330469500725,41.96605180726,7579700
2010-02-25,41.94485855102539,42.11425515388984,41.54091682053219,41.886224133131996,8500000
2010-02-26,41.59954833984375,42.17288908434971,41.59954833984375,41.99697591202982,8288400
2010-03-01,41.684242248535156,41.78848533148255,41.482270187983474,41.684242248535156,6320300
2010-03-02,41.74288558959961,41.97091659211812,41.63864249054093,41.97091659211812,6271700
2010-03-03,41.456214904785156,41.918790985110554,41.338941115550014,41.86015657584434,6396100
2010-03-04,41.32590866088867,41.56045622938425,41.241210375520545,41.56045622938425,5958200
2010-03-05,41.48227310180664,41.5409099954178,41.20863592185544,41.514851086863864,8154600
2010-03-08,42.4269905090332,42.70062775682324,41.847138020319335,41.96441183661562,11825600
2010-03-09,42.41395950317383,42.674568549525496,42.24456287743963,42.34229189115952,7126900
2010-03-10,42.30971145629883,42.50516447879991,42.17289284933709,42.36182927987716,6900200
2010-03-11,42.48561477661133,42.48561477661133,42.133793411817365,42.21849418543792,4350400
2010-03-12,42.69409942626953,42.98728637175698,42.58334223319099,42.64849323084293,6601700
2010-03-15,42.9547119140625,43.1241084984266,42.79834851272029,42.80486013352832,5715100
2010-03-16,43.04591751098633,43.15667469565772,42.87000933360835,43.143646485397255,5705600
2010-03-17,43.24790954589844,43.28700413839284,42.915637819276604,43.15018549142419,4818800
2010-03-18,43.4433479309082,43.48243753500334,43.23486175789668,43.30652934587275,6206700
2010-03-19,43.34563446044922,43.59321529685083,43.000329578840905,43.34563446044922,10230100
2010-03-22,43.658348083496094,43.814711461226544,42.9351606267773,43.04591781222378,7386400
2010-03-23,43.8798713684082,43.8798713684082,43.54108315271841,43.743052763762144,8057700
2010-03-24,43.521549224853516,43.7756416927999,43.378213992534135,43.64533467673483,6363700
2010-03-25,43.58667755126953,43.93849885538977,43.54758298145496,43.736524328336294,5705600
2010-03-26,43.821231842041016,43.94501724854587,43.60622907237628,43.71046967631208,5984100
2010-03-29,43.697452545166016,43.9645781698848,43.38472071265425,43.95154498439889,6522600
2010-03-30,43.80820083618164,43.9710808266188,43.59971464725019,43.72350503060734,5093500
2010-03-31,43.46941375732422,43.90593094991528,43.410774374498416,43.74956754688473,5765600
2010-04-01,44.02971649169922,44.11441229012494,43.69092335659151,43.69092335659151,5474200
2010-04-05,44.32291030883789,44.4336675296233,44.14700207410246,44.14700207410246,4875200
2010-04-06,44.179569244384766,44.277298237718,44.075328630011576,44.153507848115694,3318300
2010-04-07,44.10790252685547,44.388056328955514,43.821237103585624,44.173058504178925,6623700
2010-04-08,44.798519134521484,44.9744273573965,44.21866669926582,44.238211505062665,7141000
2010-04-09,44.746395111083984,44.80502952686603,44.39457370428192,44.73336689781129,5622100
2010-04-12,44.648677825927734,44.85716408790207,44.544437180292846,44.80504127973234,4025000
2010-04-13,44.902748107910156,44.98744887199634,44.50532059078887,44.74638473139261,5652600
2010-04-14,45.228515625,45.30018322014942,44.98745641468192,45.072152222266254,6193000
2010-04-15,45.05911636352539,45.27411414178664,44.93532599823701,45.15684036696136,4767200
2010-04-16,44.97444152832031,45.137321588886856,44.518379347015994,45.0265643406708,7876100
2010-04-19,45.55427169799805,45.58684968233953,44.94835797244514,44.954874563453934,7157900
2010-04-20,45.82790756225586,45.9907875379034,45.57381519790188,45.593364970369585,7340300
2010-04-21,45.840938568115234,46.38170125456699,45.63896899852328,46.01033512654514,10738100
2010-04-22,46.277462005615234,46.56413237890111,45.68458142624099,45.76927723166507,7139600
2010-04-23,46.35565948486328,46.48596152607061,46.09505043174437,46.40126569635627,5923700
2010-04-26,46.27095031738281,46.53155932337644,46.08201388300837,46.4533801010707,6035600
2010-04-27,45.95170974731445,46.472927791658606,45.86701392765758,46.0689835587567,8154400
2010-04-28,45.82790756225586,46.08200489731222,45.45002979648737,45.919124921664675,7589400
2010-04-29,46.596710205078125,46.71398400892016,45.98428475897273,45.98428475897273,7357400
2010-04-30,45.99079895019531,46.72050321162013,45.8604969256247,46.60322940122513,6966600
2010-05-03,46.531551361083984,46.80518853373709,46.02988321121996,46.17973000880035,5990600
2010-05-04,46.02336120605469,46.45336668738302,45.80184684588088,46.355637717017316,7240200
2010-05-05,46.03639602661133,46.29699999593515,45.691086322923276,45.86699946998916,9577700
2010-05-06,45.228515625,46.57716177899809,43.97108187015518,45.89958040621458,16489600
2010-05-07,44.30986785888672,45.163357300049825,43.925468549881295,44.96789935029085,15280700
2010-05-10,45.98429870605469,46.29051400733445,45.44353572595232,45.652021999271874,10903300
2010-05-11,45.91912078857422,46.32305991057283,45.691084866630824,45.71714625687298,6709900
2010-05-12,46.04291915893555,46.218832349986805,45.70413093168262,46.08201374067101,5655500
2010-05-13,45.93215560913086,46.45337354758645,45.899577623963886,46.06897419956736,5734000
2010-05-14,45.33926773071289,45.899575245775594,45.020024369568645,45.788818055070784,9111400
2010-05-17,45.697601318359375,45.7692688986326,45.18290004671614,45.489115167755955,7467000
2010-05-18,45.619441986083984,46.134143537964476,45.50216815184913,45.95171867820017,6897800
2010-05-19,45.215492248535156,45.57382529190438,44.88973222508851,45.384888852524384,7814300
2010-05-20,44.08184814453125,45.18943022053615,44.06229836800592,44.65518398835562,13571000
2010-05-21,44.2121467590332,44.32942055563686,42.707137178205464,43.69744537231177,12614800
2010-05-24,44.08184814453125,44.6356391825337,43.821239135264385,44.19911697946275,6733300
2010-05-25,44.19911575317383,44.19911575317383,43.1306233184577,43.38471572849975,9257900
2010-05-26,43.0068359375,44.342448934758394,43.00031934580227,44.231691729412184,11525200
2010-05-27,44.150001525878906,44.150001525878906,43.37474828718942,43.6309805977223,9728000
2010-05-28,43.933204650878906,44.432516641771166,43.8543635411479,44.176289300730446,7164800
2010-06-01,43.59811782836914,44.222260060212236,43.38787997014627,43.51271042150126,5367700
2010-06-02,44.52448272705078,44.54419675821,43.49300231158248,43.709811542134396,5750400
2010-06-03,44.5770378112793,44.839836389682716,44.30767290245362,44.5441911217701,4402500
2010-06-04,43.82151794433594,44.73473962324188,43.7032587694612,43.900359065075335,7558000
2010-06-07,43.85436248779297,44.55734607548809,43.525865390506134,43.78209272539243,9808400
2010-06-08,44.925235748291016,44.971225115336935,43.23676182608355,44.123707495842844,13565800
2010-06-09,44.8464241027832,45.26689997672787,44.701884581277014,45.12236045522168,8921800
2010-06-10,45.575687408447266,45.601967776761306,45.14206884996726,45.319460082970075,6743600
2010-06-11,45.68735885620117,45.69393019904377,45.16833304588707,45.240602779757765,5367100
2010-06-14,45.52968978881836,45.97644594448305,45.52968978881836,45.95673191245948,4525300
2010-06-15,46.25239181518555,46.3115188860922,45.89104300697424,45.95017509034876,6419900
2010-06-16,46.18013000488281,46.31809820655503,45.996172402653194,46.02901911021207,4548500
2010-06-17,46.022430419921875,46.370636428204435,45.58224064273862,46.35092741074939,7014900
2010-06-18,45.91074752807617,46.272096300849476,45.86475813994752,46.153837158166155,8817900
2010-06-21,45.93702697753906,46.31808476440861,45.83847685852559,46.166973913592315,5203100
2010-06-22,45.096073150634766,46.23267511201076,45.036946089549495,45.9961568427356,5487700
2010-06-23,45.08951187133789,45.5297018117011,44.98439540178851,45.21434237811667,5443200
2010-06-24,44.49821090698242,45.03037450376387,44.41936981349121,44.95810475451368,5942800
2010-06-25,44.2945442199707,44.86613093276484,44.26169752007734,44.48507312423542,8041700
2010-06-28,44.235408782958984,44.603323831944294,44.18284805811348,44.39965728875123,4427700
2010-06-29,43.66383361816406,43.88064290560547,43.42074396141449,43.7623837499527,8715200
2010-06-30,43.27621841430664,43.913498705298075,43.230229011606866,43.55215483050527,7204900
2010-07-01,43.82807540893555,43.95290589078416,42.90828267484859,43.83464675336631,10924400
2010-07-02,43.45359420776367,44.01860959762614,43.335335056107155,43.854361054351415,5280600
2010-07-06,43.43387985229492,44.08430260032106,43.11852048243754,43.703244823712964,5940700
2010-07-07,44.222267150878906,44.261690201687166,43.3616065639772,43.4207336214895,6623200
2010-07-08,45.345726013183594,45.431138445567186,44.379948993846234,44.54419750231722,7871200
2010-07-09,45.477134704589844,45.549404460243196,45.168346659974134,45.385155926934196,4513000
2010-07-12,45.95016098022461,45.989579015391435,45.30630466852395,45.30630466852395,5420800
2010-07-13,46.54145812988281,46.69256897347177,46.068426603683406,46.27866450837215,6072100
2010-07-14,46.58087921142578,46.63343993848995,46.09470501724921,46.318080588571725,4476100
2010-07-15,46.8633918762207,46.948799307503094,46.27209616454588,46.58088420355759,5470100
2010-07-16,45.95016098022461,46.83053051539255,45.89760025835796,46.7516944450589,5981000
2010-07-19,45.930450439453125,46.23923339213032,45.6282288049756,45.96986847331273,5072700
2010-07-20,46.56119155883789,46.62031864456841,45.62168943441195,45.64139846298879,5474300
2010-07-21,46.061866760253906,46.64659123530463,45.75965001008475,46.60060183881081,5734400
2010-07-22,46.909385681152344,47.00136446579934,46.32466125912447,46.32466125912447,6717900
2010-07-23,45.92388916015625,46.75826947198441,45.29317541785609,46.48890449413775,12238900
2010-07-26,46.56119155883789,46.56119155883789,45.9239062350181,46.0158850433561,5525400
2010-07-27,46.25239181518555,46.666296348935695,45.98302179225205,46.666296348935695,6214900
2010-07-28,45.83847427368164,46.23924105926108,45.57568065442108,46.127553269828645,6708400
2010-07-29,45.5822639465332,46.153850807283,45.26690948109589,46.120999086418394,5131700
2010-07-30,45.812198638916016,45.97644715617341,45.06322078875273,45.28003003452455,5990300
2010-08-02,46.15383529663086,46.31808382081816,45.943597386169806,46.31808382081816,5873100
2010-08-03,46.28523254394531,46.54145984307687,46.02900524481375,46.127555362741404,4946000
2010-08-04,46.44291687011719,46.61373173573666,46.12755748076192,46.239245280390215,4567100
2010-08-05,46.28523254394531,46.318084254076936,45.884465740182165,46.318084254076936,5441500
2010-08-06,47.13276672363281,47.17218978764,46.0027357964824,46.09471960418691,6775300
2010-08-09,47.90800857543945,48.18394489448437,47.53352213888787,47.57294519337085,8921200
2010-08-10,47.85546112060547,47.947444931605986,47.28387930293828,47.63208547059038,5689700
2010-08-11,47.02105712890625,47.513802594842446,46.97506775258418,47.3101360729113,5478000
2010-08-12,47.34299087524414,47.402122947770955,46.67285913223087,46.67285913223087,5641400
2010-08-13,47.23130798339844,47.6123657848459,47.099911161331875,47.099911161331875,5937300
2010-08-16,47.165611267089844,47.38242054251064,47.001362727371244,47.145902244318435,4935700
2010-08-17,48.1051139831543,48.38105033187042,47.13276040498185,47.35614102951471,7392900
2010-08-18,48.12481689453125,48.49930332379206,47.82917156023428,48.11167921827083,6030800
2010-08-19,47.94086837768555,48.223376088908495,47.59922858099042,48.05912753616185,6950500
2010-08-20,48.013145446777344,48.09198155611059,47.750346719906,47.87517724297537,5566300
2010-08-23,48.183956146240234,48.578156708319305,48.177389812682385,48.3087866583965,5404300
2010-08-24,47.77661895751953,48.02627494867325,47.428412834013464,47.79632798149641,5846200
2010-08-25,48.085411071777344,48.256225968902385,47.50068658650168,47.50068658650168,6704600
2010-08-26,48.065696716308594,48.45989222264765,48.03284500225209,48.413902830449224,5215600
2010-08-27,48.610992431640625,48.663553163039445,47.86859089738442,48.269357702482765,6592900
2010-08-30,48.14764404296875,48.63084369669485,48.14764404296875,48.52493498628711,4192900
2010-08-31,48.359466552734375,48.53156571822631,48.021893830046686,48.02850933833021,5598100
2010-09-01,49.3390998840332,49.37881313195239,48.79633027911117,48.92871113884587,6746800
2010-09-02,49.65680694580078,49.683284122938595,49.17361235054994,49.47809231262702,5885200
2010-09-03,49.7031364440918,49.87523555559885,49.25965512790512,49.57737617607161,7328100
2010-09-07,50.17312240600586,50.29226722105997,49.59725495824314,49.62373214492261,7188700
2010-09-08,50.35845947265625,50.47760429199248,50.14002646220532,50.2657918409511,6808700
2010-09-09,49.2265739440918,50.3584469206595,48.756615343295095,49.206712270813696,14615200
2010-09-10,49.65019989013672,49.729626385064414,49.100809733525324,49.10743029143798,7483900
2010-09-13,49.358943939208984,49.86861567441125,48.98827358633461,49.80904581770136,7851500
2010-09-14,48.94196319580078,49.35896754219192,48.855911072730784,49.29277709752769,6543500
2010-09-15,49.451622009277344,49.53105355173179,48.78970763884128,48.796328196547286,4549400
2010-09-16,49.511207580566406,49.57739802184919,49.21334301978344,49.39206276625461,5073300
2010-09-17,49.193485260009766,49.504585881885255,49.06771988946261,49.3788205113381,7933500
2010-09-20,49.71638107299805,49.87523908331507,49.180232131924875,49.193468195282506,4211200
2010-09-21,49.981170654296875,50.14002873728421,49.564161242694915,49.855405269844546,5297300
2010-09-22,49.72962188720703,50.159867212506775,49.64357484214931,49.88186440539208,5141600
2010-09-23,49.40530014038086,49.92821322534824,49.365586884562894,49.74949852416027,5921600
2010-09-24,49.709800720214844,49.93485437935242,49.60389697768653,49.90837718121805,5843400
2010-09-27,49.4847297668457,49.90173408664808,49.47810920779924,49.79583039193932,5957400
2010-09-28,49.39866638183594,49.617099330484066,49.12728412291419,49.617099330484066,7047500
2010-09-29,49.27952575683594,49.47810209964635,49.180242635436905,49.35895730396133,4668100
2010-09-30,49.31924819946289,49.62372824735168,48.89562334587793,49.32586370810792,7237700
2010-10-01,49.59061050415039,49.7759456715971,49.33908492690193,49.67004202591522,7192400
2010-10-04,49.61046600341797,49.729610758376324,49.246416232715085,49.58399388009784,3900300
2010-10-05,50.18634033203125,50.27900792690665,49.809049395751344,49.901716990626745,5680000
2010-10-06,50.01423645019531,50.27238258994582,49.90833280183841,50.16647894158892,4732700
2010-10-07,50.212825775146484,50.298872827408616,49.981156749820755,49.981156749820755,4477200
2010-10-08,50.37167739868164,50.510678796174076,50.0671974256022,50.245917115239166,4118200
2010-10-11,50.03410339355469,50.4709692894398,49.822291003127106,50.31211125912055,3653400
2010-10-12,50.027496337890625,50.186354395048,49.5641531836723,50.1135434000995,4703500
2010-10-13,50.1400146484375,50.35182704957258,49.9149661816091,50.23268225830872,4370700
2010-10-14,50.993873596191406,51.02696627814993,50.08704927044612,50.15323968436803,6616400
2010-10-15,51.285152435302734,51.47710325151556,50.921097335571545,51.278531874396265,6259200
2010-10-18,51.17921447753906,51.589603169588024,51.07331081346525,51.32483643439532,5375200
2010-10-19,50.960784912109375,51.37779418886498,50.75559307751901,51.02035983021979,5226000
2010-10-20,51.238792419433594,51.72198706845744,51.079929338927414,51.146119764135456,6420300
2010-10-21,51.92055892944336,52.60895040242487,51.808029661259766,51.92055892944336,7697000
2010-10-22,51.993370056152344,52.12575089556753,51.53002701818855,51.66241290760905,4224000
2010-10-25,52.0926628112793,52.45671776212303,52.04632900389975,52.28461859899633,4103000
2010-10-26,52.132389068603516,52.29124713958256,52.01324425286748,52.01985976206996,4030200
2010-10-27,51.285152435302734,52.03973477837436,50.967431161900215,51.93382600390408,8459200
2010-10-28,51.285152435302734,51.47710325151556,51.04686274275293,51.444010546999834,5346300
2010-10-29,51.47705841064453,52.886938705107326,51.23215342052952,51.36453422329418,4335000
2010-11-01,51.54990768432617,52.04634363870145,51.21233487135651,51.66905251537655,4957800
2010-11-02,51.89406967163086,52.132359166424386,51.808017601286224,51.88744911621878,3701400
2010-11-03,51.96027374267578,52.09927514286572,51.5101718063441,51.900703878311,4060500
2010-11-04,52.41039276123047,52.60234858120173,52.18533919470975,52.3706795053768,5607000
2010-11-05,52.489830017089844,52.54939990733255,52.158872715721074,52.54939990733255,5243200
2010-11-08,52.49642562866211,52.55600054633096,52.09265747003745,52.25152055048389,4865700
2010-11-09,52.357421875,52.45671003332917,52.099275693347465,52.41699678999971,4534300
2010-11-10,52.6221923828125,52.67514674438152,52.06618673635542,52.337569001886365,4009900
2010-11-11,52.754573822021484,52.85386198856349,52.50304817678686,52.529525357865126,4438900
2010-11-12,52.191925048828125,52.589072493301664,51.72196665036734,52.48978941968609,4946900
2010-11-15,52.33755874633789,52.54275054470315,52.13898245436805,52.27798888874987,3741600
2010-11-16,51.24541091918945,52.052947283894795,51.046839631970684,52.026470102264426,6751400
2010-11-17,51.87424087524414,51.97352400964962,51.252039632933325,51.252039632933325,5272800
2010-11-18,52.304481506347656,52.60896661999481,52.046335255652465,52.046335255652465,11083200
2010-11-19,52.714874267578125,52.72811538655947,52.13239128257987,52.37068092417171,10866000
2010-11-22,52.635433197021484,52.6420537553164,52.33095316553795,52.536150072629496,10939500
2010-11-23,52.29787063598633,52.423630967987904,51.92057953996699,52.32434782430437,5460400
2010-11-24,52.60896682739258,52.73472714873546,52.456724269968824,52.53615582819081,4465100
2010-11-26,51.98674774169922,52.4699423342344,51.98674774169922,52.450085713993936,2576700
2010-11-29,52.206912994384766,52.34700248624141,51.46643633061644,51.99344256543134,4977600
2010-11-30,52.23358154296875,52.52043282174908,51.699903088180015,51.8733493494166,5558300
2010-12-01,52.894004821777344,53.0874631348951,52.76725504329521,52.79393947505644,5323300
2010-12-02,52.954036712646484,53.13415534014936,52.84730408372976,53.014077951658955,4994400
2010-12-03,53.207523345947266,53.22753539092015,52.73388628663329,52.907327402753914,3611200
2010-12-06,53.08745193481445,53.327606680464186,52.96737456198959,53.16083283429264,3113700
2010-12-07,53.59444808959961,53.99470944675809,53.30092954109386,53.34095364099588,7729000
2010-12-08,52.52708435058594,52.66717375778563,52.113488507291606,52.58712557626204,9359700
2010-12-09,51.773277282714844,52.84062896421378,51.66653956979781,52.83395658477289,10593300
2010-12-10,51.73991394042969,51.92669982490965,51.57981248080881,51.79995516874604,5321100
2010-12-13,51.43974304199219,51.87335620764459,51.419730987960406,51.86001144526633,6926500
2010-12-14,51.43974304199219,51.61318932616027,51.30632595542326,51.39971893392863,6040400
2010-12-15,51.35303497314453,51.66656571202635,51.30633847249942,51.5198089168109,6125800
2010-12-16,51.17288589477539,51.49309391598033,51.052808523015266,51.49309391598033,6483700
2010-12-17,51.23960494995117,51.339670295247686,51.11286026280815,51.172896416265125,8998800
2010-12-20,51.312992095947266,51.4063850723575,51.24628355415931,51.3330041495301,4759200
2010-12-21,51.27296447753906,51.45975041756817,51.03948205250266,51.45975041756817,4286100
2010-12-22,51.373046875,51.613201760308314,51.306338315644766,51.393058933852885,3518100
2010-12-23,51.33967590332031,51.43974125954743,51.20625882137445,51.3730327185745,2862600
2010-12-27,50.986122131347656,51.199592541620525,50.85270503350313,51.18625286765049,2612600
2010-12-28,50.986122131347656,51.10619955522215,50.65924667895333,50.9927945131007,2962900
2010-12-29,51.359683990478516,51.69990413956352,51.11952918989323,51.19958248660001,3583900
2010-12-30,51.206260681152344,51.39971901967493,51.046154069559805,51.272969224548085,2565000
2010-12-31,51.206260681152344,51.272969224548085,50.92607665563322,51.17290386468666,2485100
2011-01-03,51.099510192871094,51.75993325995122,51.0995101928711,51.433057916179045,8019700
2011-01-04,49.571861267089844,50.639218058851725,49.4384442128868,50.52580796429132,36471600
2011-01-05,49.80535125732422,49.96545274834671,49.57186376639539,49.81869092760333,17904000
2011-01-06,49.50516128540039,49.992143287417996,49.41844069415243,49.96545885406434,11717100
2011-01-07,49.61189651489258,49.751985965777514,49.09155772506069,49.59855175412164,11271900
2011-01-10,49.07154846191406,49.67193549234843,49.04486402839083,49.53184603350296,11338600
2011-01-11,49.29835891723633,49.69194282284696,49.0782161787415,49.25832972598785,8658800
2011-01-12,49.098243713378906,49.61191026519172,49.00485072023774,49.61191026519172,10378500
2011-01-13,48.47782897949219,49.06487627940987,48.337739534612226,48.99149536692016,14512600
2011-01-14,49.40508270263672,49.445111886715516,48.12426078186085,48.297707007445254,10570000
2011-01-18,49.81869125366211,50.27231638914032,49.57186409083871,49.79867920334515,11228500
2011-01-19,50.26565170288086,50.32569295255636,49.86539536667417,50.09887780533345,10696700
2011-01-20,50.138893127441406,50.52580459464021,49.81868509336118,50.29232222058903,8290300
2011-01-21,50.03884506225586,50.532494407636676,49.792017844797556,50.532494407636676,9825900
2011-01-24,50.28566360473633,50.59919934550636,49.46513888141541,49.53184742232627,16395500
2011-01-25,50.352378845214844,50.48579593130262,50.03217071325436,50.39240295313406,6959800
2011-01-26,50.14556884765625,50.505801037984554,50.13222917669664,50.42574774362219,6669000
2011-01-27,49.59855651855469,50.33236065586088,49.59188413752827,50.31902098334353,7610900
2011-01-28,48.88475036621094,49.85204175524492,48.731321273507156,49.61188700276297,9083500
2011-01-31,49.14492416381836,49.35172722928249,48.93145380783279,49.23164983594468,6372400
2011-02-01,49.01151657104492,49.538522727560384,48.83139790146413,49.51183829171376,8468900
2011-02-02,49.12491989135742,49.20497319610275,48.75134798161701,49.024854532809655,5841900
2011-02-03,49.251670837402344,49.545189449266324,49.23832607486472,49.25833812913549,11126100
2011-02-04,49.39842224121094,49.698613170858664,49.12491065192491,49.18495189157521,9699700
2011-02-07,48.99816131591797,49.59854827006123,48.89810106483962,49.45178644910013,11618600
2011-02-08,50.27231979370117,50.6792484761531,49.49848653214177,49.61189664084272,11855200
2011-02-09,50.65256881713867,50.69259292425464,50.152247120047036,50.36571750722471,5845000
2011-02-10,50.53915786743164,50.912729728850735,50.38572365890029,50.685919695713395,5437100
2011-02-11,50.79265213012695,50.85269337306487,50.37238378770108,50.56584209789121,4597900
2011-02-14,50.85936737060547,50.99945683655443,50.585860819810506,50.74596233953281,4512800
2011-02-15,50.799312591552734,50.92605724884439,50.565830233874756,50.61252670541035,3823000
2011-02-16,50.71258544921875,50.926055754192475,50.5391443254819,50.88603166248913,4058200
2011-02-17,50.6859245300293,50.78598479564231,50.499133491969125,50.639228042898104,4338400
2011-02-18,50.78599166870117,50.912741475011686,50.27900262253126,50.752639938828345,5446900
2011-02-22,50.49913787841797,50.99279231615367,50.37906045971683,50.66591178830645,7034000
2011-02-23,50.15890884399414,50.999445452056726,49.758647499734536,50.67924248409034,7034000
2011-02-24,50.17225646972656,50.25230976917978,49.73197604657193,50.01882734102693,7297100
2011-02-25,50.064659118652344,50.669950442652826,50.051205235675084,50.37403172214121,6499000
2011-02-28,50.89861297607422,51.02639919027413,50.11173026275861,50.11173026275861,11324600
2011-03-01,50.3673095703125,51.053313995106,50.24625026776973,50.918800808306585,9067200
2011-03-02,50.232791900634766,50.30677285642691,49.52661191576518,50.212616209264624,7835300
2011-03-03,51.27524185180664,51.53753610136857,50.55561311792989,50.616145323064714,7390100
2011-03-04,51.13400650024414,51.517360026066044,50.81790698873,51.187811764151306,5416400
2011-03-07,51.30888366699219,51.947804656852014,51.07349199342033,51.36941075541624,7954100
2011-03-08,50.804443359375,51.14744540238868,50.42108994582473,50.93222954094205,8950300
2011-03-09,50.96586227416992,51.11382416510582,50.5757818582756,50.89860826860407,5337800
2011-03-10,51.571170806884766,51.95452437371656,50.63632605388877,50.871717694723564,8157900
2011-03-11,51.60480499267578,51.81329401730177,51.113840842663755,51.35595944662128,4448900
2011-03-14,50.891868591308594,51.38955939646587,50.75063367562356,51.181065360897115,7988500
2011-03-15,50.521976470947266,50.89187602861243,49.99738296740286,50.104993470022585,6933600
2011-03-16,49.351741790771484,50.27313759797581,49.21050683600034,50.2664106578957,10583900
2011-03-17,49.36518096923828,49.89649619199235,49.1768677522926,49.85613969468233,6126100
2011-03-18,49.089454650878906,49.627497049552865,49.02220063383281,49.41900805736419,9184100
2011-03-21,49.60732650756836,49.92342606476893,49.35175403264716,49.432461940172765,5353700
2011-03-22,49.68129348754883,49.97049032749564,49.452623712842396,49.76872318105771,4498800
2011-03-23,50.12518310546875,50.205891004893196,49.54678932080843,49.60059458709139,5057900
2011-03-24,50.394195556640625,50.44127387367665,50.09827177461317,50.17225272012003,4306800
2011-03-25,50.609405517578125,50.94568063729625,50.279857336976676,50.44126795771906,4652000
2011-03-28,50.4412727355957,50.86497757936013,50.4412727355957,50.81117745478405,3081600
2011-03-29,50.690120697021484,50.743920824253124,50.3538455288524,50.3538455288524,3008700
2011-03-30,50.98603439331055,51.14072321331914,50.75064282473344,50.77754545130673,3479500
2011-03-31,51.174346923828125,51.41646542840935,50.95240923725475,51.00620935848846,4505700
2011-04-01,51.10710906982422,51.45011124820171,51.02640629690215,51.31560320589633,3889000
2011-04-04,51.376129150390625,51.45011011136978,51.20799153564759,51.32232388219618,3283100
2011-04-05,51.51734924316406,51.61150586971785,51.09364442367203,51.2886846161481,4274100
2011-04-06,51.59807586669922,51.72586210536643,51.42321129765248,51.63842725526648,5657400
2011-04-07,51.12055969238281,51.611518633522714,50.88516806778474,51.342497434916666,5414400
2011-04-08,51.140724182128906,51.369388815606676,50.96585967166555,51.28195912595073,3693100
2011-04-11,51.28196716308594,51.45010476034195,51.11382956582992,51.22144009102685,3940500
2011-04-12,51.557708740234375,51.759470752636346,50.9994907567342,50.9994907567342,4769000
2011-04-13,51.71240997314453,52.09576357097647,51.45011567626759,51.76621524715861,4862700
2011-04-14,51.833465576171875,51.93434917496264,51.41648242904141,51.59807393309539,3488700
2011-04-15,52.04194641113281,52.149556934583856,51.55771444905962,51.98141934005572,4605700
2011-04-18,51.78635787963867,52.02847632697055,51.382828844468904,51.71237695789004,4937700
2011-04-19,51.51734924316406,51.78637037523973,51.40301692965608,51.705662496271636,4810600
2011-04-20,52.72793960571289,52.73466654480504,51.90070055651708,51.90742749560922,7964800
2011-04-21,51.72585678100586,52.2504453029948,51.45010863777172,52.05540505974074,9424100
2011-04-25,51.873802185058594,51.95451006732919,51.47699997565244,51.887256064346126,3831600
2011-04-26,51.74602127075195,52.01503728347451,51.48372706654138,51.92088065279131,4900000
2011-04-27,52.37149429321289,52.43202135793623,51.793100618260006,52.062121767495334,5745100
2011-04-28,52.47911834716797,52.75486653431672,52.13611613156819,52.458942651748,3991900
2011-04-29,52.66740417480469,52.85571740858619,52.304226453447164,52.485817879701315,4500000
2011-05-02,52.88935852050781,53.08439873555924,52.694318305456385,52.72794787504011,4021700
2011-05-03,53.09111785888672,53.19199629048135,52.801921048962754,52.882623794238455,4446300
2011-05-04,53.178550720214844,53.339961351560106,53.01041314931102,53.070945343035156,5493400
2011-05-05,52.862449645996094,53.25253003001555,52.59342851456366,53.02386027239503,6407800
2011-05-06,52.92971420288086,53.38032686864403,52.89608976171499,53.01714903844725,6076200
2011-05-09,53.339962005615234,53.68296409118733,53.185278311931796,53.44084557562485,6284700
2011-05-10,53.608985900878906,53.70314253608149,53.31306211529835,53.48119969689607,4375800
2011-05-11,53.4744873046875,53.78385989356826,53.245817485247905,53.58881964883095,4304800
2011-05-12,54.2479133605957,54.281537799197906,53.20545827204088,53.33324447972426,6400000
2011-05-13,54.301700592041016,54.41603802335898,54.05958211453936,54.20081703789021,5220900
2011-05-16,54.57072448730469,54.644705422060476,54.099941385359635,54.099941385359635,6244100
2011-05-17,54.42947769165039,54.67159612877164,54.099929592126976,54.27478891693132,6471600
2011-05-18,54.81285858154297,54.81285858154297,54.29499702197656,54.409329360547375,4373100
2011-05-19,55.49213409423828,55.57283685706973,54.72542706042592,54.880110776621045,5909600
2011-05-20,55.37107467651367,55.72079862057298,55.14240487639039,55.68044723926098,4790700
2011-05-23,55.48540115356445,55.619909164506346,54.806123896658946,54.83302652507766,6550800
2011-05-24,55.57957458496094,55.8754984558506,55.42489083874372,55.586301526886594,6309900
2011-05-25,55.63337326049805,55.814959621730296,55.49213828372793,55.53248966819006,6589800
2011-05-26,55.43833541870117,55.801513288051865,55.283646552973835,55.73425926731719,7160900
2011-05-27,55.302825927734375,55.69580947703779,55.06567417614147,55.64838016060077,5443300
2011-05-31,55.24861145019531,55.72968163792638,55.07244322797884,55.64837203473254,7161400
2011-06-01,54.86915588378906,55.38410099786374,54.869155883789055,55.20116092275393,5700100
2011-06-02,54.713340759277344,55.06567207229001,54.51684640742905,54.848851609803546,4764400
2011-06-03,54.57105255126953,54.848851344325915,54.211944146646424,54.27292247826579,5752100
2011-06-06,54.67943572998047,55.20116312428064,54.496495647574655,54.611680335363694,6132800
2011-06-07,54.97758483886719,55.71613285509711,54.85562301826991,54.91660651327208,7248900
2011-06-08,54.9843635559082,55.221510111462486,54.20516329959508,54.327125123795454,7867600
2011-06-09,55.05888366699219,55.29603016912925,54.62524287182553,54.9843511706911,4540200
2011-06-10,54.44908142089844,55.140194908274545,54.39487502244358,55.025010188612974,5466200
2011-06-13,54.69977951049805,55.09954004874466,54.46940491282877,54.496508110754945,4376000
2011-06-14,55.20117950439453,55.45865214810147,54.747212539408565,54.923375583804834,5246300
2011-06-15,55.045345306396484,55.4857633194753,54.95726377154373,55.031796289268186,5353600
2011-06-16,55.43156051635742,55.51287013263662,54.81497939348243,55.14020751978348,5258800
2011-06-17,55.9126091003418,56.04812507492492,55.45864221665153,55.70934289257591,7279500
2011-06-20,56.02781677246094,56.21753402774914,55.63482807541681,55.777116016882964,4792800
2011-06-21,56.10232162475586,56.285261696599186,55.8922731933447,56.08199035507998,5818300
2011-06-22,56.00071716308594,56.29884208221227,55.88553241775514,56.13622802001538,4543200
2011-06-23,55.75676727294922,55.79064238655244,55.153735455114706,55.60092520827714,6677400
2011-06-24,55.45186996459961,56.000700663094904,55.370565542160534,55.75677705696506,6467700
2011-06-27,55.77709197998047,55.89905375859361,55.22826656092396,55.22826656092396,4528800
2011-06-28,57.152565002441406,57.19322238796627,55.844865300109674,55.87196850065727,8545100
2011-06-29,57.3016242980957,57.36260778558918,56.98316818522398,57.1932166761388,7181000
2011-06-30,57.13223648071289,57.532002210142366,57.078030081907755,57.38970912092721,4968000
2011-07-01,58.03340530395508,58.128263928322056,57.01705846910265,57.023835562102384,5829700
2011-07-05,58.026611328125,58.26375782004472,57.81656803091123,57.870774420323116,5093000
2011-07-06,58.17570495605469,58.46028088646412,57.796270382175436,58.02663989648545,5810300
2011-07-07,58.31122970581055,58.467071896837,58.04020789962304,58.27057746876434,6072300
2011-07-08,57.9995231628418,58.20279459110719,57.76237660947027,57.9995231628418,5200100
2011-07-11,57.83012008666992,58.175679375597255,57.66072898789854,57.80979398192233,5288300
2011-07-12,57.58620071411133,58.3044225407707,57.57265169975465,57.72848862718559,5498200
2011-07-13,57.565860748291016,58.10791424136968,57.46422507216312,57.7623550102969,6545200
2011-07-14,58.141788482666016,58.58220629301796,57.97239741479259,58.28407635935108,6764400
2011-07-15,57.91822052001953,58.304432110153904,57.53878085347172,58.18924220688712,5892000
2011-07-18,57.864017486572266,58.22312589506337,57.694626337706076,57.918223894867275,5408100
2011-07-19,58.4128303527832,58.446710642894196,57.9724124283727,58.0672710373957,4672200
2011-07-20,58.45347595214844,58.6635244221407,58.20278044355333,58.419600835276455,4114100
2011-07-21,58.63645935058594,58.97524175600688,58.28412275407897,58.72454091500805,6107200
2011-07-22,60.00508499145508,60.68942629336131,59.923780594392156,59.96443279292362,11408600
2011-07-25,59.70698165893555,60.30323651858236,59.47660705605405,59.598568864778,5346000
2011-07-26,59.639225006103516,59.93057794783408,59.5104912663204,59.66632820642809,4729100
2011-07-27,59.00908279418945,59.74763069930104,59.00231087196912,59.57146250285326,6668100
2011-07-28,58.799034118652344,59.46982138516548,58.72450162577247,58.941322013403266,4864300
2011-07-29,58.59577178955078,58.846467309999426,58.148576802686485,58.37217429611864,5707000
2011-08-01,58.534786224365234,59.2801060065705,57.99950974521078,59.2801060065705,4400300
2011-08-02,57.63361740112305,58.66351802658145,57.61329129933465,58.297632686174275,5604800
2011-08-03,57.958866119384766,58.14180625406658,57.59298068061441,57.66751318681245,7635100
2011-08-04,57.105140686035156,58.58223164386325,57.08481457619926,57.8572377664077,10708800
2011-08-05,57.647193908691406,57.952095892416665,56.06846724588369,57.39649316092559,12502600
2011-08-08,55.63479995727539,57.55230799014711,55.56704456740321,56.66469532378534,14499500
2011-08-09,58.24343490600586,58.290864206987216,55.946492015297366,56.54952391466295,15364200
2011-08-10,56.96963119506836,57.904668455597914,56.65117501498299,57.54556005487441,13493400
2011-08-11,58.46025085449219,58.927771906712,57.21353494111362,57.41002922147549,11112100
2011-08-12,58.60930633544922,58.907436253099206,58.12145925907827,58.67028463529315,6531200
2011-08-15,58.82615280151367,58.86003309607238,58.107936047652245,58.82615280151368,6470400
2011-08-16,58.724510192871094,59.07684660505081,58.05372282849931,58.5754451853648,5627300
2011-08-17,59.28688049316406,59.2936575840826,58.568663937970996,59.04295691415402,5407500
2011-08-18,58.00629806518555,59.13105246273474,57.37616286464664,58.64998228137383,11373500
2011-08-19,59.10392761230469,59.917002586905795,58.148559606214015,58.148559606214015,11686500
2011-08-22,59.463077545166016,60.22872376975832,59.171724527063056,59.767979582279416,7087900
2011-08-23,60.662357330322266,60.682683441056014,59.45629317898204,59.46307027236249,6617100
2011-08-24,61.06889343261719,61.08244761901841,59.99156823705682,60.343899542376334,8174400
2011-08-25,60.10677719116211,61.29251567803067,59.86963052767031,61.02148870429309,8671900
2011-08-26,60.93335723876953,61.312791589651745,59.5104732535559,60.06607576852143,5958600
2011-08-29,61.51608657836914,61.53641268791714,61.02823927158792,61.38734765868873,6261700
2011-08-30,61.92537307739258,62.225519758439454,61.46151239049032,61.55701266093716,6311800
2011-08-31,61.6729736328125,62.211865714797746,61.40693125223765,62.11636545689856,9168400
2011-09-01,61.44101333618164,62.136801362848026,61.41372681688884,61.57744072827421,5475400
2011-09-02,60.77253723144531,61.34554401643591,60.717969369748985,61.02493375874015,5250800
2011-09-06,60.58836364746094,60.67704098241164,59.39460507115647,59.63335574554249,7198400
2011-09-07,60.908958435058594,61.03856814149282,60.451920802564196,61.03856814149282,7065300
2011-09-08,60.44508361816406,61.39326812056527,60.44508361816406,60.820266782871805,7330000
2011-09-09,58.00302505493164,58.97849659110042,57.06166298960336,58.86253271724196,18444800
2011-09-12,58.79430389404297,58.80112162296208,57.4095450849728,57.60054558217238,8271000
2011-09-13,58.746551513671875,58.86933828635234,58.098508189491014,58.78065577007738,6598700
2011-09-14,59.176307678222656,59.885741847247196,58.28269593660808,58.86934332244812,7666600
2011-09-15,60.07675552368164,60.19271939867415,59.59925415349212,59.722040963594374,6755100
2011-09-16,60.22682189941406,60.54743215559559,60.05628497203019,60.206358300827844,7594500
2011-09-19,60.581539154052734,60.861222225691115,59.715213813747646,59.762963947396365,6471600
2011-09-20,60.92261505126953,61.77529975506347,60.71115091012845,60.87486491603205,7942200
2011-09-21,59.7015495300293,61.202277218510936,59.6742682086798,60.88848997926533,5777500
2011-09-22,58.65785217285156,59.32635890000581,58.05074141661415,58.555529024237856,10785600
2011-09-23,59.599239349365234,59.92666729205684,58.49415833294111,58.732908958731514,7614900
2011-09-26,60.94306182861328,61.031744344127375,59.16266144658136,60.001700049054996,7515500
2011-09-27,61.21593475341797,62.07544233528512,60.98400702740767,61.55700861240305,8043200
2011-09-28,60.049468994140625,61.65251525637914,60.01536472733745,61.2159410880514,7027800
2011-09-29,60.56106185913086,61.27049597317471,59.6060541977498,61.01809949275227,8145900
2011-09-30,59.90619659423828,61.50924226807191,59.89937366163219,60.02216042667836,8776100
2011-10-03,58.678348541259766,59.878930066641836,58.66470787586455,59.64017938941727,9185600
2011-10-04,58.99214172363281,59.07399612562737,57.123053077681604,58.02348793024315,10700000
2011-10-05,58.54874038696289,59.189955708406046,57.91434279560886,59.12174197689602,7730400
2011-10-06,59.42188262939453,59.51738288472213,58.712448443836905,58.97166267910132,5861000
2011-10-07,59.483280181884766,60.00853685026778,59.06716964878235,59.544676184073644,5509200
2011-10-10,60.37690353393555,60.3837212648195,59.762969470023215,60.063116168908074,5136400
2011-10-11,60.94306182861328,61.31824507646603,60.48602420259119,60.59517031264762,6868200
2011-10-12,60.274559020996094,61.277316770273735,60.049449076388285,61.277316770273735,7847900
2011-10-13,60.92261505126953,61.35237147278131,60.220003688043235,60.29504035832706,4990800
2011-10-14,61.35236358642578,61.379650117964644,60.80664336439586,61.379650117964644,3702300
2011-10-17,60.479209899902344,61.32507148326249,60.37688671702148,60.99082060993339,4321700
2011-10-18,61.14772415161133,61.39329775899727,60.17225265682118,60.6770405367259,4864000
2011-10-19,61.134071350097656,61.82303669658075,60.92260204971205,61.33871251271086,5681700
2011-10-20,60.717960357666016,61.495608218436736,60.28820403161628,61.393285035835696,6969800
2011-10-21,62.97586441040039,63.06454172227254,62.13682059663692,62.225503112882095,12081700
2011-10-24,62.76442337036133,62.969064596980374,62.34831277721519,62.805350574810156,6653900
2011-10-25,62.6006965637207,63.34424031554915,62.38240949246703,62.662092567334646,6465700
2011-10-26,62.60749053955078,63.21460133829476,61.98673908207664,63.016777958290156,7046500
2011-10-27,63.787654876708984,64.01275973999566,62.76443297392612,63.65122216704583,7004300
2011-10-28,63.637542724609375,63.88311624800206,63.0918226272095,63.77397014677307,4942400
2011-10-31,63.337398529052734,63.90358224060127,63.289648409065066,63.289648409065066,4544600
2011-11-01,62.69618225097656,63.7057576852849,62.559749621764176,62.96903710065601,6503500
2011-11-02,63.119140625,63.32378706465896,62.53249304931116,62.982713134810794,5421700
2011-11-03,63.43972396850586,63.54204714481352,62.94857688572744,63.323760130731216,5245400
2011-11-04,63.99228286743164,64.00592873775669,62.96224344600047,63.330598674782365,5612500
2011-11-07,64.54480743408203,64.59937528646125,63.58979975840809,64.06730099405848,4646700
2011-11-08,64.53116607666016,65.11099053314175,64.01273241003466,64.77673964483152,7195500
2011-11-09,63.20100402832031,64.0946161126617,62.996357576400314,63.71943788997565,6666000
2011-11-10,63.617130279541016,63.77402142073161,63.16008711865013,63.63077095097539,4189400
2011-11-11,64.64030456542969,64.76990906350296,64.0263707174911,64.0741208387545,4425500
2011-11-14,64.16283416748047,64.66762739492376,64.02640665996249,64.3606576964446,3232200
2011-11-15,64.44248962402344,64.7426362568008,63.917233016663054,64.03320207301931,5577300
2011-11-16,63.54204559326172,64.34697991385549,63.48747253998046,64.06047919068808,3915600
2011-11-17,62.95540237426758,63.81490980402078,62.56657845201284,63.535226791051215,5435000
2011-11-18,63.26239776611328,63.439757685685564,62.88721952608143,63.13961093015951,4791500
2011-11-21,62.9485969543457,63.18052990821039,62.22552196549473,62.77806000758843,5869400
2011-11-22,63.20100402832031,63.535255042372555,62.62799708556959,62.68939310289577,4695700
2011-11-23,62.668914794921875,63.0986659978732,62.55294572370946,62.975879196405074,4555800
2011-11-25,62.82579040527344,63.06454101484566,62.62114925608566,62.6688993780001,2452400
2011-11-28,63.95817565917969,64.11506673008039,63.487492037728806,63.569351642790735,6101200
2011-11-29,64.23307800292969,64.45988127238067,63.99253146420345,64.28806156707319,5648300
2011-11-30,65.64886474609375,65.66261325764405,65.04406132590054,65.1883892360539,7683300
2011-12-01,65.63512420654297,65.89628825812656,65.44268698500547,65.59388915721951,4860300
2011-12-02,65.77256774902344,66.30177527036605,65.51140373761397,66.233048450892,4023100
2011-12-05,65.53202819824219,66.38425238570622,65.34646524166112,66.26741625587664,5906900
2011-12-06,65.98565673828125,66.16434549882905,65.16779306919257,65.61452545760712,5346500
2011-12-07,66.28804779052734,66.42550671660508,65.63513493310417,65.86193822849104,5137800
2011-12-08,66.61105346679688,67.5526272175842,66.47359981776425,66.686654546821,8123000
2011-12-09,67.37395477294922,67.64886740223885,67.092173129481,67.12653393094078,5721200
2011-12-12,67.6832275390625,67.71758833752288,66.80350615342326,67.1265280713774,5804900
2011-12-13,67.35330963134766,68.00622227016186,67.18836421880346,67.86189437874567,6862400
2011-12-14,67.08528900146484,67.66947497555212,66.77601561621908,67.18838187772059,6347200
2011-12-15,67.44954681396484,67.88940486431606,67.25710957237638,67.70384187950478,5558600
2011-12-16,67.0028305053711,67.77945915746244,66.72104883248343,67.7244755771595,8867300
2011-12-19,66.83099365234375,67.60762210575199,66.65230492735694,67.29834347831209,5169500
2011-12-20,67.9168930053711,67.9856198388922,67.305215273047,67.40143388868081,5981100
2011-12-21,68.17806243896484,68.38424819928593,67.83442300077748,68.02686549072062,5414500
2011-12-22,67.76569366455078,68.28115280283619,67.73133286811132,68.20555170973927,4752500
2011-12-23,68.83099365234375,68.83099365234375,67.87567625136566,67.93065458689043,3516800
2011-12-27,69.10591125488281,69.29147429305854,68.72790567625418,68.84474185745827,3052100
2011-12-28,68.43921661376953,69.2433314626326,68.35674127919876,69.22958819529774,3111600
2011-12-29,69.28459930419922,69.41518400153541,68.4529922835026,68.55608518963523,3986200
2011-12-30,68.95468139648438,69.29144653118537,68.76911318913415,69.02340822592035,2957200
2012-01-03,67.93062591552734,69.82064238850536,67.86877334784698,69.641953697304,8895900
2012-01-04,68.30863952636719,68.93406575138413,67.875655769947,68.11620230129155,6754700
2012-01-05,68.61103820800781,69.0027868819818,67.82066660444043,68.3636174409168,8163800
2012-01-06,69.14027404785156,69.2571102324121,68.63856325837482,68.78976025064674,6775300
2012-01-09,68.48047637939453,69.36706688287003,68.39113200066504,69.33270083684661,4433700
2012-01-10,68.52171325683594,69.03717249972144,68.28116665886056,68.89284454093621,5075400
2012-01-11,68.67977142333984,68.80348181839489,68.28114845666012,68.46671667100327,4622500
2012-01-12,69.11963653564453,69.17462010431774,68.77599709671948,68.9821828574832,4022700
2012-01-13,68.96844482421875,69.02342840124746,68.45985984550956,68.85160865567465,4134800
2012-01-17,69.10591125488281,69.55263844696,68.76227172650154,69.13339780285301,4555800
2012-01-18,69.80001831054688,70.01307825853932,69.23645002491008,69.3464171262636,4844500
2012-01-19,69.59386444091797,69.96499568445303,69.20898468270272,69.94437291243274,4763300
2012-01-20,69.92374420166016,70.25364033544133,69.60072232411973,69.68319766844532,5630400
2012-01-23,69.38081359863281,70.02685754257571,68.75539242944096,69.90314711168288,6059700
2012-01-24,67.8687744140625,69.42889482002658,67.63510216334953,69.42889482002658,11654100
2012-01-25,68.19867706298828,68.39111428642171,67.38768787600375,67.6351086614242,7544000
2012-01-26,68.164306640625,68.52856353919312,67.82754152128173,68.41172741012801,4607100
2012-01-27,67.8275375366211,67.99935721404204,67.59386004869798,67.74506220379168,5135000
2012-01-30,67.8275375366211,67.91000762593006,67.14712783869942,67.38080532662254,6104900
2012-01-31,68.0749740600586,68.21930199330099,67.52514886754524,68.06809980318373,6574200
2012-02-01,67.62825012207031,68.37738166503702,67.60075833468774,68.35676413538066,6141300
2012-02-02,67.7794418334961,67.9168955055984,67.53202102889473,67.53202102889473,3984000
2012-02-03,68.73474884033203,68.91343753891731,68.06808761789725,68.16430622283416,5600900
2012-02-06,68.37738800048828,68.72790176768989,68.27429509913219,68.70040997776007,3486600
2012-02-07,69.35330963134766,69.53887260931273,68.42547901095809,68.43235326748164,6029900
2012-02-08,68.76223754882812,69.6144616874366,68.45295898089536,69.4976255643049,5433600
2012-02-09,68.72100067138672,69.04402252250723,68.52168920487574,68.76910997409483,3608800
2012-02-10,68.36363983154297,68.49422451347728,67.99938281722349,68.39800063385246,3874700
2012-02-13,68.4873275756836,68.67289052856746,68.23303255389692,68.53543687780316,2971100
2012-02-14,68.4185791015625,68.48043165177909,68.00620779270919,68.39108733140435,3520800
2012-02-15,67.7725601196289,68.55605750014894,67.56637439064116,68.49420492756515,5260500
2012-02-16,68.21929931640625,68.34300971769133,67.60074730998085,67.60074730998085,3996300
2012-02-17,68.72100067138672,68.89969461438288,68.3223829818855,68.49420266920315,4931700
2012-02-21,69.06463623046875,69.24333016359277,68.7278711301169,68.8103464631404,4474800
2012-02-22,69.18148040771484,69.24333297735556,68.8309667825221,68.8309667825221,3918900
2012-02-23,69.28459930419922,69.44267579273898,69.00281762052792,69.28459930419922,4166500
2012-02-24,68.94780731201172,69.25021165450752,68.76224434772082,69.25021165450752,3661800
2012-02-27,68.9753189086914,69.24335729162881,68.38425856592622,68.74851558666052,4044500
2012-02-28,69.05836486816406,69.2798386700605,68.86457595154867,69.05144232675582,4365800
2012-02-29,68.71232604980469,69.12758885490246,68.69848624445441,69.11374904955218,5461000
2012-03-01,68.69154357910156,68.98914947030569,68.61541147109459,68.71230592122137,4086100
2012-03-02,68.86458587646484,68.96148034873718,68.49084779183467,68.70539908324446,4311700
2012-03-05,69.1690902709961,69.45285104650968,68.4077692822626,68.80919211625829,6313200
2012-03-06,69.13448333740234,69.34903455554416,68.58771884180943,68.6430886014431,6713900
2012-03-07,69.33518981933594,69.51513888515802,68.89224233450507,69.21061050920535,5873500
2012-03-08,67.10661315917969,67.58416810298696,66.76056007650217,67.134298039436,16841200
2012-03-09,67.0235595703125,67.54956174273593,66.80900834539749,67.44574476023313,7808700
2012-03-12,66.89900970458984,67.4665367629745,66.84363992319794,67.1689307884342,4503100
2012-03-13,66.9820556640625,67.33503140190771,66.69829478958701,67.127397372504,6350900
2012-03-14,67.33500671386719,67.43882369050506,66.91282154779705,66.91974408766644,7209100
2012-03-15,67.85408020019531,67.95789716747491,67.23810621611341,67.23810621611341,5768200
2012-03-16,67.59109497070312,68.20706907487914,67.52880266605035,68.1170918881975,7337000
2012-03-19,67.63953399658203,67.89560988369902,67.35576795044076,67.38345282911435,4634500
2012-03-20,67.58419799804688,67.72261718020555,67.18277497729207,67.4526960787488,4757100
2012-03-21,66.94049835205078,67.70181395497491,66.94049835205078,67.50110256577989,6038600
2012-03-22,66.30377197265625,66.77440437077165,66.28300435244523,66.53216299146814,7721200
2012-03-23,66.1307601928711,66.40068123199693,65.84007152889919,66.37991888750295,6041500
2012-03-26,67.11355590820312,67.1550806009158,66.51142146210643,66.55295143517169,5644100
2012-03-27,67.36962127685547,67.70875714843955,67.18275490872591,67.33501913182869,4877500
2012-03-28,67.18968200683594,67.71567900187219,67.17583692360482,67.4942051933432,5055400
2012-03-29,67.57723999023438,67.61876466701912,67.08584528699616,67.09968508580756,4103600
2012-03-30,67.89562225341797,67.99943924727039,67.66030866234736,67.74335803314797,4429500
2012-04-02,68.07554626464844,68.3869918510547,67.60491397563138,67.70180839275109,4603000
2012-04-03,68.79532623291016,68.80224877027875,68.03401081317989,68.04092807019961,5422200
2012-04-04,67.4665298461914,68.22092323899085,67.23813348163009,67.99944941648205,7768300
2012-04-05,68.25553131103516,68.28321619915327,67.18276433795654,67.22428902995746,5469400
2012-04-09,68.43546295166016,68.86457072039218,67.57725269454767,67.64646226231696,6712700
2012-04-10,67.5980224609375,68.36626089235847,67.34886376532248,68.36626089235847,7581600
2012-04-11,68.2139892578125,68.33165133156433,67.48035833384424,68.02712289655038,6366600
2012-04-12,67.57723999023438,68.34547819285552,67.3765285851905,68.32471585446315,5763900
2012-04-13,67.11355590820312,67.68800546570716,67.10663336596681,67.49421124555866,5223700
2012-04-16,66.8436279296875,67.75720803732176,66.6636788126279,67.19659834193453,6236300
2012-04-17,67.21045684814453,67.53574771998163,67.07203767220891,67.07895493475853,7592700
2012-04-18,67.36962127685547,67.81257414422342,67.14814748334737,67.14814748334737,5388700
2012-04-19,65.94390869140625,67.30043684335443,65.1479851335859,67.24507233456242,13939100
2012-04-20,66.40068817138672,67.66723884105231,66.19997668638224,67.07203220873036,11021200
2012-04-23,65.88159942626953,66.39375660230458,65.64628054191704,66.28993960274765,5217500
2012-04-24,65.46630859375,66.0615202178944,65.1617855230448,65.7569971471892,6223800
2012-04-25,65.90235900878906,65.91619881065253,65.59783056427574,65.85391178173937,5699600
2012-04-26,66.32454681396484,66.49065084450525,65.70857264037353,65.70857264037353,4741200
2012-04-27,67.39727020263672,67.50108714303116,66.3037469008156,66.60135264709355,7373300
2012-04-30,67.44574737548828,67.65338134854504,67.19658871996067,67.55648690254556,4507200
2012-05-01,67.2727279663086,67.83333764093493,67.22428073816576,67.29349559009997,5297900
2012-05-02,67.48728942871094,67.62570858197915,67.06510414678498,67.06510414678498,4348300
2012-05-03,67.1619873046875,67.53572529202262,66.98896075205187,67.45959318643483,3935200
2012-05-04,66.35223388671875,67.03049511399273,66.2691792285343,67.03049511399273,4688500
2012-05-07,66.10306549072266,66.46295839599708,65.88850897532416,66.25532970153729,5089700
2012-05-08,64.74654388427734,65.6601239524777,64.34512097906838,64.98878002350627,12379500
2012-05-09,63.62530517578125,64.42814539485195,63.36922405330753,64.35893585050358,8975700
2012-05-10,63.58379364013672,64.17900534911884,63.48689920196296,64.15823772920945,7129500
2012-05-11,63.604576110839844,64.08904845504637,63.44538932325626,63.45923440757789,5366500
2012-05-14,62.89862060546875,63.459230316598784,62.74636165021407,63.35541331228936,6050000
2012-05-15,62.98857116699219,63.493805611079615,62.877831667803186,62.97472608941858,4890300
2012-05-16,63.27924346923828,63.45919248407076,62.96779792233698,63.06469232716623,4949100
2012-05-17,62.026554107666016,63.3830815071104,61.94349947002015,63.17544755317113,9094100
2012-05-18,62.18574523925781,63.05780058900962,62.075010985516414,62.43490391061547,7990700
2012-05-21,63.168521881103516,63.20312929849434,62.21341735711296,62.29647199064061,6622500
2012-05-22,63.21696853637695,63.64607621860361,62.981654997328796,63.64607621860361,5063400
2012-05-23,63.31388473510742,63.37617176565722,62.75327505839995,62.96090905426966,4236500
2012-05-24,63.34846115112305,63.749883897240885,62.86398906467028,63.57685739774351,5010000
2012-05-25,63.01626205444336,63.53534162563202,62.850152789810664,63.431524655324196,3681300
2012-05-29,62.91244125366211,63.48689054475254,62.469493802311696,63.26541681907733,5380300
2012-05-30,62.36567306518555,62.64943378387518,62.18572402385198,62.566384441990316,5375600
2012-05-31,62.316871643066406,62.95859859175787,62.2610736958828,62.70051246447475,6816400
2012-06-01,60.48234558105469,61.47282904184848,60.33586608234766,61.012465663296304,10832500
2012-06-04,60.210330963134766,60.53119168158653,59.9941000124086,60.405637024654006,7035200
2012-06-05,60.740455627441406,60.97064006881338,59.99410436861922,60.14058392539462,7237300
2012-06-06,61.84254455566406,61.84254455566406,60.99156354130684,61.32637242852493,5936000
2012-06-07,61.64723587036133,62.62377159073763,61.38915511714816,62.498216922093654,8321500
2012-06-08,61.20780944824219,61.57052005157591,59.931337615021334,60.26615190568467,12060100
2012-06-11,60.398685455322266,62.11460158897185,60.398685455322266,62.065775053246426,9511900
2012-06-12,61.04038619995117,61.096184129832274,60.45446270182628,60.684647123292876,7762000
2012-06-13,61.361263275146484,62.037863246214464,60.600958404401545,60.64978493212334,8838500
2012-06-14,62.58192443847656,62.72142726652524,61.46588584901187,61.72396661307109,7646300
2012-06-15,63.12598419189453,63.30734210064086,62.58889252429208,62.87487487876607,9516800
2012-06-18,62.944602966308594,63.20966565513979,62.72139536195495,63.19571218641759,6343400
2012-06-19,62.49824142456055,62.951633756954905,62.22620708946266,62.75632760064808,7601600
2012-06-20,61.83555603027344,62.54702877124808,61.493770470901616,62.49122552678607,7917500
2012-06-21,61.131072998046875,62.184336935289835,61.05434484437205,62.14248182857236,5762200
2012-06-22,61.62632369995117,61.793728185467835,61.36824289346562,61.51472248350428,5325400
2012-06-25,61.465877532958984,61.61235707909961,61.17291311898669,61.38217265443961,4524400
2012-06-26,62.14944076538086,62.37962516047439,61.765805428582,61.77975357903144,4488500
2012-06-27,61.612388610839844,62.42849163772426,61.41010570882944,62.261087116702946,5940300
2012-06-28,61.507720947265625,61.563524193838006,60.94969912492285,61.39611445412087,4922600
2012-06-29,61.751869201660156,62.21223812041277,61.42403169679545,62.135509967287334,6364700
2012-07-02,61.437965393066406,61.66814977833555,61.138029615146344,61.66814977833555,5088100
2012-07-03,61.7867317199707,61.8913614766368,61.347287806311165,61.52864569641971,4597000
2012-07-05,62.28894805908203,62.76326499348016,61.87042904743815,61.93320902786085,5794300
2012-07-06,62.54007339477539,62.72840274101712,62.15643264283083,62.23316079321974,4533200
2012-07-09,62.63772964477539,62.74235410821711,62.30989213481285,62.52612312151498,3785000
2012-07-10,62.95161056518555,63.38407783889388,62.533096767040654,62.79815426413769,6615500
2012-07-11,62.449398040771484,63.34222898402953,62.079710727237334,63.25155267068658,6230300
2012-07-12,64.12345123291016,64.52104013220854,62.212234885554054,62.26803282172334,11741900
2012-07-13,64.37451934814453,64.6535301370874,64.22106314814155,64.36056588176889,6163500
2012-07-16,63.92817687988281,64.36063903870814,63.82354704988842,64.27693943206799,3601300
2012-07-17,64.09556579589844,64.41642662711737,63.62124862764154,64.16531722499943,3753800
2012-07-18,64.32574462890625,64.33272136770898,63.47476343251601,63.78167607952691,5962700
2012-07-19,64.702392578125,65.09300470667704,64.20715068037049,64.5838093347936,7430800
2012-07-20,63.87933349609375,64.37457555104172,63.75377879753703,64.23506737392712,7269800
2012-07-23,62.03785705566406,62.672601852708304,61.55656324350995,62.233163147062285,12127900
2012-07-24,61.42401885986328,62.40753116891434,61.11711163319357,62.19130023076442,7036800
2012-07-25,61.41008758544922,61.70304674120169,61.27057942435837,61.63329532150237,4262200
2012-07-26,62.0797119140625,62.40754944642776,61.79372416993373,62.21224333906777,4517500
2012-07-27,62.21223831176758,62.56100071006798,61.83557428300011,62.3168627739042,5932500
2012-07-30,62.30990219116211,62.54705810882776,62.16342259701107,62.30292545190936,4431600
2012-07-31,62.3308219909668,62.609832999643814,61.947181188824345,62.1564407757552,4596900
2012-08-01,62.379638671875,62.672597789981374,62.28896237008726,62.421488453978334,4133600
2012-08-02,62.49124526977539,62.56100200823645,61.77279556583911,62.12853470956099,4332700
2012-08-03,62.49124526977539,63.028342354450466,62.28199101946815,62.89581093740483,4873000
2012-08-06,62.56100082397461,63.07716768432528,62.42846940943775,62.61679876331845,3490200
2012-08-07,62.08667755126953,62.86093042535814,62.05877592353672,62.57494273236535,5341900
2012-08-08,61.054344177246094,61.36823352658386,60.09176188033233,60.59398058191928,14424800
2012-08-09,60.78929138183594,61.35428480404844,60.747436272333054,61.089227278427366,6023500
2012-08-10,61.52170181274414,61.54263203260648,60.82417682474617,60.8590552028234,5747400
2012-08-13,61.31243896484375,61.7170046787086,61.186884271633716,61.70305120074493,4308100
2012-08-14,61.465877532958984,61.57747871596044,61.326369402093356,61.43099916981981,3828200
2012-08-15,61.249637603759766,61.654203176579784,61.20778782784416,61.57049830305783,4346200
2012-08-16,61.00551223754883,61.41705459546324,60.99156408449523,61.34032644944007,5568000
2012-08-17,60.93576431274414,61.28452669762857,60.87996105395663,61.15897202620251,6704300
2012-08-20,61.50078582763672,61.53566421076873,60.79628931927811,60.803260738549234,4823500
2012-08-21,61.744876861572266,62.07969101985237,61.41704476123801,61.563524292457274,4414200
2012-08-22,61.76580047607422,61.94018161200702,61.563517719789374,61.82159839508836,4269000
2012-08-23,61.55657958984375,62.044844947998065,61.47287467629161,61.84256738654362,3005900
2012-08-24,62.023921966552734,62.079725243978466,61.45195167717258,61.5286798532096,3508000
2012-08-27,62.45636749267578,62.65167357351628,62.08668022227175,62.17037978737964,4313800
2012-08-28,62.17735290527344,62.6028434087731,62.05179824322941,62.38661244924389,4428700
2012-08-29,62.53310012817383,62.64470133022155,62.08668467659904,62.14248261677692,4292200
2012-08-30,62.357337951660156,62.58230221097377,62.287037626294214,62.45575947988667,4567900
2012-08-31,62.912723541259766,63.1728406611714,62.49794784138128,62.5963693757108,6063800
2012-09-04,62.6033935546875,62.926779323728965,62.3643660258312,62.926779323728965,4287000
2012-09-05,62.61042785644531,62.89163454143352,62.46279555363008,62.779155085581074,3597800
2012-09-06,63.74226379394531,63.82662738590631,62.961917999908415,62.983007557006175,5925100
2012-09-07,63.98830795288086,64.03049242430885,63.56650078358512,64.03049242430885,4889600
2012-09-10,64.1851806640625,64.32578131933201,63.90397398995227,63.93912147198405,5008200
2012-09-11,64.11487579345703,64.74758947741029,64.0937862312538,64.585899258138,5595500
2012-09-12,63.847713470458984,64.43121621508799,63.700081215234114,64.30467351581386,5363400
2012-09-13,64.37500762939453,64.59997195028966,63.65090388912498,63.65090388912498,5666500
2012-09-14,64.46636199951172,64.76163186580139,64.30467183240906,64.5858784193866,6395000
2012-09-17,64.77571868896484,64.97959342141738,64.48045405447714,64.50154361928742,5294600
2012-09-18,65.43656158447266,65.45061950819156,64.67730497790934,64.70542618891976,5272900
2012-09-19,65.26078796386719,65.69665319152327,65.21157720062953,65.54902090181031,3979900
2012-09-20,65.48576354980469,65.52091103615814,65.20455684111784,65.22564640564428,3981400
2012-09-21,65.87945556640625,66.02006161500539,65.65449125221997,65.8232131469666,7247700
2012-09-24,65.87945556640625,66.0270878947561,65.49280100079638,65.61231211942639,3722000
2012-09-25,65.2818832397461,66.08331880467452,65.25376203492404,66.02005011650346,4714600
2012-09-26,65.52092742919922,65.6263806417872,65.29596307867905,65.30299472313776,4392000
2012-09-27,65.57010650634766,65.82319194874815,65.46465870832296,65.6474384672795,3840400
2012-09-28,64.50154113769531,64.68432629830521,63.552473212743294,64.68432629830521,9523600
2012-10-01,64.67023468017578,65.02877320179049,64.5999343764553,64.754598262782,4939800
2012-10-02,63.925048828125,64.83896896758858,63.77741656502457,64.79678448986706,5979500
2012-10-03,63.51730728149414,64.15002088900393,63.461064880033135,64.04456772715719,6337400
2012-10-04,63.995357513427734,64.1078423173106,63.6860296663205,63.903967632950895,4478300
2012-10-05,63.974273681640625,64.36795980333872,63.7633673372617,64.31874903812646,4166200
2012-10-08,64.3538818359375,64.431213780548,63.840679418392256,63.953164197305526,3894900
2012-10-09,64.75463104248047,65.09910645958772,64.26954958318612,64.29767079162355,7048900
2012-10-10,64.95851135253906,65.64043596581273,64.93039014168966,65.33813965364726,6712100
2012-10-11,64.93036651611328,65.38029499884766,64.93036651611328,65.14127283895716,4274400
2012-10-12,65.03581237792969,65.16938136140651,64.92332758808607,65.07799149233605,3411100
2012-10-15,65.7318115234375,65.90053338811478,65.13425067321143,65.22564056583425,5630700
2012-10-16,66.14657592773438,66.14657592773438,65.83022181504786,66.06221769158888,4678900
2012-10-17,65.85836029052734,66.19580941433834,65.5560640167117,66.05520337792882,5623700
2012-10-18,65.2818832397461,65.90756529721527,65.10612973228685,65.85132288757119,6817600
2012-10-19,62.37143325805664,63.44704434275932,62.25192210721718,63.32050154670172,19495400
2012-10-22,62.181583404541016,62.62448563763885,61.75977609591001,62.4698217063076,8142400
2012-10-23,61.83711624145508,62.13238086019761,61.387187670922195,61.879295368826405,7763800
2012-10-24,61.35905456542969,62.18157957108765,61.22548020322912,62.18157957108765,6498000
2012-10-25,61.39420700073242,61.71759276072469,61.14112156011751,61.71056111971579,4978800
2012-10-26,60.95833969116211,61.555900483106825,60.89507100941812,61.48560015997877,7684500
2012-10-31,61.02164840698242,61.541877529992206,60.71935201856311,61.49969838486473,6899300
2012-11-01,61.02164840698242,61.232549496193684,60.740441591126846,61.16224913312326,7374900
2012-11-02,61.063804626464844,61.79493992776413,60.99350428978781,61.408280030682626,7908400
2012-11-05,61.485618591308594,61.605129712808804,60.951326320944936,61.14114315021934,5039100
2012-11-06,61.8441276550293,61.95660707908535,61.60510016310912,61.68243211370948,5581600
2012-11-07,61.063804626464844,61.851182342534514,60.95131979692408,61.73166587025449,5971900
2012-11-08,59.847599029541016,61.16223756087361,59.728087898576106,60.733398454636834,11398400
2012-11-09,59.573402404785156,59.82648786344801,59.08832641199046,59.38359099257348,11030400
2012-11-12,59.67184066772461,59.96711069469255,59.47499755879428,59.72105144495719,4101900
2012-11-13,59.50310516357422,59.95303369927234,59.41874155179161,59.587468775356825,4842300
2012-11-14,59.48904037475586,60.18502265999736,59.179712530839375,59.650730574206314,8157000
2012-11-15,59.088321685791016,59.57339763978674,58.778993846929,59.32734384231492,7639100
2012-11-16,59.13754653930664,59.3273579815732,58.56810148536335,59.172694025281736,6909300
2012-11-19,59.784305572509766,59.791337213647374,59.31328752413231,59.43279860561841,5559800
2012-11-20,60.2342529296875,60.57872836334967,59.82650343310726,59.875714209344714,5822800
2012-11-21,60.46622085571289,60.64197431273508,59.960050041317814,60.50136832897542,3900700
2012-11-23,61.19736099243164,61.21141891019695,60.852880326123035,61.000512598725166,2474400
2012-11-26,60.627891540527344,60.93018760395922,60.31856920284384,60.83176612875518,5619200
2012-11-27,60.40296936035156,60.78259761279895,60.33266902402542,60.62793365473833,4633200
2012-11-28,60.82474899291992,60.923175855159265,60.24125164039658,60.395915527897735,7155400
2012-11-29,61.34965133666992,61.697225240024835,61.07301441717165,61.31418825647366,4873900
2012-11-30,61.73978805541992,61.93130385669814,60.966619245540606,61.058835167261506,7369800
2012-12-03,61.753997802734375,62.01645070234598,61.54120298108297,62.00935591810384,6638100
2012-12-04,61.853302001953125,61.980981057298614,61.19362778462386,61.45608067942699,6109700
2012-12-05,61.69015121459961,62.39947799795849,61.51991430187896,62.01644088553663,5349700
2012-12-06,62.48460388183594,62.69740411604784,61.78237176771227,61.78946655198194,6580200
2012-12-07,62.76124572753906,63.22939866172599,62.56262965210477,63.19393015246476,8086500
2012-12-10,63.420902252197266,63.95998664271357,63.13717049250104,63.818123468732054,9276400
2012-12-11,63.56987762451172,63.704646053196434,63.13009300590899,63.6691829558519,7333000
2012-12-12,63.3499755859375,63.8323180325718,63.2719492040015,63.747202278993676,4219500
2012-12-13,63.250640869140625,63.64786737758119,63.080404029369845,63.32157243473415,4639700
2012-12-14,63.04494857788086,63.406706672467465,62.77540640819374,63.01657486342969,4364600
2012-12-17,63.775577545166016,63.78976170052783,63.13718231920022,63.229392858387534,5956500
2012-12-18,64.20829010009766,64.40690624444018,63.782694899979695,63.83234758313118,5340500
2012-12-19,63.63372802734375,64.44236041896734,63.62663324166682,64.35724463778749,5152900
2012-12-20,63.867794036865234,63.924541487069796,63.449288356274955,63.81814137086992,4298900
2012-12-21,63.967079162597656,63.97417394456577,63.208099843999804,63.59113689428279,10730000
2012-12-24,63.335792541503906,63.61952435245235,63.2010187136632,63.548587340914615,2375000
2012-12-26,62.9456672668457,63.39254667505667,62.69740393547003,63.215214950969084,3054000
2012-12-27,62.93147277832031,63.22229394397639,62.250519719027466,63.05915181517109,4576600
2012-12-28,62.122840881347656,62.8037939428237,62.044814502370144,62.59099374347887,3725600
2012-12-31,62.569740295410156,62.59811402766388,61.576681313473934,62.00937125980517,6236600
2013-01-02,63.92453384399414,64.08767597915795,63.36416501662713,63.413817676685774,7377200
2013-01-03,64.28630828857422,64.33596096536944,63.95292912251252,64.0593238501195,5473500
2013-01-04,63.733009338378906,64.3997782353589,63.60533030303665,64.27919398301727,5374100
2013-01-07,64.4848861694336,64.58419146413829,63.3074013726028,63.67624883697267,5820900
2013-01-08,64.50617218017578,64.5203563330902,63.81812441156073,64.2224404162878,6285200
2013-01-09,64.4139633178711,64.71897405048779,64.09476843078255,64.4068739465021,4822100
2013-01-10,64.83246612548828,65.00270303044744,64.57001327938713,64.79699762324387,4393300
2013-01-11,65.06654357910156,65.24387526229664,64.58420118434161,65.2155015435774,3692600
2013-01-14,64.9246597290039,65.34316521710204,64.85372815474064,65.08780722036846,3828100
2013-01-15,64.91049194335938,64.99560768924087,64.4494284768115,64.62676016304272,3910400
2013-01-16,64.61966705322266,64.77571980702349,64.48489864817681,64.6409459902439,2925800
2013-01-17,65.08784484863281,65.32901342289759,64.76864446231515,64.86794980604012,4044600
2013-01-18,65.44247436523438,65.47084807896049,65.15164785834111,65.30770057796846,5579900
2013-01-22,65.9319076538086,66.2014552349187,65.12327573394364,65.36444960063517,6967300
2013-01-23,66.3078842163086,66.49940010745465,65.43540970573537,66.28659986241678,9368000
2013-01-24,66.18728637695312,66.39299181203829,65.98158094186795,66.37880765625818,5157200
2013-01-25,66.47810363769531,66.63415638801358,66.16599813705878,66.18727707360516,5461600
2013-01-28,66.93206787109375,67.08812061103204,66.42135178101685,66.63415195579331,4564600
2013-01-29,67.32929992675781,67.37895258729846,66.71218906171467,66.78312066081071,4929700
2013-01-30,67.15196990966797,67.456980664002,66.98173298521515,67.30092789503098,4657600
2013-01-31,67.59176635742188,67.59176635742188,67.00302368450896,67.10232902551412,5740500
2013-02-01,68.05989074707031,68.3223435590498,67.74069591530395,67.79744334682377,5481100
2013-02-04,67.1023178100586,67.94641847925504,67.03138620858685,67.6697814453012,5933300
2013-02-05,67.32220458984375,67.7690784951134,67.03847280686605,67.09521483407468,4952800
2013-02-06,67.43570709228516,67.620133598633,66.96755415984488,67.02429619802255,4482700
2013-02-07,67.12358856201172,67.42859928169783,66.72636731283303,67.4073203450252,5619600
2013-02-08,67.2938232421875,67.72651294454026,66.93206512460519,66.95334405886304,5331600
2013-02-11,67.50658416748047,67.6058894187417,67.10226838399393,67.20866841369677,3557600
2013-02-12,67.45695495605469,67.62719181563,67.25124960369061,67.42149187499811,4526900
2013-02-13,66.67669677734375,67.20869169843958,66.30784934654613,67.13066534374028,6663100
2013-02-14,66.3646011352539,66.59868023383588,66.10215373235864,66.57740129973442,5360900
2013-02-15,66.60577392578125,66.89659503996351,66.11633680252545,66.54193171278867,5094100
2013-02-19,66.57032012939453,67.02428885549166,66.51357268569888,66.77602555399075,4401900
2013-02-20,66.61287689208984,67.01719291827668,66.4993820158174,66.62706104575712,4023800
2013-02-21,66.7760238647461,66.99591343883658,66.18019195621677,66.27949727430499,4424600
2013-02-22,67.56336975097656,67.56336975097656,66.57031126546593,66.8682271875991,4421300
2013-02-25,68.1946792602539,68.64864798691205,67.57047361403248,67.65558936794707,9028000
2013-02-26,68.25141906738281,68.49968234141241,68.13083482167322,68.34362959438424,6451100
2013-02-27,68.45162200927734,68.60892815811944,68.00828980238808,68.18705199712564,4326800
2013-02-28,68.57319641113281,68.80201186030423,68.2943277529361,68.43733536289675,3967600
2013-03-01,68.41588592529297,68.51599234503846,67.90104979209292,68.41588592529297,3823200
2013-03-04,67.97969055175781,68.40871874922503,67.83668297106524,68.35866555044367,4636900
2013-03-05,68.50881958007812,68.71618437400551,68.16559923214865,68.31575881629144,5643000
2013-03-06,69.223876953125,69.23102896908563,68.59463593333442,68.6089345098659,5052000
2013-03-07,69.4240951538086,69.47415381403464,69.10232533063375,69.10232533063375,4566400
2013-03-08,70.58247375488281,70.75408395727217,70.09624030195461,70.16774409833435,8838100
2013-03-11,70.711181640625,70.711181640625,70.27500139767136,70.40371041125424,4853400
2013-03-12,70.61823272705078,70.69688854452644,70.4537690754043,70.6897365278313,3856000
2013-03-13,71.06156158447266,71.12591882577718,70.4609230943796,70.60393070000447,3896600
2013-03-14,71.01152801513672,71.06158123648665,70.71836070591341,71.04728265412608,3649900
2013-03-15,71.2689208984375,71.29037149207687,70.66113043863189,70.76838886221876,6388000
2013-03-18,70.48238372802734,71.03296908902891,70.22496563692782,70.75410039956964,3934500
2013-03-19,70.3608169555664,70.78269321258922,70.21780389398967,70.63253358947651,4648500
2013-03-20,70.62538146972656,70.71834132346373,70.49667244219013,70.49667244219013,3534900
2013-03-21,70.45378112792969,70.70404720116969,70.37512529699836,70.43233052956501,3523400
2013-03-22,70.98291015625,71.23318166466275,70.44662341889263,70.44662341889263,4160000
2013-03-25,70.24641418457031,71.2188812880255,70.16061179363614,71.11877486167492,4932500
2013-03-26,70.43233489990234,70.55389193510565,70.26072464694522,70.3250764460323,4434000
2013-03-27,70.71836853027344,70.99723728799053,70.20353222205956,70.21068424172714,4401700
2013-03-28,71.2832260131836,71.34757779507854,70.55387308603343,70.70403269917844,3954700
2013-04-01,70.8255844116211,71.27606318270935,70.68257138123563,71.0830024109256,3155800
2013-04-02,71.6908187866211,71.80522379702946,70.81130606080801,71.07587617142622,5136800
2013-04-03,70.96865844726562,71.86247026650071,70.83279730501569,71.65510526979084,4454400
2013-04-04,71.95539093017578,72.08409998989936,71.16883798981692,71.17599000852152,5860600
2013-04-05,72.52027130126953,72.55602593492006,71.36904192672931,71.62646001391788,5693000
2013-04-08,72.57748413085938,72.57748413085938,72.11270112170163,72.27716481616363,4163600
2013-04-09,72.26284790039062,72.57747119612843,71.91247542902217,72.57747119612843,3690400
2013-04-10,72.57032775878906,72.74909002424945,72.2271072641243,72.30576309735818,3159400
2013-04-11,72.92782592773438,73.27105175372115,72.46304311446895,72.46304311446895,4049400
2013-04-12,74.07193756103516,74.15059340261912,72.57748748172376,72.57748748172376,5714000
2013-04-15,73.0422592163086,73.96467311600249,73.02795518074619,73.75015622569558,5643600
2013-04-16,73.67864990234375,73.68580191988113,72.94929686447688,73.22101897698809,3199300
2013-04-17,73.32112884521484,73.7287065777367,72.93500171092184,73.33542742557034,4191500
2013-04-18,72.87065124511719,73.09946672271636,71.57640875599846,72.9922082742249,5696900
2013-04-19,71.44769287109375,72.53457037721536,71.11161897716656,71.91962781713384,8227700
2013-04-22,71.0186767578125,71.26179628986237,70.34652885464186,71.04012735805979,5620500
2013-04-23,71.33328247070312,71.67650290057558,70.94000337877596,70.98290456866242,5753500
2013-04-24,72.23422241210938,72.39153401016213,71.56922685558845,71.56922685558845,4593000
2013-04-25,72.17707061767578,72.67045087394543,72.11271335053205,72.41303271615577,3529400
2013-04-26,72.14131164550781,72.21281547273834,71.79093907330362,72.09841044024796,3113600
2013-04-29,73.06372833251953,73.3068424447871,72.32722852073042,72.62039585937028,3417700
2013-04-30,73.03510284423828,73.19241449369908,72.62037312391269,73.12805724828748,4205200
2013-05-01,72.49163055419922,73.24958583684833,72.45588139474421,72.92066411076556,2720100
2013-05-02,72.97792053222656,73.1781334379041,72.30577798536521,72.54889209786148,3821100
2013-05-03,73.59284973144531,73.89316903463785,73.32828506427683,73.59284973144531,4109400
2013-05-06,72.98505401611328,73.50704220654181,72.9707554359359,73.4784395907959,3314200
2013-05-07,73.14237976074219,73.30683801371359,72.78485517815301,72.9993666544712,4304200
2013-05-08,72.18417358398438,73.13518978945382,72.04831802276685,73.13518978945382,5228800
2013-05-09,71.2832260131836,72.38440196497041,71.11876236713519,72.06262668932528,10628500
2013-05-10,71.64791107177734,71.64791107177734,71.07587511743574,71.46914881315973,5036900
2013-05-13,71.77661895751953,72.00543442664068,71.36189467031883,71.51920087283435,3154100
2013-05-14,72.36294555664062,72.57031038959032,71.81951232758982,71.84811493786461,3810800
2013-05-15,72.89925384521484,72.95645908273043,72.43447629272791,72.43447629272791,3402600
2013-05-16,72.3057632446289,72.77769278960201,72.1055449243767,72.63468515909899,4251800
2013-05-17,72.6060791015625,72.8634971885836,72.07694434730406,72.29145578289422,4015300
2013-05-20,72.6060791015625,72.89209980440718,72.39156221058118,72.39156221058118,2233100
2013-05-21,73.03510284423828,73.37832875718829,72.52026670250869,72.68473036932428,4078600
2013-05-22,72.74905395507812,73.22098872049493,72.51309202775842,73.06367713202266,4648200
2013-05-23,72.24137115478516,72.58459694002478,71.7551378080058,72.32002695024863,13743100
2013-05-24,71.71229553222656,71.97686573931007,71.31186966671056,71.97686573931007,13161000
2013-05-28,72.39156341552734,72.89210101768471,72.13414532422155,72.26285436987445,14083800
2013-05-29,70.8255844116211,71.96250936239163,70.27499379156838,71.96250936239163,8770700
2013-05-30,69.95361328125,71.04900070982887,69.75183182057486,70.9264913227236,8028900
2013-05-31,69.59329223632812,70.41483423615989,69.58608418422214,69.82390042052418,5443400
2013-06-03,70.59497833251953,70.61659698497213,69.59327378258553,69.73740179769047,4224000
2013-06-04,70.8904800415039,71.11388021561002,70.36440210148139,70.63104509822347,4902300
2013-06-05,69.48518371582031,70.73912069627114,69.26899166611406,70.71749654298169,5394800
2013-06-06,69.67257690429688,69.7806757128878,68.57718920597219,69.46358734052343,5817300
2013-06-07,70.8255844116211,71.12105398163007,69.90315194605456,69.946389249712,5036800
2013-06-10,71.72640991210938,72.19483427120205,71.43094579209011,71.92098880653394,5718400
2013-06-11,70.78958129882812,71.69759799972996,70.6742744489867,71.35889100098727,4812800
2013-06-12,70.7967758178711,71.41653632009262,70.67426642741935,71.1571014355286,4485200
2013-06-13,71.25800323486328,71.39492875023986,70.53014933281615,70.69589606372453,2927800
2013-06-14,70.92648315429688,71.64713428693098,70.78956317782603,71.22195275778013,3351100
2013-06-17,71.15711975097656,71.84174189962333,70.84003686455273,71.56068828535943,4884800
2013-06-18,71.88494110107422,72.09393056204605,71.30841807093597,71.3300422205243,3340100
2013-06-19,71.2075424194336,72.11556445952122,71.00576096566573,71.85612959092475,3518200
2013-06-20,69.75182342529297,71.1138536190495,69.62931405293286,70.89045352849494,5550100
2013-06-21,70.06891632080078,70.44365251345894,69.82389206172525,70.16259899443229,7227000
2013-06-24,70.11215209960938,70.41482426761787,69.19692204636632,69.5716637289662,4244500
2013-06-25,70.27791595458984,70.61662296263071,70.00407042589866,70.55897503426067,3211300
2013-06-26,71.22915649414062,71.44535403677637,70.65263887733184,70.88324702368173,3585500
2013-06-27,71.81288146972656,71.93539083419827,71.4381398278783,71.66874795434975,4497100
2013-06-28,71.344482421875,72.14440584645578,71.2940370481687,71.71201614352564,5386400
2013-07-01,71.9354019165039,72.28131690856816,71.53183900753916,71.5966949758518,4053500
2013-07-02,72.01468658447266,72.42545761670176,71.62553421212932,71.93541449946939,3850500
2013-07-03,72.31735229492188,72.46868839860241,71.8561359318576,72.02909069347352,1676300
2013-07-05,71.9642333984375,72.67046853598046,71.52463570137941,72.56237524828802,3933900
2013-07-08,71.9786376953125,72.4254434050994,71.74082698510007,72.26689926620301,4064300
2013-07-09,72.05792999267578,72.33178103605599,71.48861474233667,72.23809283779067,4120100
2013-07-10,72.05069732666016,72.3245427574633,71.63271838112003,72.17320669058803,3532400
2013-07-11,72.63440704345703,72.75691638057039,71.89213747395465,72.60558034681914,4064100
2013-07-12,73.2037582397461,73.36950495496025,72.42545353888084,72.49030951488649,4766800
2013-07-15,72.60560607910156,73.31184665170422,72.56957132100051,73.21815847989436,4480700
2013-07-16,72.69927215576172,72.8722323574019,71.68315708724741,72.1948186463051,4406200
2013-07-17,72.13716125488281,72.31732399802594,71.56064377570316,72.10113200513254,5377400
2013-07-18,72.19486999511719,72.62005175576655,72.05794444596275,72.41106765187318,3401600
2013-07-19,72.25971221923828,72.3606084717906,71.72643173186395,72.20926684202901,4508300
2013-07-22,70.32113647460938,70.57336326291367,69.9463948193016,70.44364584348124,13209600
2013-07-23,69.73021697998047,70.42204152507105,69.67256356002306,70.29953213126113,6989300
2013-07-24,69.65814208984375,70.1914223959446,69.39870723863105,70.0544969194346,5197900
2013-07-25,70.25630950927734,70.32837355586933,69.58610342951668,69.66537553020817,4208100
2013-07-26,70.64544677734375,70.68148154196324,69.84552338636263,70.08333963733175,4561600
2013-07-29,70.53013610839844,70.64543744330696,70.18422110740804,70.59499207838465,3592500
2013-07-30,70.8904800415039,71.0129894596825,70.50853018191104,70.62383704476183,4127400
2013-07-31,70.68148040771484,71.01297934398859,70.35718402574291,70.85443517922005,5343000
2013-08-01,71.344482421875,71.51743720342039,70.85443929238528,71.07063689291704,3954600
2013-08-02,71.48860168457031,71.48860168457031,70.94811324794865,71.20754813737767,3224300
2013-08-05,71.56785583496094,71.66154399264593,71.22194640112328,71.35166381334523,3326400
2013-08-06,71.12106323242188,71.63272488540159,70.89045508603479,71.58227952519603,3507200
2013-08-07,70.86166381835938,71.33729095271096,70.81842098932039,71.05623730556351,3256400
2013-08-08,70.65265655517578,71.33727311459882,70.22026685984895,71.08504625050261,4862300
2013-08-09,70.34996795654297,70.91207497954855,69.95360762076622,70.55174940089042,4041800
2013-08-12,69.93199920654297,70.47969570578461,69.9031724962531,70.25629007557143,3256800
2013-08-13,69.5068130493164,69.97523747617544,69.26179425571398,69.91758405481032,5188300
2013-08-14,69.26179504394531,69.44916591644787,68.92308806223672,69.35547773113012,5448700
2013-08-15,68.74292755126953,69.11766930886317,68.59879948950775,68.85823439918546,4207500
2013-08-16,68.48348999023438,68.82219697020787,68.46907938386936,68.60599938780221,3324000
2013-08-19,68.80776977539062,69.17529787948901,68.49788958098723,68.5483349383026,3126200
2013-08-20,68.82221221923828,69.11047389360537,68.72132145792992,68.82942027308435,2827800
2013-08-21,68.5411376953125,69.05279939965581,68.5411376953125,68.75733525968627,3430600
2013-08-22,68.79338073730469,68.95913297547924,68.61321789057024,68.72852475158449,15364400
2013-08-23,68.55555725097656,68.95191767136582,68.39701858095403,68.87264558728798,12274200
2013-08-26,68.6852798461914,69.13929372499611,68.53394371930104,68.72131461369875,3060000
2013-08-27,68.34657287597656,68.59880525244925,67.74843642109629,68.36098898224371,4513100
2013-08-28,69.24016571044922,69.42032850289014,68.46186112755271,68.46186112755271,5482500
2013-08-29,68.91326904296875,69.72692126843215,68.79703063538012,69.48718370969485,4796600
2013-08-30,68.5500259399414,69.10940798227344,68.39020091568888,69.01496844182958,3993000
2013-09-03,68.666259765625,69.21838107288553,68.37567485474757,69.08761564596993,3672100
2013-09-04,69.1312026977539,69.2764951424343,68.53548926393043,68.65172765371594,2898800
2013-09-05,69.49445343017578,70.07562886918322,69.07309749567239,69.25471585959082,4275300
2013-09-06,69.93032836914062,70.28629876965117,69.19658871120697,69.64700419734929,4485800
2013-09-09,70.06834411621094,70.31534790816956,69.89399208471443,69.90125836927086,3525200
2013-09-10,70.38802337646484,70.72946683934254,70.10469912908835,70.54058216024039,4984300
2013-09-11,70.80208587646484,70.80208587646484,70.01023265416516,70.2209105724732,3928600
2013-09-12,70.59867858886719,71.08541439084249,70.51876607898447,70.81662280537488,4277300
2013-09-13,70.7221450805664,70.9400891964738,70.56232013457421,70.71487879868974,2668700
2013-09-16,70.98370361328125,71.31788065739686,70.75849866981343,71.10720274082482,3490900
2013-09-17,71.13626861572266,71.45591866115511,70.82388485565507,70.88927033883523,3256900
2013-09-18,71.70291137695312,71.91358929578017,70.93285146455524,71.09994275967716,4279600
2013-09-19,71.13626861572266,71.56489077142088,70.46791446850187,71.55762448605601,6430800
2013-09-20,70.39524841308594,71.23069363305379,70.39524841308594,70.9764235998743,8077000
2013-09-23,70.67132568359375,70.88926990278468,70.33714861203893,70.44612072163439,3301600
2013-09-24,71.03456115722656,71.63026906475449,70.36620702537604,70.56961867049998,4810300
2013-09-25,70.91831970214844,71.18711125378417,70.76576098681578,71.04908510708373,4053200
2013-09-26,71.3324203491211,71.42685988975126,71.04182989922971,71.1144761260646,3604900
2013-09-27,70.55510711669922,71.18713550372816,70.46792830286118,71.1144892634729,3533100
2013-09-30,69.89400482177734,70.24271449086828,69.09488519402781,70.07562317092734,4404500
2013-10-01,69.83586883544922,70.0247534250832,69.63245722009762,69.8721947135695,3240700
2013-10-02,69.2183837890625,69.6542667150349,68.29576502146348,69.43632802332475,7250300
2013-10-03,68.77525329589844,69.16754969881093,68.7316666542038,69.12396305711631,4855700
2013-10-04,68.79703521728516,68.86968699814285,68.57909650237019,68.73165526557648,3047700
2013-10-07,68.5500259399414,68.86967598844646,68.39020091568888,68.47737971324985,3037100
2013-10-08,68.24490356445312,68.70984603297295,68.24490356445312,68.48463554107482,3643900
2013-10-09,67.75816345214844,68.25943181164142,67.66372391679461,68.15772599124452,5159400
2013-10-10,68.6081314086914,68.6081314086914,67.93251110481424,68.44830641642251,4531000
2013-10-11,68.8260726928711,68.86966485588096,68.52822154881686,68.7897523566723,4132600
2013-10-14,68.81155395507812,68.92778680448555,68.41925769604389,68.58634899884704,3429700
2013-10-15,68.14320373535156,68.43378864680399,67.88893362400283,68.28122990552589,5878900
2013-10-16,69.1748046875,69.18933171817413,68.39021200983149,68.50645042543543,4708700
2013-10-17,69.35640716552734,69.39272750516811,68.7606992784146,69.15299552737443,3860500
2013-10-18,69.1602554321289,69.52349207944586,68.66625337007578,69.52349207944586,7286100
2013-10-21,68.71712493896484,68.90600959877521,67.73638683340229,68.07056397457272,9137700
2013-10-22,69.1021499633789,69.37094156698856,68.44105652655638,68.78249990227333,5144000
2013-10-23,68.4410400390625,69.16024696074057,68.23762842828897,69.07307372329517,4581200
2013-10-24,68.78248596191406,68.87692548694034,68.46283596559294,68.58634062761304,3640900
2013-10-25,68.85515594482422,68.97865510692402,68.55003841167664,68.85515594482422,3055900
2013-10-28,69.28375244140625,69.53801695789484,68.78248414993533,68.78975043399237,3836400
2013-10-29,69.77774810791016,69.81406843979326,69.23289324671111,69.46536443245402,3975100
2013-10-30,69.76322174072266,70.06833915989674,69.54528310240578,69.86492754711402,3404300
2013-10-31,70.11919403076172,70.24995943444166,69.82134288727185,69.88672281783637,4271300
2013-11-01,70.64225006103516,70.83113463865236,70.11918848766473,70.11918848766473,5127300
2013-11-04,70.69312286376953,70.83115457964395,70.34441874505274,70.65680252028555,5023900
2013-11-05,70.76578521728516,71.01278354309665,70.48245545745307,70.7439863568728,4338200
2013-11-06,71.12174224853516,71.33242018565984,70.80935848556433,70.9473901960206,4365900
2013-11-07,70.6131820678711,71.25974267398925,70.30806470055575,71.16530316769159,4921000
2013-11-08,70.47515869140625,70.68583656061959,69.9738904666383,70.59139150809807,5052400
2013-11-11,70.53327178955078,70.82386214288506,70.32259946449716,70.34439277105099,2573800
2013-11-12,70.9473876953125,71.02003391942033,70.35894053217037,70.51876555073856,3845000
2013-11-13,71.2742919921875,71.28155827670285,70.69311116708401,70.80934954912516,4164800
2013-11-14,70.8747329711914,71.70291208507595,70.59867511408036,71.3251484099476,6594200
2013-11-15,70.4098129272461,70.98372767885054,70.03204913181885,70.79484300986034,7096800
2013-11-18,70.94013977050781,71.0418456190921,70.39528463485499,70.39528463485499,4966700
2013-11-19,71.17984771728516,71.40505263928388,70.72943233073696,70.84566516247635,3836600
2013-11-20,70.86022186279297,71.2307248788334,70.59869097412357,70.88201517975665,3815100
2013-11-21,70.97644805908203,71.25977223806967,70.89653554269556,71.04909983219855,12884800
2013-11-22,71.39053344726562,71.56489104136925,70.73671186830828,71.0781496860197,16495500
2013-11-25,71.86276245117188,72.11702708592328,71.66661703080746,71.73926327751452,20420800
2013-11-26,71.33966064453125,71.98622130038162,71.30334031279992,71.77554896570923,5517400
2013-11-27,71.09794616699219,71.53745989788702,71.01736902223809,71.50815860991742,3501500
2013-11-29,71.32501983642578,71.49349523301903,71.11258971966382,71.23711598473682,2920300
2013-12-02,70.69506072998047,71.26642183091451,70.56320773833039,71.26642183091451,4810000
2013-12-03,70.599853515625,70.87088630721541,70.37277546156183,70.87088630721541,4851900
2013-12-04,70.10907745361328,70.41673270843127,69.8526980745983,70.07245502155475,4951300
2013-12-05,69.9039535522461,70.18963414673635,69.73547253025583,69.8600044111398,5076500
2013-12-06,70.90747833251953,71.01735114894176,70.24821349074705,70.27751477134225,5811200
2013-12-09,70.11640167236328,70.68776300767117,69.91861930943294,70.41673019458744,5056100
2013-12-10,69.9039535522461,70.10173027587409,69.64024752830898,70.0944091447895,4190600
2013-12-11,69.77940368652344,70.11636002802074,69.71347440848713,69.9625324974664,5194500
2013-12-12,68.92970275878906,70.08707851159413,68.88575362013675,69.88197507968424,5719900
2013-12-13,69.17874908447266,69.31060206652451,68.8930685548017,68.99562025321444,3277500
2013-12-16,69.9186019897461,70.16033344515841,69.51572181937529,69.56699768064611,4868100
2013-12-17,69.13480377197266,70.01382563481106,69.05422662816291,69.91127392244395,4460300
2013-12-18,70.27017974853516,70.28482759277756,69.2739586806367,69.33988795134543,5526800
2013-12-19,69.69152069091797,70.54124131040571,69.53769311435197,70.23358056862426,5476500
2013-12-20,70.69506072998047,70.69506072998047,69.83801348993059,69.92591734724691,8039500
2013-12-23,70.541259765625,71.0173904701415,70.35813085199528,70.84891499924669,3296300
2013-12-24,70.71703338623047,70.8708609408907,70.42402612507587,70.42402612507587,1155900
2013-12-26,70.9367904663086,70.98807191072217,70.78296289901526,70.88551461054415,1978300
2013-12-27,70.9880599975586,71.25908708026606,70.90748286792984,70.95875871508922,1987100
2013-12-30,71.0613021850586,71.16385386750841,70.90014794445243,70.96607163089264,2293000
2013-12-31,71.07596588134766,71.11259388552588,70.7829586138682,71.01736331012201,2560900
2014-01-02,70.62181091308594,71.07596687481069,70.51193248766423,70.91481259601203,2925800
2014-01-03,70.71703338623047,71.0759643471043,70.68773210125015,70.98073936240475,2965300
2014-01-06,70.21160888671875,70.77564894597579,69.96987743275145,70.77564894597579,5022700
2014-01-07,70.599853515625,71.11261780333788,70.4167246104384,70.599853515625,4881800
2014-01-08,69.88929748535156,70.1090487536991,69.58896348669954,69.99184919497688,7669800
2014-01-09,69.92594146728516,70.57787993180793,69.77211385540738,70.49730276530279,7709000
2014-01-10,70.17498779296875,70.4826429645754,70.05778262931871,70.19696236399069,5512200
2014-01-13,69.46443176269531,70.19694711038507,69.28862405542279,70.19694711038507,5753200
2014-01-14,69.75012969970703,69.8819827187266,69.44247451821134,69.44979564968745,3842200
2014-01-15,69.92594146728516,70.07976907916293,69.69886341003475,69.94791604203188,3560600
2014-01-16,70.36543273925781,70.54124047208632,69.72814787086503,69.88197544560292,5058000
2014-01-17,69.53768920898438,70.41670547960841,69.42048405895495,70.33612833612548,5975300
2014-01-21,69.64759826660156,70.2922101092756,69.59632238807808,69.8527017806955,6462700
2014-01-22,69.50108337402344,69.8233920507751,69.3619091997769,69.64026313692091,4976400
2014-01-23,69.82337951660156,70.28486228475779,69.22271701053235,69.25934502218837,7146000
2014-01-24,69.1714096069336,70.29215695331533,69.14210832869944,69.39116639936614,6944800
2014-01-27,68.90776062011719,69.35459570221131,68.797882133124,69.06891498922025,6607600
2014-01-28,68.9883041381836,69.32526056884886,68.92970156189853,69.0981825715558,3682800
2014-01-29,68.23381805419922,69.07621197361395,68.02871461405991,68.82715380440935,8013500
2014-01-30,68.70995330810547,68.85645416661718,68.0726628374155,68.40961928291206,4987400
2014-01-31,68.98096466064453,69.25932405219018,68.08729509785783,68.16055109898979,5972500
2014-02-03,68.1385726928711,69.39849993903535,68.05800114912653,69.25199911031092,6904700
2014-02-04,68.18987274169922,68.46823223917039,67.8236149512585,68.0213972877407,6300400
2014-02-05,68.5488052368164,68.73925525245023,67.55258366023162,67.97744401261484,4958900
2014-02-06,69.54501342773438,69.72814227658462,68.62936918348318,68.76122217820131,5356900
2014-02-07,70.26288604736328,70.28486061837593,69.31061924203324,69.65489683564769,6591200
2014-02-10,69.4864273071289,70.27021874224029,69.23736910762561,70.13836571630331,6968200
2014-02-11,69.8380355834961,70.20429338854144,69.46445664617825,69.63293210685478,5343500
2014-02-12,69.50837707519531,70.07973812080908,69.4351266621817,69.9112627297426,4268900
2014-02-13,69.92594146728516,70.01384535492278,69.22272713213646,69.36190689040001,3617900
2014-02-14,70.16032409667969,70.29950381100544,69.66954012010329,69.80871983442904,3532900
2014-02-18,70.33612823486328,70.73901395169794,69.98452396257953,70.34345495389186,5454200
2014-02-19,69.99183654785156,70.80492894770903,69.92590726720603,70.16031193094389,4505500
2014-02-20,70.13835144042969,70.40205743862924,69.94789586647464,70.07242773520437,2975000
2014-02-21,70.65110778808594,71.05399349179798,70.3507793814861,70.3507793814861,5284300
2014-02-24,70.68772888183594,71.0100374132916,70.49727333246229,70.63645303261785,4472200
2014-02-25,70.77562713623047,70.84887754522859,70.24088853211305,70.6584220109151,4233600
2014-02-26,70.24089813232422,70.86353507687942,70.10904514264733,70.78295793937417,4265900
2014-02-27,70.24093627929688,70.48472716214047,69.92327090851155,70.3591343327512,4179600
2014-02-28,70.29264068603516,70.52165326249688,70.07840075091292,70.26308976709468,5104700
2014-03-03,69.679443359375,70.03404860566403,69.44304174060204,69.62034154561697,5149300
2014-03-04,70.16703796386719,70.38127221526936,70.07838522668474,70.3664995772024,4655200
2014-03-05,70.19657897949219,70.63244786552596,70.1374827945509,70.43298062803699,3913300
2014-03-06,70.61029052734375,70.67677585317672,69.9971217754474,70.22613430166352,4362900
2014-03-07,70.55120849609375,70.76544844431812,70.15966865964506,70.72850838431805,3724000
2014-03-10,70.32955169677734,70.68415696976324,70.15964101475505,70.37388087856283,4388900
2014-03-11,72.97428894042969,73.07771429007477,70.70630911105468,70.87622540619093,16354400
2014-03-12,72.92257690429688,73.18852941607321,72.50887550209319,72.70095356865585,6701700
2014-03-13,71.93264770507812,73.06294307404097,71.66669519046816,73.06294307404097,5480200
2014-03-14,72.0877914428711,72.31680393449203,71.66670086742583,71.90310249510985,5510700
2014-03-17,72.1025619506836,72.54581428497644,71.99913659389058,72.50149074242492,5554300
2014-03-18,71.88834381103516,72.39069811127703,71.82185847712977,72.25033830538979,3269500
2014-03-19,70.99442291259766,71.87354401492493,70.75802130981958,71.85876574435574,5556900
2014-03-20,71.36381530761719,71.62237873266544,70.78019749893114,70.87623936842046,4242600
2014-03-21,70.52900695800781,71.9548056718679,70.52900695800781,71.82182942159179,12625800
2014-03-24,71.05354309082031,71.46724459356562,70.91317766542019,70.98705212858752,6393000
2014-03-25,70.85407257080078,71.28254665781937,70.79497075319148,71.24561224900822,4929800
2014-03-26,70.8023452758789,71.3416394297303,70.8023452758789,70.95009980116777,4127000
2014-03-27,71.03875732421875,71.18650622324837,70.5659484475537,70.75063738947033,3756000
2014-03-28,71.83660888671875,71.98436342121978,71.0756913518808,71.12001489410152,4344100
2014-03-31,72.42024993896484,72.73052610695099,71.88096121407382,71.98438660340253,4853300
2014-04-01,72.3241958618164,72.78222086273519,72.12472863423082,72.47194477122383,4494000
2014-04-02,72.09518432617188,72.56799327933741,71.91049535437257,72.50889145565921,3701200
2014-04-03,72.14689636230469,72.47933422807121,71.91787822457299,72.42023240954306,2575700
2014-04-04,72.30204772949219,72.70836012514705,71.9474423892513,72.22816762459068,5409000
2014-04-07,71.66667938232422,72.57534557659336,71.34162512811011,72.0877698315299,5994600
2014-04-08,72.45718383789062,72.56060921843275,71.30472074058325,71.64455343237655,5579500
2014-04-09,72.65665435791016,72.79701980708752,72.3242163992136,72.45719270994447,3669500
2014-04-10,73.45447540283203,73.76475142692274,72.51625819581726,72.80437245193839,8873000
2014-04-11,73.35106658935547,73.6761209561746,73.18115026953828,73.2476412246875,6553600
2014-04-14,73.95686340332031,73.99380345772101,73.37324548860707,73.62442545875778,6155900
2014-04-15,74.48875427246094,74.5700178674773,73.9272982440551,74.39271240402711,5882400
2014-04-16,74.48875427246094,74.702994146935,74.2375743507031,74.6143414152099,3532700
2014-04-17,74.06024932861328,74.61431603181987,74.06024932861328,74.414854498619,4545200
2014-04-21,73.63178253173828,74.16368756112873,73.32150647668017,73.72782438420313,6357000
2014-04-22,73.37324523925781,74.07506118039855,73.05557993577854,73.89037218154458,8934300
2014-04-23,73.23285675048828,73.86818715751133,73.1442096661422,73.39538392013499,4179100
2014-04-24,73.75737762451172,73.94945571394022,73.23286167391736,73.52097598993032,4764900
2014-04-25,74.41487884521484,74.42965148218008,73.42494308075061,73.76477009354883,5047100
2014-04-28,74.1045913696289,74.74731093492704,73.61701547988432,74.59956203167337,7444500
2014-04-29,74.98370361328125,75.19055430765444,73.73520467562481,74.03070808312594,6626100
2014-04-30,74.89507293701172,75.17580379305545,74.64389863029929,75.0206657266283,4519800
2014-05-01,74.58479309082031,74.6438949140197,74.11937891471032,74.37794234588254,3531400
2014-05-02,74.93199920654297,75.55994049409864,74.60694485880431,74.69559758171285,4934000
2014-05-05,74.71775817871094,74.8950579854813,74.31144025042549,74.8950579854813,3483500
2014-05-06,74.57738494873047,74.83595395026965,74.46657610379499,74.65864852585558,3075100
2014-05-07,75.32351684570312,75.43433130787334,74.57737214576522,74.80639020391904,4322600
2014-05-08,75.316162109375,75.48607844713914,74.93201151949903,75.3531021590551,3384500
2014-05-09,76.04013061523438,76.05490325048287,75.22011127059362,75.24227304159594,3649400
2014-05-12,75.98841857910156,76.33563469109411,75.93670590090645,76.0549038926699,3817400
2014-05-13,76.4833984375,76.54988940023536,75.72248075223045,76.32826037279789,3955400
2014-05-14,76.114013671875,76.6680805546301,75.75202488662775,76.60159523410418,3826300
2014-05-15,75.72248077392578,76.09185872892054,75.4639173326815,75.92933152692119,3810800
2014-05-16,76.19527435302734,76.37996330688601,75.61165658248284,75.7594111273255,5081000
2014-05-19,75.41957092285156,75.96625422951236,75.161007540652,75.95147595838152,3859800
2014-05-20,75.00588989257812,75.67816050523115,74.93940456320043,75.39004613874002,3123700
2014-05-21,75.76678466796875,75.78156293864023,75.0206454505653,75.13884343464295,2735600
2014-05-22,75.68551635742188,76.07706159811931,75.52299484400567,75.83327087360728,3376000
2014-05-23,75.35311126708984,75.98105273373008,75.18319490878768,75.73726190339863,4174300
2014-05-27,75.61907196044922,76.01800091557313,75.40483202327555,75.50086828355552,5093200
2014-05-28,74.83598327636719,75.3826611252248,74.51831797846462,75.23490654697892,8930700
2014-05-29,75.46897888183594,75.5806866220953,75.11896962883772,75.41684936060712,4123700
2014-05-30,75.53599548339844,75.55833589206114,74.9998029487298,75.40194734973127,4232800
2014-06-02,75.9828109741211,76.3328258162024,75.45406720392876,75.5061967113649,3001400
2014-06-03,75.55085754394531,75.960450480979,75.52107413187802,75.69235431886398,3363500
2014-06-04,76.28815460205078,76.31049501066393,75.41683889430175,75.4838658018321,3589200
2014-06-05,76.29557800292969,76.40728569896832,75.77428299700202,76.21365940461399,2407800
2014-06-06,75.9306640625,76.42217560425793,75.79661597671955,76.26578711779555,2955500
2014-06-09,75.4987564086914,75.9604790128054,75.34981656565635,75.65514494838546,3802600
2014-06-10,75.12638854980469,75.67002968113705,74.97744873168917,75.67002968113705,5961200
2014-06-11,74.78382873535156,75.18597309623664,74.71680751604923,75.02213587346601,6606100
2014-06-12,74.2923355102539,75.22322381618038,74.12849825934023,74.77639856567394,5609100
2014-06-13,74.83595275878906,74.91042266867424,74.03166977766318,74.03166977766318,4014600
2014-06-16,75.29023742675781,75.34236693934594,74.64978588256615,74.78383401232,4038600
2014-06-17,75.41683197021484,75.84131673996501,75.08171450840327,75.14874140977982,6479700
2014-06-18,75.4764175415039,75.80409202090055,75.14874874379818,75.76685421853605,5441200
2014-06-19,75.89346313476562,75.98282477420601,75.24556284036679,75.24556284036679,3372200
2014-06-20,75.90091705322266,76.18391076994506,75.70729635216125,76.10943515079157,5418100
2014-06-23,75.89346313476562,75.95303566716214,75.59557774601818,75.69238808264234,2919000
2014-06-24,75.56578826904297,76.09453213267788,75.5211074495415,75.8413275648902,4586400
2014-06-25,75.6700439453125,75.8860106994737,75.23811043699011,75.28279125450935,3662000
2014-06-26,75.59555053710938,75.87853842963419,75.26787615925704,75.67002043706968,2783200
2014-06-27,75.5583267211914,75.71471524453966,75.32746828410926,75.40193819784315,2785500
2014-06-30,75.02214050292969,75.57323041019939,74.84341155873744,75.41683619212914,4265700
2014-07-01,75.21577453613281,75.4838708206979,74.64979285964084,74.79128969918665,3787700
2014-07-02,74.8657455444336,75.27533859149969,74.73169742736563,75.23065209801689,3216700
2014-07-03,75.20087432861328,75.4540731900505,75.02213970463222,75.4540731900505,2295800
2014-07-07,74.59766387939453,75.02959741671454,74.33701629021567,75.02959741671454,3951700
2014-07-08,74.5380859375,74.89554954803526,74.2699953317127,74.31467615239536,3115100
2014-07-09,75.26789093017578,75.40193904908621,74.66467723592397,74.69446633809189,5604900
2014-07-10,74.9029769897461,75.2529918036115,74.59019997034328,74.63488077834663,3274900
2014-07-11,74.74659729003906,75.0742660568337,74.4933927575669,74.96256402365962,2812500
2014-07-14,74.82107543945312,75.01470178774574,74.69447600013109,74.9849126817245,4159900
2014-07-15,74.69447326660156,74.74660277980826,74.36679879405047,74.7093649782217,3787000
2014-07-16,73.92739868164062,74.32209996505092,73.54760046962024,74.21039226905516,7128700
2014-07-17,73.25718688964844,73.79337377188043,73.24228949526656,73.6965634351631,4099100
2014-07-18,73.71891021728516,73.79338015055804,73.07845856409321,73.45826260998417,4044900
2014-07-21,72.64651489257812,73.4507979515256,72.64651489257812,73.36887933821856,6510600
2014-07-22,71.69328308105469,72.12521656927849,70.8219730898275,71.03793983393939,12398100
2014-07-23,71.00813293457031,71.35814771897701,70.61343734592081,71.12728932147014,9483200
2014-07-24,71.00813293457031,71.20920791704147,70.9485547411204,71.10494891934874,7781700
2014-07-25,71.28370666503906,71.38051700730536,70.98582125893071,71.0156103677107,4992500
2014-07-28,71.32837677001953,71.4698735950412,71.03794010516822,71.11985872158174,4863100
2014-07-29,71.35816955566406,71.80499477989525,71.2762509350244,71.41029907046286,6712700
2014-07-30,71.4549789428711,71.7454156188628,71.17199096366379,71.6337135755513,6049800
2014-07-31,70.41983032226562,71.0156010563667,70.41983032226562,70.91134203015264,6826000
2014-08-01,70.22621154785156,70.54643733172922,70.15173594282206,70.22621154785156,4576400
2014-08-04,70.23365783691406,70.26344694397629,69.64533575624044,70.22621482141692,7652700
2014-08-05,69.57828521728516,70.22618523916017,69.51870702825758,70.00276987115119,5494800
2014-08-06,69.60809326171875,69.96555112981991,69.52617464992674,69.54851505647177,3728000
2014-08-07,69.48892974853516,70.00278177330976,69.43680024469496,69.86873366605073,3261100
2014-08-08,69.66765594482422,69.8836169477697,69.19848478514979,69.31019247467651,6505900
2014-08-11,69.65277099609375,69.94320763172227,69.6006414892294,69.80171650262768,4288400
2014-08-12,69.67510223388672,69.7421291234302,69.36977392862458,69.57829192864543,3235900
2014-08-13,69.97299194335938,70.24108815507908,69.66766361882232,69.81660343347116,3595800
2014-08-14,69.74961853027344,69.92089883811238,69.45173306421864,69.74216983115657,5644500
2014-08-15,69.84639739990234,70.35280075936215,69.56340945967396,70.05491542761695,4281300
2014-08-18,70.18897247314453,70.55387906807312,69.95066531376594,70.11450255115575,4398800
2014-08-19,70.337890625,70.56130600375613,70.19639952136427,70.44959831437806,3331700
2014-08-20,70.14429473876953,70.49430963735806,70.00279790358921,70.3379154081108,4150400
2014-08-21,70.39749145507812,70.56877739143125,70.1815247012811,70.23365421552928,5981600
2014-08-22,70.337890625,70.64322459718744,70.20384253408413,70.39746881689351,3586900
2014-08-25,70.33045196533203,71.02303286431591,70.3081115624115,70.63578027472845,4614300
2014-08-26,70.08470153808594,70.59110487593492,70.04002072882245,70.29321955690202,6392400
2014-08-27,70.4868392944336,70.50917969698234,69.70489111509119,70.17406229537238,9027300
2014-08-28,70.7121810913086,71.17788904518221,70.23896587822652,70.34412481446698,5492400
2014-08-29,70.3967056274414,70.75724892123014,70.2389672200673,70.75724892123014,4635100
2014-09-02,69.7056655883789,70.38168575558657,69.62303988247879,70.03616268124651,6727100
2014-09-03,69.96106719970703,70.22396463290696,69.88595446604052,70.05871318040008,4855300
2014-09-04,69.86343383789062,70.02868532024556,69.70569534947963,69.87094110109929,4849800
2014-09-05,69.9084701538086,69.94602937657504,69.7056652507751,69.93100339517534,4004600
2014-09-08,69.4803237915039,69.72068792566141,69.25497990853556,69.70566767447225,5251900
2014-09-09,68.42121887207031,69.63055259227828,68.32357290778808,69.55543987123554,9795200
2014-09-10,69.85591125488281,69.90097775088964,68.00059742614206,68.2334486298233,12031400
2014-09-11,69.82585144042969,70.07372858175104,69.42023586301295,69.81083118825872,5960100
2014-09-12,70.11128997802734,70.48685936268976,69.7207003395014,69.81083905488462,7791300
2014-09-15,70.20893096923828,70.53943381112917,70.04367954829283,70.05119253944484,6255000
2014-09-16,70.41923522949219,70.689645551232,70.0436659749349,70.05868622359509,5826200
2014-09-17,70.25399780273438,70.47934169254604,69.99110041844288,70.36666974764022,5738600
2014-09-18,70.21644592285156,70.53192279125561,70.05119449728754,70.1788866967749,5488900
2014-09-19,70.87744140625,71.30559019503934,70.4568056083469,70.569471817976,9043100
2014-09-22,70.554443359375,70.96005885905349,70.47181766143684,70.69716151594677,4875700
2014-09-23,70.23896789550781,70.71969611233719,70.18638842587748,70.3816803240859,4702700
2014-09-24,71.35816955566406,71.5985336870433,70.35164654636755,70.38168704839865,7817900
2014-09-25,70.72721099853516,71.59101577551402,70.65209255642175,71.31309817033154,4569100
2014-09-26,71.13284301757812,71.26804823261295,70.62206839752812,70.64460737564588,3454400
2014-09-29,72.27455139160156,73.085782391927,70.5920026629776,70.80232053771407,16489100
2014-09-30,71.2154769897461,72.37974457237392,70.8624407912434,72.28209857882989,10036400
2014-10-01,70.749755859375,71.41826884271195,70.61455066438924,70.88496105436076,5334600
2014-10-02,70.69717407226562,71.05771742663782,70.60703536830593,70.62956861161253,4116000
2014-10-03,71.25302124023438,71.57601112723479,70.99012382773026,71.57601112723479,3948600
2014-10-06,70.48684692382812,70.93002169950411,70.3741807128989,70.87744222415948,4278600
2014-10-07,69.71317291259766,70.26150662219138,69.70566565258733,70.23897338069474,6093800
2014-10-08,70.47936248779297,70.56949548572524,69.71319762095952,69.91600832777685,5586600
2014-10-09,69.64559173583984,70.6070485006331,69.63807874309586,70.43428405192758,5068600
2014-10-10,69.3301010131836,70.19390589261678,69.3301010131836,69.67562411110352,5844900
2014-10-13,68.15082550048828,69.42024616916216,68.09824601398385,69.20241523057688,6173800
2014-10-14,68.4287338256836,68.90946213102262,68.0756977228523,68.21090291689974,5539500
2014-10-15,67.93297576904297,68.33859129446876,67.27948313406822,67.97052926002355,10468500
2014-10-16,67.53488159179688,67.82031222764952,67.10672704191786,67.14428626827919,7526400
2014-10-17,68.38367462158203,68.45878735277913,67.3320791926205,67.91045925737967,7074500
2014-10-20,68.79679870605469,68.79679870605469,68.13579863698676,68.32358333361523,5403200
2014-10-21,68.36114501953125,68.69164220056362,67.3771492769715,67.5649339803418,11422200
2014-10-22,68.30854797363281,68.7366967580354,68.05315786271339,68.1282705786075,6455600
2014-10-23,68.36864471435547,69.17987591850269,68.26348575056605,68.9845782440079,5966700
2014-10-24,68.85688018798828,68.94701889103919,68.01560854911268,68.12827476450978,5256600
2014-10-27,69.11227416992188,69.1723609112411,68.72919182400237,68.7442120766488,4071100
2014-10-28,69.5554428100586,69.5554428100586,68.87190956973606,69.46530983329237,5083000
2014-10-29,69.65310668945312,69.94605037663754,69.10477281839269,69.59301420727823,5295900
2014-10-30,70.1413345336914,70.14884752580994,69.47282150348967,69.53291397897011,3965500
2014-10-31,70.40422058105469,70.61453846341914,69.72819472293146,70.5319127623856,6795900
2014-11-03,70.3141098022461,70.44180203426687,69.87093489070932,70.44180203426687,4064900
2014-11-04,70.9600601196289,71.0802393082988,70.43425969334257,70.55444461274483,5802200
2014-11-05,71.08777618408203,71.41076610008541,70.89999148246923,71.3581866128632,4123800
2014-11-06,71.10279846191406,71.30560340755795,70.92252103163727,71.162885207939,3597300
2014-11-07,71.43327331542969,71.43327331542969,70.65208855371407,70.90747863481927,4674600
2014-11-10,71.44078063964844,71.87644232945041,71.34313470120252,71.77879066027273,5123900
2014-11-11,71.46334075927734,71.67365869395721,71.30560230826744,71.52343323510985,3429000
2014-11-12,71.60606384277344,71.6436173446808,71.23049443929396,71.305607173843,2725700
2014-11-13,71.71868896484375,72.27452971432443,71.4933451776521,71.73370920964892,4099800
2014-11-14,72.26704406738281,72.99564942679478,71.56097194906891,71.64359765358363,7793400
2014-11-17,72.08676147460938,72.16938716659241,71.80883817150895,72.15436118765085,3596500
2014-11-18,72.41727447509766,72.82288427212288,71.63608965097866,72.13935113272669,6258600
2014-11-19,72.52996826171875,73.08581515784276,72.432322270595,72.66517348905502,6631300
2014-11-20,72.59004211425781,73.08579639748078,72.4848831567378,72.51492939184828,4551900
2014-11-21,72.62010955810547,73.23604323092073,72.4248118382172,73.21350998069036,5483700
2014-11-24,72.98816680908203,73.17595153735326,72.50743836316651,72.73278232938603,5222900
2014-11-25,72.8604507446289,73.1158351408169,72.74777879836171,73.0106761858297,5369000
2014-11-26,72.91350555419922,73.04232661300556,72.68616951280336,73.01959416514511,3667800
2014-11-28,73.36058044433594,73.807673044233,72.72404888279472,72.7316282913068,3442900
2014-12-01,72.58006286621094,73.45908917435422,72.47397428162733,72.86044314340718,5273700
2014-12-02,72.07234954833984,73.50455116523338,71.80712809732141,72.14812627986025,10389700
2014-12-03,72.36791229248047,72.42095660426622,71.82231035331479,71.83746917462294,5316700
2014-12-04,72.48915100097656,72.73921370845966,72.09510263400473,72.28454740775004,5149300
2014-12-05,72.98169708251953,73.20903310580101,72.48156592525359,72.5800751185981,6209300
2014-12-08,70.17790222167969,73.88344046559655,69.88994832988486,70.78412763549348,11792700
2014-12-09,69.23070526123047,69.7156834663105,68.96548370867049,69.18524036119054,10066800
2014-12-10,68.20008087158203,69.1776160578418,67.82877093895998,68.98817138875408,12020800
2014-12-11,68.9351577758789,69.07155822955039,68.21526424429247,68.26830854397609,8972700
2014-12-12,68.66991424560547,69.25340135492105,68.52593442920323,68.70022609018453,8691000
2014-12-15,67.03314208984375,69.03367855869917,66.87400916407071,68.92758994151714,10121600
2014-12-16,67.23014831542969,68.76843863479932,66.39659263977163,66.73759084936985,15106700
2014-12-17,69.45043182373047,69.75354451592827,67.06342732208923,67.38927245445795,14010000
2014-12-18,70.98116302490234,71.03420732774357,69.45045187048719,69.92785059605828,11277100
2014-12-19,70.6401596069336,71.47371535421715,70.43555603847796,70.85991621164021,10284300
2014-12-22,71.14785766601562,71.24636683784733,70.4961673750822,70.6856120926467,5342200
2014-12-23,71.39793395996094,71.85260017601233,71.23880107341267,71.50402255099311,3590000
2014-12-24,71.10240936279297,71.64043179235956,71.03420624224196,71.39794272859159,1729700
2014-12-26,71.8222885131836,71.93595651284436,71.19333059226935,71.30699859193012,3884300
2014-12-29,72.01931762695312,72.33758342283518,71.43582455310768,71.47371581607246,4183200
2014-12-30,71.42068481445312,71.98901917637184,71.28428433633678,71.87535114770888,3257700
2014-12-31,71.00390625,71.83746796603286,70.90539703873988,71.0417975212365,4589300
2015-01-02,70.67047882080078,71.98901280496409,70.51134590731517,71.32974292218465,6019700
2015-01-05,69.88996124267578,70.98873850415386,69.88238183371939,70.70078455915697,6211900
2015-01-06,70.01879119873047,71.08725674175373,69.62474282238178,70.22338901542997,6484100
2015-01-07,71.23880767822266,71.26911953295568,70.36736064418226,70.67047341011741,6400300
2015-01-08,71.50405883789062,71.97388410902772,71.26914909302084,71.40554960519628,5476700
2015-01-09,70.6325912475586,71.20850499890398,70.30674599393639,71.20850499890398,4283300
2015-01-12,70.48101806640625,71.08723772581496,70.17032593811129,70.87506055595219,3989600
2015-01-13,70.34463500976562,71.56465981927492,70.03394280471493,71.19334389888813,5971200
2015-01-14,69.36710357666016,69.75357255912022,69.04883772352649,69.29890044733376,7745500
2015-01-15,69.24583435058594,69.98088081444608,68.93514800544372,69.69292691146133,5737500
2015-01-16,69.32919311523438,69.48075237100738,68.76085891422314,68.99577431532268,6927000
2015-01-20,68.80632781982422,69.62472465446507,68.37439406937138,69.44285933358869,6967300
2015-01-21,68.45774841308594,68.54868396951065,67.8515287144385,68.32135375054085,8682200
2015-01-22,68.87455749511719,68.93518122434695,68.07888694781846,68.66995963571304,7536400
2015-01-23,67.86669158935547,69.44287344086935,67.76818239165917,68.89727158600721,11496000
2015-01-26,68.70780944824219,68.7305418895484,67.66207667839844,67.73785340988381,7753300
2015-01-27,67.87427520751953,68.43503013472282,67.86669579756662,68.16980860032909,6640800
2015-01-28,67.27560424804688,68.06369493257773,67.26802484088391,68.00307123806142,6921300
2015-01-29,70.67804718017578,70.85233889989313,69.15491550118901,69.33678084855852,19146900
2015-01-30,70.04910278320312,70.70079328035904,69.95058779880313,70.20823570254643,12385400
2015-02-02,70.10213470458984,70.21580270729481,69.28373202278785,69.75355706931747,6751400
2015-02-03,71.17059326171875,71.21606392729761,70.05665734804148,70.20063718981845,7373000
2015-02-04,71.26911926269531,71.55707320947442,70.85233848844055,70.85233848844055,6464800
2015-02-05,71.48885345458984,71.86016925120367,71.2312114223864,71.30698815059954,5564100
2015-02-06,71.22364807128906,71.59496395160964,70.96600598100464,71.34489548887825,4662700
2015-02-09,70.26127624511719,70.81445172823965,70.12487578135902,70.70078949293742,8203000
2015-02-10,71.24638366699219,71.4055223549633,70.4507191341133,70.72352005435616,4697600
2015-02-11,71.39033508300781,71.4812706139772,70.70075942935061,71.35244961448201,5153900
2015-02-12,72.05719757080078,72.44366645403962,71.05692958819024,71.26911255053334,7910100
2015-02-13,72.48155975341797,72.63311323510396,71.93595796911683,72.29211501061312,6762200
2015-02-17,71.49645233154297,72.2845432386367,71.2994281594207,72.07994543860633,5972000
2015-02-18,71.67072296142578,71.82985582158662,71.23120985351852,71.40550152782438,5617500
2015-02-19,71.37523651123047,71.64803753089299,71.03423234595361,71.61014625206307,6312200
2015-02-20,71.37523651123047,71.6025668400176,70.89783183612236,71.35250405649151,8155000
2015-02-23,71.46613311767578,71.54191564011713,71.19333222479224,71.32215904410567,5682000
2015-02-24,71.9738540649414,72.239075566405,70.99631843263688,71.29185178875278,5643600
2015-02-25,74.76250457763672,75.25505647159142,71.88294107665557,71.9208323522199,16751600
2015-02-26,76.06188201904297,76.34469303649837,74.14332627333872,74.47200310760967,16098800
2015-02-27,75.59561157226562,75.9013583822972,75.28221948828354,75.80198731584662,7552500
2015-03-02,76.43643188476562,77.26958619312383,75.14465431978925,75.59563230036059,12363300
2015-03-03,76.23768615722656,76.77274461362819,76.09246092001095,76.41349249487018,8149700
2015-03-04,76.62750244140625,76.80330875357544,75.80963307255391,76.29118036506628,9179400
2015-03-05,75.75617218017578,76.37530560905745,75.2593340487197,75.67973689032996,9438800
2015-03-06,74.24270629882812,75.6644244387935,74.11276576052649,75.11408118053116,9677900
2015-03-09,74.68603515625,75.09879257861591,73.99810611897348,73.99810611897348,8460300
2015-03-10,73.60063934326172,74.23506311354805,73.45540825975027,74.074547309916,7838900
2015-03-11,72.58401489257812,73.96751205996574,72.56873017635942,73.60826582829073,9391100
2015-03-12,73.57006072998047,73.71529180689582,72.82862645761388,72.93563698850838,8765100
2015-03-13,73.64647674560547,74.18153509189685,73.18785947138075,73.56239623164018,5152800
2015-03-16,74.25801086425781,74.502607266127,73.94461862630511,74.08984974454057,4772200
2015-03-17,73.50892639160156,74.25800610460935,73.37134055989146,74.06691499565855,4530700
2015-03-18,74.1433334350586,74.32677922513247,72.8668465167488,73.3866144483219,5831000
2015-03-19,73.36369323730469,74.1509875885887,73.36369323730469,74.03633176920117,3615400
2015-03-20,74.18157958984375,74.69370242273186,73.47072034731303,73.62359091987594,10014000
2015-03-23,75.38162231445312,75.76380453010442,73.99047928274788,73.99047928274788,9232000
2015-03-24,75.94725799560547,76.31414969379654,74.96122708030458,75.25932877194921,7549900
2015-03-25,75.01470947265625,76.13832588982862,74.99177947747096,75.69499321079087,6030500
2015-03-26,74.6325454711914,74.88478714279856,73.53185878173335,74.6019701929689,10445800
2015-03-27,74.11277770996094,74.79306161620923,73.96754659571533,74.41852466180735,4642400
2015-03-30,74.81597900390625,75.15230117740087,74.42615739186884,74.47201738584099,4074500
2015-03-31,74.47968292236328,75.23640218693546,74.47968292236328,74.77013934926002,5617000
2015-04-01,73.60063934326172,74.15862201803455,73.3789729958736,73.9981062144025,7484800
2015-04-02,73.24901580810547,73.5624020682303,72.39292588509637,73.3483810453869,6614300
2015-04-06,73.59298706054688,74.00574444414619,72.95856335066443,73.18787495209837,4501300
2015-04-07,73.64647674560547,73.98279880146661,73.45538572870892,73.56239623164018,4443700
2015-04-08,74.02867126464844,74.52550915870032,73.36367814594094,73.93695129331556,4445200
2015-04-09,73.79938507080078,74.4720236426652,73.5394981426375,74.02869089156391,4790000
2015-04-10,74.75481414794922,74.86946410198942,73.80699842922313,74.06688526553044,5937800
2015-04-13,74.47968292236328,74.7166340645254,74.19686594211532,74.45675291913969,5197900
2015-04-14,74.58665466308594,74.70894989382622,74.12039206814013,74.26562312180262,4961100
2015-04-15,73.71527099609375,74.56371555982764,73.5929699486635,74.1433129988298,6604400
2015-04-16,73.09617614746094,74.4796798790192,73.00445613831434,73.66181008484428,5071700
2015-04-17,72.52290344238281,72.88215569927121,72.20187174408878,72.71399457207761,6933600
2015-04-20,73.51657104492188,73.57772159886026,72.61462078506295,72.61462078506295,4382400
2015-04-21,72.51525115966797,73.79938355717155,72.26300951352822,73.52421191258954,5981700
2015-04-22,74.785400390625,75.93959211768419,73.56241867567991,74.14333717714263,19254300
2015-04-23,74.1433334350586,74.54080028549141,73.80701129355938,74.4796555765578,6336500
2015-04-24,75.47332763671875,75.73321452527328,74.02103433334263,74.13569014206855,7741300
2015-04-27,73.71527099609375,75.62618112492957,73.57768523355217,75.47330481564175,7282700
2015-04-28,74.01337432861328,74.05923430670923,73.21078972212396,73.58532648372262,4357400
2015-04-29,74.15862274169922,74.65546070920112,73.43247898032966,73.82230641103261,5697200
2015-04-30,73.79938507080078,74.42616364484009,73.69237452145047,73.87582034438849,8300300
2015-05-01,74.75481414794922,74.88475465028512,73.93694476319453,73.93694476319453,6280300
2015-05-04,73.47831726074219,75.38922746983745,73.41717256609387,73.8146393236662,8426300
2015-05-05,73.47831726074219,73.73820408162942,73.0502752400281,73.67705355534594,7637000
2015-05-06,73.67707824707031,73.88345988453388,73.28725080091245,73.45541188873102,6614500
2015-05-07,73.97518157958984,74.39558430883451,73.47070413613348,73.58535412443908,5018900
2015-05-08,75.0835189819336,75.78673284349021,74.74719677352056,75.05294370556534,7543100
2015-05-11,74.53314971923828,75.20578807022392,74.25797815937243,74.96119177608045,4123700
2015-05-12,74.8694839477539,75.17523084672209,74.08218961926585,74.44144178818068,4848100
2015-05-13,74.41085815429688,75.28223292788422,74.3573528903621,74.9612013442755,6526900
2015-05-14,74.68603515625,74.80833624360442,74.35735827353103,74.64782044017936,4744000
2015-05-15,74.93828582763672,75.70265022102555,74.5561036309423,74.70897417696507,7607200
2015-05-18,74.92298889160156,75.09879525302512,74.61724782560115,74.88477417417003,4100800
2015-05-19,76.95623779296875,77.26198483756332,74.64021369816163,74.97653019873981,10809200
2015-05-20,76.52050018310547,77.18549913349254,75.99308702136275,77.10905804852877,6185100
2015-05-21,75.88609313964844,76.40586114053524,75.71793204647369,76.3523558683103,4729500
2015-05-22,75.66441345214844,76.03895612341522,75.54975765138587,75.78671452806483,4559500
2015-05-26,75.25932312011719,75.82495118080656,74.93829145039928,75.55742478937496,7123100
2015-05-27,75.41220092773438,75.84024316207632,75.06058814193857,75.6491520457968,8129500
2015-05-28,74.38673400878906,75.72057239543066,74.17084717712066,75.55866168341541,10204000
2015-05-29,73.96271514892578,75.38136546250374,73.89332144754552,75.24258394206088,6439100
2015-06-01,74.18627166748047,74.71826821622271,73.89328533289672,73.89328533289672,4919200
2015-06-02,74.2402572631836,74.76454220570406,73.8701713522155,74.247968979456,4430300
2015-06-03,74.41755676269531,74.84161275883467,73.99350664886968,74.30961630591688,4165700
2015-06-04,74.25566864013672,74.76453599012345,74.02437011203725,74.24796280682092,4702800
2015-06-05,73.6620101928711,74.08606051755109,73.60803993764577,73.96270245517175,3959300
2015-06-08,73.49236297607422,74.04748877574418,73.43839273901267,74.01664779994978,4594600
2015-06-09,73.03748321533203,73.67741444540033,72.85243733169041,73.64657346479339,7770900
2015-06-10,73.47695922851562,73.73138703255107,73.0991616158187,73.26107235741063,4828600
2015-06-11,73.7005615234375,74.27111097909221,73.63117371203779,73.63117371203779,4203900
2015-06-12,73.2918930053711,73.66969051325434,73.245634486983,73.56945588032795,3702400
2015-06-15,72.70596313476562,73.24566568690034,72.4900762315951,73.04520221797173,5861800
2015-06-16,72.96038055419922,72.9912215359608,72.55174783991089,72.66740005093787,3094800
2015-06-17,73.41529083251953,73.64658941368818,72.89100581329369,72.89100581329369,3941000
2015-06-18,74.14773559570312,74.50239808025289,73.4615398935044,73.7776555606582,5101000
2015-06-19,74.07832336425781,74.8955885642409,74.00122387257692,74.31733355316287,8279300
2015-06-22,74.68743896484375,74.81079700746989,74.12460135134907,74.255671109863,3893300
2015-06-23,74.92642211914062,75.52780632995031,74.88016360517483,75.24253176842954,4541700
2015-06-24,74.5101089477539,75.13462267622461,74.5101089477539,74.59492018030129,3927100
2015-06-25,73.854736328125,74.71826599453075,73.84702461367716,74.55634940269906,4322300
2015-06-26,75.01126861572266,75.0575271514572,73.96269866875346,74.11689770941278,6039500
2015-06-29,73.58488464355469,74.96498740457255,73.56946121476423,74.49467282581115,8412800
2015-06-30,73.29962158203125,74.24796260335523,72.8909888894247,73.96268794893392,6656000
2015-07-01,73.83161926269531,73.87787779239422,73.03748313051454,73.32275190674517,4446200
2015-07-02,74.14773559570312,74.47926881335209,73.69284432714456,74.11689461239669,3250900
2015-07-06,73.7468032836914,74.23253546117088,73.43839938017253,73.93184327287666,3852500
2015-07-07,74.54093170166016,74.61803119903502,73.43068011605543,73.96267664787679,4794400
2015-07-08,73.89330291748047,74.47155812726496,73.7468155976434,73.7468155976434,4914300
2015-07-09,74.39444732666016,74.99583171246134,74.35590051457679,74.51009952754083,5482500
2015-07-10,75.288818359375,75.38904712995223,74.74911004731261,74.98041444995582,5179200
2015-07-13,75.89022064208984,75.95190261498111,75.32738293351123,75.55868739069514,4578700
2015-07-14,76.16004943847656,76.36822456495302,75.52782410876299,75.65118801812903,5746100
2015-07-15,76.38365173339844,76.81541370593243,75.44302239410737,75.67432681214527,7572500
2015-07-16,75.45072937011719,76.41448791420481,74.94957375072856,76.41448791420481,7696200
2015-07-17,75.17317199707031,75.72829790068073,74.78766855093149,75.32737102259954,6429800
2015-07-20,75.16545104980469,75.72057688523844,75.09606326153299,75.38904372698302,4947000
2015-07-21,75.03438568115234,75.34278959463329,74.75682274725104,75.25026665589438,4206700
2015-07-22,75.23485565185547,75.7514288695408,75.11920343895025,75.33508443247152,5392600
2015-07-23,74.85704040527344,76.32966607940732,74.13229808085698,76.25256658306274,10380700
2015-07-24,74.09375762939453,75.1037806099692,74.08604591379199,75.1037806099692,5554600
2015-07-27,74.04751586914062,74.59493015457785,73.78537042012857,74.01667488206175,5818600
2015-07-28,75.0421142578125,75.11150206572086,74.26339552482406,74.3867594708612,4863000
2015-07-29,75.72058868408203,75.85937016456552,74.78767101951038,75.15775692823833,6006500
2015-07-30,76.46074676513672,76.59181651593092,75.24255454850567,75.24255454850567,5372500
2015-07-31,76.99275207519531,77.94879901606707,76.56099007912084,76.83084132666738,7647000
2015-08-03,76.65351867675781,77.23948567551918,76.34511468360357,77.10070417271562,4427300
2015-08-04,76.4376220703125,76.73060256883318,76.15234740537066,76.69205575399177,2842100
2015-08-05,76.94649505615234,77.20863459255139,76.5301506021808,76.96962432320919,3560600
2015-08-06,76.59951782226562,77.23945482303918,76.49157735012484,76.88479243138885,6740200
2015-08-07,76.26800537109375,76.65350884249918,75.90563116680207,76.55328005756758,3463700
2015-08-10,76.63037872314453,77.06214072397562,76.22945770556082,76.70747824010493,3994500
2015-08-11,76.18319702148438,76.45305416753926,75.8670872217668,76.09067994952623,3585000
2015-08-12,75.7745590209961,75.89021123525258,74.9650052858326,75.7668473047614,4167100
2015-08-13,76.61495971679688,76.96191047768374,75.55096640308733,75.61264836840996,4636400
2015-08-14,76.5378646850586,76.76145742789895,76.11381435124424,76.36824808092291,3185600
2015-08-17,77.60953521728516,77.80228688724783,76.2679793590787,76.32966130522215,5204100
2015-08-18,77.68665313720703,78.21093803916607,77.10068627447268,77.10068627447268,4257300
2015-08-19,77.94879913330078,78.55018359511355,77.24718588862454,77.44764345435145,5989000
2015-08-20,76.91565704345703,77.87170404006869,76.90023360994599,77.66353474620058,6668000
2015-08-21,74.8879165649414,76.63039423610866,74.8879165649414,76.62268251815664,10980000
2015-08-24,71.60343170166016,73.92415884410156,67.4631214450551,70.60883183390641,15074800
2015-08-25,70.32353973388672,73.61574254204783,70.18475825444149,73.60803082587978,11468800
2015-08-26,73.36131286621094,73.39985968452994,70.52400703955442,71.64967648677192,16439800
2015-08-27,75.0421142578125,75.07295524432178,73.6851402629876,73.92415055553866,10187100
2015-08-28,74.86321258544922,75.1821132744602,74.50542547635843,74.70765503684979,5606000
2015-08-31,73.90652465820312,74.57543287290001,73.77430013379904,74.48987443142896,5086600
2015-09-01,72.700927734375,73.33094349561692,72.0242399630908,72.1564644675742,7308400
2015-09-02,74.69987487792969,74.76210027060796,73.54095512646214,74.38097419105858,6908100
2015-09-03,74.67654418945312,75.78101824062254,74.34209011095643,75.29100660967448,6313900
2015-09-04,73.77428436279297,74.34208063170811,73.35427190376113,73.92984782954893,4429100
2015-09-08,75.27544403076172,75.35322280361571,74.27208183876732,74.909877270794,5771100
2015-09-09,74.22539520263672,75.74988127804858,74.06205804464312,75.67210252673806,5129400
2015-09-10,74.08538818359375,74.55206660737144,73.69648850808932,73.8598256597046,6210800
2015-09-11,75.76544952392578,75.77322324607675,74.0931794699138,74.25651664717,6656300
2015-09-14,75.42323303222656,75.95991668980992,75.1587780653955,75.72657442108488,4557200
2015-09-15,76.37211608886719,76.68323106531678,75.24430352975514,75.67209552358001,5142600
2015-09-16,76.76105499267578,76.79994141754631,75.85880448405157,76.72994229229487,5198700
2015-09-17,76.09989166259766,76.97880879647877,75.74988430066496,76.66768784468383,7955000
2015-09-18,75.48546600341797,75.99103107948844,74.86322384713603,75.30656945489109,10492700
2015-09-21,76.14656829833984,76.35657154145669,75.45432725387539,75.81989394942966,4543500
2015-09-22,75.60211944580078,76.28658689798296,75.22099929983393,75.53989998717155,6254500
2015-09-23,75.74213409423828,76.10770090967279,75.4543519975999,75.6332426088928,3035300
2015-09-24,75.67212677001953,75.78101824356779,74.90210679731688,75.31433965205527,4138800
2015-09-25,75.90544891357422,76.76880681689205,75.80433711678658,76.13879113279386,4825800
2015-09-28,74.63764190673828,76.02212411548278,74.49763775449786,75.4465541270008,6609800
2015-09-29,75.81988525390625,76.06100115985782,75.29875516568119,75.80432594337748,6944800
2015-09-30,76.63660430908203,76.76882883529879,76.03770114471499,76.38770863979249,5517600
2015-10-01,76.83102416992188,77.00214098824681,75.96766635683773,76.61324128628596,4456600
2015-10-02,77.6165771484375,77.63213052026869,75.54762858083494,75.70319196982942,4400800
2015-10-05,78.68997192382812,79.05553862868793,77.93550547918369,77.98995120538797,6501600
2015-10-06,79.25776672363281,79.56888769666986,78.68219678070463,78.75997554042914,7252400
2015-10-07,79.15664672851562,79.25776445398695,78.0443932873028,78.36329390742186,6497100
2015-10-08,80.07445526123047,80.47891431985245,79.15665162406728,79.21887700756899,8218900
2015-10-09,79.92670440673828,80.45560847698366,79.54557825458151,80.11337468619513,5756600
2015-10-12,80.3000259399414,80.35447167247223,79.73223557699716,79.86446007969488,3448200
2015-10-13,80.4089126586914,80.5100303946655,79.82556301566339,79.99667986041392,4697300
2015-10-14,79.9733657836914,81.6145236432158,79.6700243721339,81.00784082010078,9093000
2015-10-15,80.62671661376953,81.82452288312743,79.0244452588869,79.77891188799843,10168300
2015-10-16,81.52896118164062,81.67674501788302,80.43226673256449,81.45118240145958,7168300
2015-10-19,81.27228546142578,81.78563608951626,81.00783642329954,81.07783554487159,7064300
2015-10-20,80.76671600341797,81.16339550217323,80.4400415616857,80.93005915842474,4872200
2015-10-21,79.75557708740234,81.08561378121317,79.39778995931351,80.875610486039,7979600
2015-10-22,86.2346420288086,86.33575383845516,84.2979167917436,85.869075274805,25286600
2015-10-23,87.57244110107422,87.79022994138523,86.41352153086572,86.47574691381173,11677300
2015-10-26,87.25353240966797,88.6380143204902,86.9735241654412,87.29242475130876,11478600
2015-10-27,86.83354949951172,87.38578652014253,86.0168575211176,87.32356112606408,10013300
2015-10-28,87.84468078613281,87.85245450884965,86.64686879825867,86.87243137397583,4390300
2015-10-29,87.59580993652344,87.85247934394498,87.02801350829151,87.62692263860448,3752600
2015-10-30,87.3080062866211,88.11691859371199,87.3080062866211,87.79801790499054,6409500
2015-11-02,87.19910430908203,87.76689463326642,86.51464287054188,87.47133295315258,5663000
2015-11-03,87.17576599121094,87.35465654613033,86.54574438551742,87.05131522766787,4584900
2015-11-04,87.42465209960938,87.52576388341441,86.57684768383133,87.26131494078352,6797100
2015-11-05,87.77466583251953,88.24134431083672,87.23020859683928,87.58021597204247,5059100
2015-11-06,88.13245391845703,88.23357164496412,87.23798929686876,87.42465950360192,4615600
2015-11-09,87.83692932128906,88.2647215735975,87.42469638768713,88.24138259553773,8423800
2015-11-10,88.06246948242188,89.43917212933478,86.1413035684973,87.7124561105987,12716500
2015-11-11,88.55247497558594,89.003600125508,88.31135902110391,88.41247082333908,8387800
2015-11-12,87.19910430908203,88.46691538526167,87.16021195958365,88.28024516277607,5893800
2015-11-13,85.53462982177734,87.3935705401427,85.4879637409593,86.99689105076777,8602400
2015-11-16,86.38240814208984,86.38240814208984,85.2468216161181,85.44127148565036,6731800
2015-11-17,86.2890625,86.9735237973586,85.91571619789829,86.36684124881423,6027600
2015-11-18,87.52578735351562,87.5724534302256,86.21130414087864,86.56909717612159,5194500
2015-11-19,88.12470245361328,88.44359722340117,87.34690280595258,87.52579340179594,5323500
2015-11-20,88.59912872314453,88.80135228593886,88.03911222957016,88.17133669773683,6659400
2015-11-23,89.03472137451172,89.36917544067762,88.59915549639427,88.67693426975238,4968400
2015-11-24,88.8869400024414,89.10472294750586,88.17136577318955,88.59137828187394,6047700
2015-11-25,88.98027038574219,89.38472354380671,88.63025702508783,88.8791526456213,7477200
2015-11-27,89.54467010498047,89.67009067353976,88.99593792311582,89.13703980066192,2763700
2015-11-30,89.48979949951172,89.74848129694732,89.01945590999134,89.66225203757973,7872000
2015-12-01,89.71710205078125,90.09337563144551,89.19973260561677,89.77197465830878,5321900
2015-12-02,89.14488220214844,89.57602251706227,88.93322639134789,89.44276129139801,5692200
2015-12-03,88.88619232177734,89.70928760089697,88.509924636961,89.05865083592941,6558600
2015-12-04,91.08895111083984,91.23789365430568,88.90971548651913,89.16840327864375,7778200
2015-12-07,91.26141357421875,91.33196751178033,90.73620329289444,90.78323526415699,4810700
2015-12-08,91.34762573242188,91.60631348724877,90.35207798293649,90.89296349315035,4814200
2015-12-09,91.38684844970703,91.95125607885903,90.85379746447107,91.09680397898495,7604700
2015-12-10,91.87284088134766,92.11585332204778,91.08894290119737,91.41034394377913,5299900
2015-12-11,90.99488830566406,91.41035332085633,90.63429591548459,90.82242977543311,5736400
2015-12-14,91.135986328125,91.77094181642195,89.8739100257236,91.06543239572127,7660700
2015-12-15,91.66119384765625,92.68809831909071,91.59063991734878,92.10801547071301,6118300
2015-12-16,92.37454986572266,93.0879000123272,91.31628861961084,92.1001867249778,6306300
2015-12-17,92.1080322265625,93.20549082794881,92.10019157050931,92.76650379899334,5275900
2015-12-18,91.44954681396484,91.93555976368056,90.8459419832525,91.51225411089546,11238900
2015-12-21,92.25696563720703,92.29615695224913,91.4103542874848,91.68471741545005,3344600
2015-12-22,92.28048706054688,92.53133421813602,91.43387566093297,92.46862093357174,4092000
2015-12-23,93.12709045410156,93.166281768084,92.30399511179311,92.51564495316723,3641900
2015-12-24,92.94679260253906,93.27602835190973,92.89191997764395,93.08789449236471,1659300
2015-12-28,93.08787536621094,93.20546124701731,92.53914923000296,92.57834053649421,2777200
2015-12-29,94.12264251708984,94.24806908099777,93.14276991406332,93.28387180812585,3213900
2015-12-30,93.62095642089844,94.05993747168088,93.46417918295278,93.78557431494185,2400800
2015-12-31,92.60972595214844,93.42498073693397,92.45294871612623,93.14277692755944,3723200
2016-01-04,92.17072296142578,92.28830885078001,90.83025817638789,91.91203520097984,9995000
2016-01-05,93.44064331054688,93.46416527534005,91.94340117475251,92.03747109192312,6314000
2016-01-06,92.81352233886719,93.49550975612358,92.35101941917193,92.499961949684,6543800
2016-01-07,90.66566467285156,92.47646752095125,90.61078605983678,92.06100245023299,7477900
2016-01-08,90.52456665039062,92.08452239178544,90.35210808970675,90.73621653262263,6103400
2016-01-11,91.47307586669922,91.76311435085981,90.6029484528811,90.65782108345215,6392400
2016-01-12,92.06100463867188,92.29617050546028,91.06545059586186,91.7396035125253,5639700
2016-01-13,90.2423324584961,92.39805178042107,90.21097582340627,92.25694991285023,6986000
2016-01-14,91.41820526123047,91.81798901538917,88.58049177864393,90.61078513541595,9204500
2016-01-15,90.28938293457031,91.28493088497511,89.52900082455976,89.56819812162607,10201900
2016-01-19,92.1080322265625,92.27265011967022,90.90082836310438,91.42603868597207,9195300
2016-01-20,90.75969696044922,92.49995123724294,89.66223871573851,91.69253736555328,11905200
2016-01-21,92.37454986572266,92.84489351347717,90.76756233812114,91.33196993089221,9839100
2016-01-22,92.81352233886719,93.08788543665234,92.00610837367073,92.8448789758522,9016600
2016-01-25,93.44064331054688,95.55717159188016,92.6567452761273,95.51797429789224,15141500
2016-01-26,94.40484619140625,95.08683967533094,93.28387169566857,93.75420934842074,8326100
2016-01-27,94.74977111816406,95.33769472802459,93.93451632814393,94.75760579354774,7409000
2016-01-28,95.93341827392578,96.10587676060791,94.22452069419592,94.93002996668368,7460500
2016-01-29,97.03089904785156,97.47772069425027,96.2234850184528,96.23916034785826,10549900
2016-02-01,97.6815414428711,97.85399997952412,96.43514037021278,96.48217832245221,6189900
2016-02-02,97.16414642333984,97.46986613882025,96.49783437628425,97.24254100118947,7653000
2016-02-03,95.22008514404297,97.65800825213321,94.72622560687566,97.48554974586315,9327000
2016-02-04,94.58512878417969,95.03978504634695,93.06436485916038,94.8830078498295,7595000
2016-02-05,90.46184539794922,94.57731058044082,90.11692830693613,94.57731058044082,13261700
2016-02-08,90.97138214111328,91.21438865230714,88.35315922624426,89.4035858507411,11311500
2016-02-09,91.72391510009766,92.34319529479814,90.42264142956222,90.57158397708963,7525700
2016-02-10,92.13941192626953,92.91546961101929,91.9199213472025,92.51567978162164,5726300
2016-02-11,91.5044174194336,92.10801625617196,90.68916277063506,90.7283540827693,7568600
2016-02-12,92.44510650634766,92.75866695379008,91.01057149624948,91.49659048881867,8552800
2016-02-16,93.42495727539062,93.42495727539062,92.18639708757938,92.82919316291601,10835800
2016-02-17,93.00164794921875,93.59741203787338,91.49656539114368,93.42495354005231,12729000
2016-02-18,91.84934997558594,93.6444775579164,91.66121608357224,93.13494253557191,9707100
2016-02-19,91.34762573242188,91.99042180217357,90.78321826031468,91.71605872008442,10793700
2016-02-22,92.24127960205078,92.62539394219543,91.34763632778343,91.34763632778343,6223300
2016-02-23,91.6376724243164,92.61754487115327,91.59847513417623,91.99042411291097,5276700
2016-02-24,91.76309204101562,91.97474783652252,90.77538493087249,91.18300923305854,5349800
2016-02-25,92.79000854492188,92.89191313202654,91.84149268125381,92.0531425100611,6034000
2016-02-26,92.458251953125,93.41395332463088,91.755298001968,93.18490605935513,5193700
2016-02-29,92.56097412109375,93.49298176197479,92.18184981549112,92.2529382591563,6467700
2016-03-01,93.87210083007812,94.14064847088073,93.01907565478955,93.12965834875047,4731500
2016-03-02,93.5798568725586,93.77731605178954,92.93219100572014,93.6430392301708,4267700
2016-03-03,92.16605377197266,92.79002553765123,91.08397523767292,92.79002553765123,9132000
2016-03-04,92.55307006835938,92.76632333819099,91.54207999838883,92.18974588858723,5857400
2016-03-07,92.52935028076172,92.86108017564383,91.71581962265701,92.43456772823491,5640700
2016-03-08,93.53246307373047,94.05375820216564,91.7869246430803,91.7869246430803,6236200
2016-03-09,94.49604034423828,94.93834686513023,93.56403301380568,94.18010453246929,6428200
2016-03-10,94.76460266113281,95.45965673455999,93.72201853800439,94.70931433740537,6171200
2016-03-11,96.00464630126953,96.36797043368358,95.06473876843133,95.16741536259985,7042300
2016-03-14,97.0709228515625,97.53692356992723,95.92565612460848,96.2099977929574,7912100
2016-03-15,97.48953247070312,97.75017999678636,96.52593084771061,96.59701927572198,5061400
2016-03-16,97.56060791015625,97.98712036986045,96.88924804850089,97.41054306346425,6716700
2016-03-17,97.2762680053711,97.82125110264116,97.23677376926159,97.36314447805813,6108700
2016-03-18,98.0029296875,98.03452387555619,96.95244553203898,97.48953467704365,14783800
2016-03-21,97.7896728515625,98.3346620636006,97.18940134152311,97.67120217588062,4050100
2016-03-22,97.79757690429688,98.24778356822345,97.59221768142535,97.77388276819163,3494500
2016-03-23,98.08980560302734,98.72957129671813,97.82915808857005,98.0187171781868,4143600
2016-03-24,97.37894439697266,97.9397275980056,96.88134956320454,97.69488020732238,5796700
2016-03-28,97.28416442871094,98.09769509442586,97.2446762176029,97.93973019804464,4784400
2016-03-29,97.91604614257812,98.38994690646476,97.41844521841828,97.48953364728762,7188200
2016-03-30,99.3851547241211,99.59840798451742,98.41365291881901,98.65060634234905,4853700
2016-03-31,99.26667022705078,100.27766017300051,99.21138190269339,99.63789441601132,7685900
2016-04-01,100.3250503540039,100.61729208887242,98.62690634812961,98.87965383942989,5212400
2016-04-04,100.75945281982422,100.99640620550821,100.21446364833598,100.3487404474102,4239300
2016-04-05,100.60941314697266,100.92534908388829,99.82747637323845,100.18290053603306,6282200
2016-04-06,100.72000122070312,100.85427807662434,100.18291187495063,100.6805129903548,5619900
2016-04-07,101.20966339111328,101.50980516151772,100.32504421272543,100.60149184882955,4720800
2016-04-08,101.06751251220703,101.68359025551788,100.53042326679146,101.32026003793341,3625600
2016-04-11,100.75155639648438,101.64407562553727,100.66467388700178,101.37553406966393,6973700
2016-04-12,100.79106903076172,101.32025821165396,100.2223856016337,101.1622932706634,5211400
2016-04-13,100.22236633300781,101.03589707205566,99.58260061122748,100.87003210811169,4985200
2016-04-14,100.71206665039062,101.17016729909136,100.34084248387666,100.41982493875781,4834800
2016-04-15,100.92533111572266,101.13068431607766,100.27766527204186,100.37244784403504,3103800
2016-04-18,101.77043914794922,101.8178274102438,100.84632585138459,100.92530829720033,4525600
2016-04-19,101.77833557128906,102.16535980905724,101.1938522013441,101.81782980811423,4606300
2016-04-20,101.53349304199219,102.52078875019524,101.50189283023794,102.13376449387779,5006700
2016-04-21,99.35356903076172,101.69148517059571,99.2034981146247,101.53352022538147,7947600
2016-04-22,99.12448120117188,101.41500224081793,99.01390457274653,101.23334321953668,9311300
2016-04-25,100.6725845336914,100.72787286136395,98.7374870391768,98.78487531261733,6979900
2016-04-26,100.8700180053711,101.36761282763378,100.33292894798751,100.6409646988131,4082300
2016-04-27,101.3360366821289,101.54138985637044,100.92531828169591,101.05169502828296,4436200
2016-04-28,101.0359115600586,101.77046597510243,100.65679330981602,100.98852328527225,3385800
2016-04-29,99.90644836425781,101.0438152073793,99.59841251524176,101.0438152073793,6276900
2016-05-02,101.25704956054688,101.27284966706964,99.91432975291355,100.03280644793414,4830800
2016-05-03,101.41500854492188,101.88102127049189,100.6093779126045,100.62517801820417,4048400
2016-05-04,102.14958190917969,103.01839504845054,100.75946762919956,100.75946762919956,6613700
2016-05-05,102.11007690429688,102.66296012592969,101.88892361564376,102.13377103865612,4519700
2016-05-06,103.13688659667969,103.13688659667969,101.56510708988525,102.18908488560801,4418400
2016-05-09,103.3343276977539,103.86351679335672,102.95520949008856,103.19215083741032,5006800
2016-05-10,103.94252014160156,104.22686185100105,103.35014258468199,103.35014258468199,4082600
2016-05-11,101.99950408935547,103.95829559894395,101.99950408935547,103.65816586847565,6890200
2016-05-12,102.77352905273438,103.10525896080364,102.01529270627593,102.4733993560714,4286800
2016-05-13,101.75466918945312,102.80515350534881,101.65989263678509,102.47342351905843,6568700
2016-05-16,102.39444732666016,102.4655297497018,101.1386096451095,101.50192784195818,4343600
2016-05-17,100.85423278808594,102.65505918989665,100.54619701019593,102.36282351783292,5826200
2016-05-18,99.68527221679688,100.68046797668126,99.30615403987171,100.34873806537806,7303200
2016-05-19,98.9586410522461,99.20348850139436,98.47684018226182,99.10871195384061,6255100
2016-05-20,96.8023910522461,98.72959466848737,96.47066106039428,98.52423542430357,9735900
2016-05-23,96.99984741210938,97.72650178741496,96.73130581491301,96.96035919097959,7081600
2016-05-24,97.90023040771484,98.54789608769924,97.15778820566759,97.45792390215698,4494100
2016-05-25,97.35525512695312,97.93183243560514,97.17359006848933,97.74227335031986,5307400
2016-05-26,97.77388000488281,97.92395089727553,97.33157340748376,97.45004408466176,3716300
2016-05-27,97.34736633300781,98.47683297450281,97.24468973868113,98.15299705812768,3222800
2016-05-31,96.40745544433594,97.47373969697806,96.05993143087366,97.38685718711871,7995200
2016-06-01,96.33636474609375,96.94453623676617,95.96514060429158,96.40744714296243,5057200
2016-06-02,96.40797424316406,96.67849577667847,95.91467991130015,96.03402139786795,4740200
2016-06-03,96.55119323730469,96.80579853404427,95.74759280342356,96.34432453674468,4643000
2016-06-06,97.06835174560547,97.20360946740294,96.43979365750909,96.90126760627885,4901700
2016-06-07,96.9887924194336,98.16633956137896,96.9887924194336,97.33887088500911,4562100
2016-06-08,97.1558837890625,97.45822568414648,96.18519919133351,97.05245247317647,3925900
2016-06-09,97.69693756103516,97.93562665484325,97.12407402346345,97.12407402346345,4583400
2016-06-10,97.35481262207031,97.5935077899703,96.7580807725906,96.90925478361196,4347400
2016-06-13,97.85604858398438,98.63578073923479,96.9490168123218,97.02857983136306,5436700
2016-06-14,97.47413635253906,98.01517333981106,97.01266237833995,97.49800464943405,6351400
2016-06-15,97.26728820800781,98.11862537527936,97.17180892999106,97.9833676174582,4168100
2016-06-16,97.44231414794922,97.5696137603182,96.232934443964,96.94105561039822,3931800
2016-06-17,97.28316497802734,97.63324947359673,96.60687035089666,97.25134463321922,8331400
2016-06-20,98.19817352294922,98.72330036705175,98.07882596108327,98.1186105051283,5951000
2016-06-21,97.56961822509766,98.65965041905677,97.31501291843989,98.59599757482499,4749000
2016-06-22,95.97039031982422,96.63076891112526,95.51687438590909,96.51937945860365,6578900
2016-06-23,96.43980407714844,96.86945165480945,95.98628820132888,96.65463090111349,3832800
2016-06-24,95.03153228759766,96.36025366794266,94.11654229342915,94.49049520089305,6985900
2016-06-27,92.53321838378906,94.01311381074831,92.35817607539839,94.01311381074831,14150500
2016-06-28,94.28362274169922,94.39501219011846,92.95490141393408,93.24928521178367,6173000
2016-06-29,95.07129669189453,95.44524954399822,94.68143366471514,94.80873934639683,5020400
2016-06-30,95.74760437011719,95.83512552053205,94.92014160845454,95.22248353789783,4808100
2016-07-01,95.79532623291016,96.16132093229085,95.2065526791472,95.25428927072382,3798100
2016-07-05,96.081787109375,96.11361353685007,95.55666016144184,95.57257641031455,5191100
2016-07-06,95.97833251953125,96.24089594649116,94.68143770102425,94.91217470620695,5102800
2016-07-07,96.2090835571289,96.46368889821223,95.80331027839215,96.18521525488205,3621300
2016-07-08,96.51937866210938,96.82172666240436,96.33638430744963,96.44777375905204,3809600
2016-07-11,97.06835174560547,97.16383099819286,96.63870421436484,96.82170459759024,4266300
2016-07-12,97.26728820800781,97.53780372365014,97.0365511721699,97.06837759817549,3742000
2016-07-13,97.72079467773438,97.87992072205867,97.19567387524862,97.35479991957291,3464200
2016-07-14,98.60395050048828,98.82672937328744,97.87196104121419,98.42095010053525,6011900
2016-07-15,98.3493423461914,99.00972689296995,98.17430007400732,98.9938106480793,3688400
2016-07-18,98.50052642822266,98.65965247184366,98.17431014744932,98.65965247184366,5254700
2016-07-19,100.64875030517578,100.72831332061224,98.4607339941937,98.7232974083761,6277700
2016-07-20,100.2986831665039,100.94315766504971,99.90086194998403,100.9192832930317,3353300
2016-07-21,101.18981170654297,101.2295962589882,100.1952585981166,100.58512171694402,3572100
2016-07-22,102.04907989501953,102.31960751143035,101.27731194135856,101.27731194135856,4304200
2016-07-25,101.36481475830078,101.80241431432937,100.93516725346441,101.80241431432937,6210100
2016-07-26,96.837646484375,98.93814216703709,96.24887274294089,98.26184726630285,14563700
2016-07-27,95.06333923339844,96.90127089870732,94.87238072173541,96.8217078873154,9939200
2016-07-28,95.01561737060547,95.6203073160429,94.17223833873985,95.15087512660845,6239400
2016-07-29,93.6072998046875,95.20654221976558,93.43225756111197,94.7928049039929,7460900
2016-08-01,93.89378356933594,94.19612556767079,93.67895667108728,93.79034614785651,4208800
2016-08-02,93.64710235595703,94.45070283075485,93.17767628223861,94.02901335564661,4504200
2016-08-03,93.50386047363281,93.90168153874748,93.20151864944205,93.70277100619015,4120000
2016-08-04,94.1244888305664,94.32339941045326,93.5516253892492,93.76644614460858,4313200
2016-08-05,94.84852600097656,95.03947846970188,94.36318367066966,94.50639953978103,3883800
2016-08-08,94.11651611328125,94.97581114200831,94.04490515908655,94.81667906061355,3589300
2016-08-09,94.13243103027344,94.7848574212017,93.56752577095602,93.86987370570937,3491700
2016-08-10,94.52232360839844,94.63371306356169,93.60733359504027,93.8858072329484,2941700
2016-08-11,94.98377990722656,95.27816975690811,94.56209044029711,94.57800668637141,3490200
2016-08-12,95.09516143798828,95.49298257298203,94.90420899286653,95.13494597959517,3015700
2016-08-15,94.29953002929688,94.8803516242043,94.29953002929688,94.69735121011115,3391600
2016-08-16,93.83805084228516,94.30747686573507,93.82213459760655,94.13243459588298,3333900
2016-08-17,93.16969299316406,93.86986195842879,92.70821909701554,93.86986195842879,5184900
2016-08-18,93.19358825683594,93.38454679550063,92.93103088914367,93.2811094028232,3710500
2016-08-19,91.50684356689453,92.93104433829996,91.49888544239774,92.93104433829996,7065700
2016-08-22,91.83304595947266,92.07969923557592,91.22040397166172,91.49887760248487,4484700
2016-08-23,91.65000915527344,92.38995650033165,91.53861975453496,92.22287239922393,4305400
2016-08-24,91.39544677734375,91.81713628780844,91.28405732440099,91.61822568322926,4135400
2016-08-25,91.84098052978516,92.11945408919108,91.40337488624131,91.57841714365885,6694100
2016-08-26,91.05330657958984,92.07172775039061,90.67139560540505,92.00011678698827,5294500
2016-08-29,91.8250961303711,92.01604861466564,91.10105860242138,91.18062163168825,4983000
2016-08-30,92.49861907958984,92.90755192528476,91.8892297962428,92.53871281409826,5085300
2016-08-31,92.73916625976562,93.01178406980362,92.37032104303395,92.61889117756571,5394700
2016-09-01,92.53067779541016,92.85942311862426,92.09769122640493,92.61887910302848,3966600
2016-09-02,92.87548065185547,93.09999088925544,92.77123938631607,92.95566200557758,3410100
2016-09-06,94.01407623291016,95.60970788210211,93.74145839385378,93.88578116692213,6337900
2016-09-07,93.74945068359375,94.2064910455203,93.36457780904719,94.03008842908477,2647700
2016-09-08,93.14810180664062,93.9018200169419,93.04386665482156,93.66928980062671,3085600
2016-09-09,91.87319946289062,92.81935412924798,91.87319946289062,92.69105906790348,4961100
2016-09-12,92.97168731689453,93.15610991927038,91.51236478996448,91.78498870859252,5014000
2016-09-13,91.99346160888672,92.69906599465823,91.79300519182664,92.69906599465823,4162200
2016-09-14,92.35430145263672,92.73918055149996,92.06564365785073,92.20997255524372,4530700
2016-09-15,93.1240463256836,93.20422768081954,92.02554279624074,92.11374412212388,3671200
2016-09-16,92.43447875976562,93.22027074831695,92.07365959083168,92.75521030850994,9500500
2016-09-19,92.37835693359375,93.34055163957228,92.17790046786229,92.87549117088828,3741500
2016-09-20,93.3725814819336,93.51691032351586,92.6108496675759,92.78725226478127,3841800
2016-09-21,93.7574691772461,93.8536904530905,92.97969735380808,93.40466394992725,4528900
2016-09-22,94.10227966308594,94.5753539652301,94.03813212865926,94.18246102239648,3808800
2016-09-23,93.94992065429688,94.2305584403058,93.29242379102816,93.40467890543172,2776000
2016-09-26,93.43675231933594,93.76550380846184,93.23629588473084,93.65324869447859,3022400
2016-09-27,93.71739196777344,93.97397596447209,93.30846523760826,93.77351952588111,3745400
2016-09-28,92.35430145263672,93.4367651243613,91.77698586306475,93.31649002362619,5638900
2016-09-29,92.04158020019531,92.98773484658317,91.9934726119291,92.37032558242295,4924400
2016-09-30,92.49861907958984,92.77925686881382,91.96139729486896,91.96139729486896,4188700
2016-10-03,91.92131042480469,92.33024330103765,91.7368939141622,92.21798817696515,3085800
2016-10-04,91.00723266601562,92.61890431421928,90.9430851307513,92.2019514524468,4742900
2016-10-05,90.93506622314453,92.07365738230281,90.9110063106733,91.33597912009705,3720300
2016-10-06,91.34397888183594,91.5845290298759,90.12520655479628,90.80675715098366,3900000
2016-10-07,90.96713256835938,91.6807570253159,90.78271606417255,91.38408540098614,4153100
2016-10-10,91.97742462158203,92.20193483710342,91.53642416036347,91.57651177459539,3290300
2016-10-11,91.15154266357422,92.39437490250535,91.05532138062688,91.92931454442646,3943300
2016-10-12,91.97742462158203,92.3943774082171,91.03929002781999,91.08739761187611,3340200
2016-10-13,92.5387191772461,92.80331704388297,91.46426941647802,91.52039697818225,4464700
2016-10-14,91.48028564453125,92.29815123484137,91.4642518231765,92.12976858211735,5312500
2016-10-17,90.13323974609375,91.72887135098634,89.88466959200436,91.33597842783541,5655700
2016-10-18,89.20308685302734,90.67844283629125,89.18705303470625,90.51808018330799,6198400
2016-10-19,89.21114349365234,89.6200702620934,89.09888836692983,89.57196266991107,6433400
2016-10-20,88.65787506103516,89.24321056426193,88.4654385893003,89.24321056426193,7250700
2016-10-21,91.35201263427734,91.80905309055434,90.40585795598255,90.82280467572224,10108000
2016-10-24,91.06336212158203,91.80906041154394,90.31766383162014,91.60860394776327,6173500
2016-10-25,90.38179016113281,91.03928696336122,90.34169643080591,91.00721320258857,4879000
2016-10-26,89.8926773071289,90.36575152107635,89.32338180948028,90.02096623461935,3763100
2016-10-27,89.86862182617188,90.19736716710987,89.62807168016313,89.9407831995079,2960700
2016-10-28,89.88465881347656,90.08511523639575,89.42761841391858,90.01295386051822,3304700
2016-10-31,90.26151275634766,90.38980779612469,89.63608973104513,90.173311445862,4181600
2016-11-01,90.00495147705078,90.42189822651557,89.76440127556812,90.3256830398791,3935600
2016-11-02,90.11720275878906,90.42189436587172,89.66016228944235,89.88467253860277,3512500
2016-11-03,89.57998657226562,90.48604759698678,89.41961772887745,90.39784626248475,3890700
2016-11-04,89.0347671508789,89.80451944056146,88.86638441102154,89.79649946701186,3457400
2016-11-07,90.46195220947266,90.83079120352095,89.70823428568879,89.80445554748346,3842400
2016-11-08,91.496337890625,91.6085930075406,90.60631080833338,90.61433077881165,3300200
2016-11-09,92.19390869140625,92.54670778984926,89.64410307986954,89.87662711676536,5099500
2016-11-10,91.81705474853516,92.24202135431221,91.23171934603953,92.23400138511526,4437700
2016-11-11,91.58453369140625,92.17788300467596,91.54443995887742,91.94535281438702,4331200
2016-11-14,94.503173828125,95.21679818406689,91.9854417171166,92.20193195604905,7093200
2016-11-15,94.87203979492188,95.00033487468967,93.82966368286985,94.27869034461105,4447900
2016-11-16,95.58563995361328,95.89835148391579,94.99229065476298,95.30500218506548,5371100
2016-11-17,95.778076171875,95.8181699033312,94.83994158326756,95.32905574329938,2836600
2016-11-18,96.21907043457031,96.4115068625552,95.34508348116263,95.62572121310804,3655400
2016-11-21,95.81819915771484,96.62002509208902,95.38521241905921,96.05874938500565,3603300
2016-11-22,95.97053527832031,96.45162955146786,95.32105219799782,95.81818641346945,3699100
2016-11-23,96.33135986328125,96.82849410666932,96.00261443652396,96.00261443652396,2860200
2016-11-25,96.748291015625,97.01288884495285,96.15493559847876,96.28323064568158,1709100
2016-11-28,97.67841339111328,97.71850712590766,96.40351337492623,96.52378234441933,5931700
2016-11-29,97.51678466796875,97.605671855621,96.17540068340958,97.274363944369,6370900
2016-11-30,96.3774185180664,97.36325377881631,96.3774185180664,97.14508005365761,5696100
2016-12-01,95.73098754882812,96.12693571217866,95.24615218237618,96.12693571217866,4445000
2016-12-02,95.5451431274414,95.75524074050296,95.11687172909757,95.35121018885526,3348700
2016-12-05,96.39359283447266,97.24205314501468,96.18349525828403,96.52287938250083,5191900
2016-12-06,96.36128234863281,96.68450800880137,95.83604142148599,96.39360553115134,3368000
2016-12-07,96.90267181396484,97.07236388096453,95.73098585205537,96.49056515054392,4059900
2016-12-08,97.33094787597656,97.89659429179325,96.56329236917378,97.00772839838572,3255100
2016-12-09,97.98546600341797,97.99354217356922,97.13699959636718,97.42790201221229,2623700
2016-12-12,98.37334442138672,98.78545725762305,97.98547859376585,98.23597553098,4172000
2016-12-13,99.13294219970703,99.3268751496413,98.38952742077795,98.40568593118192,4308000
2016-12-14,99.26220703125,99.71472536864692,98.89858205916043,99.28645403906981,4967400
2016-12-15,98.87434387207031,99.68240486732095,98.39758467906404,99.36726157237449,4402800
2016-12-16,99.58543395996094,100.07026931744538,99.01979373706509,99.302613848513,10793800
2016-12-19,99.38343048095703,99.92483608984973,99.20565605699377,99.57736957892611,3545500
2016-12-20,99.65817260742188,100.1187671677851,99.15717252780954,99.5369622146912,2768800
2016-12-21,99.5369644165039,100.00564132408768,99.47231805028198,99.51272357042488,2762800
2016-12-22,99.97332763671875,100.19958377496913,99.46424516063801,99.48849217403689,3037100
2016-12-23,99.50463104248047,100.06219510526145,99.44806701908357,99.69048778507953,2164100
2016-12-27,99.44808197021484,99.91675890025978,99.3672770910733,99.63393874075581,1919300
2016-12-28,99.13294219970703,99.67434169099121,99.07637816576715,99.33495748735193,1980200
2016-12-29,99.2218017578125,99.68239623863484,99.19756091645588,99.19756091645588,1943300
2016-12-30,98.35719299316406,99.5208028898088,98.1309368832646,99.22181807886075,3574600
2017-01-03,96.66024780273438,98.58343053976019,96.12692464552497,98.47030250611253,5123800
2017-01-04,96.54712677001953,96.75721818201933,95.49664504995697,96.1592547943764,3780800
2017-01-05,96.72489929199219,97.12892979223444,96.2400639247047,96.43399683861645,4261100
2017-01-06,97.58143615722656,98.17939949792317,95.77137529968832,96.10268322839488,4089200
2017-01-09,97.3147964477539,97.82387271050949,97.23399157247763,97.5814580846807,3021800
2017-01-10,97.16934204101562,97.65417744189679,96.74915300425637,97.3390341230732,3108400
2017-01-11,97.67841339111328,98.17941344042089,97.46832196577267,97.71881890791833,3565200
2017-01-12,98.66423034667969,98.83392238846456,97.12891347074958,97.20972448923153,3480700
2017-01-13,98.17942810058594,98.77739161548757,97.85620241293036,98.77739161548757,2877400
2017-01-17,99.1894760131836,99.229881524409,97.53294869318943,97.57335420441481,4077600
2017-01-18,99.15718841552734,99.39152690168302,98.42185593450294,99.23799330195608,3395000
2017-01-19,98.7289047241211,99.39151457468499,98.61577666414802,98.77738641696187,3155200
2017-01-20,98.79352569580078,99.35108351519696,98.59958664425703,98.79352569580078,4887100
2017-01-23,98.08242797851562,98.64807429688999,96.821854971021,98.33293104501632,7022600
2017-01-24,97.81576538085938,98.63190237570421,97.3874879647841,98.5591798606252,3495200
2017-01-25,98.41374969482422,98.51879540516758,97.73497525063648,98.17132892939657,3968300
2017-01-26,98.4864730834961,98.89050358605148,98.38950970849318,98.470314576001,2497300
2017-01-27,99.27836608886719,99.38341179008208,98.16324422783966,98.80160693562749,3592700
2017-01-30,99.40764617919922,99.56117971833024,98.82584752752344,99.23795413516689,3778000
2017-01-31,99.04402160644531,99.66622577012845,98.66423200724259,99.40764653567354,3733300
2017-02-01,98.9228286743164,98.98747503557621,98.34102375301082,98.50263965616033,3233400
2017-02-02,99.56925964355469,100.18338762020069,98.79352196174584,99.01977801497986,3236600
2017-02-03,100.39348602294922,100.61166592168976,99.61774828690443,99.64198912787215,3183000
2017-02-06,100.56317138671875,100.92680247209765,100.15914095741893,100.27226898442167,2760300
2017-02-07,100.67631530761719,101.34700740574151,100.67631530761719,100.9672177558394,2847200
2017-02-08,100.74095916748047,101.29852320691336,100.59550794697692,100.66823663973665,2835200
2017-02-09,100.58741760253906,101.00760653311018,100.49044808086187,100.74094497225916,2493600
2017-02-10,101.67021179199219,101.90455016882457,100.61973026343524,100.74902295341785,3681400
2017-02-13,101.4439926147461,102.36518178808477,101.40358709318929,101.83185849561659,2993800
2017-02-14,101.66215515136719,101.8722527431809,101.22580145991549,101.4116582074846,2663100
2017-02-15,102.20353698730469,102.45403387301633,101.37122914975052,101.54092735008766,2974900
2017-02-16,102.38134002685547,103.28637068818745,102.06619668760051,102.42174554830538,3006000
2017-02-17,103.27020263671875,103.33484283404223,102.36517205900925,102.44597692942594,3677400
2017-02-21,103.46411895751953,103.69038736790249,102.75303370357173,102.75303370357173,4495200
2017-02-22,103.3105697631836,103.52066729274323,102.13888409509109,103.04390822547498,3670700
2017-02-23,103.64997100830078,104.15904097080626,102.97927900814369,103.37522710732642,3178000
2017-02-24,103.95703125,104.02976610280086,103.22978136223928,103.72269901106452,3537200
2017-02-27,103.37095642089844,103.98960473199101,103.20001535014782,103.93262437507414,5184000
2017-02-28,103.908203125,104.13612454831494,103.03721413710764,103.44421845313946,4619300
2017-03-01,105.04780578613281,105.82111142391989,103.883773312054,104.20937797389838,5471600
2017-03-02,104.38031768798828,105.66645274661772,104.31519551049985,105.04781069165566,6738100
2017-03-03,104.11173248291016,104.73038094381464,103.73728915958219,104.38035068177078,4067700
2017-03-06,104.217529296875,104.46986999790394,103.70470606918583,104.111710405242,3271500
2017-03-07,104.25008392333984,104.4454380315897,103.65584872198622,104.24193588830603,3332400
2017-03-08,104.2663345336914,104.48612028279608,103.7616532927973,104.25006330841154,3571700
2017-03-09,104.30708312988281,104.77920970624825,103.94078166810613,104.15241947649557,3265700
2017-03-10,104.17684173583984,104.67338135586081,103.96519772359898,104.64896208721645,3178900
2017-03-13,103.87562561035156,104.41287420355604,103.66398166056871,104.20122404338116,3130800
2017-03-14,104.03031158447266,104.3803293542097,103.78610649679345,103.90820904063305,2492700
2017-03-15,104.09540557861328,104.43729387125153,103.7616653203421,104.3640360866525,3529300
2017-03-16,104.17684173583984,104.92572207904433,104.13613881450334,104.43732428536944,3945700
2017-03-17,104.71407318115234,105.80484180097594,104.53499028287845,104.65709903394868,12532700
2017-03-20,104.82803344726562,105.39783702079316,104.57569275190245,104.99898072971706,3415500
2017-03-21,104.61639404296875,105.61762119380668,104.33962166516824,105.1861976076413,4062400
2017-03-22,105.0885238647461,105.12921436146172,104.52685589726117,104.6652358801393,3174200
2017-03-23,105.00714111328125,105.48740335133705,104.85247744524547,105.12110185486719,2774500
2017-03-24,105.28387451171875,105.56063446831722,105.13735891850291,105.31644181295748,3568200
2017-03-27,105.40599060058594,105.67461496097461,105.02340551949786,105.07224405397089,2540400
2017-03-28,105.37340545654297,105.63389415734571,104.95826556302161,105.38155349143362,3487400
2017-03-29,104.87686157226562,105.55249017840096,104.70592672756236,105.00710592494391,3197800
2017-03-30,105.26760864257812,105.43854351003472,104.68152139829633,104.80361773219387,2018000
2017-03-31,105.50364685058594,105.9757732919726,105.25130619174479,105.32456397899844,3041700
2017-04-03,105.50364685058594,105.58505267250192,104.89314044856977,105.41410541479219,3287100
2017-04-04,105.24317169189453,105.43853823714728,104.72220665867334,105.12107536410291,3414000
2017-04-05,106.15486907958984,107.10725769211955,105.53621456763868,105.73158111153684,4052200
2017-04-06,105.9432144165039,106.3583667521782,105.78856321582533,106.073458773609,3856900
2017-04-07,105.78854370117188,106.14669698596458,105.51177138818295,105.83738222088074,2176600
2017-04-10,105.80484008789062,106.35022438897211,105.4304030672251,105.78042082222923,2709300
2017-04-11,106.79792785644531,106.83049515670137,105.6583207631983,106.32580136901848,3677600
2017-04-12,106.84678649902344,107.09099161377036,106.52932357608886,106.8874894216126,3195500
2017-04-13,106.43976593017578,106.74909318987348,106.28511472111313,106.63513247642479,2429200
2017-04-17,106.9200439453125,107.34331951142904,106.5618781426088,106.83863810986654,3236400
2017-04-18,107.6933364868164,108.10034077254075,107.28633220109208,107.45726704545665,3617400
2017-04-19,107.97013092041016,108.26317459660095,107.72592578678633,107.97013092041016,3132800
2017-04-20,108.4829330444336,108.62131302033326,107.97010363549857,107.97823925027411,2697300
2017-04-21,108.59690856933594,108.97949366933673,108.38525834844076,108.71086929566889,3466100
2017-04-24,109.26437377929688,109.69579735500204,108.47478442282835,109.27252181481431,5041000
2017-04-25,115.34502410888672,115.58109357484453,111.66570150473936,112.44715527990176,10893800
2017-04-26,114.64497375488281,115.58922675726889,114.23796943531497,115.34502168137097,7132200
2017-04-27,114.66939544677734,116.23229057649412,114.65312421661635,115.4915521390042,5183700
2017-04-28,113.90422058105469,114.57984922820387,113.78212425599767,114.27867001253931,4779900
2017-05-01,114.89730834960938,115.14151341255057,113.83095907624443,113.8472427259833,3747200
2017-05-02,114.9624252319336,115.4345516863282,114.54728533860717,114.75892309232135,3774100
2017-05-03,116.09391784667969,116.1590400337504,115.1008262302287,115.75203568014877,4278400
2017-05-04,116.76958465576172,116.94866762342838,115.80091199087148,116.09395571789045,4178800
2017-05-05,117.18470001220703,117.20097124353126,116.06136401147185,116.74512835070749,2452700
2017-05-08,117.41263580322266,117.62427362337938,116.94050920060648,117.16028263741927,2813000
2017-05-09,117.51031494140625,118.01499644026191,117.21727126640866,117.2905290799608,3053800
2017-05-10,117.64051818847656,117.73819523904882,116.99744448345008,117.1032695687598,2273300
2017-05-11,117.38819885253906,117.55099810666252,116.72884137904069,117.28237374800472,1941900
2017-05-12,118.32427215576172,118.43823284517315,117.59166949822873,117.62422437201045,2747900
2017-05-15,119.07318878173828,119.17086584873985,118.38127643504588,118.38127643504588,3332800
2017-05-16,119.89533996582031,120.20466725681264,119.0731956228203,119.29298145698786,3540900
2017-05-17,119.17900848388672,120.03372004377678,119.04062850497671,119.89532764408058,3875600
2017-05-18,119.66743469238281,119.85466566791808,118.69062657184273,119.17903684250734,2730900
2017-05-19,120.59536743164062,121.1488997306918,119.52901816791032,119.86276467022167,4071200
2017-05-22,120.62799072265625,121.18965889681985,120.41634044207802,120.71753220579525,3294500
2017-05-23,120.32675170898438,120.90469083290355,120.18835932302461,120.65235016577392,3262300
2017-05-24,121.69429016113281,122.09315886123754,119.65926858653194,120.42443868590762,3348900
2017-05-25,121.92220306396484,122.06058303087347,121.50706316323898,121.94662232749077,3408100
2017-05-26,121.98734283447266,122.296670111462,121.49079703652039,121.99547844989299,3258200
2017-05-30,122.04427337646484,122.36988418873807,121.71053937246067,122.06055702227412,3113900
2017-05-31,122.82572174072266,123.03735944421474,121.77565641465162,122.1989318216358,6415700
2017-06-01,124.82439422607422,124.82439422607422,123.15341235596021,123.51381089757973,4349800
2017-06-02,125.93019104003906,126.06123936496716,124.62779441605394,124.93087413290485,4316700
2017-06-05,125.15203857421875,125.86467406684739,125.12746622950563,125.84010172213426,2633700
2017-06-06,123.8742446899414,124.988236974175,123.8578714568484,124.80803142094227,3661900
2017-06-07,124.45573425292969,124.51306552682044,123.46460438847289,123.87415991122249,2922900
2017-06-08,124.0380630493164,124.62782439864415,123.6940376786504,124.45581796263669,3709900
2017-06-09,124.07898712158203,124.50492853461125,123.60390102602014,124.40663916954591,4143100
2017-06-12,121.61348724365234,124.07900839641644,121.26126279402902,124.07900839641644,5902600
2017-06-13,122.71929168701172,123.07150363483444,121.73634788202341,121.93293914275101,4267700
2017-06-14,123.42371368408203,123.75136578025456,122.79300683391772,123.128845545501,2675500
2017-06-15,123.8250732421875,124.11176724184342,122.58002037028385,122.78479822756708,2517500
2017-06-16,124.49674224853516,125.23393748576349,123.62028707890035,123.66943176156255,5443900
2017-06-19,125.43873596191406,125.47149492286128,124.37388850070823,124.82440233029335,3263800
2017-06-20,126.2004623413086,127.19157984504541,126.01205777560293,126.36428207347686,3614400
2017-06-21,125.9219970703125,126.48718595875336,125.82370769793968,126.29059471535915,2448500
2017-06-22,126.7984848022461,126.88858758289808,125.88107126324803,125.96298742698686,2003800
2017-06-23,126.6673812866211,127.3308594940744,126.49536240015473,126.9622618786723,2214700
2017-06-26,126.11040496826172,127.33907214936904,125.74999392868641,127.10970944347203,2360900
2017-06-27,125.91378021240234,126.81480757156497,125.70081579053006,126.14313035861727,2139000
2017-06-28,126.38890075683594,126.70015461250317,125.93020033909559,126.17592377813578,1302800
2017-06-29,125.43053436279297,126.61824340898298,124.62779618100674,126.61824340898298,1975900
2017-06-30,125.45512390136719,125.95478243049857,125.09471283135113,125.56979901467685,2508200
2017-07-03,124.91448211669922,126.03666067778698,124.8980963899151,125.68444879313657,1100700
2017-07-05,125.38140869140625,125.79096445900296,124.49676673355937,125.1766308076079,2497300
2017-07-06,125.39775085449219,125.7008305465047,124.77523074149504,125.07829793486053,2019800
2017-07-07,128.00257873535156,128.24011561015845,125.44694193438404,125.62714749402443,4117800
2017-07-10,127.38822174072266,128.2155198416687,127.09334110595933,128.01074197026776,2402200
2017-07-11,126.88858795166016,127.68312724735905,126.15137997182363,127.03602204843638,2008800
2017-07-12,128.25650024414062,128.39574772109725,127.18346601097663,127.29814113897923,2094900
2017-07-13,126.99504852294922,128.22371584127694,126.42167294079299,128.1827702629196,3169700
2017-07-14,127.1916275024414,127.37183302494097,126.74111369619251,126.95409067659149,2440200
2017-07-17,127.17523956298828,127.32268612367464,126.71653914956198,127.31448701001776,2408700
2017-07-18,126.11040496826172,127.18343897331162,125.62711971138634,126.96227538109062,3890300
2017-07-19,126.0531005859375,126.52000026011672,125.71726178507028,126.2496918959055,3072200
2017-07-20,126.3152084350586,127.14250667184528,125.77459176611612,126.16776184414181,2240200
2017-07-21,126.07766723632812,126.71657334151787,125.56162288265477,126.19234237062751,3522400
2017-07-24,124.38207244873047,126.32336248837788,124.31654203617657,126.14315697851671,5307400
2017-07-25,130.2960662841797,131.04144821576654,128.2237027861731,129.21483315478494,9511400
2017-07-26,128.1990966796875,130.23868818281767,127.51923284531077,130.04209698416133,4679000
2017-07-27,128.55953979492188,128.9527097919643,127.40458964879531,128.12541172558048,4624100
2017-07-28,127.65855407714844,128.32203250567937,127.01964799792222,128.07629651398042,3964500
2017-07-31,127.07697296142578,128.1254348081919,126.83943609713627,127.71587900871604,4272400
2017-08-01,126.17589569091797,127.6994431670648,125.90559996814258,126.94586229157713,4185100
2017-08-02,128.2646942138672,128.3138389145925,125.90566108848553,125.94660667332178,3326000
2017-08-03,126.73291778564453,128.41209866832912,126.4789952494692,128.24007977359685,3666100
2017-08-04,125.99571990966797,126.81483129902121,125.51243469097713,126.64281240785195,4435400
2017-08-07,126.93772888183594,127.28175426275156,126.1431896097267,126.25786473669858,3252100
2017-08-08,126.8967056274414,127.16701382332839,126.2250409426136,126.69192782740383,4234300
2017-08-09,126.8967056274414,127.5192256400434,126.42981874265116,127.20797188306491,3006500
2017-08-10,128.28924560546875,128.76433179928532,126.34795525205548,126.41348567520089,3874500
2017-08-11,128.84622192382812,129.74723693809474,128.29741880183403,128.50219664580112,2925000
2017-08-14,128.81346130371094,129.33769212841247,128.1581821468206,128.96909447799948,2809100
2017-08-15,129.10833740234375,129.89468986118206,128.87898720573432,129.28854291377235,2160100
2017-08-16,130.1568145751953,130.54999710094336,129.0919796059147,129.32951644556888,2921800
2017-08-17,129.3294677734375,130.67280965089589,129.26393737714136,130.0339039103148,3071600
2017-08-18,129.22300720214844,129.64894862066475,128.61687277824024,129.41141181914762,2595700
2017-08-21,129.71449279785156,129.94384300939822,129.0428153935727,129.55885961887725,2195100
2017-08-22,130.76295471191406,131.008690652909,129.73906537330956,129.82916813505273,2122600
2017-08-23,130.0831298828125,130.5418304449212,129.73091784356936,130.48449912398408,2190700
2017-08-24,129.7554473876953,130.79570992690935,129.68991697206275,130.32882290116936,1634800
2017-08-25,130.09127807617188,130.51720700360258,129.85372877178932,130.14860937466722,2019600
2017-08-28,130.7875518798828,131.02510125076992,129.96025363678123,130.2715075557122,2027300
2017-08-29,130.55001831054688,130.86127223735252,130.01758824075634,130.40257171477424,3283400
2017-08-30,131.4481201171875,131.53875744905673,130.45112203942836,130.5170286691493,2236500
2017-08-31,131.81068420410156,131.8354023362153,131.29982604334592,131.64589246574204,2717000
2017-09-01,131.67881774902344,132.0001659708887,131.4233887230281,131.72825400272563,1878300
2017-09-05,131.0938262939453,131.65412068929578,130.24513694211544,131.01142414272175,4000500
2017-09-06,130.3687286376953,131.3162905203213,130.3687286376953,131.20093505136856,4143300
2017-09-07,131.7529754638672,131.89306161663663,130.45934735898476,130.5747028114762,2965400
2017-09-08,131.59640502929688,132.14846405317115,131.15968886189899,131.4480837214865,2984200
2017-09-11,133.09609985351562,133.2526564318907,131.76950539045023,131.8354246114927,2333600
2017-09-12,128.81141662597656,132.4286496186487,128.34999477486252,132.00842884127036,10324100
2017-09-13,129.3634490966797,130.00614548127234,128.53947808332504,129.14922115941545,4705600
2017-09-14,129.3634490966797,129.65184398047379,128.58067914855275,129.3634490966797,3109700
2017-09-15,129.29750061035156,130.18739061187728,129.26454730931596,130.0143512062485,7425100
2017-09-18,129.0998077392578,130.01441631779775,128.82790829435433,129.9567448689042,3831900
2017-09-19,129.71774291992188,130.1050102791015,128.81138240255612,129.58591712091538,3554600
2017-09-20,131.7365264892578,131.74476167548704,129.9896989027998,130.105054374026,3641100
2017-09-21,131.03610229492188,131.90950951108505,130.6076338703289,131.72823489194184,2503400
2017-09-22,130.937255859375,131.62115340900718,130.64886093349094,130.91253773119084,2442700
2017-09-25,128.75372314453125,130.75597951113437,128.6218973201899,130.57470485826326,3661500
2017-09-26,126.3559799194336,129.23163116444255,126.29006071919932,128.74549120711694,6420000
2017-09-27,126.93275451660156,127.46009553450291,126.4301316266642,126.48780306764634,3915900
2017-09-28,129.76719665527344,130.44284633397635,128.111006907117,128.67131372211907,4210200
2017-09-29,129.0998077392578,130.22040912762384,128.63838585689592,129.7837053766168,3670100
2017-10-02,129.3305206298828,129.5117827206616,128.3747110533283,128.53950277309232,2407000
2017-10-03,129.24807739257812,129.74246496749498,128.83609193774686,129.1574400896033,2188400
2017-10-04,129.53652954101562,129.70955646781678,129.07509506633687,129.22341643354173,1823100
2017-10-05,130.8466339111328,130.9455064354906,129.6106770654473,129.6106770654473,2796000
2017-10-06,131.5058135986328,131.942517345577,130.6653594219766,130.6653594219766,3548500
2017-10-09,131.9342498779297,132.23912773759855,131.42339181392433,131.51402913877703,2120000
2017-10-10,132.3133087158203,133.1372799899957,131.4975726281773,131.57997478471637,2909600
2017-10-11,134.43089294433594,134.50505990584176,132.3132935502791,132.57695778993644,3572500
2017-10-12,135.05712890625,135.46086676707762,134.11780219597682,134.29907687452106,3023600
2017-10-13,136.2600860595703,136.3754415015794,135.19716895625805,135.5020342159677,2957400
2017-10-16,135.9635009765625,136.56500908368758,135.49384386896548,136.3178151767818,2132300
2017-10-17,136.28482055664062,136.79569120930887,135.74924434857422,135.88931793264078,2379700
2017-10-18,136.58970642089844,136.98520906804856,135.04063657475695,136.19419120094585,2798300
2017-10-19,137.19119262695312,137.5619771194927,135.88931673773294,136.63089829561366,2478100
2017-10-20,137.02638244628906,138.3447285279294,136.3672031190689,137.79266945606253,5577700
2017-10-23,134.58743286132812,136.86160108317162,134.38144009183077,136.86160108317162,6214800
2017-10-24,135.0324249267578,137.1829905905074,134.79346620144972,136.1694968071187,7855200
2017-10-25,134.78518676757812,136.05409666101733,134.30728204665152,134.64511319687904,3716200
2017-10-26,135.1395263671875,135.66686748839444,134.92529835859858,135.24664665788399,2934400
2017-10-27,136.276611328125,136.6556436540537,134.94178185987943,135.20544613516554,2298100
2017-10-30,136.96873474121094,137.24064675723437,135.68334162750247,135.95525364352594,2051000
2017-10-31,137.529052734375,137.94103838447654,136.8863561260409,136.9852286587679,2873000
2017-11-01,137.0840606689453,138.4189023301972,136.42489388187835,136.54848451125326,2186100
2017-11-02,138.50950622558594,138.81437141967734,137.19114782398418,137.59489807051415,2291000
2017-11-03,138.9627227783203,139.62190218138312,138.09756317040183,138.42714658553257,1959500
2017-11-06,140.13279724121094,140.421179636508,138.921558491674,139.16873980969905,3087700
2017-11-07,140.70953369140625,140.7507347566985,139.6795699230993,140.1574746203297,2506000
2017-11-08,140.157470703125,140.83312037839494,139.6218820148944,140.2151421346824,2605000
2017-11-09,137.6031494140625,139.4158829995682,136.8615805840644,139.0203804617558,4219000
2017-11-10,136.44137573242188,137.4383863268821,134.7357620395143,137.10879033281188,4226800
2017-11-13,137.90802001953125,138.3859247005492,136.02113199203578,136.34248017393412,2605600
2017-11-14,138.51780700683594,138.77323608207226,137.24889681692525,137.471360001471,2180900
2017-11-15,137.86683654785156,138.99567281742364,137.72675041095,138.17170180073163,2019300
2017-11-16,138.5012969970703,139.1604763812339,138.03987519999612,138.16346583392632,2293400
2017-11-17,137.3724822998047,138.1799705720548,136.91106042994747,138.04813215986619,2221400
2017-11-20,137.54550170898438,138.30356625130125,137.40542811847865,137.87509772147047,2442300
2017-11-21,138.67434692382812,139.4653521862848,138.02340267519617,138.056368561933,2653100
2017-11-22,139.29232788085938,140.36349290932804,138.97921481503565,139.4736025428834,2719200
2017-11-24,139.34178161621094,139.7125661722018,139.10283548055577,139.15227174498074,963200
2017-11-27,139.2181396484375,139.39940169359303,138.50127636005345,139.1686908294324,2082400
2017-11-28,141.17921447753906,141.2121803644609,139.2840783091995,139.44063484007305,2909900
2017-11-29,140.42938232421875,141.7395058705762,139.29231080603765,141.47582909529905,4590300
2017-11-30,142.54306030273438,143.53771772055262,140.363093204135,141.10909575331513,6023700
2017-12-01,143.2890625,143.52114882914807,141.23343530707862,143.2061817525936,4279200
2017-12-04,141.4489288330078,143.79467006896095,141.2665734968026,143.62061166024574,3943100
2017-12-05,143.3885040283203,144.43289226857763,142.9491969603567,143.92727302933127,3228700
2017-12-06,143.79464721679688,144.5903806163013,143.39678684092132,143.79464721679688,2618700
2017-12-07,143.32223510742188,143.6372022063706,142.50163596888868,143.02383657047864,2284800
2017-12-08,143.5211181640625,143.84438209971768,142.99063343253215,143.42994050796727,2241100
2017-12-11,143.60406494140625,143.60406494140625,142.7503159567499,143.34711308261276,2340800
2017-12-12,142.7585906982422,143.56260864330568,142.4436235929108,143.39683448559063,2805900
2017-12-13,143.85269165039062,144.1925368209111,142.8994683170592,142.93263073005156,2554000
2017-12-14,143.51284790039062,144.29200019261128,143.25589611205294,143.94387073927427,2666900
2017-12-15,144.27542114257812,145.12916990589966,143.9604414500985,144.47435768221078,7435200
2017-12-18,144.39146423339844,145.70110132796867,144.31686777397638,144.94681451090995,2426300
2017-12-19,143.7200927734375,144.9717021590639,143.4631409420893,144.54897617662886,3122500
2017-12-20,142.7087860107422,144.12618151984094,142.3275069096929,144.08473483987882,2749400
2017-12-21,142.44357299804688,143.18956276667365,142.29436745566971,143.06523535448684,2343300
2017-12-22,142.087158203125,142.60106174554693,141.36603385840334,142.41871907545692,3234100
2017-12-26,141.97940063476562,142.26951481973524,141.58983715881962,141.81362652096334,1280200
2017-12-27,143.123291015625,143.18131892286794,141.61472984814438,142.01259032725096,1596800
2017-12-28,143.4796600341797,143.85265487458193,143.08178706651586,143.61227170898275,1800100
2017-12-29,142.66737365722656,143.38021372173466,142.50159954524295,143.38021372173466,2201800
2018-01-02,143.5791778564453,144.62356634576673,143.11500519452468,144.00190382046094,3696900
2018-01-03,142.9740753173828,143.92728598892518,142.56791797461233,143.58744082340831,3789600
2018-01-04,143.97703552246094,144.33346194018287,143.17301766026364,143.59575626378862,2756400
2018-01-05,144.26712036132812,145.05455685470292,143.72833870435846,144.22567367267604,3737700
2018-01-08,144.16761779785156,144.39971667970488,143.33873477670068,144.0101406479439,2060800
2018-01-09,143.84439086914062,144.41632232426437,143.4050837669233,144.41632232426437,2674300
2018-01-10,143.81954956054688,144.2257069666914,142.9575164172531,143.81126528000553,2172500
2018-01-11,143.7200927734375,144.68160055660113,142.65083874833374,143.86100143424918,3078000
2018-01-12,143.86924743652344,144.0515900847441,143.2973160671305,143.6951764184572,2901600
2018-01-16,143.96046447753906,144.56555847280245,143.29736786820692,143.91073349661488,3662600
2018-01-17,145.0379638671875,145.62647644362895,144.1262000296794,144.5157761054042,4129600
2018-01-18,144.6981658935547,145.42757460787675,144.14280294431018,145.21206949987908,2154800
2018-01-19,145.98291015625,146.41393297644154,144.5406614332217,145.04628070851723,3746300
2018-01-22,146.0575408935547,146.57144452406453,145.56020582368592,145.85860433605595,3217900
2018-01-23,146.5548553466797,147.33400767815442,144.9302511492586,145.5270481415475,3197600
2018-01-24,145.98291015625,146.960998942713,145.26178579473583,146.960998942713,2810800
2018-01-25,145.60165405273438,146.39737499558902,144.77277069273623,146.21501964456894,2815800
2018-01-26,147.83956909179688,147.87271884604786,145.06280604456745,145.60987184783812,3957700
2018-01-29,147.35060119628906,148.12145666454055,146.9112940191176,147.78990837346055,6091900
2018-01-30,142.9657745361328,147.26768048035703,141.6147034852471,146.79522362082457,9613000
2018-01-31,141.85508728027344,144.4743615404884,141.13396285744895,143.8941457607586,7004200
2018-02-01,142.48501586914062,143.8443838002422,139.9900820104995,141.13394486453447,4751300
2018-02-02,140.39630126953125,143.17305360350244,140.07303718743432,141.5733144055703,4604500
2018-02-05,135.81251525878906,140.46255044410262,127.53196766687402,139.7579946760006,7309300
2018-02-06,136.9149169921875,137.63605395605077,131.17076265127153,131.2536560280041,7020000
2018-02-07,137.354248046875,139.46789020269674,136.3678749620224,136.6496922297647,4974000
2018-02-08,131.76756286621094,137.37080872590047,131.59349182979315,137.3376589630253,5656000
2018-02-09,133.28445434570312,134.26253069482362,128.66756769880982,132.6047638811899,7187100
2018-02-12,135.8539581298828,137.5034403325319,133.86464341074446,134.58576778307508,5255900
2018-02-13,134.61062622070312,135.79593577001125,134.04699171730067,135.1079611983261,5406000
2018-02-14,132.61302185058594,134.2956536602777,132.35605744584814,133.81489990782958,5865600
2018-02-15,133.26783752441406,133.88121563474442,131.63493663750742,133.5662359770405,5012100
2018-02-16,130.78944396972656,132.53838761853726,130.7645784913632,132.18197399682867,7165800
2018-02-20,130.267333984375,131.9251009855065,129.53791245659443,130.13470958882243,5211100
2018-02-21,131.49400329589844,133.7154163918217,130.63197051021638,130.76458218264733,7833400
2018-02-22,133.1683807373047,133.78174622359205,131.7095381801798,131.7509848705989,4398200
2018-02-23,135.15771484375,135.36493567790214,133.81492788572606,133.81492788572606,4272400
2018-02-26,135.58871459960938,136.55850642034204,134.5277451214871,135.93684402389133,4525200
2018-02-27,133.1683807373047,136.3512892565249,133.15179953158622,136.09433748278244,4907500
2018-02-28,131.5751953125,134.4696169712365,131.55850920901025,133.8189862128136,6116800
2018-03-01,129.87362670898438,133.81904553681971,129.4649124505543,131.62529924668672,5609000
2018-03-02,123.676025390625,125.49441631092104,122.48321705091713,124.20986621131247,11754300
2018-03-05,125.97821807861328,126.35357273754569,123.38408222294117,123.68436849564105,6397800
2018-03-06,126.12001037597656,126.54542332723801,125.22750102995852,126.1617192750097,5015400
2018-03-07,127.10432434082031,127.40461068335067,124.85217040795622,125.00231994310778,4492000
2018-03-08,128.82257080078125,128.96437085781807,127.32947640252333,127.39620808720551,4291400
2018-03-09,131.1581268310547,131.56684089275018,129.15621450476232,129.80683251067134,5076500
2018-03-12,131.5751953125,133.00154533056414,131.38333694178723,131.5751953125,4461500
2018-03-13,131.97560119628906,133.3685920358974,131.9672645066281,132.2592013780073,4333100
2018-03-14,131.9922332763672,133.05156517937476,131.15810645195887,132.62616508092202,3879000
2018-03-15,134.8032684326172,135.25369142393862,132.28420126430652,132.38430516175328,5925700
2018-03-16,135.4288787841797,136.15456530072004,134.77826065326013,135.02850133309911,14293800
2018-03-19,132.63453674316406,135.42886743290862,131.96724528988352,135.12858118782495,4307600
2018-03-20,132.9431610107422,134.01917920554163,132.83472043138198,133.25178391782273,3105100
2018-03-21,132.34263610839844,133.80235883526112,132.03400036269102,133.4603635988737,3871900
2018-03-22,130.99127197265625,132.72625730890033,130.8327985660497,131.66692539725747,3669400
2018-03-23,129.2730255126953,131.60858413912513,129.2229799188341,131.450097940051,3447400
2018-03-26,131.80039978027344,131.95888594321985,130.29898139561152,130.29898139561152,3477000
2018-03-27,131.35830688476562,133.268464704004,130.51584325776363,132.20911992693453,3519100
2018-03-28,132.13409423828125,133.26015833381908,131.64196223961423,131.65863561979978,3913200
2018-03-29,130.44078063964844,133.31851616261605,130.44078063964844,132.6261892448861,5289500
2018-04-02,131.55848693847656,133.59375847558746,129.4981926142508,132.0172592485246,6960100
2018-04-03,133.79397583007812,133.90241642116715,131.20818957113053,131.7753898647092,4719400
2018-04-04,134.90333557128906,135.25366733052564,131.6919547477372,132.20910933597708,4888000
2018-04-05,136.75514221191406,137.2639602769996,134.92006504739533,135.4622425978997,4503900
2018-04-06,134.50302124023438,136.6133621986811,134.21942102530784,135.47894861120298,4321900
2018-04-09,134.486328125,136.43819549302484,134.34452802492393,135.31211865484786,3581500
2018-04-10,135.77085876464844,136.763471956028,135.17028629133927,135.82090434946284,3902600
2018-04-11,136.24632263183594,136.84689518485783,135.36214990871204,135.54565889590037,2711100
2018-04-12,134.81166076660156,137.96466119061003,134.74492905001517,136.45489269519217,5178900
2018-04-13,134.90333557128906,136.0961436178059,134.51129492286015,135.26201674502371,2452800
2018-04-16,134.8199462890625,135.4955870985957,134.1776649581252,134.54468286151794,3115200
2018-04-17,135.58734130859375,136.36307328016125,135.17861451193187,135.45387793893673,2861900
2018-04-18,134.9700927734375,136.22128331923085,134.91171049974005,135.62071083902856,2503100
2018-04-19,133.06829833984375,135.21201114603417,132.44270300029288,134.8032842755305,3276600
2018-04-20,132.43434143066406,134.06922314999412,132.21746027459258,132.9014504933298,3961200
2018-04-23,132.61782836914062,133.20171460056096,131.91715216367095,132.6011422688814,3051900
2018-04-24,131.2248992919922,133.31855401515907,130.75777736126514,133.25182231076948,2904400
2018-04-25,130.07376098632812,131.2415336464706,129.29801629027335,131.03300190517606,3710200
2018-04-26,132.542724609375,133.00984624237168,129.8318128942928,130.50746619768043,3680600
2018-04-27,132.04229736328125,133.33519666794697,131.9672289932227,133.02656104476114,4141500
2018-04-30,139.66622924804688,140.0916294431521,136.58829853022067,137.3723799597531,12954700
2018-05-01,136.32969665527344,138.8821228220469,135.2119697124505,138.78203167127646,6560100
2018-05-02,134.02752685546875,136.12953056282927,133.82734451137537,135.253694624115,4318400
2018-05-03,133.52706909179688,134.16100111242972,132.69294198307333,133.9608187521086,3450100
2018-05-04,137.6559600830078,138.0062918506072,133.3768850506043,133.41859394079225,4283600
2018-05-07,137.63096618652344,139.5494609880106,137.33901662168685,139.10737466029966,3379000
2018-05-08,137.43911743164062,138.12309499340148,136.58830427785978,137.1638539781301,2808100
2018-05-09,136.99700927734375,137.80611340415305,136.0043962107777,137.63094115156102,2762500
2018-05-10,137.6893768310547,138.16482269526617,137.0554320417455,137.17220933539133,1675100
2018-05-11,137.95626831054688,138.44840020118508,137.50584531675918,137.6309592795423,2258500
2018-05-14,137.39739990234375,138.44839533609522,137.0637541948008,138.17313189987672,2537300
2018-05-15,136.01278686523438,137.33904613335628,135.4038775386742,137.0220864343674,3471300
2018-05-16,135.85426330566406,136.7467853239696,134.91170843050554,136.16289895710852,2522000
2018-05-17,134.5530242919922,136.15454660416532,134.0692291048095,135.6540780409807,2975500
2018-05-18,134.27780151367188,135.82927871208608,133.91913290450748,134.86168804473704,2318000
2018-05-21,134.69485473632812,135.1035816403906,133.9691681557525,134.9450954382486,2424000
2018-05-22,133.00155639648438,135.20365131294264,132.75966515071212,135.17862851950997,3224000
2018-05-23,134.81166076660156,134.83668356934976,132.75971457460798,133.21013775184912,3835100
2018-05-24,135.45388793945312,135.62906021603183,133.82734277594406,134.3862063589052,3378000
2018-05-25,136.1378631591797,136.755108947565,135.21198174883472,135.49558185310727,2582100
2018-05-29,133.97747802734375,135.72914986238382,133.63549562187026,135.4872458987667,3197100
2018-05-30,134.97845458984375,135.21200916162678,134.14432748268447,134.63645942124376,2396500
2018-05-31,133.46865844726562,134.81995285995936,133.4102761749354,134.44458552279724,4881100
2018-06-01,133.60299682617188,134.35008518313703,133.4854777410971,134.2241636435872,3203800
2018-06-04,134.4927520751953,134.7194005422947,133.9219360855777,134.37523301977646,3174600
2018-06-05,133.87158203125,135.13912279888467,133.45186925968724,134.28290515848374,2952300
2018-06-06,136.3059539794922,136.3143436256793,133.74570294421085,134.13183160673975,3586200
2018-06-07,142.26583862304688,142.70234349544583,137.40557032449365,137.45593380811326,8342500
2018-06-08,141.78741455078125,144.01188779103705,141.4096755035746,141.87975190086476,5056600
2018-06-11,139.75601196289062,141.8965375965089,139.5629347985188,141.8965375965089,3246500
2018-06-12,139.9574432373047,140.38555854140134,139.53773038771638,140.03300128478153,2985300
2018-06-13,139.83155822753906,140.6961658196774,139.8063764769814,140.1757258966564,3140500
2018-06-14,140.22605895996094,140.97314728445804,139.915462756132,140.217656505851,2390000
2018-06-15,139.7307586669922,139.8482777114442,138.16102444849307,139.4285650085991,7384400
2018-06-18,139.57968139648438,139.83151162675705,137.50629923407365,138.95011222511152,4297700
2018-06-19,138.4800567626953,138.93334099838557,137.86727959691902,138.1862526484716,3350400
2018-06-20,136.45703125,138.9501264485278,136.29753832754716,138.42968664567653,3649500
2018-06-21,134.7530059814453,137.33004901682395,133.92196993113416,137.06981629177082,4655800
2018-06-22,138.12750244140625,138.6227605337247,135.36578469669126,135.37418715126535,8703600
2018-06-25,134.14859008789062,136.826359541799,133.42668362949718,136.826359541799,6126800
2018-06-26,135.0719757080078,135.8610378175191,134.14021278423016,134.31648498654,3375100
2018-06-27,132.14239501953125,134.7194381224945,132.10882362659666,133.51066303892998,4962100
2018-06-28,131.21905517578125,132.06687067418295,130.19495461287676,131.99971506906866,4136500
2018-06-29,131.52955627441406,132.5872275732214,131.0091166714696,131.5883093867075,4024500
2018-07-02,131.68067932128906,131.68067932128906,130.48869660093504,130.94199356178146,3024000
2018-07-03,131.35328674316406,132.47812654571817,131.21058595813741,132.0919852149401,1437700
2018-07-05,132.05848693847656,132.35227831430365,131.3701515617077,131.70591679368795,2248300
2018-07-06,133.8212432861328,134.7865905243509,132.16757363579,132.4361960073838,3298800
2018-07-09,134.2577362060547,134.97964275425502,133.77925745275772,134.7026307616018,2477300
2018-07-10,134.8285369873047,135.13073071837053,133.8548130170866,134.16539639312543,2187500
2018-07-11,133.14968872070312,134.06467238775363,132.37741868168197,133.37633722617605,3203800
2018-07-12,133.5693817138672,134.12340561898304,133.31756431028424,133.5945634542255,2360800
2018-07-13,133.05734252929688,133.2671989218595,130.34600152380085,132.12557963397416,5186500
2018-07-16,133.2840118408203,133.70372469151155,132.59568942616892,133.1497006545304,2818200
2018-07-17,134.09825134277344,134.30810776115024,133.0993327419208,133.0993327419208,1877500
2018-07-18,132.57052612304688,134.19901441700387,132.46979911389414,134.18223512122688,3824000
2018-07-19,132.13397216796875,133.16646195545542,131.88214195407483,132.28506261113506,4869700
2018-07-20,132.6040496826172,132.92303547720297,131.18541851231743,131.95768844939428,2695500
2018-07-23,133.25881958007812,133.32597516792438,131.82339610817922,132.46136778840926,2754300
2018-07-24,132.57888793945312,133.95554547991148,132.2263307068671,133.67014383571592,3388400
2018-07-25,133.37637329101562,133.46032099977714,132.1340266148017,132.36906482898755,4193400
2018-07-26,131.06793212890625,133.37635287159512,129.86755949084568,132.82232881928098,7409800
2018-07-27,132.1927490234375,132.6376435974476,131.28616777584543,131.43727105475364,4234100
2018-07-30,133.16647338867188,134.3248847868711,131.86536117902486,132.11719141454006,3274800
2018-07-31,132.2430877685547,133.46865463559107,131.982867912669,133.2168244236119,3530000
2018-08-01,131.72262573242188,131.97445590172083,130.6649543917036,131.42883454208516,4252800
2018-08-02,130.4551544189453,131.73107229309184,128.54126479910548,131.49603411582171,6245900
2018-08-03,131.12661743164062,131.76457597888378,129.51490976003606,130.69850237787196,3673100
2018-08-06,131.55477905273438,132.1339847572903,130.49710742394828,130.97557334817841,2375200
2018-08-07,130.9839630126953,131.95769976807767,130.81608045695097,131.71427198354107,1929300
2018-08-08,133.40151977539062,133.40990942060006,131.09309928955392,131.36172163967913,2988000
2018-08-09,133.72052001953125,133.98912958997474,132.59569262659778,133.33437855178244,2764500
2018-08-10,133.20010375976562,133.8968288361473,132.52017078881892,132.91470201048836,3343200
2018-08-13,132.7467803955078,133.46029736777118,131.9996920308576,133.03218206096525,2879600
2018-08-14,134.811767578125,135.5084796118787,132.78874864156714,132.92305982268897,3111600
2018-08-15,134.20736694335938,134.69423532083556,132.9398261095207,134.14860100413492,3355500
2018-08-16,135.76026916503906,136.22195570631632,134.43397546855866,134.43397546855866,2822100
2018-08-17,135.2734375,135.9030067334321,134.509569897986,135.9030067334321,2527400
2018-08-20,135.71832275390625,136.12125625785896,135.23146718504483,135.3909472873309,2659500
2018-08-21,135.18112182617188,135.9450023591976,135.16434253279746,135.53369192496905,1920900
2018-08-22,134.76979064941406,135.57563210046902,134.37525956928255,135.4916972206527,2361500
2018-08-23,133.5106201171875,134.971212199752,132.93980415184893,134.7781479330506,2755500
2018-08-24,133.7876739501953,134.1905947051589,132.88109264506235,133.2504420073706,2199400
2018-08-27,134.71102905273438,134.74461325263977,133.63656521091028,134.50117263349344,2627100
2018-08-28,135.6847686767578,135.70995042289027,134.4424222359511,134.76979774429273,2138000
2018-08-29,136.91868591308594,137.11175018052776,135.7267033089326,135.91976757637443,3168200
2018-08-30,136.65850830078125,137.0698187016192,136.29754858459992,136.8515726278811,3038400
2018-08-31,137.03018188476562,137.60456155197434,136.43891817483183,136.43891817483183,3649700
2018-09-04,136.599365234375,136.81897372021555,135.2056717072969,136.6753820692531,3296300
2018-09-05,137.8832244873047,138.0183611951462,136.15165733787197,136.49797334547347,2749200
2018-09-06,138.30560302734375,138.77861388258268,137.42714324883215,137.71432656971592,3133800
2018-09-07,138.4407501220703,138.69415249590136,137.79880861180112,138.17046370827597,2868300
2018-09-10,139.42897033691406,140.23140015722936,138.7278962741111,138.93060778913573,3080100
2018-09-11,139.04891967773438,140.1554301303271,138.69416148680563,139.2685410972957,2946400
2018-09-12,139.1502685546875,139.72463519481795,138.3056026331457,138.79551041426944,2613300
2018-09-13,137.17376708984375,139.75845613713005,136.58250340788214,139.75000122758527,3663600
2018-09-14,135.85601806640625,137.77341267267323,135.35766843345056,137.68049893698873,3939800
2018-09-17,133.57545471191406,134.99450001763034,132.24088114517988,134.766436633241,5360000
2018-09-18,133.262939453125,134.3694496933931,133.10245087380454,133.60080064958387,3722800
2018-09-19,134.45391845703125,134.71577572545016,133.22071339935252,134.05693732179617,2822000
2018-09-20,135.8138427734375,136.03346418585534,134.614418579716,135.32394782707593,3218700
2018-09-21,139.62326049804688,139.62326049804688,137.26663567852142,137.43557915081144,8805500
2018-09-24,137.94241333007812,138.59280981042602,136.09259258130277,138.44076321631422,4375300
2018-09-25,140.56088256835938,141.21126615677284,138.58436707516535,139.02358414793204,5282900
2018-09-26,140.01181030273438,141.48997557873335,139.83443768721838,140.55239594527086,3092600
2018-09-27,140.6622314453125,141.28728894073828,139.62329584829047,139.89358227294713,2390700
2018-09-28,141.30413818359375,141.76026494021002,140.64529988055023,140.83958229731297,3390200
2018-10-01,140.7804412841797,142.7062781942602,140.7719992664306,142.21637050470264,3118200
2018-10-02,139.5218963623047,141.09297533008663,139.5218963623047,140.51016673066144,3071200
2018-10-03,139.0827178955078,141.56603819841087,138.83775751810234,140.29903909599759,3830300
2018-10-04,140.04562377929688,140.27368720549634,138.94755541411368,139.2769746348106,3230400
2018-10-05,140.6959991455078,141.47309019371704,140.03714791413088,140.41725786377324,2822500
2018-10-08,141.70962524414062,142.04748650495748,140.31591854396393,140.42572925359084,2560500
2018-10-09,143.44964599609375,144.06624864324152,141.74341685712585,142.03905514897332,4157900
2018-10-10,142.21640014648438,145.28254163201711,142.08970541095798,145.2740996125085,4190500
2018-10-11,137.65521240234375,141.6251398328803,136.68385170469256,140.56086536417365,5430700
2018-10-12,138.37313842773438,139.33605679117431,136.71758801745713,138.46603927986692,3446100
2018-10-15,138.24647521972656,139.76687651546928,138.22113627217917,139.10803810207736,4265900
2018-10-16,138.58432006835938,138.91373920548844,137.59604976839526,138.05217650508285,4094700
2018-10-17,140.864990234375,141.67586259439324,138.61817497811182,138.92225533526462,3608400
2018-10-18,140.89874267578125,141.89545532347492,140.02029564891228,140.7551509929556,3378600
2018-10-19,141.4730987548828,142.03056846350864,140.46794425377743,140.54396109287472,3510000
2018-10-22,140.74667358398438,143.43270477898082,140.37501855078483,141.88696473921613,5703500
2018-10-23,149.63253784179688,150.24069823476844,144.01551555759139,144.6067790261535,12918300
2018-10-24,149.80148315429688,150.3505107628878,147.335047703205,148.77098985843136,7866400
2018-10-25,148.078369140625,150.57858574514725,147.4786636005196,149.97886731646378,4646400
2018-10-26,146.41436767578125,147.75738321366825,145.78932322821433,147.4786548397182,4741600
2018-10-29,146.32150268554688,148.7963810232524,145.46839457731357,147.81656526878257,3485200
2018-10-30,150.76441955566406,150.84887841163433,146.49885422751598,146.5579741378373,5582900
2018-10-31,149.42138671875,151.16140923119767,148.97371484032064,151.0347016179991,5424700
2018-11-01,147.7151641845703,149.80148981165812,147.56311763340858,149.22711034632601,3701200
2018-11-02,149.294677734375,149.4974021629827,146.971846821959,149.04127542075966,4190900
2018-11-05,152.36927795410156,152.96899640135777,149.50586112937032,149.85217723428477,4747300
2018-11-06,154.3289337158203,154.45562846300274,151.60910810860557,152.06522208704294,4864700
2018-11-07,155.6296844482422,155.82395398691978,153.62783048768986,154.57385212498409,4363900
2018-11-08,156.6686248779297,157.14163571177053,155.48609779332756,155.66347041172858,3318600
2018-11-09,157.05718994140625,157.59777563777394,156.32233468393537,157.10786783660015,3237000
2018-11-12,155.73104858398438,158.30728216869915,155.2326987939222,157.0656222588297,3080800
2018-11-13,155.42697143554688,156.19562051667958,154.84416277664246,155.3678515231562,2358100
2018-11-14,155.29180908203125,156.3391864023873,154.87791820921433,155.60433129683724,3407500
2018-11-15,155.046875,155.40163314157115,153.3237621854288,154.5485251979295,3351100
2018-11-16,158.45083618164062,158.60288271028716,154.9285817456676,154.99615654855765,3759500
2018-11-19,157.7160186767578,159.55738416155296,156.93047268372382,158.57758150791736,3745900
2018-11-20,155.17356872558594,157.63999145700058,154.59918924644663,156.82910657132686,3708300
2018-11-21,154.3373260498047,156.7446285799252,154.32042912609316,154.75121690498978,3410600
2018-11-23,153.67010498046875,154.57390393865148,152.94370447161043,154.16846779941878,1747700
2018-11-26,155.32559204101562,155.4945226217716,153.7883070009857,154.06703537051567,3843300
2018-11-27,155.9506378173828,155.95907983479339,154.7343171042981,154.8525697909271,2194200
2018-11-28,158.6704864501953,158.8394170439407,156.02667819248532,157.0825105141167,3279500
2018-11-29,159.86146545410156,161.22983299225612,159.31243776814514,161.09468335342476,4617100
2018-11-30,160.2098846435547,160.82179550172344,158.72260382929497,160.0654074920509,6635700
2018-12-03,157.5413055419922,160.13342657202847,156.94639570757283,159.8614733483204,4401700
2018-12-04,157.26084899902344,159.844476009858,157.14186702931804,157.89825518702997,4436200
2018-12-06,157.60926818847656,157.8642332044914,154.76219558581263,155.30611490154988,4878000
2018-12-07,155.4931182861328,159.09657958287832,155.24664730162937,157.50731766070282,3088000
2018-12-10,156.9293975830078,157.30334461981977,153.4449182186625,155.49311987243394,3084900
2018-12-11,156.02854919433594,158.78214888148693,155.41663815274683,158.5611860484933,2889100
2018-12-12,155.93504333496094,157.090873720011,154.97469351430905,156.31748444711874,3024600
2018-12-13,158.4421844482422,158.72264474453772,156.2155161764001,156.37699449560628,2737500
2018-12-14,155.7736053466797,157.44786037383344,154.84724457638472,157.44786037383344,4450000
2018-12-17,153.6488800048828,156.05402756780754,153.14745691792908,155.35713688168002,4566700
2018-12-18,152.73101806640625,155.19564999367358,152.17859162197647,154.88120044263874,4269000
2018-12-19,152.2635955810547,155.5101110704738,151.77066656545512,153.7848659999064,3883800
2018-12-20,147.6062774658203,151.96614017923594,146.63742052595717,151.45622298187064,5775300
2018-12-21,148.00570678710938,150.98026889971442,147.47878850551336,147.47878850551336,8536900
2018-12-24,144.7166748046875,148.95755457568046,144.6231880612609,148.08218459998574,2400900
2018-12-26,147.9037322998047,147.9122263805603,143.66285175155238,144.55522301725648,4065500
2018-12-27,149.33151245117188,149.33151245117188,145.099126450397,147.2748039456386,3934500
2018-12-28,149.20404052734375,150.85279996523403,148.60063658959768,149.83295264358856,2896800
2018-12-31,150.91229248046875,151.10776007675182,149.23803788710825,149.54399337036352,2482600
2019-01-02,149.62896728515625,149.8329419221146,148.02270430228558,149.07655380781173,2571500
2019-01-03,148.6431121826172,149.9604208478319,148.22668178857327,149.11054596292712,3728200
2019-01-04,151.51571655273438,152.29760000993315,149.31454337744026,149.60349777004475,3194300
2019-01-07,153.1644744873047,154.57527010838902,151.39673292017432,151.39673292017432,3283000
2019-01-08,153.48744201660156,154.9237199841232,152.90102614651596,154.64327262440472,2941400
2019-01-09,153.2239532470703,153.74237749956254,152.2890985571758,153.45342312094402,2680700
2019-01-10,154.29481506347656,154.57527538094996,152.39959736813515,152.84152304894423,2498500
2019-01-11,154.99166870117188,155.0171639086441,153.3684176305104,153.4788925402031,2348900
2019-01-14,154.0143585205078,154.46479126225935,153.56392577875624,154.1843309379126,1886200
2019-01-15,153.84434509277344,155.70557304215856,153.60638117822802,154.22678617200282,3860200
2019-01-16,152.42510986328125,154.2778314233537,152.24663037990305,153.7764082086257,3375600
2019-01-17,153.92083740234375,153.92083740234375,152.15309612601774,152.34006963386406,3061000
2019-01-18,155.1616668701172,155.7480696585214,153.77636663197634,155.56109614289275,3498000
2019-01-22,156.86138916015625,157.63476532854807,154.88967351136492,154.88967351136492,3190300
2019-01-23,158.1532440185547,158.22123557832532,156.47049506043984,157.0399097844468,2530700
2019-01-24,159.24105834960938,159.67450285493675,158.02574344830313,158.80762681234404,3214200
2019-01-25,156.37698364257812,160.9833041045779,156.3174861741313,160.4308905995871,4405600
2019-01-28,156.03704833984375,156.13902918558824,154.5327660247985,155.57810859786795,4138700
2019-01-29,154.8217010498047,156.13900967096953,153.80185381563427,155.7650626592261,3666700
2019-01-30,154.4817352294922,159.5979718308873,151.8471183464157,155.4590859939557,9489900
2019-01-31,151.94064331054688,154.54976564523113,150.317379035304,153.18996053096285,10440100
2019-02-01,150.1898956298828,153.39392768224783,149.9859209823052,152.59504318931303,6529200
2019-02-04,150.8953094482422,151.09077706796768,149.2890462105285,150.6743336477962,4533800
2019-02-05,150.91229248046875,152.4845532673696,150.61483107772602,151.03127444795348,4495900
2019-02-06,149.73092651367188,150.89526373387946,149.56946120511472,150.89526373387946,3965200
2019-02-07,148.96604919433594,149.7989228409329,148.1416696269686,149.5779600684243,4176300
2019-02-08,148.51560974121094,149.12752058703148,148.21814839713787,148.53261086694465,4051600
2019-02-11,148.09918212890625,149.49297632123483,148.02269650709778,148.9320687932453,3216400
2019-02-12,147.85269165039062,148.96602535007722,147.70821451825384,148.54958210940683,4692800
2019-02-13,148.00570678710938,148.43915128021987,147.66576201860775,147.8782307409367,5283000
2019-02-14,149.46749877929688,149.9519337107932,147.37681372773952,147.81873935134837,4428800
2019-02-15,152.95196533203125,152.96045941133733,150.43633027501537,150.66580009687917,4648600
2019-02-19,152.3400115966797,154.5921739449171,152.26352600026175,153.92077876293234,4765400
2019-02-20,153.3939208984375,153.75936087011613,152.41655701108823,152.52704489464756,3707400
2019-02-21,155.36563110351562,155.81606377092572,153.3174294464624,153.35992578581585,4391000
2019-02-22,155.67156982421875,155.87554445030804,154.67721783714723,155.51009153290565,3073500
2019-02-25,155.19564819335938,156.9803905807193,155.02567581553012,156.3174762614813,3090800
2019-02-26,155.70556640625,156.21548350080377,155.07665439143415,155.90103397742595,2219100
2019-02-27,155.8330841064453,156.42799402652918,155.39114546521287,155.586626056719,2261700
2019-02-28,157.23574829101562,157.3554877885687,155.67057361188347,155.773216788805,3297900
2019-03-01,158.27066040039062,158.78382411648363,157.43248386199963,157.87722313915475,2691000
2019-03-04,154.45603942871094,157.99692165878722,153.69483568760302,157.84297649908228,4899800
2019-03-05,155.1061248779297,155.4482340655252,154.25083885831194,154.46466036321638,3362500
2019-03-06,155.6876678466797,156.91073328550019,155.57647652025278,155.66201031760042,2083900
2019-03-07,154.39620971679688,155.99559012588938,153.90869050403774,155.76465928560205,3268100
2019-03-08,153.52381896972656,153.95146191950295,152.47182096745223,153.73764044461475,2757200
2019-03-11,154.87513732910156,154.90934301509355,153.7803726686194,153.9514271998277,2071500
2019-03-12,155.51658630371094,155.74751707595806,154.51590369147058,155.37973747196278,2191800
2019-03-13,155.7133331298828,156.67124906487743,155.4054297149737,156.10677034639895,2612100
2019-03-14,156.29490661621094,156.32911230042626,154.52445903107204,155.65344236952993,2375300
2019-03-15,158.51011657714844,158.62130790573318,155.7560952971104,156.74822994284625,6010500
2019-03-18,157.32974243164062,159.30544956369093,156.8678940705015,159.0659707022678,3669200
2019-03-19,156.6113739013672,157.6890292460562,156.11530660125246,157.4238927521694,4102800
2019-03-20,158.2021942138672,158.53575510902465,155.93569236864658,156.84229310673481,3522400
2019-03-21,159.39959716796875,159.62197980995091,157.74034076529196,157.7489019749833,2830200
2019-03-22,159.7759246826172,161.34964728922924,159.03183027581545,159.0489396445421,3319600
2019-03-25,158.84364318847656,159.47655923274246,157.3810990654845,159.2969435138891,2651600
2019-03-26,160.3489532470703,161.5463610116334,159.38248931747043,159.6390645771549,2609600
2019-03-27,160.3746337890625,161.35822027796468,159.9641002640264,160.4858251179657,1684800
2019-03-28,161.98257446289062,162.03388952194246,160.733851473253,160.76807021303782,1977100
2019-03-29,162.41879272460938,162.94907887510678,161.5720680071563,162.7181480200616,2952000
2019-04-01,161.1272735595703,163.2312821376681,160.57134307116752,162.93192692045173,3195100
2019-04-02,161.09304809570312,161.60621162569737,159.68181902431817,161.57200594394678,1797700
2019-04-03,161.09304809570312,161.85425175822377,160.4686802108074,161.5463484199782,2512300
2019-04-04,162.39308166503906,163.1286278436894,161.56345354316753,161.69175422062733,2324900
2019-04-05,163.11154174804688,163.5648421254382,162.56415942153902,162.8036383737222,2438400
2019-04-08,162.3760223388672,163.78723875804633,162.16220087834756,163.11156868507982,2290100
2019-04-09,162.5727081298828,162.74376266050274,161.17004009780084,161.9911070650261,2279500
2019-04-10,161.83717346191406,163.61616941879953,161.4437362678252,162.9832532546131,2406800
2019-04-11,161.54638671875,162.05955037040303,160.83649793586892,161.888495819852,1740400
2019-04-12,163.8727569580078,164.45434501093993,162.13652790796777,162.15362422673047,3238800
2019-04-15,164.0865936279297,164.51423654793928,163.2313077879105,164.018169194653,1973500
2019-04-16,163.95826721191406,165.13001750342872,163.6931307311833,164.6424983867631,1559200
2019-04-17,163.8812713623047,164.51418739303645,163.67599812380786,164.21483221822305,1875000
2019-04-18,166.7037353515625,166.78070793076546,163.92405688604975,164.01813883306127,2918400
2019-04-22,165.85699462890625,166.54977392961595,165.3951461119743,165.92541904819683,1738400
2019-04-23,167.0031280517578,167.59327743883136,166.0281026015665,166.19060901836968,2192900
2019-04-24,169.03013610839844,169.56895728567213,167.0715243264119,167.26824945602226,3070100
2019-04-25,169.2866973876953,169.36368302146664,167.31098944984612,168.05509690547237,2040800
2019-04-26,168.85049438476562,169.8597382555899,168.09783882351525,169.74854694296238,2302100
2019-04-29,168.59393310546875,169.65449219812007,167.12284048205348,169.32947941717637,3456100
2019-04-30,168.97879028320312,171.0571281256304,167.20834274280372,170.0735548591573,6162300
2019-05-01,166.07081604003906,168.6537824030279,165.8826521496517,167.52479906070383,4059600
2019-05-02,166.4471435546875,166.90899207086667,165.34383079065626,166.08792514196514,2418000
2019-05-03,168.93606567382812,169.32094169831626,166.56692020214342,167.071535724264,2915200
2019-05-06,170.11634826660156,170.35582725762598,167.58470948987895,168.0893250030642,2371300
2019-05-07,169.3807830810547,170.73213612330045,168.2603608439751,169.31237170605155,3072500
2019-05-08,169.3722381591797,170.2788389774849,168.27747342945736,169.0985535020616,2040900
2019-05-09,169.1156463623047,169.61171365947538,167.98667596751514,168.59392153688592,1923600
2019-05-10,171.04859924316406,171.36505078965845,168.5083995601898,168.54260524739541,2668800
2019-05-13,170.22752380371094,170.9801794488655,168.73077372340353,169.34658051478002,2809400
2019-05-14,169.35519409179688,170.72365705693065,169.03874241449458,170.0565349503512,2787700
2019-05-15,170.2617645263672,170.8262432824926,168.91895944521076,169.05580831665856,1899000
2019-05-16,171.04859924316406,171.59598159282646,170.1077797122015,170.5097650526469,2520500
2019-05-17,170.3900604248047,171.37363400330824,170.0308419078566,170.08215697447383,2239600
2019-05-20,170.19334411621094,171.6387663092016,169.5860853914396,170.3900562169283,2217400
2019-05-21,170.92037963867188,172.04080239759745,170.26181870519446,171.81843269870478,2264600
2019-05-22,171.02297973632812,171.2025824726794,169.7742565404047,170.64665184027922,1760300
2019-05-23,170.1762237548828,170.56964793091163,169.4321292541046,170.03937488903534,3560400
2019-05-24,169.1498565673828,170.97160623421914,168.77352877122908,170.94594870726542,2105800
2019-05-28,168.2090606689453,170.52689098363595,167.96103352339767,169.58607136129822,3675100
2019-05-29,167.6531524658203,168.2347406367395,166.65246948894276,167.50775542309052,2925100
2019-05-30,170.40716552734375,170.56111072333812,167.44787060383547,167.6445827044817,2685000
2019-05-31,170.57057189941406,172.08468529580202,169.69306794851676,169.83071820102037,3669100
2019-06-03,171.00929260253906,171.28459306776867,169.75327032931293,170.64797058721172,3211800
2019-06-04,171.7406005859375,172.31699634364782,171.0179432068646,171.198610833396,3829900
2019-06-05,172.1707305908203,172.54065089927838,171.41366728246715,172.12771324338183,4294600
2019-06-06,174.682861328125,174.96676018666113,172.08476736305292,172.16219074436546,4657600
2019-06-07,176.7733154296875,177.5561865984096,175.06993594471905,175.06993594471905,4345000
2019-06-10,173.17730712890625,177.3067238706448,171.83524964142836,177.3067238706448,4647500
2019-06-11,174.86346435546875,175.19897870267664,173.25471775822223,174.03758894405834,2991400
2019-06-12,176.3001708984375,176.78194691433825,175.24201218707427,175.92165229081107,2874000
2019-06-13,175.921630859375,176.70448889485283,175.20758483358873,176.53243261651878,2277800
2019-06-14,176.60983276367188,177.05718953019345,175.31079293685158,175.5000587562626,2715800
2019-06-17,175.3365936279297,177.0055668077574,174.71718063073487,177.0055668077574,2694400
2019-06-18,175.9387969970703,176.7044584617849,175.4312264689332,176.36034596438185,2470900
2019-06-19,175.97323608398438,176.3603659692382,174.3042627154594,176.0334498706874,2328400
2019-06-20,176.46359252929688,176.69587570524712,175.58610164602086,176.360361396453,2162200
2019-06-21,175.7237091064453,177.16901035745005,175.48282775245272,176.85930388416685,4267400
2019-06-24,175.4312286376953,176.5754217399285,175.18174904305147,176.14527454933182,2486800
2019-06-25,176.97117614746094,177.55617006937575,176.11947992073635,176.18830505161776,3020900
2019-06-26,175.97323608398438,176.93676168764753,175.50866972003834,176.78191498436672,2576000
2019-06-27,177.4529266357422,177.52175176185273,175.67211095613987,176.07645036763265,2253500
2019-06-28,178.64874267578125,178.9326414100534,177.4959513017436,177.9949105142874,3658200
2019-07-01,177.4788055419922,180.17151912227817,177.38417259654727,179.68115795192233,2689500
2019-07-02,180.300537109375,180.300537109375,177.49598154385902,177.86590190705738,3120000
2019-07-03,183.07923889160156,183.13085445237743,180.40372293263533,180.50696718123712,2306000
2019-07-05,181.7285614013672,183.25127276657412,180.876865371384,182.64047120255512,1876200
2019-07-08,182.5200653076172,182.83837003889025,181.71998467967416,181.72859602509294,1818000
2019-07-09,182.45985412597656,182.97603606766393,181.92647574607116,182.37383255373007,1618800
2019-07-10,183.24270629882812,183.63844749678424,182.33939455786037,182.59748550200126,1842300
2019-07-11,182.97604370117188,184.79126566486312,182.0469240436043,184.50736689779643,1922800
2019-07-12,183.2340850830078,183.58679576444612,181.754377857838,182.97599417125977,1960100
2019-07-15,184.28366088867188,184.70519672434804,182.976009784073,183.78468858392955,2408500
2019-07-16,183.86215209960938,184.8772933666491,182.51148335642088,183.69869403493786,2380400
2019-07-17,183.85353088378906,184.87727024253394,183.55242257841905,184.08580093153589,1698400
2019-07-18,185.7461700439453,185.7805760445967,183.52660888097694,184.17182969136132,2259800
2019-07-19,183.99119567871094,186.0472991780908,183.93098188481537,185.4623051708613,2860500
2019-07-22,184.96334838867188,185.24724719632894,182.8298213479499,183.92238609392933,2580000
2019-07-23,184.3697052001953,186.03867856720746,182.93301501494562,185.59993311459107,2503600
2019-07-24,183.05348205566406,184.92031974322262,182.61473653991467,183.96539222195912,2971600
2019-07-25,184.48155212402344,184.6192023926086,182.64912066375814,182.69213801357253,3789000
2019-07-26,185.4622802734375,188.370079733394,184.52456246752843,187.5011739321126,5029300
2019-07-29,184.94613647460938,187.04525747886612,184.36114242532042,185.82364067559715,4278600
2019-07-30,182.67495727539062,185.1440117722042,182.02113808701282,184.35252916646502,2808500
2019-07-31,181.28123474121094,182.99322530144605,180.11983206497823,182.45123563559736,4048800
2019-08-01,181.7372283935547,183.3545863900929,180.75649310624084,181.67700147250966,3231800
2019-08-02,184.51596069335938,185.04074086346688,181.42750658870239,181.780230484212,3517800
2019-08-05,181.04896545410156,184.6277935378834,180.17146143430708,183.79330686625516,3685600
2019-08-06,184.17184448242188,184.57618393956648,180.55861027949643,181.0919886582608,2970300
2019-08-07,186.5376739501953,187.16568531328525,181.81465201586653,183.46641602176618,3767200
2019-08-08,187.5527801513672,189.04109893653222,185.96984158279207,186.95057668800177,3724300
2019-08-09,190.2541046142578,190.9251332077508,187.6130075864433,187.6130075864433,3784000
2019-08-12,186.82154846191406,189.823967732073,186.14190848599065,189.64331324625658,2338200
2019-08-13,189.03248596191406,189.4540349461622,187.5785863169295,189.26476912687127,2913300
2019-08-14,186.23654174804688,189.04111009984507,186.15052017794403,188.3614701226583,3233700
2019-08-15,187.77645874023438,187.9571132096,185.53968809257483,185.82358681434283,2774100
2019-08-16,187.94857788085938,189.10998093788558,186.94203469072897,188.55937974630493,2475900
2019-08-19,188.2152099609375,189.44543779324712,186.77851987155,189.2561719728918,2721100
2019-08-20,187.94857788085938,189.19600252877885,187.84534672096547,188.2840922775695,2333800
2019-08-21,189.87562561035156,189.94443762606164,188.1722328628183,189.17877596251319,2053200
2019-08-22,188.8260040283203,190.030410819159,187.4409296553311,189.72930255792457,2550600
2019-08-23,184.6708221435547,188.8088366245951,184.00839169715798,188.5507456469163,3662300
2019-08-26,186.60650634765625,186.83877644005844,184.28371353425675,185.89246024862734,2553100
2019-08-27,185.86659240722656,187.45812903965844,185.86659240722656,187.18284168044227,2070000
2019-08-28,187.60438537597656,187.7248260535841,185.30738803002345,186.35694813219587,2146100
2019-08-29,189.72935485839844,190.14230569513316,187.86251725446448,189.11855307718963,2729800
2019-08-30,188.5099334716797,190.2655646717978,187.61914574734251,190.09259861593443,2733700
2019-09-03,187.78347778320312,189.11533099800354,187.04835551237161,188.47534204226238,3183100
2019-09-04,188.9683074951172,189.6255838139381,187.23862046999025,188.1034639825537,2252200
2019-09-05,189.82449340820312,190.55095873835137,188.88180401929955,190.44718174731983,2752100
2019-09-06,190.29150390625,190.9920249917398,189.78989311993863,190.1012372908745,1976500
2019-09-09,187.89584350585938,190.6979404426819,187.8093670970046,190.6979404426819,2569600
2019-09-10,181.3403778076172,186.31322790689248,180.1296021924664,186.31322790689248,6407600
2019-09-11,181.79005432128906,182.95759802469172,180.35441131325084,181.3489890004171,3393300
2019-09-12,183.47650146484375,185.10241109745758,182.74139257512266,183.2602906390796,3439100
2019-09-13,181.45281982421875,184.021406176866,180.70905385684506,183.77925104297364,3791800
2019-09-16,179.36849975585938,181.49602013503514,179.3079675854621,181.01170998600958,3437700
2019-09-17,181.4873809814453,182.34356744610187,179.4463501621465,179.88741551677376,3667900
2019-09-18,181.98899841308594,182.37818851754724,180.13823398271887,182.17926502525611,2534800
2019-09-19,182.0668182373047,183.1997608677025,181.5046621650837,181.9457407011506,2552000
2019-09-20,181.08956909179688,183.1565444051484,181.07226852782293,181.91116772829892,5979300
2019-09-23,182.94894409179688,183.7532552151148,180.80413642371806,180.80413642371806,2812100
2019-09-24,183.36412048339844,184.66138571867143,182.95764298729574,183.77924166367575,3049800
2019-09-25,183.8916778564453,184.34138697554982,182.4819787268244,183.36412279293097,2414500
2019-09-26,183.86569213867188,186.52075422599665,183.76190196835546,185.26673407155835,3053100
2019-09-27,184.35000610351562,184.7564835214961,183.5975834380721,184.2635164925344,2333200
2019-09-30,185.69053649902344,186.25267944339083,184.04732608328368,184.35002655884355,2488000
2019-10-01,180.7695770263672,183.08735107924318,180.2852668180924,182.59439718741473,4811900
2019-10-02,178.39122009277344,180.3025162769013,177.8031198231844,179.82684985218825,4171400
2019-10-03,181.64306640625,181.64306640625,178.4431483217924,178.8669263575565,3499900
2019-10-04,183.07870483398438,183.0960053973131,181.65170527978816,182.33493896840844,2220300
2019-10-07,183.277587890625,184.09918637440035,182.5684232570844,182.5684232570844,3057000
2019-10-08,182.5771026611328,184.33273382241418,181.59118164841095,182.46466878889993,2555900
2019-10-09,184.06459045410156,184.61808960616202,183.0181243153122,183.08731335887734,1745900
2019-10-10,183.1392059326172,184.32405018499884,182.91435143335417,183.1392059326172,1853100
2019-10-11,180.7695770263672,184.44516159558674,180.46687654796372,184.2375944221275,3945700
2019-10-14,180.21607971191406,181.6344224214201,179.70581205452547,179.8874349828271,3088000
2019-10-15,179.2128448486328,181.37495328161367,178.6074571266907,181.23657517475186,3766800
2019-10-16,180.1468505859375,180.69169285673402,178.85822940006761,179.02255172806332,2891400
2019-10-17,178.8928680419922,181.17605415999003,178.884211161991,180.31985441706706,3340500
2019-10-18,180.31985473632812,180.7955212610164,178.78907817377257,178.84962354803446,3518800
2019-10-21,181.4873809814453,182.27437839501997,180.2679486994932,181.35764656199342,3684200
2019-10-22,172.3373565673828,177.50911666108576,172.2335663806361,177.3707385430659,10265400
2019-10-23,172.2854461669922,173.9545874653186,171.25628048932637,173.06379988807856,7943700
2019-10-24,169.526611328125,172.57950755301653,169.32768783954958,172.5708506730573,4955600
2019-10-25,168.30718994140625,170.07146483175887,168.1255670044094,169.59581147557813,4773700
2019-10-28,165.85963439941406,168.92118683850464,165.61747934955454,168.62713010956622,7711400
2019-10-29,166.58612060546875,167.08773132828435,165.73857782383104,166.0499219553558,4454600
2019-10-30,170.27903747558594,170.37417078916437,165.77319700004736,167.16559557344175,6332600
2019-10-31,170.11468505859375,171.23898405786207,169.18930953215863,170.7200727669806,4961000
2019-11-01,167.72775268554688,171.21307098021475,167.52018549211675,171.04874860164065,4192400
2019-11-04,163.1613311767578,164.9688504072542,162.2013546386658,164.4585960554518,17662100
2019-11-05,166.2056121826172,166.91479016424992,163.84459319810173,164.01755925327964,10496000
2019-11-06,167.93531799316406,168.87800751324392,166.95805373321429,167.1742646255918,6473500
2019-11-07,166.9840087890625,169.50935059185497,166.32673238443425,169.26719543244107,4820200
2019-11-08,167.4423370361328,168.45420226581416,167.105048626239,168.29853678269248,3499400
2019-11-11,166.60342407226562,167.99582240746525,166.48234652992053,167.45962374800308,2746700
2019-11-12,167.15692138671875,167.65853211255734,166.7158560295931,166.91476630479147,2930600
2019-11-13,168.64443969726562,168.72227242535985,167.3558184585964,167.58068615726125,3405000
2019-11-14,167.77963256835938,169.0768977686302,167.05316722335908,168.8433863375715,3173900
2019-11-15,167.753662109375,168.46282677922486,167.18286234328914,168.27257338699155,2991300
2019-11-18,168.0218048095703,169.26718164020394,167.6585721000464,167.9526157415945,3420300
2019-11-19,167.2952880859375,168.12553025410526,166.9233986091734,167.95256423544208,2910500
2019-11-20,167.8920440673828,168.61850931556899,167.38177646063232,167.42502126750438,3131300
2019-11-21,166.35264587402344,168.3504321679724,166.27479993281273,168.02178742820107,3509500
2019-11-22,167.03585815429688,167.27801325696754,166.17965841498494,167.07910296473023,2417700
2019-11-25,165.95477294921875,168.056348937176,165.70397420978446,167.72770427488337,3999600
2019-11-26,167.78823852539062,167.8055390858475,166.00666349570383,166.04990829861546,3877200
2019-11-27,169.76878356933594,170.08877144501088,167.71045179367303,168.00449541977784,4133000
2019-11-29,169.27264404296875,171.06563685007342,169.08987044358372,171.03952633587556,2815500
2019-12-02,169.8818817138672,170.23874305336125,168.6633469949026,170.05596948603272,3197500
2019-12-03,168.08892822265625,169.76006763114498,167.41874061223928,169.11599053640472,3745300
2019-12-04,169.12464904785156,169.26391395207997,167.88870290514706,168.497970259856,2217200
2019-12-05,169.03762817382812,169.29003420636818,168.10630901435226,169.29003420636818,2819600
2019-12-06,170.02989196777344,170.36934193970885,168.95060866367973,169.3335805871012,3095100
2019-12-09,169.4467010498047,170.9002570220906,169.107251119285,170.29968869554813,2227500
2019-12-10,169.68174743652344,170.06471940011863,169.09859041233483,169.394518463827,2470100
2019-12-11,169.48150634765625,170.3780025655955,169.08112307779442,170.30837011513987,2490300
2019-12-12,170.86544799804688,171.61398037741515,169.64691309257964,169.94284110090248,3024700
2019-12-13,171.57044982910156,171.7532366962781,170.0211641207813,170.6304315429802,2077900
2019-12-16,172.23194885253906,172.4756558175919,171.0134007462413,171.97952952949848,3650100
2019-12-17,171.04824829101562,172.96309469881788,170.9873149004456,171.98826669798083,3338200
2019-12-18,170.27359008789062,171.2832275921783,169.47283669019765,171.11786543480224,4287700
2019-12-19,171.5182647705078,171.62270684163295,169.9428682195333,170.1256551250388,3345700
2019-12-20,171.58786010742188,173.20677826465447,171.16136627424132,172.81510730166977,6415500
2019-12-23,170.7696990966797,171.93601293445514,170.6217350976515,171.93601293445514,2388900
2019-12-24,171.17880249023438,171.58788494753827,170.30841654380654,170.53471210870498,1152500
2019-12-26,171.5182647705078,171.60530868380312,170.73492267499628,171.12659372275206,1809600
2019-12-27,172.48434448242188,172.74546286665407,171.62265779876543,171.7532236313979,2263900
2019-12-30,171.3876953125,172.16233825285119,170.54341990457357,171.97085228727806,2242400
2019-12-31,171.99696350097656,172.29289152859673,171.0830556217635,171.29195302533756,2278700
2020-01-02,174.76475524902344,174.77346760670085,172.17100933846731,172.33638476194153,3554200
2020-01-03,174.1467742919922,174.55585663780232,173.0762035883557,173.54620602767378,2767600
2020-01-06,176.1051788330078,176.4881507498247,173.51143259779516,173.72902907043797,4660400
2020-01-07,176.36627197265625,176.40978063611968,174.52104511807184,175.70477029079223,4047400
2020-01-08,179.2211456298828,179.90004550035675,175.99200842562666,176.35756887272544,5284200
2020-01-09,181.34487915039062,182.23266306687947,179.38651118237792,180.04799958151264,5971600
2020-01-10,180.40489196777344,181.8671339272157,180.40489196777344,181.4232418926068,2336400
2020-01-13,179.74337768554688,180.84877143732314,179.09058829592877,180.50062240860711,2784200
2020-01-14,180.4484100341797,180.73562569207246,178.82949173906474,178.82949173906474,2622700
2020-01-15,182.58084106445312,183.08566644451722,180.44839841629266,180.44839841629266,3369400
2020-01-16,183.52084350585938,183.7471390231476,182.1021104617372,182.87675325983983,2726700
2020-01-17,184.50437927246094,185.19199149596574,183.95604524627322,184.01696534650145,3540400
2020-01-21,183.7906951904297,184.7481117397252,182.972530295608,183.9734687973795,4100500
2020-01-22,184.03439331054688,185.96665103417226,184.0082827965277,185.53145809247346,2757400
2020-01-23,185.75775146484375,185.82738392842396,181.57989661727183,183.2510359000937,3378200
2020-01-24,183.8602752685547,186.41919800395252,183.5643340446654,186.41919800395252,3106300
2020-01-27,182.2066192626953,183.31201330579438,180.4310374986405,180.90104013937813,3389300
2020-01-28,183.1204833984375,184.70459206313876,182.65917994795515,182.68529046167797,3855200
2020-01-29,186.6455078125,188.3688677445355,183.47730446059154,184.25194718649405,5734800
2020-01-30,188.16000366210938,188.6474308863651,185.2442190799666,186.2625689144195,3560700
2020-01-31,186.23643493652344,188.96074651003065,185.5140131899022,187.5855354686226,3920800
2020-02-03,187.28964233398438,188.76930907371712,186.462778337745,187.124280159565,3539200
2020-02-04,186.80223083496094,188.60393615043088,186.48019227908952,188.09911069896157,3367900
2020-02-05,186.58460998535156,187.8118572184766,185.40088470083325,187.69000373099828,2911400
2020-02-06,185.279052734375,186.9763159599429,185.07886768477263,186.88927205261894,2903300
2020-02-07,184.18235778808594,185.25292870871345,183.7297534088719,185.00922172322157,2421600
2020-02-10,185.5749969482422,185.63591705949167,183.86903461771905,183.94736616691233,2318800
2020-02-11,187.76837158203125,187.88152601408459,185.9579670743612,186.26260749248783,2694500
2020-02-12,189.2741241455078,189.2828232233577,187.22871196282185,188.00335488457708,2844900
2020-02-13,189.23928833007812,190.08356365999757,188.1687174622242,188.62132181912722,2853400
2020-02-14,188.9520721435547,189.60486156959112,188.33410559095304,189.30893355056963,1720400
2020-02-18,188.13389587402344,188.9085387480836,187.71611438535933,187.9337108475227,2712600
2020-02-19,187.68136596679688,188.80415823386093,187.6639545254593,188.7084152280618,2229500
2020-02-20,187.20260620117188,188.5691051962503,185.20071591897855,188.13391223407936,2869400
2020-02-21,187.8902130126953,188.32540599287466,186.5237139610708,187.34187888877366,2791200
2020-02-24,185.84475708007812,187.28958723836695,182.87673867643372,183.28582101504895,4218800
2020-02-25,184.60885620117188,188.72577782290557,183.78197896463092,186.76740953200644,5053700
2020-02-26,182.8680877685547,186.75000154847334,182.56344738303423,185.29645865051856,4190800
2020-02-27,174.94757080078125,182.7810441202192,174.8866374111776,180.77915383793356,6406200
2020-02-28,170.06040954589844,173.80021838446896,165.36594640762542,171.66318476242864,11324000
2020-03-02,177.39993286132812,177.39993286132812,169.19337059737478,169.7451495271667,6154200
2020-03-03,174.73736572265625,180.13249800873342,172.679167030932,176.91819381393026,5115200
2020-03-04,181.31484985351562,181.4374658702764,175.95474580790983,176.8568522235378,4260400
2020-03-05,173.69512939453125,178.59103047039963,171.9522176919017,177.47871931524685,4107200
2020-03-06,174.1680908203125,174.7986914318647,167.46797602775342,168.94812206116296,6360100
2020-03-09,163.6580810546875,170.32316771125977,161.24078787672084,164.3675033262568,7788500
2020-03-10,175.0438995361328,175.16651556246075,164.56018251058796,167.2402280604305,5835200
2020-03-11,164.8754425048828,171.43543172161284,162.75592978793267,168.98309842985407,5625100
2020-03-12,149.00537109375,157.50969624837313,148.34849679108194,153.07798642463527,9079300
2020-03-13,155.1362762451172,157.1857218967883,147.3150819831674,156.1259582731993,8042600
2020-03-16,130.5077667236328,141.81476496836143,129.29912723250914,137.59326021516182,9341300
2020-03-17,129.29039001464844,130.91943900729294,118.2373880863605,129.64073103487186,13708200
2020-03-18,120.25182342529297,124.11424855197677,108.80469115627068,120.42698727941575,12627600
2020-03-19,130.93698120117188,135.61392434571175,112.29050995916889,118.41257163083935,12773400
2020-03-20,130.0523681640625,141.48197119593675,129.42176771709998,134.519105738547,12000000
2020-03-23,120.07666778564453,134.18633303142974,119.5511628231808,125.20028103100732,10660400
2020-03-24,141.84107971191406,142.74318617508436,127.95914172361964,130.49905078929726,11678400
2020-03-25,142.74317932128906,150.08266006161443,139.4500538813204,144.51236474068062,9708700
2020-03-26,146.57058715820312,149.70605602451965,141.00904494663754,143.62778916388143,8259900
2020-03-27,143.64527893066406,148.66380861772265,139.45004726974307,142.56800873199631,6441400
2020-03-30,147.25369262695312,149.16300067480722,143.2598993754699,144.4422649921076,5621700
2020-03-31,144.81890869140625,148.46236172134203,144.5123619718692,146.12389055858534,4519900
2020-04-01,138.53042602539062,141.39440206517665,136.93641781204093,140.32588533752912,4668900
2020-04-02,141.4469451904297,141.84106713268278,135.75403408369414,135.75403408369414,4803200
2020-04-03,140.4222412109375,142.08631779164244,136.76125402358392,140.4047208171205,5050400
2020-04-06,155.05740356445312,155.7843462540017,147.35008708048048,148.1908789247724,8330900
2020-04-07,153.78744506835938,162.19544348564585,153.41084346014898,161.6173907545766,7848300
2020-04-08,155.45156860351562,157.14191949403406,152.48249594378152,153.27949363564647,5665700
2020-04-09,160.89047241210938,162.43194659471982,157.31707321262212,158.28924809310135,4901300
2020-04-13,157.75497436523438,160.14600714804564,154.94355901193612,159.99710383547043,3182500
2020-04-14,161.14443969726562,161.5823559831675,159.26139164940085,160.9342350689407,3863800
2020-04-15,155.7580108642578,158.4993702017603,155.25879340953486,156.54626794180896,4961500
2020-04-16,157.21192932128906,157.57102384356764,150.87966426663115,155.02234813297028,7120800
2020-04-17,162.99244689941406,163.61428054124903,157.85130061716634,159.68180084832423,6467600
2020-04-20,159.09494018554688,162.71213204833057,159.00736496949736,161.54727342533002,3856500
2020-04-21,155.53036499023438,157.11561996273593,154.23413639853106,155.3464342518552,4758300
2020-04-22,163.3253173828125,164.42010852076814,158.30679854838573,158.30679854838573,4243600
2020-04-23,159.43658447265625,164.06974710361618,158.8059972013449,163.04502441203326,5050100
2020-04-24,161.17071533203125,161.4597416875204,158.40308116808495,160.50507401727643,3319600
2020-04-27,162.80850219726562,164.9805630460578,161.82757407796788,162.16038133893343,4048200
2020-04-28,162.8435516357422,166.40819679234684,162.52826472403075,166.40819679234684,3805000
2020-04-29,164.49891662597656,166.76732028391484,163.67563168716714,165.12075040629605,3465200
2020-04-30,164.2711639404297,164.9280384049158,158.3154994562597,159.40153671530237,7127200
2020-05-01,159.9796142578125,162.5020035049411,159.53293099964648,161.15322694227942,3764800
2020-05-04,159.2876739501953,159.80442535153665,156.66017609634275,158.79720982240607,4027100
2020-05-05,156.9842529296875,161.03059559752538,156.87039040580854,160.7415692120875,3828400
2020-05-06,154.99606323242188,158.63076240152833,154.89972113240464,158.1753391688487,3916900
2020-05-07,158.6307830810547,159.0161515313613,156.160942303221,157.21193866323839,3039600
2020-05-08,158.72715759277344,160.65398687346405,157.57106537001766,160.45254909301164,3411600
2020-05-11,158.42056274414062,160.17222747730753,156.35359782443803,157.09804731754915,2631300
2020-05-12,154.61941528320312,159.9182029228301,154.5318400790949,159.37519121928597,3610600
2020-05-13,151.36138916015625,154.64576125421436,149.776121003543,154.30417372685383,4729100
2020-05-14,153.6298065185547,153.84876467845316,147.00851390148836,149.06671258604663,4868400
2020-05-15,152.2284698486328,153.01672724741016,150.3629420387532,151.56284184970255,6879600
2020-05-18,157.50094604492188,158.6570378925563,155.99451321001777,157.70238376001305,4653000
2020-05-19,157.27328491210938,158.9286081864199,155.9595358574456,157.75498220750225,3365000
2020-05-20,161.24078369140625,161.67869998240502,158.1490957460865,159.40152992355354,4920800
2020-05-21,162.09912109375,162.4494488353834,159.49789685147445,161.31086362885475,2913600
2020-05-22,161.51231384277344,162.33559873141516,160.4350299833908,161.57361518333897,2475200
2020-05-26,161.8888702392578,166.98622161974384,161.36337877674382,166.04907446383905,3990900
2020-05-27,164.4113006591797,165.31340718954598,162.2655134108729,165.30465367442955,3993400
2020-05-28,165.29588317871094,166.82859023170292,163.53546446036663,165.9002098121538,3567600
2020-05-29,164.2731475830078,166.37151797472265,163.73532707876302,165.25179067180346,5717200
2020-06-01,165.23416137695312,165.61327389919097,163.63833712614215,164.61699363537537,2168200
2020-06-02,165.39283752441406,166.2480603903779,164.07032960219118,166.106989649895,3125500
2020-06-03,170.41839599609375,170.87686925959437,165.83370372083363,166.16874342722815,3881500
2020-06-04,170.3743133544922,171.27360916743717,168.94599547212738,169.56317667541052,3469100
2020-06-05,173.83050537109375,176.4666968087181,173.0458176007096,174.57110683798982,4728300
2020-06-08,178.67086791992188,178.74140331109007,172.49035057290413,172.5256115418631,4443900
2020-06-09,175.91119384765625,177.71862406269173,175.46153253638974,176.6606069443563,3728600
2020-06-10,172.6313934326172,175.9464755618166,172.5167717588523,175.56736303051437,3459900
2020-06-11,165.3223419189453,170.0833796560618,164.28197522745012,168.3112100039478,5796000
2020-06-12,166.78587341308594,168.99005318561166,163.50605283530803,168.99005318561166,4108600
2020-06-15,167.06805419921875,167.62349848440607,162.3511029946311,162.75667808765172,4499000
2020-06-16,167.79986572265625,170.60357696403986,165.32235544895957,169.28106861548142,5434800
2020-06-17,168.21424865722656,170.05695394991508,167.88803421813282,169.21054264029846,3154100
2020-06-18,167.06805419921875,168.17014434484682,165.6573734315153,167.52651401346085,3153300
2020-06-19,164.48475646972656,169.59845770244888,164.45830738111374,169.53673419351927,6267700
2020-06-22,165.2782745361328,165.55159076231323,163.01237055192755,163.99102722024287,3223200
2020-06-23,164.53761291503906,167.27961318285728,164.273122095994,167.12091869143023,2951900
2020-06-24,162.4833221435547,163.73530818529545,159.88239251131182,163.07405420489914,4146600
2020-06-25,161.13436889648438,162.29818238696228,158.99191240707773,161.79562289246127,3145200
2020-06-26,158.4717559814453,161.1784824674209,157.71351739959152,160.79054457160046,5107400
2020-06-29,161.16964721679688,161.19609630101732,157.96917349365097,159.2035223880097,2622200
2020-06-30,162.64205932617188,163.28567621585907,160.3673436103846,161.275464830419,3163100
2020-07-01,162.80953979492188,164.37891473451694,161.9807660385242,163.06521873200936,2193800
2020-07-02,161.8044891357422,164.872704685983,161.2225822433645,164.872704685983,2690200
2020-07-06,166.1951904296875,166.38915936745684,162.35109954527937,163.99101018526193,3171500
2020-07-07,163.8323211669922,165.62211450931017,163.32976159682704,165.19890220182933,2399600
2020-07-08,163.8587646484375,165.07546299438317,162.88891996020317,163.55017403311334,2776400
2020-07-09,162.51861572265625,164.5111897754055,161.01095055012044,164.18497541164413,2333500
2020-07-10,163.0035400390625,163.49727425613952,161.35480408523574,162.0336953603409,2714100
2020-07-13,163.03878784179688,166.5919249956281,162.853644251963,163.63833180931226,3221600
2020-07-14,168.15249633789062,168.2582926800377,162.87127585599876,163.18867833568797,4138600
2020-07-15,169.0782470703125,171.04437190832886,167.4118874903664,170.95619932501532,3735400
2020-07-16,168.32882690429688,169.95110025457868,167.64993565593247,168.50515862441483,2111100
2020-07-17,168.8225555419922,169.19285617801893,167.63230638045928,168.69912199664995,1972600
2020-07-20,168.9371337890625,169.95987630373992,167.8438559161407,168.31114089292117,2157100
2020-07-21,170.1450653076172,171.8378739980419,169.28103048144413,169.57198386697382,3505400
2020-07-22,175.11770629882812,176.02582747572495,170.2067997507476,170.34787051399817,3484400
2020-07-23,174.17431640625,175.6907934105829,172.8165339135751,174.97664120162628,2702200
2020-07-24,175.20584106445312,175.37336087799173,172.5696372399809,173.5923798728777,2199900
2020-07-27,177.43650817871094,178.55623550033832,175.1970669887046,175.48800693965453,4541700
2020-07-28,173.0193328857422,176.23743057902195,172.36689070690477,175.10007952140816,6051000
2020-07-29,172.99288940429688,174.97665163782705,172.5520533524013,173.0722366648584,3342900
2020-07-30,172.28756713867188,173.16041400308544,170.092198526321,171.926078309344,2705700
2020-07-31,171.29122924804688,171.6438926547332,168.96361578547584,171.17660758691284,3194700
2020-08-03,171.39703369140625,172.45505086803308,170.6828815144562,171.33532364627644,3143500
2020-08-04,175.77012634277344,176.06989158697567,171.3441292394914,171.88194968502916,3699900
2020-08-05,175.6819610595703,176.7752392025456,174.49171190995543,176.33440319455923,2259600
2020-08-06,179.1381378173828,179.50845195270566,174.89729700325992,175.25878580715894,3158900
2020-08-07,180.39010620117188,180.88384039498226,179.23510451885022,179.2968280197004,2980000
2020-08-10,179.9669189453125,180.88386553547352,178.57387530301955,180.16971323065079,2783600
2020-08-11,180.74276733398438,182.87641204617145,180.08151330715273,180.74276733398438,2478400
2020-08-12,181.64207458496094,182.8587728327769,181.07780502638397,182.38267585810934,2167100
2020-08-13,182.0564727783203,182.7265387164513,181.0513671444997,181.58918765183122,1795000
2020-08-14,182.5325927734375,182.79709712160047,180.91913104821842,181.58038519200085,2060200
2020-08-17,183.978515625,184.71030508291642,182.37387939753458,182.45322665781202,2619000
2020-08-18,185.43328857421875,185.53025959326112,182.70891147194197,184.49870481702484,2921500
2020-08-19,184.71910095214844,186.18267974114082,183.95205059611212,185.34509400877684,2711100
2020-08-20,185.0453643798828,186.0240210533429,183.47598895083874,183.49361270837855,2084900
2020-08-21,186.535400390625,187.0820328688646,184.49872623606183,185.11590756042978,3484800
2020-08-24,187.46107482910156,188.23695040513084,185.9710471675206,187.14367240738463,2463900
2020-08-25,187.48756408691406,188.8453466359274,187.10845154672427,188.6425658226456,2302400
2020-08-26,188.46621704101562,189.04812383661573,186.5618155922533,186.9938262969352,2316700
2020-08-27,187.0819854736328,190.52932625265274,187.00263822171607,188.9775749089624,3226800
2020-08-28,189.4801483154297,191.06716073645936,186.71169854611892,187.63745691282355,3212500
2020-08-31,189.3560028076172,190.6596443854783,188.7263473626271,189.3560028076172,2900900
2020-09-01,188.61990356445312,189.43578566475892,186.74869143846198,186.97926240204166,2926700
2020-09-02,191.7593231201172,192.55747855565912,188.6199496297993,189.11657246153706,4092000
2020-09-03,189.60427856445312,193.42651413997783,187.9192932510326,193.42651413997783,3126700
2020-09-04,187.76856994628906,193.13389580527172,186.90834349877164,190.92568355361007,3828600
2020-09-08,189.40921020507812,191.82138961585346,187.1743941414571,187.2808094433585,4107600
2020-09-09,191.2981414794922,193.47973611471977,190.17186337726648,190.6684861061978,3213200
2020-09-10,192.65499877929688,194.64148977983558,191.30701307753486,191.30701307753486,3325600
2020-09-11,193.32896423339844,194.37541726923232,191.80361535964286,193.05404906405067,3616500
2020-09-14,195.59927368164062,197.39953796891058,194.51733971672547,194.854339534899,2543800
2020-09-15,197.2044219970703,198.3307001100526,196.34419564340058,196.66345504818474,2640700
2020-09-16,199.36830139160156,201.06215037475113,196.25553216282495,197.02707013095937,3463700
2020-09-17,197.3907012939453,198.41055078555914,195.5460925386798,198.38394695756625,3376600
2020-09-18,195.3420867919922,198.2686290812135,195.21793110854424,196.53929941125006,3861400
2020-09-21,191.91891479492188,193.3733156904419,189.24954739985995,192.5662970113788,2831800
2020-09-22,191.91891479492188,192.40667408072673,190.26941018507992,191.9366416548027,2475600
2020-09-23,190.6418914794922,194.8277311566131,189.99450921461926,193.0363303420258,2777700
2020-09-24,191.6617431640625,193.69259194944365,189.41806378594637,190.4467900906829,1727000
2020-09-25,193.4886016845703,194.43751647009327,189.47126206195213,190.9345399744004,2196800
2020-09-28,195.33322143554688,196.85857051251048,194.23356061165828,195.10265044743113,2111700
2020-09-29,193.93202209472656,195.9540074048593,193.75465876070228,195.4751115178433,1731700
2020-09-30,194.65036010742188,197.05366230532272,193.69258189397144,194.10051619683918,3034100
2020-10-01,194.73904418945312,197.7631384784293,193.14274709175638,196.51270462423724,2443000
2020-10-02,197.47048950195312,198.07354110661038,192.53085206212225,192.89444217915434,3833100
2020-10-05,200.48573303222656,200.8670635670589,198.65885124177098,199.41266241186926,2913800
2020-10-06,198.7297821044922,202.78260273281026,198.2952439541865,201.15970179533176,2453600
2020-10-07,200.8493194580078,202.56090894723292,199.6521066906424,200.05117761309754,1972500
2020-10-08,200.24623107910156,201.3813724780204,198.90710902253662,200.5034058435015,3195800
2020-10-09,199.3860321044922,201.50555570522695,197.86954653418016,201.2572443359994,3237700
2020-10-12,200.5211639404297,200.87589058443308,197.8695369444582,199.36828204948756,2412400
2020-10-13,201.62086486816406,202.7116622981745,199.47472373249937,200.15758682111996,2098900
2020-10-14,201.8602752685547,203.5097798958259,201.62084087004664,202.56087866791924,1862600
2020-10-15,203.65167236328125,203.97093175426173,200.06000759773931,200.5566303099414,2177300
2020-10-16,203.4122772216797,205.66483393478032,203.21717345812112,203.76701748813048,2162800
2020-10-19,200.4236297607422,204.87552125499462,199.68755905415793,203.5718797487732,2009500
2020-10-20,201.7095489501953,203.9709689207075,200.80497825559914,201.0799070153357,1883200
2020-10-21,202.36581420898438,203.5186963389133,201.49672427865013,201.51445114215716,1518200
2020-10-22,203.21713256835938,203.4388401157968,201.20403778063505,201.98443914588552,1961300
2020-10-23,202.82696533203125,204.33457414652906,202.0199465055328,204.33457414652906,2278100
2020-10-26,198.88943481445312,201.53218531478166,195.96289212329273,201.11537399197016,2537800
2020-10-27,197.73654174804688,199.74077323974868,197.51483418574534,199.06678712185607,1801900
2020-10-28,190.3936004638672,195.62589385383575,190.1896332825383,193.67486988801474,3272900
2020-10-29,190.6241455078125,193.01858430027409,188.95691396219254,190.39357453127855,2477600
2020-10-30,188.89483642578125,190.863600592212,186.15453429994974,189.4269399693402,3450900
2020-11-02,188.50462341308594,191.8391135948676,186.93493018457605,191.4489061453438,2983200
2020-11-03,192.2647705078125,193.41765235692392,189.73729928214337,191.19170012091288,2615000
2020-11-04,190.5531768798828,194.63260070177893,189.16086067686587,190.6684691216698,3360800
2020-11-05,191.8302459716797,193.5063545745859,190.3847083583742,191.61741537572684,3622000
2020-11-06,192.0519561767578,193.2314420294191,190.00338047075084,191.55533340341742,3916100
2020-11-09,189.0899658203125,202.0642980002403,183.724639567052,201.12424647477138,7981200
2020-11-10,189.1786346435547,191.54646977743488,187.422701012803,191.3336256468104,4255600
2020-11-11,193.34674072265625,194.43753817409225,190.04773101064652,190.50000958027704,4126900
2020-11-12,188.95692443847656,193.16936804963677,187.01476406106033,192.93878352836387,4253200
2020-11-13,189.14317321777344,190.12755543325167,188.30955053577026,189.56884799064167,3072100
2020-11-16,192.20272827148438,192.22046866653756,189.45356244433182,191.1119307849543,3702100
2020-11-17,191.56419372558594,192.7880237771393,189.79941022267366,191.20060361440517,2443100
2020-11-18,191.1296844482422,193.1871238626709,191.03213256661255,191.64404768483874,3095200
2020-11-19,190.76605224609375,191.09417510256682,189.1874955115586,190.52660429387953,2840500
2020-11-20,189.86143493652344,190.86355718513823,189.4535007069304,190.12748664779622,3932600
2020-11-23,192.4421844482422,192.9742880668727,190.35812772922262,190.7926794688361,3010300
2020-11-24,194.84548950195312,196.2112021982212,193.55071132095716,194.2246974716931,3870900
2020-11-25,194.5173797607422,195.6259177782516,193.25808219668647,195.08495068442866,1889200
2020-11-27,193.62164306640625,195.45737458054353,193.02746844434463,194.2335580817704,1394400
2020-11-30,193.97853088378906,194.0945084219262,191.29329695384953,193.1042753219513,3413600
2020-12-01,192.8187713623047,195.30772796015953,192.27458903348824,195.2631337857792,4224800
2020-12-02,188.1084442138672,191.2664762145049,186.565113075377,190.90964120860087,6223700
2020-12-03,188.6883087158203,190.22272377776733,187.84081534858268,188.17981814043102,3732500
2020-12-04,188.0014190673828,190.35656578207258,187.4304748217727,188.76862667358245,3151100
2020-12-07,186.35101318359375,186.54727653032862,183.9423427428466,186.02985621733524,3826000
2020-12-08,185.9049530029297,186.5383507914984,184.13859658586432,184.263490198942,2709400
2020-12-09,186.1726531982422,186.9220151469336,184.95939468552803,186.88633707849544,3010900
2020-12-10,185.5927276611328,186.23504161413246,184.72740202051406,186.0031002025875,2956400
2020-12-11,185.34295654296875,186.3956431290296,184.42409331598571,185.08425316190133,2770800
2020-12-14,189.05410766601562,191.56983988995978,187.528622051399,187.99250493090665,4745000
2020-12-15,191.67686462402344,192.8812066905323,189.785614433544,190.21381919862944,3798200
2020-12-16,190.731201171875,194.04088833962092,190.60630757332572,191.69467190884694,2682000
2020-12-17,191.13267517089844,192.50650497964423,190.49036124119343,192.14966995753414,2558800
2020-12-18,191.8731231689453,193.4521460668818,190.74908058412038,191.9355631730215,7929100
2020-12-21,188.83108520507812,189.6161387244466,185.56599109939833,187.89437609444724,4342500
2020-12-22,189.05410766601562,189.93729286189966,187.67134791534752,188.41179363489735,2772800
2020-12-23,189.14329528808594,190.4011476017727,188.93810221653663,189.3930825285616,1658800
2020-12-24,188.5812530517578,189.785594994913,188.35822777431298,189.23248305042958,1047700
2020-12-28,190.927490234375,191.6946977610388,189.29494351092583,190.00862714704758,2550100
2020-12-29,189.75885009765625,192.4975936722757,189.52689507635097,191.48059886026053,1665700
2020-12-30,188.73294067382812,190.33872566674026,188.48315340964012,189.9818906071531,1855000
2020-12-31,191.4270477294922,191.7392749341089,188.03706096766066,188.45634955625567,2610900
2021-01-04,187.53750610351562,191.55196130552002,185.75330379151367,191.34678185110712,4055400
2021-01-05,188.66156005859375,189.0808487162384,187.0022512636808,187.5018257632444,2576100
2021-01-06,188.23333740234375,188.86673519063424,186.47589709684783,188.50097046235922,3083400
2021-01-07,189.10760498046875,190.21381534796154,187.84082293396355,190.21381534796154,3142000
2021-01-08,192.577880859375,192.80090615841533,189.33063304984324,189.92833921778524,2639100
2021-01-11,191.11483764648438,192.80090838218098,190.12460476282862,191.8820452285274,2545400
2021-01-12,188.76858520507812,191.2040172288908,188.17979525265434,190.63307310870513,2952000
2021-01-13,189.20571899414062,190.13351176088904,188.14411650737202,188.15304623029502,2069800
2021-01-14,186.0030975341797,189.72315785137724,185.55704694057255,189.21466725310466,3666700
2021-01-15,187.2609405517578,187.96569441393646,185.0396039670588,185.53026228244,3593700
2021-01-19,186.52943420410156,188.2333507408128,185.44999938913895,187.94787182659812,3331600
2021-01-20,190.57958984375,191.27542771314748,187.01118492893866,187.47506776694732,4077700
2021-01-21,190.49037170410156,192.65818473902158,190.30303807153848,190.96318425993985,2674900
2021-01-22,190.35653686523438,191.03452880003323,188.3849874469479,189.5803996526653,2196400
2021-01-25,190.32089233398438,190.95429026060808,187.84085175347747,189.32174321158902,2615300
2021-01-26,192.14077758789062,192.25674149759436,189.27712649641455,189.58043766392467,2907800
2021-01-27,184.66494750976562,190.15136441836304,184.66494750976562,189.47337241008978,5464000
2021-01-28,184.5043487548828,187.66238053480967,182.99669577739783,186.11904950418096,5401600
2021-01-29,185.41433715820312,186.80601305500616,181.19470167881727,182.9789043387978,5203300
2021-02-01,185.4945831298828,187.06468984502223,184.30810059498737,185.98524147836386,2812500
2021-02-02,187.12713623046875,189.68747584084534,185.24480222017317,185.63732891234986,2786000
2021-02-03,186.1904296875,187.332318025626,185.4945782944587,185.86927274162815,3020700
2021-02-04,188.26010131835938,189.2235721770737,186.15474209651325,187.34123823884522,2777500
2021-02-05,189.64285278320312,191.07020637059324,189.13434862410506,189.65176889371304,2600200
2021-02-08,188.75074768066406,190.00861346737545,187.30554829054248,189.5982409821257,2696200
2021-02-09,192.6759796142578,192.85439710052833,188.9202418430703,189.18787487866692,3047300
2021-02-10,191.26651000976562,193.86252801541926,190.74017351872374,193.47893099691305,3161600
2021-02-11,191.1505126953125,191.6233252046251,189.48227432789758,191.39137019919278,2583600
2021-02-12,190.82041931152344,191.53410291200453,190.0086176582039,190.909634866227,2781200
2021-02-16,191.82850646972656,193.5324229089868,190.75798782741472,191.23971645212097,2892900
2021-02-17,190.4189453125,191.70357286021786,189.68742961094858,190.87392550953854,3280000
2021-02-18,192.1853485107422,192.56895909226486,189.70530834724147,190.2762525515211,2191000
2021-02-19,189.33956909179688,192.45299365836578,189.09869794932817,192.06046694097518,3181600
2021-02-22,189.17897033691406,190.0175476076239,187.06469493780602,188.67939586390824,2910800
2021-02-23,188.51882934570312,192.42622328782227,187.72484622149028,191.35570458604144,3243000
2021-02-24,190.2584228515625,190.99886846593324,187.71592903851095,188.09060990137618,2887100
2021-02-25,188.18875122070312,189.94619172788808,187.10931635835163,189.7499283688452,3131400
2021-02-26,185.0292510986328,189.9659974072368,185.0292510986328,189.1671426433265,5334000
2021-03-01,186.92315673828125,188.83502822237855,186.11533104715977,186.11533104715977,2827500
2021-03-02,187.30014038085938,188.40417246241142,185.07412057931646,186.69875660648097,3016600
2021-03-03,184.74200439453125,187.587363420952,184.5535044437222,186.26790485370344,3488600
2021-03-04,183.86239624023438,186.24101878494199,181.96848013389126,185.0472220263332,3926200
2021-03-05,186.13323974609375,186.90516771811252,182.17487813119936,184.6791482833218,3608100
2021-03-08,187.6951141357422,189.02354398696903,185.9268600929505,186.42950848551519,3157100
2021-03-09,187.1924285888672,189.5710370087648,186.95007541336142,189.05941774507346,3646700
2021-03-10,191.4649200439453,191.7521554170937,186.91414588173436,187.3449852453205,3447200
2021-03-11,189.90318298339844,193.18835301417573,189.8313741171327,192.71263125928846,3618000
2021-03-12,190.5942840576172,192.2997135146094,189.76850278527778,190.32500428060385,2818200
2021-03-15,197.88272094726562,197.96350076979462,191.6354877783997,191.77012081594802,5479700
2021-03-16,197.3441619873047,198.63669393613617,194.92067143131473,197.0928378523806,3583400
2021-03-17,201.15892028808594,201.86801044934833,197.4787953551887,201.56283309873606,5240600
2021-03-18,200.07281494140625,202.2719215018541,198.73541454396587,200.77293407867845,3254600
2021-03-19,199.65994262695312,202.11933071807596,198.36741070068877,199.94716433493528,7719400
2021-03-22,202.02061462402344,203.67217715563677,199.84843448380144,200.51265610236123,4220700
2021-03-23,201.39227294921875,203.21437963524514,200.8357715070246,201.02427144177844,2794000
2021-03-24,201.10507202148438,203.77091581196817,201.09608735462646,202.24501532522024,2442500
2021-03-25,201.23971557617188,202.2450258909437,199.6599617903007,202.092423507772,3249600
2021-03-26,202.14625549316406,202.2090796729032,199.64197165436266,201.23968080267073,3263100
2021-03-29,204.06712341308594,204.5428450906755,201.32947075214886,201.80519242973844,3621300
2021-03-30,201.93980407714844,203.77089543504914,201.25764057494968,202.97204084447458,2419000
2021-03-31,201.1858367919922,203.29517892498728,201.06017473063105,201.06914570067917,3564100
2021-04-01,202.14625549316406,203.05281648752052,200.4138996234661,201.6615492099794,2441200
2021-04-05,205.41351318359375,205.99694130797124,203.025920075696,203.39393532763324,2866300
2021-04-06,208.1600799560547,208.48321287249496,205.2967659429575,206.18538488720202,3230900
2021-04-07,208.7884521484375,208.96796744506418,207.55875798559865,207.95368615972163,2551300
2021-04-08,206.67013549804688,208.95899315809993,205.72766308553807,208.7884488353621,2772200
2021-04-09,207.77413940429688,207.8908304926988,205.4314288432565,206.61625427465032,2728900
2021-04-12,207.30740356445312,208.5819797893968,206.88553514609617,207.77414052831156,2292700
2021-04-13,207.6305694580078,207.93574683572993,206.1674930646056,206.840685707537,2570900
2021-04-14,206.7239990234375,207.60363359410445,206.07773297670352,207.54080940141236,2129200
2021-04-15,207.5946502685547,207.6664591246006,205.7276610997775,206.27519164300608,2063000
2021-04-16,209.21029663085938,210.2694463467641,208.51914843717887,209.72191585236692,2694300
2021-04-19,208.07040405273438,209.40781852263908,207.19076939872224,209.2462451475767,2254800
2021-04-20,209.14747619628906,209.32700518343646,207.41513377865456,207.55875148991697,1885700
2021-04-21,208.4742889404297,209.91043869768353,208.1062873780534,209.40779039148643,2065500
2021-04-22,209.10260009765625,210.07198537333866,208.18705434158034,208.9859089994504,1839500
2021-04-23,210.55673217773438,211.14914505706912,209.22830238152326,209.84762817776496,2137500
2021-04-26,208.51914978027344,211.24783129968154,208.16011922589024,210.73619837874088,2490100
2021-04-27,210.9157257080078,211.4991675123915,208.60892618719907,208.752543895614,2623800
2021-04-28,208.6089324951172,211.33760055681768,208.47428575335482,211.11320301668596,2777000
2021-04-29,211.1221923828125,211.65176730223686,208.7974234062395,210.02713126690563,3146700
2021-04-30,211.90304565429688,212.09153188162364,209.91936575785212,210.03605683885954,2640400
2021-05-03,211.43630981445312,213.78799136077433,211.27475017973055,213.61746075616847,2458000
2021-05-04,209.91041564941406,211.94794895615576,209.35391418524844,210.60156384261623,2529700
2021-05-05,210.96957397460938,211.24783841418628,207.84596421863645,210.1437927148068,2070000
2021-05-06,210.80801391601562,211.51710407706412,209.29108443777238,211.41836861705602,1832600
2021-05-07,210.7900848388672,211.57996861845885,210.02714136643425,210.93370256172747,1406800
2021-05-10,212.8275909423828,213.5546367380935,211.02343975687333,211.02343975687333,2031500
2021-05-11,209.91041564941406,213.44692273902658,208.42041283669062,213.393069525867,3028500
2021-05-12,204.59669494628906,209.65013172446496,204.26459098335133,208.33964411782642,3198200
2021-05-13,206.2393035888672,207.4151445566339,204.542858662826,204.6505651038002,2819200
2021-05-14,207.98960876464844,208.81539013101772,206.86762097944992,207.08304756481843,1943100
2021-05-17,207.9536590576172,208.51017420961156,206.67011184268588,207.1727600861873,1630900
2021-05-18,208.17807006835938,209.362895601537,207.92674593031657,208.14217248984113,2913000
2021-05-19,206.58035278320312,207.00222121925034,204.81209921835952,206.6521616336088,2967000
2021-05-20,208.40248107910156,210.05405741667963,206.9483893726325,207.0920070882722,1890200
2021-05-21,207.55873107910156,209.49751520593378,206.72396519859905,208.61788077919545,2601100
2021-05-24,208.1600799560547,208.8242877259732,207.36122548154057,207.81002043792233,1823300
2021-05-25,208.36654663085938,208.9320327260492,207.08299947679987,208.39347323576015,2681900
2021-05-26,208.55506896972656,209.8475872322501,208.38452465627282,209.8475872322501,1564200
2021-05-27,210.80801391601562,211.0054848360318,208.59993621771576,209.14746673300823,5242900
2021-05-28,211.09683227539062,211.56616082715698,209.79716168390343,211.31344863123243,2853600
2021-06-01,210.51022338867188,212.99222947975738,210.05894955392907,212.98319518912044,2574300
2021-06-02,210.99754333496094,211.49394719052427,210.12207120018053,211.16902955522656,3172000
2021-06-03,209.7971649169922,210.0769524402359,207.72130289980893,209.9054799824732,3249400
2021-06-04,210.6365203857422,211.01558864790735,209.45418547408357,210.69067102722568,1615200
2021-06-07,209.11122131347656,211.2592886557557,208.63287226575946,211.19610372367399,1877000
2021-06-08,209.9686279296875,211.1780381482048,208.79531354781795,208.93972443797,2106200
2021-06-09,208.9126739501953,211.48493987113474,208.89461914383506,210.2755157370773,1982200
2021-06-10,211.72860717773438,212.00839468928288,209.32782760802547,209.43614266897887,2534000
2021-06-11,213.84059143066406,214.3550501615076,211.83694847393173,212.0986812124391,2654300
2021-06-14,213.8856964111328,214.59871662738612,211.9271700462772,214.06620315147413,1836800
2021-06-15,213.31712341308594,214.6348351514497,212.69436338707467,214.38212293390643,1948300
2021-06-16,212.6221466064453,214.15647463747607,210.99755831462008,214.0933034723457,2951700
2021-06-17,211.08779907226562,213.24488689684358,210.5462651010974,212.17085324282115,1895600
2021-06-18,207.2429656982422,210.1943000666837,206.52093866983543,208.91268418794408,4408200
2021-06-21,210.2033233642578,210.50116571471668,207.10759181226499,208.15455029779625,2193000
2021-06-22,211.08779907226562,211.97229170484488,209.77909427057253,210.73580612254057,1758300
2021-06-23,210.51022338867188,211.6022983565502,210.02283993495033,210.5643740453555,1701500
2021-06-24,210.59140014648438,212.2430636481693,210.05890045119165,211.28636554563494,1839800
2021-06-25,209.7700958251953,210.66362284010194,209.69789036999032,210.05891764601532,3000100
2021-06-28,208.56968688964844,210.06791896169184,207.59493399115445,209.99571351308697,2901700
2021-06-29,207.9198455810547,209.12926959530938,207.63103756681022,208.96680389772501,1932100
2021-06-30,208.47946166992188,209.61666661492106,208.12746867943767,208.41627673153064,2450700
2021-07-01,209.63475036621094,209.7520721980493,208.26287405695174,208.85855882210456,2210500
2021-07-02,210.86219787597656,211.2954168631128,209.7881640403031,210.36579394707917,1851500
2021-07-06,210.0679168701172,211.10584091844296,208.48845884853736,210.88923834656615,1762700
2021-07-07,211.76475524902344,212.08967294733176,209.13833833534636,209.31884510734346,2069400
2021-07-08,210.149169921875,211.04269696138158,209.33688262907467,210.2484507040424,1932600
2021-07-09,212.71238708496094,213.20879096173957,210.34771705421053,211.25929883841727,2560500
2021-07-12,212.64923095703125,213.21784032625243,211.6474026155278,211.72862859062144,2158600
2021-07-13,213.15464782714844,214.32796236675998,212.27917562410013,212.69435354615925,1884600
2021-07-14,214.0210723876953,215.75396176752372,213.57881919761647,213.93081213771003,1993200
2021-07-15,213.79542541503906,214.25571961590362,212.02642651023547,213.53367896553928,2165800
2021-07-16,211.87301635742188,214.6979943158242,211.53907820399894,214.61675457782346,1680900
2021-07-19,206.9180145263672,210.58236858400198,204.35478318387948,209.8512936126608,3774900
2021-07-20,211.4398193359375,212.56800377846022,207.77547847010894,208.17258782557943,3275600
2021-07-21,212.93801879882812,214.9055794522591,212.29721780488163,212.98314892685656,2146600
2021-07-22,215.41102600097656,216.33162837472216,212.24308900103526,212.68532849459098,2538300
2021-07-23,219.28294372558594,221.16926467011936,216.25038361529022,216.72873268214735,3996400
2021-07-26,220.20352172851562,220.73603518750684,218.05546817468021,218.4164816438916,2638400
2021-07-27,222.34259033203125,222.9743708509702,220.27574876862386,220.37502954815585,3135200
2021-07-28,218.21795654296875,220.04110654201756,216.02477249631232,218.8677919134855,4948500
2021-07-29,220.2396240234375,221.30462336248473,219.30096699981493,219.60784358741114,2572300
2021-07-30,219.05731201171875,221.49418753213783,218.60603825713068,220.08621562130824,2336800
2021-08-02,216.70166015625,220.8353155851274,216.3316123761973,220.43820625361198,2693900
2021-08-03,213.85861206054688,216.56625436670728,212.3242841747455,216.21426141777766,3300000
2021-08-04,211.94525146484375,213.5427645496091,210.33871786205222,213.40737414851662,2240600
2021-08-05,213.3802947998047,213.73228780115588,211.50299420200406,212.76656906279567,2230500
2021-08-06,213.23590087890625,214.03014721060558,212.70340107550967,213.61496923582163,1558600
2021-08-09,211.809814453125,213.06436854363676,211.22316415950488,212.811642604902,2093100
2021-08-10,210.69972229003906,212.18893400705275,210.51019501718991,212.18893400705275,2027500
2021-08-11,212.59507751464844,212.94707050721382,210.97048917519945,211.36761229948505,1969100
2021-08-12,213.6059112548828,213.68713722316548,212.14378873866815,213.00120609358683,1490800
2021-08-13,215.54640197753906,215.70885391815176,213.24490308305175,213.71421787045423,1699700
2021-08-16,217.48687744140625,217.55908289576794,215.3117346085253,215.7088577216235,2175300
2021-08-17,216.8641357421875,217.36956019357396,214.99586937568512,216.92732068450252,1652000
2021-08-18,214.8785400390625,216.39481343738163,214.60777299742443,216.10600535894247,2215500
2021-08-19,214.11135864257812,214.91462543826424,213.06441391586745,213.61495471900062,1455400
2021-08-20,215.2485809326172,216.06086825956697,213.2900543036879,213.86768421373256,1989700
2021-08-23,216.30455017089844,216.67459797339293,214.7972974078165,216.1240434143932,2086900
2021-08-24,215.19435119628906,216.963350005531,215.09508421185907,216.963350005531,1687700
2021-08-25,215.55543518066406,216.2504006572322,214.6619081393622,214.74313411444885,1668000
2021-08-26,213.85861206054688,215.63663161000136,212.92898930384095,215.51929603643117,2008000
2021-08-27,214.33697509765625,215.1402418167397,213.33514682807743,214.29184496858335,1784000
2021-08-30,213.53369140625,214.5896702380711,212.8748356438551,214.21060197319537,2245600
2021-08-31,215.49388122558594,215.73889503338276,212.96196110009623,213.94205787312947,2938100
2021-09-01,216.1200714111328,216.92774194053158,215.26703717960106,215.8750575693926,2197100
2021-09-02,217.6809539794922,217.7535552854437,216.32879446708458,217.07293362034193,2140200
2021-09-03,216.7281036376953,217.48131279243617,215.53927278205006,216.3378733330707,1339300
2021-09-07,214.3413848876953,216.537522546342,214.1235809618149,216.537522546342,1820000
2021-09-08,216.546630859375,217.30893781129015,214.1689964318144,214.8949957993456,2718400
2021-09-09,216.53753662109375,219.09666714193196,215.77524360188957,216.365110232808,2992200
2021-09-10,217.0547637939453,218.99681742826343,216.92771497973854,218.08932194184885,2035200
2021-09-13,218.89700317382812,219.4324222138889,217.65372487993022,218.5521504408412,2294800
2021-09-14,218.8244171142578,219.84080774888034,217.34519486421812,219.3689061625411,2013800
2021-09-15,218.68829345703125,218.9514749447122,216.14730291873067,218.2254756698714,2507200
2021-09-16,220.7119598388672,221.05679867082904,217.75351600595596,218.06206111513052,3410700
2021-09-17,220.05859375,222.00063360996927,219.50502092860637,221.2837043942994,4756600
2021-09-20,216.97312927246094,219.57765117575303,214.74976772362876,217.6900585826335,4549900
2021-09-21,218.25270080566406,219.9315732738522,217.2544500655601,217.79895298694126,2008300
2021-09-22,220.63943481445312,223.11689420767124,219.13298862335355,219.4324638671711,3361900
2021-09-23,222.1367950439453,223.1985633450847,221.0024254255547,221.19300561424987,2941700
2021-09-24,223.62506103515625,224.49626289205878,222.55422288848234,223.82471117221132,2508800
2021-09-27,225.15869140625,225.87560670223894,222.59047768092637,223.24387549748198,2463300
2021-09-28,221.22021484375,224.79574986158016,220.43976804367904,224.41458950923095,3007500
2021-09-29,221.6830291748047,222.98075511333298,220.65755469201446,221.77378427581212,1719000
2021-09-30,218.8062744140625,222.71757840868045,218.5431067711477,222.1277117813253,3136800
2021-10-01,220.4578857421875,222.05508676105526,218.02580433223247,220.58494841167297,2076000
2021-10-04,220.5940399169922,222.16400348331723,219.4868941380251,219.66839049499188,2236500
2021-10-05,222.5360565185547,224.04250243215577,220.53048529053362,221.40168709818334,2463100
2021-10-06,224.24217224121094,224.29661976260272,220.53958846644346,221.937125622208,2107900
2021-10-07,225.3493194580078,226.82852790542748,224.76850896664763,225.05891421232772,2423900
2021-10-08,224.78662109375,226.538094519835,224.25120209945814,226.19324181632692,1687500
2021-10-11,223.77027893066406,226.09346557797713,223.6523000650899,225.14967619523796,1504000
2021-10-12,221.90086364746094,225.6034479521195,221.59230456994143,224.81391723709328,2346700
2021-10-13,220.20379638671875,221.31094209927898,217.70818354808085,220.76645306103723,3214300
2021-10-14,221.92803955078125,222.71755624825317,219.65021685772416,220.4125236437584,2512000
2021-10-15,219.84080505371094,223.58876624385854,219.60486118707584,222.55422183279126,2564700
2021-10-18,219.84988403320312,220.92980603714346,218.82442339821057,219.99508665582866,2484900
2021-10-19,220.31271362304688,221.36539800912922,219.18741407903954,220.72108387902819,2071600
2021-10-20,217.5448455810547,220.2038010330848,217.15461527382803,218.16193594020618,3040200
2021-10-21,219.06944274902344,219.5322743893587,217.17278017791529,217.95322698502798,2702400
2021-10-22,216.3832550048828,219.83174108502325,215.98395472176452,218.4432739124518,3283700
2021-10-25,215.38499450683594,217.11831436281923,214.6227015540512,217.10016057424338,3178400
2021-10-26,214.55010986328125,216.34694728889008,214.29601220096419,215.5029830206122,3066400
2021-10-27,220.27635192871094,221.9915176602943,216.75527923499868,218.7517663216505,5249400
2021-10-28,222.79013061523438,223.31647963233314,220.09486804949972,220.88438465150713,3448500
2021-10-29,222.8355712890625,223.32561287290358,220.04048287910732,220.5214544909962,4329400
2021-11-01,227.40025329589844,228.40757398433362,222.64497127933595,223.06242535582584,4456200
2021-11-02,226.18418884277344,228.8885216205499,225.2040920175368,228.47106758770954,2624300
2021-11-03,227.2368927001953,227.89937445823716,224.9772375184659,225.04983882813968,2399000
2021-11-04,230.0138397216797,230.6672238109199,227.05539521817232,227.89028950433445,2711000
2021-11-05,231.14817810058594,233.7073081347445,231.06649298405338,231.1300243138807,3224300
2021-11-08,229.68716430664062,232.0012672345718,228.62538216544587,231.2117504166793,2471300
2021-11-09,229.2787628173828,230.2225660165109,227.28227522315927,229.51472054080696,2258900
2021-11-10,229.71437072753906,230.2497898200044,227.6089742423894,227.6089742423894,1794300
2021-11-11,227.0191192626953,229.89587886392377,226.2023648544466,229.89587886392377,1640500
2021-11-12,227.48193359375,227.79047879231032,225.86659243977567,227.01003197712055,1625200
2021-11-15,229.5419158935547,230.28605500915324,227.48189721419243,227.48189721419243,1709200
2021-11-16,229.10633850097656,230.67630196536015,229.03373719344714,230.05012780429198,2195500
2021-11-17,229.3150177001953,229.9048841786362,227.34575431932026,229.0609200928102,1412000
2021-11-18,230.031982421875,230.04106624020034,227.85399850553424,229.7415910284288,1751200
2021-11-19,228.64349365234375,229.88677193175405,227.08260024908387,229.85953432663516,2743100
2021-11-22,230.031982421875,231.819749874179,228.8794729718474,229.29691319629208,2438700
2021-11-23,232.001220703125,232.12826952014663,229.6417406945405,231.23892780099536,2770000
2021-11-24,233.32620239257812,233.94332050655748,230.54928165795292,230.95765194694823,2642800
2021-11-26,226.88296508789062,229.74158447473636,225.30393164013708,229.15170403906168,2573300
2021-11-29,227.14614868164062,228.97929364854295,226.71962464705518,228.55276961395748,2084600
2021-11-30,223.2040252685547,226.2153520892744,222.61087458867678,225.74084825423412,3836100
2021-12-01,222.82077026367188,228.9529510036314,222.75690063307485,224.26256416806055,3275300
2021-12-02,227.03663635253906,228.4419212858208,223.56903225117978,224.17130319003704,3290500
2021-12-03,227.520263671875,228.75216625355839,225.91422183448833,228.4236700376838,3229900
2021-12-06,233.41522216796875,234.45550215463922,230.29438220795734,230.32175689781283,3616800
2021-12-07,237.17478942871094,237.60367804007973,234.01745522371385,234.47371851886783,2596200
2021-12-08,236.8736572265625,239.82112835219382,236.42652807629807,237.25693067543452,3453100
2021-12-09,239.3922576904297,240.08578691281105,235.76039129967688,236.8006851332489,2955100
2021-12-10,241.792236328125,242.06598323909188,239.4744103722061,240.79758542080015,2529600
2021-12-13,240.07664489746094,242.60433381783741,239.44699924992702,241.1078045187297,2878800
2021-12-14,239.55645751953125,240.53286760195147,238.85382210827277,239.99448028453003,3695500
2021-12-15,241.38153076171875,242.43095865000362,238.54358634925364,239.22798131216865,2641800
2021-12-16,242.3214569091797,243.54426720796144,240.98917570890598,242.33059108768117,2347700
2021-12-17,238.80824279785156,241.6826962642438,238.05996423826505,240.90704301823848,5943200
2021-12-20,238.83563232421875,239.04549565043467,235.82427739051903,236.91932061152,2824500
2021-12-21,241.2628936767578,243.17007071188078,240.37774186159564,241.1716354575259,2851800
2021-12-22,241.76480102539062,242.22106432802056,240.97090733451088,241.19903898582584,1795100
2021-12-23,242.6864776611328,243.98224993030857,242.23021432869837,242.6591029751109,1509800
2021-12-27,244.77613830566406,244.7944066613473,242.73208753257228,243.16097616958027,1485500
2021-12-28,244.4476318359375,245.67041414703044,243.87273561807322,244.17385714509155,1304000
2021-12-29,245.00425720214844,246.12667494216453,244.5115128902307,244.96777618888902,1318500
2021-12-30,243.83621215820312,245.70690829863074,243.37084255339946,245.46964248372277,1714600
2021-12-31,244.6210174560547,245.57915926683103,243.83623008264632,244.55713390917563,1519200
2022-01-03,245.08642578125,247.0483806004086,242.33060498199498,245.91682847744727,2750600
2022-01-04,245.0225830078125,247.4316393085717,244.80355763639201,245.92597563958367,2506000
2022-01-05,243.81797790527344,246.63768168144452,243.55333740094318,245.7433956122497,2473000
2022-01-06,246.0993194580078,247.07572967685726,244.37463068743617,244.66664590490396,2908400
2022-01-07,243.69935607910156,246.53732833864623,243.64460670993628,245.0681460044383,2209100
2022-01-10,241.28118896484375,243.3891234216491,239.0911304465128,243.37998924322235,3122400
2022-01-11,239.19143676757812,240.86137582290755,237.54890024085566,240.44159359097554,3206200
2022-01-12,238.09645080566406,240.86140526744933,237.5124204192836,240.3321242487793,3044000
2022-01-13,238.54359436035156,240.7701616089922,237.79531582555688,238.54359436035156,2371300
2022-01-14,235.16725158691406,238.38846977230642,234.6653730336281,238.2972393794219,3460100
2022-01-18,234.0448455810547,234.61060764923744,232.06465049431173,234.48284055094928,3076500
2022-01-19,232.89505004882812,235.38625779999853,232.76729687625922,235.02122486571344,2304700
2022-01-20,230.98785400390625,235.53221847776808,230.7779628685039,234.1725628064288,2602200
2022-01-21,232.32017517089844,235.85164913479397,231.49890668945153,231.81828268821297,3738100
2022-01-24,231.4259033203125,231.70878437725818,226.1058708418463,230.30349934712223,5153100
2022-01-25,228.75216674804688,230.44034656710267,225.4579590121839,228.88905409567508,3908600
2022-01-26,227.9947967529297,231.9734136379255,226.17886364559496,230.86925022764513,3839000
2022-01-27,226.98187255859375,230.37647264039947,223.7971496970357,227.76664599522735,5199000
2022-01-28,233.68893432617188,233.9262001542487,225.54007844821552,228.13165065791725,3833200
2022-01-31,236.75506591796875,236.8006811142015,232.18329819200034,232.71256535439431,3174200
2022-02-01,236.3352813720703,237.16568401172293,233.22357590405244,237.02881057619885,2496500
2022-02-02,239.3374786376953,239.6386001664353,235.87899498137875,236.1892506876298,2371500
2022-02-03,237.8409423828125,239.81197529926558,237.320795546034,239.08196517080899,2242200
2022-02-04,237.3117218017578,238.8356538393193,235.24029595248174,237.13833947867872,1989700
2022-02-07,237.12008666992188,238.69874015867285,236.4995751500879,238.16948688542786,1959300
2022-02-08,237.32994079589844,239.42876899358407,236.43568241910114,237.71321427745863,2920000
2022-02-09,237.129150390625,239.88499856263022,236.71853012692029,239.0728365164665,2379300
2022-02-10,234.4007110595703,237.65843781314845,233.57944266195554,235.97939215523965,3246600
2022-02-11,232.84030151367188,236.12540299730267,232.4479078167694,234.40071427535784,3592700
2022-02-14,231.22512817382812,233.834954959805,229.66470146975752,233.52469923938685,2825800
2022-02-15,231.60841369628906,234.4463863882657,231.38028200730506,232.53007463117862,2171500
2022-02-16,230.95135498046875,232.32927906459275,229.22668025500542,231.5718803120066,2941800
2022-02-17,228.9802703857422,230.75970821882117,228.13162741530104,229.48216275086577,2831900
2022-02-18,228.67918395996094,230.22134230158545,228.1407826544163,228.44191811967127,2813500
2022-02-22,230.5955047607422,232.4205582434929,227.76668021691043,228.140805598594,3980500
2022-02-23,226.114990234375,231.64491386385913,225.46710405946357,231.35289862938154,3497200
2022-02-24,223.5963897705078,224.09828218102274,218.65049731172155,221.6800783572875,4856000
2022-02-25,227.62974548339844,227.70274927840333,222.3188481942554,224.4815316655814,4549700
2022-02-28,224.6016845703125,225.47340459804246,222.39025803567938,224.29887390776227,4410400
2022-03-01,219.88519287109375,223.52807759473126,218.66477930358835,222.33519099478912,3910700
2022-03-02,221.08726501464844,222.73895318472694,219.86685136679904,221.0046841065221,4482000
2022-03-03,217.15074157714844,222.37190482073436,216.2606655583907,221.15149116613344,4707400
2022-03-04,216.3799591064453,216.91217052150242,212.5535563134673,215.28800930671693,4184100
2022-03-07,205.84585571289062,215.00352853319137,205.7173918697745,215.00352853319137,5425000
2022-03-08,204.4327850341797,210.81013767263582,203.89140257468995,205.84590162515008,5258800
2022-03-09,204.13914489746094,208.5252862111769,203.71704134776581,208.10318266148178,5630500
2022-03-10,203.7078399658203,203.75372291025852,199.74378879170715,202.0561519766065,5444900
2022-03-11,208.17660522460938,210.23204115394194,205.72660669360113,206.22212019513776,6126300
2022-03-14,207.54344177246094,209.6172335329441,204.77229076746934,208.09400917824655,4436100
2022-03-15,213.4069366455078,215.24214264735485,209.1951282301208,209.1951282301208,5087400
2022-03-16,218.51795959472656,218.58219852008213,215.04942166477133,215.5173941151112,4173200
2022-03-17,217.90318298339844,217.90318298339844,215.2145989440355,216.9580530245654,3752800
2022-03-18,219.2336883544922,219.4814450637536,216.5451185148551,217.68293717670423,5336500
2022-03-21,215.93035888671875,220.30731540358977,214.7833550612577,219.8393428833458,3704000
2022-03-22,218.4996337890625,218.79327348579272,216.9855943571425,217.50862081486505,2938100
2022-03-23,216.66441345214844,218.39868254265838,216.50842262407733,217.5912014327321,2200500
2022-03-24,220.46328735351562,221.1790165591559,216.98557821336655,217.98576210310614,2337500
2022-03-25,221.6745147705078,221.92227147896912,219.70166009447922,220.72019989425425,2134800
2022-03-28,222.92247009277344,222.93164108202527,220.09625123556992,221.977340143955,2041800
2022-03-29,227.72152709960938,228.16197260423507,224.6016826061195,226.05149697708555,2657400
2022-03-30,228.51068115234375,229.85955872486204,227.11592062808117,227.11592062808117,2227300
2022-03-31,226.90487670898438,230.639527771203,226.90487670898438,229.14383034805752,3803400
2022-04-01,228.7125701904297,228.87773202590967,225.89552198330625,227.6756742182099,2023000
2022-04-04,226.49191284179688,226.8956603354965,222.40858296507713,226.45520088700147,2500700
2022-04-05,228.0334930419922,229.16215469702558,225.20727441241587,225.82208068052796,2532500
2022-04-06,230.74044799804688,231.58464104661138,225.71197366312657,227.23519794709537,2886000
2022-04-07,233.40150451660156,234.4292154175905,228.97865124346822,230.125655017433,4041800
2022-04-08,230.74044799804688,234.0529952654681,230.24493455554614,232.19024836304212,2551000
2022-04-11,229.81365966796875,232.0984960902093,229.33650220598673,230.5477448399003,2326700
2022-04-12,228.63912963867188,231.5020464156226,228.2996210213184,230.07058802714724,2724900
2022-04-13,230.62115478515625,230.9239654436713,228.50149417706106,228.81347582467893,2133800
2022-04-14,229.8686981201172,232.82338058699983,229.79528820771841,230.62113922107287,2105900
2022-04-18,230.37339782714844,231.68557734602962,228.6024308279256,229.06123230977732,1426600
2022-04-19,234.35585021972656,234.86971976979743,229.4374965382996,229.4374965382996,2324500
2022-04-20,234.76870727539062,236.5488591394315,233.82357740967967,234.90634210961684,2278700
2022-04-21,234.21815490722656,238.2188903605684,233.878646293427,236.42039640467289,2476900
2022-04-22,229.55673217773438,233.98875618087092,229.34568741611173,233.98875618087092,2643600
2022-04-25,232.04345703125,232.27285778709344,227.5013108643409,228.89607138029214,2523000
2022-04-26,228.09774780273438,231.61216885554967,227.86834706039534,229.52003520553845,2948500
2022-04-27,226.77638244628906,230.29080326911935,226.69380154481357,227.54716552974548,2706500
2022-04-28,233.2454833984375,235.25503598974095,227.63892911920416,229.3456710733172,3547400
2022-04-29,228.6299591064453,233.85112224006954,228.2996214775593,233.32808182703747,3388000
2022-05-02,226.3175811767578,230.82301482550707,222.2984759502188,230.18986657732523,3418700
2022-05-03,225.6110382080078,227.41871718267097,222.31684689943268,227.00579864564102,2562000
2022-05-04,233.3648223876953,233.78691196430228,225.8771778829377,225.8771778829377,3289300
2022-05-05,228.4097137451172,233.52076865368872,226.44604408578923,232.0525984030751,2925900
2022-05-06,230.116455078125,231.6488502471786,227.29023645444525,227.73986691781786,2964500
2022-05-09,227.0975799560547,229.30899262714664,226.45524663095853,226.64794942878962,2918900
2022-05-10,225.43670654296875,230.20825351823825,224.74850426786386,228.47398434503438,3070800
2022-05-11,224.28968811035156,226.4552316880503,223.17022536397877,225.0604852493028,2833200
2022-05-12,224.06948852539062,226.079041422762,221.25244047252465,225.10638444083148,2861000
2022-05-13,224.84942626953125,226.813096071047,222.31684710542532,226.78556910198685,3255200
2022-05-16,223.93182373046875,225.2531742539559,220.8945601251947,224.3172293010777,2147100
2022-05-17,221.7203826904297,226.64790554921535,219.7291861720609,225.7303026927408,3204900
2022-05-18,212.0121612548828,220.29811465042908,211.3881839773477,219.72920531034586,3946100
2022-05-19,210.13108825683594,213.02153212352,209.52546691285104,210.5898897595801,3518300
2022-05-20,214.6365203857422,214.7741552346861,209.75486572104285,212.3149859234843,3208200
2022-05-23,218.3895263671875,219.20619252337409,214.26031263335412,216.33409049024633,3053500
2022-05-24,224.37229919433594,225.54682996506492,217.8848389827445,217.9307219350331,5258200
2022-05-25,223.904296875,225.45504814289325,221.6836993558221,222.59213134155817,2641700
2022-05-26,227.64810180664062,228.78593445171083,225.3632795294839,225.73031509163084,1972300
2022-05-27,231.1166534423828,231.1166534423828,228.28126365158923,228.94193890401823,2063800
2022-05-31,231.42864990234375,233.3280807586081,228.14362960832798,229.40074118956358,3924700
2022-06-01,228.7400665283203,232.5389422522159,227.7398826545011,232.3278974901967,2264100
2022-06-02,229.7494659423828,229.80451988749002,225.93223373114728,229.03373665296516,2089700
2022-06-03,229.15892028808594,230.92125873179518,228.9836072174717,229.22350116303835,1838900
2022-06-06,228.89132690429688,230.23844413554284,228.20853239369157,229.82323715547685,1569300
2022-06-07,229.694091796875,230.47836862342112,226.54772043626338,226.981385184693,2782000
2022-06-08,226.6215057373047,229.2696170247094,225.95716894172244,228.73445604609543,2101300
2022-06-09,223.43824768066406,226.98136809635267,223.31829367188362,224.78536498913,2682600
2022-06-10,219.02783203125,220.99314924416868,218.82483940582384,220.68866030602945,1992300
2022-06-13,220.03355407714844,221.53754101761228,214.69117913793275,214.7926754482544,4697000
2022-06-14,220.3011016845703,224.1210315199552,220.17192585744556,221.40833915033573,3564800
2022-06-15,220.43028259277344,222.9030951564447,217.86520962423458,221.316069769982,3152100
2022-06-16,217.00711059570312,218.97244160627204,215.7430318558547,217.82830279764488,3272000
2022-06-17,216.25975036621094,217.28393523650735,214.22060244278833,216.1121168168271,7236300
2022-06-21,221.0669403076172,221.5375204659587,216.0382906626019,217.9574844839375,3263500
2022-06-22,224.2686767578125,225.64348776608307,219.93204338771656,220.32879270632776,3054300
2022-06-23,224.7484588623047,226.14171338135716,221.8696753456999,224.8591769732176,1937000
2022-06-24,228.7344970703125,228.82677156145735,225.58813966146656,226.29859974266142,3104800
2022-06-27,227.93174743652344,229.53723055422515,227.5073185951684,228.73448195581943,2059200
2022-06-28,224.05645751953125,230.63523124639298,223.77042632777372,227.95942606085072,2381700
2022-06-29,228.58685302734375,229.6294814538463,226.16017777797532,227.11054580235958,2997200
2022-06-30,227.7933349609375,229.37112436713852,226.47388312201278,229.0574136649722,2786200
2022-07-01,233.4032745361328,233.56935169775855,226.98135678354677,227.30430336996343,2531400
2022-07-05,232.78509521484375,233.44021030021815,230.35843382781044,231.73323079878978,2390700
2022-07-06,232.0192413330078,233.31099951745244,230.0908117931542,232.95115158899227,1948600
2022-07-07,233.3848419189453,235.21176128880236,231.7609010754192,233.680094931062,2396700
2022-07-08,233.66162109375,234.9349215425236,232.81274943486494,233.07110106673832,1450300
2022-07-11,233.6985626220703,235.65465790807923,232.5913391409164,232.5913391409164,1478100
2022-07-12,232.03768920898438,235.85761885754937,231.37335239365927,233.41250007830322,2112800
2022-07-13,233.1356964111328,235.10102737765925,229.0666368378072,229.71253003670375,2205300
2022-07-14,233.0711212158203,233.53246546677872,230.3214993431497,230.5706291808178,2371000
2022-07-15,235.29478454589844,236.56811323450572,233.8553927677397,234.38133196004864,2627200
2022-07-18,232.905029296875,235.82995015007577,232.58209676959513,235.5070176227959,2164400
2022-07-19,236.66961669921875,236.78033482159904,233.41252719417042,234.2521771665147,2181300
2022-07-20,234.8980255126953,237.04789127441734,233.87384077778242,236.9279372715105,2183700
2022-07-21,233.87384033203125,235.1010176483976,232.81275425622772,234.35364226363583,2056500
2022-07-22,234.3536834716797,234.85192912276145,232.93273513798624,234.1322331383596,2226600
2022-07-25,231.02276611328125,235.10104785819658,229.43574066406043,234.88883343158858,2860400
2022-07-26,237.21400451660156,239.1793357044701,229.47264786538975,230.2661606102423,5272300
2022-07-27,238.87484741210938,239.81597957718637,234.9995443169089,236.02372914993595,2718300
2022-07-28,243.0915069580078,243.58976663770434,237.64765038070286,238.7917751224621,2849100
2022-07-29,243.00848388671875,243.91272882120325,241.83667954117107,243.26683555968282,2653800
2022-08-01,243.80198669433594,244.93687550108845,242.12268690629736,242.24264091375977,2384000
2022-08-02,240.86782836914062,244.9276804087697,240.72022298426245,244.16183316384092,2375200
2022-08-03,241.82742309570312,242.59327031141882,239.67757130245815,240.86781918128386,2305300
2022-08-04,240.48951721191406,241.9104370687994,238.690263575212,241.46756465967783,2089600
2022-08-05,239.1885528564453,239.9266924019978,237.1955422935911,239.56685852496204,1818500
2022-08-08,236.94639587402344,240.73866025669557,235.59927854640688,239.89901034151407,2253500
2022-08-09,239.9543914794922,240.09278913578083,236.54043244719296,237.03869216805316,2315800
2022-08-10,241.15383911132812,243.3221625944946,240.36034056245944,241.74437323364444,2967900
2022-08-11,239.23464965820312,242.91616740100778,238.63490782374802,242.85160061259492,2007000
2022-08-12,241.9104766845703,242.2149796739227,239.48380129873837,239.48380129873837,1530800
2022-08-15,244.91842651367188,245.08450367811906,241.05235962247602,241.93813265774492,2342700
2022-08-16,245.70277404785156,246.47782915238787,243.82971717233286,244.54941320927543,1828000
2022-08-17,246.19175720214844,247.25284336651248,245.04760429190767,245.39823043416442,1699100
2022-08-18,245.97032165527344,246.69001765759268,244.90002762780156,245.43517464153751,1591900
2022-08-19,245.9333953857422,247.04984056243296,245.0107069055837,245.37977666600355,1833800
2022-08-22,242.62094116210938,245.24137300241466,242.08576608815957,244.05109700794281,1986700
2022-08-23,240.39727783203125,242.9900303523572,240.38804193608794,242.3164575875413,2211100
2022-08-24,240.6925048828125,241.74438327253839,239.76981639703945,240.55410724159015,1777200
2022-08-25,242.26109313964844,242.3718112556279,240.08356177013545,241.7351539305272,1330400
2022-08-26,237.08482360839844,242.85162678861616,236.56812029610842,242.4825288585073,2357800
2022-08-29,235.89453125,236.86334285405496,234.90724785578462,235.74689771980005,2017500
2022-08-30,233.89231872558594,236.87259871223898,233.0434469740576,236.2082618494586,2051300
2022-08-31,234.05001831054688,237.204325578576,233.9757974840294,235.80344463801853,3119200
2022-09-01,237.937255859375,237.99291794219994,233.5675983273333,233.62327456633392,2577800
2022-09-02,236.11886596679688,239.89475662620006,235.05197169715225,238.80931776757322,1791300
2022-09-06,236.00755310058594,238.17847339023723,235.07054168985718,236.0817739285905,2645700
2022-09-07,239.746337890625,241.04516689887137,236.5363545471383,236.70334078126663,4185200
2022-09-08,241.286376953125,242.2141160695913,238.73509438284262,239.21753684330972,2448900
2022-09-09,240.76681518554688,241.89865789850143,239.55147936004002,241.45336129822252,2007000
2022-09-12,241.55545043945312,242.5110206808443,240.67411518881568,241.21219146618935,2204300
2022-09-13,235.95187377929688,240.23803780730483,235.33956261012798,239.11545317432072,2604900
2022-09-14,237.241455078125,239.6071785708026,235.98900157103316,236.57348176183282,2745200
2022-09-15,235.15402221679688,236.78683787690954,234.24484189574804,236.59202060048642,2289500
2022-09-16,236.489990234375,237.33423625875133,233.55833112152428,233.651110699038,4304100
2022-09-19,238.438232421875,238.93919114524888,235.04270395725692,235.64572870288484,2195800
2022-09-20,236.94461059570312,237.95584303111548,234.51393816954698,237.59403942800955,2140200
2022-09-21,232.93675231933594,238.34547337492776,232.93675231933594,236.69409878611927,2438800
2022-09-22,230.02365112304688,232.333712586836,229.75459883740137,232.2966092489071,2300500
2022-09-23,228.17742919921875,231.0998158628606,226.54461347668357,229.3463895271456,2672100
2022-09-26,226.14569091796875,228.45576650596823,224.92108259679298,228.16816963342603,3179100
2022-09-27,219.59584045410156,227.2311292247972,219.46595754734497,226.9064290359933,4193800
2022-09-28,219.81849670410156,221.29359842250634,216.86827911111735,219.06703032514724,4202400
2022-09-29,217.4620361328125,220.48647461363745,215.66223419685426,219.24330763566863,3053200
2022-09-30,214.06654357910156,217.8609934294088,213.91810191275704,216.46011236324549,3629300
2022-10-03,218.3341064453125,219.73500148241484,214.96642329200353,216.64562872148088,3286700
2022-10-04,221.26580810546875,223.63154599191992,219.14129148067934,219.6051610993491,3685700
2022-10-05,221.81317138671875,223.03779397789094,219.07634346127935,219.79070663946314,3033000
2022-10-06,217.78675842285156,222.54606463849004,217.51772030676526,222.04507758622518,2999200
2022-10-07,216.3394775390625,217.64759303456088,215.3096865977813,217.05384059177914,2294300
2022-10-10,217.97232055664062,219.18765663444069,216.54360842818733,216.54360842818733,2668700
2022-10-11,219.92056274414062,221.84097537457544,217.02600704357602,217.2393972350943,3169200
2022-10-12,219.92984008789062,222.69449878429626,219.92984008789062,220.12467153762427,2709300
2022-10-13,228.9196319580078,231.2853695875932,217.51772419781364,217.51772419781364,5026900
2022-10-14,225.5890350341797,231.4059487945308,224.8932307336059,231.08124861463452,2918300
2022-10-17,228.66912841796875,229.35566044523068,225.93230091600836,228.0382726276539,2758200
2022-10-18,231.18333435058594,232.3244496069908,229.38351803107676,231.35032061222608,3123600
2022-10-19,232.63059997558594,234.2727022920842,231.11838057837036,231.9347955888195,3021300
2022-10-20,231.7213897705078,233.55830915184603,231.05341651253485,231.51728604411747,2410700
2022-10-21,236.15597534179688,236.90744169882257,231.4708903609712,232.1295913077492,3254900
2022-10-24,236.87034606933594,238.30833030242243,234.78293316252356,236.8332285790903,4125100
2022-10-25,237.250732421875,238.6887309571641,236.0168376351393,236.17456575043832,2689000
2022-10-26,238.067138671875,241.85233040157607,237.61255553117996,239.20826806186707,3582600
2022-10-27,245.95291137695312,247.6970655012025,243.3088774610483,243.99539536905425,4145700
2022-10-28,254.68295288085938,254.95200517408855,246.76933870293783,248.17952039515717,4647600
2022-10-31,252.95736694335938,253.857275075925,251.2410438065256,253.3284569510214,3336100
2022-11-01,253.22642517089844,254.00572269897236,250.17415528501047,253.9129431167926,2740900
2022-11-02,250.8328094482422,256.6775826144543,250.77714736867014,253.27276774809908,3069900
2022-11-03,253.22642517089844,254.8313958619595,248.98665024522828,249.86798549505255,3225400
2022-11-04,254.77569580078125,255.78692797740365,252.46563460429286,255.684890270862,3256500
2022-11-07,256.4363708496094,257.9856793087375,255.193203839415,255.193203839415,3029500
2022-11-08,258.2825622558594,259.32162552785354,256.51986361141564,256.85383610069204,2628800
2022-11-09,257.7166442871094,259.9988744727756,257.6145782669463,258.38461755027384,2610800
2022-11-10,255.94464111328125,261.31625787725204,252.88308541076142,261.14924333904366,4510900
2022-11-11,251.7791748046875,256.9837785345356,249.72885062715122,256.3621807643982,4742800
2022-11-14,252.5955352783203,254.85922113293896,251.02765380576022,251.35236817985808,3357400
2022-11-15,248.48561096191406,251.44510064404074,247.09400245855724,250.72146535478907,5429100
2022-11-16,252.8181610107422,254.5994040151193,249.48758143694448,249.48758143694448,4132700
2022-11-17,253.60671997070312,254.5252008349849,251.00906209030933,252.40995704313642,2467400
2022-11-18,253.6160125732422,255.22101127791845,252.4563387927285,254.1262860240771,2699200
2022-11-21,254.68295288085938,255.10973329421694,253.36557908269512,254.80356350583637,2974200
2022-11-22,254.90557861328125,255.4065372921513,254.47879828518768,255.12822691500128,2770400
2022-11-23,253.52328491210938,255.73130877223144,253.16148134093817,255.63852918832598,2514800
2022-11-25,255.12823486328125,255.42511814972218,253.14285973659972,254.6736517956582,1596600
2022-11-28,253.16146850585938,256.00034809284347,252.69759892220378,255.0169468404818,3160500
2022-11-29,251.79766845703125,252.2708244503327,249.9978523671454,251.4172920346997,2873500
2022-11-30,254.50326538085938,254.98839642597196,250.80870732722377,251.54575688205853,5196500
2022-12-01,255.07240295410156,255.85608945432708,253.1971642996292,254.84850066026786,2599600
2022-12-02,255.07240295410156,255.11906824652192,251.54579946718312,251.723064940404,2807500
2022-12-05,253.3837127685547,254.2980278229312,251.90030328803059,252.851916406158,2586900
2022-12-06,253.55160522460938,255.04435325535368,251.92825704476775,253.57959300454456,3573000
2022-12-07,252.21751403808594,255.6135170643775,251.59244402870263,254.2327199319614,2766400
2022-12-08,255.06314086914062,255.23106762124692,252.47881136164912,252.8333423750821,3022700
2022-12-09,253.80357360839844,255.78145303742988,253.50501824919962,255.26830567534327,1677400
2022-12-12,258.07647705078125,258.1604403876342,253.0384775370078,253.94345368548892,3230500
2022-12-13,255.89344787597656,261.1367027031011,255.29636552742627,259.99848511462204,3390100
2022-12-14,256.1266174316406,258.5056643511364,254.04609736715472,256.7703648986671,2660900
2022-12-15,253.51437377929688,255.98672322920726,251.16328575976786,255.4362777646467,2735300
2022-12-16,248.28038024902344,252.8518982490193,247.94452686855627,252.28280386373802,5932500
2022-12-19,248.00982666015625,250.42622866112214,246.92761339213794,248.40168409787623,2160800
2022-12-20,249.33462524414062,249.97837267218765,246.8063008143306,249.02675965637093,1785600
2022-12-21,250.1836700439453,251.8443450931572,249.39064482156633,249.54926125476467,2366800
2022-12-22,247.953857421875,250.14632874075545,245.97597809481846,249.3533035651853,2366700
2022-12-23,249.63320922851562,250.3609200822746,247.03957018852287,248.0751466654164,1269000
2022-12-27,248.95211791992188,250.8460337586887,248.72821566408427,250.6501192848308,1674700
2022-12-28,247.33810424804688,250.16501286528086,247.30080618293752,250.03438422198187,1427800
2022-12-29,248.10311889648438,249.8570958370812,247.1235180488418,248.11245764780762,1393900
2022-12-30,245.86398315429688,247.58997211789506,243.87676542936163,247.42204544384973,1720100
2023-01-03,246.6103973388672,246.62907484352763,242.1135318456107,245.86403741940217,2743800
2023-01-04,246.66636657714844,248.68154376972964,245.2669205717548,248.40166595737168,2584100
2023-01-05,244.5858612060547,247.01157345462863,243.85815037866288,247.01157345462863,1945600
2023-01-06,251.40582275390625,251.79768018103695,245.73341387867407,246.078606020397,2855400
2023-01-09,249.33462524414062,251.8536393949161,248.8867922810379,251.8349618932443,2654600
2023-01-10,250.88343811035156,251.0607036084743,249.06414630195948,249.0828238102744,1718400
2023-01-11,250.79006958007812,251.65771933264102,249.06408035483318,251.45246609820424,2391400
2023-01-12,248.81219482421875,251.82567907731223,248.34571278037296,251.43382163288783,1933000
2023-01-13,250.8647003173828,250.9206758789003,248.0564696034488,248.53229034814893,2168900
2023-01-17,255.73477172851562,256.92899309050756,251.91895203665206,251.91895203665206,3640200
2023-01-18,248.20579528808594,255.97737428184902,247.9072399210186,255.1750387636383,3276500
2023-01-19,245.91067504882812,251.0979818519074,245.8640382306349,248.8401961095964,2845400
2023-01-20,250.57550048828125,250.64081481243414,245.210956591337,246.7037049352828,2588600
2023-01-23,251.23788452148438,252.99186140387985,249.81045073473518,250.81803933111033,2434000
2023-01-24,251.4897918701172,252.0495760052285,243.70887496030107,243.70887496030107,2517100
2023-01-25,254.69918823242188,254.76450254981688,250.79940529711433,252.20816166607165,3097400
2023-01-26,256.3039245605469,256.3319123474996,253.48638294401204,254.69922500770662,2222500
2023-01-27,254.19544982910156,256.8544038268238,253.73830642476673,256.5651871663085,2203200
2023-01-30,252.73065185546875,254.29802466769158,251.95627572927734,253.4583626948439,2862400
2023-01-31,249.47459411621094,249.5772349723316,245.60279880378852,247.3194493275289,5477900
2023-02-01,248.4203338623047,250.46352746316322,245.83603362584074,249.12005691816572,3557700
2023-02-02,245.56549072265625,248.14981969034605,244.45526108483128,247.13289216369594,3735600
2023-02-03,246.51708984375,247.44071509979437,243.83014894783693,245.02434173804252,3008500
2023-02-06,249.95977783203125,250.22100666585692,246.6383991279512,247.22617112201087,2863900
2023-02-07,249.41860961914062,249.81977733369473,245.95732091150205,247.2541261559872,2514000
2023-02-08,245.2016143798828,248.06582079902302,244.85642224260715,247.31943248834327,2801800
2023-02-09,243.1864776611328,246.25593817779776,242.74798330160925,246.01335834901127,3534600
2023-02-10,244.82843017578125,245.08032021083832,242.84121226159064,243.38231886453627,3049900
2023-02-13,248.35508728027344,248.90553275462568,245.36959038120833,246.022676725319,2418300
2023-02-14,248.73748779296875,249.58648834520616,246.85291099451317,248.7748143204842,2202100
2023-02-15,248.69090270996094,249.73581792332817,247.3754199414812,248.42033515484843,1862000
2023-02-16,248.00982666015625,249.7638036704956,245.6307796659686,247.3007933264688,2785400
2023-02-17,251.8909454345703,251.90028418570205,247.54332970571193,248.44830593962155,3055600
2023-02-21,250.5474853515625,252.1241968808096,249.67049686292316,251.23789811245513,2824300
2023-02-22,250.6315460205078,252.3481969350825,249.71723074643393,250.2210394461735,2192000
2023-02-23,248.89614868164062,249.91307608181842,246.26518322147234,249.75448813717048,4217000
2023-02-24,246.00393676757812,248.42964882329346,244.66980510206517,248.08445670428117,2645300
2023-02-27,247.03025817871094,248.4483535039139,245.87339168898765,247.2634992272395,2024800
2023-02-28,247.64016723632812,248.26884624665092,246.60797561170006,246.91764741718566,2853400
2023-03-01,246.52352905273438,247.28359092750912,245.54763617991213,246.35463277749434,2058900
2023-03-02,251.0745391845703,251.9096565348731,246.13880464086125,246.2701875028161,2385900
2023-03-03,252.48208618164062,252.7729726727933,249.78902365220947,251.87216381748814,2725800
2023-03-06,253.9552764892578,254.08663071159143,252.3225266102966,252.55711431235827,2217600
2023-03-07,250.66163635253906,256.31049746663695,250.3707499156654,254.78098118722218,2766600
2023-03-08,248.97265625,249.75150361007783,246.91769392164701,249.4699811305968,2314000
2023-03-09,245.500732421875,251.11205206238873,244.78757662694892,250.6241199394468,2339300
2023-03-10,245.87608337402344,250.14556848315806,245.15356349536586,247.47129134677522,3093100
2023-03-13,246.86134338378906,250.91502616437376,244.3184204504423,244.3184204504423,3552400
2023-03-14,249.5074920654297,250.48338499407373,246.41094563079267,246.89887777701662,3194400
2023-03-15,249.9203643798828,249.9860558127077,246.38279195005626,248.26885770426085,3419400
2023-03-16,253.88961791992188,253.99282277681323,249.1415645065674,249.39490894855348,3097900
2023-03-17,250.72735595703125,253.32657747536658,249.3291937325144,252.95124286652393,5075300
2023-03-20,254.04908752441406,254.64964578437798,251.3278759199132,251.3278759199132,2108900
2023-03-21,253.5517578125,254.17107276747026,251.1214327136249,253.35471216561646,3120100
2023-03-22,251.35604858398438,255.2126856367185,251.20590900508458,253.39228261732907,2240800
2023-03-23,252.9981231689453,254.74347044466387,251.46860687350684,251.46860687350684,2263800
2023-03-24,254.60272216796875,255.07189759045775,252.26623772755588,253.70191337492446,2229200
2023-03-27,256.9579772949219,257.99956156425446,253.88958051590294,255.23141527499308,2799100
2023-03-28,258.8440856933594,259.191270923377,256.64834815772264,257.0987382350665,2036000
2023-03-29,260.3360290527344,261.0022500534909,259.40707099279274,259.92315244027327,2053400
2023-03-30,260.66448974609375,261.2368700172579,259.4540091356085,260.16716494274635,1788800
2023-03-31,262.37225341796875,263.338782232624,261.33069777543966,261.72481771132794,2902500
2023-04-03,264.746337890625,265.4313157236135,262.4379740479324,263.6672114416977,2352700
2023-04-04,264.87762451171875,265.9473580149514,263.10415664608263,264.06126401514103,2282300
2023-04-05,264.6336975097656,267.4112366553905,264.4085024684106,266.01307441045645,2600800
2023-04-06,265.4501037597656,266.01309139910796,264.2114736808179,265.0184417213401,1731000
2023-04-10,266.2852478027344,266.65121844109024,264.6055914809221,265.7222314709101,1941800
2023-04-11,266.9420471191406,267.9366966808137,265.3186899186545,265.71280985639004,2732900
2023-04-12,267.7115173339844,269.1096797364797,266.0224970610918,266.3509256242095,2557400
2023-04-13,271.24908447265625,271.6901105133612,268.4715453653167,268.90320737022455,3229300
2023-04-14,271.16461181640625,272.06542052416023,269.88843989724495,271.45549825991213,2054700
2023-04-17,271.47430419921875,272.60033676526723,270.4139630706993,271.971629044714,2371000
2023-04-18,272.97564697265625,273.23838406305515,271.1833934275013,271.55872803718614,2086700
2023-04-19,273.3134460449219,273.62311786653436,272.30003971099876,272.9756534790128,2254000
2023-04-20,273.0600891113281,273.68879676178494,272.00914077282823,273.02254706032613,2274200
2023-04-21,274.0547180175781,274.4957440159498,272.6002858081568,274.2986983763942,2171200
2023-04-24,275.12451171875,275.34031411143553,273.7263493218725,274.7772978106673,2995200
2023-04-25,273.53863525390625,276.8134701953477,271.5868496650748,276.8134701953477,5845200
2023-04-26,271.89654541015625,273.5292666892473,271.89654541015625,272.102983738011,3290000
2023-04-27,276.5507507324219,276.86039389852425,272.121733781971,272.79734750784297,3142300
2023-04-28,277.5172119140625,277.92069583131115,275.79065010975654,276.6539166938145,2838200
2023-05-01,279.23443603515625,280.3792252286409,277.4234257498833,277.4891171827035,2124400
2023-05-02,279.6942443847656,280.0601863249895,277.35773129855505,279.0373873361034,2083800
2023-05-03,277.01995849609375,278.9342023823793,276.4850916014232,278.4650269244993,2425500
2023-05-04,276.9636535644531,278.0427513663076,275.3778382612369,277.8081636425915,2005300
2023-05-05,278.3148193359375,278.7089105879907,276.3067351215081,277.53597222989606,1815800
2023-05-08,278.3992919921875,279.0373636425282,277.34834371252214,278.78401924388515,2969600
2023-05-09,278.37115478515625,280.4355093858418,278.0333336026695,280.219707026664,1637500
2023-05-10,278.2867126464844,279.6285474612796,275.7250045704432,278.1084236978115,1849300
2023-05-11,276.616455078125,278.633903678302,275.27459159917237,278.22102701342357,1955100
2023-05-12,277.8831787109375,278.1552797847835,276.1659809637002,276.99173412781545,1801700
2023-05-15,277.65802001953125,278.352419144232,276.49447409042733,277.536029823184,1700500
2023-05-16,276.0158996582031,277.9301434301584,275.85639604832096,277.69555571522943,2859500
2023-05-17,275.368408203125,277.30140849321435,274.60834637237105,277.30140849321435,2802100
2023-05-18,275.92205810546875,276.2786360129964,273.18208963871143,275.1713888741862,2410700
2023-05-19,277.32958984375,277.7518591922708,274.43948174667565,275.7250178645242,2371200
2023-05-22,271.5118408203125,278.35242695432294,271.31479514786696,277.32959926526456,2514700
2023-05-23,268.7155456542969,270.7142376754252,267.8428861802316,270.3858091295154,2943900
2023-05-24,268.2933044433594,269.4193083521983,267.035889025717,268.79062927957426,2262100
2023-05-25,267.91790771484375,269.22222906057107,267.15784586452554,269.1096315473674,2748100
2023-05-26,268.4058532714844,270.948775754807,268.0680321147884,268.0680321147884,2148200
2023-05-30,267.35491943359375,268.69675418933684,266.1913449824838,266.42593267976173,3385200
2023-05-31,267.533203125,268.08685533882436,265.88172506440907,267.3174007518035,3104900
2023-06-01,270.1230773925781,270.28260965046064,266.1163292341394,267.3549593333047,2605300
2023-06-02,273.4812927246094,273.75486697442676,269.92494262977715,270.4532060712324,2869400
2023-06-05,272.08514404296875,274.0378474901902,271.70781713625,273.56618165974237,1974500
2023-06-06,268.4156188964844,273.78317875087106,266.0006919673072,273.434121828187,2771500
2023-06-07,265.9252014160156,268.6042599989386,265.3686391656245,268.33071453247106,3614800
2023-06-08,269.5853271484375,269.84945886808316,264.1328711735962,265.0479040574041,3043700
2023-06-09,270.5381164550781,271.00033979319846,268.6042691245952,269.3400667266765,1975900
2023-06-12,272.2172546386719,272.38704744739294,270.2645509737769,271.8304851600066,1885000
2023-06-13,272.19842529296875,273.2738375447213,271.2550933338343,272.15127021029474,2027800
2023-06-14,272.0946350097656,273.1511620519388,271.02866543707927,271.7739056425489,1964500
2023-06-15,276.0282897949219,276.8490126002409,271.9248197093287,273.2360358731319,2619200
2023-06-16,277.0565490722656,279.76390661388433,276.5282855903986,277.82064549383045,4891200
2023-06-20,276.4339599609375,280.33933866042474,276.09434554156354,277.00937854315725,2729800
2023-06-21,277.830078125,278.4338243100112,276.21698876848984,276.698097210408,2837100
2023-06-22,276.67919921875,278.3583286335587,275.0000698039413,277.92440407598826,1799400
2023-06-23,273.4812927246094,275.8773632693375,273.2266035329715,274.8396926564081,3720600
2023-06-26,272.7077941894531,273.33039664934745,270.80227426422704,273.22664396679977,1851800
2023-06-27,274.7925109863281,275.915078005405,273.23601944864464,273.85862182135776,1815000
2023-06-28,275.20758056640625,275.28306322369355,272.6700159938484,274.9340351012865,1666500
2023-06-29,277.78289794921875,277.9621332824359,273.76429553443364,275.0283566083548,1744000
2023-06-30,281.4996337890625,282.15053500613215,278.1791163595861,278.41494929944605,2644700
2023-07-03,278.13189697265625,281.4901553042531,278.09415564640324,280.91473682282975,1601300
2023-07-05,280.07513427734375,280.4619036713489,277.8960406778031,278.3865627250271,2356000
2023-07-06,278.2074279785156,279.7733334377143,276.8112865464687,278.58475494203583,2569600
2023-07-07,275.5472106933594,277.6791208782688,275.02836095650673,277.0754035264663,2586500
2023-07-10,277.8017883300781,278.8677579306652,275.7641880718964,275.83022821081147,1703700
2023-07-11,278.03759765625,278.7545390161979,275.2359011379602,278.5564474044969,1529600
2023-07-12,278.8583068847656,280.26389087956426,278.47156617025206,280.0091728624423,2156000
2023-07-13,278.4903869628906,279.8487869204698,278.292295365635,278.6507660194683,1656900
2023-07-14,278.226318359375,279.2734029706238,277.3490265842954,278.51874895106823,1550000
2023-07-17,277.9809875488281,280.03744381299543,277.85834981770074,278.35831448354327,1669900
2023-07-18,277.1697692871094,278.9903928366889,275.8868230095247,277.7829292280109,1991600
2023-07-19,277.462158203125,278.6601791012923,276.6037228994496,278.2828521780127,1969200
2023-07-20,280.29217529296875,280.697801047602,277.44329490414646,277.63197277468345,2104300
2023-07-21,278.8583068847656,282.3863874851662,278.5847613831051,280.7921543983468,2835500
2023-07-24,278.5752868652344,280.1223646984561,278.15077607757735,279.22618805260214,2034400
2023-07-25,275.79248046875,278.2168501851352,275.12272292900957,277.5282363725158,2780600
2023-07-26,275.2170104980469,275.9999631053218,273.0945142731262,275.688676325807,2896900
2023-07-27,278.46209716796875,281.9618498442518,274.9906432922088,275.45286663015185,4698300
2023-07-28,277.3678283691406,280.8298684968908,276.34904276406365,279.03751517320006,2843000
2023-07-31,276.5848693847656,277.5659136374268,273.6133514623615,276.97161005294595,3296000
2023-08-01,274.5755615234375,277.25462006460907,273.80202262957994,276.39618477335716,1916200
2023-08-02,273.207763671875,276.8207407507465,272.981373241856,273.81150986952997,2388300
2023-08-03,274.52838134765625,274.76421427298044,272.2926898216945,272.4341838192493,1910700
2023-08-04,270.7550354003906,276.22637615401396,270.50978875136735,275.8396067292426,2520500
2023-08-07,274.8868103027344,274.8868103027344,271.54740852600105,271.5662935816096,2176800
2023-08-08,273.16998291015625,275.0755313817943,272.18893866286834,274.55668167028335,1948400
2023-08-09,271.8965148925781,273.3020699580073,271.5663430294492,272.62286996090194,1895800
2023-08-10,271.3022155761719,273.91523414565114,270.5286766362278,272.44363892674295,2436300
2023-08-11,272.2644348144531,272.5851641898978,270.5098513861612,270.9720747819191,1761800
2023-08-14,272.4436340332031,273.4247070909203,271.32106697394016,272.4247777623969,1712400
2023-08-15,271.9625549316406,272.69835260712813,270.8494302819908,271.63241182187534,1883800
2023-08-16,269.22686767578125,272.5096724317836,268.87783954478607,271.27391017913607,1829400
2023-08-17,265.88751220703125,270.30232732313027,265.81205832278033,269.9344140683701,2148400
2023-08-18,265.7742919921875,267.6609555912818,264.41589189778347,265.7554357199492,2624500
2023-08-21,264.1706237792969,266.29312015612464,262.8876776661061,265.7365578941182,2682600
2023-08-22,264.42535400390625,264.90646246951724,263.2744879717299,264.84986486041055,2052300
2023-08-23,265.8969421386719,267.10440574690296,264.7460761379983,266.0384361575655,2308800
2023-08-24,266.3497314453125,268.6137219393118,265.7742840948229,265.7742840948229,2006400
2023-08-25,268.453369140625,269.9249933333402,267.44402592536676,268.6231907551485,3725200
2023-08-28,267.6043395996094,269.981553995582,267.44398932609687,268.4533324032282,2317600
2023-08-29,267.5194091796875,268.44388452591846,264.5384778224124,267.85902353086885,2348500
2023-08-30,268.1325988769531,269.7740156457066,267.2364510158849,267.71753061710274,2410700
2023-08-31,266.6435852050781,269.156848191633,266.3875267304763,268.5972937110772,2979800
2023-09-01,266.4444580078125,268.5309571002131,264.72785014028193,267.9619092620151,2136400
2023-09-05,264.7563171386719,267.1083681724526,264.6614710027253,266.5013760567761,2410300
2023-09-06,261.228271484375,264.2726387217303,260.8109716143537,263.65618221378304,2705800
2023-09-07,263.9691162109375,264.5950659532868,261.85419506732313,262.94485323262336,3732800
2023-09-08,264.81317138671875,265.88487174984397,263.5138634926543,263.7319777288138,2351300
2023-09-11,265.32537841796875,265.67628309002254,264.1872826150572,265.25898322515354,2433200
2023-09-12,266.226318359375,266.9755651720616,263.3621504242472,265.06926501867224,1450200
2023-09-13,267.23162841796875,268.29386458902445,266.1314769480361,267.13681122780014,1724300
2023-09-14,270.0673828125,270.8640382583715,267.9903768867369,268.71114384653845,2219700
2023-09-15,263.8742980957031,269.2137851217667,263.4000963782819,269.2137851217667,5730700
2023-09-18,263.390625,265.8090423829045,262.64137812009324,264.3390285137631,2884800
2023-09-19,263.7794494628906,263.9027465391274,262.17664535776396,262.17664535776396,2128100
2023-09-20,262.8974304199219,265.8090068209784,262.8405285321471,264.3579507967732,1979300
2023-09-21,257.22601318359375,262.8879835611141,257.0363208955208,262.6508826725127,2370100
2023-09-22,258.1743469238281,259.5210923418151,256.8560524470606,257.39664927320143,1958300
2023-09-25,255.86024475097656,257.7380937311227,255.03513849913077,256.4956877059111,1895500
2023-09-26,253.90655517578125,255.40501978790874,252.82536142516537,254.94980468699626,2251600
2023-09-27,250.03707885742188,254.11520177935463,248.75672851677706,253.9065518798201,2735000
2023-09-28,251.8865203857422,252.56937216727417,249.55345552508393,250.5967053222831,2182400
2023-09-29,249.84738159179688,253.57459982220695,248.24457761003254,253.36594992685974,3367100
2023-10-02,244.4510040283203,248.54811412653552,244.17595890714495,248.48171893470385,4425000
2023-10-03,241.3592071533203,244.97260762996004,240.77118715433238,243.93885130855367,3408100
2023-10-04,242.611083984375,243.02838381739224,240.9039548817991,242.15585438085083,2820000
2023-10-05,239.21578979492188,244.54582683856165,238.59933336252612,242.79127472868507,3799600
2023-10-06,235.41268920898438,237.8785437967626,233.0511595723388,237.1008460753217,5130700
2023-10-09,237.02496337890625,237.0913585596872,234.50220699598955,234.93847890422924,2782300
2023-10-10,238.5424346923828,240.3538742447959,237.5750591420632,238.732112484027,3129600
2023-10-11,237.97337341308594,239.6520514409309,236.52231740525818,239.55720531471863,2919400
2023-10-12,233.48744201660156,239.13991833768287,233.1934392696595,238.70366086528105,3528300
2023-10-13,235.49806213378906,235.97226386639997,233.30725244456485,234.08495023236117,2646500
2023-10-16,237.04397583007812,237.56560065537158,235.27046589556943,236.36112414451014,2774700
2023-10-17,238.1820526123047,238.4286323107064,236.512867674647,237.18622605052775,2627500
2023-10-18,242.81973266601562,243.82503800145108,239.32012164140446,239.8038166597092,4559200
2023-10-19,245.04849243164062,249.01281197734255,243.03788171249906,243.03788171249906,5646200
2023-10-20,244.79237365722656,246.90732353753214,244.27076339429954,245.59852228963732,3779200
2023-10-23,241.6057586669922,243.96727379809946,241.40658759170645,243.3697750437292,3409800
2023-10-24,243.99574279785156,244.46048016507245,241.53938135930943,241.53938135930943,2468000
2023-10-25,244.71652221679688,246.04428115604114,243.68276600899333,244.80187504757248,2759100
2023-10-26,242.6300506591797,246.14863374360598,242.4877814621237,245.02949570219334,2702600
2023-10-27,242.5636444091797,245.99687450166957,241.71956597583699,243.31287671547784,3209000
2023-10-30,246.7271728515625,248.5386270693008,241.4635448306265,246.67976425219433,6305100
2023-10-31,248.64292907714844,250.084491808077,246.34778014226168,249.8663486092694,3990600
2023-11-01,248.45326232910156,249.8000080138279,246.42366497689014,249.43011676174214,3543000
2023-11-02,253.08143615722656,253.62203300539548,249.91377248617783,249.98963201819683,4109700
2023-11-03,254.04884338378906,254.75065271885856,251.7916384009698,253.75484061136922,3126500
2023-11-06,255.03517150878906,255.22483483024874,253.50822692611712,254.18161420478052,3090600
2023-11-07,254.80758666992188,255.86979398234828,254.27645407073013,254.9308548155247,2360800
2023-11-08,253.6884307861328,256.12583461054754,253.48927416471835,254.95928794202408,2223300
2023-11-09,253.1383819580078,254.49459201829958,252.218429404199,254.39974587959165,2501700
2023-11-10,253.97300720214844,254.2954609517898,251.52610971519223,253.53672070882703,2664900
2023-11-13,255.31021118164062,255.8033705385228,253.47030623903828,253.60306766694006,2591900
2023-11-14,257.4820556640625,257.64329699316545,255.45248723457286,256.06894371789076,2647800
2023-11-15,256.4388427734375,259.00900821970856,255.13950563332145,258.37356512365244,2575900
2023-11-16,261.8731994628906,261.91114371122404,257.0458285740417,257.0837728223751,3593700
2023-11-17,261.522216796875,262.8215247208923,260.9531690134369,262.2809278794774,2604800
2023-11-20,264.63299560546875,265.3632557931286,260.8298887663224,261.1428780917298,3499400
2023-11-21,265.9986877441406,266.1883799906253,264.0639368132949,265.4296399476597,2940800
2023-11-22,267.38336181640625,267.83860586481376,266.6910458625689,266.7384544550599,2285000
2023-11-24,267.9619140625,268.0093226569594,266.52981561692496,267.44976810464937,1218000
2023-11-27,267.29803466796875,269.2517435311096,266.5867320544084,268.07573247177595,3703900
2023-11-28,267.53509521484375,268.91029163764114,266.83328600366406,266.97554071633925,2199600
2023-11-29,265.913330078125,267.89548956304213,265.07873051753404,267.64889543569313,2433400
2023-11-30,268.899658203125,269.31945847150433,265.29321343670307,267.5448720685924,5030400
2023-12-01,272.8304443359375,273.6891159753792,270.00635772224626,270.24487923966876,4967400
2023-12-04,272.99267578125,274.20435471438765,271.9050035903023,271.9050035903023,3522900
2023-12-05,273.3838806152344,275.5019532423985,272.1149296050334,273.3934016785251,3005300
2023-12-06,273.6891174316406,274.1757106470184,270.3879877655396,273.5651106996939,2765100
2023-12-07,273.62237548828125,274.9199186781986,272.5251822375485,274.2902183243627,3131900
2023-12-08,272.4201965332031,274.68137587816574,271.9622247341184,274.13753982607705,3623600
2023-12-11,275.87396240234375,276.0266196570446,272.4487971398525,272.4487971398525,3353000
2023-12-12,278.03973388671875,278.30687678184324,275.2633403428934,275.84531878297497,2252200
2023-12-13,282.3426818847656,282.3808534799102,278.16378026651523,278.29736629132316,3312300
2023-12-14,276.7040710449219,281.713023627557,274.7863775695795,281.0738021745763,4626800
2023-12-15,274.080322265625,278.3546387687245,272.6015003557441,277.07616680099545,6328500
2023-12-18,276.90447998046875,277.24793707588157,274.35705672387627,275.3970073068587,2490100
2023-12-19,277.3814697265625,278.32600567348544,276.2937975677076,277.32422688834885,2054200
2023-12-20,275.72137451171875,278.2783477757306,275.4637817075794,277.3815043764879,2398500
2023-12-21,278.0111999511719,278.14475688256255,276.0076130491033,277.2288422562802,2313100
2023-12-22,278.3069763183594,279.04161226359645,277.16206114898,277.35289004934396,1700300
2023-12-26,279.41363525390625,279.5949139383148,277.5341136291166,277.8489492241229,1381500
2023-12-27,281.0260925292969,281.10243573427493,279.0320557661694,279.0702273686584,1892100
2023-12-28,282.2568664550781,282.8579454378907,280.50135128792454,280.9497729801497,1907100
2023-12-29,282.8960876464844,283.22047343662825,281.75117264423704,282.24728694979865,2227800
2024-01-02,283.4017639160156,283.63073527942777,281.50311263972566,281.50311263972566,4458400
2024-01-03,280.8734130859375,284.30809965659387,280.73982705980944,283.363563761303,3114800
2024-01-04,278.3450622558594,283.6211570869507,277.5627338026727,281.76070671018687,4615400
2024-01-05,275.72137451171875,276.9998465855239,274.01358109768137,275.93127465018836,3407300
2024-01-08,278.4977722167969,278.5931866656477,274.3188697581879,275.2634349504884,3097000
2024-01-09,277.5150146484375,277.5150146484375,274.3188204431365,276.3319572212943,2176400
2024-01-10,280.5872497558594,280.87349312925187,277.51509055976913,277.6391264432654,2199700
2024-01-11,280.6444091796875,281.4076954987597,277.3051079642859,280.93065246798807,2047400
2024-01-12,279.99566650390625,282.17098178377097,279.3945875645596,281.8942886448148,1714800
2024-01-16,277.72491455078125,280.7398300685951,276.66589297397144,279.9956440881243,2859000
2024-01-17,277.7917785644531,278.91759344278614,276.8090708119414,276.81862099246416,2008200
2024-01-18,280.8448181152344,280.9593329244557,277.9348666626041,278.6790527823313,2221200
2024-01-19,286.73150634765625,287.25624207783727,282.90561161090204,284.31766957930665,4250900
2024-01-22,284.7088623046875,288.50613580749103,284.0696117487473,287.1322493701149,3250200
2024-01-23,286.2735290527344,286.4261863261118,283.4876138836897,283.7833782519842,1874000
2024-01-24,286.6456298828125,288.1721734643318,285.567507932432,286.22582966998476,3209700
2024-01-25,283.56396484375,287.4757242731842,282.49539290752244,286.9318881253679,3219600
2024-01-26,278.8412170410156,282.39041855033867,278.30693114639905,281.77023928301804,4210500
2024-01-29,278.8889465332031,279.31829698783775,275.0726015725447,278.2497250574776,3899700
2024-01-30,281.1214294433594,281.3790512936055,276.87576428317163,278.7266934219767,2524200
2024-01-31,279.28009033203125,283.7833779850379,278.2592111952536,282.31407720701003,3476200
2024-02-01,284.3939514160156,284.4416731874205,276.95209201798025,278.3069069937226,3380600
2024-02-02,283.4112854003906,284.47988636950276,279.88118403813553,282.4762995874665,3971600
2024-02-05,272.84002685546875,278.0588794399546,270.3212253570465,273.83228463815624,7581900
2024-02-06,271.58062744140625,271.6092488623745,268.6134333742317,269.97776963438463,5927200
2024-02-07,274.1375732421875,277.1906607087833,271.06541453362047,271.96225788506797,3954700
2024-02-08,278.5263671875,279.69035347356873,271.15129976583086,273.0594720960157,4605000
2024-02-09,276.1793212890625,279.0797513616397,275.65458554878256,278.7362652042719,3323000
2024-02-12,276.1507263183594,277.8203772545839,275.5019546567914,275.7309260393679,2392300
2024-02-13,273.92767333984375,276.58958197521537,272.55381600678743,275.37790299004763,2756100
2024-02-14,274.9390563964844,275.0821635153484,273.4315837673765,274.1280772343848,2139300
2024-02-15,278.4595642089844,278.68856467956783,274.0898625403577,274.6813912829353,2401400
2024-02-16,278.6122131347656,280.21509991522396,275.97895529135013,277.43870586333384,2837500
2024-02-20,279.2133483886719,281.9325001525097,278.44054081908894,278.5931981202464,2264000
2024-02-21,280.4154357910156,281.6462149539946,278.8316494464711,279.6330782383378,2076400
2024-02-22,282.3331604003906,283.0487249472002,279.7857378025344,280.501302349344,3146600
2024-02-23,284.07916259765625,285.0236986069295,281.5222186006662,282.4095117679471,2199000
2024-02-26,283.47808837890625,284.96646052838577,282.7911451471157,284.5180388476836,2595300
2024-02-27,280.2723693847656,283.1727704478002,279.85256913051586,283.1727704478002,2811200
2024-02-28,281.63671875,282.5049407200101,279.28012457894437,280.5299752206377,2507300
2024-02-29,280.44683837890625,282.8168398707336,279.8999082003186,282.2891187186559,3601700
2024-03-01,278.95965576171875,280.82111619848473,277.808226671039,279.59293883338677,3028900
2024-03-04,279.1611328125,279.4489754309517,276.8199152422368,277.6546881178036,2832000
2024-03-05,280.6963806152344,281.62711085346064,277.2229428031092,279.75604586172926,2969600
2024-03-06,281.0705871582031,283.19113537456326,280.32216698832895,281.4543871177689,2348000
2024-03-07,279.3242492675781,282.98002641579194,279.2475009924456,282.2891748113657,2237700
2024-03-08,280.7059326171875,281.5983032845632,277.13653779385385,278.2975713282737,2482300
2024-03-11,282.8840637207031,283.48856252331626,280.05348431489995,280.32214719583266,2893300
2024-03-12,282.39471435546875,284.3617073969211,281.6558987210137,283.7092445549042,2233100
2024-03-13,271.4082336425781,281.5886968225649,271.15877980622713,280.4276925782311,5441300
2024-03-14,270.3240661621094,271.0820616336697,266.581935694539,270.98613359670645,4659300
2024-03-15,267.8388977050781,272.72282310782094,267.10965729815734,270.4775626403674,5071700
2024-03-18,267.301513671875,268.9518796420527,266.8121812305124,268.15549555924855,3319400
2024-03-19,271.4178161621094,272.88587192827646,267.30149145224715,267.8964149388577,4055400
2024-03-20,272.9339294433594,273.0778507715476,269.9786081882774,272.02237889473264,2867300
2024-03-21,272.0511169433594,274.0181097525807,271.19716435314115,272.98184708360856,3653300
2024-03-22,271.1875305175781,272.8762850509992,270.6981688557226,272.38692338914365,2556100
2024-03-25,267.3399353027344,269.2205755940893,266.39962979808683,268.6640700473832,2985500
2024-03-26,267.3399353027344,268.1363487654712,265.94865679493915,267.9156498806765,2572100
2024-03-27,270.6022644042969,270.87092728870147,266.84098402263214,266.84098402263214,2605000
2024-03-28,270.53515625,271.9072551158613,269.86348430956025,270.8229989204387,3453900
2024-04-01,268.8751220703125,270.15126331794653,267.35910222648704,270.1032993115303,2408800
2024-04-02,266.49554443359375,269.1246340415933,266.21730631525315,268.6640565459735,2907700
2024-04-03,264.38458251953125,266.7065907635781,264.01035788134465,265.37288109256997,2748000
2024-04-04,259.1552734375,265.0562818846565,258.99217236689935,265.0562818846565,4095100
2024-04-05,255.8929443359375,259.6638295877957,255.57628812824987,258.51242966709253,6816000
2024-04-08,256.7276916503906,257.81194769675494,255.1061098383683,256.4206399894266,3753200
2024-04-09,258.53155517578125,258.7522540232579,254.7510662010803,255.44191772138237,3934900
2024-04-10,257.79278564453125,258.0998080445123,254.3768869254286,256.16159920549023,3817500
2024-04-11,257.7447509765625,258.95374847925166,256.33426365077696,258.58912832561174,2519200
2024-04-12,256.5646057128906,257.37059440889533,255.78737199960983,257.06354272982884,2708400
2024-04-15,255.4515380859375,257.6488050548293,255.2788032336028,257.0155220150865,3686700
2024-04-16,254.68392944335938,256.18076973687516,254.4152665517555,255.35560131339858,2912900
2024-04-17,259.02093505859375,259.1840361156105,254.77026383063625,255.71059852434882,3383100
2024-04-18,260.00921630859375,260.3066634227708,257.96544600133853,260.00921630859375,3402700
2024-04-19,260.97833251953125,261.1990313901822,259.5294855749992,260.99754154953615,3017100
2024-04-22,264.4230041503906,265.30577041163514,261.29500666059306,262.6671054256243,3129300
2024-04-23,265.6703796386719,266.1693166374942,263.13724730143826,265.6128111111946,3275700
2024-04-24,265.5456237792969,265.81428665375336,261.8419120612856,264.38461949490176,4071600
2024-04-25,264.44219970703125,268.49135203233976,263.59782226940354,265.8046938869736,4179800
2024-04-26,262.0338134765625,264.9315367491889,259.4239328435133,260.2491305470661,3636500
2024-04-29,262.4751892089844,263.31956668450397,261.56366797041284,262.74385210737154,3148900
2024-04-30,261.9858093261719,265.66073644469446,251.9972613143246,253.6284181587904,6894400
2024-05-01,263.31951904296875,265.2385477648334,259.11684145695637,260.3930119549469,4843200
2024-05-02,262.21612548828125,265.1234532974529,261.6691951870363,263.3963388832742,3084000
2024-05-03,259.3759460449219,263.5018463540514,258.00384744671044,263.0412981711868,2642100
2024-05-06,258.397216796875,260.87278035247573,258.14776296410355,260.0859715149868,2481300
2024-05-07,256.6701354980469,259.71180942712056,256.1807737199224,259.10731059109844,3160000
2024-05-08,257.6200256347656,258.042214335862,255.28841254602222,256.6701156983273,3259800
2024-05-09,257.1018981933594,257.6104396600121,256.2095275365825,257.5912306312723,3140000
2024-05-10,263.866455078125,264.23107522845265,256.9963285884261,257.31298473247074,4983500
2024-05-13,260.3354797363281,265.5360318997818,260.16277415497177,264.23110624234465,3840700
2024-05-14,259.7021789550781,261.7267403455677,257.8311141050708,261.1030618229175,3143200
2024-05-15,262.7822265625,263.2619838036137,259.2896090738624,260.13395722129366,2982500
2024-05-16,262.43682861328125,264.4038216880271,261.8707185541206,263.39634314380305,2339900
2024-05-17,261.3525695800781,262.9645469455975,259.95168658019054,262.9645469455975,2454500
2024-05-20,257.0251159667969,261.1126566543996,256.45900598833515,260.73843198545325,2651100
2024-05-21,255.1061248779297,258.18615833802477,254.6935406553434,257.63925730713447,2362600
2024-05-22,255.01016235351562,256.0176701644632,253.83955347281545,255.10611966151907,1906100
2024-05-23,247.48753356933594,254.86620139164734,247.17090671243653,254.39604872223305,5636200
2024-05-24,247.66024780273438,249.91511249982034,247.09413782041162,248.2647465600442,3382900
2024-05-28,243.27529907226562,248.33194456979933,242.42133175577007,246.96945038232053,4324700
2024-05-29,239.2741241455078,243.52478095770303,239.07263430119735,243.10259223872788,4029300
2024-05-30,241.86480712890625,242.71877437795422,239.97456254825602,240.46390963219537,3597800
2024-05-31,248.40872192382812,248.75413308699862,243.24651460921024,243.89899207982285,6125400
2024-06-03,250.85203552246094,251.045196135601,246.84420331326405,249.09437414827016,4342800
2024-06-04,253.72027587890625,254.07759645887913,250.3691428744673,250.45605630158212,4592700
2024-06-05,251.0837860107422,252.77383809745018,249.79935939259866,252.54206895665303,4136800
2024-06-06,251.7887725830078,252.82212571877972,250.06008260015741,251.97226629766516,3354300
2024-06-07,247.4332733154297,252.44548726266515,246.59308071251206,251.16106065161728,2290100
2024-06-10,245.11550903320312,247.23049098179766,244.47811438698014,247.23049098179766,2866200
2024-06-11,245.5694122314453,245.965370855011,243.46409713536846,244.3429130800498,2729400
2024-06-12,245.76254272460938,247.52985611167895,244.7292042496406,246.14884918784264,3169600
2024-06-13,245.00926208496094,246.0136441473121,242.5755829573551,244.90302965021388,3153000
2024-06-14,244.89337158203125,244.9319948591469,242.0251106494309,244.19803470527452,2806600
2024-06-17,244.82577514648438,245.8011860933218,243.25162232478368,243.65723306795053,2532900
2024-06-18,242.19895935058594,245.63702076741893,240.80830020769838,245.25071428098988,2956300
2024-06-20,245.10585021972656,246.93110593975928,240.96279986823174,241.6967747994331,4046500
2024-06-21,250.5043487548828,252.50341642365186,246.85382290029884,249.43235759599594,8425800
2024-06-24,251.46044921875,252.41652643047811,248.96881297849356,250.1277176677529,3901200
2024-06-25,248.56320190429688,251.21899797341283,246.83451184710142,251.21899797341283,3903800
2024-06-26,248.99778747558594,249.32616640396273,245.95569946552288,247.85821651484133,2796100
2024-06-27,249.32615661621094,249.96352175947902,248.16725195683853,249.16196715846812,2651000
2024-06-28,246.11021423339844,250.60091824569326,244.19804510889514,248.71773500036704,8958700
2024-07-01,241.42636108398438,246.59308292523127,241.16560606360355,246.10055876325399,3817600
2024-07-02,239.3017120361328,242.43072806796798,238.93473931710227,241.12696770401547,3944900
2024-07-03,241.43601989746094,242.38244496935513,239.67835859928653,239.98740377807619,2026100
2024-07-05,242.48867797851562,242.8073752938609,240.28678265075303,242.40176454780834,2814300
2024-07-08,239.35968017578125,243.9276456254319,238.5967340874537,243.13572839310055,3163900
2024-07-09,237.3992156982422,238.92507836968414,235.18765351327448,238.76090364518936,4927300
2024-07-10,241.90927124023438,241.976865671826,237.47649413940385,238.53881865944757,4092700
2024-07-11,246.0716094970703,246.892483173344,241.3104832303386,242.61424371206624,5546400
2024-07-12,245.20240783691406,248.11897372339817,243.18400631371415,245.54042414807097,4543000
2024-07-15,242.9136199951172,246.9697423964899,242.58527052736818,244.95134070016175,3393600
2024-07-16,248.45697021484375,248.49560823046346,241.5326016276668,242.40176541000162,4173000
2024-07-17,252.05921936035156,253.07323891373701,249.02676862830089,250.09875994421347,3711500
2024-07-18,250.6298828125,253.3436212088771,248.77567075891858,249.19093362306586,3421800
2024-07-19,248.4666290283203,251.51838377554805,246.29370490687202,251.47010836171705,3470600
2024-07-22,250.6492462158203,250.89068225454616,247.61679542278094,249.45170342266275,2759500
2024-07-23,245.3472900390625,251.2286827712146,244.82577997607098,250.7844192679914,2653100
2024-07-24,244.69058227539062,245.61770311184088,237.68893742523355,237.88209803755475,5983300
2024-07-25,242.84600830078125,247.3173932870528,242.49833984903734,245.48248546378963,3323100
2024-07-26,243.3675079345703,245.3472862439535,242.16032783568852,244.23667171133116,4002900
2024-07-29,252.46482849121094,254.88882607297919,241.65813522220313,244.8644126173734,9381000
2024-07-30,257.3128356933594,258.21097054693473,251.39282021236005,252.05918593524967,4936600
2024-07-31,256.3084716796875,258.5007295927177,254.18385239741667,256.3278054233817,4652100
2024-08-01,259.5437316894531,259.56303596182966,253.41125064626337,257.6798526151998,4936000
2024-08-02,267.2117004394531,267.32758499988245,259.5919663973905,260.1714186717039,9585900
2024-08-05,259.2540283203125,268.3513216900855,258.5103864641597,264.65253457098936,6794900
2024-08-06,260.808837890625,263.84128837874607,258.89665404620774,260.61567729019794,3369300
2024-08-07,260.1424865722656,263.78336073443324,259.37954047205164,260.32598031120534,3540000
2024-08-08,261.9001159667969,264.27583793870656,258.8966368213498,259.7175251102952,3227200
2024-08-09,258.7325439453125,262.392722882262,257.81507512464725,262.392722882262,2664900
2024-08-12,260.22943115234375,260.29704032155496,256.2409027793297,258.29794269836503,3008100
2024-08-13,261.0502624511719,262.6823721950099,258.3751621384313,261.0502624511719,2603600
2024-08-14,261.8615417480469,262.2092249959503,259.302325436129,260.6157234406699,2242100
2024-08-15,265.4540710449219,266.3135974243531,262.53753452791005,262.6823902457438,2445200
2024-08-16,268.9501037597656,269.92551487251194,265.2899543129453,265.3382297360381,3286000
2024-08-19,277.6996765136719,278.4433182588118,272.0694019390722,272.65849163477037,5268800
2024-08-20,275.845458984375,280.32649574653954,275.43983354316646,276.6856515352704,3697600
2024-08-21,279.7857360839844,280.0368390000386,276.46357377137116,277.31343335908707,2686300
2024-08-22,279.3028564453125,280.5486746468994,277.69971762495527,279.63120591856557,1746400
2024-08-23,279.6022033691406,280.81905028853845,277.29409044304487,280.4327585676378,2145900
2024-08-26,278.791015625,282.20009131366567,278.00876521713144,279.34149686673646,2018500
2024-08-27,279.7181396484375,280.3555048289022,278.1922474421404,279.17729582957554,2897600
2024-08-28,277.21685791015625,280.9929212291658,275.48819703027374,280.01753963848637,2603800
2024-08-29,277.99908447265625,279.20626460631195,275.024605591084,277.92183791185766,1797100
2024-08-30,278.7716979980469,278.9841628808813,276.48288917561365,277.70937358387476,2528500
2024-09-03,277.3437805175781,279.95675150177567,275.5856144173268,278.1597225494348,2902800
2024-09-04,279.7818908691406,280.69497513672684,277.8003005816484,278.3442618929336,2558300
2024-09-05,279.7236633300781,281.25840524810087,278.04319311218865,280.7241669608352,2412500
2024-09-06,281.2195129394531,283.8227605286285,279.33506499889563,279.5779059227441,3863600
2024-09-09,282.94854736328125,283.3856432527244,279.5584678100358,281.72461958550383,3208600
2024-09-10,282.9291076660156,287.7470931903039,282.70571297635195,284.4250161352961,2497100
2024-09-11,281.9189453125,283.0942872893462,277.64492059001816,282.5017399167724,2747500
2024-09-12,283.9781494140625,284.3084094750373,280.00527591689826,281.8605839176371,2274200
2024-09-13,288.0384826660156,288.2424607469603,284.2404469641007,286.0568923772626,2205500
2024-09-16,288.19390869140625,291.51595606214767,286.5911644585981,288.90301488914247,2916200
2024-09-17,285.33807373046875,288.8738516645482,283.8033321983827,288.49500561003987,2997400
2024-09-18,283.6673889160156,286.64948310241573,282.05492133943125,285.464417998838,1788200
2024-09-19,285.43524169921875,286.63000013069995,282.56970680100613,285.82378126753514,2271400
2024-09-20,288.3299255371094,289.5149906485646,284.44447004298377,284.5513354837821,5817300
2024-09-23,290.4960632324219,291.6228488270481,288.3882203319065,290.43778377439565,2312400
2024-09-24,291.67138671875,292.8176184893574,289.17500437467976,290.4960448646415,2408100
2024-09-25,291.86566162109375,293.1575623409142,289.854931582191,291.7296564697081,1986200
2024-09-26,294.9546203613281,295.57630744003734,292.1279480653947,292.52621079200435,1971100
2024-09-27,294.99346923828125,298.16981813274396,294.8283243521761,294.8283243521761,3402800
2024-09-30,295.7900085449219,296.2951070634095,293.4490181638264,295.0517625501795,2286500
2024-10-01,294.3038024902344,296.48937094885093,293.59469627416223,295.7899878563469,3036200
2024-10-02,295.0614929199219,295.3723068231081,291.00116949280533,291.97253334398374,2352400
2024-10-03,294.76031494140625,295.3139696992781,292.63302615121523,294.808871267015,1802500
2024-10-04,295.0614929199219,297.1305026659194,292.74964221112975,294.3718032421412,2432400
2024-10-07,292.2347717285156,296.38248400831634,291.4091066642335,295.0614436203988,2091800
2024-10-08,293.2547302246094,294.6632196157723,291.75882164721634,293.9735596063981,2038300
2024-10-09,295.1294250488281,296.27565676390475,293.31297964129624,294.26492675553465,1854100
2024-10-10,295.3334655761719,296.9944894162605,294.25523631599407,295.32374245194956,1739500
2024-10-11,296.3048400878906,296.75165916316166,294.2941097836621,295.70259923781384,1775600
2024-10-14,300.96734619140625,301.5307537770608,295.7802672297408,296.41164774993734,2376300
2024-10-15,304.36712646484375,306.32927064933165,302.10386187688664,303.0655025432127,3067100
2024-10-16,303.95916748046875,304.74596977180965,301.2296079829034,304.34770706424564,1821300
2024-10-17,305.6882019042969,306.0281555217923,303.5317730671234,304.9888187775468,3095200
2024-10-18,307.4949035644531,308.09714434105257,305.23163909051186,306.53326294657137,2531200
2024-10-21,305.87274169921875,308.7965263930133,305.4064764332406,308.04858698644614,2404100
2024-10-22,305.6784973144531,306.69841751612194,304.3282873119648,305.0956730662112,5889100
2024-10-23,290.02008056640625,292.9633115290982,282.5017050196304,284.3861530571209,18792000
2024-10-24,292.9438781738281,293.73071011437077,289.73838953054604,290.5543315553148,5522600
2024-10-25,284.2307434082031,292.9633240086661,283.8325103420707,292.38049980788975,8863200
2024-10-28,288.2910461425781,291.33141932266386,288.0482052130974,290.63203626001257,6656000
2024-10-29,286.55230712890625,294.03181988431487,286.55230712890625,289.0778588153864,9048900
2024-10-30,283.17193603515625,286.91169222054964,281.54005212854855,286.06661054190164,4924000
2024-10-31,283.7450256347656,285.9500401237799,282.83197106286667,283.88103077667245,4277400
2024-11-01,286.75628662109375,288.3784771397278,284.8815616831434,286.07634977687997,4131800
2024-11-04,284.4638977050781,286.5134611153446,283.44394791831155,286.2997598913844,2583100
2024-11-05,288.8058776855469,288.8641571391383,284.1821767428316,285.3381019785104,3032100
2024-11-06,285.5809326171875,291.7296518986905,284.33758824596146,291.6810955703385,4646400
2024-11-07,286.2220153808594,288.0481837776449,285.39635035333407,286.39685372259436,3357400
2024-11-08,290.40863037109375,293.1867165517722,286.79515592525564,287.1351391768477,3279100
2024-11-11,292.8952941894531,295.1100022314962,291.428525521917,291.88506764497123,2872400
2024-11-12,290.0977783203125,292.76902863568125,289.00013253864665,291.5451304670619,2452900
2024-11-13,288.83502197265625,290.5640482917293,286.7660124064858,290.34062395365515,2327100
2024-11-14,290.0103759765625,291.51597802061974,288.09678809016697,289.46641461589206,1932600
2024-11-15,284.2502136230469,290.9234786576145,281.42354120806436,289.19445215718264,4039400
2024-11-18,282.7640380859375,286.97975386762573,282.4629176475079,284.61934669786837,2865000
2024-11-19,282.4045715332031,283.70619529875194,279.3641984914635,281.69546537966534,2353300
2024-11-20,282.5794677734375,282.977730518498,280.0053594394347,282.2977639501171,2524600
2024-11-21,280.20928955078125,280.335571575591,275.34274789609395,276.8386563040692,4475700
2024-11-22,281.96746826171875,282.2783117763068,279.88876525070816,280.20930224510454,2879100
2024-11-25,287.708251953125,288.1162081566945,283.4148108294518,283.4148108294518,5021800
2024-11-26,287.8442077636719,288.7670151861061,286.3871621347773,288.4950345211259,2254200
2024-11-27,286.6300354003906,290.9234767143153,286.5329227291135,288.4950670589371,2240300
2024-11-29,287.5334167480469,288.5436137876058,285.6003825690282,285.736387734164,1655900
2024-12-02,285.7744140625,287.5236229218263,284.3086035799562,286.810251084405,3149900
2024-12-03,287.7874755859375,288.1295040170765,283.673442264731,285.65717137894626,3031000
2024-12-04,288.3640441894531,289.2924028781536,285.16858765707445,285.6180945801321,3742500
2024-12-05,292.6441650390625,292.9080001783207,288.20763715819567,288.80374890213517,2594800
2024-12-06,292.16534423828125,296.8754590659815,291.80375261681587,293.7093180954464,4158700
2024-12-09,294.5008544921875,295.722363182766,290.3184099285264,290.79723179219656,2391600
2024-12-10,293.8559265136719,295.91784891666424,289.0969329054001,293.28915954083567,3523000
2024-12-11,289.35101318359375,295.01880213919844,289.2239714957004,294.4715685774984,3037600
2024-12-12,289.8689270019531,291.74514780520246,288.3640198208111,289.44873513499533,2040700
2024-12-13,289.839599609375,292.3803437513758,288.6962543077779,289.5366678278047,2547600
2024-12-16,290.9242858886719,295.2337723116668,290.3966155836453,290.4063673746334,3179900
2024-12-17,289.3314514160156,293.16211618923165,288.10019080697583,290.83635862927827,3295800
2024-12-18,284.2499694824219,292.16535193938836,284.044764367957,288.2955908489664,3800900
2024-12-19,283.6148376464844,286.1848673621415,282.2662870280969,284.25001632010304,3438500
2024-12-20,286.0089416503906,289.35100275936435,282.70597717212775,282.9209639080499,7678000
2024-12-23,284.650634765625,286.4193770460472,283.1261942346754,285.5985267464582,2492200
2024-12-24,287.2890625,287.56267925389426,284.1620181443495,284.6408400081671,1461000
2024-12-26,288.08062744140625,288.7060542701992,285.9307898169137,286.321666673913,1433900
2024-12-27,286.927490234375,289.7223175247831,286.0675433757879,286.6538734904599,1617200
2024-12-30,282.9991760253906,284.8265484914893,282.412845813628,284.8265484914893,1936700
2024-12-31,283.28253173828125,284.60173723845355,282.00236322155513,283.46817361907,1915600
