Price,Close,High,Low,Open,Volume
Ticker,MMM,MMM,MMM,MMM,MMM
Date,,,,,
2010-01-04,42.97254943847656,43.19512207653534,42.791379731943614,43.00878054590694,3640265
2010-01-05,42.70337677001953,43.08123628023308,42.289281438672035,42.85865897693049,3405012
2010-01-06,43.30901336669922,43.790399382096616,43.226198025464555,43.41771617715409,6301126
2010-01-07,43.340049743652344,43.35557938309504,42.50668716087031,43.127825507314576,5346240
2010-01-08,43.64545440673828,43.64545440673828,43.11748430509629,43.31935550414338,4073337
2010-01-11,43.469459533691406,43.79038184102854,43.17441996207782,43.67650725009887,3500812
2010-01-12,43.50568389892578,43.5729742782527,43.11747126199193,43.262405113330864,3626033
2010-01-13,43.36594009399414,43.53675673022202,43.0657239282984,43.53675673022202,3709992
2010-01-14,43.221012115478516,43.44358479114425,43.17959973070139,43.34523982355423,3150384
2010-01-15,43.15371322631836,43.526396277250065,42.89490476487241,43.23135670937752,4730180
2010-01-19,44.05955505371094,44.08543307315221,43.2210155951266,43.38665097818663,5382478
2010-01-20,43.85249710083008,44.06472137124075,43.26758976271805,43.90943439813496,4390755
2010-01-21,42.80690383911133,43.7903768373251,42.739613457046005,43.7903768373251,5720707
2010-01-22,42.1754264831543,42.87420854693443,42.08225333719055,42.651635863282806,5751564
2010-01-25,42.35658264160156,42.90525885976537,42.17541765898923,42.61539110908404,4050374
2010-01-26,42.25305938720703,42.822437047371444,41.94766200762303,42.16506281159569,3753048
2010-01-27,42.59986877441406,42.87938347863945,41.93214602550471,42.09778139492816,6060012
2010-01-28,41.79756546020508,42.77586220745362,40.94867296963289,42.76550911121905,8157557
2010-01-29,41.66298294067383,42.38247114495745,41.50251940189804,42.10813299854394,5199012
2010-02-01,41.63710403442383,41.87003454217563,41.37829550789609,41.844151800271625,4344709
2010-02-02,41.63191604614258,41.89590104851152,41.2540564569434,41.77167336776458,5609240
2010-02-03,42.18577194213867,42.27894034810662,41.32134993606301,41.32134993606301,4067955
2010-02-04,41.000431060791016,41.99425738774763,40.80373641451192,41.99425738774763,6353870
2010-02-05,40.65362548828125,41.150536226514056,39.991074688552885,40.97454779391109,6467968
2010-02-08,40.13084030151367,40.62257459417284,39.98590639855783,40.62257459417284,5271131
2010-02-09,40.74678421020508,41.10394226080754,40.32234050931786,40.51903508366213,5085990
2010-02-10,40.69504165649414,41.04184677026998,40.37411928371945,40.788214800970366,2924459
2010-02-11,41.54909896850586,41.611212806229446,40.808904739433764,41.00559934607955,6607302
2010-02-12,40.98490524291992,41.01078798423863,40.41035089379629,40.96420377299293,6509828
2010-02-16,41.65262985229492,41.74062644355485,41.067722447161614,41.450758653376944,4328444
2010-02-17,41.75422668457031,42.040782723926824,41.545819266946566,41.90011235232135,3701859
2010-02-18,42.25960922241211,42.29607826054912,41.71254037134931,41.71254037134931,3232070
2010-02-19,42.47323226928711,42.58785469335279,41.999106191740594,42.27524592128979,3848608
2010-02-22,42.03556442260742,42.598264821737445,41.96783214323597,42.57221211653947,3618378
2010-02-23,41.530181884765625,42.2491842857185,41.50933971964877,41.894896003593026,4762352
2010-02-24,41.71774673461914,41.993886403369366,41.42076965508225,41.68127770013489,4222717
2010-02-25,41.54581832885742,41.56144995450868,40.972701508941,41.24363067031998,4911135
2010-02-26,41.759437561035156,41.853217809523244,41.2123686796592,41.54581959969907,3856382
2010-03-01,41.983463287353516,42.17623904118926,41.8636303530966,41.97825274637337,3043940
2010-03-02,42.2700309753418,42.40028501297727,41.98347019088615,42.06683410613318,4025258
2010-03-03,42.20230484008789,42.556593211802614,42.12936199787728,42.28566876749212,3411351
2010-03-04,42.212711334228516,42.38985545885505,41.978251260848666,42.31170210106177,3133879
2010-03-05,42.952545166015625,42.98380840648745,42.32211735792453,42.38463908472578,3758550
2010-03-08,42.363807678222656,42.999450941889215,42.32212810115584,42.94213498647487,4338968
2010-03-09,42.718116760253906,42.791059613113134,42.06684638202369,42.28046439724391,5082761
2010-03-10,42.49406433105469,42.75457240064454,42.332551800063804,42.68162957066211,4287182
2010-03-11,42.3377571105957,42.48364275253515,41.94699505449291,42.3377571105957,4841528
2010-03-12,42.4002799987793,42.55137143175066,42.16060936505521,42.49927077368662,3523296
2010-03-15,42.3377571105957,42.54616449134586,42.087670155352846,42.285656453944,3136271
2010-03-16,42.54615783691406,42.54615783691406,41.95740957430329,42.33775048875986,5073671
2010-03-17,42.817081451416016,42.93691436723246,42.540946592677344,42.68682745524291,4771681
2010-03-18,43.593406677246094,43.635091009945384,42.72331279016141,42.879614775352394,5907642
2010-03-19,42.702457427978516,43.76533151706249,42.468002145571084,42.702457427978516,8223935
2010-03-22,42.63994216918945,42.827507374390095,42.46279804552379,42.46279804552379,3895013
2010-03-23,42.90567398071289,42.93693248082721,42.28566697935801,42.77541992959015,4967108
2010-03-24,42.52009582519531,42.879594499876205,42.426310875111604,42.65034979500286,3710590
2010-03-25,42.16582489013672,42.85356887113009,42.11893476775117,42.7285253753393,5911230
2010-03-26,42.20230484008789,42.38987011113887,42.072050783457094,42.254405511911266,4563099
2010-03-29,42.38986587524414,42.561799501323875,42.21793224916441,42.32734412447476,3710710
2010-03-30,43.91123580932617,44.025862995859846,42.84836590713325,42.91088766608578,10410702
2010-03-31,43.54130554199219,44.005010459222376,43.426683136603266,43.791392518893026,5186693
2010-04-01,43.68721008300781,43.88519648433655,43.45275462934165,43.697631170574454,3547097
2010-04-05,43.864341735839844,44.01543795395397,43.54652242688674,43.879973362709116,3110557
2010-04-06,43.94770050048828,44.010222246483195,43.53088569109293,43.71324514154331,3837366
2010-04-07,43.588191986083984,44.093576383678204,43.348521384451715,43.82264729305039,5338346
2010-04-08,43.2182731628418,43.556934571443975,43.12449292916332,43.457943796545194,4494209
2010-04-09,43.49961853027344,43.593398753513355,43.13490445616566,43.228689433548496,3449144
2010-04-12,43.39020538330078,43.64029230996123,43.291209868247726,43.64029230996123,3140816
2010-04-13,43.73407745361328,43.89038417744319,43.082807361227516,43.26516203626687,5090176
2010-04-14,43.96855545043945,44.010235041839195,43.49442929888192,43.71846363960525,4343992
2010-04-15,44.2863655090332,44.2863655090332,43.728875537670845,43.83829216759055,5424458
2010-04-16,43.64030075073242,44.26030764681937,43.348529443766544,44.130053617811825,6389391
2010-04-19,43.713233947753906,43.83306686737951,43.317261406469456,43.5621377860646,4250823
2010-04-20,44.42704391479492,44.729231608066605,43.93207565795376,43.97896578615316,6859060
2010-04-21,44.65106964111328,44.729223009184246,44.32282929853019,44.51560507089526,5409388
2010-04-22,44.833412170410156,44.88030703101971,44.01020864356016,44.33844889711509,5534729
2010-04-23,45.10957336425781,45.375292018299945,44.77091186850366,44.901165924244125,4772758
2010-04-26,45.55764389038086,45.73999860616029,45.19293445882199,45.23461404255477,7521524
2010-04-27,45.83378219604492,47.02170021424026,45.729580862860445,46.84976183409837,13321885
2010-04-28,45.97444152832031,46.41209363313304,45.66703866816637,46.31309812188984,6853798
2010-04-29,46.542354583740234,46.89143706416004,46.18285102119695,46.33915774476243,6319903
2010-04-30,46.198490142822266,46.73513792613753,46.05781501960913,46.214121768544636,6293352
2010-05-03,46.792442321777344,46.891437849464936,46.17243546648034,46.46941254125634,5558290
2010-05-04,45.682674407958984,46.48504063424586,45.33359670234822,46.48504063424586,6525854
2010-05-05,45.11477279663086,45.44301312642853,44.84905420802591,45.3492281375677,5836480
2010-05-06,43.890377044677734,47.16235384393548,35.929253965219,44.83862405326569,10950576
2010-05-07,43.051544189453125,43.926848436158004,42.337752435949774,43.588191828242394,10009085
2010-05-10,44.791751861572266,45.34923710122034,44.23426662192419,44.59897605861234,7500834
2010-05-11,44.30720520019531,44.79175236122646,44.21863548826146,44.380148039175516,5693917
2010-05-12,45.036624908447266,45.13040990871317,44.39577579475318,44.48956079501908,4103476
2010-05-13,44.593753814697266,45.32838779175458,44.50517937284931,44.838630222335304,3963903
2010-05-14,44.11963653564453,44.57292040752932,43.73929549711575,44.31762286785536,4949526
2010-05-17,44.11963653564453,44.35930720356973,43.254753127589325,44.22384262078631,3817273
2010-05-18,43.77576446533203,44.91157691375007,43.68719001584697,44.33324960676121,6243000
2010-05-19,43.275054931640625,43.6944905041148,42.965723947761624,43.6944905041148,7660619
2010-05-20,41.723167419433594,42.714080380568284,41.681225760224756,42.55679078646902,10468229
2010-05-21,42.31037521362305,42.34707835202342,40.96818947406122,41.114992459587036,7761681
2010-05-24,41.72840118408203,42.331338111557024,41.6497564050137,42.326094807350024,4336576
2010-05-25,41.665489196777344,41.707430849294894,40.53301673843329,41.261783449161726,6823419
2010-05-26,41.50818634033203,42.305110971316196,41.43478966793103,41.943351776060105,5646196
2010-05-27,42.6931037902832,42.745536840204295,41.96434180482887,42.158329737424694,5447660
2010-05-28,41.58159637451172,42.82941182326916,41.29323857620764,42.74552852778241,7753429
2010-06-01,40.93147277832031,41.875200476646796,40.87904452486579,41.27226360182912,5190879
2010-06-02,41.28274917602539,41.36139394625685,40.63787067139257,41.20934770941179,6905226
2010-06-03,41.07305145263672,41.81754830575025,40.71653533663871,41.57113205145185,9425556
2010-06-04,39.89862823486328,40.5225384771501,39.741341044043324,40.5225384771501,9750749
2010-06-07,39.18558120727539,40.29708025668341,39.15936708094388,39.930075311987984,7113569
2010-06-08,39.27996826171875,39.40055711539923,38.126527133435495,39.185595936242066,8646482
2010-06-09,39.21179962158203,39.89862224506863,39.05975575861817,39.568320389942755,5744508
2010-06-10,40.59592819213867,40.679811480227805,39.64695723331945,39.730842913426606,7420582
2010-06-11,41.05207061767578,41.09926036454627,40.17126231928637,40.1922355401177,5534729
2010-06-14,40.96818923950195,41.592094748357766,40.92624279585596,41.413836714975794,4319952
2010-06-15,41.82277297973633,41.869957930295314,41.28275095610271,41.466252238531084,3866907
2010-06-16,42.404727935791016,42.4676427849526,41.41381547346956,41.56586168562479,6410321
2010-06-17,42.483394622802734,42.661652656769874,41.890944160698766,42.64592274035099,4755774
2010-06-18,42.56202697753906,42.666888284090035,42.14259610344611,42.38376897565048,6285937
2010-06-21,42.71406555175781,43.51623359191172,42.50434776044464,42.97096829130471,4860544
2010-06-22,41.959102630615234,42.92379908357445,41.880457832028604,42.83991097947951,3727693
2010-06-23,42.00628662109375,42.27891936504548,41.6550090803809,42.0639581963085,4266252
2010-06-24,40.98914337158203,41.85946958099021,40.826615311291555,41.84373967011289,5190760
2010-06-25,41.36663818359375,41.46625138650886,40.83185947479236,41.17265029746346,5190520
2010-06-28,41.408607482910156,41.80182682150634,41.046847987740605,41.39287756119684,3700424
2010-06-29,41.15168380737305,41.44004642384165,40.29184404659732,41.2722702449387,10220298
2010-06-30,41.41383361816406,42.05871230062063,41.00488452742272,41.00488452742272,8303708
2010-07-01,41.18314743041992,41.61830826348725,40.805653385116514,41.45053206912185,8146793
2010-07-02,40.721763610839844,41.4190704509319,40.39145936363061,41.314213934118726,4517172
2010-07-06,40.96818923950195,41.61831127563651,40.63264161052318,41.130717356516676,4798950
2010-07-07,42.21601104736328,42.247466100535085,40.858090421888285,41.12547990202191,5929648
2010-07-08,42.5829963684082,42.776984266449844,41.99054606616697,42.53056811186332,4755057
2010-07-09,43.075836181640625,43.123025926384635,42.52533221596357,42.52533221596357,3369610
2010-07-12,43.12826919555664,43.12826919555664,42.656405236769864,42.923794653947795,3835094
2010-07-13,43.804595947265625,44.339374696595094,43.43235005800306,43.43235005800306,6144330
2010-07-14,43.54245376586914,43.87275803560209,43.248852628349326,43.58440020268415,3724703
2010-07-15,43.54771423339844,43.605385822711426,42.745550505646065,43.605385822711426,5551832
2010-07-16,42.441444396972656,43.395658931489635,42.31037133990452,43.36419910145533,5145790
2010-07-19,42.5829963684082,42.756011050217275,41.98530276210883,42.719312705846825,3652823
2010-07-20,43.09156036376953,43.170205143842814,41.94860614469854,42.195022309429646,3648757
2010-07-21,43.14922332763672,43.573902184977115,42.64590448993176,43.32748606935372,5971269
2010-07-22,44.43376159667969,44.63823616196488,43.96189758325523,44.423274985531016,8555227
2010-07-23,45.178253173828125,45.230686229100314,44.224043328442576,44.40754466978158,5452684
2010-07-26,45.781185150146484,45.85982994025079,45.03144995177758,45.35126763310023,5782062
2010-07-27,45.50856399536133,45.8178999294541,45.262147736573034,45.69730866915907,5075585
2010-07-28,45.45088195800781,45.61341484708949,45.20446575588799,45.31980889934355,3378222
2010-07-29,45.26738739013672,45.86508120095315,44.94232634748619,45.6396334014196,3999663
2010-07-30,44.84793472290039,45.2726136326437,44.49141876354599,44.8269662914325,5674542
2010-08-02,45.82836151123047,46.022349405600735,45.466602242284495,45.50854388991931,4352244
2010-08-03,45.7234992980957,45.90175725835927,45.445623359072364,45.60291289015166,3415178
2010-08-04,46.1376953125,46.174393654588144,45.733989629349196,45.77068797143733,2658230
2010-08-05,45.99089050292969,46.09574700522764,45.59767144325826,45.775929410779206,3018226
2010-08-06,45.76544189453125,45.89651491181773,45.09959498530614,45.513782466786964,3230755
2010-08-09,46.1534309387207,46.336937043014444,45.82836995356906,45.99614614308836,3812130
2010-08-10,45.67109298706055,46.022365773015515,45.01048429366341,45.82837780965529,4355114
2010-08-11,44.09296798706055,45.08388092009361,43.79412350759231,45.03669117277944,5388698
2010-08-12,44.0457878112793,44.37084885236524,43.60014030424765,43.67353701774994,4108619
2010-08-13,44.0457878112793,44.2764741315166,43.904228122025415,43.98811623121997,2486604
2010-08-16,43.741676330566406,44.019552283315925,43.16495599484733,43.689248078962144,2820646
2010-08-17,44.08771896362305,44.507154625566805,43.343222338085816,43.48478199359276,5232022
2010-08-18,44.11145782470703,44.317216954388655,43.47835169935759,44.201144368914434,3825884
2010-08-19,43.161808013916016,44.02177357546952,42.83470481459407,43.9637396804068,4735323
2010-08-20,42.55508804321289,42.96660155698265,42.2649137523648,42.73446597557886,5209058
2010-08-23,42.776668548583984,43.42032241897878,42.68170574886964,42.739739640715754,3879106
2010-08-24,42.444278717041016,42.73445291923431,41.927245249067695,42.31238222769713,5353176
2010-08-25,42.60257339477539,42.7872275905701,41.92726194503508,42.21216001597729,4278212
2010-08-26,42.090816497802734,42.90857217921909,41.943091213669014,42.87164326523259,4278092
2010-08-27,42.734466552734375,42.78194795610035,41.78480960085432,42.2701905695631,4121296
2010-08-30,42.022216796875,42.56562672543549,41.98528308048917,42.50231659715212,2880446
2010-08-31,41.4418830871582,42.31239635622737,41.362744204308235,41.974740653069404,5927376
2010-09-01,42.73971939086914,42.787200768229894,41.83227290706628,41.94834063576625,5390372
2010-09-02,43.19344711303711,43.2039996011209,42.64475624541009,42.96658306150939,2963449
2010-09-03,44.042869567871094,44.16421357950721,43.55748870723429,43.56804119765349,3515881
2010-09-07,43.33591079711914,43.99011713966448,43.272600661198396,43.91097826624031,3706643
2010-09-08,43.657752990722656,44.16423425521729,43.37285487239713,43.37285487239713,3333252
2010-09-09,43.76853561401367,44.35943190646242,43.515295033549016,44.275016774943,2956153
2010-09-10,44.285545349121094,44.35413170379396,43.60496286023448,43.72103059457594,2590895
2010-09-13,44.77094650268555,44.828980396334714,44.42801457285576,44.61266874612004,3424746
2010-09-14,44.64958572387695,44.844792316247876,44.32775889937847,44.67596213068354,3970122
2010-09-15,44.62322235107422,44.71291372391014,44.116741219985116,44.56518845597804,2602376
2010-09-16,44.818416595458984,44.844797819594476,44.28555438065803,44.327764339274815,2908433
2010-09-17,45.4093132019043,45.462070836678876,44.89227971574769,45.02417620973017,7136652
2010-09-20,46.116275787353516,46.232348357560575,45.40403570234817,45.5095557830735,4374848
2010-09-21,45.66256332397461,46.227083133089835,45.4040465264111,45.715325783961504,4401519
2010-09-22,45.70476531982422,45.98438223851671,45.44097232227461,45.673107849354,2957708
2010-09-23,45.124420166015625,45.768078785705185,45.029457375861355,45.29852663811941,2384824
2010-09-24,45.878868103027344,46.14793735232882,45.261590740378274,45.58869387288895,4090798
2010-09-27,45.47264099121094,45.95802201069559,45.40933084206893,45.82612546547526,2983661
2010-09-28,45.92105484008789,46.0687800185362,45.0769185282396,45.71530061578753,3088790
2010-09-29,45.989662170410156,46.242902698104345,45.54121500144397,45.72059290621193,3487177
2010-09-30,45.746978759765625,46.427566357335905,45.483185714393336,46.31149375866135,4347101
2010-10-01,46.22707748413086,46.36952648050204,45.84721188911023,46.10045722382147,3828276
2010-10-04,45.74169158935547,46.28510628842233,45.43041721810313,46.05296596060781,2734415
2010-10-05,46.881282806396484,46.95514542574544,46.06352256240457,46.06352256240457,5516191
2010-10-06,47.42470169067383,47.429977936915456,46.775771543886,46.775771543886,4948330
2010-10-07,46.902381896972656,47.440520386957004,46.65969387760414,47.40886773030089,3972992
2010-10-08,47.03955841064453,47.38776654631238,46.65442137023726,47.38776654631238,2708222
2010-10-11,46.559452056884766,47.21893451701322,46.41172683043391,47.20838202739644,3116656
2010-10-12,46.50669479370117,46.71245392189179,45.78390212938195,46.38535077776395,2991674
2010-10-13,47.02901840209961,47.340292869691154,46.49615602766182,46.49615602766182,3803160
2010-10-14,46.99208450317383,47.092328370456784,46.61749989416998,47.034289660186246,2767185
2010-10-15,47.02901840209961,47.42470318402868,46.62277631326155,47.3508453625067,3704132
2010-10-18,47.30335235595703,47.44052511468556,46.791595040596704,47.00263042434003,3219632
2010-10-19,46.71773147583008,46.93404310087273,46.169045266045835,46.82325157262552,4650168
2010-10-20,47.20311737060547,47.456357927208764,46.74411765823869,46.812704043493184,3372002
2010-10-21,47.77290725708008,47.95756142314941,47.335012541647885,47.414151416847034,6738025
2010-10-22,47.71487808227539,47.815121951194826,47.49329017263257,47.72015432874976,2763717
2010-10-25,47.957550048828125,48.26882922984434,47.81510588416545,47.81510588416545,3818708
2010-10-26,47.73069381713867,47.9997630576475,47.55658735910815,47.841485334727416,2712767
2010-10-27,47.67794418334961,47.762354489922096,46.723011068696295,47.47746128057722,4064606
2010-10-28,44.8817253112793,46.42755427300802,44.211690380177856,46.332586683191536,19408808
2010-10-29,44.433284759521484,44.955594545228294,44.35414589203112,44.850079264636186,7277899
2010-11-01,44.30666732788086,44.99780256950948,44.01121682079883,44.617941758197894,5342771
2010-11-02,44.73929214477539,44.8711886797442,44.48605156789026,44.74456839130163,4562979
2010-11-03,45.003089904785156,45.150815194728104,43.94791751506816,44.923951012737575,4881713
2010-11-04,45.92105484008789,46.35895413233893,45.4251265019848,45.52536549258803,7900896
2010-11-05,45.55176544189453,46.158490320403644,45.372387545201434,46.14266158461215,4454263
2010-11-08,45.29853820800781,45.68895158745375,45.13498418505661,45.26688072714224,6596060
2010-11-09,45.003089904785156,45.551781087948086,44.818435699403494,45.546504840871975,5884918
2010-11-10,45.50429153442383,45.63091181340103,44.99780560442185,45.00308185055366,4782804
2010-11-11,45.636173248291016,45.66782590071584,44.96086210352305,45.22465506812695,6997557
2010-11-12,45.49900436401367,45.989656623721764,45.17717749770926,45.382936605167885,4931945
2010-11-15,45.4778938293457,45.78389192367691,45.44624117811421,45.73641053978395,3744796
2010-11-16,44.44383239746094,45.25631152312562,44.30138341435117,45.219382623178504,6816961
2010-11-17,44.5685920715332,44.87120472009983,44.340310095944844,44.63760856644466,3744198
2010-11-18,45.41802978515625,45.52421163358555,44.89244441049565,45.041096091726615,4277374
2010-11-19,45.131324768066406,45.41800445710228,44.9773638380585,45.40738579375267,3852675
2010-11-22,45.07294845581055,45.1578881145473,44.579214284594165,44.94552927913936,3559655
2010-11-23,44.377479553222656,44.88182761034447,44.138578861803616,44.547363735787634,4704107
2010-11-24,44.9455451965332,45.025180393549235,44.637627924927244,44.855296171628474,4613690
2010-11-26,44.80751037597656,45.163206775565,44.55267681429065,44.83936154350978,1986915
2010-11-29,44.711944580078125,44.79688909569158,44.06425415369941,44.43587853754719,4293640
2010-11-30,44.58451843261719,44.754402574612364,44.08017049593801,44.19696614632735,4142346
2010-12-01,45.6834831237793,46.044493704873396,45.338400548678486,45.34901921934067,6163825
2010-12-02,45.92768478393555,46.25683925821041,45.73656329993234,45.78434245986247,5092448
2010-12-03,46.15596389770508,46.315234213304585,45.556052813894404,45.688776462133205,3481197
2010-12-06,46.12411880493164,46.41079862870424,45.986085805073984,46.187825970690334,3785818
2010-12-07,44.69599151611328,46.22496771851024,44.49425143231504,46.017918302695115,12390082
2010-12-08,44.95614242553711,45.03046825101451,44.186347191556585,44.186347191556585,6153779
2010-12-09,44.653541564941406,45.15258024223847,44.44649205703629,45.11541974587338,4303328
2010-12-10,44.76502990722656,44.81811840910906,44.462422055497925,44.780957911076335,5326027
2010-12-13,45.28532028198242,45.508297873620094,44.82344193409969,44.88183978908659,5100103
2010-12-14,45.57197570800781,45.60913619386663,45.13664432204732,45.2481306239056,3436586
2010-12-15,45.556053161621094,46.187820251086855,45.364931688012284,45.57198116215909,5691166
2010-12-16,45.869300842285156,45.964859191073536,45.20567751475455,45.598544113577866,3194038
2010-12-17,45.85336685180664,46.002018535281735,45.60384265301504,45.86398552123821,4372337
2010-12-20,46.36833190917969,46.623160589303765,45.715332205290906,45.97547021994118,4787110
2010-12-21,45.93830108642578,46.506361079573374,45.779035596635964,46.463891251152674,3906016
2010-12-22,46.03916931152344,46.13472762766078,45.56667253158388,45.87458965865667,2866573
2010-12-23,45.90644836425781,46.11349785379455,45.779034039047936,46.076332516443394,2260679
2010-12-27,46.193153381347656,46.32056776272533,45.6569491745979,45.85868941916003,1896258
2010-12-28,46.0498046875,46.41081043722395,45.89053431043787,46.19314705799907,2116561
2010-12-29,46.06040954589844,46.294000861636775,45.94891837767534,46.10287937304647,1993493
2010-12-30,45.94361114501953,46.20374914229977,45.853362152667,46.071025476573816,1797468
2010-12-31,45.81620788574219,46.17721847524575,45.66225169040634,45.93831291263357,2142634
2011-01-03,46.07634735107422,46.363032097238154,46.0498055172751,46.05511485289178,3148829
2011-01-04,46.01262664794922,46.3364718039894,45.80557715258919,46.18782498325234,3162344
2011-01-05,46.01262664794922,46.66562629408621,45.72063749624884,45.81088648664582,4881235
2011-01-06,45.731266021728516,46.28870261928436,45.460509303610216,46.113509090501196,4129310
2011-01-07,45.779029846191406,46.35239425712196,45.63037819896716,45.948913982817466,4013178
2011-01-10,46.26746368408203,46.363026870124024,45.50828690789931,45.50828690789931,4156339
2011-01-11,46.5806884765625,46.89922431112055,46.363020304496544,46.363020304496544,3617182
2011-01-12,47.069087982177734,47.12218130172458,46.67622648321694,46.72931980276379,3268548
2011-01-13,46.73995590209961,47.180601598696775,46.59130906935534,46.96824275212645,2812872
2011-01-14,46.771820068359375,46.77712940377109,46.426737488018325,46.5806985263899,2504783
2011-01-18,46.79304504394531,46.984171399476196,46.56476303507328,46.633779540047385,2779145
2011-01-19,46.697479248046875,47.1115782117171,46.53820892531753,46.8514402370664,2753431
2011-01-20,46.73995590209961,46.92046358604019,46.320552387727744,46.644397569927094,2592210
2011-01-21,47.40357971191406,47.45667306286426,46.91515963744301,47.06911582234705,4677915
2011-01-24,47.95037841796875,48.045941557455706,47.28145097440432,47.361086116596546,7558242
2011-01-25,46.984169006347656,47.51506368086646,46.29400399175997,47.46197033798809,8947037
2011-01-26,47.552223205566406,47.63185837397467,46.947002707659806,47.026637876068065,4900969
2011-01-27,47.35047912597656,47.93446223889801,47.260225296669134,47.355788459717154,3925750
2011-01-28,46.421417236328125,47.61593022595344,46.32054957579338,47.47789722627632,5893410
2011-01-31,46.67625427246094,46.81959663201599,46.35240905182509,46.6815636075766,4923334
2011-02-01,46.60723876953125,46.877995489157676,46.421426569310995,46.72934863555185,4778259
2011-02-02,46.585994720458984,46.95761902874379,46.54882938306084,46.54882938306084,3459550
2011-02-03,46.69218063354492,46.862069662695625,46.47982176924838,46.623164123755636,2370711
2011-02-04,46.872684478759766,46.92577298488482,46.53291125756213,46.676253615098425,2360784
2011-02-07,47.13812255859375,47.382337389466805,46.617846581449626,46.80896807238321,3135553
2011-02-08,47.49913787841797,47.51506588201934,47.132818017002876,47.233690528861615,3238768
2011-02-09,48.194602966308594,48.226458970570675,47.59469181791866,47.60531048600602,5724654
2011-02-10,48.024723052978516,48.14151872369319,47.759275704472465,47.90792738226385,3333850
2011-02-11,48.73611831665039,48.815753486343255,47.81236197449251,47.96101364534812,4078360
2011-02-14,48.78919982910156,49.00155863644811,48.69364151457918,48.69364151457918,4088526
2011-02-15,48.842308044433594,48.91662904757922,48.311413286466184,48.58747449141078,3554392
2011-02-16,49.31229782104492,49.64343194626236,48.84230052653457,48.84764179253952,4672174
2011-02-17,49.52592086791992,49.648760207020835,49.146715447988925,49.210805749842294,3748503
2011-02-18,49.648780822753906,49.654122089577605,49.16275965572824,49.52594143264623,4108499
2011-02-22,49.13605880737305,50.01729961640382,49.0399208767671,49.525942049849675,6018631
2011-02-23,48.20676040649414,49.4458470837325,47.99847041072154,49.440505814772116,6411636
2011-02-24,48.08389663696289,48.45776090791277,47.6779896418848,48.29753266701738,4778857
2011-02-25,48.201393127441406,48.4257067863733,47.902301750975596,47.93434934420442,3419962
2011-02-28,49.258872985839844,49.47784532258456,48.6553539969204,49.08262101551337,5737690
2011-03-01,48.31356430053711,49.32299068566776,48.30288176628934,49.237535285104514,4793688
2011-03-02,48.772857666015625,49.242854851866596,48.19604493159628,48.19604493159628,3360162
2011-03-03,49.568660736083984,49.88377107371513,49.055938169983385,49.055938169983385,3661076
2011-03-04,49.23751449584961,49.82500977065225,48.78888236079882,49.51524077535333,3313398
2011-03-07,49.34968948364258,49.96389130896047,49.146735964148455,49.44582741326343,4533438
2011-03-08,50.07071304321289,50.289685495353204,49.29628294000885,49.3336718088066,4333945
2011-03-09,49.760929107666016,50.06536177050209,49.44581878644047,49.947858794039895,2533008
2011-03-10,48.07319641113281,49.30694074106129,48.067860020257264,49.30694074106129,6097686
2011-03-11,48.92775344848633,49.162749647213964,47.91298605984962,47.91298605984962,4201548
2011-03-14,48.61264419555664,48.71412338351189,48.014466220856015,48.71412338351189,4244604
2011-03-15,47.800838470458984,48.11594884275323,47.031749663287954,47.56049608609741,6307106
2011-03-16,46.759368896484375,47.66197970991826,46.417552158583064,47.565841772557036,7639450
2011-03-17,47.368221282958984,47.51776699360235,47.02640460438194,47.31481349299155,4283235
2011-03-18,47.523094177246094,48.121271969141134,47.282751883486874,47.91831852867227,5768547
2011-03-21,48.57525634765625,49.0292298406723,48.15866684297044,48.212074629192706,4276896
2011-03-22,48.44171905517578,48.85830842750873,48.28683213826362,48.580582179286765,2472252
2011-03-23,49.21080017089844,49.48852640524991,48.388308869260705,48.39899139726131,4757808
2011-03-24,49.4458122253418,49.65944821288591,49.077289293980186,49.46183602092646,3104577
2011-03-25,49.28025436401367,49.64877738221763,49.20548638050047,49.60071085755391,3287206
2011-03-28,49.20014953613281,49.57400898097434,49.20014953613281,49.360372923885436,2887503
2011-03-29,49.584686279296875,49.616729004096584,49.08264135447691,49.28025358989946,2656794
2011-03-30,49.3870849609375,49.75560318139564,49.31231208865194,49.58469724004244,4265534
2011-03-31,49.93717956542969,50.027971336101054,49.328319132320296,49.35502058758108,3830668
2011-04-01,49.739566802978516,50.38047488620422,49.46718659387382,49.953202830720414,4241853
2011-04-04,50.011962890625,50.11344209733556,49.49924020995435,49.49924020995435,2340094
2011-04-05,49.8784294128418,50.20422715367637,49.68081718593607,49.94251973309722,2695066
2011-04-06,50.108070373535156,50.25761602230775,49.787618892891146,50.17216066966396,2988086
2011-04-07,49.771602630615234,50.166826995440346,49.4564923664259,49.94250848834356,4100725
2011-04-08,49.787635803222656,50.0707034045253,49.46718421373751,49.98524802285665,2945389
2011-04-11,50.097415924072266,50.54604824842507,49.88377985943129,49.98525906133879,3852914
2011-04-12,49.333656311035156,49.81433120008447,49.15206303790112,49.77694721644937,4657822
2011-04-13,49.5953483581543,49.80363816699602,49.42977891581483,49.70750515882541,3390301
2011-04-14,49.63811111450195,49.78765687736744,49.002548932453486,49.36572592978978,2739079
2011-04-15,49.57402801513672,49.74493400237669,49.12539553438876,49.61141202460713,3720397
2011-04-18,48.84230422973633,49.10400679014948,48.37764816600091,49.10400679014948,4352603
2011-04-19,49.0612678527832,49.15205960960036,48.85297314112878,48.94910616286658,2912380
2011-04-20,50.07603073120117,50.42852985252671,49.63273985211901,49.65410491202266,4347938
2011-04-21,50.161502838134766,50.43388794914347,50.017298382492676,50.25229949961052,3500214
2011-04-25,50.26831817626953,50.37513863748909,49.81434461798742,50.15616132173662,2615772
2011-04-26,51.2403564453125,51.58751438836598,50.41251864829406,50.743652792417805,9573143
2011-04-27,51.52342224121094,51.56080623063809,50.94126322139469,51.09615019206004,4513943
2011-04-28,51.9293212890625,51.96670527277593,51.32046090511807,51.33114343572684,4302969
2011-04-29,51.918636322021484,52.07351838832856,51.73170666539204,51.76374938229739,3690856
2011-05-02,51.763755798339844,52.31386717972325,51.61955137084928,52.116254968492605,3617900
2011-05-03,51.71567916870117,52.07351466118695,51.582157298748776,51.7690869419988,3514685
2011-05-04,51.379215240478516,51.80648239490339,51.133531631431026,51.56614492512801,3858416
2011-05-05,50.69559097290039,51.42194965084475,50.41786459268842,51.06411401538739,4975001
2011-05-06,51.05877685546875,51.715703991199724,50.93059618866363,51.128208456106435,4385134
2011-05-09,51.26704788208008,51.51807272932269,50.89852981924073,50.89852981924073,2438644
2011-05-10,51.11751174926758,51.50205364306839,51.07478162323349,51.4005744671551,3929578
2011-05-11,51.016048431396484,51.272409773618804,50.43923541139628,51.14957036992221,4136127
2011-05-12,51.619544982910156,51.77443192266494,50.797053518894195,50.83443750086068,4723363
2011-05-13,51.277732849121094,51.902617054160835,50.839783190433515,51.59818928662913,3491004
2011-05-16,50.98396682739258,51.395214864241105,50.88248769730824,51.02669206071388,3116178
2011-05-17,50.12943649291992,50.98397541722772,49.74488983457758,50.88783753428806,5795218
2011-05-18,50.46791458129883,50.59685077010738,49.82860148482448,50.34972389191496,3994879
2011-05-19,50.88158416748047,51.0373791943515,50.46253912525431,50.6828071452158,2852938
2011-05-20,50.263755798339844,50.84934129283467,50.03274230850627,50.79561870747476,4170332
2011-05-23,49.68891143798828,49.89842901227918,49.296725324371174,49.581461374560995,3574724
2011-05-24,49.40956115722656,49.91993316104366,49.38807015844896,49.91993316104366,3849087
2011-05-25,49.796363830566406,49.979022592132644,49.09258272530842,49.17854180810448,3365903
2011-05-26,49.866233825683594,50.070383702862195,49.44181581472503,49.774901940422104,3192363
2011-05-27,50.215415954589844,50.49477933662631,50.01663891770144,50.21004320477037,2376691
2011-05-31,50.70428466796875,50.865457319157436,50.22614926720409,50.52699867337543,3804835
2011-06-01,49.124813079833984,50.67742461445329,49.065717749717464,50.67742461445329,4133615
2011-06-02,49.13556671142578,49.484770903694184,48.87232160544117,49.076471371525514,3283259
2011-06-03,48.727256774902344,49.01199281719629,48.45326622886741,48.45326622886741,3717527
2011-06-06,48.684303283691406,48.85084384998175,48.48015346226964,48.555367070387646,3545542
2011-06-07,48.807830810546875,49.420279823884655,48.748735498138124,48.813203557324144,3647441
2011-06-08,48.840087890625,49.07647416582888,48.54461117429989,48.85620613937286,4150000
2011-06-09,49.40420913696289,49.65670886997019,48.883091415102065,49.08186853076784,2981987
2011-06-10,48.74338150024414,49.37194409354578,48.69502676064932,49.12481725530022,3307179
2011-06-13,49.04960632324219,49.355833415312404,48.8347110643083,48.96364723923996,3041787
2011-06-14,49.74264907836914,49.95754436814133,49.44716744216437,49.57610363559887,3395564
2011-06-15,48.904541015625,49.468640332000035,48.662786966974146,49.26449061677445,4075609
2011-06-16,49.200035095214844,49.36120286805061,48.705776473802736,48.926044489036165,3582857
2011-06-17,49.30746841430664,49.764122582834496,49.17315951818488,49.58683170258267,4501864
2011-06-20,49.72652053833008,49.893065946635716,49.108698546390116,49.1140712951834,2423933
2011-06-21,50.193912506103516,50.38731674520389,49.602954291828574,49.860826610629076,2916207
2011-06-22,49.8554573059082,50.457161058719656,49.81248021718707,50.14019338681139,3199778
2011-06-23,49.60834503173828,49.651322133077244,48.74339593951164,49.447172322964185,4549823
2011-06-24,48.829349517822266,49.71041685008925,48.716531564409706,49.60834439741018,4999160
2011-06-27,49.55997085571289,49.77486115908317,48.802467339691994,48.93140348257102,3329305
2011-06-28,49.97365951538086,49.97365951538086,49.65131902018638,49.76414187011264,3265080
2011-06-29,50.022010803222656,50.3067420280149,49.79099727140896,50.18855133831669,3673753
2011-06-30,50.95677947998047,51.069597373135714,50.1509261811187,50.167039521468105,5025353
2011-07-01,51.9345588684082,52.084986031338374,50.94604661598994,50.94604661598994,5573001
2011-07-05,51.649837493896484,52.03665100900718,51.60686039317062,51.78951919893614,3664783
2011-07-06,52.24080276489258,52.38047957299797,51.62835332044494,51.639093919418684,4430104
2011-07-07,52.63297653198242,52.751167222904975,52.20318596226266,52.50404034149529,3961272
2011-07-08,52.444942474365234,52.47180622449605,52.10648863558205,52.17632458163381,3605820
2011-07-11,51.87546920776367,52.11185057353043,51.606851345495826,51.81637386632198,5394199
2011-07-12,51.510154724121094,52.230054235873936,51.46717762428359,52.170953983148834,5475408
2011-07-13,51.676692962646484,52.27302403758873,51.5907338728283,51.62297036981401,3368056
2011-07-14,51.026641845703125,51.45642751199169,50.80100106195446,50.94068275158783,6454932
2011-07-15,51.28990936279297,51.37586359228179,50.886982367321096,51.144854860079725,4693104
2011-07-18,50.822479248046875,51.10184255688269,50.34433895440754,51.091097060059354,3529874
2011-07-19,50.64519119262695,51.005140845664656,50.16705087219524,51.005140845664656,5689252
2011-07-20,50.63446807861328,50.99441295377697,50.5807405729369,50.94606310081291,3358368
2011-07-21,51.48866653442383,51.62297548087446,50.76876705190465,51.042757694835466,4234318
2011-07-22,51.241539001464844,51.77877483195146,51.09648944503492,51.62297977456866,3404055
2011-07-25,51.07497024536133,51.3220970222637,50.44640290594307,50.95140685691014,4112566
2011-07-26,48.31358337402344,49.69428156594187,48.114806404628226,49.3826817907899,13672672
2011-07-27,47.31972122192383,48.200788587851676,47.142435159481735,48.18467033613566,7963446
2011-07-28,47.04570770263672,47.663529599057455,46.95974863737708,47.37879356560773,5125936
2011-07-29,46.81471633911133,47.12093857471361,46.524607451171406,46.70726624254568,5841025
2011-08-01,46.615928649902344,47.36805962457773,45.95512951072856,47.26598719267314,7173130
2011-08-02,45.81009292602539,46.87381914828505,45.799347424443795,46.024983349077736,7661935
2011-08-03,46.298954010009766,46.44400841434638,45.568314142001945,45.96586811573939,7507292
2011-08-04,44.1768798828125,45.70262785885515,44.11241179656121,45.70262785885515,10837674
2011-08-05,44.45625686645508,45.24599239091911,43.645030339264466,44.8269472506197,10109908
2011-08-08,42.22134017944336,43.71485652036281,42.18910858831883,43.38177060064596,13749455
2011-08-09,44.42401123046875,44.515343071137515,41.93660955554098,43.10241287735101,14362046
2011-08-10,42.02793502807617,43.634269256816765,41.909744359573565,43.51607858831415,11215370
2011-08-11,43.6342658996582,44.2467150922458,42.06016828460518,42.27505861002456,8542191
2011-08-12,44.34342575073242,44.46162134158426,43.40863593614416,43.99422643429013,6838848
2011-08-15,44.7570915222168,44.94512792930482,44.03719709367263,44.40788735466596,4972011
2011-08-16,44.12316131591797,44.41863802893912,43.54294358463329,44.338056590388454,6073527
2011-08-17,43.77159881591797,44.90740387670088,43.58229961751848,44.45307987831051,6493562
2011-08-18,41.873191833496094,43.2794207587638,41.50540645417727,43.17665523733342,10221375
2011-08-19,41.575721740722656,42.63039229203376,41.429689370653335,41.456734229997025,7357314
2011-08-22,41.61897659301758,42.46812570951049,41.37559266979914,42.37076917910798,5303303
2011-08-23,43.090126037597656,43.16584671855335,41.575727224065766,41.73798653114138,6959644
2011-08-24,43.425445556640625,43.51197921361052,42.64660809756734,42.944081732078445,6191453
2011-08-25,42.28965377807617,43.62016715322631,42.07331463367515,43.51199264583225,7898982
2011-08-26,43.274009704589844,43.409224112726825,41.3755990195312,42.04085311793433,6446440
2011-08-29,44.4044075012207,44.47471920151058,43.755380217924426,43.97171935556092,4146532
2011-08-30,44.388179779052734,44.68024451882756,43.65261389294698,44.17724468201462,4466103
2011-08-31,44.88036346435547,45.091298569816885,44.458493253432636,44.72892211655853,5666289
2011-09-01,44.139381408691406,45.40498690073577,43.96090016468281,44.90199206071486,5424338
2011-09-02,42.91705322265625,43.447093048002934,42.684487145099105,43.27942970548428,5251995
2011-09-06,42.23015213012695,42.32750867507345,41.48376840284591,41.88400265448432,6304355
2011-09-07,43.57688522338867,43.614748019472835,42.54385075045634,42.922449100143574,6235705
2011-09-08,42.86836242675781,43.62015505713674,42.60875157731315,43.20369392982253,5647751
2011-09-09,41.456722259521484,42.28423055898552,41.1051638655312,42.21932785049438,8878386
2011-09-12,42.305877685546875,42.33833151601495,41.105174791705814,41.218755795554266,6995284
2011-09-13,42.08412170410156,42.61416635162952,41.748790155367544,42.33832855272976,7737044
2011-09-14,42.96572494506836,43.47954273907881,41.59735866715977,42.165256310821725,6461390
2011-09-15,43.609344482421875,43.82568853856826,42.98735717169841,43.36595556855982,5049871
2011-09-16,43.555267333984375,44.16102783622044,43.27402050523301,44.042035376614486,7209010
2011-09-19,42.841331481933594,43.036039682228584,42.121992441799854,43.036039682228584,5445029
2011-09-20,42.841331481933594,43.22533891013812,42.435688164187255,42.965727976411465,4682101
2011-09-21,41.289058685302734,43.138793487730354,41.25120082409645,42.90622254400121,5929529
2011-09-22,39.42850875854492,40.51022392018802,38.94173594876709,40.466954622795384,12089766
2011-09-23,40.018035888671875,40.20192852316808,39.125622500275576,39.28787925565711,5482225
2011-09-26,40.66707229614258,40.70493262343842,39.72598048723389,40.23438671898407,6019946
2011-09-27,41.25661087036133,42.06249085105537,41.007817927717,41.30528914517233,5830859
2011-09-28,39.8071174621582,41.754201685065816,39.75303021277963,41.332333971415096,7094792
2011-09-29,40.31011199951172,40.93209681693145,39.753027435137696,40.54808699680189,6737666
2011-09-30,38.828163146972656,39.99100563621431,38.7848938432159,39.97478118955331,8592662
2011-10-03,38.36302185058594,39.61240288764215,38.36302185058594,38.47119387101084,9112683
2011-10-04,38.947147369384766,39.03909247298139,37.11904843380257,37.93033485606936,10405200
2011-10-05,39.2283935546875,39.396059314174664,38.40628920231369,38.801114465842375,6538532
2011-10-06,40.37501525878906,40.396648676759575,38.94174147902898,39.33116027567327,5783617
2011-10-07,39.92610549926758,40.80770374015775,39.520462227726576,40.672489316310745,6328993
2011-10-10,41.49458694458008,41.505404886974056,40.61299126457267,40.62921571056728,4611298
2011-10-11,41.33232498168945,41.575711381965405,41.04567175243701,41.40263913086734,3970959
2011-10-12,42.38159942626953,42.911639189102885,41.500001167109964,41.500001167109964,6773307
2011-10-13,42.0787239074707,42.403242534846925,41.46755933272443,42.33293082360797,4457372
2011-10-14,42.66825866699219,42.85214892034334,42.25179740939605,42.69529859340616,3397597
2011-10-17,41.04026794433594,42.75478843538175,40.92128044828918,42.52762645049846,5213962
2011-10-18,42.38159942626953,42.8088785937424,40.94832798434756,41.20252992200138,4983971
2011-10-19,42.024635314941406,42.65203168656284,41.79206924623618,42.327518023722,4622540
2011-10-20,42.554664611816406,42.76019070339601,41.70552032580139,42.06248773437491,4888411
2011-10-21,43.52821350097656,43.57148033679321,42.71692701686263,42.93327106633158,6129739
2011-10-24,44.44768524169922,44.566677718812116,43.3930144139055,43.44169023829124,6492725
2011-10-25,41.66767120361328,42.738568718753626,41.25661646664234,41.58113258500989,15131553
2011-10-26,41.65684127807617,42.403224927771376,41.08893885117186,42.176062969971234,6923524
2011-10-27,44.031219482421875,44.52880543743784,42.68448412428714,43.003588804376975,8866785
2011-10-28,43.80946731567383,44.26378643797135,43.53903844415493,44.09612310393033,6281392
2011-10-31,42.73857116699219,43.58771567975097,42.68989041519279,43.20370824894084,4810910
2011-11-01,41.39183044433594,42.30588009616154,41.24580053689174,42.12739882399677,6903432
2011-11-02,42.219322204589844,42.53302269967305,41.835314975302445,41.856950853636796,4257282
2011-11-03,43.07389831542969,43.17124993854774,42.127397332396185,42.65202812140265,5188009
2011-11-04,42.890010833740234,43.01981629636752,42.25179652982807,42.711524621232506,4511192
2011-11-07,43.10094451904297,43.37137341073781,42.34915160790802,42.87378740854347,5156793
2011-11-08,44.25837326049805,44.35032084474775,43.26860546145179,43.425455771291524,5059678
2011-11-09,42.72773742675781,43.43625826500552,42.44108173512838,43.33890666778284,7646626
2011-11-10,43.44166564941406,43.895989537172944,43.079294255482154,43.43625667918895,5556975
2011-11-11,44.50716781616211,44.70728001446079,43.97171420121657,43.97171420121657,4360377
2011-11-14,44.280006408691406,44.61533795936505,44.014986550990926,44.112338165758146,3789646
2011-11-15,44.280006408691406,44.55584420918666,43.84190933666028,44.04743544418237,4308470
2011-11-16,44.280006408691406,44.9452605386413,43.733739779098286,43.96630580841444,6096132
2011-11-17,43.50117492675781,44.171838122337185,43.09012265395839,44.09612238252101,6073168
2011-11-18,43.56068801879883,43.82029902738916,43.25780521864664,43.647221731532134,4698247
2011-11-21,42.39781951904297,43.073891543491314,41.93809152945659,42.8791833926733,6504805
2011-11-22,42.39236831665039,42.996961602435526,42.185390032052155,42.28343447004638,4988038
2011-11-23,41.14506530761719,42.02744809888558,41.11783183841875,41.98387057211637,4963280
2011-11-25,41.466426849365234,41.86404195736264,41.15051214826785,41.15051214826785,2504424
2011-11-28,42.332454681396484,42.49041323381054,41.9675228121134,42.04922071295609,5888028
2011-11-29,42.07101058959961,42.583006646119486,41.956629549326756,42.484967174475166,4608547
2011-11-30,44.14079666137695,44.14624385192153,43.26386359453627,43.416374989655786,10430316
2011-12-01,43.73773193359375,44.287858387292495,43.71050095245925,44.25518021591828,4625052
2011-12-02,43.443607330322266,44.36956006501279,43.05688665419659,44.33143470443497,6671288
2011-12-05,44.080894470214844,44.44583148518545,43.75953499139936,44.29876724079333,7068958
2011-12-06,44.734500885009766,45.09943283286264,44.451266855589125,44.734500885009766,7190113
2011-12-07,44.87611389160156,45.06130344427312,43.9991808988738,44.68002995876156,5150096
2011-12-08,43.82488250732422,44.739945867202735,43.715948641415316,44.57109290797338,4760798
2011-12-09,44.772613525390625,44.89244174376504,43.99372513589396,44.07542303110917,4874298
2011-12-12,43.89568328857422,44.658235125972475,43.590665535652874,44.60921539194398,3992248
2011-12-13,43.252967834472656,44.23883462736229,42.980628227477425,44.11900639309966,4755057
2011-12-14,42.76276397705078,43.274760153493396,42.62659414671205,43.127695941517224,5026788
2011-12-15,42.95339584350586,43.45450255118743,42.811778838510286,43.263860834418274,3883412
2011-12-16,42.958839416503906,43.58522150584754,42.71373575853031,43.31288189918193,7765150
2011-12-19,42.38691711425781,43.30198022533672,42.21806917100124,43.040535042189255,4168538
2011-12-20,43.74319076538086,43.792215490585455,42.9588548028922,43.13315002675676,5573599
2011-12-21,43.57433319091797,43.83033126399743,43.013312330290304,43.80854250201132,4319713
2011-12-22,44.1026725769043,44.217053641529574,43.536204504351474,43.721399048110364,3784383
2011-12-23,44.772613525390625,44.77806071441337,43.99917232491671,44.24972313971102,2442471
2011-12-27,44.81619644165039,45.01228035992466,44.45670677311578,44.61466533369654,2060230
2011-12-28,44.200706481933594,44.90333924403029,44.086320474565454,44.78351101732398,3125507
2011-12-29,44.72359848022461,44.77261821650244,44.222491828068875,44.32053627068803,2314499
2011-12-30,44.516632080078125,44.90880001520948,44.445823566507336,44.78897175226348,2040974
2012-01-03,45.47526168823242,45.99270500413141,45.404453184682275,45.622325885610735,4042600
2012-01-04,45.85108947753906,45.894667001170326,45.26828482954949,45.27917921045731,3596850
2012-01-05,45.64410400390625,45.68223433111347,45.044957878364315,45.497044794868906,3727214
2012-01-06,45.40989685058594,45.8837675775466,45.382660901309684,45.63321175439628,3395683
2012-01-09,45.682228088378906,45.78571473652946,45.34997441843784,45.524269551661924,3344734
2012-01-10,45.91646194458008,46.40122722226205,45.77484489851274,46.074420565977995,4112326
2012-01-11,45.62777328491211,45.69313459848366,45.251942004327596,45.33909207911104,5340499
2012-01-12,45.90555953979492,46.101648469367575,45.62233046721529,45.9545842572204,4365280
2012-01-13,45.53519058227539,45.81842468835359,45.24650928415217,45.616893492884984,3699108
2012-01-17,45.87832260131836,46.493810354085326,45.82385567020157,46.216023538319284,3223100
2012-01-18,46.33584213256836,46.36307807748757,45.76393201983125,45.82929331757443,4450436
2012-01-19,46.73346710205078,46.9676813682544,46.2541491594101,46.352193612023335,4082785
2012-01-20,46.651763916015625,46.6789998665819,46.27593761858487,46.54283005387847,4213030
2012-01-23,46.6299934387207,46.875097183539616,46.466587628797825,46.6790131936714,4179781
2012-01-24,46.80427932739258,46.80972651797466,46.09619922243035,46.4393473787795,4659138
2012-01-25,47.10383987426758,47.20187933328181,46.29771556653807,46.46111632158273,5276752
2012-01-26,47.702999114990234,47.92631900907658,47.38708692511174,47.66487375261656,5859084
2012-01-27,47.63764572143555,47.82283531387492,47.20734743276333,47.468792732693025,4481651
2012-01-30,47.572265625,47.708435412487816,47.07115901782213,47.11473653065859,3765486
2012-01-31,47.22913360595703,47.86641021711222,46.728026828547975,47.86641021711222,4248312
2012-02-01,47.577720642089844,47.92086876181999,47.512359332144285,47.67031790203933,3594578
2012-02-02,47.62129211425781,47.80648662996543,47.419760998981445,47.523252636590264,2736448
2012-02-03,47.78470230102539,48.08972011212789,47.643085291207164,47.97533905422248,3821818
2012-02-06,47.69209671020508,47.89907499842299,47.4687768536918,47.4687768536918,2618403
2012-02-07,47.87186813354492,48.05161056513699,47.2182498030844,47.56139805980806,3539084
2012-02-08,47.91543960571289,48.08973484114577,47.75748097636709,47.99714251641126,3017269
2012-02-09,47.942657470703125,48.02980257049503,47.63763471123984,47.681207261135796,3625794
2012-02-10,47.46333694458008,47.69209903159668,47.25091145659066,47.49601511269805,3690497
2012-02-13,47.948097229003906,47.980780367295836,47.4742265142162,47.69754638235355,3026598
2012-02-14,47.92631530761719,47.93176249754476,47.50691150357735,47.71388981063348,3408959
2012-02-15,47.71246337890625,48.10179467994397,47.56989036654577,47.93728581841566,4361812
2012-02-16,48.063392639160156,48.12371620641806,47.685029375315715,47.70148125729514,3048365
2012-02-17,48.01404571533203,48.33757440124812,47.970179030269996,48.24984103112404,3390182
2012-02-21,48.035987854003906,48.28274612068448,47.926313621556595,48.11275831563258,2878413
2012-02-22,48.12372970581055,48.30468544750372,47.95373688489851,48.06340612163101,3169400
2012-02-23,48.20049285888672,48.35403378584443,47.85502827503933,48.18952993863109,4223435
2012-02-24,48.36500930786133,48.50758233334673,48.18953750921082,48.277270906728226,3019661
2012-02-27,48.29370880126953,48.430797824234475,47.76180459303299,47.93179237963011,3603428
2012-02-28,48.12920379638672,48.36499410808396,47.8330899128827,48.162102559212656,2987249
2012-02-29,48.035987854003906,48.43080308213874,47.84406420173959,48.332096773297636,3920129
2012-03-01,47.97566604614258,48.37596520911636,47.80018928749291,48.1017871518889,3020139
2012-03-02,47.99211883544922,48.01953363952027,47.728903692511174,47.96469902776363,3373318
2012-03-05,47.73987579345703,47.953735301276545,47.36699639798836,47.92631549119136,3231472
2012-03-06,46.58284378051758,47.08184928709968,46.51704124146614,47.00507882427052,4243288
2012-03-07,46.86797332763672,46.97764251967628,46.54444470786822,46.74185225570729,3768357
2012-03-08,47.547950744628906,47.66858789824945,47.14765155076949,47.19151824200927,3113427
2012-03-09,47.59730529785156,47.855031511781235,47.51505587048929,47.60278926015775,2342127
2012-03-12,48.00307846069336,48.11823664145555,47.68503373143906,47.7618041840758,2450963
2012-03-13,48.66658401489258,48.67754693163704,47.98662298884443,48.12371198608984,3716092
2012-03-14,48.73240280151367,48.94077834703216,48.584345834485404,48.584345834485404,3541236
2012-03-15,49.35203170776367,49.35203170776367,48.70496940368826,48.80367568870822,3889631
2012-03-16,49.11077117919922,49.35205052144167,49.00658589759634,49.286247974214724,5988492
2012-03-19,49.209476470947266,49.297209863001584,48.91336251282163,49.088834300545656,3092138
2012-03-20,48.99561309814453,49.2039886442356,48.66660039474152,48.89690678531613,2972419
2012-03-21,48.75432205200195,49.1546261654316,48.694003487855674,49.03398403352527,2910825
2012-03-22,48.567867279052734,48.683020410791165,48.10176578948855,48.52948456967733,3664783
2012-03-23,48.507572174072266,48.62272536145635,48.26629787600759,48.60079451847797,2782016
2012-03-26,48.86948776245117,48.995608870906274,48.58434177623203,48.759813535035974,3076710
2012-03-27,48.88043975830078,49.03397562087049,48.76528160685735,49.01204478542506,2760846
2012-03-28,48.502098083496094,49.13819273161896,48.27727062100501,48.9627159303913,2738362
2012-03-29,48.67756271362305,48.70498252340736,48.101791740686856,48.18953012838172,2639692
2012-03-30,48.91885757446289,48.962724280442956,48.672099222448175,48.92434153816246,2956273
2012-04-02,48.92979431152344,49.00108079055975,48.282732039992894,48.68851507339544,3158516
2012-04-03,48.68852615356445,48.924321485149164,48.36499744597961,48.924321485149164,2748886
2012-04-04,48.16757583618164,48.282728985951344,47.789207624117886,48.24434627056578,2861669
2012-04-05,47.85501480102539,48.1401607269143,47.69051100012959,47.904370444546274,2449886
2012-04-09,47.33956527709961,47.58083953374187,47.103769977550314,47.29021463435256,2311509
2012-04-10,46.37995147705078,47.377962474626706,46.30318101542072,47.26280428037423,4366596
2012-04-11,46.802181243896484,46.98862091336638,46.67606014385467,46.80766520508215,3023129
2012-04-12,47.63019943237305,47.66858215713326,46.65412439002206,46.99958892732093,2961296
2012-04-13,46.98862838745117,47.48214994736165,46.92282584637078,47.42731533039716,3121201
2012-04-16,47.3779411315918,47.6685659581656,47.11472609445675,47.18052860283738,3659999
2012-04-17,47.9537239074707,48.07436103595219,47.52052103274364,47.54245687559983,2815623
2012-04-18,47.77827835083008,48.05245652228605,47.53699895806822,47.652152188922436,2130794
2012-04-19,47.59730529785156,48.008572449123896,47.2299098450287,47.811164816947006,3067740
2012-04-20,47.97019577026367,48.145667575359745,47.65762989382746,47.70150159781339,3799931
2012-04-23,47.77827835083008,47.838596948116404,47.169603410631794,47.443781582087766,3312800
2012-04-24,48.52404022216797,49.21496958384736,48.463721627559934,48.9846581287488,6818635
2012-04-25,48.694007873535156,48.94625507786388,48.5295040483965,48.79271417150974,3543628
2012-04-26,48.97914123535156,49.110746263036106,48.53497551781946,48.58432615229793,3290076
2012-04-27,49.001094818115234,49.09979612281255,48.66659816799255,49.02850962336904,3131128
2012-04-30,49.001094818115234,49.055929432237605,48.65014628267141,48.94077624221915,2479188
2012-05-01,49.1326904296875,49.32461404395551,48.661104833286686,48.874964290424344,2743863
2012-05-02,49.08882522583008,49.127212955920825,48.74336067308564,48.89141762477818,2511839
2012-05-03,49.01752853393555,49.26977066756781,48.86398766841464,49.07784708747313,2802946
2012-05-04,48.62272644042969,48.93529224685774,48.41983486578585,48.896904514468105,3377265
2012-05-07,48.26081466674805,48.59531131443324,48.09082186023121,48.09082186023121,3293186
2012-05-08,48.01404571533203,48.18952246280844,47.32311665482369,47.77277144206963,3241638
2012-05-09,47.85501480102539,48.16758052887035,47.14763895030781,47.50955531806016,3818589
2012-05-10,47.77827835083008,48.085355300980176,47.641189265102085,47.78376231454852,3382886
2012-05-11,47.558902740478516,47.97016972031493,47.29020871394111,47.41632978717951,3111753
2012-05-14,47.065399169921875,47.46021441906575,46.74187042439689,46.86250758325501,3147752
2012-05-15,47.037986755371094,47.410871218380095,46.88445080341759,47.13120912202731,3123115
2012-05-16,47.12632751464844,47.634310951283176,47.076635070953635,47.43553109996667,3313638
2012-05-17,46.568641662597656,47.28644364345842,46.51894922954347,47.24226811339464,3321531
2012-05-18,46.110374450683594,46.8116108913138,45.977857883444614,46.8116108913138,4309068
2012-05-21,46.63490676879883,46.7287747457034,46.2428791115102,46.314659320138794,2930200
2012-05-22,46.45269012451172,46.927541796153825,46.204217887242635,46.76189363797444,3589076
2012-05-23,46.82263946533203,46.866815003564284,45.80115571773885,46.03306217865264,3827200
2012-05-24,46.92203140258789,46.9330752876201,46.39748213143901,46.91098751755568,2777232
2012-05-25,46.81160354614258,47.04350498328852,46.60178484122508,46.86129599149259,2805816
2012-05-29,47.33613586425781,47.48521820101945,47.004844581602796,47.142883035898016,2562071
2012-05-30,46.62937545776367,46.9993203107138,46.43612263898301,46.96618866495678,3225732
2012-05-31,46.60729217529297,46.96067123934256,46.30913252614783,46.62937994125475,4405107
2012-06-01,45.745941162109375,46.36987529288959,45.67416095101896,45.856369930739945,4232883
2012-06-04,45.61893081665039,45.82322749487092,45.27107376581362,45.71279372609941,3468280
2012-06-05,45.5582160949707,45.75146898404402,45.414655654340436,45.60238660044573,3909365
2012-06-06,46.72877883911133,46.73430078166404,45.84533352817133,45.95024036013533,3320455
2012-06-07,47.20914840698242,47.590132179884144,47.11528043013919,47.25884084730258,3626750
2012-06-08,47.48521423339844,47.53490666207776,46.927538521580885,47.03244531971135,2566855
2012-06-11,47.03244400024414,47.783372503207424,46.977229632341995,47.783372503207424,2509447
2012-06-12,47.88829040527344,47.89381234659012,47.0545377256667,47.303004931846665,3074796
2012-06-13,47.55699920654297,47.92693904584638,47.33061472693875,47.65086213256676,3183632
2012-06-14,47.96006393432617,48.164360619828855,47.51833892002836,47.65637735721307,3988540
2012-06-15,48.28033447265625,48.5398456499624,48.04291106814869,48.35211469598235,5616536
2012-06-18,48.20853805541992,48.37418621922723,47.85515900069395,48.07602153968114,3528918
2012-06-19,48.49015426635742,48.68340716778924,48.32451108153134,48.49015426635742,3842150
2012-06-20,48.335533142089844,48.74412657632611,48.230626331962995,48.55087374201453,4122373
2012-06-21,47.88829040527344,48.79934522504603,47.827554089057614,48.611609296814265,4452469
2012-06-22,47.943519592285156,48.11468974944978,47.69505230934141,48.098123920381745,3619096
2012-06-25,47.40241241455078,47.656401656229086,47.18707173815285,47.41345630127932,3479044
2012-06-26,47.58460998535156,47.74473622786154,47.09319241201774,47.43552762691376,2857364
2012-06-27,48.125728607177734,48.36867898541822,47.61775015513986,47.70057426222796,3453809
2012-06-28,48.125728607177734,48.17542609439211,47.474189713058934,47.6840084331565,3907452
2012-06-29,49.472965240478516,49.472965240478516,48.78277304844914,48.9318553680502,5536762
2012-07-02,49.296287536621094,49.52267205207773,48.74413362261749,49.301809478822605,2738481
2012-07-03,49.528194427490234,49.55580413873928,49.185859199344414,49.20242502609384,1686838
2012-07-05,49.45640182495117,49.666220463067354,49.0643742530501,49.25210512770125,2302061
2012-07-06,49.13616180419922,49.35150241542899,48.78278272717612,49.036771891990114,2622708
2012-07-09,49.119606018066406,49.18586429365819,48.760704925998795,49.06439162811808,3110676
2012-07-10,48.72758102416992,49.594460598018266,48.56745474994975,49.18586703604271,4014733
2012-07-11,48.5067138671875,49.009175377000716,48.042905955658505,48.79935667254994,5033486
2012-07-12,47.711612701416016,48.020821355025156,47.12081014734952,47.81652457970095,5906207
2012-07-13,48.3631477355957,48.495664266128074,47.66191148920545,47.66191148920545,3108763
2012-07-16,48.64475631713867,48.94843799418545,48.4625473109106,48.65580020326205,3406328
2012-07-17,49.13064193725586,49.334938673726576,48.3410596627366,48.72757040624078,3681886
2012-07-18,50.1742057800293,50.240464034831504,48.89872807725245,49.00363991967861,5110867
2012-07-19,50.1521110534668,50.35640773060174,49.914682734396436,50.17419881475708,4012700
2012-07-20,49.68830871582031,49.964385608782955,49.60548464027807,49.79321551677783,3617661
2012-07-23,49.34046173095703,49.450890495444,48.46805534609049,48.83247833012674,2912021
2012-07-24,48.7220573425293,49.42329371227547,48.35763430032477,49.296294063095324,3409078
2012-07-25,49.003639221191406,49.230018649549535,48.56743611097173,48.97050757512884,4235275
2012-07-26,50.019596099853516,50.798134288334154,49.43431071380324,49.69382680214137,5692242
2012-07-27,50.63801574707031,50.84231246137501,50.05825221385197,50.21285649447921,4682818
2012-07-30,50.40058517456055,50.77053003592357,50.19628846921497,50.47236537039912,3247020
2012-07-31,50.37298583984375,50.610409178565796,50.17421105454112,50.24599125797829,3253359
2012-08-01,50.356414794921875,50.687706069418155,50.03064546152282,50.60488199122723,2571041
2012-08-02,49.73802185058594,50.09692296849277,49.268691944832106,49.7545876802438,3527961
2012-08-03,50.63249588012695,50.68218831584028,50.25151214254503,50.26255098738412,3245346
2012-08-06,50.47238540649414,50.98589086338132,50.47238540649414,50.79815990676715,2222766
2012-08-07,50.63249588012695,50.969309123549,50.58832538596709,50.63249588012695,2110701
2012-08-08,50.59383773803711,50.84230997078789,50.38402413095085,50.51101869872091,2418671
2012-08-09,50.571754455566406,50.836787470303456,50.42819406620594,50.52206202487004,2194540
2012-08-10,50.958251953125,50.963773893238624,50.21836739883139,50.45027376880395,2099100
2012-08-13,51.019004821777344,51.12391667973411,50.65458688555236,50.95826849907318,2482178
2012-08-14,50.963783264160156,51.07421704847199,50.803657047955085,50.99691491093394,2204826
2012-08-15,51.0963020324707,51.20673582166219,50.7650107414316,50.79814238966935,2372146
2012-08-16,51.75889205932617,51.83067226224434,50.91409544919721,51.21225510586138,4060659
2012-08-17,52.03498077392578,52.06810739293941,51.676079678042015,51.863810621170046,3671242
2012-08-20,51.84171676635742,51.996321072330005,51.653985845258404,51.902458130914724,1960842
2012-08-21,51.466243743896484,51.95766122795517,51.344771117706884,51.89140297382745,2754149
2012-08-22,51.49958038330078,51.8774389315573,51.360662619588474,51.43290005953333,2946944
2012-08-23,51.11062240600586,51.49959019032655,51.005042248890994,51.482918838619604,2180906
2012-08-24,51.582950592041016,51.66074517611893,51.08840256706497,51.13841156027102,2327177
2012-08-27,51.449581146240234,51.66073638986403,51.344000989247114,51.63295080371783,2248480
2012-08-28,51.2884407043457,51.549604962290935,51.232874596113554,51.32178341150281,2287948
2012-08-29,51.36065673828125,51.566254802217976,51.2884193066083,51.399556547068705,2076256
2012-08-30,50.988365173339844,51.20507751011512,50.73275809064371,51.14951141435881,2068602
2012-08-31,51.45512390136719,51.67738824704883,51.06615115570227,51.36621512087792,2293091
2012-09-04,50.94392013549805,51.30510741184321,50.62163268064681,51.13840403188004,3028631
2012-09-05,50.98283004760742,51.116190749827936,50.627199818231546,51.07729092063488,3570658
2012-09-06,51.83299255371094,51.88855865643508,51.155074945678855,51.327335441522465,3855186
2012-09-07,51.577388763427734,52.03859403723678,51.510708421788316,51.888562000957386,3845618
2012-09-10,50.382694244384766,51.29399561949239,50.34935660902229,51.27176714900888,7601896
2012-09-11,50.66053771972656,50.89392148499717,50.37158783997159,50.41604478784995,2874466
2012-09-12,50.46049118041992,50.93281070774226,50.26600726568285,50.899473070820804,2881882
2012-09-13,51.15507888793945,51.36067703311694,50.26600596474931,50.521613099196216,3264243
2012-09-14,52.221946716308594,52.221946716308594,51.43289211497355,51.59959543382315,5971628
2012-09-17,52.1108283996582,52.28308889636777,51.94968720798437,52.044148061981524,3935199
2012-09-18,51.91634750366211,52.22752581104135,51.79965817357631,52.11083141059272,2963090
2012-09-19,52.027442932128906,52.26638361138739,51.52734325941541,51.61068982462816,3257306
2012-09-20,51.99969482421875,52.02747533980761,51.627393324283844,51.78853958207636,2482418
2012-09-21,51.79410934448242,52.271986046978,51.644077284440996,52.26642892843101,11418212
2012-09-24,52.08303451538086,52.28307547706714,51.5440297646126,51.5940438078051,3632730
2012-09-25,51.582950592041016,52.28865389655331,51.52182736248621,52.20530219430103,4545278
2012-09-26,51.449581146240234,51.899672149271595,51.42179556009403,51.610722334800876,3125028
2012-09-27,51.577388763427734,51.79410114134654,51.099512136618124,51.61628351673288,2489354
2012-09-28,51.35512161254883,51.59961958996488,50.95503954444591,51.3829072021517,3061162
2012-10-01,51.83853530883789,52.38309209131425,51.23841243903232,51.621823004928935,4665118
2012-10-02,51.97746276855469,52.39421610688956,51.732969910505346,52.36087847641104,4308351
2012-10-03,52.1108283996582,52.2330799107009,51.67740366957852,52.12749975166801,3121919
2012-10-04,52.47202682495117,52.527592939762364,52.04415912128684,52.26087153237775,3027554
2012-10-05,52.766517639160156,52.89987830194501,52.48312496315183,52.64427121000105,4381666
2012-10-08,52.99435043334961,53.044359420169194,52.51091163609722,52.538697223420684,3118690
2012-10-09,52.199745178222656,52.949900359233844,52.17751670548169,52.949900359233844,3575442
2012-10-10,51.83299255371094,52.23307964812229,51.760755099060795,52.20529406157897,3063674
2012-10-11,51.582950592041016,52.16085031926935,51.55516500116915,52.15529320109498,2905323
2012-10-12,51.538475036621094,51.866324609072684,51.34399118183413,51.6496122896147,3069056
2012-10-15,51.56071090698242,51.71074292433801,51.327332275862354,51.51625904161722,3487895
2012-10-16,52.360862731933594,52.42198592806669,51.83852940169359,52.24416838444266,3417570
2012-10-17,52.683162689208984,52.844308926061736,52.53868780176066,52.75540013293314,3817393
2012-10-18,52.644264221191406,52.7887340280608,52.32752888635416,52.61092152474058,3036405
2012-10-19,51.64406204223633,52.57203465097477,51.505144260289015,52.57203465097477,4549704
2012-10-22,51.416255950927734,51.71076298291208,50.84391831468779,51.349575591833556,3744437
2012-10-23,49.3046875,50.29933535643699,49.221335817970896,49.82701591875482,7015736
2012-10-24,49.11573791503906,49.754760485795444,48.98237730014246,49.4713679115501,3972275
2012-10-25,48.79347610473633,49.36581866712521,48.57120660697374,49.21578662937639,5518224
2012-10-26,48.91572189331055,49.19911461181736,48.6712289983274,48.84348443427229,4296750
2012-10-31,48.676780700683594,49.28246082347616,48.61565748373776,48.91571645143892,4019038
2012-11-01,49.593631744384766,49.676978346725996,48.81013413355747,48.86570022523879,3954694
2012-11-02,49.43804931640625,49.99372044908038,49.332469164609826,49.79367944976116,3650072
2012-11-05,49.78812026977539,49.92148093046225,48.943499371850635,48.943499371850635,2855809
2012-11-06,50.48828125,50.693879418742725,49.93816709389477,49.982618970522246,3356096
2012-11-07,49.66585922241211,50.19930170813021,49.29355786321107,50.19930170813021,5493348
2012-11-08,49.20465850830078,49.91591867227718,49.15464953328475,49.515836731426,3595056
2012-11-09,49.34914779663086,49.76590120762578,48.954622856738474,49.23245846406842,3798974
2012-11-12,49.55472183227539,49.827000189352034,49.176868429555356,49.43247544141658,2655240
2012-11-13,49.499176025390625,50.11597041773861,49.099093998521,49.23245467414421,3571136
2012-11-14,48.51563262939453,49.665874685288905,48.38227196644476,49.549180302436305,3447709
2012-11-15,48.910160064697266,49.06018700005397,48.19889985184896,48.19889985184896,3936754
2012-11-16,49.1768798828125,49.665870630493764,48.7601265775283,48.965724671987374,6263572
2012-11-19,49.771446228027344,49.84368367118972,49.32690733620321,49.59363371351471,3215566
2012-11-20,49.7938232421875,50.162999383802514,49.447022958846816,49.82738702959899,2433980
2012-11-21,49.749080657958984,49.866543715446,49.59245984532117,49.82739106427788,2405515
2012-11-23,50.49860763549805,50.526577456068686,49.86653562643834,49.94484602005427,1316916
2012-11-26,50.39235305786133,50.481851416171985,50.08470532215942,50.08470532215942,2284599
2012-11-27,50.51539611816406,50.87897831310662,50.40912099409452,50.44827364401948,2995023
2012-11-28,50.8621940612793,50.901351813371946,50.05113044429048,50.397930728628204,2901735
2012-11-29,50.70560073852539,51.44395342399565,50.62729539987056,51.09715295172479,2827344
2012-11-30,50.873382568359375,51.00762751195173,50.61608061047109,50.72235573082239,2732740
2012-12-03,50.50979232788086,51.28170318237856,50.40911118824028,51.130676368936165,2307323
2012-12-04,50.40913772583008,50.727968307847064,50.342015229406286,50.515412885174335,2355881
2012-12-05,50.76712417602539,51.013238285713065,50.11826999887347,50.50981702937079,3583934
2012-12-06,50.873382568359375,50.95169296945197,50.51539435078565,50.78947820261857,2425129
2012-12-07,51.18662643432617,51.27612477759369,50.72236302959524,51.03560467904002,2961774
2012-12-10,51.38797378540039,51.72917999082288,51.097108140389594,51.108296065810094,3405849
2012-12-11,52.400428771972656,52.52348580069307,51.740391905939234,51.82429117753219,4570634
2012-12-12,52.08719253540039,52.57942575710506,51.75157503116037,52.422804935657446,4861620
2012-12-13,51.74039077758789,52.271776638008554,51.550206169367954,51.9920987948434,3135194
2012-12-14,51.6173095703125,51.78511825578426,51.460693915050584,51.460693915050584,3239964
2012-12-17,52.036865234375,52.08161697287742,51.533449008100966,51.67887684627951,3289837
2012-12-18,52.49550247192383,52.579406817761104,52.02004621350632,52.09276263270114,3348800
2012-12-19,52.03123092651367,52.56821564431745,52.003266215615874,52.53465186646311,3892741
2012-12-20,52.652137756347656,52.65773172175375,52.13753377085169,52.21584418255391,3934601
2012-12-21,52.076011657714844,52.38924823905073,51.427157526684105,51.89701495067977,7146698
2012-12-24,52.126346588134766,52.422806342980046,51.84666872974861,51.85226269523498,1140266
2012-12-26,52.0592155456543,52.42839168713191,51.880218887490855,52.215836345551736,1845308
2012-12-27,51.81869125366211,52.1151509647487,51.27611751343505,52.081592280766976,2823636
2012-12-28,51.33766555786133,51.908209338518816,51.24257833040795,51.4495397896676,2245251
2012-12-31,51.93614959716797,51.975302238414706,51.125081018380705,51.20898536845958,3086398
2013-01-02,53.015724182128906,53.02131814797756,52.55705471042349,52.68570571697562,3835213
2013-01-03,52.954193115234375,53.09962601233865,52.652139389866534,52.7696075630558,3234702
2013-01-04,53.34573745727539,53.40726596575413,52.88146900532658,53.02130791659165,3235060
2013-01-07,53.41284942626953,53.54709434636459,53.004515598333825,53.149948445767045,3283977
2013-01-08,53.41844177246094,53.55828066535205,53.19470362702057,53.2338562712781,3175978
2013-01-09,53.927452087402344,54.11204267653287,53.53590526291084,53.62539847172062,2822201
2013-01-10,54.195953369140625,54.25189301643907,53.88271686418143,54.095272211968265,3110318
2013-01-11,53.85475158691406,54.06730695264467,53.256243246136805,53.6086375339538,3496984
2013-01-14,54.30222702026367,54.4756245939471,53.754059374968875,53.92186298459976,3100630
2013-01-15,54.419715881347656,54.481244411141134,54.01698090234438,54.1624138287596,2519254
2013-01-16,54.59309768676758,54.64903222838457,54.212733616603906,54.257480229101056,2502391
2013-01-17,54.86160659790039,55.09653277496997,54.54277092332877,54.69939177736451,3353464
2013-01-18,55.23076629638672,55.26433008841926,54.83921934657158,55.05177471749542,3812728
2013-01-22,55.56078338623047,55.56078338623047,54.8727767692534,55.034986433299956,3845379
2013-01-23,55.65027618408203,55.76774433767185,55.269917212028126,55.35941554238648,4280843
2013-01-24,55.75096893310547,55.83487330858394,55.264329680109874,55.58875414744596,4564295
2013-01-25,56.26557540893555,56.42219111806741,55.70062577190159,55.81808882974616,5068409
2013-01-28,56.29913330078125,56.48371883250138,56.086577944262935,56.48371883250138,3546020
2013-01-29,56.94798278808594,56.98154147120217,55.96911045346545,56.12013728744405,4222717
2013-01-30,56.38304901123047,57.026309175120716,56.321520488282175,56.942404787833524,3376069
2013-01-31,56.24319839477539,56.46694167977929,55.97470849436375,56.32150879972589,4500668
2013-02-01,56.80814743041992,57.04866750371546,56.58440414773899,56.741024956013895,4608906
2013-02-04,56.36626434326172,56.612383526944804,56.25998920084142,56.36626434326171,2377170
2013-02-05,56.76899337768555,57.00951857064581,56.63474842012075,56.668312211503384,3388388
2013-02-06,57.440216064453125,57.60801968836916,56.53965412709216,56.56761884575372,4198678
2013-02-07,57.17732238769531,57.46818816462207,56.75221675678262,57.41784758137948,2724010
2013-02-08,57.42344665527344,57.79821684026767,57.07664629900391,57.24445506338541,2317609
2013-02-11,57.40105056762695,57.54648341778693,57.07662618864476,57.27239960878887,2051738
2013-02-12,57.870914459228516,57.943625782285096,57.4066460773759,57.423427969149735,2305888
2013-02-13,57.89060974121094,58.18890021789725,57.73302687368942,57.98628927208248,2033080
2013-02-14,57.845577239990234,58.04818815232549,57.53040128602376,57.64859483651158,2652130
2013-02-15,58.09885025024414,58.18327276307309,57.75553682454133,58.00317585313948,2782135
2013-02-19,58.63356018066406,58.75174869279091,58.149543969686235,58.20582396900831,3574246
2013-02-20,58.053836822509766,58.75734931889752,58.053836822509766,58.63353235205389,3582498
2013-02-21,57.81182098388672,58.048197853364194,57.62609043158112,57.901866869639264,3298568
2013-02-22,58.27334213256836,58.3633931836377,57.868120106011354,57.96379453323814,2581088
2013-02-25,57.26588439941406,58.554720544548836,57.26588439941407,58.481555061735484,3614192
2013-02-26,57.58107376098633,57.77805621884198,57.35594875107892,57.468508688281524,2956392
2013-02-27,58.29023361206055,58.49284464600158,57.378481391574,57.46289880408819,2815025
2013-02-28,58.532222747802734,58.847398802905566,58.04820677932546,58.30709772780106,3432640
2013-03-01,58.40277099609375,58.49845053157343,57.81182365954805,58.1889030204053,3181838
2013-03-04,58.12699890136719,58.256444371392206,57.738662491292146,58.256444371392206,3069295
2013-03-05,58.78550720214844,58.98811823768165,58.33525703284984,58.39716553241521,3148111
2013-03-06,58.903690338134766,59.33142641946134,58.79675375005141,58.94308478500542,4150479
2013-03-07,58.83613967895508,59.17945313960012,58.80799712664719,58.98247067995162,2242739
2013-03-08,59.4946403503418,59.550920330018855,58.99373877375986,59.09504171007792,2819211
2013-03-11,59.5509147644043,59.63533729378138,59.28076677879981,59.28076677879981,2057838
2013-03-12,59.16819763183594,59.64658508478858,59.07251808704446,59.556539186105,2663253
2013-03-13,59.14569854736328,59.415851718242905,59.02751006576223,59.16821259547917,2463282
2013-03-14,59.669090270996094,59.669090270996094,59.24135434147625,59.28075390986713,2635266
2013-03-15,59.882972717285156,60.15312070957474,59.57342514707667,59.60156770273302,6157486
2013-03-18,59.32577896118164,59.63532646753453,59.21884240724996,59.22447091722014,2166434
2013-03-19,59.196319580078125,59.646564323284025,58.89240065517622,59.56214696458958,3840834
2013-03-20,59.46648406982422,59.753517548992775,59.30889605469206,59.60718655429892,2152202
2013-03-21,59.0612678527832,59.353929870444084,58.937445751501855,59.31453029510376,2317011
2013-03-22,59.89421081542969,59.9336052453987,59.1512989358602,59.1512989358602,2882121
2013-03-25,59.190704345703125,60.1080846992889,58.914927902186705,59.95612520275909,4472083
2013-03-26,59.69725036621094,59.781667766571765,59.32579428971144,59.32579428971144,2264626
2013-03-27,59.25823974609375,59.376428180014464,59.078137704831946,59.292005669141844,2546882
2013-03-28,59.83232116699219,59.84920156485899,59.2526256053236,59.47212213262053,2722933
2013-04-01,59.460872650146484,59.75353472365259,59.331427148904204,59.65785515792836,2014423
2013-04-02,59.950477600097656,60.108065556348215,59.53962732062305,59.54525582873915,2508610
2013-04-03,59.477760314941406,60.20378187735759,59.337057784988176,59.99554233844695,3921564
2013-04-04,59.55653381347656,59.7816536753797,59.26387183040018,59.556533813476555,2118355
2013-04-05,59.534027099609375,59.59030707201123,58.7292065471045,58.785491655008904,2963449
2013-04-08,59.51713943481445,59.89422396675072,59.15131192405574,59.57904791578864,2329449
2013-04-09,59.629695892333984,60.04617480269233,59.314519886926796,59.657833305708586,2835238
2013-04-10,60.60899353027344,60.74406751356378,59.67472753292996,59.70849346100135,3901830
2013-04-11,60.92417907714844,61.18869859665824,60.70468251771362,60.70468251771362,2556809
2013-04-12,60.60336685180664,60.93542330947541,60.395127359980116,60.721555306883104,2525234
2013-04-15,59.522769927978516,60.732812441329386,59.511512906426006,60.30507643534952,4398170
2013-04-16,59.742252349853516,60.13621719824818,59.48898996667142,60.04617131807309,3153613
2013-04-17,59.36519241333008,59.545294519068726,59.055649943315906,59.359563901556776,3773739
2013-04-18,59.08376693725586,59.64094832612792,58.689802062367086,59.56778283387696,3761061
2013-04-19,59.4946403503418,59.590314775141835,58.99373877375986,59.26951529613034,3974308
2013-04-22,59.545291900634766,59.71413183989884,59.17383581744866,59.494640432405866,3165573
2013-04-23,60.440128326416016,60.50766529553737,59.57902811849325,59.79289604329432,3838921
2013-04-24,60.7103157043457,60.86790377999782,60.355745101880444,60.56398465345502,3872887
2013-04-25,59.02751159667969,59.45524770895312,58.25083340707834,58.79113462734698,10796292
2013-04-26,58.41402053833008,59.1963268456881,58.22829513670599,59.07813328510802,4017842
2013-04-29,58.43654251098633,58.64478197823682,57.90749850995686,58.48156545629657,3472825
2013-04-30,58.931819915771484,58.94870544882666,57.9525360311125,58.520969424445354,4507485
2013-05-01,58.84177780151367,59.1625772727166,58.76861228906345,58.97122329227105,3897644
2013-05-02,59.68034362792969,59.87169754186564,59.04436828245011,59.11753376946993,3730922
2013-05-03,60.68777847290039,61.12114294765225,60.13622555430784,60.198134031343535,3603668
2013-05-06,60.693397521972656,60.777820026770996,60.473906199198694,60.57520909655572,2600582
2013-05-07,60.78907775878906,60.99168869138182,60.53018686750409,60.563952788518904,2673299
2013-05-08,60.89600372314453,60.9466603033904,60.653998381750924,60.80032934257066,3174662
2013-05-09,61.86406326293945,62.196119733697685,60.8453746712114,60.8453746712114,5366452
2013-05-10,62.17922592163086,62.26927694994046,61.76837548725247,61.954100918607864,3579987
2013-05-13,62.190486907958984,62.31430387009165,61.74586538379797,61.90345340951357,2445102
2013-05-14,62.24114227294922,62.353707356452475,62.06104532904777,62.08918788379926,2967276
2013-05-15,62.7532844543457,62.87147288247208,62.072286161996466,62.13419463080082,3483470
2013-05-16,62.511287689208984,62.86585818700203,62.443750696081864,62.59008170377439,3212336
2013-05-17,62.691383361816406,62.91087985094947,62.43811581181582,62.5619378994948,4856238
2013-05-20,62.87712478637695,63.06847877346861,62.44938871958154,62.545068280879,2938931
2013-05-21,63.040340423583984,63.22606589636657,62.764563902405364,63.09662040301781,2958067
2013-05-22,62.709228515625,63.55825697970901,62.58470558044076,63.16204059759958,4584507
2013-05-23,62.49411392211914,62.65825584174417,62.024315070826475,62.296008399603885,3071806
2013-05-24,62.41489028930664,62.53941320946309,61.973394301715835,62.182821090991,2665166
2013-05-28,63.162017822265625,63.60917430484233,62.850710596558045,62.91297204169956,3255512
2013-05-29,62.90165328979492,63.03183678605048,62.53374004073658,62.85071304447363,2527866
2013-05-30,63.0658073425293,63.39409641990637,62.833738165275484,63.02052252855824,3108643
2013-05-31,62.41489028930664,63.512964491240446,62.41489028930664,62.70922094770051,3836409
2013-06-03,62.60731506347656,62.799759983854194,62.08658114189222,62.65825530259212,3165932
2013-06-04,62.27335739135742,62.9412565080787,61.99600866520999,62.629949348515645,3000166
2013-06-05,61.463951110839844,62.199777455845314,61.35074944150714,62.14883722112369,3217718
2013-06-06,61.50926208496094,61.57152354606667,60.926261360812,61.39039460031984,3206237
2013-06-07,62.89033126831055,62.8959918693594,61.679050445149066,61.91111959380621,4036380
2013-06-10,62.72053146362305,63.08277895783932,62.56770555821001,63.06014171743968,2660024
2013-06-11,62.38660430908203,62.87338008285685,61.984732427604044,62.205480481662015,2095512
2013-06-12,61.712974548339844,62.86199318924738,61.66769493371492,62.82236900726923,2871237
2013-06-13,62.941261291503906,63.07711052983297,61.45829251795477,61.66772439318739,3114623
2013-06-14,62.84504318237305,63.43369912933876,62.686556703859424,62.997869060598234,2412093
2013-06-17,63.34315872192383,63.88653519321555,63.19033279817732,63.30919511007668,3130889
2013-06-18,63.943145751953125,64.09031109605837,63.33750773181507,63.43372765041831,2027579
2013-06-19,63.15070343017578,64.10161734210826,63.12806618890809,63.93747022780992,2358153
2013-06-20,61.571510314941406,62.69222670357981,61.424345014940194,62.66392369789418,3558818
2013-06-21,62.02998352050781,62.29601628246698,61.54886857215349,61.979043274508015,5590582
2013-06-24,60.84700012207031,61.57150536151569,60.6488945925546,61.57150536151569,4308590
2013-06-25,61.265869140625,61.55453918956668,60.86965798098654,61.24322673214864,3201333
2013-06-26,62.08091354370117,62.25071604320669,61.543192716648285,61.73563761533354,3019182
2013-06-27,62.39788818359375,62.77146198731727,62.24506230185316,62.56769586659028,2666602
2013-06-28,61.894126892089844,62.52806761489701,61.775264620557586,62.18279683562339,4100486
2013-07-01,61.871490478515625,62.46580700885243,61.33376961988959,61.339430220016894,3191885
2013-07-02,61.5432014465332,62.12054138926529,61.31679291696237,61.724330336102504,3598525
2013-07-03,61.95071029663086,62.205421732964105,61.248847735463904,61.28847192467956,1625125
2013-07-05,63.13371658325195,63.14503778444664,62.18846342565619,62.47147279639702,2469142
2013-07-08,63.46767044067383,63.8355836802072,63.33748694778861,63.39408779276715,3075634
2013-07-09,64.15821075439453,64.25443580416935,63.84124293035236,64.01104546169509,2626655
2013-07-10,64.20348358154297,64.45818991342242,63.909153051063086,64.17518058254267,2759770
2013-07-11,64.8261489868164,64.95067194104405,64.62238274404812,64.72992388684895,2855450
2013-07-12,65.17137908935547,65.22797992713392,64.6789430205549,64.84874553389022,2740873
2013-07-15,65.00726318359375,65.36951594977596,64.95066231867422,65.17141034016574,2469022
2013-07-16,64.71856689453125,65.34118648619024,64.56008040508156,65.08648011476026,2940246
2013-07-17,64.88837432861328,65.24496634607341,64.70158483650745,65.0751586559375,2507534
2013-07-18,65.36385345458984,65.51667940079703,64.84877475268729,64.87141716391312,3523177
2013-07-19,65.76569366455078,65.92418013741124,65.28457881066399,65.28457881066399,3700304
2013-07-22,65.816650390625,66.12229702398542,65.46571894878007,65.65816389049323,3376906
2013-07-23,66.08267974853516,66.39398699128117,65.66382624754442,65.9072114405293,2696262
2013-07-24,65.844970703125,66.27514554184856,65.69214475189641,66.26382433586366,2163325
2013-07-25,65.9694595336914,66.16756502614705,65.00156414034302,65.26193106386867,4002653
2013-07-26,66.1732406616211,66.18455669865722,65.28458829629194,65.75438718304697,2789311
2013-07-29,66.00342559814453,66.11662727412768,65.69211324201896,65.89022392216138,1746638
2013-07-30,66.13362884521484,66.29211537079487,65.84495880390222,66.16759245703177,2733099
2013-07-31,66.46758270263672,67.12982669152044,66.22985806415268,66.29778012726,3222024
2013-08-01,67.02227020263672,67.50338513634883,66.94302695305866,67.00528839955957,3584412
2013-08-02,66.9373550415039,66.98829527734593,66.49019862472099,66.77886856912754,2271563
2013-08-05,66.74492645263672,66.93171080624697,66.68265983665096,66.8864311594033,1616753
2013-08-06,66.50720977783203,66.76191623423767,66.30344357975083,66.68833356564308,2201956
2013-08-07,66.69398498535156,66.76190704202668,66.24683359756649,66.39399374971036,2313064
2013-08-08,67.17511749267578,67.35624646754142,66.58646123632244,66.94305341800617,2847198
2013-08-09,66.96564483642578,67.46940202863324,66.62037409756503,67.20337451644585,2942280
2013-08-12,67.00531005859375,67.22039747275069,66.63173609405095,66.79022264443682,1970290
2013-08-13,67.16944122314453,67.45811126312168,66.33173411292958,67.08454252356061,2419867
2013-08-14,66.57511138916016,67.30527724820068,66.54680838501837,67.29961664737233,2417594
2013-08-15,65.57325744628906,66.17889525278156,65.45439515828161,66.17889525278156,2385900
2013-08-16,65.6015625,65.77702563707464,65.45439720321122,65.47703444248353,2790029
2013-08-19,65.43739318847656,65.63549866236168,65.35814996596648,65.56191603894376,2187843
2013-08-20,65.32988739013672,65.59591503190771,65.19969870554169,65.38648824682244,2575706
2013-08-21,64.55297088623047,65.36116045727647,64.50743556841186,65.3327060769927,2743265
2013-08-22,65.2644271850586,65.38963895859784,64.50745424073943,64.66112559615323,2394392
2013-08-23,65.11075592041016,65.45224493660888,64.64974185352611,65.31564933012939,2336147
2013-08-26,65.07090759277344,65.54899737270948,64.90585761019564,65.0993671725389,2171577
2013-08-27,64.16027069091797,64.78064281028267,64.12612438741604,64.54729502184941,2281370
2013-08-28,64.31395721435547,64.55300216868604,63.94970046205168,64.03507403098084,1848777
2013-08-29,64.49606323242188,64.78633016183083,64.07489262766256,64.2399477974628,1742811
2013-08-30,64.64404296875,64.73510842770459,64.22856427771579,64.66111871605783,2637898
2013-09-03,64.43914031982422,65.40669834794248,64.22855504668811,65.20749171135577,2593048
2013-09-04,65.19612884521484,65.3725626713215,64.35947427188873,64.35947427188873,2765391
2013-09-05,65.37825775146484,65.52054527984315,64.90017311025302,65.08229886150124,2329688
2013-09-06,65.47501373291016,65.91894686495814,64.82049007776878,65.50346812196142,2350858
2013-09-09,66.44255828857422,66.67021933849769,65.74250458490874,65.8108023805504,2364253
2013-09-10,66.92632293701172,67.08568616310804,66.6303641437908,66.7669597109154,3077069
2013-09-11,67.56378173828125,67.56378173828125,66.92633392261516,66.94910158532407,2259244
2013-09-12,67.27352142333984,67.67762150936665,67.1596934853165,67.61501043076414,2870041
2013-09-13,67.5011978149414,67.64348536644579,67.3418345108512,67.43859191548214,2360067
2013-09-16,67.8597183227539,68.29796452603766,67.76296098133021,68.17843952937262,3296535
2013-09-17,68.25814819335938,68.40612762439713,67.52964006365896,67.76867976506297,2913456
2013-09-18,69.03216552734375,69.1573824400804,68.22397607190526,68.44025322054769,3956009
2013-09-19,69.1915512084961,69.58995934508535,68.95251151989633,68.95251151989633,3483230
2013-09-20,68.30368041992188,69.39644516152221,68.30368041992188,69.1517135551654,8370804
2013-09-23,68.92974853515625,69.13464193644249,68.50857790028661,68.54272420382391,4148326
2013-09-24,68.7532958984375,69.36228925883549,68.6906900265621,69.00372457929225,4287780
2013-09-25,68.41182708740234,68.98666912676636,68.39475133731716,68.80454337258834,2599386
2013-09-26,68.6736068725586,68.86711636769465,68.25243120507677,68.63945538870108,2680116
2013-09-27,68.4231948852539,68.4687250147894,67.8768125574144,68.28090738793291,2425608
2013-09-30,67.96219635009766,68.2752257754285,67.54102051658616,67.95081251765758,2517221
2013-10-01,68.08171081542969,68.19553874411262,67.6150048824513,68.12154903246258,2218341
2013-10-02,67.84264373779297,68.06461280012378,67.41008944094607,67.80280553379353,2459574
2013-10-03,67.47270965576172,67.79143612897637,67.09707441807,67.56377510430208,3020857
2013-10-04,67.95650482177734,68.13293864554286,67.23368339124916,67.37027899460126,2372505
2013-10-07,67.55239868164062,67.8825090212908,67.31905090961304,67.47840897034183,2309715
2013-10-08,66.68161010742188,67.85405658680841,66.6474586093711,67.5694815431359,3431324
2013-10-09,66.91494750976562,67.13691663255308,66.3913328344908,66.74420562609696,2989043
2013-10-10,67.92234802246094,67.92234802246094,67.341814156852,67.50117741277482,3215805
2013-10-11,68.70777893066406,68.73623851121857,67.38166115055223,67.81990753096694,2981269
2013-10-14,69.09480285644531,69.26554475871417,68.29799173246172,68.44597116377385,2232693
2013-10-15,68.195556640625,69.08343341343044,68.17848088883524,69.02651424079791,3253718
2013-10-16,68.83297729492188,68.83297729492188,68.37766044818996,68.78744716825462,3165094
2013-10-17,69.78917694091797,69.93146448114126,68.70209867947267,68.71917443070465,3338873
2013-10-18,69.91437530517578,70.26155621345345,69.66395177527872,69.93145105312895,3098238
2013-10-21,70.14773559570312,70.18188190181634,69.82331712417763,69.88592301318063,2107591
2013-10-22,70.46076202392578,70.75672089988994,70.16480314796162,70.21033847863568,2455986
2013-10-23,70.11927032470703,70.42092110545065,69.72086735669578,70.25017400867205,2795650
2013-10-24,70.28430938720703,71.12095854417603,69.83467927726251,69.98265867564038,4605916
2013-10-25,70.81365203857422,70.83641970943125,69.93147230648677,70.03391643863225,2456943
2013-10-28,71.09821319580078,71.32587427961934,70.46076527712154,70.64858813811527,2820646
2013-10-29,71.30308532714844,71.41691843175244,70.92745010400833,71.18925741589743,2376093
2013-10-30,71.02421569824219,71.7015069589565,71.00714514367432,71.46815398408646,2520809
2013-10-31,71.62751770019531,71.92916847531725,71.11528161275983,71.12666544478013,2783331
2013-11-01,71.65597534179688,72.24220117063906,71.21204222631798,72.14544898077966,2005214
2013-11-04,71.89500427246094,71.9917616341785,71.46244989226365,71.70149474237893,2082834
2013-11-05,71.78121185302734,71.97472147879483,71.06408214143262,71.57062647380386,2102448
2013-11-06,72.35603332519531,72.4641693461313,71.84379722141182,71.97470090711505,2284719
2013-11-07,71.94625854492188,72.78291329845676,71.84381441565992,72.36742928378862,3813924
2013-11-08,72.84549713134766,72.86256768548323,71.72995952901243,71.72995952901243,2672223
2013-11-11,72.82270812988281,72.94791985474204,72.42430529865715,72.58935522929801,2094794
2013-11-12,73.05608367919922,73.186987358803,72.59506964926875,72.93655863809468,2904606
2013-11-13,73.18697357177734,73.2268117824048,72.52675818884987,72.77149494752787,2901855
2013-11-14,73.86995697021484,74.05777978781244,73.30649890412877,73.40325627056855,3073481
2013-11-15,73.90411376953125,73.98948211818472,73.40895345791392,73.50570563794886,2823038
2013-11-18,74.06348419189453,74.27406431942184,73.86427751014223,73.93826722793057,2569247
2013-11-19,74.01795196533203,74.43343070827328,73.94396224444151,74.00087621589088,3028870
2013-11-20,73.88353729248047,74.52411288939447,73.52321319303908,74.0665618737908,3219393
2013-11-21,74.55272674560547,74.58704059956432,74.11804980321264,74.17524303903546,1885016
2013-11-22,74.93592071533203,75.81099439462868,74.24959148774846,74.55844224957947,1967181
2013-11-25,75.05604553222656,75.42208437251686,74.8901804316804,75.38205066833558,2985575
2013-11-26,75.58220672607422,75.86245822694228,75.11321601610202,75.18184893021589,5058602
2013-11-27,76.35431671142578,76.44010914573978,75.4620889635321,75.85672685500701,2910466
2013-11-29,76.36004638671875,76.73181017072234,76.26281947163505,76.36004638671875,2426684
2013-12-02,73.02561950683594,75.49640947661217,72.85975446709585,75.30767027951318,8249888
2013-12-03,72.4079360961914,72.85976732391647,71.5786159699851,72.0990853384062,9405942
2013-12-04,72.32782745361328,72.9741226536806,71.77304451004983,72.03613637631,4127037
2013-12-05,72.53950500488281,73.00849591590251,72.1906204403407,72.2935672462248,3399869
2013-12-06,73.55752563476562,73.66619222982818,73.12284881684414,73.31730785049251,3451776
2013-12-09,73.5346450805664,73.88352945430886,73.43169311214682,73.66619104883243,2469022
2013-12-10,72.95126342773438,73.51176636826933,72.93982374015846,73.24867442936572,2814308
2013-12-11,72.50515747070312,74.15807253260985,72.47084362182024,73.6318885782725,4661410
2013-12-12,72.396484375,72.85975521585327,72.05331982273167,72.4250835955373,2974093
2013-12-13,72.31067657470703,72.83686558898907,72.05330451987605,72.43650268067618,2085106
2013-12-16,73.0141830444336,73.64903879236205,72.33357376093018,72.50515343346335,3355139
2013-12-17,75.14752960205078,75.27907558540797,74.34109416872992,74.59274644665912,7423333
2013-12-18,77.66980743408203,77.67552727914581,75.19901702581508,75.19901702581508,6673680
2013-12-19,78.01866149902344,78.08157455138243,77.05780096629641,77.2465401233734,4880756
2013-12-20,78.19599914550781,78.9795605370668,78.1273662213872,78.23031299814967,7004733
2013-12-23,78.24173736572266,78.60206145149893,77.9672057230047,78.4133222518393,4113762
2013-12-24,78.35040283203125,78.55058693588089,77.98436412626437,78.48767387023858,1568793
2013-12-26,79.09396362304688,79.31702197801569,78.37331515894394,78.52774057537142,2581207
2013-12-27,79.7001953125,79.72879453574735,79.24264427239679,79.37419026166192,2266300
2013-12-30,79.740234375,79.8717803645125,79.37991025558749,79.54577531306137,2050303
2013-12-31,80.2149429321289,80.31789491458687,79.7745462173878,80.07195725689276,2208414
2014-01-02,79.00242614746094,79.50001609818207,78.70501510218645,78.95667260927884,3650312
2014-01-03,79.18545532226562,79.43138778013251,78.94523749052054,79.139696562598,2551427
2014-01-06,78.71643829345703,79.66586445772933,78.63065107970006,79.35701378793148,3243672
2014-01-07,78.72789001464844,79.04246057596,78.43047898624538,78.6135035662639,3020498
2014-01-08,78.14451599121094,78.78509165200838,77.97865614522539,78.6306714958501,3734749
2014-01-09,78.04154968261719,78.60205259313761,77.89856403324626,78.3675546668954,3037720
2014-01-10,77.88714599609375,78.46480859762848,77.60117461786217,78.32754275358425,3892143
2014-01-13,77.02922058105469,78.39044435084958,76.96630751331729,77.67551600996646,3149546
2014-01-14,78.5905990600586,78.5905990600586,77.06351071503917,77.27512923007173,2965721
2014-01-15,79.17974853515625,79.39708702290967,78.67643862766607,78.79654495392751,3618976
2014-01-16,79.01958465576172,79.21404371405721,78.7164537697942,78.77936684104168,2144069
2014-01-17,78.53343200683594,79.35702697133856,78.34469279884645,78.91663026719364,2784168
2014-01-21,78.35040283203125,79.47141398201316,77.95576490604704,79.18544265518317,3236017
2014-01-22,78.05872344970703,78.63638603464997,77.97293621377095,78.55631864362118,2534085
2014-01-23,77.04639434814453,77.5897379000645,76.61171741907378,77.57829820948312,3253479
2014-01-24,74.47838592529297,76.48590587857402,74.47838592529297,76.48590587857402,4516216
2014-01-27,73.7577133178711,74.68998012828696,73.58612842021469,74.36396986650702,3962109
2014-01-28,74.2438735961914,74.35826006418625,73.8377958940891,74.02653513193167,3270103
2014-01-29,74.4955062866211,75.0788886011373,73.7805832217526,74.40971906764506,4286464
2014-01-30,73.23725128173828,74.32966340941509,72.36789745566062,74.32966340941509,4906710
2014-01-31,73.3172836303711,73.89494591549487,72.30494467091984,72.40789660698009,4443618
2014-02-03,70.86371612548828,73.54612602692143,70.69785100175467,73.33450734646473,5077140
2014-02-04,72.47654724121094,73.00273107775223,70.98949756851162,72.11622320500608,8865350
2014-02-05,72.84260559082031,73.64332119137184,72.01900539353014,73.2143693875542,5932160
2014-02-06,73.72337341308594,73.89495826224433,72.69387997463983,72.97985124401399,4578766
2014-02-07,74.54125213623047,74.5755659741152,73.6718986586887,74.1065753974596,3902787
2014-02-10,74.18094635009766,74.58702397464872,73.7920230392839,74.15234712914226,3967610
2014-02-11,74.91303253173828,75.204723703573,74.15234545980876,74.18094468012032,3114384
2014-02-12,75.09439086914062,75.41678582489534,74.84683722431984,75.03682184222093,2512318
2014-02-13,74.92166137695312,75.05982911116881,74.06962526491422,74.43231688051203,3409318
2014-02-14,76.0615463256836,76.10184831170008,74.55321613213381,74.70865089024667,3623880
2014-02-18,75.87733459472656,76.42424816745662,75.78522101033839,76.17094237679807,3440294
2014-02-19,75.16346740722656,76.40122500412348,75.1058983859324,75.60675780150787,3252402
2014-02-20,75.73918151855469,76.00975964366967,74.86987285860815,75.21529230057706,2578337
2014-02-21,75.74491882324219,76.18245175120258,75.58947880237115,75.73916139631164,3078863
2014-02-24,76.10760498046875,76.8329881902785,75.67007208397632,75.92913526471135,2935343
2014-02-25,76.52790832519531,76.81575879922802,75.91191062214223,76.14794422859593,3424268
2014-02-26,76.48757934570312,76.83299871839003,76.15366957449986,76.64301412356691,3314236
2014-02-27,77.33963012695312,77.47779790207083,75.99248643986333,76.35517816282933,3736304
2014-02-28,77.56414031982422,77.8347183936856,77.0978202216516,77.2532602543758,3802562
2014-03-03,76.1133804321289,77.0345006022584,75.80250033912326,76.60848245790942,3366022
2014-03-04,76.38396453857422,76.61424591250314,75.7506947001157,75.94643150404767,8342698
2014-03-05,77.05755615234375,77.16117938267367,76.10189109448572,76.37246928306084,4247474
2014-03-06,77.18994140625,77.5699001312882,77.15539683863143,77.35689105702339,2675213
2014-03-07,77.20721435546875,77.7195834212053,76.97693299540997,77.65049953850044,2848154
2014-03-10,76.89057922363281,77.18994447572068,76.62575854053718,77.13237544719483,2351456
2014-03-11,76.28608703613281,77.05177240813948,76.12489481587716,76.98844595498055,2306964
2014-03-12,76.32060241699219,76.4299829979485,75.75641672903193,76.03275214736955,3153852
2014-03-13,75.30738830566406,76.95389163858276,75.20951729783908,76.67755614957919,3014757
2014-03-14,74.74320220947266,75.48010034629777,74.66836091037125,74.88712738058099,3558220
2014-03-17,76.14790344238281,76.38969960218638,75.22102604282554,75.22102604282554,3025162
2014-03-18,76.41850280761719,76.70059576015403,76.13640460195275,76.27457761741972,2431229
2014-03-19,75.54920959472656,76.48184480664877,75.17500297352628,76.42427051636513,2560636
2014-03-20,76.24003601074219,76.48183223078905,75.33618809258095,75.50313774756606,3082690
2014-03-21,76.63725280761719,77.28203731076117,76.51059467513464,76.90207341956649,7080798
2014-03-24,76.23428344726562,76.97118175746415,75.92340332352883,76.75241523578421,3341146
2014-03-25,77.17840576171875,77.44898378933769,76.51059157912357,76.94812446567286,3465530
2014-03-26,76.6199722290039,77.65623011121555,76.6199722290039,77.52381981958233,2773404
2014-03-27,76.47606658935547,76.85026785570905,76.0961026424113,76.46455173442878,2873390
2014-03-28,77.25900268554688,77.70229298819724,76.67178723284773,76.902068523551,2280174
2014-03-31,78.09952545166016,78.22042089913234,77.47777068206945,77.49503770804672,3243313
2014-04-01,78.60039520263672,78.66947907509076,78.10529324119493,78.22618870470777,2835477
2014-04-02,78.29525756835938,78.4391827128095,77.90954154323367,78.28950014233129,3924554
2014-04-03,78.3758773803711,78.98036525105519,78.12257157944309,78.42193680099608,3200735
2014-04-04,78.21467590332031,79.31426039046238,78.16285906125472,78.81340102238211,3271419
2014-04-07,77.3741455078125,78.43919063366735,77.36838808120304,78.18588487535656,3357770
2014-04-08,77.6274642944336,77.80592877782279,76.81572484558554,77.39718296636919,3460746
2014-04-09,78.20314025878906,78.22040728176033,77.43169779106096,77.71954804683628,3195592
2014-04-10,77.12660217285156,78.54282414800339,77.08630018397426,78.13983577799124,3417211
2014-04-11,76.21700286865234,77.05177211852453,76.21700286865234,76.78118877024554,2832367
2014-04-14,76.6545181274414,76.86752714820669,76.00397621216476,76.82723041590033,2461488
2014-04-15,77.19568634033203,77.34536893619821,76.00398300040727,76.72360884471509,2534324
2014-04-16,78.73857116699219,78.74432859472495,77.61019938141081,77.81745102040774,2553699
2014-04-17,79.29122161865234,79.5905867705245,79.01488617173224,79.0436733029223,3164138
2014-04-21,79.8035888671875,79.85540569883983,78.97458259825835,79.01487932530671,2130196
2014-04-22,79.95904541015625,80.32173704118378,79.52151248215077,79.73452151922238,2693990
2014-04-23,79.44091796875,79.95904964812647,79.38334894951419,79.91299548336322,3405610
2014-04-24,78.66948699951172,78.86522378232702,77.71957971773874,78.51404695755083,3405969
2014-04-25,78.61768341064453,78.84796478318476,78.11682392060533,78.5831388408559,2503348
2014-04-28,79.00341796875,79.6482027671279,78.27803441393375,79.11855604758829,2684183
2014-04-29,79.18759155273438,79.38908569412956,78.61764842984122,79.37181341692052,2177796
2014-04-30,80.07420349121094,80.13752994602766,79.06096970788798,79.23367678835328,3473184
2014-05-01,81.06439208984375,81.45586560001365,80.09145523506156,80.31022169773065,4780890
2014-05-02,80.66716766357422,81.65161951571389,80.52324247643782,81.53647621412827,6887166
2014-05-05,80.94926452636719,81.20257559960852,79.82089268562895,80.10298564581352,3242236
2014-05-06,80.18934631347656,80.84564586577946,80.12026242655668,80.75928969384759,2750441
2014-05-07,81.2543716430664,81.31769808597141,80.12600001834647,80.58655739941757,2677246
2014-05-08,81.07589721679688,81.81854741289393,80.89167008447937,81.1046790946973,2319522
2014-05-09,81.36951446533203,81.386781492843,80.74199696050975,80.92046668751243,2503228
2014-05-12,82.2215576171875,82.2906414925025,81.58253045724194,81.62282719570604,3554632
2014-05-13,81.99701690673828,82.5381729436271,81.93369047176998,82.3251639339606,2027698
2014-05-14,81.51918029785156,82.19275186950196,81.40979970883942,82.0257970198245,2527626
2014-05-15,81.16226959228516,81.59980258097362,80.6095985552587,81.49617938809489,2856526
2014-05-16,81.24861907958984,81.28892107038612,80.54626548555393,81.13348104071176,2274433
2014-05-19,81.55950927734375,81.74948864104647,80.58657224068557,80.63838909243626,1828923
2014-05-20,80.7304916381836,81.69191374987773,80.53475486056031,81.51920142936302,2206740
2014-05-21,81.47481536865234,81.55011579728475,80.95929786268488,80.95929786268488,1962636
2014-05-22,81.27207946777344,81.64858158497474,81.2431157336222,81.50377348492447,1853920
2014-05-23,81.7528305053711,81.77600148987145,81.12146874590692,81.22572760545395,1446442
2014-05-27,81.9266128540039,82.01928623321835,81.74704827173909,81.96136404987108,1808711
2014-05-28,81.92081451416016,82.19305245705294,81.70649875066013,82.14092302413472,1873056
2014-05-29,82.47688293457031,82.50005392244674,81.78180615180804,81.96136545179118,1942424
2014-05-30,82.5695571899414,82.6390648645046,82.12354740926389,82.31469219297449,4674566
2014-06-02,82.43634033203125,82.77808598200203,82.07142369380713,82.40737659671458,2012031
2014-06-03,82.76649475097656,82.90551010015446,82.02507603179257,82.29731926883935,2465793
2014-06-04,82.4015884399414,82.83022003438651,82.4015884399414,82.77809059326574,1597497
2014-06-05,83.2414321899414,83.25881042349889,82.19302471223652,82.69116374342818,1844591
2014-06-06,83.7801742553711,83.7801742553711,83.13722676885568,83.40367204650506,2115365
2014-06-09,84.17401885986328,84.29565595040249,83.76276033670581,83.78013857402627,2153876
2014-06-10,83.97128295898438,84.11029828623231,83.67587406724454,83.97128295898438,2033200
2014-06-11,83.64690399169922,83.97127128171971,83.519474173668,83.79171204455776,1781920
2014-06-12,82.87075805664062,83.95970985226177,82.70277897587438,83.95970985226177,2199922
2014-06-13,83.03872680664062,83.26462805435317,82.73173768212583,82.94026069108683,1645935
2014-06-16,83.01558685302734,83.1372239913071,82.59853542041067,82.78968553525492,1524063
2014-06-17,83.22989654541016,83.40366311796254,82.62170032809267,82.83601613398817,1446442
2014-06-18,83.60057067871094,83.63532186441154,82.69696585557521,83.36887672775167,1603477
2014-06-19,83.6932373046875,83.82645986231081,83.40362121060168,83.71640828352669,1866358
2014-06-20,84.08135986328125,84.16245303771014,83.5252984218869,83.7222359681552,5028702
2014-06-23,83.4615707397461,84.16244551129222,83.41523405222473,84.0465958644597,1662679
2014-06-24,82.88233947753906,83.76856629645522,82.85917377614287,83.24146334538477,1679782
2014-06-25,83.20670318603516,83.62954193653177,82.76069345128596,82.83020111869153,1580873
2014-06-26,83.25303649902344,83.40363731986443,82.57533809059105,83.26462199068075,1783116
2014-06-27,83.22989654541016,83.45000509892611,82.8649798720904,82.92869481056164,2370233
2014-06-30,82.9692153930664,83.3688884395544,82.86495653596671,83.36309569356528,2246566
2014-07-01,83.7337875366211,83.88438833020648,83.05029122070658,83.06766945504745,2114050
2014-07-02,84.12191009521484,84.16245932813659,83.15459524760348,83.54267762201863,1939075
2014-07-03,84.22614288330078,84.41149488010586,83.98865617787882,84.13346424222243,1366071
2014-07-07,83.9365234375,84.32460565197904,83.69903674146336,84.26668348560098,1504448
2014-07-08,83.7337875366211,84.22034110070791,83.68744557837879,84.11607698001377,1909653
2014-07-09,83.80331420898438,84.01183721234884,83.42681213956844,83.86123638458245,1820073
2014-07-10,83.34574127197266,83.52530587824214,82.96923910185414,83.11983996990155,2475840
2014-07-11,83.5890121459961,83.69327102207305,83.14300233576446,83.49054073160953,2281848
2014-07-14,83.9886703491211,84.39992362993432,83.84386226034431,83.98287760274181,2529062
2014-07-15,84.02342224121094,84.26669643445186,83.61795644355567,83.98866576483239,2339017
2014-07-16,84.6663818359375,84.71271852584891,84.00605625659648,84.1508643585918,2355163
2014-07-17,83.14299774169922,84.37676294279237,83.09086830654115,84.1798201249013,3320694
2014-07-18,83.89019012451172,84.02341269812742,83.14297882076083,83.31095258145591,2551068
2014-07-21,83.58321380615234,83.91337393877488,83.2067117002826,83.7917368297065,1818996
2014-07-22,84.0582046508789,84.37678466125845,83.92498201265428,83.92498201265428,1923407
2014-07-23,83.80331420898438,84.2493186608362,83.71642830291111,84.18560373914308,2211882
2014-07-24,84.06397247314453,84.8169766642103,83.68167763111478,84.2840809839674,3085680
2014-07-25,84.0582046508789,84.533178292341,83.75121013692831,84.37099191304398,1915753
2014-07-28,84.29568481445312,84.35360700666938,83.28202795193047,83.94235362804483,2394631
2014-07-29,83.4210205078125,84.7242932602637,83.40364226929526,84.11609719497888,2734774
2014-07-30,83.25885009765625,83.86125353189665,83.13142022821413,83.56005181477646,2940246
2014-07-31,81.6080322265625,83.14879188853051,81.44005313946006,83.0213620291749,4271036
2014-08-01,81.1562271118164,81.69491555160577,80.55962177636067,81.17939809836517,2996937
2014-08-04,81.52694702148438,81.6601696406766,80.63493263349372,81.17940860503649,2983422
2014-08-05,80.96508026123047,81.74125015191242,80.71022055711353,81.45163396885992,2593526
2014-08-06,80.83185577392578,81.05775702567053,80.18311575046107,80.59436902947321,3204084
2014-08-07,80.58856964111328,81.30681727627528,80.49010353191737,81.12146526428435,2263430
2014-08-08,81.5848388671875,81.60800984811749,80.4495453672419,80.6870320657198,3232310
2014-08-11,81.4284896850586,81.96138021940698,81.40531869300726,81.63122000944566,2295244
2014-08-12,81.60224151611328,81.79339159526974,81.34158904407656,81.45164066571554,2602616
2014-08-13,82.1351318359375,82.15251007569081,81.62540713397598,81.87447409569594,3712743
2014-08-14,82.44790649414062,82.47687022452273,82.16408307780505,82.2509689835991,1897932
2014-08-15,82.20462799072266,82.81861147446455,81.68331786864054,82.72014536703205,2345236
2014-08-18,83.47894287109375,83.51949209439144,82.5927161289581,82.6853947825719,2216068
2014-08-19,83.55426025390625,83.99447734127833,83.29940051140318,83.6816901251578,1904630
2014-08-20,84.25638580322266,84.38458078311137,83.61543217124702,83.82519852442813,2749365
2014-08-21,84.1981201171875,84.48363588061655,84.1107161388819,84.36127350110898,1765057
2014-08-22,83.9825210571289,84.39040449062887,83.91842622833607,84.19811468738362,1850810
2014-08-25,84.31465148925781,84.48362682454403,84.15149812282526,84.29134234637701,1211428
2014-08-26,84.25638580322266,84.71670951309804,84.23890926144114,84.48946130126843,2162488
2014-08-27,83.8718032836914,84.40787099416285,83.69116807386482,84.15731899475541,1677031
2014-08-28,83.89510345458984,83.97668012803663,83.33572662737295,83.51053454431117,1571664
2014-08-29,83.9067611694336,84.13400934322412,83.42896099775568,83.94172488087803,1839209
2014-09-02,84.03495788574219,84.26220607866432,83.49889013339245,83.49889013339245,1888245
2014-09-03,83.80189514160156,84.3263083689066,83.64456904666325,84.18063684646253,1834186
2014-09-04,83.67952728271484,84.28552251628786,83.52802847432159,84.02913787251966,1853561
2014-09-05,84.02330780029297,84.09322991151095,83.41148533948589,83.69700107003148,2378964
2014-09-08,84.42535400390625,84.75165539949661,83.97085764735584,84.14566557429559,2925536
2014-09-09,84.17478942871094,84.64094031579266,84.05242708051992,84.31463894832805,2087498
2014-09-10,84.27970123291016,84.48364031508304,83.90678147160132,84.27387394625944,1864325
2014-09-11,84.1107406616211,84.12822252575252,83.6737259595473,83.90097424264991,1752618
2014-09-12,83.8718032836914,84.1689735653076,83.61541868214174,84.1689735653076,2553938
2014-09-15,84.18647003173828,84.3088377346353,83.70866974406329,84.00584009602157,2234128
2014-09-16,84.40203857421875,84.48361524625513,83.66785384275717,83.79022150924463,2326340
2014-09-17,84.70504760742188,84.94977765671275,84.06409403093608,84.44284101786249,3297372
2014-09-18,85.56159973144531,85.68979470761741,84.89151500468284,84.89733697386325,2828301
2014-09-19,85.47418212890625,86.16174856140958,85.37512360492684,85.89954201487055,9695015
2014-09-22,84.90316009521484,85.65482678976745,84.78079772795896,85.60821382054297,2668276
2014-09-23,84.12236022949219,84.83906319193235,84.11070565825472,84.62346957463842,2451441
2014-09-24,84.41951751708984,84.5593617166526,83.7436003412928,84.00581220312218,3119407
2014-09-25,83.02108001708984,84.17479745827643,82.78218258277246,84.14566634809604,3305983
2014-09-26,82.98612976074219,83.25999093437571,82.1470590650323,83.04439730368405,4255009
2014-09-29,82.85211944580078,82.93951810877284,81.9606084218013,82.12376180858563,3406567
2014-09-30,82.554931640625,83.26580726811875,82.32185618264798,83.03273181014173,3199420
2014-10-01,81.09820556640625,82.54909304873895,80.83017175072135,82.25192281097294,3499376
2014-10-02,80.80105590820312,81.1798029073956,80.38152322457456,80.74278836606584,3852675
2014-10-03,81.67508697509766,81.83824035053914,80.74279032765139,81.18563216564006,4202864
2014-10-06,81.7741470336914,82.32186939683423,81.33713247366032,81.89650940910269,2947781
2014-10-07,80.22419738769531,81.68091252997706,80.21254281585838,80.8884601305998,3761300
2014-10-08,82.39763641357422,82.43842210847419,80.24752687070114,80.55634651831879,4946058
2014-10-09,80.78358459472656,82.45006629182316,80.60295465883767,82.24612720929026,4506528
2014-10-10,77.9808578491211,81.3429519622595,77.97503056314903,81.18563119161428,8810334
2014-10-13,77.43895721435547,78.86654125229494,76.33767992229934,78.23140961838632,5481746
2014-10-14,78.184814453125,79.2103425782126,77.61961012193125,77.87598949476917,4358583
2014-10-15,78.2081069946289,78.45283174093962,76.09878363644214,77.24084663087028,5734461
2014-10-16,78.69171142578125,79.2277843662961,77.35153173292673,77.74193319886459,4182651
2014-10-17,80.06104278564453,80.32324938047998,79.0996097431368,79.0996097431368,4480694
2014-10-20,80.17758178710938,80.26498576194854,79.68812697162369,79.91537517945876,3327870
2014-10-21,82.11792755126953,82.2169807787273,80.60877214379249,80.64373054264031,3681766
2014-10-22,80.96421813964844,82.2111617551872,80.81854660993092,82.10045394469817,5135983
2014-10-23,84.51859283447266,86.19090159366151,82.6947852761768,82.6947852761768,8879582
2014-10-24,86.58130645751953,86.69784686981323,84.37875699926177,84.48946480823021,5359156
2014-10-27,87.1465072631836,87.23391123973106,85.8529454242555,86.28995999012582,3396640
2014-10-28,88.02056121826172,88.06134691402676,87.14652657595691,87.30385270523442,2821125
2014-10-29,87.99138641357422,88.41091903080564,87.51940823153949,88.21280729214622,2464478
2014-10-30,88.62654113769531,88.80134910954793,87.40290128532962,87.6884170736527,2196454
2014-10-31,89.59961700439453,89.99001327040496,89.20339345230632,89.63458072086124,3607495
2014-11-03,89.32572937011719,89.96085019581996,89.1392669045874,89.23249282048701,2831530
2014-11-04,90.34547424316406,90.45035477948198,89.29080969155223,89.68703332165889,3741806
2014-11-05,90.71837615966797,91.0388556451956,89.81521056726619,90.71254887324984,3313398
2014-11-06,90.92814636230469,91.29523349948944,90.43868621232416,90.71837468838898,2472371
2014-11-07,91.21949005126953,91.26027042208685,90.59601294520414,90.98640923042345,2251829
2014-11-10,91.86625671386719,91.89539314284949,90.92813813676959,91.04467321896558,1750346
2014-11-11,91.5457763671875,92.0643728968008,91.2777424906382,92.03523646810348,2160694
2014-11-12,91.87792205810547,91.98862986748544,91.19035542217235,91.2777540856335,1794837
2014-11-13,92.268310546875,92.68784318837565,91.76136862564567,92.06436619457375,2840620
2014-11-14,92.55965423583984,92.57713609392444,91.89539679729364,92.37320235040482,2136415
2014-11-17,92.46640014648438,92.74026123897941,92.1167949924128,92.1167949924128,2002463
2014-11-18,93.31715393066406,93.49778917479902,92.5596598695612,92.57714172870983,2764434
2014-11-19,93.04473114013672,93.38449566714196,92.54092687547792,93.33763786147618,2768381
2014-11-20,93.355224609375,93.46653731443384,92.46479780456849,92.66982614279537,2091804
2014-11-21,93.8238754272461,94.23394278496524,93.48996939226834,93.91175387656307,2956512
2014-11-24,93.65982818603516,94.05818903074834,93.38449714651117,93.82385723548056,2820407
2014-11-25,92.59367370605469,93.54268612662298,92.59367370605469,93.14433589396523,4360975
2014-11-26,92.7401123046875,92.82212148713792,92.26560082468991,92.54093187472614,2180547
2014-11-28,93.7828598022461,94.21051351472747,93.02716932875833,93.48410516509566,1872338
2014-12-01,92.65223693847656,93.44308943133892,92.4764907521952,92.76354962729958,2992512
2014-12-02,94.08161926269531,94.18707338890981,92.87485159106453,93.01544640187625,2995262
2014-12-03,95.0541000366211,95.15954349813265,93.82974568336651,94.3745493737882,3634405
2014-12-04,95.0541000366211,95.4407331893703,94.25738878424089,94.9017880629665,2588383
2014-12-05,95.05992889404297,95.42898623940671,94.83145565955473,95.13607951166777,2060230
2014-12-08,94.27494049072266,95.37041684768141,93.78871187337651,94.96033885238309,2270367
2014-12-09,94.21638488769531,94.37454472676971,93.20877607109657,93.66571196956072,2443548
2014-12-10,92.69911193847656,94.20465571635472,92.38277091915191,94.14607008655076,3879465
2014-12-11,93.23220825195312,93.85903179381577,92.8045651816494,93.24978394275034,2915011
2014-12-12,92.0429916381836,93.13846803213625,92.0429916381836,92.88657121656946,3373438
2014-12-15,91.88484191894531,92.816278658903,91.14671638853615,92.6288153219141,3120723
2014-12-16,93.17362213134766,94.57371175550131,92.0195707672257,92.12501420855241,4043437
2014-12-17,94.08161926269531,94.2515068863444,92.42963290835947,93.3142117112021,4715350
2014-12-18,96.83496856689453,96.83496856689453,94.90178155411581,95.1361027171395,4018321
2014-12-19,96.94041442871094,97.29775474573715,96.28429805065458,96.53034703783061,5849995
2014-12-22,97.989013671875,98.01243723399966,97.32703878973938,97.37390729560634,2489594
2014-12-23,97.75469207763672,98.51039335989182,97.75469207763672,98.42838415683923,2619479
2014-12-24,97.8073959350586,98.18817042231781,97.34460157340644,97.34460157340644,1173994
2014-12-26,97.39735412597656,98.3053673995527,97.33290992208747,98.03002558283673,1922450
2014-12-29,97.66096496582031,97.90114470001983,97.13373698701756,97.42078523162081,1453977
2014-12-30,97.15129089355469,97.67852950296003,96.82324343061892,97.56722749427095,1412117
2014-12-31,96.26087188720703,97.9304451006887,96.19057980696932,97.24504653702034,1941945
2015-01-02,96.1085433959961,96.70606332673401,95.32940802478699,96.48931789230306,2531214
2015-01-05,93.94105529785156,95.8625254704069,93.77703687372137,95.48760941540613,4416708
2015-01-06,92.93929290771484,94.53270446124128,92.4062064324554,94.21051556534658,4224272
2015-01-07,93.6130142211914,93.89420395455619,93.10920971260589,93.67158917933548,3685235
2015-01-08,95.85663604736328,95.89178742299416,94.03476205766262,94.11091268072184,3758908
2015-01-09,94.67914581298828,96.07338742686767,94.47411751355202,95.98550899213173,2844806
2015-01-12,94.16365051269531,95.13023861742943,93.74186602931266,95.13023861742943,2570443
2015-01-13,94.09335327148438,96.2960128299743,93.4079547821436,95.03651786923861,3232788
2015-01-14,93.63641357421875,94.0406223288949,92.85141962490498,93.16776062971512,2372266
2015-01-15,93.53097534179688,94.57372484602908,93.36108768509477,94.25152522374677,2244653
2015-01-16,94.90176391601562,95.00720735069798,93.19705051028593,93.64811706165149,2810241
2015-01-20,94.86663055419922,95.72191670073005,93.76530611642241,95.32356644566286,2501793
2015-01-21,95.21810913085938,95.70432707893703,94.32767173210416,94.70258767803941,1910849
2015-01-22,97.18060302734375,97.23918867030433,94.97794321418726,95.6399182163988,2662057
2015-01-23,96.08509826660156,97.2332908789245,96.0206540853438,97.09855464528292,2685738
2015-01-26,96.2140121459961,96.23744640254506,94.78462940461324,95.8508025511079,4253335
2015-01-27,95.85663604736328,96.7412148558943,94.2808003054634,95.08336992833004,5012077
2015-01-28,96.03823852539062,97.5789228552125,95.93279509180009,96.43073013822743,4275222
2015-01-29,97.3211669921875,97.33874267949756,95.4172731807596,96.11439934749602,3198822
2015-01-30,95.07752990722656,96.78810223182361,95.07752990722656,96.51277111730353,4260032
2015-02-02,96.31946563720703,96.43662624133871,94.2515419528207,94.97209196266382,2846121
2015-02-03,97.2098617553711,97.35631512059764,96.489312053721,96.75878453520873,3115341
2015-02-04,96.54793548583984,97.14545561442011,96.21401868893021,97.11617348255307,2826866
2015-02-05,97.5672378540039,97.59066141820824,96.51277121403811,96.84082940261588,2452398
2015-02-06,97.2860336303711,98.22919821246347,96.98727896320676,97.3797706467138,2184972
2015-02-09,96.56549835205078,96.97557647885057,95.97968467469218,96.29602577099557,2479308
2015-02-10,97.13959503173828,97.32704769073189,96.42489301513963,96.89354604424325,2254580
2015-02-11,96.95389556884766,97.24272915966799,96.35854338075227,96.97747557745392,2027340
2015-02-12,97.79682159423828,97.82040160411317,97.17199436176895,97.21915438151872,1932377
2015-02-13,97.81450653076172,98.21533442643297,97.45493289503786,97.79092652090392,2143232
2015-02-17,98.39217376708984,98.39217376708984,97.31346361695859,97.81450655464783,2512676
2015-02-18,98.67511749267578,98.7399625231664,97.85577665121114,98.39217887423445,1856192
2015-02-19,98.49236297607422,98.76352229069661,98.19173941093607,98.67509726724298,1971965
2015-02-20,99.0995101928711,99.18793522086197,97.33703372255168,98.28606447917106,2890254
2015-02-23,99.50626373291016,99.54162299388445,98.85196142396592,99.11132004340307,2195856
2015-02-24,99.6889877319336,99.76562277186059,99.07005543866586,99.187955500092,2117279
2015-02-25,99.55340576171875,100.00728869138558,99.39425144833925,99.60056578266202,2414844
2015-02-26,99.97781372070312,100.19591806035422,99.40604149573963,99.52982579346417,2140122
2015-02-27,99.41194915771484,100.0603564993134,99.35890488468043,100.00730146897355,2327416
2015-03-02,100.50244140625,100.50244140625,99.09952753238333,99.12310754397338,2658828
2015-03-03,99.18795776367188,99.97192864621755,98.65154474385602,99.95424363660004,2669950
2015-03-04,98.53363800048828,99.1820452091675,98.12102012101207,99.1820452091675,1884537
2015-03-05,98.77530670166016,98.85193096034644,98.25657886533956,98.56309741468775,1850451
2015-03-06,96.8831558227539,98.30375452965414,96.67685226145984,98.14460022840555,2528822
2015-03-09,98.0679931640625,98.30967756458702,96.97160850649986,97.09539283003375,1923288
2015-03-10,95.64532470703125,97.177907301443,95.63942970347442,97.14844304096464,3067262
2015-03-11,95.33289337158203,96.21118419500097,95.29162835432908,95.90466558144367,2265583
2015-03-12,96.94801330566406,96.97748832029491,95.82804880812877,95.8398280566765,2051140
2015-03-13,95.92825317382812,96.90085335625656,95.36237592170217,96.68275976243096,2732501
2015-03-16,97.97367858886719,98.0090486100615,96.42340023290696,96.42340023290696,2524995
2015-03-17,96.8065414428711,97.57283801656592,96.30549847925793,97.56694301379503,3059248
2015-03-18,98.12689208984375,98.40983061263059,95.52149537697291,96.17578667692973,3662630
2015-03-19,97.64945220947266,97.97365581377763,97.17198930625827,97.9441808029675,2336386
2015-03-20,98.13872528076172,98.5159732247317,97.49031793892891,97.90293590313823,5228673
2015-03-23,97.92648315429688,98.38626099166846,97.74964386956906,98.33910098046056,2580131
2015-03-24,98.03852081298828,98.8225025597811,97.57285852542716,97.60232278817041,2500836
2015-03-25,95.9046859741211,98.15641603487941,95.88110595924833,97.9913666880761,3038916
2015-03-26,95.8398208618164,96.29959878362746,95.02637506289948,95.49204798719416,2452637
2015-03-27,96.3761978149414,96.61197631160447,95.50380231706839,95.70421081204205,2060230
2015-03-30,97.87938690185547,98.30379496063713,96.78888635328191,96.78888635328191,2014064
2015-03-31,97.23094177246094,97.84987398582193,97.03641745352658,97.50209036412488,2489235
2015-04-01,95.798583984375,96.98928864368929,95.43311527868383,96.84192431216333,2569128
2015-04-02,95.96363830566406,96.65329997065106,95.56279955785564,96.30551625757484,2215710
2015-04-06,97.54334259033203,97.84396615412916,95.13835407995498,95.29161336262219,3062119
2015-04-07,97.97367858886719,98.77534528274303,97.4254862895782,97.49621557466111,2965482
2015-04-08,98.00901794433594,98.56900007547868,97.38419079462608,97.97364793420843,2098262
2015-04-09,98.31554412841797,98.54542769743806,97.30756330556721,97.99723552723385,2009400
2015-04-10,98.48062133789062,98.85198510417263,97.97958898813248,98.73409577230643,1796272
2015-04-13,97.75556945800781,98.6515454074917,97.61410013742116,98.29787748467766,2225038
2015-04-14,97.84397888183594,98.13281248013047,96.77116376361194,97.44904599937088,2289503
2015-04-15,98.10926055908203,98.63976788911965,97.76737184216955,98.27430991354645,2386977
2015-04-16,97.78504180908203,98.23302977161396,97.31936883729563,97.69073251702974,1988709
2015-04-17,95.32112884521484,96.98929665827353,94.97924012548523,96.98340165423313,3663946
2015-04-20,96.97157287597656,97.4902899949166,95.9223378774271,96.08149216557969,2863463
2015-04-21,96.67095184326172,97.67302685465714,96.44695253070832,97.64355184546555,2356718
2015-04-22,97.06591033935547,97.19558965675711,95.82805644199138,96.55898307654046,2665645
2015-04-23,94.11273956298828,95.16786999053913,93.49380716476668,94.04201027144373,6822582
2015-04-24,93.71778106689453,94.20113899729716,93.04579381484388,94.20113899729716,3640026
2015-04-27,93.12245178222656,94.35442154287443,93.02224747290768,94.00663782625831,4124765
2015-04-28,93.32874298095703,93.34641723101805,92.061403511578,92.95148433844928,4051928
2015-04-29,92.52706909179688,93.0929462533537,92.06139620671907,92.79232266661377,3682006
2015-04-30,92.1852035522461,93.08707453807838,91.96121493530627,92.43867794380083,4198199
2015-05-01,92.94561767578125,93.18730209282077,92.42100532654979,92.42100532654979,2583480
2015-05-04,93.7354736328125,94.22471584782947,93.06348632657505,93.3700049649808,2679399
2015-05-05,93.08116149902344,93.98892731242707,92.78643289764842,93.64114369017528,2329449
2015-05-06,92.9220199584961,93.77084662261107,92.27951840391165,93.08706928881554,2634908
2015-05-07,93.49380493164062,93.84158864890561,92.68035893312089,92.68035893312089,2527028
2015-05-08,94.66680145263672,95.13836937954767,94.34850359034303,94.46049788025954,2422498
2015-05-11,94.25419616699219,94.90260349795042,94.19525689155387,94.46640552756378,2043605
2015-05-12,94.35440826416016,94.54892185150443,93.14012368615876,93.55274163051028,2230301
2015-05-13,95.0853500366211,95.33881369531404,94.52535692565517,94.56662195386781,3095128
2015-05-14,96.16992950439453,96.25835455086016,95.37416863003338,95.5451022052571,2945150
2015-05-15,96.25835418701172,96.53539781694698,95.87520050171878,96.16992914088033,2300865
2015-05-18,96.00487518310547,96.42928311215827,95.67478729871176,96.08151021939098,2090369
2015-05-19,96.15223693847656,96.4292805476861,95.8162540602269,96.12277268260854,2481820
2015-05-20,96.03657531738281,96.73060876581334,96.00098163790877,96.34503222216786,2365808
2015-05-21,96.13150024414062,96.30351472605872,95.9772717781943,96.03658375720181,2871357
2015-05-22,95.49082946777344,96.29163296661433,95.30100737446928,96.08994631589579,2179949
2015-05-26,94.66631317138672,95.69252166998315,94.34005947421593,95.49083500756399,2955436
2015-05-27,95.51458740234375,95.68661271143175,94.63074256024456,94.80276786933254,3140576
2015-05-28,95.42560577392578,95.43747033524075,94.67819253773156,95.11714883039612,1887408
2015-05-29,94.36378479003906,95.37812868968138,94.16209813574257,95.17050975657244,3445078
2015-06-01,94.30445861816406,94.76714387295344,94.06125684623318,94.3756351360331,2279696
2015-06-02,94.36378479003906,94.83832379372868,93.69348058553909,93.88923496102315,2967396
2015-06-03,95.00440979003906,95.20609642950673,94.30445506826673,94.67815612999523,2481102
2015-06-04,93.93075561523438,95.13491071831048,93.77652720013549,94.61884579203867,2676170
2015-06-05,93.17742919921875,93.70535878910054,93.11217412277912,93.42656329496883,2768501
2015-06-08,92.88677978515625,93.37318347301732,92.71475448016649,92.83338926195384,1923886
2015-06-09,93.1180648803711,93.87734221373407,92.89266000383616,93.0409561042901,2165717
2015-06-10,94.34008026123047,94.65446946957148,93.10032026894186,93.10032026894186,2103644
2015-06-11,94.82647705078125,95.12306939647006,94.3163442783804,94.38752081217497,2217623
2015-06-12,93.74690246582031,94.90361061870948,93.651985973059,94.82055868754333,2284958
2015-06-15,92.45967102050781,93.3197974875036,92.17494323327071,93.17743359388506,2814308
2015-06-16,92.82742309570312,93.15367674551896,92.16305123969089,92.23423857797442,2068243
2015-06-17,93.10029602050781,93.47994021391186,92.38847668953312,92.89268791269194,2199922
2015-06-18,94.68412780761719,95.05190756933264,93.36132660720448,93.47997222409978,3024564
2015-06-19,94.28668975830078,94.83834853044137,94.28075747794104,94.52989160239244,3931491
2015-06-22,94.71969604492188,95.32474522721309,94.58326444747652,94.82053396686138,1731090
2015-06-23,94.81460571289062,95.42557630528725,94.61885133697488,95.15271312996612,2734534
2015-06-24,93.45027160644531,94.8857747152154,93.45027160644531,94.7196817465876,3424028
2015-06-25,92.48932647705078,93.91297614708286,92.48932647705078,93.6341698323892,3066544
2015-06-26,93.1833724975586,93.71723443024436,92.49527127504993,92.63170289841027,3140098
2015-06-29,91.32075500488281,92.79778438195937,91.30295816596288,92.48932749133611,2960100
2015-06-30,91.52838134765625,92.12156605817633,91.39194973026292,91.94360847995456,3062956
2015-07-01,92.32916259765625,92.79184791270056,91.74191024112447,92.61389035686393,2065253
2015-07-02,92.16900634765625,92.58424427317871,91.88427857464691,92.58424427317871,2418790
2015-07-06,91.9910659790039,92.28765833187195,91.24958509683377,91.2851679519282,2597951
2015-07-07,92.19868469238281,92.3173194820542,90.85215439008746,92.02665937596088,3426899
2015-07-08,90.58522033691406,91.64702277787995,90.57928805636506,91.39788864548062,3125507
2015-07-09,91.20211791992188,92.24019105324552,91.20211791992188,91.70039692103514,2474763
2015-07-10,91.9139175415039,92.45371155748828,91.64698667261767,91.78935052437868,2465315
2015-07-13,92.81556701660156,92.99352455323891,92.32915263654648,92.78590562294099,2520211
2015-07-14,92.99948120117188,93.1774387844405,92.70288883750052,92.82745589818985,2166434
2015-07-15,92.53678131103516,93.12996594540496,92.47745851746726,92.87489958371759,2136176
2015-07-16,93.23079681396484,93.6875498138913,92.9460690770401,93.47400942386098,2420584
2015-07-17,92.94608306884766,93.34944561932421,92.79185461935249,92.83338057795875,2905084
2015-07-20,93.20112609863281,93.5155151986557,92.6969257431936,92.99351800827269,2809404
2015-07-21,92.3944091796875,93.23672782115706,92.14527511960807,92.98166148225067,3281704
2015-07-22,92.18680572509766,92.72067843318679,91.61141788357538,92.29358676191237,3668969
2015-07-23,88.68109893798828,91.16654045540373,88.396371122526,90.11660798905278,6190974
2015-07-24,88.58024597167969,89.45223157776553,88.20653940126122,88.30145046700703,4106586
2015-07-27,88.21249389648438,88.38451923159677,87.61337677695381,88.17097333938769,3728650
2015-07-28,89.63612365722656,89.997965698687,87.98113650249398,88.29552571336875,3920129
2015-07-29,89.83779907226562,89.98016296736814,89.39884282692213,89.83186679224767,2603572
2015-07-30,89.90895080566406,90.00386184139205,89.17340245726268,89.57083802158537,2534444
2015-07-31,89.77254486083984,90.64452502737305,89.58866042758328,90.47843743326956,1937042
2015-08-03,89.0488510131836,90.03353897278323,88.34889621055004,89.44628664699309,2816700
2015-08-04,89.21493530273438,89.89116633584948,89.0429100520483,89.52931899902785,2167032
2015-08-05,89.57679748535156,90.89959845832722,89.5234123795925,90.07507110198571,2111658
2015-08-06,88.5387191772461,89.70135935309922,88.32517335388513,89.50561036818429,2110701
2015-08-07,88.3192138671875,88.97764797288218,87.88619007437893,88.0760067213378,1995765
2015-08-10,89.7132339477539,89.80814501741939,88.91243566740378,88.9776853363412,1879873
2015-08-11,88.07603454589844,88.97767608228511,87.9455352215961,88.97767608228511,2165717
2015-08-12,88.09976959228516,88.21247208558539,86.64646926325277,87.34049188816596,2435893
2015-08-13,87.43537139892578,88.12346690824168,87.24554933507068,87.79128100282635,2144548
2015-08-14,87.95738220214844,88.09381377871321,87.38792678251714,87.58960800819277,1676672
2015-08-17,88.52684020996094,88.56836615957637,86.81846848845817,87.45317898841952,1972084
2015-08-18,87.97518920898438,88.33703116643362,87.72011744872954,88.16500589992074,2039778
2015-08-19,87.1299819946289,88.13346973412973,86.777569025841,87.32709867489281,3020737
2015-08-20,85.6247329711914,86.53264893854325,85.61875940953804,86.31761707001202,3924913
2015-08-21,84.87215423583984,86.80147362506311,84.77060910207423,85.7263084510302,6508632
2015-08-24,82.77558135986328,84.87214951743802,80.03988551703829,81.90350105151232,8801962
2015-08-25,82.21412658691406,84.85425157275667,82.06479836159038,84.73478572229787,6501336
2015-08-26,85.24842834472656,85.29024327752936,82.74569124961268,83.62373943450967,5456391
2015-08-27,85.95328521728516,86.58046034336805,84.41819382643625,85.86368721346423,4909102
2015-08-28,86.13844299316406,86.20415218803582,85.2962359901478,85.4276434792286,3186264
2015-08-31,84.90203094482422,85.91148708788549,84.83035361780409,85.41571936352398,3007820
2015-09-01,82.72779846191406,83.91645046143879,82.39330613834362,83.31316411591132,4390994
2015-09-02,84.36445617675781,84.36445617675781,83.16983031419596,83.9463393049945,3961989
2015-09-03,84.6630859375,85.3559702453258,84.4062445102502,84.78255175627362,3117015
2015-09-04,83.5281753540039,84.0239428454162,83.12200039151978,83.58790552339944,3822177
2015-09-08,85.67255401611328,85.74423133285784,84.53168506179153,84.84826214838496,2909748
2015-09-09,84.137451171875,86.8193849725822,83.96423418129591,86.52670216228367,3160789
2015-09-10,84.08966064453125,84.76462420737819,83.71335342895586,84.22106812925124,2429315
2015-09-11,84.37638092041016,84.418195866692,83.48638532496489,83.98812652802386,2996219
2015-09-14,84.10758972167969,84.56752141440084,83.64168446539085,84.53168003299476,2723531
2015-09-15,85.77410125732422,85.91745590344033,84.24498321530824,84.55558676533731,3218197
2015-09-16,86.13247680664062,86.28777310154385,85.54113764222062,85.72032819033886,2464119
2015-09-17,85.3858413696289,86.93885347118177,85.12899448209973,85.89952969435545,3414700
2015-09-18,83.39678192138672,84.40026971288898,83.15188762462773,84.32261883943744,7805096
2015-09-21,83.6476821899414,84.26888937775739,83.23553343638402,83.9224443920908,2981150
2015-09-22,82.44110107421875,82.7337839433777,81.98116929401674,82.59042929115016,3319259
2015-09-23,82.2260513305664,82.96671869049507,81.74819895949493,82.74571319519912,3210662
2015-09-24,82.17828369140625,82.44707229410528,80.87016571411725,81.61083321300566,3217599
2015-09-25,83.3609619140625,83.69545427489938,82.7696226303396,83.39679785078346,4505571
2015-09-28,82.6561279296875,83.44458391840469,82.60834486535074,82.60834486535074,4148804
2015-09-29,84.54960632324219,84.91396647334298,82.68599062499517,82.79947743963368,5915416
2015-09-30,84.6810302734375,85.55310537743675,83.92244200611404,85.12901495568366,4328683
2015-10-01,84.10163879394531,85.11706856910853,83.37291834587133,84.94384607968662,2973615
2015-10-02,85.5351791381836,85.59490933140573,82.76962050390686,83.07425048470546,3665022
2015-10-05,87.39877319335938,87.5660166026653,85.79199923886654,86.19220069935557,3572691
2015-10-06,87.08218383789062,87.5898984574812,86.84923127000853,87.20164417767771,2699133
2015-10-07,88.12752532958984,88.72483823040871,87.28531261334199,87.64967282880151,2336984
2015-10-08,89.28626251220703,89.33404555687734,87.56002848790833,87.5958698591587,2402525
2015-10-09,89.53714752197266,89.98513201947047,89.17876101404059,89.33405729220208,2743624
2015-10-12,89.63273620605469,89.93139806329604,89.32213812114834,89.75220203901769,1709443
2015-10-13,89.0652847290039,89.5968937486402,88.83830565826405,88.94582435507003,2425010
2015-10-14,88.5934066772461,89.3938097207866,88.50978768495443,88.99958176279888,2703319
2015-10-15,89.11308288574219,89.52522612572913,88.41422490667838,89.38187148135694,3095846
2015-10-16,88.82038116455078,89.46548241710526,88.09166092402155,89.45950885363112,2978399
2015-10-19,88.40228271484375,88.6531560816716,87.94235093415905,88.38436202071331,2397023
2015-10-20,89.0652847290039,89.39978249654975,87.88260631579743,88.073744004158,2881523
2015-10-21,89.4893798828125,90.42716403504652,88.939855592653,89.29824218413358,3599840
2015-10-22,93.1807632446289,93.80197022237468,89.98514125779867,90.39728442165053,6113832
2015-10-23,93.05536651611328,93.8916003046536,92.284831049177,93.50335123868858,3584890
2015-10-26,93.50335693359375,93.63476448547259,92.96576869336074,93.21664756573665,2554776
2015-10-27,93.61679077148438,93.77806606215604,92.63122924019021,93.18075340060521,2356240
2015-10-28,94.42317199707031,94.57250017000518,93.30021846825562,93.47344089296605,3258741
2015-10-29,94.14241790771484,94.32161388103299,93.70638054968218,94.22604778223865,1775582
2015-10-30,93.90352630615234,94.78157485674463,93.90352630615234,94.25594479951856,3195832
2015-11-02,95.5222396850586,95.62377937497052,93.98118004126691,94.08271973117884,3231353
2015-11-03,94.82340240478516,95.45058313872265,94.77561388390114,95.2594399558529,3555469
2015-11-04,94.91893768310547,95.25940898236763,94.73974168872209,94.9726997516193,2695784
2015-11-05,94.96674346923828,95.31916195896527,94.53667954485846,95.19969067386141,2420584
2015-11-06,95.12804412841797,95.12804412841797,94.21415395806609,94.38737646691723,2224560
2015-11-09,94.05882263183594,94.77559580503703,93.62875872791528,94.77559580503703,2895516
2015-11-10,94.13050079345703,94.16035771118698,93.43761100938059,93.91546340168692,2347628
2015-11-11,95.0025634765625,95.26537844332096,94.10062088097858,94.29175309280532,3012604
2015-11-12,93.3599624633789,94.5486143904253,93.27633257467068,94.24398445431476,2757498
2015-11-13,92.97171020507812,93.73029832535273,92.94184238525152,93.1807740432001,2911662
2015-11-16,94.50081634521484,94.53068415959628,92.94780990466482,92.94780990466482,2864420
2015-11-17,93.79602813720703,94.6919975248762,93.49139810937285,94.59044691515376,2862028
2015-11-18,94.62870788574219,94.69484881375932,93.84109539487862,93.90121253897381,2663372
2015-11-19,95.22392272949219,95.30208927288898,94.21986009337522,94.77299481905169,1815767
2015-11-20,95.566650390625,96.10175776399042,95.19989078796526,95.40431543216899,2261756
2015-11-23,95.38626861572266,96.0596596393879,95.09166278594014,95.53657793647463,1710758
2015-11-24,94.84516906738281,95.1998920780651,94.32810012375936,94.61669317108422,2512318
2015-11-25,94.77303314208984,95.27807655602767,94.77303314208984,95.03157314866434,1416184
2015-11-27,94.98947143554688,95.29009012603048,94.3581699910741,94.70087837046549,1047816
2015-11-30,94.1417236328125,95.27805736999117,94.1357108205614,95.05559428898525,3509303
2015-12-01,94.3341064453125,94.79706004610146,93.89520409219328,94.03950060592722,2701764
2015-12-02,93.61264038085938,94.54456055865532,93.49840790657306,94.32209745077375,2433501
2015-12-03,92.8189926147461,94.33411157752407,92.41616711121593,94.12969790577927,3120962
2015-12-04,95.12773132324219,95.22993814126946,92.93321982141244,93.06549069541337,2602257
2015-12-07,94.84516906738281,94.99547840337641,94.2800085973954,94.7128981683827,2562789
2015-12-08,94.26797485351562,94.91129085611455,93.60059663137928,94.0575374123353,2811078
2015-12-09,93.82306671142578,95.13977384642577,93.15568843938892,93.89520948629496,3182317
2015-12-10,94.70690155029297,95.4103458518959,93.54651635024432,93.63068476498744,3051235
2015-12-11,93.08954620361328,94.03348079843543,92.84303190562227,93.52243571261046,3017747
2015-12-14,94.77303314208984,94.85721253055648,92.79497112514653,93.36614451487796,4140791
2015-12-15,89.0612564086914,92.00130736119135,88.42995507131619,91.38203164717825,10340496
2015-12-16,90.15550231933594,90.51023625008784,88.82676974030329,89.07327855116743,5709824
2015-12-17,89.49414825439453,90.70263565536413,89.48212263072045,90.27575893178758,3652464
2015-12-18,88.33377838134766,89.34385413588076,88.23757886172537,89.10937089275694,6860734
2015-12-21,88.67047119140625,89.18152189721324,88.19549736386818,88.73059383571119,2732142
2015-12-22,89.56632232666016,89.87896668773317,88.55023363931662,89.05527157620331,3024325
2015-12-23,90.88301849365234,91.13553467251096,89.89698856964011,89.99919540921897,2649499
2015-12-24,90.90104675292969,91.26780634964715,90.5342926423547,90.67858916172379,1014686
2015-12-28,90.9190902709961,91.24977301328241,90.34791697374821,90.86498044474402,1525139
2015-12-29,91.92315673828125,92.14561433732642,91.38805484087148,91.50830011586893,2182341
2015-12-30,91.33392333984375,92.4101342054722,91.2256982291165,91.86301229932295,1857508
2015-12-31,90.57036590576172,91.46019623512281,90.56435309384909,91.22571302895729,1922092
2016-01-04,88.27364349365234,89.1754995199307,87.41988996657348,89.01317004356046,3919531
2016-01-05,88.65843200683594,88.68248325533709,87.54614405579441,88.27363946152977,3214968
2016-01-06,86.87275695800781,87.6363292231784,86.22943544710338,87.5341169049735,3584532
2016-01-07,84.75640869140625,86.0550829452515,84.55198952195839,85.68832880830513,4249986
2016-01-08,84.46780395507812,85.67629133923579,84.30547449616293,84.9908801746283,3186144
2016-01-11,84.44978332519531,85.03298226121227,83.81848188813422,84.75640933863718,3319498
2016-01-12,84.69027709960938,85.46587509694892,83.65013728106004,84.99089579797129,2826746
2016-01-13,83.40361022949219,85.48990208738518,83.2953851148919,84.70829149899856,3107567
2016-01-14,84.8826675415039,85.64022702353836,83.48779385014353,84.01688292511771,4449598
2016-01-15,83.38558959960938,84.23333031938871,82.49575919277724,83.15110637302911,5601466
2016-01-19,83.2052230834961,84.65420676378162,82.61601130514535,84.2333372891431,4066161
2016-01-20,82.34545135498047,82.8204251430912,80.95057759494827,82.33943854243476,4947015
2016-01-21,82.82645416259766,83.37358180831534,81.8584624731857,82.34546746782475,4012819
2016-01-22,83.88461303710938,84.43174055541499,83.01883389644972,84.25737997036161,3563004
2016-01-25,82.71222686767578,83.79445111347574,82.68817561127658,83.54794767996101,3355378
2016-01-26,87.0470962524414,87.19139273336833,84.37159305860195,85.24939756526423,6134404
2016-01-27,87.51004791259766,88.96503831245165,86.60819218264879,87.1493012317054,4301294
2016-01-28,88.57427215576172,88.88691098573048,87.31166926590383,87.87683525721575,3668610
2016-01-29,90.78682708740234,90.78682708740234,88.983114854979,89.1274113946814,4775867
2016-02-01,89.42200469970703,90.0593188988013,89.04322496477086,89.78274599818374,3230994
2016-02-02,88.9049301147461,89.151438923702,87.810680732156,88.73658236784244,4283833
2016-02-03,91.70069885253906,91.89910520150737,89.56029126959183,89.80078730497753,6897093
2016-02-04,92.25385284423828,92.81901343284464,91.25580259378742,91.64059523303047,4136246
2016-02-05,92.27186584472656,92.51836918950733,91.2798231952413,92.10953089475632,4028726
2016-02-08,92.53041076660156,92.84906790954655,90.79283948512068,91.16560645867077,2996458
2016-02-09,93.03544616699219,93.64870914844224,91.65861086495798,91.95922954322621,3550206
2016-02-10,92.32087707519531,94.16184663761715,92.12103716576745,93.51992758332665,3482632
2016-02-11,91.2429428100586,92.04836420093768,90.23161973441007,90.78270043647571,3805911
2016-02-12,93.23527526855469,93.30189407580741,91.24291650224562,91.24291650224562,2741471
2016-02-16,94.1860580444336,94.41011742437414,93.41696875226421,93.86509856370787,2560158
2016-02-17,94.84609985351562,95.15494670809717,94.22840614435256,94.47064525569489,2578696
2016-02-18,94.94302368164062,95.05808148625744,94.45250013367053,94.68262679446542,2404199
2016-02-19,94.7431869506836,95.13076524060698,94.39194619760846,95.07625893533461,2537075
2016-02-22,95.50017547607422,95.97253035860822,94.74319862295505,94.74319862295505,2640290
2016-02-23,94.5736083984375,95.49409288208753,93.9680270829604,95.45775535078435,2299669
2016-02-24,95.20947265625,95.4517007660558,93.04148797240096,93.76819440493996,2317609
2016-02-25,96.28136444091797,96.28742069699304,95.08231415055091,95.40327361940543,2054848
2016-02-26,95.84532928466797,96.59019338518654,95.73027149226009,96.37823551364771,2205065
2016-02-29,94.99750518798828,96.36006303420054,94.96723496598688,95.6878740189426,2383867
2016-03-01,96.64469146728516,96.71129921446756,95.44563045085111,96.13599924975432,2636104
2016-03-02,96.53570556640625,96.82032750020626,96.00885549153968,96.21474609597759,2161411
2016-03-03,96.51753234863281,96.70526522766416,95.99068229805403,96.53570111610956,2303496
2016-03-04,96.9354019165039,97.06862850687502,96.23897663082782,96.56599237608546,2112495
2016-03-07,97.23816680908203,97.23816680908203,95.78476511080699,96.88086987646626,2407309
2016-03-08,97.01409149169922,97.26237582449929,96.49934301093589,96.52962428360891,2416040
2016-03-09,96.94747924804688,97.3653387360743,96.60230587090959,97.19577464919769,2252068
2016-03-10,96.82637023925781,97.3774563131736,95.8513905034326,97.35928754739565,2243337
2016-03-11,98.03147888183594,98.13443522361625,97.28661472558314,97.58334913700449,2029851
2016-03-14,97.98908233642578,98.57043856654278,97.49855887292979,97.86795724551858,2089771
2016-03-15,98.35242462158203,98.40693091258288,96.49934334626595,96.98986681059539,2186168
2016-03-16,98.64312744140625,98.89142288881183,97.81348666886264,98.0799398329232,2305529
2016-03-17,99.16390991210938,99.53330829440719,98.61282388867541,98.80661298766097,3336840
2016-03-18,100.1207504272461,100.1207504272461,99.25477205755155,99.40616741841382,7000188
2016-03-21,99.8239974975586,100.10863044870645,99.56360061947876,99.95117886047102,2505740
2016-03-22,99.8664321899414,100.2237293003967,99.55152888448787,99.61814772091918,2566975
2016-03-23,99.47882843017578,99.91484568161918,98.98830487796644,99.67866276319481,2756780
2016-03-24,99.5938720703125,99.64232210854662,98.74000645579504,99.12151735220928,2235085
2016-03-28,100.69602966308594,100.92008897919784,99.66654374645513,99.87849055341943,2794693
2016-03-29,99.5514907836914,99.9148440129399,98.78240158797902,99.87850647970279,3019900
2016-03-30,100.98065185546875,101.26527371825036,100.01777368443865,100.14494397934537,2625579
2016-03-31,100.907958984375,101.43481988632148,100.82923874011588,100.98063402666727,2125531
2016-04-01,101.4530258178711,101.58019613691849,99.7937333113884,100.30241458757801,2405874
2016-04-04,100.7686767578125,101.42876418935936,100.4779986901634,101.19863760572856,2419269
2016-04-05,100.41142272949219,100.85955247989929,99.70894130073,100.02990073774012,1934410
2016-04-06,101.01699829101562,101.18049507634228,99.82399339178431,100.1267840450478,2502271
2016-04-07,101.22894287109375,101.27133665604684,100.07228657985522,100.45379748975246,3263047
2016-04-08,100.907958984375,101.73155420589991,100.58699965069913,101.56199015877544,2068243
2016-04-11,100.8837661743164,101.71341791420646,100.87165366340113,101.20472561044869,1819236
2016-04-12,101.75581359863281,101.97987295161838,101.0896696921241,101.13811973668801,1957254
2016-04-13,102.09491729736328,102.28265014373952,101.562011083655,102.0222532916575,1848896
2016-04-14,101.83452606201172,102.34321833624844,101.66496197059948,102.34321833624844,1451226
2016-04-15,102.21001434326172,102.34324093345316,101.85877357267158,101.93143759842924,1694732
2016-04-18,102.67631530761719,102.87009341515785,101.97383375020217,102.02228380286888,1371334
2016-04-19,102.7368392944336,103.41509564378228,102.38559860983801,102.90034712681015,2211524
2016-04-20,102.30685424804688,103.22128222234156,102.11306518651516,103.03354941434388,1721881
2016-04-21,102.13732147216797,102.76712782630652,101.98592613902161,102.32505433764406,1955460
2016-04-22,102.13732147216797,102.80346535863627,101.64679794039918,102.39771835074262,2155551
2016-04-25,101.96775817871094,102.04648949938094,100.91404709374729,101.73764257525913,2844447
2016-04-26,100.63550567626953,101.61049672686748,99.90275384987933,101.43487632849687,3817752
2016-04-27,101.59231567382812,101.9677704011909,100.58704346029462,101.12601710403393,2664329
2016-04-28,101.13208770751953,102.20396783933833,100.64762030050903,101.04124385220037,1979021
2016-04-29,101.36217498779297,101.60441414924843,100.82926872540041,101.11994687789831,2345595
2016-05-02,101.94353485107422,102.04043493966297,101.0957253852898,101.31373953305331,2033559
2016-05-03,101.71947479248047,101.78002629586646,100.92616058047881,101.36823407690942,2298951
2016-05-04,101.22894287109375,101.5559585376115,100.70209289291753,100.75053188130371,2533248
2016-05-05,101.59835815429688,101.9374752987063,101.24711744764475,101.41062529028896,2009519
2016-05-06,102.276611328125,102.37351142100151,101.13206739351486,101.64074867486973,1949719
2016-05-09,102.05252838134766,102.37348776170151,101.54989242039892,102.09491111062447,1556355
2016-05-10,103.10626220703125,103.18498248023806,102.34322924016087,102.48251207088184,2072190
2016-05-11,102.80950164794922,103.71787347041735,102.68837656370644,103.06989847595362,2136534
2016-05-12,103.03965759277344,103.33033580577406,102.19790423670146,102.86403720334324,2083312
2016-05-13,101.93144226074219,103.17894273263528,101.6286515278495,102.97910836398918,2243576
2016-05-16,102.67631530761719,102.88826218490787,101.99805877653553,102.0404525726189,2184135
2016-05-17,101.6225814819336,102.91246438400533,101.18655320777569,102.6883939916864,2542696
2016-05-18,101.69574737548828,102.3724236119761,101.04956518023769,101.50067896284563,1942782
2016-05-19,100.6532974243164,101.23243938487815,99.47064942355657,100.811797443759,1982131
2016-05-20,100.59234619140625,101.48238051389217,100.54357352985056,100.73865305092242,2088814
2016-05-23,101.26287841796875,101.53721341587844,100.29359999253049,100.75690673602979,1977586
2016-05-24,102.79913330078125,102.89667861540121,101.62258194437732,101.90300247360986,1946370
2016-05-25,103.62823486328125,103.85378620095446,102.8723141401442,103.02471760146338,2224560
2016-05-26,102.9698257446289,104.10371214298043,102.73817787435216,103.6404052772771,1870424
2016-05-27,102.95765686035156,103.04300903016578,102.58579863876136,102.96985002746788,1314524
2016-05-31,102.61017608642578,103.48193192849855,102.20783493826714,103.21978995493124,2594842
2016-06-01,102.83570861816406,102.98201545900336,101.8603222624691,102.28096416438787,1468927
2016-06-02,102.43948364257812,102.84792133315811,101.97008012124667,102.84792133315811,2368678
2016-06-03,102.64673614501953,102.81742933088634,102.1163779649607,102.44557117162165,1714466
2016-06-06,103.68306732177734,103.9939707509082,102.77474336218316,102.93324336772339,1806797
2016-06-07,104.18905639648438,104.54263592012771,103.76842559258813,103.78671533951625,2060828
2016-06-08,104.49994659423828,104.81085000229602,104.03054319138349,104.21342951232606,2015140
2016-06-09,103.71353912353516,104.53042539154413,103.26852206432496,103.93910150636275,2641725
2016-06-10,102.7564697265625,103.2075834372699,102.34192438417726,103.18929369053379,2539586
2016-06-13,101.88468933105469,102.80520627550021,101.87249616952714,102.68938236613589,2547360
2016-06-14,102.1773452758789,102.29927694165443,101.56163486432054,101.98227686094206,2417594
2016-06-15,102.29315185546875,102.93933387826729,102.09197578814671,102.38458945417028,2026263
2016-06-16,103.59163665771484,103.87205719588421,101.57381252415662,102.01882966084284,3147992
2016-06-17,102.98811340332031,103.6343065943878,102.67111338978341,103.62821001239095,4123808
2016-06-20,104.3841552734375,105.34124099754264,103.95742780805372,104.18297914505064,2586709
2016-06-21,104.46949005126953,104.83526278546385,104.2805071010974,104.3536660979969,2259364
2016-06-22,104.3841552734375,105.21932045388331,104.23784839601586,104.74991690441549,1638042
2016-06-23,106.1397933959961,106.16417971955572,105.13393542519466,105.28633882229474,2417834
2016-06-24,103.09783935546875,104.57311205234573,102.65891883309898,102.94543593276468,5462730
2016-06-27,101.92127990722656,102.3114277431238,100.68376287868672,102.28095596113621,3042744
2016-06-28,103.38435363769531,103.43312629167929,102.390688688816,102.50041603513077,2675811
2016-06-29,104.5609130859375,104.76207802764162,103.85375412373857,104.25610625744454,2265344
2016-06-30,106.75555419921875,106.76774736678176,104.89013306391317,104.89013306391317,2929482
2016-07-01,107.01155853271484,107.34075171452298,106.62750723737184,106.76771749997165,2309356
2016-07-05,107.06641387939453,107.15786259866996,105.77403877330332,106.59701049589228,2814906
2016-07-06,106.7799072265625,106.96889013968693,106.10932772038201,106.80429355408171,2850427
2016-07-07,106.60311126708984,107.07251466904145,106.15199760971217,106.73722493548334,2203391
2016-07-08,107.97473907470703,108.3831766504079,107.18223912359838,107.21272203040033,3261014
2016-07-11,108.51734161376953,108.79776220986317,108.01745513260336,108.1515688470328,1984762
2016-07-12,109.21837615966797,109.50489329492818,108.5295068183885,108.96843852043695,2287828
2016-07-13,109.24885559082031,109.52927613447085,108.93185555230654,109.25495217329753,1783834
2016-07-14,110.27911376953125,110.53514801488538,109.65730678068385,109.82190340274063,2277543
2016-07-15,110.58390808105469,110.85213546230754,110.07182852353966,110.6448739064079,2960339
2016-07-18,110.40711212158203,110.76678822069577,110.18765741291772,110.60828820881599,1464382
2016-07-19,110.48634338378906,110.73628094843593,109.9072015782686,110.40708783270989,1257355
2016-07-20,110.5960922241211,111.11426832190062,110.53512640374124,110.78507514214888,1690307
2016-07-21,109.8889389038086,110.6814277786911,109.54755257684893,110.51683119694802,2237477
2016-07-22,109.99870300292969,110.05356113174061,109.3403164559758,109.98650983538218,1441898
2016-07-25,109.50489807128906,109.98649474789356,109.07207405818417,109.85238104842101,2316652
2016-07-26,108.30393981933594,109.11472957143219,107.37732613841143,108.00522956200825,4092234
2016-07-27,108.67579650878906,109.08423406599239,108.15152391098428,108.15152391098428,2822201
2016-07-28,108.4990005493164,108.73674494764946,107.91986988017158,108.29782451024029,2152202
2016-07-29,108.73068237304688,109.01110292422132,108.27956863308127,108.57827893217808,1939792
2016-08-01,108.68799591064453,108.8403993369529,107.95036510733603,107.95036510733603,1911686
2016-08-02,108.73068237304688,108.88918239655645,108.04792074303309,108.86479606599332,2529660
2016-08-03,108.74286651611328,109.20007680078568,108.49292889887965,108.95013918355207,1697483
2016-08-04,108.39537048339844,109.37685333759984,108.29173972477943,109.09643284358474,1281873
2016-08-05,108.85870361328125,109.12694213450149,108.12716929438793,108.66363521167719,2152202
2016-08-08,108.86479949951172,109.13303801901547,108.67582768198899,109.05987902501867,1587929
2016-08-09,108.74896240234375,109.05986583893745,108.47463845832573,108.73676923815185,1314284
2016-08-10,109.01107025146484,109.02935999390539,108.41974641314337,108.58434296996091,1466655
2016-08-11,110.34005737304688,110.40101206791473,109.04767098987287,109.16959150475824,2443906
2016-08-12,109.89508819580078,110.62662272933933,109.66952568850104,110.62662272933933,1474548
2016-08-15,110.07180786132812,110.57779074132688,110.0108531725677,110.340046317379,1516767
2016-08-16,109.27323150634766,109.93160672538649,109.24884517876298,109.80358963071643,1630866
2016-08-17,110.33441925048828,110.4693685850933,109.38362814427983,109.59832688242912,1624766
2016-08-18,109.91116333007812,110.23013854310305,109.54311156290491,110.23013854310305,1301128
2016-08-19,110.17493438720703,110.27921087689718,109.23641239658524,109.59219504772126,1561139
2016-08-22,109.84368133544922,110.16265654344264,109.41429507683326,109.91116159633869,1598334
2016-08-23,110.2730941772461,110.74541129150744,109.97252263482295,110.17494105680044,1430177
2016-08-24,110.05228424072266,110.38966327501792,109.80692377640241,110.05228424072266,1359972
2016-08-25,110.15652465820312,110.61044920456591,109.83141487311674,109.85595315040169,1004999
2016-08-26,110.05228424072266,111.18096700443688,109.7517126344174,110.53074722117304,1584341
2016-08-29,110.72084045410156,110.84352061171026,109.97247917877549,110.32825051639404,1257953
2016-08-30,110.50621032714844,111.03987326182956,110.1626967171966,110.8558585085092,1243601
2016-08-31,109.94801330566406,110.27312321380491,109.5431539661619,110.10136640226972,1956656
2016-09-01,110.40194702148438,110.51849269772931,109.67811228649275,109.99095307684345,1309979
2016-09-02,110.91101837158203,111.32814668768344,110.4693629731829,110.73926162868193,1577524
2016-09-06,110.69633483886719,111.1993247528904,110.34055220182708,110.75766933853185,1588408
2016-09-07,110.26082611083984,110.7454123698755,110.13200013900048,110.43870625443799,1355307
2016-09-08,110.47554016113281,110.54302044827448,109.7639858327344,109.91733892721908,1703104
2016-09-09,107.73968505859375,109.80075485306055,107.73968505859375,109.73327458952393,2491627
2016-09-12,109.24871063232422,109.43273657656071,107.15697854494867,107.3471390604755,2288307
2016-09-13,108.00347137451172,108.94199352088079,107.92986772088955,108.469665162359,2230062
2016-09-14,107.72744750976562,108.78864996801326,107.46981790783612,107.93601173647757,2230301
2016-09-15,108.3224105834961,108.57391670291433,107.567914614178,107.67220228091143,1989905
2016-09-16,107.3839111328125,107.92985427139675,106.97292853224978,107.88691228202626,4017125
2016-09-19,108.4022216796875,109.15671807847497,107.99122773637849,107.99122773637849,2098860
2016-09-20,108.94198608398438,109.49406382358745,108.77636388155058,109.00946635679755,1911926
2016-09-21,110.16265869140625,110.29147345205575,108.88063445973307,109.11372570386655,2104960
2016-09-22,110.32217407226562,111.43245303223333,110.19949385002259,110.30990493059409,2211404
2016-09-23,108.81316375732422,110.2301486378972,108.69048355518801,110.04612273745764,2285556
2016-09-26,107.92988586425781,108.51875997011507,107.8378672886714,108.48195253988051,2177916
2016-09-27,108.1445541381836,108.59235540364554,107.70289863780185,107.72130234962675,2910586
2016-09-28,108.93584442138672,109.17508145131374,108.38377791219757,108.4389890409047,2026024
2016-09-29,107.57408905029297,108.96040132454401,107.26738289399381,108.86839395544325,2216906
2016-09-30,108.10159301757812,108.66592857736654,108.01570905315107,108.31628053970822,2893602
2016-10-03,107.37163543701172,107.92984768133235,106.9790565701496,107.54952675907126,2135578
2016-10-04,105.31059265136719,107.32872080428932,105.01615565827227,107.09561832131405,3787612
2016-10-05,105.74610900878906,105.85038550762425,105.10202391625214,105.2983189680047,2757378
2016-10-06,105.28604125976562,105.70315841563385,104.64809078933762,105.46393258645847,2718986
2016-10-07,105.0959243774414,105.47011089508977,104.30463172541924,105.44557260613252,2689924
2016-10-10,104.97933197021484,105.96693049428809,104.85665177451175,105.40871825241064,2316174
2016-10-11,104.08377075195312,104.56836824708516,103.47649303900242,104.42728431742292,2390445
2016-10-12,104.10829162597656,104.39045943811847,103.59915593352136,104.03467679091169,1858704
2016-10-13,104.29232025146484,104.47021157972871,103.33539453737188,103.58688950815886,2295961
2016-10-14,104.4824447631836,105.13266422464723,104.46404105829677,104.88730388175831,1808830
2016-10-17,104.40887451171875,104.94867191640417,104.24325230926497,104.61130413571142,1470123
2016-10-18,104.24938201904297,105.45166817748859,104.18190174936782,105.31058426263859,1417978
2016-10-19,104.22486877441406,104.8566848552541,104.07151568278707,104.77081204951129,1392383
2016-10-20,104.19417572021484,104.48861270350719,103.66051288592418,104.0162843772942,1447758
2016-10-21,103.97335052490234,104.01014675087924,102.88147541291308,103.12070125688214,2407787
2016-10-24,105.05911254882812,106.39021377696402,104.83214460412803,105.905616225392,3191526
2016-10-25,101.96749877929688,104.21258366677188,101.2804716607092,103.95495409453736,4576135
2016-10-26,102.13924407958984,102.92441304352904,101.46448617784618,101.63624293818948,2601180
2016-10-27,101.6791763305664,102.40913410445933,101.38473939329079,102.36005755009022,1777734
2016-10-28,101.68531036376953,102.55021746314813,101.29885488908926,102.1637731829373,2313423
2016-10-31,101.39701843261719,102.15764912726125,101.32340359387553,102.10857256810014,2737764
2016-11-01,100.75293731689453,101.70986309118466,100.50756570595111,101.45835691010588,2936898
2016-11-02,101.66078186035156,102.05336074756859,100.54436850829511,101.02896594331573,2671146
2016-11-03,102.3355712890625,102.83243807119365,101.37252178134683,101.91231937590273,2995980
2016-11-04,102.12084197998047,102.9612108910298,102.08403456051157,102.5686320001068,2305290
2016-11-07,104.12056732177734,104.21257467693222,103.04096136746526,103.14523786257021,2309356
2016-11-08,104.91187286376953,105.53754304072342,104.14510757471663,104.2187112213408,2339017
2016-11-09,104.519287109375,104.89347351154652,101.72825910236827,101.72825910236827,4376523
2016-11-10,106.90547180175781,107.14469766693192,104.15125109458678,104.37820781852407,3922880
2016-11-11,107.39618682861328,107.42685968003605,106.56808700702658,106.76437086718963,2234367
2016-11-14,106.0650863647461,107.65996270210098,105.44553954075108,107.4882059277342,3117972
2016-11-15,106.88092803955078,106.88706260985468,105.45167390898597,106.21843922461578,2603812
2016-11-16,106.18948364257812,106.94264313583459,105.91784329999676,106.88090413382945,2419030
2016-11-17,106.65869140625,106.95501615325732,106.18950867911444,106.18950867911444,2133305
2016-11-18,106.77595520019531,106.97350873316138,106.36233770057835,106.49815223379227,2046476
2016-11-21,105.88700103759766,106.17097795717486,105.39312274578198,105.82526202627959,2384704
2016-11-22,106.12776184082031,106.23270689499637,105.73883986387865,105.97959947823638,1857747
2016-11-23,106.3376693725586,106.6463419180014,106.03517072867439,106.2327130460623,1767568
2016-11-25,107.10317993164062,107.41185248600912,106.31297684050801,106.31297684050801,1131177
2016-11-28,106.49199676513672,107.2760258664824,106.35618220841641,107.1463739445631,2006529
2016-11-29,106.65869140625,106.979700493638,106.27593203605662,106.51670293440249,1773907
2016-11-30,106.0228271484375,106.91797531262657,105.93021862136983,106.30680409895666,3104577
2016-12-01,106.57225799560547,106.64017091459579,105.84379392311126,105.9610867896687,2101252
2016-12-02,106.44879150390625,107.22664679223269,106.33149863704406,106.5105305213306,2238314
2016-12-05,105.94874572753906,106.76981837817249,105.62155144770954,106.57226477660198,2608835
2016-12-06,106.05986022949219,106.2018486909227,105.70797039339595,106.07219676565552,1755130
2016-12-07,108.68356323242188,108.6897371334992,106.16480311900611,106.4179105306903,3784503
2016-12-08,108.5786361694336,108.86878703565326,107.89338936753569,108.70210294519275,2141677
2016-12-09,110.18989562988281,110.42448134244555,108.2205563466264,108.25759975373937,3169878
2016-12-12,110.89982604980469,111.00477109246805,109.62191877130557,110.04172147444267,2746136
2016-12-13,110.39979553222656,111.1591291141943,109.12807317137644,110.85663046175385,3239486
2016-12-14,109.02310943603516,110.74550397392211,108.90581657731536,110.60351550994693,2672103
2016-12-15,108.66508483886719,109.62813482721486,108.06625005651036,109.43059246697472,2458498
2016-12-16,109.54784393310547,110.19605842729372,108.99222668112616,108.99840058168954,4652081
2016-12-19,109.98616790771484,110.30101433497539,109.46759400803776,109.6466258757683,1652872
2016-12-20,110.2886962890625,110.70848788325738,109.92445855415681,110.09731656735377,1648327
2016-12-21,110.1528549194336,110.83193900149061,110.14668101809696,110.25779997591314,1860856
2016-12-22,110.62822723388672,110.78873742518999,109.8750674950775,110.43684753151649,1465818
2016-12-23,110.35041046142578,110.68376734081178,110.21458462960051,110.56030057812325,874396
2016-12-27,110.45533752441406,110.62819547051345,110.23926227522941,110.29482737919618,778596
2016-12-28,109.9367904663086,110.78255870150925,109.89975832088487,110.43066882315067,1540328
2016-12-29,110.1405029296875,110.59116391139999,109.90590595405692,110.06641611646431,1317992
2016-12-30,110.2392807006836,110.80107193596511,110.06642272569263,110.50474719776449,1906663
2017-01-03,109.91828155517578,111.12211371080811,109.405892699101,110.39981216417956,3001123
2017-01-04,110.08494567871094,110.4430094356994,109.64663246791123,109.90591380021671,1844232
2017-01-05,109.70840454101562,110.59120513016593,109.20217826070869,110.04794669568791,1731569
2017-01-06,110.0293960571289,110.2578078904939,108.52923932083051,109.44908308855848,1943500
2017-01-09,109.4367446899414,110.12199144462578,109.39352737821773,110.11581754295096,1940630
2017-01-10,109.01078796386719,109.57257932039238,108.84410385437575,109.4923185839262,2428000
2017-01-11,109.81949615478516,110.16521212666329,108.89347847269717,109.04164085118147,1889202
2017-01-12,109.54167938232422,109.70218954443055,108.49836896175442,109.2515285635633,1580873
2017-01-13,109.51080322265625,109.83182352736276,109.16508731508893,109.62809607000304,1513538
2017-01-17,109.43057250976562,109.68985385169869,108.80705349577659,109.2700623299394,1862770
2017-01-18,110.18989562988281,110.77637117753267,109.50463766326503,109.8256579924247,2158302
2017-01-19,110.30719757080078,110.99861822930475,109.73924367993207,110.65908743486871,1751422
2017-01-20,110.18989562988281,110.78871897990366,109.78244068412623,110.62820881532383,2107232
2017-01-23,110.20223999023438,110.49856470539675,109.35029798446054,109.83182846316006,2376213
2017-01-24,108.63420104980469,109.73925065959992,107.67731382384405,109.57874047159204,4153947
2017-01-25,109.10338592529297,110.27633721454139,109.00460348999128,109.32562387223199,4141270
2017-01-26,109.15890502929688,109.41202367293486,108.67737460922604,108.8440586494906,2674136
2017-01-27,109.56636810302734,109.87504060566654,109.16508708985108,109.56636810302734,1941945
2017-01-30,108.29468536376953,109.72075569717741,107.9551431987323,109.42443085728063,2180428
2017-01-31,107.92423248291016,108.31933962944674,107.30071352317472,107.87485253927542,2207218
2017-02-01,108.14031219482422,108.52923418983302,107.60321656410508,108.14031219482422,2718388
2017-02-02,107.52914428710938,107.89955585517824,107.14022228025661,107.49827477872964,3715733
2017-02-03,108.0600357055664,108.2205458545847,107.32539786693125,107.43035417690909,3373318
2017-02-06,108.09709930419922,108.77618343066301,107.35628742657583,107.49210199861979,1940869
2017-02-07,108.50453186035156,108.89962769134243,108.12794646451191,108.70207414272613,1491890
2017-02-08,109.31328582763672,109.64048014129666,108.33788805566036,108.41813752526299,2566257
2017-02-09,109.99855041503906,110.22696229796344,109.18982543763148,109.18982543763148,2403601
2017-02-10,110.50473022460938,110.86278265629741,110.0046780808608,110.07257972038705,1665310
2017-02-13,111.75175476074219,111.97400390945265,110.66523841757615,111.03563864377139,2308041
2017-02-14,112.10981750488281,112.35676225316763,111.52334203534889,111.65298267673369,2434936
2017-02-15,112.90210723876953,112.98287932566107,111.93898826810447,112.03218857445877,2108428
2017-02-16,113.96459197998047,113.99566251537495,112.85234619013848,112.9331295821641,2588144
2017-02-17,113.67877197265625,114.08265493611654,113.41779080063057,113.97702644958952,2345954
2017-02-21,113.93976593017578,114.09510730895367,113.11334616640079,113.57937030273445,2076615
2017-02-22,115.59878540039062,115.64849826045975,113.75954565318014,113.95838575384437,3409676
2017-02-23,116.3133773803711,116.48114696509188,115.39375738836804,115.51802821492802,2872314
2017-02-24,116.4500503540039,117.07141568731316,115.76032984460174,116.08344072509144,2543055
2017-02-27,116.13935852050781,116.53702731300895,115.81003355909408,116.50595678087365,1666985
2017-02-28,115.79141235351562,116.50597802487209,115.76655592327499,116.02753710118928,2310792
2017-03-01,117.97241973876953,118.39494508554834,116.82288907724653,116.86638783547211,2662535
2017-03-02,117.99105834960938,118.12154328056502,117.45667906992878,117.72387437957576,2109744
2017-03-03,117.63067626953125,118.2085430328322,117.15222390799364,117.99107190279716,1946370
2017-03-06,117.37592315673828,117.58719152235814,116.98445697038605,117.39456548367076,1995765
2017-03-07,117.49400329589844,117.59963182994517,116.97206339626317,116.99690849750809,1988111
2017-03-08,117.75495910644531,118.18992409006977,117.41943121394664,117.88545540530214,1870185
2017-03-09,117.99729919433594,118.30176788209207,117.54370321746691,117.59340475409392,1861813
2017-03-10,118.8112564086914,118.82989873187924,118.07803705508677,118.45707494734765,3007940
2017-03-13,119.00389099121094,119.27730043745746,118.34525215970929,119.15923237083562,2359349
2017-03-14,118.2644271850586,118.95414765764012,117.50636287964383,118.63725090098546,2264746
2017-03-15,118.80504608154297,119.21514318588761,117.8854261460213,118.17125243143845,2448212
2017-03-16,118.25205993652344,119.07847984044129,117.83574859947797,118.71808415188468,2316772
2017-03-17,119.52583312988281,119.52583312988281,118.27688807794007,118.56892848894182,5056808
2017-03-20,119.92972564697266,120.23419429868828,119.47612972379662,119.62525699525703,2494378
2017-03-21,119.38292694091797,120.22797768169265,118.99767488290719,120.22797768169265,2266540
2017-03-22,119.43883514404297,119.84893223263592,118.34523156818254,119.48853666593715,1946251
2017-03-23,119.38912963867188,119.90486658974368,118.82367982303028,119.37670142252942,1772472
2017-03-24,118.99763488769531,119.68735535925421,118.61860840535518,119.37667270964599,1716738
2017-03-27,118.32658386230469,118.68075396559092,117.5374489198466,118.49435342264535,2373582
2017-03-28,118.6745376586914,118.98523168360381,117.81084478298503,118.0221130912497,2786919
2017-03-29,118.48193359375,118.85474604564014,118.22095240385275,118.4260066231407,2023871
2017-03-30,118.8547592163086,118.98525549552434,118.1215511073573,118.5192200346963,2195138
2017-03-31,118.88582611083984,119.55069034512825,118.67455776677812,118.86718378580966,2069080
2017-04-03,118.5068130493164,119.4077908242808,118.02836067109665,119.22137889231212,1849853
2017-04-04,118.17747497558594,118.6683555180239,117.9227078720041,118.41358841444207,1614480
2017-04-05,118.2085189819336,119.56310371568544,118.08424817011011,118.49435659062368,1732645
2017-04-06,117.99105834960938,118.69319586936625,117.74871947245173,118.314169292744,1946370
2017-04-07,118.05320739746094,118.40738893912953,117.76116694717814,118.07806383401525,1226139
2017-04-10,117.87919616699219,118.38249348286588,117.63064322298904,118.15880830683568,2012509
2017-04-11,118.10292053222656,118.11534875053125,117.43185344184931,117.51883963036693,1745682
2017-04-12,117.87301635742188,118.36388560194311,117.6866044300821,118.25204298138516,1693656
2017-04-13,117.22058868408203,117.97243921661861,117.20194635605026,117.59340122587056,1524182
2017-04-17,118.2831039428711,118.2831039428711,117.61823970305794,117.63066791984801,1846146
2017-04-18,118.19609069824219,118.58133131167322,117.75491178245179,117.91025311714085,1407572
2017-04-19,117.95376586914062,118.76154317334347,117.76113986975137,118.55648895853473,1603118
2017-04-20,118.78018951416016,119.37048440810125,117.99726861431431,118.07182656974044,2090847
2017-04-21,118.99143981933594,119.0660091101858,118.42600138884059,118.7739687335819,3090703
2017-04-24,120.68778228759766,120.8244813196376,119.88000497134998,119.92349238635397,3240682
2017-04-25,121.24699401855469,121.54524848281802,119.52581107207867,120.53863116122054,5001911
2017-04-26,121.1662368774414,122.34683811558389,121.16002276893909,121.60120179337572,3158875
2017-04-27,121.85595703125,122.1231410164563,121.23459154218436,121.43343167377729,2117159
2017-04-28,121.68193817138672,122.48350123499364,121.5017404172908,121.88077824552124,2950652
2017-05-01,121.04815673828125,121.61980925145014,120.83688842968708,121.47689612315791,1792206
2017-05-02,122.11690521240234,122.11690521240233,120.90524499191358,121.2656405402194,2950771
2017-05-03,122.80042266845703,122.94954991911665,121.60740466318016,122.16041491032242,2798042
2017-05-04,123.96855163574219,123.98719395462295,122.88116241163449,123.21670147226818,2775677
2017-05-05,123.90023040771484,124.2109130998482,123.63924923538659,124.06799996863582,2019566
2017-05-08,123.43421173095703,123.74489443658508,123.21672930117235,123.55226843758867,1884776
2017-05-09,123.00547790527344,123.87538498469578,122.73828260177696,123.87538498469578,2090369
2017-05-10,122.1852798461914,122.77557478198663,122.11692465422556,122.63887573766876,2688249
2017-05-11,122.25360107421875,122.37166911121909,121.32776713751782,121.81243348110519,2039180
2017-05-12,122.14177703857422,122.48353030784644,121.70060937844296,121.72546581106108,1582428
2017-05-15,122.80042266845703,122.86876651605232,121.93050425659848,122.2039136658186,1763502
2017-05-16,122.97441101074219,122.99305333523269,122.32197501202853,122.70721569932516,1415586
2017-05-17,121.78990173339844,122.97754277974508,121.7148984688398,122.97754277974508,2250633
2017-05-18,122.03990936279297,122.40245740744503,120.97728152302598,121.57735317807844,2307084
2017-05-19,122.38992309570312,122.70246128527475,121.54607682826133,122.70246128527475,2266061
2017-05-22,124.08390045166016,124.18391999090757,122.73373933786183,122.73373933786183,2195736
2017-05-23,123.59639739990234,124.37149215598308,123.46513310040095,124.2214741840753,1810983
2017-05-24,123.44632720947266,124.09640861519922,123.31506296549682,124.07140372923459,1442854
2017-05-25,124.72775268554688,124.77151124171375,123.6088637435163,124.021421601267,1803568
2017-05-26,125.43409729003906,125.44659973486876,124.37145792355489,124.4777287046074,1687078
2017-05-30,126.54045104980469,126.90923885479609,124.99025095826747,125.20903227881342,2596636
2017-05-31,127.80936431884766,127.80936431884766,126.43419821472615,126.72173159744789,3703773
2017-06-01,127.73435974121094,128.0781541155104,127.31556211483705,127.67184752503331,2813829
2017-06-02,129.20326232910156,129.6345737378865,128.00937044749793,128.17814199716662,2190952
2017-06-05,128.9032440185547,129.59708397312687,128.9032440185547,129.24703838510237,1498708
2017-06-06,128.39694213867188,129.17828779528543,128.39694213867188,128.77198120944323,1744725
2017-06-07,128.1468963623047,128.684467158374,127.57808086787075,128.59695006240702,2255178
2017-06-08,128.7282257080078,128.78448670325864,127.5718409532298,128.14690771977155,2931755
2017-06-09,129.34706115722656,129.37205463641916,128.54071060328374,128.76573176738856,2264148
2017-06-12,129.63458251953125,130.27841265867087,128.45318159182045,129.34704916575458,2856287
2017-06-13,130.70973205566406,131.0597776718375,129.74086109287725,129.75336353683625,2019805
2017-06-14,131.27227783203125,131.75983885543417,130.97224203414297,131.12851115418218,1896019
2017-06-15,132.0723876953125,132.09114136010285,130.91599155127764,130.95349888085838,1906544
2017-06-16,133.29127502441406,133.42879048227616,132.1661350695977,132.34740907547794,4091038
2017-06-19,133.36630249023438,133.7663464599607,132.95374466967715,133.7663464599607,1994450
2017-06-20,133.36630249023438,134.12264328480404,133.17252602344772,133.4225520786093,1831315
2017-06-21,133.05374145507812,133.77882601687202,132.57243168499537,133.77882601687202,2168228
2017-06-22,132.6536865234375,133.21626216391405,132.57243206174854,132.9724759641731,1674878
2017-06-23,133.0788116455078,133.24757187191864,132.33496164930685,132.51623573054886,1895540
2017-06-26,132.8975372314453,133.43509684273826,132.71001192692864,133.0100478512183,1617112
2017-06-27,131.12855529785156,132.82876252736273,130.87852918455405,132.51622418207006,2679279
2017-06-28,131.65359497070312,132.003629171136,131.32230302841955,131.75360311263552,1845308
2017-06-29,129.92210388183594,131.92234613888638,129.44079412716818,131.92234613888638,2164640
2017-06-30,130.1346435546875,131.20978520602245,129.92212483888517,131.20978520602245,2116920
2017-07-03,131.15980529785156,131.47859485147856,130.48471885314942,130.72850513922123,1244079
2017-07-05,131.11599731445312,131.41603308626017,130.89722740981793,131.26601520035666,1274099
2017-07-06,130.0283660888672,131.09099374191138,129.94711162822037,130.6721961827752,1423120
2017-07-07,131.00973510742188,131.35978063598736,130.04711560753503,130.3283977115358,1831076
2017-07-10,131.5723419189453,132.35368768713656,130.63472699711582,131.01602875122285,1564846
2017-07-11,131.05352783203125,132.01613617565144,130.01589341652635,131.52233526342022,1516648
2017-07-12,132.07864379882812,133.00375618531473,131.43481357991638,131.83486896222033,1731688
2017-07-13,131.9473876953125,132.51620328741348,131.3785606958717,132.01613973232503,1362005
2017-07-14,132.37246704101562,132.66625173798295,131.65988458138,132.21619785705371,1270152
2017-07-17,132.31619262695312,132.64123340926065,131.63486635458415,132.64123340926065,1568315
2017-07-18,132.0848846435547,132.21614888428772,131.4535569178982,131.69108051401736,1868870
2017-07-19,132.5786895751953,132.58494079618634,131.99736024504347,132.20989035140047,987059
2017-07-20,132.7974853515625,133.3975684615267,132.55371050012377,132.6474674259064,1611490
2017-07-21,131.99118041992188,132.4162294184784,130.94104326018075,132.2974675730107,2686455
2017-07-24,131.2660369873047,132.30367132708463,131.2660369873047,132.01612654131878,2589579
2017-07-25,124.63398742675781,127.82812225928078,123.24631883285865,126.67173746803442,7885228
2017-07-26,124.40894317626953,125.73411083428861,124.10890736829127,125.29654815759369,3494832
2017-07-27,125.04652404785156,125.36531352466038,123.55884742763594,124.47770852965235,2600702
2017-07-28,124.84024810791016,125.66535231579644,124.1964293249693,125.50908318438896,1779648
2017-07-31,125.74665069580078,126.05293781622736,124.89654138200008,125.0153032148031,2192986
2017-08-01,127.0030517578125,127.08430624936054,126.11543512972833,126.44672713359437,2410060
2017-08-02,128.39694213867188,128.51570394071587,126.77798983152671,127.00926221406826,2427402
2017-08-03,129.77835083007812,129.7908532723421,128.21565962045756,128.7094718678717,2456823
2017-08-04,129.79710388183594,130.39717547832848,128.83448427607172,129.98461770023653,1821149
2017-08-07,129.66586303710938,130.265946201984,129.19081573517914,129.95340787765676,1402430
2017-08-08,129.03453063964844,129.94715209683915,128.5719743921624,129.2845681347444,2220135
2017-08-09,129.0657501220703,129.95961765788815,128.50943710139924,129.19701435125467,1940151
2017-08-10,128.9094696044922,129.4907988642144,128.2531485166384,128.52817939224724,1879514
2017-08-11,128.75326538085938,129.29708759319516,128.53449537712194,129.29708759319516,1737549
2017-08-14,129.62213134765625,129.78465175198718,128.80952932600164,129.17832869934472,1512222
2017-08-15,129.50332641601562,129.91587280942366,129.08451739382335,129.3908044299911,1254006
2017-08-16,129.9658966064453,130.40969915497598,129.15329476748934,129.52208265057502,2038343
2017-08-17,128.35943603515625,130.0908989393335,128.31567748391322,129.8846200336693,1670214
2017-08-18,127.22178649902344,128.53445170480998,127.17178813628564,128.35942891688256,2198966
2017-08-21,127.8593978881836,128.07817928045293,126.89677801394397,127.3905903967558,1874850
2017-08-22,128.42819213867188,128.6782296035092,127.90938635826214,128.2656717790963,2501075
2017-08-23,127.41289520263672,128.31189272146034,127.19285546944397,128.28045683486835,1515691
2017-08-24,127.06713104248047,128.17988118413982,126.9665361993326,128.17988118413982,1472037
2017-08-25,127.07345581054688,127.90330614723989,127.02315837409414,127.8970074947279,1480768
2017-08-28,127.28089904785156,127.79012613009189,126.89741554613063,127.48207730372819,1404941
2017-08-29,127.57001495361328,127.6705982797457,126.57042297544358,127.11736130364991,1185595
2017-08-30,128.0541534423828,128.0541534423828,126.99168921334288,127.57007516218627,1430655
2017-08-31,128.45018005371094,128.63878387227325,127.63290448857396,128.45018005371094,1875208
2017-09-01,127.9723892211914,128.821100669267,127.76492387322857,128.63249685047802,1689948
2017-09-05,126.35042572021484,127.32486932557325,126.05495134467148,127.14883984106746,2313662
2017-09-06,127.02308654785156,127.14881859493178,126.51385971058036,126.8344827407568,2674495
2017-09-07,128.5381622314453,128.69533013529687,126.65843456029857,126.65843456029857,2034994
2017-09-08,129.31149291992188,129.5818301120426,127.72096302325022,128.4690798711311,1762904
2017-09-11,131.74441528320312,131.88272168621958,129.5629257699425,129.79552834271362,2160813
2017-09-12,131.7947540283203,132.62459270668697,131.55585273149148,131.9644963654755,1723675
2017-09-13,131.70040893554688,132.2033486259583,131.122034601696,131.4678063559132,1351002
2017-09-14,132.92007446289062,133.22184755788015,131.2289496491983,131.48671249469615,2373103
2017-09-15,134.12710571289062,134.61118394203572,132.43598123598179,133.64931466099227,4349134
2017-09-18,134.38487243652344,134.56090194665634,133.63675562317297,134.535753234787,1521790
2017-09-19,134.25912475585938,134.94438118289605,133.81276959088044,134.68033121189,1709921
2017-09-20,132.34169006347656,133.65561848811478,130.95861415346153,133.13381713048696,3572691
2017-09-21,132.2976531982422,133.03949416470306,132.17192113589383,132.5868518564788,1653350
2017-09-22,132.4988555908203,132.8383402522538,131.56842209731127,131.79474902925105,1785987
2017-09-25,132.47998046875,132.7880292090189,131.62499319790012,132.63714842751884,1924603
2017-09-26,132.66854858398438,133.80015987694833,132.60567682822878,132.81314214927414,1464622
2017-09-27,131.6941375732422,132.8886209155237,130.8642990310119,132.70630425197356,2230660
2017-09-28,131.73817443847656,131.9456398524401,130.92089861235849,130.9523345043156,2502989
2017-09-29,131.95822143554688,131.95822143554688,131.2226674152834,131.43013284060822,1952111
2017-10-02,133.7562255859375,133.77508712337251,132.03995188185124,132.4800200031379,1545352
2017-10-03,134.8940887451172,134.91295027752474,132.88862828081585,133.6681809222376,1955340
2017-10-04,136.11996459960938,136.3840030454016,134.8500468326914,135.07008651948416,1957134
2017-10-05,136.02574157714844,136.80529445467405,135.730267092509,136.1011762566741,2081638
2017-10-06,136.11996459960938,136.13253895159463,135.3341249652764,135.79305439389094,1974357
2017-10-09,136.2205810546875,136.55377851739132,135.5981963719261,135.76793869203843,1261302
2017-10-10,136.26461791992188,136.79899369474575,136.13888581789095,136.66068723521633,1400396
2017-10-11,136.11370849609375,136.33374823311792,134.95066098259716,136.26458928141128,2455268
2017-10-12,136.79270935058594,136.82414524498355,135.97543346101858,136.17032453332968,2281968
2017-10-13,136.87440490722656,138.1568973686282,136.29603045324228,137.57223573697226,1748074
2017-10-16,137.50308227539062,137.50936945331344,136.54750006883862,136.86183601907408,1417499
2017-10-17,136.8932647705078,137.5030751054123,136.08856340311118,137.35848149367988,2572357
2017-10-18,137.22018432617188,137.4527984399425,136.65438419622305,136.74868039356366,1690666
2017-10-19,137.8299560546875,137.83624323094412,136.71720616791137,137.35845225428912,1637324
2017-10-20,139.1376190185547,139.1376190185547,137.79854204693052,138.27633309942792,1970769
2017-10-23,139.2822265625,140.05549207745426,139.0621868095169,139.41424582510894,2584915
2017-10-24,147.51779174804688,150.18964676919893,143.95951366190405,143.96580083851887,7784046
2017-10-25,149.4226837158203,149.5861388514055,147.07145151806486,147.74413359215984,4920942
2017-10-26,146.44277954101562,150.1268015288428,146.04672179341972,149.78731690350278,4048460
2017-10-27,147.5743865966797,147.70640584181882,146.19759807887047,147.2537635129343,2392478
2017-10-30,145.23573303222656,146.89542161951792,144.99683177028888,146.89542161951792,3256230
2017-10-31,144.7139129638672,145.60034747407778,144.47502320587688,145.4620295928785,2282207
2017-11-01,144.70765686035156,145.70096211001228,144.0349747309641,145.22317101848648,1662320
2017-11-02,145.9964141845703,146.35476031663262,144.3115770029174,144.74535778370577,1924962
2017-11-03,145.9901885986328,146.21651558619538,145.17291263376129,145.57526917321584,1892909
2017-11-06,144.7893829345703,146.24789337437,144.6887880953072,145.99014204466138,1596301
2017-11-07,144.6259307861328,145.07857315332768,144.05383204484136,144.83338470050225,1858106
2017-11-08,144.48760986328125,145.00311248167097,144.2046983733215,144.49389704023483,1806199
2017-11-09,143.58233642578125,144.2172955065815,142.73992341864698,143.67664409498076,1884657
2017-11-10,142.99136352539062,143.61374814555128,142.18037507152513,143.00393787916767,1549777
2017-11-13,143.47544860839844,143.60746785643866,142.243253662755,142.53872804478573,2111299
2017-11-14,144.17332458496094,144.56938245325102,142.55134709092414,143.4251961565996,1666267
2017-11-15,142.9599151611328,143.65774584303787,142.1049280166351,143.38113302999153,1808472
2017-11-16,144.2298583984375,144.5882045670078,143.2051287852534,143.2051287852534,1464861
2017-11-17,144.19215393066406,144.5442129671936,143.17371136357517,143.6074922445028,2083193
2017-11-20,145.53118896484375,146.85140423297082,144.31156851970525,144.53159674909327,2033200
2017-11-21,147.16575622558594,148.18419860923052,145.98384723668312,145.98384723668312,2538630
2017-11-22,146.32220458984375,147.7627968130545,146.20846452156968,147.2573315218074,1640673
2017-11-24,146.1958770751953,146.61290107414013,145.83573466079937,146.60658217928247,788284
2017-11-27,147.8512725830078,148.1861508590276,146.03787708413546,146.42962539862813,2129837
2017-11-28,148.88121032714844,149.07708453553934,147.45956277156347,147.92712639527824,2238553
2017-11-29,150.38497924804688,150.49870780550918,148.8875051963428,149.14656831106507,2098502
2017-11-30,153.62640380859375,153.82227807997154,150.18285870611976,150.92211198287862,4788066
2017-12-01,152.36898803710938,153.93595865750007,151.1053013089988,153.65795034471495,2669831
2017-12-04,151.1748504638672,154.31511145765535,150.70096781132875,153.5695393129615,2952565
2017-12-05,150.54298400878906,151.8066708898438,150.29023971407923,151.78139530728967,1845548
2017-12-06,150.802001953125,152.32474015325423,149.72787065054098,151.8508576788058,2301224
2017-12-07,151.83193969726562,152.45746421424192,150.33446527523782,150.6630247721174,1635052
2017-12-08,150.46083068847656,152.28054570037983,150.05645598073744,151.6423833967751,2391761
2017-12-11,151.20010375976562,151.77507714231422,150.29024043759412,151.13059590740716,2084508
2017-12-12,149.48146057128906,152.70385455953326,149.19080296047076,149.48146057128906,3308495
2017-12-13,151.0800018310547,151.38328567536016,149.51303145853373,149.6899489561833,3238648
2017-12-14,150.42919921875,152.14782301378685,150.25861214882678,151.84453917485752,2373701
2017-12-15,150.37864685058594,151.44014019684658,150.15749711848588,151.13053749040276,5404365
2017-12-18,150.64402770996094,151.64866261740394,149.8415858689047,150.7451184777404,2675811
2017-12-19,150.62513732910156,151.4781306949205,149.68369094389502,151.3075320217567,2235204
2017-12-20,149.69627380371094,150.67563320819423,149.424584417971,150.5050345976339,1939434
2017-12-21,148.34413146972656,149.90478298131603,148.11034392227427,149.11497888450992,2680954
2017-12-22,148.31259155273438,149.16557337253573,148.02826427946727,148.7106474291418,1531598
2017-12-26,148.76747131347656,149.29190495371805,148.50210081158528,148.5336952834364,943764
2017-12-27,149.24134826660156,149.4561791363967,148.3820363182497,148.81169805783998,1160718
2017-12-28,148.9380645751953,149.79737652450183,148.66005629456006,149.70891200649962,1422881
2017-12-29,148.7169189453125,149.94270372733303,148.7169189453125,149.41827009136975,1607304
2018-01-02,148.8875274658203,149.79107175935448,147.09941862462873,148.9759919921669,3505476
2018-01-03,148.88121032714844,148.94439927528418,147.40270424907126,148.52738681007804,2623665
2018-01-04,150.82730102539062,151.2885457832386,149.41197227579605,149.74685066027195,2682748
2018-01-05,152.00257873535156,152.21107927586485,150.2144577133951,150.7894312203166,2195736
2018-01-08,151.5096893310547,152.2363045960753,151.12425980080667,151.25062616896284,2235324
2018-01-09,152.45115661621094,152.7670783457886,151.22537154201737,151.38965130263102,2027340
2018-01-10,152.36264038085938,153.2661729922669,151.66130083641417,152.27418740015406,1962516
2018-01-11,153.10194396972656,153.12090065704476,151.4844334910569,152.1099580492302,1779289
2018-01-12,154.46670532226562,155.43342701596902,153.22197532641778,153.58211772794738,2361263
2018-01-16,154.63729858398438,156.18531240682228,154.0623137849094,154.99112207861216,2883676
2018-01-17,156.76661682128906,157.03199887653687,155.3070674061616,155.97049371720584,3012724
2018-01-18,155.37657165527344,157.32897191117706,154.75104715088966,156.77926261871488,2671266
2018-01-19,156.81085205078125,157.01304516078616,155.18069244235033,155.83149250671747,2408146
2018-01-22,156.25479125976562,156.6275829268175,154.85210063428283,156.14738159757607,1985958
2018-01-23,155.62925720214844,156.22951747439316,154.87736655204833,156.00836773926855,2179949
2018-01-24,156.5012664794922,157.03833802332582,155.59141468058422,156.69082182030593,4151316
2018-01-25,159.451904296875,160.9935988929484,156.128408699633,157.9607608452062,4195448
2018-01-26,163.41357421875,164.13387042637706,160.10271615942017,160.12799173351718,4461798
2018-01-29,161.7581787109375,163.86220918396307,161.7329031325034,163.3377870547736,2758335
2018-01-30,158.9338836669922,161.55604134073357,158.8517495395799,161.4991712696403,2885470
2018-01-31,158.27671813964844,159.9384605477067,157.70805222929883,158.90224256945243,3751134
2018-02-01,156.65919494628906,158.0176534680151,155.54715024508303,156.34327328720585,3187938
2018-02-02,154.9089813232422,157.17098399417367,154.7257449239774,155.70510433088415,4695137
2018-02-05,146.2338104248047,154.42249967600756,142.80290372658428,153.85384518444187,7882238
2018-02-06,147.6175079345703,148.2114493914819,143.30834499256957,143.75063299006044,6109288
2018-02-07,147.33950805664062,150.07539335229345,147.10573202169238,147.33950805664062,3451178
2018-02-08,140.83151245117188,147.41532743046136,140.6798705215031,147.32054401765038,4486555
2018-02-09,142.29742431640625,143.4031503335423,137.8555635610114,141.91832517188703,5404246
2018-02-12,144.81214904785156,145.56403991379233,142.85976035445634,143.73801759210326,3935318
2018-02-13,146.1832733154297,146.56870292981026,144.64789681590145,145.1407361370359,3018226
2018-02-14,146.587646484375,147.1373442923808,144.35723771187625,144.97644337326892,2796009
2018-02-15,149.2760772705078,149.29514573582404,146.74015696462007,148.2845982658261,2544490
2018-02-16,150.42010498046875,151.54506324971385,148.33543687697568,149.33963979725223,2657273
2018-02-20,149.40321350097656,150.42011721543727,148.66594583925652,149.06636044843623,3200376
2018-02-21,147.56640625,151.17643575101883,147.5155570067047,149.1743975809758,3063434
2018-02-22,149.9942626953125,150.86498627224591,147.617234885455,147.72527791355057,2732262
2018-02-23,150.64256286621094,151.19550198358334,148.9710100058105,150.53450822580479,1933573
2018-02-26,155.16781616210938,155.62542456940133,151.58956732785157,151.90735191059522,3691813
2018-02-27,153.03228759765625,155.5046461817681,152.99415066965724,155.4665092537691,2126847
2018-02-28,149.68284606933594,153.98564985198485,149.61292836407807,153.57887912813055,2943834
2018-03-01,147.0325164794922,150.5217901729747,145.88213369122877,150.0895948587888,4170572
2018-03-02,146.41600036621094,146.98801946716603,143.8483111622056,146.0219535888979,3483709
2018-03-05,147.96681213378906,148.5388196918969,145.24657495761176,146.1808601552269,2673419
2018-03-06,148.50701904296875,149.94340549987683,146.68929813129463,148.75489745744707,2500956
2018-03-07,149.7209930419922,150.13410834975653,146.5558596044774,146.9562626013422,2647705
2018-03-08,150.21038818359375,151.06839961046344,148.79941440826937,150.2167327404718,2338419
2018-03-09,153.3945770263672,153.40728933764018,150.10233198196644,151.2654272716772,2201716
2018-03-12,152.40940856933594,154.50677691935323,152.0916240800823,153.871207940846,2572955
2018-03-13,150.9921112060547,154.42417951713486,150.55991589075188,153.1085483050645,2403840
2018-03-14,148.90744018554688,152.10434230870766,148.62778098768771,151.77385707273237,2678681
2018-03-15,149.91162109375,151.31622674566208,148.85022456197993,149.4985058780657,2117518
2018-03-16,150.76966857910156,151.37345691581217,149.78453413561417,149.78453413561417,5810168
2018-03-19,147.17233276367188,150.20398636976202,146.346090703843,150.00061263105155,3135553
2018-03-20,147.738037109375,148.97103868787534,147.18509788554272,147.5282955423218,2066688
2018-03-21,148.8120880126953,150.76964427395052,147.6490046122875,148.08754444520883,1899607
2018-03-22,141.8398895263672,147.52822952818903,141.60473503719672,147.47739189742873,5137418
2018-03-23,136.87608337402344,142.5389978807804,136.81887799963724,142.04960891859935,5048555
2018-03-26,139.97767639160156,140.3335978028391,136.7616945806452,138.4650277920731,4274504
2018-03-27,137.20028686523438,141.00734571199936,136.47573151943902,140.47346343608828,3225253
2018-03-28,137.6260986328125,139.60906817410972,136.59011497851546,138.06463852382348,3017388
2018-03-29,139.52012634277344,140.70227863930933,138.21085091858808,138.4205924803842,3161028
2018-04-02,135.13465881347656,139.01162296254256,133.13260939658832,138.58579542128018,4593597
2018-04-03,137.4926300048828,137.57524841905777,134.06054996333276,135.3761812258681,3596133
2018-04-04,138.27435302734375,138.50315136108327,134.18129164642485,134.98846516580372,2976605
2018-04-05,138.9798583984375,140.02219823134968,137.6388140753178,138.96080153215354,3444360
2018-04-06,134.8995361328125,139.09429774823576,134.1050745843479,138.17271307295647,2994664
2018-04-09,135.2554473876953,137.82950492841707,134.99486819522468,135.85287964291555,2614576
2018-04-10,137.90576171875,139.0052954464649,136.79351567982718,136.85072108026273,3417450
2018-04-11,136.2215118408203,137.21300254953255,135.69398570756488,136.13888181568208,2176481
2018-04-12,137.54981994628906,138.350637440334,136.65367173104787,137.1049239160024,2742308
2018-04-13,136.97779846191406,138.98619234760557,136.30409253106308,138.61121405688036,2433262
2018-04-16,138.36337280273438,139.36121965891593,137.65789751116714,138.04558821403668,2464358
2018-04-17,139.88238525390625,140.89928894661642,139.02436225174782,139.28494143074735,2216786
2018-04-18,139.52012634277344,140.46712405080885,139.29131631182992,140.07306555274656,1912763
2018-04-19,139.0942840576172,139.3802878671489,137.93754490923587,138.57947024116555,1737908
2018-04-20,138.3951416015625,140.00313287304024,137.75321632400676,138.81461304675628,3150623
2018-04-23,137.20660400390625,139.01796865565507,136.4884050179662,138.5667165311719,3014757
2018-04-24,127.83197784423828,131.24497770700887,125.13716546066219,131.24497770700887,13958994
2018-04-25,126.37653350830078,128.22603547643772,125.21343830423906,127.8129201869589,7421658
2018-04-26,125.26429748535156,126.87864503800176,124.6795775587504,126.2748566443822,4932663
2018-04-27,124.64778137207031,125.27699431060105,123.5546039232504,125.0608966432628,4012341
2018-04-30,123.5482177734375,126.05871276317762,123.41475015203456,125.18163319463255,4794405
2018-05-01,123.94861602783203,124.27911279178579,121.67328719762054,123.31940326546227,5633758
2018-05-02,123.6181640625,124.83210855423376,123.31309180041976,124.03129096656716,4805050
2018-05-03,124.36813354492188,125.01641494702046,122.25168475578687,123.6308659745541,4097376
2018-05-04,126.70703125,127.06930889944373,123.33851256287058,123.98043784400056,3673753
2018-05-07,127.27906799316406,127.74938879017682,126.84688413616409,127.1519564586142,3424626
2018-05-08,128.2196502685547,128.4548163576785,126.83411314518673,127.11376071158747,3915106
2018-05-09,129.28746032714844,130.12004716772793,127.9845411416148,128.40401263989511,4020115
2018-05-10,130.3107147216797,130.72384164528236,128.6328172008956,128.7726410277256,3230157
2018-05-11,130.3933563232422,130.5268240062109,129.44000247480827,130.12640935847946,3774217
2018-05-14,130.77467346191406,130.95263421507948,130.0819105143607,130.71747966188417,4049536
2018-05-15,128.64549255371094,130.65388639685528,128.1561035009906,130.26618420748193,2702003
2018-05-16,127.24723815917969,127.77475251595799,126.5099707323051,127.44425572435638,3484546
2018-05-17,128.2135009765625,128.87901528321515,127.14484531769608,127.51598854398458,2709897
2018-05-18,127.317626953125,128.46947787611387,126.99128106439686,128.16231918707012,3499137
2018-05-21,129.109375,129.85808441414687,127.98312274442007,128.30308063886724,2543294
2018-05-22,127.32405853271484,129.3334014458091,127.1704791496502,129.23740703254842,2767424
2018-05-23,127.13206481933594,127.21524828086304,125.78183713131655,126.53693462378884,3274289
2018-05-24,127.60562896728516,128.09836524844246,126.01863813488193,127.23447393001022,2457780
2018-05-25,127.36244201660156,127.60561615810856,126.65854145571531,126.91450317273737,2017054
2018-05-29,125.25713348388672,127.02970189586324,124.84759234583221,126.70334423969764,2806773
2018-05-30,127.13848876953125,127.58642764981086,125.8714559787808,126.12101808925803,2563148
2018-05-31,126.2105712890625,126.9912789285803,125.58985429546993,126.77370332827132,6282708
2018-06-01,127.7207260131836,128.2518597075028,126.88243375973012,127.18319269562637,2185092
2018-06-04,128.66146850585938,129.06462162646685,128.02795218331974,128.45029250562925,2880446
2018-06-05,128.7510528564453,129.32697249280736,128.55267612550847,128.67425734325047,2686336
2018-06-06,130.45323181152344,130.5748130356703,128.9750232079995,129.1606006965134,2747571
2018-06-07,131.2275390625,131.75227343921517,130.3892463207791,130.65801897517787,2725923
2018-06-08,132.20016479492188,132.30254711143382,130.80515172101587,131.16989529254747,2595559
2018-06-11,131.25953674316406,132.32819269564186,131.18274121984402,132.20021183492648,2754268
2018-06-12,131.13156127929688,131.79066449082987,130.51083247470055,131.61149828534536,2160096
2018-06-13,131.11231994628906,131.6050560472135,130.37001014326106,131.27229889650744,2509088
2018-06-14,130.30601501464844,131.99538745372203,130.2228198946371,131.66902995458716,2656914
2018-06-15,131.1635284423828,131.22112507877054,128.05354364044757,129.6149356676805,6517602
2018-06-18,130.65162658691406,130.90758832341191,128.14314784973556,129.6021577753383,3399989
2018-06-19,127.59282684326172,129.15421913065322,126.91451305871963,128.78946372905574,3835333
2018-06-20,126.7544937133789,127.9831283448123,126.22975947364242,127.56078810979416,2808567
2018-06-21,125.11634826660156,126.60095672823435,124.52122962772228,126.60095672823435,2894798
2018-06-22,125.7434310913086,126.34496087335947,124.89875056682277,126.31296274482233,2738960
2018-06-25,125.2955093383789,125.63466619062378,123.91329510124474,125.41069093860241,3495310
2018-06-26,125.79464721679688,126.67133768121921,125.41069297229132,125.96102583232918,2559679
2018-06-27,124.73239135742188,127.91917189189873,124.6299973301931,125.78824801616206,3456081
2018-06-28,125.40430450439453,125.96743666790152,124.27806353368439,125.10354537996827,2366525
2018-06-29,125.8841781616211,127.61195986797017,125.71781129316116,125.72419923904404,3195234
2018-07-02,125.11634826660156,125.35312280355755,123.83011657731262,125.07796218014167,2171338
2018-07-03,125.3147201538086,127.31126369798211,125.1035441348263,125.73706051362139,1469764
2018-07-05,126.281005859375,126.37058897038753,124.80279694152149,126.10822758699457,2415083
2018-07-06,126.35779571533203,126.74175004511149,125.6730938992453,126.1210328318857,1942902
2018-07-09,128.3223114013672,128.52068814797553,126.7481200380121,126.79291742424803,2352652
2018-07-10,128.9302215576172,129.63413372976538,128.232720689844,128.62306285511798,2019685
2018-07-11,126.49852752685547,127.86794218757747,126.37693465060774,127.86794218757747,2216308
2018-07-12,127.54801177978516,127.98315134358836,126.31937692756412,127.4520290612618,2073266
2018-07-13,128.73826599121094,129.12860818639328,127.98315675140569,128.15593499456867,1943978
2018-07-16,128.69346618652344,128.99422528019193,128.0343513598305,128.9750264004066,1755728
2018-07-17,129.30775451660156,129.94767031944792,128.06632066183516,128.6166417125201,2297038
2018-07-18,129.39097595214844,130.01170473991368,128.84705436693304,129.40377520621482,2326220
2018-07-19,129.00701904296875,129.44855822478735,127.66959056671725,129.1094013859824,3129214
2018-07-20,129.2310028076172,129.87091882731366,126.86331587037063,127.55442890865147,2781178
2018-07-23,127.24085235595703,128.96862302677908,126.49855408324507,128.96862302677908,3909844
2018-07-24,128.41831970214844,129.38459335522123,121.94876363003888,123.46537019627615,9791054
2018-07-25,130.78599548339844,130.85637969952472,128.31591472920553,128.38631062348284,4000859
2018-07-26,133.07688903808594,133.38404777132615,130.9587760397318,131.1123554063519,3406567
2018-07-27,132.73138427734375,134.76631441869708,132.36662879223874,133.53766743680518,2688608
2018-07-30,131.25953674316406,133.90238414218922,131.02916185135527,133.26246816046094,2440438
2018-07-31,135.86692810058594,136.16128758069692,132.1426138547465,132.60975158242715,4273428
2018-08-01,132.49456787109375,135.06063135819258,132.37938626726157,135.0094343439778,2471654
2018-08-02,131.52188110351562,131.81624054858548,130.446825662954,131.79064204411856,2032841
2018-08-03,132.64810180664062,132.8336792414621,131.3106736935266,131.77142330736126,1554680
2018-08-06,132.27053833007812,132.7568747310797,131.3362632729782,132.75047510692917,1272305
2018-08-07,133.46725463867188,134.1327691785066,132.6993577381519,133.10889885904513,1572262
2018-08-08,132.55215454101562,133.76799011194845,132.3153800462344,133.41603402199942,1258312
2018-08-09,131.04196166992188,133.0832908576752,130.85638416591678,132.55216853169495,2167870
2018-08-10,129.23736572265625,130.6259910320761,128.62304838676025,130.42121469406118,2264267
2018-08-13,127.88076782226562,129.76851746834652,127.66319220329025,129.27578127107162,1898291
2018-08-14,128.31593322753906,128.67428902103745,127.60563294637002,127.84239581404213,2055924
2018-08-15,128.87265014648438,129.1094129853966,126.13380836284185,127.50322341558747,2426564
2018-08-16,129.99893188476562,130.17810979992925,129.1478397072769,129.27582059577838,1961679
2018-08-17,131.0355682373047,131.1763483591684,129.19261572037772,130.082093842474,1912284
2018-08-20,130.9267578125,131.69465452775393,130.32523969206355,131.64345752068718,2501673
2018-08-21,131.62423706054688,131.8482122515891,130.7923559010129,131.18269798144394,2044801
2018-08-22,130.70919799804688,131.67547155424427,130.1588768182078,131.67547155424427,1747715
2018-08-23,130.6125946044922,130.87028378880387,129.78156785274984,130.77364593602582,1635291
2018-08-24,132.24884033203125,132.377679009262,130.81870632627445,130.95398752518807,2005214
2018-08-27,134.20721435546875,134.31672545827442,132.60958667917546,132.82216636365555,2125531
2018-08-28,134.91587829589844,135.3603770955149,134.3038739051017,134.61953400639246,2555493
2018-08-29,135.57943725585938,135.90798249446766,134.3232390222742,134.7484103725307,2523919
2018-08-30,135.42478942871094,135.98525363289738,134.7870267087498,135.096244284705,2679997
2018-08-31,135.87570190429688,136.391068340299,134.92227928808452,135.00603206519244,2324426
2018-09-04,134.38116455078125,135.76620092923937,133.70474678783071,135.63736224973132,2521766
2018-09-05,136.46197509765625,136.5135152829227,133.57593633845906,134.18148648962338,2333994
2018-09-06,137.0481414794922,137.45399675917665,135.97232284822388,136.57143023055167,2826746
2018-09-07,136.93869018554688,137.1963676058768,135.26375168411406,136.72609867209556,3276083
2018-09-10,137.17054748535156,139.38662186897233,137.12546159491615,137.65370128958216,2870041
2018-09-11,136.4297637939453,136.71321130277855,135.2830769557426,136.1592013315526,2353130
2018-09-12,133.16360473632812,138.3494583632527,132.641807518011,136.76471563085568,5904652
2018-09-13,134.67108154296875,134.72906425077463,133.06056833487295,133.56949238965987,2596875
2018-09-14,133.9173126220703,135.47628503426296,133.44704389018702,134.53574757049634,2059034
2018-09-17,134.9802703857422,135.4054415497977,133.54369385064575,133.64676244169442,1926038
2018-09-18,136.2686767578125,136.4619406473424,134.27163616004708,135.43765026233223,1976868
2018-09-19,137.29295349121094,137.9500435964197,136.33308841696282,136.4232719530155,2253862
2018-09-20,138.67800903320312,139.79248300798702,137.38315620470962,138.31080880399335,2481820
2018-09-21,139.3608856201172,140.3529635533627,138.89705926621565,139.99864832628532,6654185
2018-09-24,137.54420471191406,139.06453401591028,137.01595320504762,138.75531648906806,2445581
2018-09-25,135.69537353515625,137.94364952592616,135.46345445803811,137.94364952592616,2500358
2018-09-26,135.97235107421875,136.9515438574324,135.69534614735983,136.2429134792239,2006529
2018-09-27,135.35391235351562,137.13191901653795,135.2830446150343,136.57145489964682,1925321
2018-09-28,135.74041748046875,136.10761767388405,134.55508763796047,134.9802587654134,2990239
2018-10-01,136.69384765625,137.47334573445653,136.126952788201,136.82914060816844,2187245
2018-10-02,138.9615020751953,139.04525488595382,136.63592729212766,136.81630620502318,2092282
2018-10-03,138.99365234375,140.01150012548337,138.46540088983994,139.14826109167183,2558483
2018-10-04,137.75680541992188,138.92925038941112,136.59723373819125,138.40745312559545,2012270
2018-10-05,137.33802795410156,138.52336940449499,135.9658769262546,138.0853132896117,2559799
2018-10-08,138.09825134277344,138.23353256574023,136.73897307742013,137.29943729420086,1993373
2018-10-09,135.55361938476562,137.28652840389682,135.05113796071365,137.00951172682008,3525090
2018-10-10,130.22605895996094,134.76125390135454,129.83953111959485,134.76125390135454,4216139
2018-10-11,126.73445892333984,130.7156557167577,126.58629266067906,129.5818540395961,4182651
2018-10-12,127.70077514648438,130.4837452195948,126.21911242268904,129.4014836519964,3346528
2018-10-15,128.15814208984375,129.29194358768027,127.17894935278376,127.4366267019359,2168109
2018-10-16,130.34202575683594,130.4644219412741,128.34498464088708,129.13736796920645,2319642
2018-10-17,130.728515625,131.26964039104126,129.13087614291996,129.99411521905,2181743
2018-10-18,129.08580017089844,130.46439403370016,127.8102749008769,130.34844039726912,2797922
2018-10-19,128.74440002441406,129.54965665808388,127.79097711066335,128.91833639780108,3788091
2018-10-22,129.7171173095703,131.03129768040924,128.64129848437977,129.64624957111565,3902907
2018-10-23,124.04168701171875,125.54913151739332,118.85584419440369,121.625917342872,9873698
2018-10-24,118.88158416748047,124.30579948719598,118.5143956991566,123.75177788921428,5984186
2018-10-25,119.17150115966797,120.77557170733357,117.47723529647129,120.18933742566557,4228099
2018-10-26,119.14573669433594,120.24732580533224,117.23244848737997,118.08923348680567,4241255
2018-10-29,119.68687438964844,121.67747308363354,117.99262002166901,121.0139401856385,3429650
2018-10-30,122.27656555175781,122.45050190905658,119.17794724688994,120.35683485516914,3491842
2018-10-31,122.56644439697266,123.76467122072336,122.18637085977191,122.84990361487135,3402740
2018-11-01,123.82909393310547,124.46685658670731,122.45693079570329,122.7919184275373,2682389
2018-11-02,124.20918273925781,125.27855922998916,123.42969626192182,124.75676190844894,3671242
2018-11-05,124.49261474609375,125.33652634652442,123.82265123977969,124.6536660397747,3452254
2018-11-06,125.81324768066406,125.94208637453839,124.33157331003939,124.50550966151951,2272639
2018-11-07,129.6720428466797,129.74291059780742,125.88412157704529,127.03080834574898,2923502
2018-11-08,131.46292114257812,131.5917598292895,129.3112715757173,129.48520791752722,3030664
2018-11-09,129.54966735839844,131.41785820024617,128.6477845567679,131.41785820024617,2905443
2018-11-12,126.93415832519531,129.33704276374712,126.5862856386185,129.20820407594059,3312920
2018-11-13,127.79093170166016,129.40788691776032,127.01144543827775,127.24335268276866,2593885
2018-11-14,127.59127807617188,129.51100906215083,126.45103367596172,129.35640024973745,3346049
2018-11-15,132.00404357910156,132.14576729492913,126.41877718650144,127.37864234639012,3776370
2018-11-16,134.6388397216797,135.1348786226868,130.51593150586683,130.92821762487753,3133998
2018-11-19,132.4356689453125,134.02685432371223,131.6561825612004,133.88513059536703,3851598
2018-11-20,129.16957092285156,131.50804229364053,128.96343368985467,131.14728450125187,3201931
2018-11-21,128.87118530273438,130.4862098301429,128.85172574978836,129.5133032031086,2191909
2018-11-23,127.64532470703125,128.86470724808515,127.63883818895658,128.26798309535164,1195880
2018-11-26,129.63006591796875,130.90781537094114,127.98260858329277,128.7933642136087,2775916
2018-11-27,130.1684112548828,130.57702641034555,127.63236007144786,129.15009887040787,2487202
2018-11-28,132.5358123779297,132.54229889640294,129.34468202334577,131.01158706713085,2612542
2018-11-29,132.67849731445312,133.50871245395925,131.44615355984783,132.23096307231128,1876763
2018-11-30,134.8577880859375,134.8577880859375,132.30227796818554,132.54875377462076,3793592
2018-12-03,135.4026336669922,137.4716790785509,134.29352192088115,136.99171224582707,2982106
2018-12-04,131.14776611328125,135.26640860929712,131.076426260934,134.94859294055252,3227645
2018-12-06,131.4591064453125,131.71854345807864,128.54687330365252,129.46788771935346,3578193
2018-12-07,128.57933044433594,132.5552825044073,127.78154779206815,131.4202245380589,2696382
2018-12-10,128.63119506835938,129.03982200388702,125.59572972795652,128.65714113876888,2368439
2018-12-11,128.07342529296875,131.01809203361864,127.21727575422594,130.53812510915463,2187364
2018-12-12,129.59768676757812,131.42026901691713,129.52634687125095,130.11008643110992,2295124
2018-12-13,131.10244750976562,131.27757173752968,129.4095839202853,130.6484265564472,2190713
2018-12-14,127.19131469726562,130.7391799761756,127.02916356841207,129.7987057961676,2957947
2018-12-17,125.06391143798828,128.58583123299047,124.43476637294215,127.02269834994068,3046930
2018-12-18,126.19249725341797,127.72320954739595,125.27796889132634,125.43363354522951,3153015
2018-12-19,123.20890045166016,128.57284943857744,123.04026278738864,127.12646217208916,3906734
2018-12-20,121.53547668457031,123.96125693790385,120.31609412135496,122.65756147489739,4316603
2018-12-21,119.18104553222656,123.55911378878358,119.10969383366456,121.84680322712497,8012243
2018-12-24,115.85369110107422,119.04482104400391,115.78235124378392,117.97462849096121,2690402
2018-12-26,120.80900573730469,120.85441135403244,114.71861637406451,116.34661369249503,3498898
2018-12-27,123.68882751464844,123.68882751464844,118.6167380189154,119.01887841057486,3359564
2018-12-28,122.8261947631836,124.72660248578279,122.30730883628402,124.40878677902245,2764434
2018-12-31,123.58506774902344,124.30502395179997,122.26192451255481,123.45534921643387,2158062
2019-01-02,123.85102844238281,123.87696268482284,121.09445875632149,121.82088978908587,2960339
2019-01-03,119.18753051757812,122.11921174144759,118.62323896452504,122.11921174144759,4016407
2019-01-04,124.09098052978516,124.51906707454168,120.65986083683812,121.12686649233844,3582140
2019-01-07,123.80560302734375,124.72661766993399,122.36570239468503,124.11693225404223,2585991
2019-01-08,124.32449340820312,125.90059915361692,122.96241911575788,125.1806428935042,2965841
2019-01-09,124.72660827636719,125.79032625140246,124.12989594292097,125.34278016460564,2587666
2019-01-10,125.56974029541016,125.70594528131431,122.84560506720626,123.79905180524229,2319403
2019-01-11,124.66824340820312,124.97957261634778,123.7926226123511,124.42825406537244,2822440
2019-01-14,124.64228057861328,125.07035522308642,123.10508246292706,123.64991442229257,2289622
2019-01-15,122.54731750488281,123.67588895156496,121.8468208011789,122.48245231501633,3273811
2019-01-16,122.8975601196289,123.52021856642611,122.21003648599327,122.26840331743493,2980552
2019-01-17,124.34393310546875,125.11576955744704,121.87274731883753,122.30082199311781,2366764
2019-01-18,127.0356216430664,127.38586989684161,124.76550634740799,126.04974205344365,3284934
2019-01-22,124.70067596435547,126.14706316644727,123.51373768474537,125.971938990704,3240682
2019-01-23,124.7200698852539,125.8291811901304,123.41637495009743,124.94059957779885,1976868
2019-01-24,124.86932373046875,125.29092382486645,124.21423260731905,124.70068606005256,1893029
2019-01-25,127.06157684326172,127.87881888189975,126.12758932387854,126.2962269457153,2774840
2019-01-28,125.31037139892578,125.47252253432912,123.92883757019848,125.2714522856178,3775294
2019-01-29,127.74266815185547,129.6495631070646,125.95900524741405,126.48436605245442,5156076
2019-01-30,129.24734497070312,129.79217684675484,126.23782621118674,128.5663080848157,2593048
2019-01-31,129.91542053222656,130.29810136692325,128.2549905251254,128.94251398947807,3992726
2019-02-01,129.176025390625,130.86887625945064,128.6117338765426,130.68726560560955,2678322
2019-02-04,129.85711669921875,129.88953746366727,127.2886322377449,129.0787816181393,2360426
2019-02-05,130.4473114013672,130.45379792004402,129.54574448885043,130.18786249100634,2436132
2019-02-06,131.38778686523438,131.71857564754012,129.88302104800889,130.5121660189212,2000190
2019-02-07,129.6171112060547,131.27754181250236,128.9814796489592,130.38246131499764,2331482
2019-02-08,129.60414123535156,129.6236007940965,128.35882416939222,129.214973733882,1736353
2019-02-11,130.31105041503906,130.49914753922144,129.487322080197,130.3240234468246,1810146
2019-02-12,133.98216247558594,134.12485400588866,131.14128122947784,131.5823288537507,3137108
2019-02-13,136.02532958984375,136.46638927208164,133.99520272708008,134.31950505046458,3548891
2019-02-14,133.83743286132812,135.26769417634176,133.26270863883974,134.92155575388045,2666721
2019-02-15,136.4040985107422,136.47593160554197,134.53625926771264,134.83667821370958,2392478
2019-02-19,136.11019897460938,136.5934841754058,135.44404749262677,135.78365459789427,1835142
2019-02-20,136.1886444091797,136.47600077110806,135.39840845459912,136.4498752984682,2247404
2019-02-21,135.6922149658203,136.56735818266156,135.3526078618848,135.94692625304592,2078170
2019-02-22,136.72412109375,136.926581499678,135.2873279934363,135.6922368867425,1834903
2019-02-25,137.5273895263672,138.03026878990138,137.37064871166478,137.45554452362776,2611466
2019-02-26,136.74371337890625,138.18703782541317,136.737182013687,137.52741761246773,1998875
2019-02-27,136.51513671875,136.94617109663213,135.9469555805668,136.8874007242462,1842558
2019-02-28,135.44403076171875,136.52815366781783,135.16319405107998,136.52815366781783,2537553
2019-03-01,135.5093536376953,136.9918661098311,135.1240388884717,136.37143415754107,2098262
2019-03-04,135.097900390625,137.1355309734821,134.36643531261922,136.48897362564176,2379920
2019-03-05,133.12554931640625,135.35257716105403,133.12554931640625,134.26192300842217,3282422
2019-03-06,132.4463653564453,133.7460114944444,132.4202398994326,133.70682330892532,2183059
2019-03-07,130.52626037597656,132.2895972567332,129.638054613419,132.2895972567332,3994162
2019-03-08,131.198974609375,131.381840896156,129.31154137982875,129.55972131137025,2062502
2019-03-11,135.25465393066406,135.29384211750454,131.70185386519216,131.84553196505885,2852819
2019-03-12,134.40562438964844,136.09712845487596,134.13133094284564,135.73792727734303,2529660
2019-03-13,134.96728515625,135.38525668796154,134.29460235235481,135.078306423406,2435893
2019-03-14,135.4375,135.48320762594255,134.35989653403607,134.99339111919892,2144906
2019-03-15,135.89471435546875,136.273509753663,135.0522277179961,136.10370615294332,5256061
2019-03-18,136.16246032714844,136.23430534598327,134.28157012934417,136.12980350040533,2204946
2019-03-19,136.5086212158203,137.50131740013092,136.04492995575782,136.56087214716882,2812514
2019-03-20,136.038330078125,137.4816540627785,135.3787100762533,136.49548974153555,2074582
2019-03-21,136.8938751220703,137.25307624676722,134.51662587096564,135.05869323948178,2736568
2019-03-22,133.66111755371094,136.16243940101893,133.5370216311588,136.03182403267002,3248456
2019-03-25,132.71412658691406,134.19010763156072,132.08716329689562,132.87739877362918,2416638
2019-03-26,135.3460693359375,135.60731197359033,133.73294163687464,133.88315108814243,2267138
2019-03-27,135.29383850097656,135.80323724209256,133.9680668967,135.45057932560027,2396784
2019-03-28,136.1886444091797,136.3257912219839,134.95431117538664,135.84250573381163,1998038
2019-03-29,135.69876098632812,136.82207232892063,134.66687683457081,136.68492558339324,3418527
2019-04-01,138.4156494140625,138.709549010307,136.66537416335098,137.07682644696155,3095726
2019-04-02,138.53970336914062,138.9119554193246,137.80170679668862,138.61153646575187,1690546
2019-04-03,139.19277954101562,139.71524102048386,138.74213923307934,139.0752149814419,1877720
2019-04-04,140.4336700439453,140.59041090119692,138.67033242022714,139.4344426095099,1866836
2019-04-05,140.6818084716797,141.38713616172635,140.28341912127667,140.98875872987028,1663756
2019-04-08,140.4270782470703,140.45973506130892,139.41478851694558,140.2246179173363,1351480
2019-04-09,138.42868041992188,140.13324762952757,138.3372532214931,140.03527714705015,1813734
2019-04-10,138.5266571044922,138.91850329629509,137.61885685230823,138.7291175254599,1612926
2019-04-11,139.45399475097656,139.57154737891128,138.08903508742628,138.2653699886018,1412715
2019-04-12,141.99456787109375,142.04028743734204,139.98959326395484,140.47941000381553,2299190
2019-04-15,140.95614624023438,141.9553736938047,140.34877689657228,141.6157665101644,1774027
2019-04-16,141.65487670898438,142.1577558840847,140.7274947116256,141.45242830123297,1853322
2019-04-17,142.13819885253906,143.24191592044698,141.83776803205683,142.1316674886471,2365210
2019-04-18,142.94805908203125,143.46398926610743,142.1251666476575,142.3602719611644,2129000
2019-04-22,142.7259979248047,143.28764763975178,141.8965741638149,141.91616825878506,1678586
2019-04-23,143.35292053222656,143.38557734789197,141.8377515522645,142.37981893667265,1867913
2019-04-24,143.07870483398438,143.51627064593646,142.43867857348192,143.0264539005385,2450484
2019-04-25,124.55705261230469,129.93849114889548,123.82558754143786,129.01110900126875,17516855
2019-04-26,125.17750549316406,125.55628890116944,123.6688674703859,124.4329775698363,5371595
2019-04-29,124.22399139404297,125.51710622802271,123.92356054295053,125.07952863977307,4548866
2019-04-30,123.76683807373047,124.64851282704082,121.83369690052432,124.64851282704082,5431036
2019-05-01,121.52021026611328,123.8974603616428,121.42225170573889,123.75378224443713,4566926
2019-05-02,120.65814208984375,121.80104758576879,119.76340463784425,120.49486987614017,6763260
2019-05-03,120.96508026123047,121.92511935107252,120.22708373183234,121.35039501896485,5678249
2019-05-06,119.5413589477539,119.58707850815478,117.64087453084018,118.88827004480135,7795050
2019-05-07,116.98123931884766,118.79682766735729,116.1256901048161,118.73804538292221,6477058
2019-05-08,116.63505554199219,117.90204449963592,116.57628519891817,117.23590512734827,3576638
2019-05-09,114.473388671875,115.85793080539625,113.75498618545349,115.79261715443086,6097447
2019-05-10,114.8521499633789,115.15910022667755,112.9908542920726,114.3035630751631,5994711
2019-05-13,113.68310546875,114.01618114697669,112.84716251020626,113.59820966770482,7076373
2019-05-14,114.42768859863281,115.57712562148046,113.97052871968748,114.15339505497592,4800744
2019-05-15,113.7157974243164,114.71502476777667,113.40884710341805,113.6504956922281,3606538
2019-05-16,112.20716857910156,113.89214171847681,111.91328096418854,113.89214171847681,4831242
2019-05-17,110.43075561523438,111.19487762891292,109.9997212905419,111.02507406126759,5495620
2019-05-20,108.57598876953125,109.69276870651734,108.15800526465827,109.69276870651734,5232022
2019-05-21,109.2616958618164,109.34006029225348,108.53023094549948,109.07229827032204,4961247
2019-05-22,110.85526275634766,111.52141425072693,108.71313017500718,109.34662484739763,5387023
2019-05-23,109.25469207763672,110.85528537917315,108.4115843191863,110.38102749836644,4580919
2019-05-24,109.39958190917969,110.27562577107487,108.89241190655778,109.56425108499305,2830812
2019-05-28,107.5948257446289,109.99241606640712,107.5948257446289,109.86727035733536,5830620
2019-05-29,106.31039428710938,107.89122563528157,105.71759004437332,107.37086910061127,4388124
2019-05-30,105.7702865600586,106.88344732200741,105.38825021929668,106.31039281086454,2964525
2019-05-31,105.22358703613281,105.87567653945207,105.14454005608142,105.27628502283373,4212192
2019-06-03,105.4145736694336,106.37623951576573,104.94032799263374,105.2235555453359,4456894
2019-06-04,108.21397399902344,108.74090574783192,106.42895002706975,106.52775874536535,4481173
2019-06-05,107.92413330078125,109.22831205117599,107.2852184196706,108.7738280667556,3781274
2019-06-06,108.49718475341797,109.57082184834447,107.00857514719965,108.02293904088694,4283833
2019-06-07,109.74210357666016,110.0582674579904,108.44451180942438,109.0505025990792,2413169
2019-06-10,110.84867095947266,112.11991352419747,110.5720185933928,110.73010050807088,2700090
2019-06-11,111.25704193115234,112.21212064678232,110.98698883847804,111.9157185654522,2663731
2019-06-12,111.32295227050781,112.07383860000125,111.04629981603918,111.8894076371982,2591014
2019-06-13,111.21754455566406,111.90915758813475,110.57204226416523,111.553470198834,2561234
2019-06-14,109.79479217529297,110.82233071201566,109.3732443764075,110.81574346419595,3252163
2019-06-17,109.85407257080078,110.28220759866299,109.64329267037223,110.06484045070465,2132827
2019-06-18,113.20014190673828,113.470207034987,110.37442908535854,110.5588479751788,4333108
2019-06-19,112.46903991699219,113.82590499371122,112.33071971183617,113.2133389335087,3321770
2019-06-20,114.57018280029297,114.7941371754389,113.09474767235896,113.86539546072146,3664783
2019-06-21,114.18158721923828,114.97858419039797,113.70734138566873,114.4450651404613,5837437
2019-06-24,114.20134735107422,114.83367512023146,114.1749983572716,114.18158560572226,3243432
2019-06-25,113.31214904785156,114.20794277813137,112.81814144025503,114.11573331374534,3268907
2019-06-26,113.21334075927734,114.10914651360753,113.10795679663208,113.52291741879212,2167391
2019-06-27,112.96302795410156,113.81272280492928,112.40314796107594,113.62829188982113,2055326
2019-06-28,114.17498779296875,114.8534262385065,113.14087402558452,113.19355998778849,4306557
2019-07-01,114.94564819335938,115.7821685700897,114.29355873643439,115.57138865880854,2519613
2019-07-02,114.62293243408203,115.3342953206589,113.99717975514979,115.3342953206589,1860258
2019-07-03,115.25521850585938,115.2947299703893,113.90492893069187,114.72168751919654,1400157
2019-07-05,113.29235076904297,114.13545825660411,111.797153930547,113.95102736677605,2081638
2019-07-08,111.44148254394531,112.29117739953146,111.16484217999636,111.92231556724948,2733219
2019-07-09,109.14268493652344,110.29536897344518,108.21395526844917,109.88039646948125,5425176
2019-07-10,109.14268493652344,110.20974678626787,109.05706274934614,109.4654359860406,3183393
2019-07-11,111.3426513671875,111.37557557515665,109.25463872714637,109.53787827164327,3366501
2019-07-12,114.17498779296875,114.18816228865106,111.48100777486651,112.0408757592635,3780197
2019-07-15,113.8456802368164,114.77442233101416,112.77204269197009,114.20136767540036,2616250
2019-07-16,116.24983215332031,116.75042695151427,113.76661990681521,113.78638165127987,4687004
2019-07-17,115.05104064941406,116.24983570656462,114.67559153416131,116.1576142295774,3525090
2019-07-18,113.99057006835938,115.36062161370074,113.5558477220999,114.88637577581949,2657273
2019-07-19,113.69415283203125,114.60313291605296,113.43068696390833,113.95763072067923,2822919
2019-07-22,115.03128814697266,115.4067372923923,113.37800888198174,113.8259057446148,2397262
2019-07-23,116.92828369140625,117.25762209488423,115.6965522925456,115.92709398319106,2823397
2019-07-24,118.17974853515625,118.7527910275875,116.0983344393152,116.53964399260913,4224631
2019-07-25,117.33004760742188,123.64676131807992,116.361794326902,123.17909077640512,8804952
2019-07-26,114.59656524658203,117.50132562202776,112.35046965397326,117.00073077065,4803256
2019-07-29,116.42768859863281,116.99414391995853,114.38578569304424,114.49775690342852,3156124
2019-07-30,117.00072479248047,117.11928324528066,114.47798891792704,115.70313299861718,2366764
2019-07-31,115.083984375,117.25762020706503,114.21452763806859,117.01390402256206,3606897
2019-08-01,114.18816375732422,117.02706326444539,113.97080861682109,115.13008010809763,2847915
2019-08-02,112.33726501464844,113.89833438961813,111.8498447917616,113.85881090709447,2898028
2019-08-05,108.4906005859375,111.32949971536361,108.29958244202606,111.28338898601717,3462061
2019-08-06,107.8319320678711,108.99779073959188,107.29840107833283,108.56306846322258,4179781
2019-08-07,107.78582000732422,107.99001265816673,104.0972378998549,106.7055955669897,7167867
2019-08-08,108.16783905029297,109.0043592419794,107.72652960226975,108.26663572594745,3899080
2019-08-09,107.67385864257812,108.51696629218257,106.72536704447025,108.37864610335754,1892192
2019-08-12,106.7714614868164,108.53672369214165,106.40919891935562,107.37745222290164,1762665
2019-08-13,108.60258483886719,110.57861494530404,106.80439840365166,107.07446354466754,3880542
2019-08-14,104.60443878173828,107.27865738587559,104.51221730059719,107.03495322677045,4851096
2019-08-15,104.25215148925781,106.1531980636511,103.44784949030064,105.06308888266223,5325429
2019-08-16,107.3496322631836,107.62215643598067,104.6575796270304,104.91682088479085,4164233
2019-08-19,108.31344604492188,108.97814977448344,107.53574656309982,108.81862136460929,3824808
2019-08-20,107.02392578125,108.41979636189232,106.99068816802894,108.41979636189232,2465793
2019-08-21,107.11698913574219,108.77874864937829,107.0505260335069,108.14063493702474,1941826
2019-08-22,106.93754577636719,108.30019135583467,106.45231284341594,107.68202005353734,1724154
2019-08-23,103.59407043457031,106.58522547951222,103.208538339079,106.40576660906044,5051784
2019-08-26,103.77352142333984,104.67087636002958,103.08223969603823,104.36511456842159,2649499
2019-08-27,103.5276107788086,104.6775475844116,103.29495955572494,104.57784684910087,2728196
2019-08-28,104.72408294677734,104.87696388112663,102.36438155542388,103.09556073489202,2806892
2019-08-29,106.59186553955078,107.03722531435425,105.72111281974522,105.88728876230208,3791918
2019-08-30,107.49589538574219,107.78171468319906,106.62513031361985,107.3961946470189,2352532
2019-09-03,105.44860076904297,107.43606501402174,104.53131517775387,107.28318408214021,2195617
2019-09-04,106.39911651611328,106.77134142532142,105.68123252957467,106.23958808916213,1801894
2019-09-05,109.16426849365234,110.61331923046225,107.94120926181726,108.01433200964271,2895994
2019-09-06,108.97154998779297,109.59636885596382,108.31349349248093,109.43684037620699,2107711
2019-09-09,110.30093383789062,111.57051387207065,109.47005399419524,109.67611510675606,3697195
2019-09-10,112.24187469482422,112.40140315298702,110.34747577045592,110.44717650786295,3875279
2019-09-11,111.723388671875,112.92650553095508,109.92204321031667,112.9065629601368,4280604
2019-09-12,113.38516235351562,114.22933730376955,112.07569708458702,112.74704853013102,3432998
2019-09-13,113.95681762695312,114.6481116734784,112.906581507769,113.39181441917242,3030903
2019-09-16,112.7802505493164,113.80389620556308,111.61037153225094,113.80389620556308,2941323
2019-09-17,111.71675872802734,112.04911069959586,110.6731822712762,111.51070972484963,3248814
2019-09-18,111.2979736328125,111.70344827560973,109.8422752674802,111.4109693935274,2507653
2019-09-19,111.05206298828125,112.20865958007586,110.9457147165104,111.26477166234328,1941108
2019-09-20,110.8459701538086,112.44790177489197,110.65985165388976,111.29131777080138,4423884
2019-09-23,110.8459701538086,111.29131777080138,109.34373923994238,110.00179544691606,2318566
2019-09-24,109.50328826904297,111.37110901193816,109.11775615157936,111.03875708461237,3572213
2019-09-25,109.01138305664062,109.66279171529281,108.80532199733848,109.51655835626018,3298807
2019-09-26,108.89839935302734,109.28393146820835,108.2137650616454,109.01140725640116,3304907
2019-09-27,109.36369323730469,110.10150766105944,108.69234191513571,109.33045562125339,3432879
2019-09-30,109.27725219726562,110.05496372541485,108.97149045564895,109.81566507125027,3000166
2019-10-01,105.27577209472656,109.81570354865157,105.13618621860317,109.67611767252816,3912714
2019-10-02,103.46112823486328,104.50471670713291,102.78312931713582,104.39836845493731,3554871
2019-10-03,103.18196105957031,103.33484198597185,100.24397370635312,103.12213334164504,3618737
2019-10-04,103.57413482666016,103.72701574435224,102.63024709464885,103.18195518141815,3165094
2019-10-07,102.0453109741211,103.26171076148445,102.0453109741211,103.02907169408991,2955555
2019-10-08,100.19744110107422,101.56672798061093,100.09108677884265,101.25431860339374,3327033
2019-10-09,100.36361694335938,101.32743517060982,100.23067858969011,101.26096599377519,4016886
2019-10-10,101.24102783203125,101.75950441665653,100.28385708728806,100.3370312180206,3817632
2019-10-11,105.08965301513672,106.08670884582442,102.43748499072814,102.45078003891211,5585559
2019-10-14,106.69160461425781,107.94124218686956,104.58449702635518,105.04978735380595,3910681
2019-10-15,108.33342742919922,109.02472149652189,105.92054571846796,105.92054571846796,3705926
2019-10-16,107.8016357421875,109.14433840252605,107.76175060245065,108.41315936275149,2314499
2019-10-17,108.70565032958984,110.00182047085197,108.39987635483229,108.4397614989987,2325742
2019-10-18,108.4131851196289,109.19089700719911,108.33342695172314,108.71895913307385,3221665
2019-10-21,110.30093383789062,110.44051971074855,109.51658666198728,109.98852447232335,2390326
2019-10-22,111.36448669433594,112.27512487345257,109.74259970269573,110.520311637417,2468544
2019-10-23,112.17539978027344,112.17539978027344,110.71305371251951,111.27804471592643,3243911
2019-10-24,107.60889434814453,109.84230498831346,106.10666291524727,109.78247726500295,7120147
2019-10-25,110.40062713623047,111.42427297564794,107.76840190945262,108.02099567280425,3713341
2019-10-28,112.37478637695312,112.80685110768908,110.47374037936719,110.65985889145888,3753048
2019-10-29,112.20862579345703,112.96638277901535,111.3445084376332,111.69015537996273,3192602
2019-10-30,111.9161376953125,112.0490760166872,111.02544245074108,111.82308450950492,2129358
2019-10-31,109.66947174072266,112.04246806083005,108.71230103582039,112.00923043971844,3173108
2019-11-01,113.05946350097656,113.09934864953765,110.81941748407108,110.96565089827538,2951010
2019-11-04,116.25667572021484,116.32315095826159,114.07644560901386,114.07644560901386,4954789
2019-11-05,116.50265502929688,116.62894588690415,115.50559895877798,116.32318396616176,2756062
2019-11-06,115.6584701538086,116.32317414469854,114.56834881565773,116.26334641853113,3603428
2019-11-07,116.00406646728516,117.45976465938662,115.51883373658467,116.80835600363761,4017125
2019-11-08,115.09345245361328,116.23674171868447,114.40215844903098,116.04397564465455,1932258
2019-11-11,113.07276916503906,114.66141855717733,112.76700725840713,114.66141855717733,3186503
2019-11-12,113.55799102783203,114.3755759175781,113.01959004641554,113.238934101615,2081518
2019-11-13,113.36520385742188,113.92355943971864,112.72044260016584,113.07273708453575,1960005
2019-11-14,113.61781311035156,114.54174621946524,112.953109191976,112.98634681399857,1930224
2019-11-15,114.24927520751953,114.78768827293914,113.6909317001379,114.10304180651393,3129812
2019-11-18,113.35855865478516,113.79725877615076,112.44790866692296,113.52473459734253,2828062
2019-11-19,113.45165252685547,114.14294663666202,112.68724776919666,114.14294663666202,2142993
2019-11-20,111.51731872558594,112.99960703628003,111.10519660056019,112.86002119732461,3216642
2019-11-21,110.71949005126953,111.96654828112823,110.2971070570588,111.88608738573326,4312656
2019-11-22,112.36880493164062,112.46938104093148,110.62562029483304,110.9608495213964,3908887
2019-11-25,114.13883209228516,114.21928075122445,112.54983954620619,112.9521195475151,3303232
2019-11-26,113.461669921875,114.14553859131205,113.11303051253306,113.84383470433397,3122636
2019-11-27,114.38688659667969,114.89643551596421,113.64938963162086,113.97791378776901,1592474
2019-11-29,113.82374572753906,114.36680795511145,113.48181131397251,114.26624404810855,1127230
2019-12-02,112.81804656982422,115.11771617122727,112.79793134330278,114.08520795636163,2801271
2019-12-03,110.7396011352539,111.69835335630981,110.22334711571524,111.63131484819111,3231592
2019-12-04,112.06040954589844,113.22030183116368,111.29609220058515,111.57768086956301,2558483
2019-12-05,110.20323944091797,112.54984433208216,109.09698774358434,112.11405117508116,3957923
2019-12-06,114.96348571777344,115.31212509436347,112.13415249662854,112.13415249662854,4640480
2019-12-09,113.86394500732422,114.8227095623747,113.16667837938535,113.57565125107287,2461607
2019-12-10,112.40904998779297,113.56894228363761,111.94643653152758,113.3946225737428,3193918
2019-12-11,113.13316345214844,113.20020197334257,112.18780895990119,112.8917929634467,2223364
2019-12-12,113.01245880126953,114.54779842831311,111.51732514810638,111.78551587892967,3435390
2019-12-13,113.16669464111328,114.72885499782257,112.69065871494091,113.72316700841702,2509208
2019-12-16,114.48078155517578,114.53440992304492,112.76440460150314,113.2672485518381,3488971
2019-12-17,113.93098449707031,115.17804268511449,113.44825584749951,114.21257315043566,3196430
2019-12-18,113.32757568359375,113.97791895132771,112.76438614659558,113.83041955163375,2715398
2019-12-19,115.41940307617188,115.7076968093839,113.408027547131,113.72314157841625,3298090
2019-12-20,117.57827758789062,117.64532833283344,115.4529280351895,117.18941997383449,8985548
2019-12-23,119.65673828125,120.13276200068916,118.37615433316566,118.47673047951676,5832055
2019-12-24,118.45659637451172,119.79080848583935,118.02749602287147,119.52262994271842,1506362
2019-12-26,118.3962173461914,118.44315286045531,117.6654255160455,118.30235855319914,1716499
2019-12-27,118.8454360961914,119.03315368738649,117.74587743041532,118.4364510744676,1761588
2019-12-30,117.8866958618164,119.98523751795543,117.72578629677207,118.84546041259651,2051260
2019-12-31,118.28230285644531,118.39627692719199,117.37717866068733,117.4844598901352,1881906
2020-01-02,120.6825180053711,120.68922308048577,118.76500111349725,119.12705069861276,4307633
2020-01-03,119.64329528808594,119.7840896187906,117.75259884660346,118.68454303594756,2950412
2020-01-06,119.75728607177734,119.817631751465,118.23534404839769,118.77171338344793,2389608
2020-01-07,119.27452087402344,119.68350588467412,118.55042188131394,119.52928919484461,2598908
2020-01-08,121.10487365722656,121.68817835374152,119.10690855112209,119.34157389155504,3298927
2020-01-09,121.48707580566406,121.74854928550515,120.52161832319605,121.69492091572772,3284575
2020-01-10,120.99759674072266,122.14407860185956,120.77634156206993,121.76191390296894,2516145
2020-01-13,121.29934692382812,122.17765066544534,120.92388715458937,121.31275707526807,2500597
2020-01-14,121.6010513305664,122.39218909088463,120.82332372173998,121.2993473930801,3481795
2020-01-15,120.53500366210938,121.92956137052288,120.13273587082429,121.63456254313948,2968711
2020-01-16,121.35966491699219,121.48704909106907,120.47465630157052,121.13840970425255,2571280
2020-01-17,121.5876235961914,122.12399287167986,121.1518304423471,121.35297045009752,4413360
2020-01-21,120.27354431152344,121.96310104541944,119.76399526105418,121.92287059091247,4027769
2020-01-22,119.36170959472656,121.06467640033745,119.26114569871045,120.35399958170935,2894559
2020-01-23,119.16727447509766,119.63659300022435,118.26215056300218,118.71805893865057,2820646
2020-01-24,119.44214630126953,120.55510294955793,119.02646841500726,119.67010658440473,3161148
2020-01-27,117.7525863647461,121.07805829464229,117.69224069989612,120.58862460857897,5216234
2020-01-28,111.0145263671875,115.54682797939604,110.65919399909781,115.25182906769733,10669157
2020-01-29,108.61427307128906,111.61122166484151,108.29915898495558,111.53076075656594,6391304
2020-01-30,108.95620727539062,109.04336102366828,106.44198742914159,107.94381426121276,5211092
2020-01-31,106.37494659423828,109.05007627074227,106.08665278426287,108.6142830176273,6865399
2020-02-03,104.98707580566406,107.48117994212298,104.84626924367521,107.29345009500837,4694898
2020-02-04,105.4228744506836,107.24652018668267,105.26196489267008,107.11913600232569,5219224
2020-02-05,108.83552551269531,108.83552551269531,106.40175439799228,106.68334309857936,3729367
2020-02-06,109.21097564697266,110.62564873033726,108.9293869396508,110.28371434192948,4082905
2020-02-07,107.32695007324219,108.56058558306276,107.02523403304673,108.21865134163764,3272495
2020-02-10,107.37389373779297,108.118108017117,106.51570543486143,107.41412418219679,3294741
2020-02-11,108.91596221923828,108.96289774269349,107.2867514032441,107.94379978946522,2721020
2020-02-12,109.82112121582031,110.65248957632139,109.66691668217798,110.11612012926285,3272734
2020-02-13,108.08241271972656,109.50988416017138,107.56824940628047,109.43547277128582,4083024
2020-02-14,108.92804718017578,109.0159901346204,107.44644976866142,108.14326465085986,2671266
2020-02-18,107.48703002929688,108.6033116696612,106.91875286710197,108.48829320170674,2964764
2020-02-19,107.79826354980469,108.56273647815942,107.13525283054925,107.62236526639782,2746494
2020-02-20,107.27057647705078,109.18514800664538,107.22998171339707,107.56824671783264,3917020
2020-02-21,106.1678237915039,107.29085913667925,105.61983153333165,107.11497319075333,4228219
2020-02-24,103.20462799072266,104.66593458841098,102.98137530249146,104.49003628622766,4348178
2020-02-25,99.34840393066406,103.8067348733653,98.75305728758461,103.71879190017641,6295026
2020-02-26,100.77587127685547,102.71074612766049,100.18729048718112,101.18855379162311,6161912
2020-02-27,101.58769226074219,105.1529991373175,100.80291596072541,102.3115764338043,9856954
2020-02-28,100.9653091430664,106.02575241149299,98.7733524992364,104.24648448831962,13753641
2020-03-02,103.52257537841797,103.79994817608542,100.3767102976352,102.38600249845392,9599455
2020-03-03,98.2591781616211,104.18558062001458,97.71795794182003,103.13019100567415,9922614
2020-03-04,104.17207336425781,104.18560495321775,98.76659865765215,99.46342610372777,6905465
2020-03-05,102.43339538574219,104.42239701035257,101.1750501907794,102.02071278200468,7040852
2020-03-06,103.94880676269531,104.68622892081297,100.03846798305925,101.20209812269947,8557500
2020-03-09,97.46089172363281,101.11414884706588,97.11586092392663,99.17250796105739,9800502
2020-03-10,103.71202087402344,103.76613487543302,98.01563637588094,100.81647115725727,6759433
2020-03-11,99.61224365234375,101.29680271709384,99.0913146083617,101.29680271709384,5678847
2020-03-12,90.37083435058594,95.87102213982034,88.17887818551233,94.68709493206654,9826097
2020-03-13,95.85075378417969,95.85751957841164,88.62541643706183,95.3974764364881,7870039
2020-03-16,88.56450653076172,91.66977705330052,86.60257475296214,87.8541538373694,8899197
2020-03-17,90.95266723632812,92.52897983632555,87.68502971965862,89.26134231965605,7816338
2020-03-18,92.69811248779297,94.28795667757156,86.85965861844944,86.90701917317269,8205038
2020-03-19,93.02960968017578,94.83594687784158,89.93110471637884,93.16491937473832,7613377
2020-03-20,84.49180603027344,94.20000321578597,83.01696805181932,93.40846714053895,11468683
2020-03-23,79.74256896972656,86.86642487760696,77.15146140137016,86.70405817830977,9489423
2020-03-24,89.78904724121094,90.28291318453799,81.86011662452323,82.732836181609,11136793
2020-03-25,88.99072265625,91.12179313162089,85.78397134023241,90.0799350829576,9260030
2020-03-26,92.12983703613281,92.26514057217054,88.36156750456517,89.15986947889341,8033532
2020-03-27,90.14083099365234,92.73194481516609,88.56451833382714,89.86345814147252,5097711
2020-03-30,93.18521881103516,93.36788290226592,88.66600178083326,89.47106953324182,4627922
2020-03-31,92.35310363769531,94.3353396302879,91.79158585341224,91.79835164855054,4321985
2020-04-01,90.07319641113281,91.89983144281196,88.63218700562656,89.30195133195771,4518010
2020-04-02,93.30020904541016,93.50317047053909,89.36957381027054,89.54547206587075,4772399
2020-04-03,90.5129165649414,92.982252042643,89.91080418681035,92.01481152710977,4291607
2020-04-06,95.18775177001953,95.5598395729929,92.6169352532504,93.26640208983642,6745081
2020-04-07,97.82622528076172,101.91246900788295,97.69092173176145,99.78816378028809,6573575
2020-04-08,100.79617309570312,101.2900389765512,97.3594031368658,98.59068494227458,3673036
2020-04-09,99.97760009765625,101.29683139109004,99.13870322445833,100.43763713228954,5721305
2020-04-13,99.04395294189453,100.51878465262406,98.29977129374186,99.7881345900472,3160191
2020-04-14,101.57418060302734,102.14246402057796,100.16023476577742,101.2223840487254,3968806
2020-04-15,98.20507049560547,100.4985079050873,98.02917220415239,100.25495167602188,3640504
2020-04-16,98.02919006347656,99.07781420947609,96.89938255072143,98.2795059587372,4987798
2020-04-17,99.08454895019531,100.46467201164863,97.96151368760984,99.74755348091146,6450148
2020-04-20,97.19702911376953,99.46340306398125,97.18349752794406,97.92767918982673,3460028
2020-04-21,95.81692504882812,96.58817003464009,95.05244585726476,96.23637342639218,2787996
2020-04-22,97.15644073486328,97.74502154473227,95.87103876775268,96.98730824727829,3288522
2020-04-23,97.6435546875,99.84227102625022,97.3391124819478,97.81268718841692,3092019
2020-04-24,99.44987487792969,99.67989332531998,97.6300123319016,98.21182733010582,2687532
2020-04-27,103.94880676269531,104.51709641773144,100.05199957101291,100.12641713158843,5555300
2020-04-28,106.62786865234375,110.32848651230054,104.9974356906171,108.26507975470548,9919744
2020-04-29,105.71454620361328,108.3936028407273,104.97712411053361,107.25703597723553,4768572
2020-04-30,102.77839660644531,104.82151165276284,102.66338430483233,104.39530375581887,4386689
2020-05-01,100.53234100341797,101.50654750000919,99.94376009805852,101.00591574938944,3499974
2020-05-04,100.39701843261719,100.50526495020493,98.81394012051054,100.49173336386035,2666841
2020-05-05,99.74079895019531,101.4794783867617,99.51754009259189,101.40506082528381,2713963
2020-05-06,98.90867614746094,100.24143891595747,98.76660063370919,99.98435724008559,2593646
2020-05-07,98.59745788574219,100.02493545759049,98.02917440920217,99.92345472205878,3349757
2020-05-08,100.47144317626953,100.92472048541485,99.03043407129313,99.50400258823886,2594961
2020-05-11,98.5906982421875,100.09935926194164,98.49598329466065,100.0046504875848,3629382
2020-05-12,95.74250030517578,99.59871877187348,95.69514592215674,99.1454476302288,3623880
2020-05-13,92.0892333984375,95.2080357794495,91.33152008865984,95.19451036568479,5747976
2020-05-14,92.00126647949219,92.10951298087845,88.7065726244674,91.3315024410318,7053649
2020-05-15,93.82791900634766,93.94969094260972,90.79029996890475,91.01355263416468,12095985
2020-05-18,100.98560333251953,101.29003934497537,96.41226031321929,96.85200602145378,7196452
2020-05-19,100.38349151611328,102.59574548397465,99.70019575927631,100.4646748647885,4855640
2020-05-20,101.26298522949219,102.44690651897952,100.68792980909485,101.39152296231647,4100845
2020-05-21,99.62320709228516,101.55677413790798,99.30207953919552,100.94185686240486,3335764
2020-05-22,100.05364990234375,100.19029541677675,98.7964837382132,99.57537813303418,3183034
2020-05-26,103.90711212158203,104.52202936907418,101.93938067024517,102.77977110797589,5521095
2020-05-27,108.05438995361328,108.06122285324265,104.76801460778775,105.21211567731162,7243335
2020-05-28,107.14568328857422,109.22955546786508,105.30775807617987,108.43700149793644,8049917
2020-05-29,106.88603210449219,107.17982179793283,104.56984787696517,106.2437895304433,10324111
2020-06-01,106.29846954345703,107.64445099017206,105.82702441709716,106.55126188653611,2491746
2020-06-02,107.70592498779297,108.36184587261218,107.01585207743398,107.09784686383396,2791225
2020-06-03,110.1451187133789,110.45257429009104,108.30720568462777,108.8742865358269,4394463
2020-06-04,111.06063842773438,111.08113712378129,108.75811366610849,109.1543968520959,3445317
2020-06-05,114.38119506835938,115.0234377662197,112.73459092542939,112.73459092542939,5414531
2020-06-08,114.01222229003906,115.83648148739806,112.9190458201058,114.16936648552192,3573170
2020-06-09,113.89608764648438,114.75697059873386,112.10599275022194,113.06253629094032,3781274
2020-06-10,111.9830093383789,114.33335201436374,111.92152571661484,114.0327293981132,3051355
2020-06-11,104.11207580566406,109.48917380334673,104.06424551932045,109.35936120920611,5999854
2020-06-12,105.81334686279297,107.55561134805798,103.66797875952086,106.77672323812418,3586565
2020-06-15,107.76741027832031,109.05872828436985,102.82075358956756,103.08721791547502,4896185
2020-06-16,109.09290313720703,111.62772157158841,107.19349441893036,111.26560287113486,4050493
2020-06-17,108.78545379638672,109.91279488586866,108.6146437847201,109.45502804461628,2050662
2020-06-18,108.77861022949219,109.20222500190364,107.67176794621109,107.99972213894571,2160096
2020-06-19,108.05438995361328,110.74635290686388,106.90655009744462,110.24075574067571,7660619
2020-06-22,107.05683898925781,107.55560315131233,106.23012065129876,107.26864636459393,2416996
2020-06-23,107.84255981445312,108.40964042347636,106.74937104322396,107.92454211446034,2752953
2020-06-24,104.00276184082031,107.08417460549451,103.65430895723036,106.78355201108552,3639189
2020-06-25,105.67670440673828,105.93634209673745,102.55430027499132,103.88662204758106,2464597
2020-06-26,104.2077407836914,105.75186368131365,103.53133368293791,105.62888397266575,3380374
2020-06-29,106.2916259765625,106.93386858781575,104.8636498794287,105.15060669109646,2565540
2020-06-30,106.57857513427734,107.07050640557684,105.25309261420988,105.84067199293183,3518154
2020-07-01,106.19596862792969,107.81525347175896,106.11398630872483,106.8177250305381,1944218
2020-07-02,107.29597473144531,108.55312821168464,106.89969158547841,107.69224540862025,2371429
2020-07-06,108.02021789550781,109.29104985606394,107.30282582860701,108.54631372376444,2511002
2020-07-07,105.7791976928711,107.33697395478153,105.69037000713422,106.64008061066035,1879753
2020-07-08,105.61521911621094,106.31211245062066,105.130108238457,105.95000622019728,1987752
2020-07-09,103.47667694091797,105.71087287600687,103.19655301243307,105.16427834858803,2619240
2020-07-10,104.43321228027344,104.70650953883681,103.16238657407057,103.64065210075876,2337582
2020-07-13,105.76554107666016,107.22083645015708,105.32826044650518,105.4580855369293,2652489
2020-07-14,108.32083892822266,108.79227150207333,105.16426436843818,105.76552200930819,3825884
2020-07-15,108.8606185913086,110.26125074929695,108.80595539610316,109.30471964596912,4152871
2020-07-16,109.65999603271484,109.94011994642784,107.97922761284987,108.80594602515797,2154594
2020-07-17,109.20223999023438,110.38424431978086,108.98359967547128,109.90596629333758,3051833
2020-07-20,106.83821105957031,108.54631111842001,106.83821105957031,108.53264532044571,2140960
2020-07-21,107.81526184082031,109.06558270450446,107.26183438525148,107.26866728478177,3297611
2020-07-22,108.4369888305664,109.27054009866798,107.2823162724514,107.56244017170751,2271922
2020-07-23,108.8332748413086,109.07923425467997,108.19785267438074,108.63513324960806,3223340
2020-07-24,109.2090835571289,110.41157423379705,108.4438486151082,109.35256199155882,3019541
2020-07-27,111.53207397460938,111.62772208989334,108.86061001999838,108.99725552845842,3825406
2020-07-28,106.12763977050781,107.59660066558838,105.08228115779963,106.22328787659437,9255605
2020-07-29,106.7562484741211,107.63079736216538,105.84753508482585,106.92705851157983,3973949
2020-07-30,103.93444061279297,105.71086331463418,103.41517772903065,105.43073941148603,3723148
2020-07-31,102.80709075927734,103.68163940783651,101.6660840115193,103.63380911918294,3906614
2020-08-03,102.76610565185547,103.45617855358738,102.01454289548906,103.23070536259978,2708820
2020-08-04,103.31269073486328,103.33318943057631,102.25367250351152,102.41764960042272,2314858
2020-08-05,106.14129638671875,106.17546087880545,103.920772729785,103.96177012028905,3162702
2020-08-06,106.58540344238281,106.9201905071323,105.68352324944442,106.53757315633517,3451417
2020-08-07,108.17736053466797,108.23884415025377,105.94999779482424,106.57857455996546,2612423
2020-08-10,110.30223083496094,110.41154473942163,108.32767284358465,108.32767284358465,2718269
2020-08-11,111.6277084350586,113.8550710975144,111.39541483972984,112.14013838069604,4502342
2020-08-12,112.2289810180664,113.38365365700706,111.60722462110323,112.73457813308616,2486723
2020-08-13,113.32215881347656,114.43584653983797,112.56376936699903,113.08986518462109,3449264
2020-08-14,113.48613739013672,113.62279537216648,112.40662661365941,112.46811023677883,1922331
2020-08-17,112.53643798828125,113.67061194507829,111.81220056667638,112.85072640590008,2473448
2020-08-18,112.31096649169922,113.03520392428258,111.8873641520333,112.34513098734824,1816844
2020-08-19,112.03083038330078,113.20600162428713,111.90101778274365,112.69357165165276,2407309
2020-08-20,111.34761810302734,111.81905080254829,110.9445019355669,111.38178260345549,2380399
2020-08-21,111.49240112304688,112.16807001773628,110.82362732247832,110.95462152848597,2398698
2020-08-24,112.74722290039062,113.03679169588379,111.10630370058873,111.38209488979594,3114862
2020-08-25,112.45073699951172,113.93308148870008,111.98190837414548,113.66418541632677,2318446
2020-08-26,113.00228881835938,113.60212412902058,111.47858659098198,112.29214460814144,2994066
2020-08-27,113.12638092041016,114.00888980924825,112.50587295249017,113.41596221008649,2781776
2020-08-28,114.21575927734375,114.56738390459694,113.01610100476611,113.51251002283739,3643375
2020-08-31,112.39558410644531,114.27780620476916,111.75437816530714,113.87102085760179,3445796
2020-09-01,113.62286376953125,114.13995821621354,111.44416444817642,111.80957936704026,3469716
2020-09-02,116.87018585205078,117.20802030334325,113.85724358493566,113.87103377333851,4716665
2020-09-03,114.66390991210938,117.4975794985459,113.75382046329675,117.20801073031411,4163635
2020-09-04,114.29159545898438,116.59438049023625,113.00230107609663,115.9531871366175,3907332
2020-09-08,112.4990234375,114.19509098041556,111.60961909614424,114.16061550550059,3425224
2020-09-09,114.24333953857422,115.37404687044318,113.07126164300209,113.07126164300209,3255153
2020-09-10,112.48518371582031,114.91207992911363,112.20940520251703,114.61561613996993,2456823
2020-09-11,114.5673599243164,114.93277466299892,112.42314972210646,112.68513807307565,2031406
2020-09-14,116.14625549316406,116.81502932574918,114.7466519779353,115.59468568395586,2707983
2020-09-15,114.84317016601562,117.1597583206407,114.5673915538815,117.11838775413386,2459335
2020-09-16,116.87018585205078,117.96641775405658,115.49126767007525,115.73946589674918,3506313
2020-09-17,118.84891510009766,119.41427502161487,115.27062579290242,115.82909062090282,3296296
2020-09-18,116.89775848388672,119.12471019364918,116.84259773392995,118.62828860861396,4885062
2020-09-21,111.25106811523438,114.9120982961784,110.06520018683082,114.43637462266452,4678393
2020-09-22,111.9267349243164,112.84371937216008,110.6029777406457,111.0442385233935,2516145
2020-09-23,109.97559356689453,113.23673401990202,109.70669747869026,112.05086590810734,2688847
2020-09-24,110.60299682617188,111.66476582641138,108.98277553163439,109.89974755542333,1877361
2020-09-25,110.49958801269531,110.98910197033575,109.527442609555,109.8377092766018,2330884
2020-09-28,111.45791625976562,113.1677736347602,111.23039075523984,111.69233685783121,2509806
2020-09-29,110.1823959350586,111.65783232796274,109.47225181444502,111.46478234138276,2400013
2020-09-30,110.4375228881836,112.45073930511111,109.35506864736291,110.95461718011674,3656052
2020-10-01,109.47917175292969,111.62338220261373,108.74144709790592,110.77534863691672,2378964
2020-10-02,110.5616226196289,111.65097196045258,107.72795292991282,107.87963241319528,2115246
2020-10-05,112.20944213867188,112.72653645804169,111.52687814039528,111.86471259242533,1742572
2020-10-06,111.85092163085938,114.2433431553989,111.57514302868387,112.68516511384338,2418192
2020-10-07,114.78800964355469,115.6567285352923,113.3539308172481,113.82965453402906,2577858
2020-10-08,115.62914276123047,115.93250170423362,114.5397935050162,115.34646909828943,2275510
2020-10-09,116.72538757324219,117.53894568080545,115.79461287819598,116.4358062335127,2410538
2020-10-12,116.2772216796875,117.62855920805306,115.9118069264399,116.84258154153153,1834186
2020-10-13,114.88453674316406,116.82881489629081,114.45018355679235,116.03594197722087,1884059
2020-10-14,116.10489654541016,116.89088706231767,114.99487430374883,115.14655381455948,1716619
2020-10-15,116.57369995117188,116.98738040520726,114.31228538812735,114.48465014692748,1959168
2020-10-16,117.87678527832031,118.63518267220114,116.67023195950796,117.1666409579448,2964406
2020-10-19,116.89775848388672,118.82823374491939,116.4289172738299,117.91126177061523,2284240
2020-10-20,117.86299896240234,119.40738675791923,117.20112027607914,117.55274490097436,2168348
2020-10-21,116.63575744628906,118.66276401874521,116.56680650887715,117.44242050256923,1807276
2020-10-22,117.69751739501953,117.89056742273341,116.0979690098809,116.9597927502356,1989187
2020-10-23,117.07009887695312,118.71100502373218,116.53231942367754,118.53174520597365,2556450
2020-10-26,114.56047821044922,115.89113056280584,113.34013476891666,115.60845690128268,3993205
2020-10-27,111.02355194091797,113.74691229847603,110.76155099505931,113.4159730064444,4657702
2020-10-28,109.29989624023438,112.27834964201278,109.01721003733576,110.18240514596751,3665860
2020-10-29,109.26544189453125,110.43751973970718,107.64520812641696,109.01033601161882,3206356
2020-10-30,110.28585052490234,110.28585052490234,108.24505360083529,109.16203823072186,2672462
2020-11-02,112.3404312133789,112.67137055607104,110.95461799749756,111.82333691763644,2531454
2020-11-03,114.1123275756836,115.02240434178212,112.89198421238854,113.66417170322543,2268692
2020-11-04,110.4237060546875,113.96753179300764,110.24444624011545,112.2094091082212,3756516
2020-11-05,112.51969146728516,113.35393492084371,111.70613329550343,111.80265202817387,2605486
2020-11-06,112.39558410644531,113.27809315268637,111.3958710543625,112.83683233842221,2015260
2020-11-09,112.67828369140625,120.95179374799521,112.48523361354437,120.05549430874005,5284048
2020-11-10,116.61505889892578,116.70469510736424,112.97471404574739,113.8916984975704,4186478
2020-11-11,116.663330078125,117.7182038567866,115.55329555319499,117.71130876350304,3449742
2020-11-12,115.1740951538086,116.64953177322147,114.16057942309791,115.93249245078302,2651173
2020-11-13,117.06322479248047,117.38726902460273,115.33268213512123,115.77393037525073,2167272
2020-11-16,119.86931610107422,119.8900013820827,117.33211036501453,119.01438739749499,2911423
2020-11-17,119.7176513671875,120.31059174892839,117.80095349616923,119.30398344293295,3097520
2020-11-18,118.17324829101562,120.4484656208458,118.1249826355702,120.31057633043226,3128497
2020-11-19,119.34156036376953,119.52932567059518,117.73514218145273,118.61831809912742,3571256
2020-11-20,120.23170471191406,120.2734331562514,118.88954128145832,119.26507189822885,3177652
2020-11-23,121.10099029541016,121.60169358072314,120.62115123337689,120.83673551613387,2468903
2020-11-24,123.14551544189453,123.24288180420035,121.62949630617491,121.69904370782193,3690856
2020-11-25,123.17333221435547,123.32632380412927,122.01197946540387,122.97861218433476,2454431
2020-11-27,123.01335144042969,124.91881007572415,122.09538946768751,123.66009131864155,1515452
2020-11-30,120.12044525146484,122.39448055316956,120.09958102865352,122.23453420274912,7344995
2020-12-01,118.58354949951172,122.17888367955132,118.22888313054867,121.15661301398295,4616082
2020-12-02,119.50846862792969,120.01612665358263,118.37493466934755,118.40275363367923,2896473
2020-12-03,119.49455261230469,120.579416015124,118.94517886132505,118.94517886132505,2843849
2020-12-04,119.93269348144531,120.41948732861796,119.29290800751181,119.70319969573676,3185666
2020-12-07,118.32622528076172,119.96047485317494,117.65166630961986,119.41804324221818,3022053
2020-12-08,119.93269348144531,120.1899935429094,118.01332436851027,118.04114333540033,2070037
2020-12-09,121.90071105957031,122.14411428472442,119.56409593907276,120.07870866011002,3337916
2020-12-10,120.64895629882812,121.97721016555288,120.09261514886049,121.60863431233847,2665645
2020-12-11,121.01751708984375,121.45562760031812,119.73097913386566,119.82137805527897,2243337
2020-12-14,120.36383056640625,122.53355735080854,120.30125059182747,122.16498147944023,4425320
2020-12-15,121.47650909423828,121.7407638477628,119.99525091479494,121.27483431332107,2715638
2020-12-16,121.98418426513672,122.2901675042833,121.24703244171948,121.4278430268759,2332080
2020-12-17,122.84648132324219,123.4097771771713,121.97024755861837,122.39446130680885,2784049
2020-12-18,122.6865463256836,123.40978857165913,121.77553877772856,122.92299481106245,5599672
2020-12-21,122.15802001953125,122.48486742911385,120.32906293569283,120.7323997969161,2038702
2020-12-22,121.54606628417969,122.34579804068807,121.12880720792033,121.7338189082499,1651915
2020-12-23,120.99668884277344,122.26235026561145,120.9758246182914,121.90768383168486,2108070
2020-12-24,121.3652572631836,121.55302258079001,120.6002865106291,121.29570985253925,784815
2020-12-28,121.49736022949219,122.67262239520312,121.27482125129727,121.91460653608556,1677988
2020-12-29,120.8992919921875,122.14410156795417,120.412498283693,122.08150891028295,1457804
2020-12-30,121.08010864257812,121.64340451664347,120.57245068924956,120.9201623115914,1697244
2020-12-31,121.55301666259766,121.60864189727151,120.4333795525367,121.08707441623305,2202195
2021-01-04,119.52235412597656,122.53354066136907,118.60439194290232,121.69903535454286,3583455
2021-01-05,119.32071685791016,120.4820826038228,118.67397662829909,119.61975806729644,2745179
2021-01-06,121.13573455810547,122.0954124489165,119.64057980666615,120.11346401266881,4002294
2021-01-07,118.02721405029297,120.62809665114135,115.55150408831491,119.30678478348383,7012626
2021-01-08,115.87140655517578,117.9020513664426,114.47360511451501,117.64473863528774,5750488
2021-01-11,114.8838882446289,116.2330062481541,114.74480613858744,115.50976406738108,3272974
2021-01-12,115.794921875,116.26085147741436,114.10503392769292,115.3707080300322,3527124
2021-01-13,115.63495635986328,116.65027229367969,115.47501002459805,116.32342488287111,2509208
2021-01-14,115.72537231445312,116.38602197352373,114.90477629659071,116.32344199294748,3462898
2021-01-15,115.1272964477539,115.62104492576341,113.61821936195116,115.18292167790725,4246637
2021-01-19,117.60995483398438,117.90899598632724,115.99658193865102,116.31647462149931,4668227
2021-01-20,118.3749008178711,118.62524604299861,117.13009135793838,117.55430506041797,3196071
2021-01-21,118.68785095214844,119.25810154336578,117.79770771182633,118.37491304285601,3215087
2021-01-22,117.55433654785156,118.36102304319094,116.30257201353426,118.36102304319094,2809763
2021-01-25,118.49311065673828,119.95350423843365,116.99100133443675,117.44302127151305,4010308
2021-01-26,122.35971069335938,122.97863189167796,119.66841623312645,120.85064608278545,6158084
2021-01-27,129.8007354736328,130.23189134345358,123.20116850901441,123.30547693317645,9684012
2021-01-28,127.55448913574219,129.75202179684564,126.97032910075659,128.65326181185904,4967825
2021-01-29,122.15802001953125,127.24852184120718,121.60863361301497,126.76867014607953,5043771
2021-02-01,121.49043273925781,123.16639846346632,120.98277470313683,122.37362141933319,3073361
2021-02-02,121.71295166015625,123.45846450826599,121.5947210788406,122.56832123401765,3401902
2021-02-03,122.03284454345703,123.39587207205298,120.6906812351312,121.9632971425566,3437543
2021-02-04,123.15940856933594,123.29153592378994,122.05369386788514,122.2484011843805,2192268
2021-02-05,124.48770141601562,124.64069302074822,122.88127052962443,123.50714642999706,2179590
2021-02-08,125.70468139648438,125.78117084670792,124.59895386368578,124.68935279415572,2816700
2021-02-09,125.82987976074219,126.49748418457283,125.30135747668723,126.02459983288183,2323589
2021-02-10,125.92720794677734,126.8312607089197,125.62122476301583,126.48354908433662,2307084
2021-02-11,124.2514419555664,126.12351857769723,123.29085507131788,125.75190551416608,2617326
2021-02-12,125.29617309570312,125.39432901105369,124.25145430223256,124.29352660697415,1293474
2021-02-16,123.84477996826172,125.99031394455463,123.6274191911959,125.50652083099241,2193464
2021-02-17,123.85880279541016,124.31454770134425,122.80005991962618,123.43810534707647,1887408
2021-02-18,125.7659683227539,125.97631709458807,123.50825384202291,124.27952840684294,2496172
2021-02-19,123.78167724609375,126.7475570106013,123.54328033042316,125.90616215327557,3572213
2021-02-22,123.4872055053711,124.16732332383751,122.70893176077854,123.72560246269815,2716714
2021-02-23,123.52224731445312,124.48282146042538,122.49856471386603,124.48282146042538,2813351
2021-02-24,124.54593658447266,124.79134556984825,121.83247762213117,123.40306185968036,3280150
2021-02-25,125.3382568359375,126.73355270479767,124.40571797431595,124.46882643718615,3150623
2021-02-26,122.74393463134766,125.82200662083159,122.42841801719831,125.81499457181894,4022507
2021-03-01,123.69053649902344,124.4547989009548,123.19271924836814,123.19271924836814,2200640
2021-03-02,124.18134307861328,124.65812418085787,122.55467513078727,124.10422330986773,2717790
2021-03-03,124.84742736816406,126.2216997523111,123.9639729476404,124.40570655575878,2712289
2021-03-04,124.54593658447266,126.33388160384443,122.04982560824044,125.70984746192973,4228697
2021-03-05,126.76856231689453,127.30143967933198,124.06912805373561,125.12085867993764,2706309
2021-03-08,128.85104370117188,130.20428024420008,126.85977436839912,126.90184668279416,3079580
2021-03-09,127.03507995605469,129.11750624989278,126.92288710258929,128.66176116984295,3399152
2021-03-10,129.36985778808594,129.97986777386905,127.19628855067653,127.86939419311847,2835357
2021-03-11,129.4119110107422,129.76248788080525,127.68006280811596,128.40225269593108,2843251
2021-03-12,129.65731811523438,130.56180847459456,129.20156051313367,130.14111111814933,3219154
2021-03-15,132.85462951660156,132.95979749531674,130.21127798831876,130.4356380490064,3946800
2021-03-16,131.01055908203125,132.13942237168376,130.4005619073547,131.81688086341745,2707744
2021-03-17,132.02723693847656,133.21218389923862,131.15079460731306,131.3471192249792,3091780
2021-03-18,133.9203643798828,134.68462678223543,132.23760003931574,132.23760003931574,3648398
2021-03-19,132.3147430419922,133.92037494559145,132.30071893840486,133.63991846527483,7987964
2021-03-22,132.8476104736328,133.0509343687342,131.12276102518902,131.9992034540732,3115939
2021-03-23,132.04824829101562,134.4181545631797,131.74675576851573,132.35675286267647,3311365
2021-03-24,133.7030487060547,135.14040439640615,131.8730308470248,132.11843990405492,3383723
2021-03-25,135.39280700683594,135.57510756253654,133.3384293260019,134.3691241924077,2656316
2021-03-26,136.64083862304688,136.68992297824468,134.7687618276318,135.32967470418296,3202410
2021-03-29,137.24383544921875,137.93096529743872,135.68026316238,135.75739572709267,3111753
2021-03-30,136.4725799560547,137.86787586964442,135.93970241743318,136.71096412088886,2244533
2021-03-31,135.0983123779297,136.3253317764987,134.65657874067358,135.98176685672792,2902572
2021-04-01,135.11231994628906,135.96772611541263,133.8081681435749,135.49794433064946,2274912
2021-04-05,136.70394897460938,137.3910787740507,135.82049454736864,135.9466986667707,2347748
2021-04-06,136.61280822753906,137.15269781795016,136.0168222238755,136.72498825832935,1761349
2021-04-07,136.68991088867188,136.97036730214242,135.96772090891656,136.13599731614124,1795794
2021-04-08,137.22979736328125,137.89589092750742,136.0448376927586,136.3182948458452,2860593
2021-04-09,138.82843017578125,139.50153585483287,137.46819471638838,137.46819471638838,2582882
2021-04-12,138.709228515625,139.73291106468108,138.16933904045786,138.9686615758249,2011792
2021-04-13,137.7556610107422,138.35865896946927,136.98439943064088,137.43313227763505,2702601
2021-04-14,137.95201110839844,138.40075683398433,136.7390157120948,137.1106288675686,1883700
2021-04-15,138.46385192871094,138.6952368423697,137.3630493662407,138.32362368844184,1748074
2021-04-16,139.23509216308594,139.99935443817245,138.81439475014236,139.33324806839315,3312322
2021-04-19,139.24215698242188,139.31227750972366,137.89594522396104,138.90560404280666,2631798
2021-04-20,139.03880310058594,139.77501736358684,138.4358178230266,139.48754882853785,1977108
2021-04-21,140.84776306152344,141.2824718237862,138.91257779444848,139.0387819130779,3168204
2021-04-22,140.86175537109375,141.75222164274766,140.35692621480112,140.70049103487707,2650097
2021-04-23,141.77328491210938,142.4464034390652,140.92489069686843,140.93190274805693,2229464
2021-04-26,139.97132873535156,142.3271987984995,139.9362684793524,142.3201867472997,3084364
2021-04-27,136.33937072753906,137.32799328702723,132.25865075764378,134.27796818869587,6249100
2021-04-28,137.3770751953125,138.34466158146586,136.59177656679807,136.72499275694122,3010212
2021-04-29,139.56468200683594,139.81710310251526,137.61547215393796,137.9940973995988,2256852
2021-04-30,138.22547912597656,139.52260644977918,137.5173130188806,138.5900802580883,2998492
2021-05-03,139.2561492919922,139.85913450624324,137.88890168751988,138.82142771341302,2128641
2021-05-04,139.79605102539062,139.92225516100044,138.50592307518704,139.17201680765217,2247284
2021-05-05,141.2404022216797,141.43671403853565,138.74429145637146,140.23073095765588,2414126
2021-05-06,141.9205322265625,141.99063993988813,140.55328466600915,141.12822165727542,2201358
2021-05-07,142.38327026367188,142.94419587424673,141.10015468889222,141.85039285298248,2204946
2021-05-10,145.3701934814453,146.5060560650926,143.07741936744526,143.73650091571665,3842389
2021-05-11,142.8390655517578,145.07575673371448,141.9135514030683,144.85839590357776,3052790
2021-05-12,139.4384307861328,142.82499510481688,139.36831028441597,142.74787534864035,2667798
2021-05-13,142.62168884277344,143.06340967096816,139.10189513643556,139.27718361664876,2014423
2021-05-14,143.3018035888672,143.82065696752917,142.34121659561126,143.0353584507903,1764578
2021-05-17,143.81365966796875,143.98193611085713,142.8180251138553,143.45607062736659,1833109
2021-05-18,142.35523986816406,143.86272843485767,142.20098754521317,143.72949946873865,2119073
2021-05-19,142.0537567138672,142.12386443129694,139.76098227834675,141.56996356031695,2655359
2021-05-20,142.42807006835938,142.80948137716678,141.61580190222867,142.03253145997598,1689350
2021-05-21,142.576416015625,143.91840656524383,142.02548991602785,142.4704612523137,1838491
2021-05-24,143.1061553955078,143.74889608577922,142.618802139482,143.24035187646433,1828923
2021-05-25,142.47044372558594,143.38159012860444,142.23030540470324,143.2756482682,1817202
2021-05-26,142.378662109375,142.5269859042099,141.47457914718453,142.11026912631664,2209371
2021-05-27,143.5511016845703,144.07377310483275,143.11319406266657,143.381586977725,2939290
2021-05-28,143.40989685058594,144.36342550027234,143.24038207840582,144.00320499815493,2082475
2021-06-01,143.5229034423828,144.85783055185223,143.0637918419707,144.78013037982447,1874491
2021-06-02,143.58645629882812,144.06674594155015,142.92958825467701,143.89723119177324,2245370
2021-06-03,143.8548583984375,144.5611719856273,142.5411094547195,143.02846273631047,2274912
2021-06-04,145.535888671875,145.58533423558256,143.9254920342826,144.16564331098635,2234846
2021-06-07,143.89724731445312,146.0726975885635,143.60059969157507,145.74779535591102,1831196
2021-06-08,143.79835510253906,144.1161936518753,142.067889320708,142.67531181235051,2034874
2021-06-09,143.19798278808594,143.78422721193775,142.63294220929552,143.7771635602091,2042290
2021-06-10,143.47344970703125,144.7730584824706,143.22623479089867,144.19389061075313,2335908
2021-06-11,143.2473907470703,144.7235904518457,142.33624436263162,143.9183859256511,2028775
2021-06-14,142.2232666015625,143.7983448219975,141.55933494332638,142.88013460854614,2088096
2021-06-15,141.69354248046875,142.5764345065302,140.9307196451915,142.5340525957091,2045040
2021-06-16,139.0801544189453,141.96190460027086,139.00951791626977,141.66525706877906,2654761
2021-06-17,137.8300323486328,139.49692556367137,136.31851372038088,139.00250852157953,3091540
2021-06-18,135.3296356201172,136.72107169438436,135.2801900650269,136.34672398559061,6045302
2021-06-21,137.87942504882812,138.88238605446764,136.73519103686797,136.73519103686797,3023966
2021-06-22,137.8300323486328,138.47277321436445,137.09546399358078,137.5545627705494,2120030
2021-06-23,135.86642456054688,138.02774684796836,135.80991535882418,137.58982631436274,3559894
2021-06-24,136.50210571289062,136.8411351538943,135.35788457197148,136.53036031461977,2621393
2021-06-25,137.5545196533203,137.96418562058213,136.53036762503953,136.6151314347656,7385898
2021-06-28,138.7905731201172,139.0872335745532,137.30025875637878,138.26790161166937,2512198
2021-06-29,138.45860290527344,139.72996982569882,138.23965550926656,138.57868496939682,2222168
2021-06-30,140.29505920410156,140.54226126683164,138.1125452161227,138.36682382137226,3100032
2021-07-01,140.6199493408203,141.02961537906023,139.6734844175983,140.87422792418067,2222048
2021-07-02,141.1849822998047,141.4675025603363,139.80767347243335,140.3656503424896,1929028
2021-07-06,139.06607055664062,139.6946840673137,137.56161569870682,138.72704101764532,3045494
2021-07-07,141.16380310058594,141.30506324261358,138.52925440372618,138.52925440372618,2027220
2021-07-08,140.04075622558594,140.94483915707838,139.36976090084835,140.2032073182106,2591852
2021-07-09,141.96900939941406,142.60469943812672,140.7329604734398,141.05081193773438,2925536
2021-07-12,141.24853515625,142.2938781134012,139.77941182964136,139.92067195279384,2588144
2021-07-13,140.9801788330078,142.06084032413386,140.66234025088292,141.32627202507746,2019207
2021-07-14,143.2615203857422,143.5087352455106,141.26971287723225,141.67231514690252,2939409
2021-07-15,143.09202575683594,143.2191585846202,141.63701677373868,142.27270669240815,2557885
2021-07-16,140.8176727294922,143.5299079870915,140.49277062174826,143.46634802941136,2959024
2021-07-19,139.5392608642578,140.231447069915,137.8087953501149,139.7017119396749,3762975
2021-07-20,141.84185791015625,142.83069176505614,139.89949556741553,140.09020126498368,3328827
2021-07-21,141.8065185546875,143.29684565656217,141.23440154710485,142.0607970769041,2390924
2021-07-22,140.60581970214844,142.4281129979919,140.33036305713466,142.32922187115307,2033798
2021-07-23,141.60877990722656,141.99725498009343,140.51400409715944,141.62290721095812,1878557
2021-07-26,142.44224548339844,143.1979918166364,141.21326023425422,141.58053147767407,2881403
2021-07-27,141.5946807861328,142.01141054940766,137.6675860342575,139.2920973879701,3587880
2021-07-28,140.0478057861328,141.524005663928,139.92067296336472,140.78237389967924,2558364
2021-07-29,139.97012329101562,141.26266829462418,139.80767220919665,141.26266829462418,2535759
2021-07-30,139.80764770507812,140.72584482751392,139.28497629651412,139.85001671343716,2284719
2021-08-02,139.5110321044922,141.75711875348205,139.45453577858189,140.60582082109403,1593670
2021-08-03,141.9901885986328,142.82363505339518,139.4262763687758,140.23146821661817,2641007
2021-08-04,139.51809692382812,141.834807222059,139.28502218651175,141.54522326848362,2460172
2021-08-05,139.7087860107422,140.6411235186692,139.34856557971636,140.23852118049342,1883939
2021-08-06,139.94187927246094,140.73294378856244,139.53221326651777,139.97719752984827,1334975
2021-08-09,139.44747924804688,139.95602354646564,138.98836762608963,139.60286670951845,1427187
2021-08-10,140.73292541503906,140.90244013849215,139.6381498080859,140.0195482684504,1911686
2021-08-11,142.37156677246094,142.51282688420508,140.7752978630456,141.26265104900548,2652010
2021-08-12,142.27272033691406,142.93665203330715,141.51696116896113,142.308025705331,1473233
2021-08-13,141.67233276367188,142.47046086239664,141.46749977837115,142.1314314004761,2285197
2021-08-16,142.90130615234375,143.21914463578557,141.5310611144738,142.03254161566218,1921972
2021-08-17,140.94480895996094,142.67527428665417,139.567500348506,142.67527428665417,2736328
2021-08-18,138.7976531982422,140.4221771242924,138.65639305029777,140.25266236878394,2530856
2021-08-19,137.9853515625,138.59983751214043,137.24371992131626,137.73107306928478,2766109
2021-08-20,138.18467712402344,138.87502974004482,137.62242783152362,138.312780447545,2867290
2021-08-23,138.5547637939453,139.66501423575824,137.8430584651637,138.7825001475999,2361263
2021-08-24,138.6045684814453,139.5653758336341,138.31277398365182,138.65439148925873,1665310
2021-08-25,138.312744140625,138.81805271746273,137.1597885550368,138.44084743051963,1928670
2021-08-26,139.01025390625,139.06007691756375,137.82882769871324,138.2060330935449,1742931
2021-08-27,138.81808471679688,139.9639359837776,138.15620241345604,139.4942021654372,2567214
2021-08-30,139.6151885986328,140.4122917238127,138.61879345682033,138.91060092147654,1511624
2021-08-31,138.597412109375,139.48704348706903,138.1775144115946,139.38741048760497,3365424
2021-09-01,137.6722869873047,138.6046113493947,137.3164342265493,138.46227284274758,2302778
2021-09-02,138.70420837402344,138.72556109071513,137.69359104690568,138.1206064159283,2505022
2021-09-03,138.348388671875,139.21666774933948,137.80749201840672,138.398211689349,1751542
2021-09-07,132.0782012939453,138.47642979996425,132.06396615249113,137.3021215478679,7035231
2021-09-08,133.72225952148438,134.0852296962313,131.67965934501646,132.12092280729556,4374131
2021-09-09,132.19920349121094,134.16349720460536,131.70811707459424,133.4731447788976,3634046
2021-09-10,131.34518432617188,133.25256399177866,131.30960944973612,132.9892267812146,2668874
2021-09-13,131.82913208007812,133.7436160220489,130.66904580706134,131.8789420943756,6035614
2021-09-14,129.82925415039062,132.37716334848477,129.30259273389717,132.1280612915431,3975624
2021-09-15,131.08895874023438,131.74372340318146,129.76518128224362,130.11391632945717,3055182
2021-09-16,130.0000457763672,131.38075079600304,129.4022087114513,131.06048604233263,3054106
2021-09-17,129.1673583984375,130.00004937870867,127.68700733282651,128.88266850752075,12820283
2021-09-20,128.48410034179688,129.34527453048432,126.88988123824257,127.13898324965722,4965912
2021-09-21,126.98245239257812,128.87558415619827,126.4700260427623,128.79730383251336,3564200
2021-09-22,127.99305725097656,128.7830559129327,127.35252762429911,127.61585185276977,2656077
2021-09-23,129.19583129882812,130.135285972236,128.10693357234163,128.21368417665704,2615054
2021-09-24,128.84707641601562,129.5801343527663,128.54816437922648,129.17447172805805,2483972
2021-09-27,129.380859375,130.35590179330993,128.68338927518457,128.6976244191212,2454312
2021-09-28,128.14251708984375,130.1352947482015,127.9432510134532,129.40223664942152,2739318
2021-09-29,128.73321533203125,129.09618553448388,127.51620141447543,128.0499803599487,2003061
2021-09-30,124.8473129272461,129.57303037919874,124.81172506478173,129.33105889098294,3869778
2021-10-01,125.74404907226562,126.26359284552255,123.99325630339771,125.43801946336887,2893483
2021-10-04,125.28855895996094,126.04296966404344,123.68011751701336,123.94344171325619,3600080
2021-10-05,126.59811401367188,127.11765787422755,124.95407155660136,125.38821753002537,2258407
2021-10-06,126.96817779541016,127.07492838118475,124.91847303299862,125.70845853957707,2460890
2021-10-07,126.54114532470703,128.66202573357432,126.46998259928151,128.10690711983338,3442208
2021-10-08,125.93621826171875,126.75467412242244,125.81523252272873,126.37746877279844,2953522
2021-10-11,125.45938110351562,127.11054114448972,125.40245350780748,126.69776087545011,3218556
2021-10-12,124.92561340332031,125.89352538834498,124.64092347551704,125.4736145636778,2578456
2021-10-13,126.09278106689453,126.96817743019007,124.57684222598587,124.98251782964724,2428478
2021-10-14,128.3346405029297,128.39158107258783,126.64790600949398,126.68349386553031,2725923
2021-10-15,129.48760986328125,130.24202046257207,128.5908608272845,128.59797839853323,2584317
2021-10-18,129.33106994628906,129.47340842004277,127.63720444263085,128.66917461268537,2096947
2021-10-19,129.7509307861328,130.1352536474395,129.27409248916925,129.84345921005809,1667344
2021-10-20,129.82925415039062,130.3701507123248,129.55879937528783,129.95023989836557,2139046
2021-10-21,129.61573791503906,130.2633850693042,128.47701721561887,130.13528175062706,1986556
2021-10-22,128.67626953125,130.44841503874926,128.66203438755363,129.93598883048958,3146556
2021-10-25,129.81503295898438,130.20647352413872,127.71550464004915,128.4627979029306,3235300
2021-10-26,129.64418029785156,130.8256061786037,127.51618240532152,128.86841700363138,3750178
2021-10-27,126.85430908203125,129.77229262586394,126.74042793688352,129.72248261313112,3141892
2021-10-28,128.01438903808594,128.11403504531148,126.85431572899247,126.86143330093716,2326100
2021-10-29,127.16748809814453,128.7545900616372,126.76892996686472,127.90054620051801,3061162
2021-11-01,127.80799865722656,127.92187981388128,126.33477808744166,127.06070551976244,2404558
2021-11-02,129.50897216796875,129.6014876127849,127.82934212329926,128.09979686251123,2646748
2021-11-03,129.69403076171875,129.9715901159304,128.0926938248863,129.3808705563188,2372146
2021-11-04,128.5410614013672,130.21357405711885,128.27773719341113,129.86483897851474,2453474
2021-11-05,129.3879852294922,130.8256309529611,128.78304352654078,129.61573455878738,2169903
2021-11-08,129.2029266357422,130.54805675293963,128.29907297035552,130.00004270345465,2219656
2021-11-09,129.053466796875,129.93598070954377,128.42717246645734,129.08193708248834,2131750
2021-11-10,129.82925415039062,130.1281662281035,128.1069314347742,129.0534906769555,2048270
2021-11-11,128.25637817382812,130.2704952483945,127.75818708433974,130.24915552005208,2376093
2021-11-12,130.7117462158203,132.59064222662641,128.31329346045786,128.78302720436128,5268021
2021-11-15,130.46267700195312,131.69392626691067,130.17088247273242,131.01780875542158,1750226
2021-11-16,130.50535583496094,131.09607533455286,130.0285174851331,130.4626504037994,2362100
2021-11-17,130.48402404785156,130.86122944040596,129.26700998243803,130.50537676685713,2692316
2021-11-18,128.26695251464844,130.97190497991227,128.20954854714086,130.6633848425004,3029229
2021-11-19,128.59698486328125,129.730621437907,127.80055727841419,128.7476571672906,2969190
2021-11-22,128.90553283691406,130.78536893685057,128.27412840982504,128.6113636604353,2836792
2021-11-23,128.76202392578125,130.0965614338368,128.18084803002924,129.58714049829027,2325263
2021-11-24,127.4489974975586,128.79072357124204,127.3844180345463,128.41044847699973,1780246
2021-11-26,125.93507385253906,126.8749851618378,124.413973618795,125.21757670695473,2287111
2021-11-29,126.44452667236328,126.87501721207964,125.5476550138217,126.61672550704436,2780102
2021-11-30,122.00316619873047,126.17898932516334,121.93141126090168,125.34669751618327,6387238
2021-12-01,122.49827575683594,125.31086072935994,122.47674926849875,123.80411129752437,3893698
2021-12-02,122.16107940673828,123.96917386890868,121.88124809327388,123.07947763307672,4027052
2021-12-03,123.83280181884766,124.0624045792192,121.38614118659982,121.90273757695846,3610604
2021-12-06,127.1404800415039,127.91536814412798,124.84449152985583,125.21759113607037,4088646
2021-12-07,126.67408752441406,127.95840954182631,126.40862038284281,127.07588907843672,2778069
2021-12-08,126.30817413330078,126.8749990353285,125.15301093521842,126.63823385529511,2305888
2021-12-09,126.23643493652344,127.28397881073808,126.02118314596551,126.63106103688443,2103286
2021-12-10,127.06871795654297,127.67142030832099,126.35839626414787,127.67142030832099,1846146
2021-12-13,125.26060485839844,127.26242380221986,125.13863454513717,126.9969566920686,3025760
2021-12-14,125.36104583740234,126.70993388815941,125.02382382471308,125.45431416062925,2783690
2021-12-15,126.12165069580078,126.43734636504338,124.75839797029876,125.61939211094773,2559320
2021-12-16,127.9368896484375,128.38891969349922,125.43282494310425,126.78890198431907,2691000
2021-12-17,125.38260650634766,127.94406202128498,125.08842428125885,127.61401541223222,4799189
2021-12-20,123.8686752319336,124.75837116846625,122.66328369397922,124.27765227112091,2369754
2021-12-21,124.06959533691406,124.83732106842946,123.56734987566873,124.44269495817548,2384944
2021-12-22,123.8686752319336,124.2920032615464,123.08661172359201,124.06957600392089,2418312
2021-12-23,125.54048156738281,126.00684959985306,123.96916553850541,124.11983788456585,2339017
2021-12-27,126.78174591064453,126.80327240122807,125.49742363029986,125.66962246099581,1414868
2021-12-28,127.45616149902344,128.0732148080256,126.81759479826125,126.88216116148013,1936204
2021-12-29,128.0086212158203,128.3530187615232,127.16197834046467,127.34135260776694,1461392
2021-12-30,127.45616149902344,128.56110920265118,127.41310852756457,128.3386819440831,1276491
2021-12-31,127.4489974975586,127.96559391974515,126.64540742770306,127.37725563262666,1691862
2022-01-03,127.52793884277344,128.4965523068503,126.16468616500241,127.94407835803322,2309117
2022-01-04,129.3144989013672,130.05352262168066,127.73599451562605,128.05887874523643,3016551
2022-01-05,128.78355407714844,130.42661177288343,126.99698645692024,127.0902548138696,3531070
2022-01-06,127.71450805664062,130.0678879514845,127.38444826134028,129.78089423571535,2996458
2022-01-07,129.1136016845703,129.50105229566745,127.15483523422046,127.80775301967998,3349039
2022-01-10,127.2911605834961,129.02749979793646,126.8391435856099,128.75485711869814,2772328
2022-01-11,128.41763305664062,128.82659706940183,126.58083691851377,127.7144867855403,2707983
2022-01-12,128.7333221435547,129.15665022148923,128.13779525482778,128.43197749816076,2067286
2022-01-13,129.8813018798828,130.1109046448386,128.45348300894818,129.06336085230978,2505261
2022-01-14,128.24542236328125,129.7665096130435,127.47769669568149,129.7665096130435,2734176
2022-01-18,127.91536712646484,128.10909242407234,126.40145531949747,127.8436252605918,2883078
2022-01-19,128.05886840820312,129.7736808930932,127.44899057258114,129.02748173693402,2354446
2022-01-20,124.53597259521484,128.58984025681306,124.34942277068501,128.13063464536773,3369491
2022-01-21,123.87586212158203,126.29383400908445,123.8112826587272,124.41398503012725,4161004
2022-01-24,123.98346710205078,124.27764930478193,121.13500507409269,123.30902294402897,5635193
2022-01-25,124.66509246826172,125.24625515633659,120.54665971957971,124.50724468066387,6041116
2022-01-26,121.47225189208984,125.74135759576687,120.68299973774235,125.04538688590097,5274360
2022-01-27,122.08928680419922,123.49557915382613,120.85519325056806,121.32873666606393,3328229
2022-01-28,117.02377319335938,121.07764071186962,115.18699009432753,120.81933592780237,7441034
2022-01-31,119.1188735961914,119.31259890981495,115.94036430380447,116.73677895405969,6088118
2022-02-01,120.13050842285156,120.51078345340545,118.2147953746735,118.81030905794569,3573528
2022-02-02,119.57804870605469,121.43637110969705,118.96100846599859,120.39600282106667,3816795
2022-02-03,117.9493408203125,119.62828909689456,117.74126452305565,119.29106696112255,3120005
2022-02-04,115.32331848144531,118.20048329516132,114.8712883552047,117.51886345124782,4839614
2022-02-07,115.63899230957031,116.45694644286277,114.80670027885908,115.33764767834164,2919556
2022-02-08,116.5286865234375,117.0309319324598,115.02912579195538,115.82554033201228,2839184
2022-02-09,117.41122436523438,117.85607896930333,116.18430609668006,117.34665798939803,2563746
2022-02-10,114.61299133300781,116.80136070425226,114.09639485124707,116.2417112421851,4345307
2022-02-11,114.46949005126953,115.9475244720274,113.9385425966738,114.91433154859327,4344709
2022-02-14,113.37169647216797,114.50534613388818,111.4703343047729,114.3331342515284,5542742
2022-02-15,112.8909912109375,114.13943585097672,112.10891452668281,113.8811310902231,3989617
2022-02-16,111.6640625,113.36453723647232,110.57346565244998,112.64703999960894,5346120
2022-02-17,107.6796875,109.72983035851807,107.56377637770522,109.28068219618198,7424409
2022-02-18,106.94076538085938,108.45482839558736,106.66548059542954,107.36093411219031,6002485
2022-02-22,106.31050109863281,107.58550352503484,105.68024474321706,107.36092615423516,5392884
2022-02-23,104.59359741210938,106.73067185337894,104.41248918453495,106.31050314510411,4600534
2022-02-24,104.10100555419922,104.23864465910766,101.23224621582216,102.94190739996408,7304092
2022-02-25,109.03438568115234,109.93992693749263,104.57187651903105,104.61534567226629,8052309
2022-02-28,107.68693542480469,108.39687867481643,106.3105114654593,108.15057331691432,5041499
2022-03-01,104.86163330078125,107.95496276669948,104.4269748933356,107.6362088610583,3963424
2022-03-02,106.65099334716797,107.4840925810614,104.98480148965346,105.48465706382612,4466582
2022-03-03,107.4333724975586,108.65766089399955,106.86831326369126,107.59274614497608,4549823
2022-03-04,106.2960205078125,106.99148064299585,105.57883240767988,105.88309662996461,3869299
2022-03-07,103.79672241210938,105.578825254082,103.2823771616832,105.578825254082,5446584
2022-03-08,105.33252716064453,108.28096639640461,103.78223983454725,105.21661603628309,5507939
2022-03-09,106.20183563232422,108.12882900183563,106.12214880636515,107.11462161734164,3991411
2022-03-10,104.26761627197266,105.73821021157289,103.83295780188705,105.28906202410569,4537624
2022-03-11,102.11605834960938,104.66605707224201,102.02188179094163,103.93437918034788,4962682
2022-03-14,103.94159698486328,105.25282360576742,102.47100333497488,102.47100333497488,4676480
2022-03-15,104.54287719726562,105.39045936780464,103.29684772054216,104.94855613994433,3991411
2022-03-16,105.41222381591797,105.96279344510008,103.47798525469089,104.8688990458256,4561305
2022-03-17,106.99148559570312,107.00596870291564,104.42699068847291,105.26733481015542,3332893
2022-03-18,107.4478759765625,107.54205253339792,105.20213494080194,106.54233470324995,9426992
2022-03-21,107.6362075805664,108.47655156514526,106.78138049113798,107.71589440346082,5399820
2022-03-22,108.62145233154297,109.27344334114588,107.57827200439634,108.26648069714398,5085392
2022-03-23,106.98423767089844,108.50554558860075,106.8973059787518,108.44034186178648,3154091
2022-03-24,107.92599487304688,108.10710311303174,106.78139317604057,107.30298332073161,2425608
2022-03-25,108.99815368652344,109.51974382686181,107.87528657415099,108.13608164432019,2688369
2022-03-28,108.28095245361328,108.75907999604992,106.62925054293737,108.6141960669583,3205160
2022-03-29,110.17172241210938,110.78025078431146,108.69388384742078,109.38933728962718,3221067
2022-03-30,109.70085144042969,111.02656796907816,109.2227304529792,109.6284094675074,2864540
2022-03-31,107.85354614257812,109.57045188566748,107.79559388911143,108.99090290991307,3819785
2022-04-01,108.44034576416016,108.56350175341332,106.38295790247028,108.39688322165897,2626894
2022-04-04,108.32443237304688,108.67215912567072,105.82513477058681,107.98395047862536,3147633
2022-04-05,107.86802673339844,109.12129451191825,107.5854971273892,107.68691852008006,2569726
2022-04-06,108.88224792480469,108.94744503903135,106.52784085164568,106.73067705260331,3235778
2022-04-07,108.62869262695312,109.0053988215778,106.89730367979102,108.22301360908426,2630004
2022-04-08,108.52725982666016,109.86022108466966,108.21575739014918,109.38933839082237,3337438
2022-04-11,108.7518310546875,110.27313869410665,108.63591994960407,108.99089151179284,2964645
2022-04-12,107.6362075805664,109.77328852468047,107.28123600118607,109.63564284130176,3125028
2022-04-13,107.69417572021484,108.06363704654984,106.90454567052352,107.59275431590012,2382552
2022-04-14,106.76690673828125,108.36790151363093,106.64375075161108,107.68693768330441,2787996
2022-04-18,105.8975830078125,107.45510853134624,105.58607393694251,106.81760728352083,2123857
2022-04-19,108.73737335205078,109.09234501874157,106.3829659328343,106.3829659328343,2746016
2022-04-20,109.09232330322266,110.47599200811833,109.04886076609218,109.25170356675923,2367960
2022-04-21,109.94715118408203,110.91065113077099,109.61390756923804,110.09927997133967,2795291
2022-04-22,108.06363677978516,109.38210181207754,107.38991124216916,109.24446272745081,3776250
2022-04-25,107.65071105957031,107.9622201436875,105.68025497714078,107.73039789265323,4104911
2022-04-26,104.47769165039062,106.47712711411135,103.4997084934184,105.33977029517047,5789118
2022-04-27,104.47044372558594,105.82513303309979,104.12271697867122,104.88337419525112,3736663
2022-04-28,106.5930404663086,107.02045406335513,104.40525186167048,104.86164489250739,3035089
2022-04-29,104.47769165039062,107.62173540162046,104.22414144084556,106.70894935904046,4966151
2022-05-02,105.70198059082031,106.85382705903022,104.15893823857724,104.6877732016462,4445891
2022-05-03,107.27400970458984,107.83182417163745,105.70923918565809,105.91932026044823,3000405
2022-05-04,111.72926330566406,112.04076576384101,107.12911552178633,107.94048013905167,4418263
2022-05-05,108.27371215820312,111.30908282171107,107.38266075312126,110.9613560890227,3965816
2022-05-06,108.32443237304688,108.49829574935879,106.26704467984105,108.13607928033028,2954479
2022-05-09,110.3890609741211,111.39602351521832,107.17257540691006,107.53479186297646,4979068
2022-05-10,108.02741241455078,111.59162482959371,107.31746919686137,111.56264539694614,4189827
2022-05-11,106.064208984375,108.75909810822631,105.89034559640217,108.6576766968634,3286608
2022-05-12,108.36788940429688,108.38962397779925,105.77442199756105,106.19459070058151,3371524
2022-05-13,108.1578140258789,108.91846464587775,107.19431398616611,108.81704324115681,3292947
2022-05-16,109.0271224975586,109.2661829693542,105.99175188940642,108.09984682045246,3245585
2022-05-17,110.36007690429688,110.47598801624291,109.04161196814529,110.1065267177606,2519733
2022-05-18,107.8897705078125,109.9036889878819,107.5565268718985,109.81675730248519,3538605
2022-05-19,107.53853607177734,108.95814226526666,105.45303856388317,106.9824091898037,3285053
2022-05-20,105.2481460571289,108.25565412013155,103.24314068179382,107.96295786916349,5017698
2022-05-23,105.65060424804688,106.81409110817883,105.37985556544827,105.79695903790308,3391976
2022-05-24,106.65310668945312,106.99702942792919,103.17727558386608,105.62864987028631,3156005
2022-05-25,106.682373046875,106.9531217140046,105.04324489824062,106.41894245267382,2244772
2022-05-26,107.59707641601562,108.89228197801009,107.34827526510657,107.37754755981928,2544251
2022-05-27,109.40451049804688,109.41182857195416,108.20443317922468,108.45322766084796,2124933
2022-05-31,109.24351501464844,109.64597565287085,106.78482271515445,108.49712496930536,4956224
2022-06-01,107.14337921142578,109.38986069363376,106.54333728838857,109.27277820280901,2882838
2022-06-02,108.43125915527344,108.51175127561878,105.73840211312027,107.94829975612794,2274074
2022-06-03,106.81409454345703,107.91172545584574,106.33845982308148,107.56780270579515,2244055
2022-06-06,106.98970031738281,107.78731681208559,106.57992163823397,107.12141894676101,1884418
2022-06-07,107.47267150878906,107.56048171231343,105.24082605376367,106.42626713987981,2159139
2022-06-08,106.41162872314453,107.2824126664295,105.58474654214811,106.51407507124996,2046834
2022-06-09,105.50425720214844,107.70683705194293,105.47498490846635,106.47748751926082,2593287
2022-06-10,100.72589111328125,104.25294169853122,100.67467128218502,103.90901899482839,7037144
2022-06-13,99.78925323486328,101.23081350496778,99.24043780509366,100.0526838399038,4922736
2022-06-14,98.96968078613281,101.23812304633304,98.34769135356036,100.01609172195298,3199539
2022-06-15,98.29647827148438,100.01609858916393,97.36714975658666,99.34288260207822,3912236
2022-06-16,95.81584930419922,96.99397248943315,95.3694801478367,96.99397248943315,4458927
2022-06-17,95.01091003417969,96.50368353710984,94.19134588531087,95.69143746183511,8588356
2022-06-21,95.13529968261719,95.91828010562395,94.59380232328267,95.37678274628944,4459166
2022-06-22,95.42069244384766,96.29148314140127,93.80351830462985,94.22793320405553,3468639
2022-06-23,95.23773956298828,95.91095551833679,94.03035103492627,95.28164799960987,2680236
2022-06-24,98.29647827148438,98.45746252587205,96.03536060571976,96.24756469484022,4376523
2022-06-27,97.17688751220703,98.54526694842143,96.80369251350551,98.35501041272757,2856766
2022-06-28,95.36944580078125,98.47208123162396,95.23772718510942,97.95253819490141,2880327
2022-06-29,94.95967102050781,95.37677445217474,94.25718946453014,95.12797333687134,3374036
2022-06-30,94.69625854492188,95.28166440489417,93.15225843480789,94.18403342525225,3995956
2022-07-01,94.02304077148438,95.00358915633124,92.64734313251783,94.69625010567435,4450077
2022-07-05,94.5499038696289,94.71820620651819,91.90827296284105,92.9180936612511,4670739
2022-07-06,95.01091003417969,95.8524284038308,93.63521235460618,94.76211556320374,3625794
2022-07-07,95.16458129882812,95.35483786826852,93.34983249223492,95.22312589070197,4125722
2022-07-08,94.19134521484375,95.24506767999979,93.76692365770502,94.9962732107948,2620795
2022-07-11,94.40354919433594,95.50118009932548,94.06694452013629,94.19866316664776,3221067
2022-07-12,95.27433776855469,96.61344503962525,94.44013749774747,94.51331155439914,3155168
2022-07-13,93.93522644042969,94.75479052909482,93.42299471184275,93.66447776856015,2978399
2022-07-14,93.89132690429688,94.05962924640644,92.11316852444637,92.91809654331685,3020498
2022-07-15,95.2231216430664,95.37678783573104,93.84742395151905,95.03286508211282,3155766
2022-07-18,94.33038330078125,95.72803531035484,94.04499843953377,95.26703002327429,3037601
2022-07-19,96.68661499023438,96.78906133602577,95.17188737669687,95.42068182957655,3363989
2022-07-20,97.33055114746094,97.66716245103103,96.4817215087239,96.67928943488054,2398339
2022-07-21,98.01841735839844,98.04768965260176,96.86224853933437,97.35251940479363,1996244
2022-07-22,98.14280700683594,98.75016702282099,97.67449038229867,98.53063817994642,2104960
2022-07-25,98.14280700683594,98.85993144425827,97.89401254809911,98.05499680510094,2815504
2022-07-26,102.99433135986328,106.61651037597787,101.36252128437987,105.0139725922041,15011235
2022-07-27,101.611328125,102.599201319941,100.6673700500531,102.16746167286506,6016239
2022-07-28,102.71627807617188,102.90653464306139,101.20155029201652,102.3723553118234,3700663
2022-07-29,104.81640625,105.1676470699422,102.31381206937462,103.00897563575403,4781967
2022-08-01,104.90421295166016,105.41644469453162,103.60169606738503,104.01879285786868,3415656
2022-08-02,103.72608947753906,105.0505672525266,103.63827927589327,104.34076088905955,3226449
2022-08-03,104.99933624267578,105.23350122175101,103.57973693069327,103.83584945143433,3271658
2022-08-04,108.38736724853516,108.5410334401661,104.78714211609947,104.99934621952448,7062260
2022-08-05,107.8678207397461,108.6581125712937,107.121430671414,107.57511783570371,5008130
2022-08-08,108.65078735351562,109.87281872592693,107.99220753199413,108.32150078129179,3765606
2022-08-09,108.18246459960938,109.06789133120436,107.70682992121051,108.52639399638124,3628066
2022-08-10,109.30936431884766,110.20942049134378,108.91421510084501,109.67524124601347,3046212
2022-08-11,109.51426696777344,110.81678387245367,109.30205619403978,109.76306143130908,2748767
2022-08-12,111.40219116210938,111.446099602945,109.76306289158376,110.03381157884716,2806773
2022-08-15,110.80946350097656,111.29974102157888,110.11429996133923,110.78019788515677,2796487
2022-08-16,109.95331573486328,110.72165332987294,108.94349507756063,110.1069819184504,5253430
2022-08-17,107.88245391845703,108.87763842316231,107.61901663811456,108.62151921600014,5832772
2022-08-18,107.33363342285156,107.88976689584251,106.38235072508448,107.8604946045039,6762543
2022-08-19,107.34102630615234,107.67369891545307,105.86989928414033,106.90486274703936,15204987
2022-08-22,104.67228698730469,106.21734566811091,104.2582962283843,105.92163894682443,12179346
2022-08-23,104.79056549072266,105.28587442324319,104.02173610120616,104.23611791149985,18368646
2022-08-24,104.26569366455078,104.67229126614032,103.28247569031748,104.169589144844,18454878
2022-08-25,105.53723907470703,105.91426402885402,103.97000060190699,104.28788689984188,56637298
2022-08-26,95.46846008300781,106.46130781245296,95.12840103920054,106.1877805933912,45907384
2022-08-29,93.47245788574219,95.20972584378015,92.60752386702073,95.20972584378015,60436750
2022-08-30,92.30441284179688,94.43349183657357,90.95155641813447,93.80511925645338,41236286
2022-08-31,91.92739868164062,93.48724392576389,91.38034420723142,92.29703044789535,37843952
2022-09-01,92.8736572265625,93.43549804852411,91.42469612201,91.89043241533088,37093222
2022-09-02,89.93138885498047,93.42071107118153,89.56175709278297,93.16935661605702,14735438
2022-09-06,86.1980972290039,89.82048950602275,85.7397541569303,89.71699181289685,36757386
2022-09-07,89.11819458007812,89.63568310031069,85.76933590370486,86.22767902414077,44932165
2022-09-08,88.17194366455078,88.5563550408199,86.61209839743559,87.52139147652949,30786714
2022-09-09,91.00330352783203,91.14376033683129,88.61548381007319,89.65045392571754,31359240
2022-09-12,91.85346221923828,93.53158456239522,91.64646683701386,91.905207691996,22690392
2022-09-13,89.0590591430664,92.11221791313982,88.88163642846244,90.27145218992536,9287538
2022-09-14,86.8856201171875,89.14776290854277,85.98371352489293,89.14776290854277,6781918
2022-09-15,86.0650405883789,87.78012897472657,85.8062929617097,87.10000411266593,4847149
2022-09-16,86.20549011230469,86.72297183059108,84.35733148185774,84.7934950298761,8685113
2022-09-19,86.22767639160156,86.42727861862613,85.22227882732724,85.76194011041004,3815599
2022-09-20,86.13896942138672,86.64166485629312,84.83047186264871,85.23706276652922,4969619
2022-09-21,84.87481689453125,87.2552504408148,84.86743046563707,86.36813021222804,4468017
2022-09-22,84.37950897216797,85.05223384061898,83.85463409235314,84.39429532015093,4398888
2022-09-23,83.52936553955078,84.40169947365382,82.51657477253154,84.07642001250439,4405705
2022-09-26,83.5367660522461,84.1355660568724,82.96753200443214,83.35934332897916,4303088
2022-09-27,83.10057830810547,84.37210970445051,82.36870810058151,84.37210970445051,3975863
2022-09-28,84.4830093383789,84.80088884769428,83.58110953881852,83.91377539658521,4398649
2022-09-29,83.01927185058594,83.83246033519805,82.50178336358029,83.5071808939949,2769697
2022-09-30,81.68860626220703,83.64765612012623,81.60728807697392,82.79750164454641,3722909
2022-10-03,83.69938659667969,84.29080005946473,81.99169152176266,82.56831863613856,3487536
2022-10-04,85.4736328125,85.73976688622218,84.78611472951927,84.8230806059798,3352029
2022-10-05,85.14095306396484,85.82846428956753,83.84724203655671,84.52736008806932,3061880
2022-10-06,82.1469497680664,84.97093371909335,81.47421801113872,84.53477008894377,5176408
2022-10-07,79.485595703125,81.88080900414326,79.16770941670205,81.59249541755433,5138614
2022-10-10,80.18048095703125,80.66839665930164,79.24162216401452,80.23223316933053,3088550
2022-10-11,80.46142578125,81.65163933350156,79.8034803867262,80.210078053256,3462898
2022-10-12,80.54273986816406,81.09718073195839,80.02525138537378,80.26181947624852,3290196
2022-10-13,84.46822357177734,84.88960077755753,79.15292251154085,79.4708020230459,5708149
2022-10-14,84.00248718261719,85.13356189791585,83.42586006357116,84.46822343329329,4137323
2022-10-17,84.1725082397461,85.54753733078368,83.75113107700726,85.24443745319482,3592186
2022-10-18,85.71757507324219,86.05024767690671,84.60867988555432,85.5623319055569,3066544
2022-10-19,84.42387390136719,85.51798286863784,83.71418305678031,85.08921244096624,3084006
2022-10-20,83.61807250976562,85.49580393749575,83.45543616051582,84.26123147779644,3758908
2022-10-21,86.35335540771484,86.44945994335325,83.57373054087724,83.64765555007644,3997630
2022-10-24,87.51398468017578,88.07582542536353,86.63425769273839,86.8856121152043,4059344
2022-10-25,87.60269927978516,87.67662427624938,83.64764114018149,83.91377517481085,5997581
2022-10-26,90.70761108398438,91.14377467257013,88.40850234334084,88.40850234334084,5535088
2022-10-27,90.78153228759766,92.0013183952137,90.2123050666009,91.2916276034068,4444934
2022-10-28,93.59073638916016,93.64248186547538,90.56715059926987,90.91460282115025,4559870
2022-10-31,92.99192810058594,93.47984388497355,92.67404858248882,93.2211030167185,5174135
2022-11-01,92.62969207763672,93.96036907317186,92.09003080302882,93.71640780148529,2549633
2022-11-02,90.82588958740234,93.7459776184731,90.67063967048367,92.43748018705656,3063793
2022-11-03,90.8185043334961,91.87564741851537,89.53957948816351,90.17534532330465,2400252
2022-11-04,92.28963470458984,92.68144598485955,91.0476690364737,92.00871430023008,2775438
2022-11-07,92.1713638305664,92.51881611190433,91.15117976842647,92.13440469704442,2289503
2022-11-08,92.6666488647461,93.62030084289303,91.69821053878346,92.67404203865395,2182461
2022-11-09,91.54296875,92.91060475950239,91.4616505813914,92.62229120956458,2131750
2022-11-10,95.4758529663086,95.55717113977114,93.79033735578055,94.37435091893839,3779001
2022-11-11,98.30722045898438,98.68423856725835,95.47583746832939,95.80111685497623,4101443
2022-11-14,96.86567687988281,98.99475615803146,96.79914504964002,97.9893585469054,3127899
2022-11-15,97.0061264038086,98.67686231204773,95.9341903721773,97.96716482510932,3008060
2022-11-16,95.17276000976562,97.17616188978425,94.92879874323245,97.17616188978425,3837127
2022-11-17,95.09796905517578,95.15032725876867,93.24312919098085,94.35004931480148,2689804
2022-11-18,94.80628204345703,95.98799272256926,94.16306509040153,95.73370193330877,3798616
2022-11-21,95.45697021484375,95.64395013808986,94.40988127974889,94.71653026475575,2575586
2022-11-22,96.18245697021484,96.23480834933144,95.22511806267744,95.84588899160792,2101492
2022-11-23,95.73370361328125,96.57137342605944,95.16528408054785,96.17497433686161,2810241
2022-11-25,96.51154327392578,97.09492234008803,96.1226238964843,96.39187419827061,1055350
2022-11-28,93.220703125,96.16750382667422,92.83178374162325,95.81598316269287,3317106
2022-11-29,94.3350830078125,94.49214394670679,92.7494936605454,92.80184503198271,2228268
2022-11-30,94.21542358398438,94.42484274029962,90.76751454616789,94.16306538261402,6973398
2022-12-01,94.2303695678711,96.38437829305091,93.72178123606412,95.21014069699724,3156005
2022-12-02,94.97830200195312,95.17276167057221,92.92152282005227,93.31044215729045,2178992
2022-12-05,93.21320343017578,93.83397426718538,92.94394635732722,93.54228479208476,2563148
2022-12-06,93.17581176757812,94.03592077339134,92.22595267221988,93.60212298677129,2295722
2022-12-07,94.49964141845703,95.21764221620354,92.81682193030086,92.98884238604566,3230994
2022-12-08,94.23786926269531,96.81070996065215,93.82651066496472,94.98578902250838,4527219
2022-12-09,94.05836486816406,95.3821770512968,93.99104717908536,94.82123725647364,2792540
2022-12-12,94.87358856201172,94.90350753276054,92.89160006613898,94.29768932259309,4637849
2022-12-13,95.20267486572266,97.24449458411158,94.58938370573182,96.81818335180593,3895252
2022-12-14,94.30516815185547,96.08521722709779,93.37026857083708,94.61181712531265,3702457
2022-12-15,91.5303955078125,93.54977603025216,91.05920580929882,93.33287712669696,3990454
2022-12-16,91.01432037353516,91.0965907178159,89.75781915686956,90.73011062757321,9089361
2022-12-19,91.34339904785156,92.56998799066717,90.61791868565989,90.74506064784035,2918360
2022-12-20,90.35615539550781,91.49299443724179,90.273885047038,91.23870364882751,3471988
2022-12-21,92.33814239501953,92.62235215058831,90.87970172737467,91.11903302568278,3083408
2022-12-22,90.93953704833984,91.62014590949872,89.15200808525954,91.41072674843703,2617326
2022-12-23,89.85504913330078,90.49825922793305,88.1049121989241,90.34119145715604,3120723
2022-12-27,89.91488647460938,90.37111668408743,89.12209512153407,89.85505535396057,2166195
2022-12-28,88.47140502929688,90.4982722593248,88.44149287902763,90.01212304088328,2345356
2022-12-29,90.17665100097656,90.39354988881986,88.6284602891997,88.90519029370407,2464717
2022-12-30,89.69049835205078,89.77277551805099,88.63593657376484,89.48856578197945,2506816
2023-01-03,91.59771728515625,91.72486611007588,90.02708704451007,90.88719619342565,3124909
2023-01-04,93.60213470458984,93.7068442929312,91.77721371385597,92.25588319288053,3312561
2023-01-05,91.96417999267578,93.16832984278057,91.59022015756562,92.89907958045119,3117494
2023-01-06,94.77635955810547,95.08300853720677,92.5550397506205,93.23564174442936,2890732
2023-01-09,94.8287124633789,96.82566049427122,94.32013089550156,94.98578023913234,3434075
2023-01-10,95.83092498779297,95.87579661821329,94.76139688063232,95.03812687940244,1971128
2023-01-11,96.57136535644531,96.62371672961426,95.44948587104595,96.4292570728451,2408146
2023-01-12,96.743408203125,97.0949288854385,95.57664999214717,96.93038816068548,2200042
2023-01-13,96.86305236816406,96.93784979688338,95.88328112235298,96.04782181636966,2025306
2023-01-17,94.68661499023438,97.15474597870224,94.52955403244168,97.05003639864606,4199036
2023-01-18,91.80711364746094,95.12787351217598,91.44063357656893,94.87358275013675,5093166
2023-01-19,88.57611083984375,91.46308022795692,88.49384048708988,91.2461881432725,5955721
2023-01-20,90.23648071289062,90.28135234014857,87.32707264730594,88.66584409180254,5230706
2023-01-23,91.70989227294922,92.66723112064518,90.05699193052726,90.20657313972471,4080991
2023-01-24,86.01075744628906,89.75035648629085,85.63679754228889,86.78859623047632,12290694
2023-01-25,84.4625473022461,86.9381577568212,84.327918764504,85.63677813183828,7167867
2023-01-26,84.92626190185547,85.33761363101748,83.58748349107633,84.89634293079538,5532218
2023-01-27,86.19770812988281,86.59410713142599,84.85892994427704,85.06086931580211,4920942
2023-01-30,84.2007827758789,86.7586707853685,84.18582328890088,85.61435192655077,7059868
2023-01-31,86.0705795288086,86.0705795288086,84.05119898926058,84.62709827283228,6065155
2023-02-01,86.65396118164062,87.31213083644184,85.00106071344196,85.67418985521786,3708557
2023-02-02,89.96723937988281,90.38607770528655,86.3921882503055,86.82597923768797,5880971
2023-02-03,87.87306213378906,89.17444183028645,87.34952108791828,88.95006319658022,3208150
2023-02-06,87.13264465332031,87.70106430226198,86.66893460545575,87.34954360016464,2974811
2023-02-07,87.43179321289062,87.66364476949444,85.83872398999054,86.62403557477721,2610509
2023-02-08,86.19770812988281,87.27470901190767,86.01820798287866,86.88579657645315,3003993
2023-02-09,84.4625473022461,87.34951628781639,84.11101988547938,87.08025921233221,4307872
2023-02-10,85.17306518554688,85.42735594265952,84.29051704086343,84.68691607299168,2720302
2023-02-13,86.22016143798828,86.47445221701753,85.11324140912626,85.53955262175126,2688130
2023-02-14,85.41989135742188,86.07058126212074,84.47751193343271,85.85368917694339,2944911
2023-02-15,85.85367584228516,85.87610824445147,84.66447871959429,85.00104664707716,3022651
2023-02-16,84.87609100341797,85.89157111850761,83.9363917479721,85.25500221657978,3223340
2023-02-17,85.62632751464844,85.66422139878303,83.87576145153476,84.84576882101456,3381929
2023-02-21,82.79206848144531,85.17921019452758,82.73902396112884,84.87607988073361,4651364
2023-02-22,82.55716705322266,83.64842814795905,82.23130033149394,83.0042803977374,3175380
2023-02-23,82.53443145751953,83.58022680681317,81.8523898097291,83.13310654335035,3520785
2023-02-24,81.6932373046875,82.25402533136052,80.90509979046908,81.92815865453784,3424028
2023-02-27,82.04940032958984,83.88332585990243,81.99634889651533,82.49651354793774,4252976
2023-02-28,81.64777374267578,82.54200732310157,81.27644127591633,81.93574656536101,4043078
2023-03-01,83.51959228515625,85.1261756608103,83.16341738032835,84.14858936702615,5877981
2023-03-02,83.28466796875,83.54232566579977,81.63261198367557,83.17099321815819,9076803
2023-03-03,84.31529998779297,84.86850923310968,83.06489164546548,83.9515463423761,3636797
2023-03-06,83.30740356445312,84.58812017560643,83.11794795345816,84.4214008975172,3373677
2023-03-07,81.1551742553711,83.36801804696564,81.1172872861479,83.36043927013253,4033869
2023-03-08,81.2082290649414,81.67049989624279,80.46556422400008,81.42042099519396,4107901
2023-03-09,79.96540069580078,82.26918302435278,79.889619838139,81.58714147551117,4142585
2023-03-10,78.85899353027344,81.08698840647271,78.61648645296647,79.9805697467229,4417904
2023-03-13,78.4345932006836,79.32882662447273,77.8510688794325,78.56342549074627,5036476
2023-03-14,77.88896942138672,79.70016583914293,76.82043787054668,79.2606313239121,5707312
2023-03-15,77.88896942138672,77.91928453103813,75.9868345896192,76.78255089842533,5850473
2023-03-16,78.97267150878906,79.13939080939174,76.90381014879684,77.13115967866887,4356550
2023-03-17,78.07083892822266,79.1621067089663,77.27512269403579,79.07874016524275,13617297
2023-03-20,79.0484390258789,79.15453499423225,78.2224145261299,78.36639746643188,3255392
2023-03-21,79.03328704833984,79.93509247056757,78.33608788493629,79.7532156305394,3137826
2023-03-22,76.94927215576172,79.23031825721701,76.91895704532864,79.05602020211296,3355378
2023-03-23,76.54004669189453,78.00264706271582,76.35816985712152,77.04021144499185,3800051
2023-03-24,76.64614868164062,76.79771733247885,75.90348372885873,76.06262424304238,4249268
2023-03-27,76.911376953125,77.51005888428696,76.2369141621187,77.46458621941458,3345690
2023-03-28,77.100830078125,77.92686147717079,76.77497031680171,76.98716224948923,2945509
2023-03-29,78.19966888427734,78.23755585171553,77.22207586828821,77.91169612301384,3853034
2023-03-30,77.88896942138672,78.75288781196559,77.69951381595125,78.62405551089005,2810241
2023-03-31,79.65469360351562,79.71532382314486,78.06326789227826,78.43460032773555,4319354
2023-04-03,79.24546813964844,80.20789673833958,78.94991658637134,79.68500262365563,4804691
2023-04-04,77.4873275756836,79.49555852394721,77.35092340210869,79.49555852394721,4154067
2023-04-05,77.51763153076172,77.88138516119905,77.05536071583575,77.5706760539745,3171792
2023-04-06,76.96443176269531,77.90413106174046,76.93411665145409,77.56310680510654,2893363
2023-04-10,77.87383270263672,78.15422679710629,76.57795822751314,76.99476343696954,3444719
2023-04-11,79.23789978027344,79.40461906354574,78.29062169584905,78.53312184288664,3530592
2023-04-12,79.09391021728516,79.68501340380647,78.57859480976146,79.5713386502534,3258861
2023-04-13,80.44284057617188,80.662611318224,78.88172979160998,79.45008976270968,4108499
2023-04-14,80.15486145019531,81.17792038175385,79.57891583103255,80.32915950850503,3341146
2023-04-17,80.92025756835938,81.16275769612687,80.28368868239477,80.45040795241886,2911184
2023-04-18,80.53376007080078,81.31431873707281,80.23062975317704,81.26126730114404,2286872
2023-04-19,80.38977813720703,80.58681251729318,79.91993543385428,80.10181225932722,2293928
2023-04-20,79.3667221069336,80.01844857403732,78.89687247181494,79.91993829540986,4419579
2023-04-21,79.1772689819336,79.66227618742758,78.85898797344363,79.55618021294983,7644593
2023-04-24,79.61680603027344,79.80626163529897,79.08632618723622,79.60922725287698,4229056
2023-04-25,79.09391021728516,81.31433309821827,78.93476971127686,80.08666097272042,6065394
2023-04-26,77.99506378173828,79.72290052726301,77.88138903783272,78.81350949096132,3795386
2023-04-27,79.82142639160156,79.86689214513933,78.11632579253717,78.11632579253717,2862148
2023-04-28,80.49588012695312,80.6398699916086,79.68501312896552,79.80626666000015,4764505
2023-05-01,80.21548461914062,80.95814951758693,79.9957208096665,80.58681706836379,2738003
2023-05-02,78.04054260253906,80.10182514779964,77.79804243453754,79.9578352707488,3602352
2023-05-03,77.92687225341797,79.268212285317,77.80561871583697,78.43460890870297,2459096
2023-05-04,77.17662811279297,78.04053968300298,76.35817538215073,77.71467987834951,3543987
2023-05-05,78.32093048095703,78.41944767907523,77.33576541471832,77.90413226964412,2324785
2023-05-08,77.5555419921875,78.76047787929453,77.03264085046007,78.48008381965468,2504424
2023-05-09,76.38848876953125,77.10841736675788,76.08535839150929,76.89623232559164,3733194
2023-05-10,76.4642562866211,77.07051693682762,75.47909137371335,76.83558868751633,3281944
2023-05-11,76.37332153320312,76.54004079975361,75.63065669589405,76.16112960398836,3317704
2023-05-12,75.98683166503906,76.74465405761387,75.22900927246425,76.69918830982955,2937496
2023-05-15,76.15355682373047,76.4112214358998,75.22901509284473,75.83527581978731,2878772
2023-05-16,74.27415466308594,75.81253582430551,74.26657588574453,75.7822207149399,4476748
2023-05-17,75.91864013671875,76.01715733804265,74.26658404873567,74.58487198723064,4279288
2023-05-18,76.65719604492188,76.81106861557085,75.44163853907206,75.73398870124535,3485503
2023-05-19,76.18790435791016,77.29576027710469,75.91094213312525,77.12649973413485,3229080
2023-05-22,78.24974060058594,78.50362087518269,75.64167097588353,76.07249874671935,5008011
2023-05-23,77.47270965576172,79.11910210411006,77.44193373446669,78.24974550802087,4324975
2023-05-24,74.61844635009766,77.47270217287522,74.60305839093643,77.28036672346855,4942590
2023-05-25,74.66461181640625,74.78770848383486,73.3567334176634,74.27994087324011,3731042
2023-05-26,74.5799789428711,74.96464985453092,74.14145017234833,74.6646057010297,3333730
2023-05-30,73.90296173095703,74.78001229791604,73.24132857063111,74.57228887152378,3433477
2023-05-31,71.78726959228516,73.67984827734062,71.69494885203989,73.08745393574398,7405273
2023-06-01,72.53353118896484,72.764336554998,71.07178727093792,71.9103679327632,3982082
2023-06-02,78.88059997558594,80.43467162536149,73.88757196421088,73.93373584452728,16938828
2023-06-05,75.38009643554688,78.84982158876109,75.32623857686255,77.62657005935499,7070752
2023-06-06,75.61859130859375,76.64950741769543,74.84924946179001,75.44164380703766,5351024
2023-06-07,77.70349884033203,77.82659549093809,75.08774240031914,75.94940491445315,3996075
2023-06-08,77.51885986328125,77.97277658319767,76.61104046355727,77.54963578193441,3768476
2023-06-09,76.85722351074219,78.15741475828796,75.54934530391179,77.47269973751774,5398266
2023-06-12,77.9035415649414,78.81136811055953,77.09573676881074,77.20343845891716,4185880
2023-06-13,79.04216003417969,79.34989817813984,77.58041613546492,77.90353521957647,3926827
2023-06-14,78.43438720703125,79.7576535455126,77.83429886049143,79.36528862816388,3888196
2023-06-15,79.86534881591797,80.08076618921763,78.18048674482591,78.39590411812557,3375590
2023-06-16,80.42697143554688,80.696239656438,79.37297347030417,80.20386007135359,7412210
2023-06-20,78.70365142822266,79.18833706482768,77.76505607481442,79.07293438562559,3284455
2023-06-21,78.06509399414062,78.69595115927986,77.54963247892694,78.2189595407441,3011648
2023-06-22,77.26496887207031,77.94198984810492,76.65718668334222,77.92660189091382,3103500
2023-06-23,77.48810577392578,79.62687106782164,76.53412231390023,79.47300548525847,9342315
2023-06-26,77.24960327148438,77.6188862707304,76.52642523463682,76.9341711179386,4371858
2023-06-27,75.59550476074219,77.10341946220565,75.44933318838511,76.87261411421045,6493562
2023-06-28,75.83401489257812,76.37255142122088,75.21853855693894,75.59551553099993,4539538
2023-06-29,76.3494644165039,76.51872496061728,75.33393625209833,75.47242087545382,4182292
2023-06-30,77.00341033935547,77.24190266421891,76.31869524530414,76.9418584980579,6084052
2023-07-03,77.81121826171875,78.04202363592476,76.87262284405065,77.08804025730224,1913002
2023-07-05,75.88015747070312,77.98815334431296,75.83400061525063,77.54193764801994,4716306
2023-07-06,74.09528350830078,75.45701947858589,73.52597119598607,75.39546764803056,6137035
2023-07-07,74.8492431640625,76.15712138556361,73.98758064894376,74.00296860779387,4770126
2023-07-10,74.7723159790039,75.78784411842487,74.53381663910795,74.71845811900268,4506408
2023-07-11,78.41129302978516,78.49591978031334,75.6878209743799,75.96478316339594,7477392
2023-07-12,78.14202880859375,80.21924884227056,78.10355891091093,79.61146657920806,4345307
2023-07-13,79.13447570800781,79.18063958567042,78.08817170158694,78.24204427374126,2980552
2023-07-14,78.70365142822266,79.12678522522405,78.1266450522669,79.04985244577422,2650097
2023-07-17,78.2420425415039,78.56516159777094,77.54963353227507,78.39590809019732,2753312
2023-07-18,79.24988555908203,79.65763843514415,77.97278310885524,78.18049951698488,2978877
2023-07-19,79.61146545410156,79.82688283797229,78.93444440483229,79.12677985041954,2498324
2023-07-20,80.2346420288086,80.57314907025454,78.86521186283954,79.37297944506325,3428095
2023-07-21,80.26541900634766,80.42697854916112,79.41145039139029,80.14232234417533,2992392
2023-07-24,80.21924591064453,81.24246793101598,79.9961345523465,80.41927533117641,3986746
2023-07-25,84.49679565429688,85.28152550031837,82.32725462710964,82.74270149148694,10499564
2023-07-26,86.65863800048828,86.98945103511238,84.5044782055074,84.5044782055074,6691620
2023-07-27,85.54309844970703,87.04331931445184,84.97378602515414,84.97378602515414,6713746
2023-07-28,86.07394409179688,86.48169695091921,85.4353928932116,86.06625011180931,3479762
2023-07-31,85.7815933227539,86.37398765739626,85.28921370720772,86.07394350010775,8661312
2023-08-01,85.05841827392578,86.10472236017034,84.88146374944012,85.7815962520436,3414819
2023-08-02,83.78900146484375,84.55064933179321,83.21199507957569,84.24291118897261,3810934
2023-08-03,82.46574401855469,83.73515258626509,82.26571455526766,83.47357829583419,3374514
2023-08-04,81.17323303222656,83.07350559839483,80.83472600896532,82.75038653438263,3487775
2023-08-07,80.95781707763672,81.97335220552726,80.69624282593047,81.55021139889712,3001242
2023-08-08,80.10385131835938,80.31926871912154,78.89598771418365,80.25002991889612,3483350
2023-08-09,79.7884292602539,80.5423831716208,79.55762389062708,79.93460084631053,2565540
2023-08-10,79.93458557128906,81.43479912701645,79.52683277222648,80.06537619175829,2633951
2023-08-11,80.4346694946289,80.61931097089374,79.5807009118904,79.8807450658344,1947925
2023-08-14,79.56531524658203,80.25003033249837,79.16525636312038,80.13462765149139,3653062
2023-08-15,77.81121826171875,79.14987258398116,77.64196473133045,78.8959922883987,4000859
2023-08-16,77.54193878173828,78.26511668148181,77.28805852290252,77.52655082301112,3412666
2023-08-17,78.31898498535156,79.02678204084738,77.780448478381,77.88045618334102,4071304
2023-08-18,78.092529296875,78.46733491668213,77.7567688978979,78.06910928941728,3150742
2023-08-21,77.45223236083984,78.16279833201244,76.93687110561677,78.08471502062466,2754029
2023-08-22,76.92127227783203,77.86610266981367,76.6089389540791,77.82705744182374,3097879
2023-08-23,77.81143188476562,78.22528276158414,76.28878213991982,77.10866772366721,3904820
2023-08-24,76.91344451904297,78.60788587583735,76.90563547534494,77.51469813355195,2272400
2023-08-25,77.26484680175781,77.62403438930247,76.5386554562421,77.28826681287143,2617566
2023-08-28,81.30181884765625,82.49651721514692,80.10712760520654,82.23103106405154,9135646
2023-08-29,82.43404388427734,83.43352315641924,81.89525546507748,81.98114782537654,6270867
2023-08-30,81.55950927734375,82.65269014436102,80.90359220708359,82.37158588212445,3915584
2023-08-31,83.29297637939453,84.5891779805417,82.37157327884182,82.7229588966548,7781296
2023-09-01,83.51162719726562,84.56576994992395,82.85571013446548,83.78492241091165,4354038
2023-09-05,83.43353271484375,84.53452968670237,83.0665360992379,83.3944946148029,5817583
2023-09-06,83.05872344970703,83.40230004039455,82.25444884825112,83.1758519948287,3210423
2023-09-07,82.73078155517578,83.38669150797378,81.95773591879045,82.91037535325987,3476652
2023-09-08,82.95720672607422,83.0743352623462,82.31691498618244,82.83226914571476,3317824
2023-09-11,84.24561309814453,84.50329019847442,83.38668230533743,83.55065799418001,3398314
2023-09-12,83.67560577392578,84.95619663688734,83.60533148801301,83.98013717960337,3823134
2023-09-13,78.90461730957031,83.91765344285075,78.48295740114833,83.65997634605993,9059820
2023-09-14,79.89629364013672,80.87235295191883,79.02955382627908,79.33408518655997,5004184
2023-09-15,78.91243743896484,79.96658023305402,78.5922879403754,79.56053835680237,7178631
2023-09-18,78.89681243896484,79.56834043510109,78.1706211277127,78.91243052899796,5141006
2023-09-19,78.26432800292969,79.06078645230495,77.98321663839616,78.87338362597654,3192483
2023-09-20,77.29606628417969,78.7874868923638,77.28825723976193,78.12376799213796,2936300
2023-09-21,76.12481689453125,77.47568933964102,76.05454259971273,76.95251883922131,4252856
2023-09-22,75.77340698242188,76.36685153242217,75.42983757191624,76.20287587059354,4172724
2023-09-25,74.01651763916016,75.66410505833298,73.21224298014404,75.40642794065653,5315263
2023-09-26,73.30594635009766,74.26639481437697,73.1029325436695,73.68075915630106,4159927
2023-09-27,72.97799682617188,73.68856297962364,72.68908351239524,73.50116013420322,3669089
2023-09-28,72.82180786132812,73.27470391423972,72.15808899503786,72.65783218702022,4883866
2023-09-29,73.10292053222656,73.66512896159377,72.8920905899538,73.39964283523263,3640744
2023-10-02,70.44804382324219,72.48605489502182,69.73747062004149,72.34549921332903,9823466
2023-10-03,69.3314208984375,70.22939682499498,68.83948675606531,70.08103924041039,6428620
2023-10-04,68.73017883300781,69.38608869021401,68.1757723033678,69.18306778500057,7799475
2023-10-05,68.58181762695312,68.901967090042,67.58233113855525,68.71456426409752,5812799
2023-10-06,69.02690124511719,69.6593911602517,67.41055000373115,68.24605372028424,5331888
2023-10-09,69.53445434570312,69.55788148172232,68.67552348370532,68.76922490274069,2822082
2023-10-10,70.7760009765625,71.04930331741473,69.65939297695361,70.27626481767274,4435844
2023-10-11,70.5807876586914,71.0414928310433,70.08105150993767,70.9009371407404,2536955
2023-10-12,69.51102447509766,70.69010477451482,69.07375357848208,70.69010477451482,2796128
2023-10-13,69.24552917480469,70.15912319759363,68.91757782691133,69.65157096271088,2809284
2023-10-16,70.22940063476562,70.38556727175158,69.14402184509584,69.4329351110482,3186862
2023-10-17,70.70571899414062,71.0883336796253,69.55787493768665,69.6281492140914,2535759
2023-10-18,69.02690124511719,70.12008920489157,68.81607839844698,70.05762396791981,3214130
2023-10-19,67.98055267333984,69.34703554262275,67.9493164991721,68.71455289100389,3667295
2023-10-20,67.58232116699219,68.18357478028469,67.45739071815623,67.707258740868,3056258
2023-10-23,66.84051513671875,67.80095620347086,66.6453033060768,67.15285549075377,4158014
2023-10-24,70.36995697021484,70.924356374276,69.04251204318203,70.36214792578802,7675928
2023-10-25,69.79993438720703,70.59639273529712,69.2611459862496,69.80773630602437,4618593
2023-10-26,69.22210693359375,70.70571852305811,68.94881174935995,70.0888467536133,4623975
2023-10-27,68.33975982666016,69.68281581147647,67.91029085329816,69.58911439683908,3962109
2023-10-30,69.90144348144531,70.06542629095547,68.54276948859317,68.76140848457963,3161626
2023-10-31,71.01805877685547,71.50218391289519,69.81555141877202,69.87021473052525,5555659
2023-11-01,70.7135238647461,71.33039560188884,69.94048549480178,71.1820308881911,4181934
2023-11-02,72.08002471923828,72.15029900892688,71.08834711734858,71.52562519772661,3144404
2023-11-03,73.29032135009766,74.03993256888064,72.67344962836744,73.02482810591192,3266396
2023-11-06,73.02484130859375,73.33718174790361,72.5953794389539,73.26690746469734,2578217
2023-11-07,72.73593139648438,72.97018851814873,72.28304236964723,72.5563375948945,2636223
2023-11-08,72.08781433105469,72.93112695509403,71.26792171390302,72.93112695509403,4142466
2023-11-09,71.60369110107422,72.78277127177284,71.56464588017414,72.29083711363342,2540543
2023-11-10,72.47044372558594,72.66565561460838,71.5724676110744,71.83796091017486,2864420
2023-11-13,72.37674713134766,72.72031665892311,71.77549333304859,72.38455617743274,2551307
2023-11-14,74.15706634521484,74.5631081591053,73.34498271743395,73.39964602894106,3972394
2023-11-15,75.60163116455078,75.89835347443224,74.52406142077498,74.52406142077498,4533079
2023-11-16,75.91096496582031,76.49788452580307,75.27645381262383,76.05372527113265,3661913
2023-11-17,75.61750793457031,76.41857521880527,75.35576863670929,76.34718782638971,9073693
2023-11-20,75.33197021484375,75.5461106525637,74.91953872798094,75.36369070348908,3986627
2023-11-21,74.54676818847656,75.15747626072363,74.34848437306594,75.04643645563402,3239605
2023-11-22,75.64128875732422,75.96646897640485,75.05436205503587,75.32403323200067,2863463
2023-11-24,76.101318359375,76.12511415644934,75.44301863380362,75.58577894192051,1267640
2023-11-27,76.98961639404297,77.2989399912608,76.09337332635951,76.14095767515124,3939504
2023-11-28,78.1317367553711,78.59969179004418,76.56926196159164,76.87065366309118,5184182
2023-11-29,78.10002136230469,78.87729284396515,77.82241820128483,78.71866143235886,3087594
2023-11-30,78.57589721679688,79.37696445595203,77.9334541441982,78.2348458503869,7190950
2023-12-01,79.19454193115234,79.48006976401513,77.85413954217432,78.39347471791339,3329425
2023-12-04,82.04190063476562,82.31156462071647,79.49593853987697,79.583182557768,6016119
2023-12-05,80.65390014648438,81.69290349009222,80.45561634745141,81.49461969105926,3675786
2023-12-06,81.52635192871094,82.15293108423951,80.60631302385197,80.63804074934617,4285029
2023-12-07,81.91497802734375,82.19257388142813,81.21701880832893,81.73255810143581,2831650
2023-12-08,81.98637390136719,83.20780457838592,81.6929141300637,81.98637390136719,4119024
2023-12-11,81.81981658935547,82.65261153625836,81.47084053662624,82.24811196058143,4169136
2023-12-12,81.34393310546875,82.27189671736035,81.16944508716685,82.16085691375993,5590463
2023-12-13,82.6367416381836,82.65260550072452,79.0834969669058,80.89977172173343,7142512
2023-12-14,84.89717102050781,85.36511875443006,83.24744519977067,83.2633090614567,6894342
2023-12-15,84.84957885742188,85.28580610216348,84.04058705141368,84.34990340353154,13255507
2023-12-18,83.96920776367188,85.10339436696653,83.80265167538391,84.86545089470044,3616704
2023-12-19,84.27059173583984,84.66715932853316,83.98506393756024,84.36576766859972,3151101
2023-12-20,82.22431182861328,84.28646202032674,82.19258410288788,83.91369019170806,3883890
2023-12-21,83.72334289550781,83.77885918140305,82.57329238379779,82.66053639715552,2624263
2023-12-22,84.33404541015625,85.19063609766549,83.87402957820161,83.97713744846982,2728913
2023-12-26,85.74583435058594,86.12653813507477,84.2864674309907,84.3102632268123,3332176
2023-12-27,86.2455062866211,86.5310341131012,85.40478667040142,85.65858677044022,2922785
2023-12-28,86.99899291992188,87.38762863710485,86.17412989382045,86.18206182577636,3360282
2023-12-29,86.70552062988281,87.21312805831744,86.25343672175715,86.84828815922782,2887622
2024-01-02,87.2448501586914,87.76832141631822,86.01549494281865,86.15032329483351,3321053
2024-01-03,85.49202728271484,86.81655848869602,84.70682398181475,86.6341385432373,3547575
2024-01-04,85.79341888427734,86.7213824733372,85.42857175652021,85.72203150268537,3319976
2024-01-05,86.12653350830078,86.84035668445237,85.30167776527485,85.6427218717399,1991579
2024-01-08,86.3406753540039,86.41998742662817,85.33339249133502,85.8647956810951,2535042
2024-01-09,86.5310287475586,86.68966013276496,85.14304212211091,85.81720560703853,2939768
2024-01-10,85.89652252197266,86.54689019540153,85.53167541219054,86.46757812359263,2391761
2024-01-11,86.38827514648438,86.45172336317849,85.03200890339923,85.89653156490401,3212217
2024-01-12,85.7537612915039,87.3717595185752,85.57134134181719,86.78484001212067,3490526
2024-01-16,85.37305450439453,85.71410583441158,84.61164700670892,85.39685029798808,3631534
2024-01-17,84.13575744628906,85.38891569030763,83.69953742989796,84.74647270639989,3156842
2024-01-18,84.42131042480469,84.6592466923507,83.54885573230817,84.33405916582318,2981748
2024-01-19,85.4682388305664,85.94411856332891,83.35849690529434,84.65923966628802,3910322
2024-01-22,85.67445373535156,86.7769126602968,85.18271014352804,86.05515751777442,5879656
2024-01-23,76.22027587890625,79.99559272717985,74.64193742891652,79.99559272717985,32544236
2024-01-24,73.951904296875,76.96581344160722,73.54740480253747,76.6485579429084,11202454
2024-01-25,76.12510681152344,76.36304304781586,74.24537653014315,74.38020489289303,7322988
2024-01-26,76.1330337524414,76.85478888853633,75.97440959023254,76.31546094729491,4449359
2024-01-29,76.44235229492188,76.84685184251533,75.69680865012675,76.14096061705152,4544800
2024-01-30,75.94268035888672,76.54546374280487,75.17334088423146,76.27579977752484,3827798
2024-01-31,74.8322982788086,76.0933813565776,74.6815988112108,76.0933813565776,8260533
2024-02-01,76.06958770751953,76.15683172294248,74.50711288763118,74.86402088137638,3943571
2024-02-02,75.24472045898438,75.66508388562417,74.78470461146173,75.5699079434759,4440030
2024-02-05,73.54742431640625,74.75299118902956,73.42845256818285,74.75299118902956,5354372
2024-02-06,74.36434173583984,74.43572912085291,73.28567863777896,73.55534984016712,4453186
2024-02-07,74.42780303955078,75.11783048876889,74.15813905312972,75.03058647072574,4521956
2024-02-08,73.9201889038086,74.85608445831596,73.53155320516613,74.67366450636099,4741303
2024-02-09,73.6822509765625,73.99950655204972,73.27775138432006,73.92019446746902,4388244
2024-02-12,75.05435943603516,75.39541074221881,73.80120847747322,73.85673199197808,4893673
2024-02-13,73.49189758300781,74.54677216910511,72.48461458898902,73.99950504602376,5496338
2024-02-14,73.3015365600586,73.95191148114813,73.10325275875431,73.76155237370574,6024132
2024-02-15,74.48683166503906,74.63196320517633,73.46281777375921,73.77727925388734,4559391
2024-02-16,73.57569122314453,74.22073409365628,73.54343650453876,74.06753889502278,5345522
2024-02-20,74.03527069091797,74.5755003423022,72.98706610088006,73.4547300059911,5174614
2024-02-21,73.94658660888672,74.15622755246801,73.35798217397443,73.88207717555616,4061855
2024-02-22,74.36588287353516,74.51907809257013,73.48700053346018,73.82565305180427,5083837
2024-02-23,74.6480712890625,74.93834165174812,74.10784160004222,74.49486875028971,3774217
2024-02-26,74.03527069091797,74.58356402048486,73.72887299208924,74.3255410333814,3914388
2024-02-27,74.42230987548828,74.46262827293573,73.7611396589527,74.18042156291898,2736807
2024-02-28,73.74501037597656,74.68839463528792,73.71275565886012,74.18041962756205,3543030
2024-02-29,74.27717590332031,74.41424373536566,73.664380426613,74.18041911001765,6169446
2024-03-01,74.06753540039062,74.21266691252514,73.28541001270638,74.21266691252514,4064128
2024-03-04,73.72889709472656,74.05948593617568,72.95484259511205,73.45475401900859,6678703
2024-03-05,74.73677825927734,75.30119173184127,73.83371228875157,73.91434173377891,5251636
2024-03-06,74.59970092773438,75.5430852725895,74.1239805939878,75.38182638712796,3591349
2024-03-07,74.68033599853516,75.22862208230606,74.26911775702094,75.02704480146073,3751613
2024-03-08,75.71240234375,76.38970727123112,75.13186156937053,75.38182091680632,4925846
2024-03-11,75.8333511352539,76.16393992374346,75.35763083002287,75.77691273593707,4206571
2024-03-12,79.59881591796875,81.31624719574245,78.3329065419085,80.79215217950232,16737302
2024-03-13,83.91256713867188,83.92869449728511,79.98584225384204,80.4051241482997,12935338
2024-03-14,83.14656829833984,84.291529817668,82.4370160278524,83.34008188507538,8282539
2024-03-15,84.66243743896484,85.09784672795237,82.87243291792845,83.0498191625633,32098966
2024-03-18,84.50117492675781,85.7025749025128,84.19477717309985,84.28347029160979,6622491
2024-03-19,84.92046356201172,86.27505884316987,84.29960432590903,85.29942710493563,6987869
2024-03-20,87.17005157470703,87.96829697431829,84.2109019635283,84.65436754255028,8390299
2024-03-21,86.9765396118164,88.040871736128,86.912037532944,87.24261896420839,7886663
2024-03-22,86.09767150878906,87.17812371948976,86.07348046830107,86.75884178052078,5321243
2024-03-25,84.53341674804688,86.12185116961906,84.48504203083526,85.38810787337607,6680019
2024-03-26,82.7514877319336,84.39636078102048,82.56603780137428,83.90451307381502,7279693
2024-03-27,84.33185577392578,84.46892361835113,83.04175527020628,83.04981895015744,4641676
2024-03-28,85.52518463134766,85.6783798222646,84.3318483915069,84.34796839262586,5245776
2024-04-01,90.66776275634766,90.97635302914432,85.08420865752234,87.80366273572189,13004800
2024-04-02,89.52982330322266,91.05349079926887,88.62334363126033,89.78055516700316,8912000
2024-04-03,89.86735534667969,91.32351168708414,89.20195462806805,90.01200127909792,6060200
2024-04-04,87.31184387207031,92.25893371882736,87.01289911657032,91.12100571603634,5864200
2024-04-05,87.78436279296875,88.16045691983939,86.34749017088934,87.20575700988867,3514000
2024-04-08,88.65227508544922,89.5780458092165,87.9482996889808,87.9482996889808,3706700
2024-04-09,89.30803680419922,89.8769971142242,88.71978546416229,88.8162185421054,4236600
2024-04-10,89.32732391357422,89.40447332184581,87.34077447350192,88.5076316834629,3494900
2024-04-11,89.85771942138672,90.22416808490568,89.18268047349052,89.52983810571375,2993700
2024-04-12,88.05438995361328,89.50090828087163,87.9000984912062,89.45269541771995,3590800
2024-04-15,88.04475402832031,89.47198136061593,87.51436101859181,88.70050931426968,3674800
2024-04-16,87.80365753173828,88.07367308476042,86.95502881381498,87.69757894199786,3037000
2024-04-17,87.71688079833984,88.82587978447383,87.10934567809402,88.45943108045829,3421600
2024-04-18,88.21832275390625,89.13444796509867,87.63007145581537,88.1411733541041,3069400
2024-04-19,88.98014831542969,89.10551792825339,87.85186594424616,87.98687371392428,3588500
2024-04-22,89.31768798828125,89.40447555672688,88.4304844857251,89.24053857808111,2992900
2024-04-23,89.68412780761719,90.68704796921067,89.48161614383946,89.66484413565492,3729800
2024-04-24,88.73907470703125,89.9059393027165,88.1604688456807,89.28875137892018,3813400
2024-04-25,88.15081787109375,88.71977813411108,87.41791329600878,88.3243929826272,2954800
2024-04-26,88.55584716796875,88.90301212925581,87.83258805818274,88.2376113938936,4520900
2024-04-29,88.87409210205078,89.3176901855553,88.2954788686882,88.2954788686882,4905000
2024-04-30,93.06897735595703,94.35155115657862,90.43631115572744,92.31678911514047,16731900
2024-05-01,94.93017578125,96.14524584474924,93.81153144134882,94.6022944771032,11062600
2024-05-02,93.3582763671875,94.89158938801357,93.20398492811577,94.46727505516608,6317100
2024-05-03,93.68616485595703,94.68908503806826,93.38721275413606,94.1008337066629,4818500
2024-05-06,93.14613342285156,94.2647777957518,93.09792055963028,93.62830619930041,4329500
2024-05-07,92.1335678100586,93.71509380468596,92.11427678037879,93.14612614708533,4409000
2024-05-08,92.91468811035156,93.00148303179871,91.6224686627554,91.98891730669185,3489900
2024-05-09,93.8597412109375,93.9079540673689,92.48072697020689,92.66394759644088,2584200
2024-05-10,95.40270233154297,96.10667779649522,94.66979767824805,95.03625368358172,4157900
2024-05-13,96.07772827148438,98.11249762692636,95.4701933262438,95.4701933262438,5578700
2024-05-14,96.5116958618164,97.59175807343777,96.24168030891107,96.36704257065368,2973100
2024-05-15,97.63033294677734,98.0450017915754,96.57919992006367,96.61777462159978,4203300
2024-05-16,101.12126922607422,101.46843419297312,97.96785533630458,98.09322495941223,8384500
2024-05-17,101.50701141357422,101.95060946953252,100.94768924665496,101.45879119466404,5396500
2024-05-20,101.45879364013672,102.2592022061543,100.89947145973606,101.46843915562573,3962700
2024-05-21,99.46260070800781,101.29485874787034,98.99007344254055,101.15020544204937,4603000
2024-05-22,97.87140655517578,99.43364865556538,97.35065918837925,98.98040516831445,3807800
2024-05-23,96.62849426269531,97.60924239166773,96.04586992474319,97.51213957008744,3845500
2024-05-24,96.78385925292969,97.6092443657607,96.46341326761053,96.9198046875856,2602000
2024-05-28,95.82251739501953,97.2111090923627,94.98741987586378,96.67703251320391,4360900
2024-05-29,94.73493957519531,95.06509800182647,93.95810972797743,94.96799519698288,4826600
2024-05-30,95.35640716552734,95.38554467483155,94.08434337260329,94.86118063439352,4520300
2024-05-31,97.240234375,97.34704968553699,94.5989965298478,95.22046338653428,21754400
2024-06-03,96.8712387084961,97.87141167844524,96.10411395279016,97.46357545140233,4508100
2024-06-04,95.75454711914062,96.52167194848666,94.85147686773023,96.13325328181564,4988100
2024-06-05,96.19151306152344,96.76443225922371,95.03597697910972,95.95846482594409,3115400
2024-06-06,95.37583923339844,96.6673281281477,95.31757902741477,95.93904591947296,2510000
2024-06-07,97.93939208984375,99.00753784835288,95.55062733258778,96.62848559492483,5636700
2024-06-10,97.74518585205078,98.89100940859922,97.37618479359784,97.52184271622559,3506200
2024-06-11,98.3860855102539,98.53174345534117,96.35660900970939,97.20141175596802,2831500
2024-06-12,98.27925109863281,100.67772824890733,97.84228475667088,99.64842514479382,3704600
2024-06-13,98.59970092773438,99.82321710540296,97.82286361304676,99.06579738977118,5034700
2024-06-14,97.97823333740234,98.48317240240284,96.43427122285169,97.58981468284139,2685000
2024-06-17,97.61894989013672,98.50260256068256,97.02661307786248,97.08488069459881,3490000
2024-06-18,97.85199737548828,98.53173190337914,97.16255775194139,97.17227025606739,3446200
2024-06-20,98.71623229980469,99.37653441003968,97.28879794256973,97.35677065441568,3476600
2024-06-21,99.42509460449219,99.47364971906558,98.02679027964628,98.97841570260427,7865800
2024-06-24,100.0077133178711,100.50294730650661,98.73564939900153,99.22117088357402,2948000
2024-06-25,99.09494018554688,100.19221609822367,98.35694543808519,99.90090023756323,5115700
2024-06-26,98.5123062133789,98.85217717920727,97.65779106795341,98.67738914849865,2356100
2024-06-27,100.1824951171875,101.02730511484464,98.69680065216279,99.0075340866224,4338300
2024-06-28,99.23088836669922,100.95934375315001,98.71623675258412,100.02714334501263,6196500
2024-07-01,97.6966323852539,100.45439082392964,97.30821372120202,99.88147903601723,2705600
2024-07-02,98.6773910522461,98.97841200764678,97.55097763073243,97.64808044778395,2291300
2024-07-03,98.6773910522461,99.19204265024214,97.7646082733278,98.35694508835307,1230800
2024-07-05,98.3860855102539,98.71624401301644,97.72577591319968,98.4637707354299,3059600
2024-07-08,98.17243957519531,99.76494940124472,97.70634311357921,98.57057073594251,2338700
2024-07-09,96.80327606201172,98.52201885939805,96.58964542323005,97.92968205494701,2809300
2024-07-10,98.72594451904297,98.88131496217021,95.41469159095162,96.9198038642766,4519500
2024-07-11,100.24075317382812,101.25063118320122,98.85216165035419,99.41536085330144,4581100
2024-07-12,101.02731323242188,102.25082947012193,100.68744966874688,100.78455248572972,3381000
2024-07-15,99.74554443359375,101.95952142781384,99.59988649271703,101.86241860338623,3316600
2024-07-16,100.31844329833984,100.6874443552598,97.94910357341911,97.94910357341911,3609000
2024-07-17,101.60992431640625,101.76529473013056,99.716393702073,99.88146921030327,3567900
2024-07-18,101.00787353515625,102.46443780349237,100.44467431516937,101.20208654934912,3023800
2024-07-19,100.91077423095703,101.71674159874581,100.14364946735353,101.71674159874581,2884900
2024-07-22,101.93038177490234,101.99835448648264,99.43480163763977,101.04672911588843,2686600
2024-07-23,101.69734191894531,102.22169864665995,101.1535527730104,101.95952028280263,2172600
2024-07-24,100.26017761230469,102.05660546313155,100.0951021003219,101.53224141759567,3252000
2024-07-25,100.39613342285156,101.75559508078834,98.82304112329285,99.74553640225389,4598100
2024-07-26,123.47782135009766,124.32262394967123,109.42682910246157,109.42682910246157,32748900
2024-07-29,121.5357437133789,124.92467425250132,120.53556321444086,124.29350223822388,10816700
2024-07-30,123.0796890258789,123.9924717333491,120.51613633233697,122.20574892388291,6746500
2024-07-31,123.85652923583984,124.87612728026318,121.7008127362954,122.96316410582897,6889900
2024-08-01,122.80780029296875,124.23523458252403,120.82687183077668,123.80797332348173,5563700
2024-08-02,121.61341857910156,124.05073848994884,121.16673970525787,122.1669127715242,4021400
2024-08-05,121.00167083740234,121.69111048986537,115.85513988832255,116.10761314689798,6669700
2024-08-06,121.2735595703125,122.47765081487837,119.16639804020465,119.78786496697867,4334300
2024-08-07,119.27320098876953,122.90489935442217,119.13725557567078,121.75906843796885,3410100
2024-08-08,121.50659942626953,122.09893620752638,118.64202573997073,118.90420407191034,2932900
2024-08-09,120.57440185546875,121.03079322933762,119.7684344253799,121.03079322933762,3247700
2024-08-12,119.78785705566406,120.49671424947925,118.99160214529364,120.40932394139368,2585800
2024-08-13,121.72023010253906,121.76878521255006,119.18580745613315,119.85582945024288,3056600
2024-08-14,122.51648712158203,123.3612971544286,121.02108009080924,121.35123854593895,3252800
2024-08-15,123.47782135009766,124.23523364287516,122.51648352452355,123.63318436500275,3359900
2024-08-16,123.37100982666016,123.65260576285688,122.37082936451232,123.06998147424022,3812600
2024-08-19,123.40013885498047,124.14783866063976,122.86606227345973,123.40013885498047,2243600
2024-08-20,124.002197265625,124.3614932775957,123.2059422433437,123.31275757388504,2792900
2024-08-21,125.48788452148438,126.2258866947958,123.96335469466567,124.13813532501383,3664600
2024-08-22,124.87612915039062,125.99282261480577,124.5848133023442,125.36165062482148,2300400
2024-08-23,126.76966094970703,126.86675635520493,125.11889088684646,125.48787713484187,2618800
2024-08-26,128.7222137451172,128.79054543407918,126.52558903886478,126.52558903886478,3915800
2024-08-27,128.2828826904297,129.47394266567545,127.8435607086655,128.2047935843157,2878500
2024-08-28,128.48789978027344,129.47393482602325,128.03880551482615,128.2828749228962,3274000
2024-08-29,129.75706481933594,130.02064905665634,128.22430177274546,128.52694545791567,2992600
2024-08-30,131.49484252929688,131.78772881138275,129.4641831761339,129.91327746157427,6092800
2024-09-03,127.74592590332031,130.60641203093667,127.12110885483258,129.85467413145795,4024100
2024-09-04,129.0150909423828,129.70825465778208,127.74594186118628,128.07787270098183,3300700
2024-09-05,128.2828826904297,129.79611609145329,127.59949128581704,128.7905512610628,2726000
2024-09-06,125.54930877685547,128.96628047097255,124.9830659656412,127.40423030922184,3562200
2024-09-09,125.41263580322266,127.8728448012161,125.14903666171801,126.32056688411703,3616300
2024-09-10,127.00396728515625,127.07231387724705,125.41264470300379,125.79339242472322,2732500
2024-09-11,127.14063262939453,127.2870832131876,124.10441602765937,126.42795412474152,3283800
2024-09-12,128.89793395996094,129.57156790638905,127.01372528946091,127.20897783558725,3978800
2024-09-13,130.0206756591797,130.2061708323824,128.2341003201012,128.751526383868,2670100
2024-09-16,131.41673278808594,132.0708370146483,130.6552374260095,130.8016731122494,3069300
2024-09-17,130.4014129638672,131.24099744258754,129.17129358993512,130.90906661656115,3969000
2024-09-18,130.19639587402344,131.09456957872632,128.63434558082628,130.09876214439274,2960900
2024-09-19,130.66500854492188,132.10991031917868,130.15735484816616,131.21172169331481,2691500
2024-09-20,131.5729522705078,131.74867510933572,129.62039683384685,129.85469395228407,11579600
2024-09-23,132.42230224609375,132.8616242171796,131.4948414411758,131.50459885499905,2638400
2024-09-24,133.96482849121094,134.66774963380604,133.11547165091505,133.2326202090757,3145300
2024-09-25,133.35952758789062,134.61891915116666,132.81279961254384,133.9745723528328,3579900
2024-09-26,136.13217163085938,137.38180595716221,134.28700728211408,134.296764696745,4111100
2024-09-27,134.0429229736328,135.98570594359427,133.79885356359227,135.70259198254564,2956100
2024-09-30,133.4571533203125,134.67750039693718,132.0220239664567,134.56035184456198,3814000
2024-10-01,133.80860900878906,134.0819655522682,131.69984576182355,132.77375710893034,3050500
2024-10-02,132.21730041503906,133.96484608681658,132.1587261282653,133.96484608681658,2624900
2024-10-03,131.5827178955078,132.38327282496445,130.66501439952256,131.79750019868806,2504900
2024-10-04,132.06109619140625,132.7054281886208,130.870036137646,132.61756676583923,2387300
2024-10-07,131.65106201171875,132.06109688366516,130.65525452452522,131.5241411358247,2254200
2024-10-08,131.49484252929688,131.8365307777178,130.1378171558869,131.28981766279222,2882100
2024-10-09,131.8072509765625,132.32467698176478,131.04575553883777,131.3972161175427,2671400
2024-10-10,130.29403686523438,131.29960176984716,129.77659594553236,131.24101259071406,3060100
2024-10-11,131.55340576171875,131.66079689290697,129.94255369070896,130.23542505139156,3103600
2024-10-14,132.53944396972656,132.67612224028417,130.85048786280447,131.21170581424653,2207900
2024-10-15,132.5101776123047,133.70123768400114,131.79749901098356,132.7737767814353,2465800
2024-10-16,133.11546325683594,133.79885463103867,132.11965588481786,132.38325502087272,2021100
2024-10-17,132.4613494873047,133.41811234674566,131.9146363658043,133.36929548300841,2328500
2024-10-18,131.93417358398438,132.8909216009494,131.10433154376554,132.47112932196032,2791400
2024-10-21,131.64129638671875,132.61757419717526,130.5771571485573,132.07086100681036,5940600
2024-10-22,128.60504150390625,137.98706964807369,127.716640227259,136.86435638926127,13082300
2024-10-23,124.87567901611328,129.01508675890355,122.92312369689074,128.10715568593622,8116200
2024-10-24,123.46984100341797,125.8812480964428,122.88407587740406,125.0025892348104,5084900
2024-10-25,121.79063415527344,124.02631081834544,121.54656474814864,123.59674627831549,3774600
2024-10-28,127.19922637939453,127.69713758498473,123.06957550935815,123.64558327715832,5239200
2024-10-29,126.20341491699219,127.1211182837047,124.73899100599631,125.94957319618216,2820400
2024-10-30,124.53398132324219,126.37914558473649,124.39730304079133,125.93982359805985,2737200
2024-10-31,125.4223861694336,126.08624779599111,123.95796974951818,123.98725688617137,3408800
2024-11-01,124.2020492553711,125.47121323522713,123.84082382765018,125.42239637122971,3068700
2024-11-04,122.86454772949219,125.75432884353985,122.50332974549109,124.22157314406574,3642900
2024-11-05,123.51864624023438,124.86591417773518,121.86874206009428,122.52284630454056,3943800
2024-11-06,130.7431182861328,131.21172744862182,126.52560603009843,127.59950264816975,4803200
2024-11-07,129.91326904296875,131.6022251414484,129.33725393002774,130.19638299598927,3906400
2024-11-08,131.1531524658203,131.81702909788714,130.0401964003352,130.2842658436154,3465700
2024-11-11,129.8449249267578,132.12941100812847,129.63014265618645,131.65104450288587,3791300
2024-11-12,127.2578125,130.0401951893948,125.42240553664286,129.6496900425095,3144600
2024-11-13,128.33169555664062,129.9132754972646,127.71665076005648,128.8784086632998,2675500
2024-11-14,129.1810760498047,130.14758146604157,128.6441203203309,128.74173915498875,2283900
2024-11-15,127.38495635986328,128.81790883040594,127.30645195625361,127.69903387846345,1928800
2024-11-18,127.75791931152344,127.96403455453282,126.18757665103995,127.3751466968263,2433000
2024-11-19,125.81462097167969,126.86478591115127,125.62813930623041,126.61941845156879,2600500
2024-11-20,125.47109985351562,125.81462028547399,124.74481427375848,125.6281386210418,1700600
2024-11-21,124.96073913574219,126.19739322491412,123.97926930040397,125.36314536248075,2544800
2024-11-22,126.04035949707031,126.09924529337871,124.02835074698376,125.32389068191502,3052400
2024-11-25,127.90515899658203,128.1799693585529,125.18648329846852,126.81572685589694,5074700
2024-11-26,130.4864044189453,130.7612147596057,127.24755114568755,127.58126225309547,3080300
2024-11-27,130.02511596679688,133.0382354657695,129.9073443821733,131.42862557973757,2579600
2024-11-29,131.0556640625,131.26177931446625,129.59326863713835,130.39808107924154,1618300
2024-12-02,130.4275360107422,131.2912343256629,129.92699174698168,131.05567615540025,3001900
2024-12-03,128.71975708007812,130.76121604217917,128.3173658476188,130.42751990753857,2378400
2024-12-04,128.03274536132812,128.95532946278536,126.58017410373704,128.50384671967402,2503400
2024-12-05,130.85939025878906,133.06769764676434,128.03275200984697,128.39590607513432,4171800
2024-12-06,130.64344787597656,131.73287997135506,129.75030674869384,130.78085305124768,1912300
2024-12-09,129.05348205566406,131.3697516099702,128.83755748039502,130.63364918774633,3442400
2024-12-10,127.36534881591797,128.17997060253808,125.23555351393252,127.70885428369452,3225700
2024-12-11,127.36534881591797,128.24866570567673,126.86478959915189,127.85608374934876,4089500
2024-12-12,127.34571075439453,128.2486612030811,126.38387451193033,127.2475577807377,2915300
2024-12-13,127.51256561279297,127.74812377647703,126.52128642070119,127.29664104009306,2382000
2024-12-16,127.07089233398438,127.78736107287206,126.4721951751768,127.49291714663158,3097800
2024-12-17,125.6772232055664,126.9629463734416,125.2846337494761,126.03055296724557,2693200
2024-12-18,123.20391082763672,126.97275151107944,123.04687954317035,125.8342578506514,3748900
2024-12-19,124.77425384521484,125.37295102641608,123.38056851665672,124.30315253123312,3038100
2024-12-20,126.88442993164062,127.93460993348263,123.41984231561568,124.02835636109006,8351300
2024-12-23,126.58997344970703,126.79608870178741,125.38276976192479,126.11887212843315,2067400
2024-12-24,127.94441223144531,127.94441223144531,125.71647144406377,126.35443584209335,803200
2024-12-26,128.74920654296875,128.96513110605375,126.8353433483892,127.91496616381421,1484900
2024-12-27,127.76773071289062,128.74920050780068,126.81571878978521,127.50274465101413,1842600
2024-12-30,126.73721313476562,127.51256776725798,125.5496279648506,126.72738885108659,2154000
2024-12-31,126.69794464111328,127.64016232597768,126.2759197764629,126.80590692817023,2220300
