Price,Close,High,Low,Open,Volume
Ticker,MRK,MRK,MRK,MRK,MRK
Date,,,,,
2010-01-04,20.78848648071289,20.923294339230704,20.530105313277726,20.681763873414944,14563532
2010-01-05,20.87273597717285,21.03562903807868,20.74354430940288,20.95137330967714,15452550
2010-01-06,21.153594970703125,21.19291253055122,20.72670224610878,20.900829925776435,15971415
2010-01-07,21.187288284301758,21.2883947127622,21.007544520621856,21.04686431101258,12488597
2010-01-08,21.17605972290039,21.282782332054254,21.02440116012582,21.27154778225842,11283921
2010-01-11,21.260318756103516,21.299636318107282,21.063724209395783,21.277169460614125,10041726
2010-01-12,21.091808319091797,21.338954965898903,20.96261659744809,21.243466897007586,11445942
2010-01-13,21.866943359375,22.114092155076822,21.400733257060487,21.51869038164977,26593419
2010-01-14,22.462350845336914,22.53537204796559,21.96243697631654,22.041076576416682,23081466
2010-01-15,22.170263290405273,22.619622754369797,21.91188216001624,22.456729667987375,21854258
2010-01-19,22.81620979309082,22.939785289523908,22.153405361439887,22.215191986875666,20908334
2010-01-20,23.04651641845703,23.113919218343028,22.451114540173,22.827452827702803,21843150
2010-01-21,22.512893676757812,23.344209568384088,22.49604298240885,23.074593967677448,26803019
2010-01-22,21.8332462310791,22.630858769950006,21.777075733050363,22.41179517497538,18301853
2010-01-25,21.771453857421875,22.32191740757844,21.748984765892885,22.063536328365988,16116039
2010-01-26,21.670347213745117,21.878176203222164,21.434432982926655,21.625411276711212,20817158
2010-01-27,21.70404815673828,21.78268772909432,21.3220938226219,21.619794680016447,18322289
2010-01-28,21.32771873474121,21.87256858734107,21.31086803247397,21.760227578142583,14008197
2010-01-29,21.445667266845703,21.91187732718749,21.153584802470874,21.4906032033312,16893655
2010-02-01,21.51308250427246,21.698442488159664,21.38389078347776,21.659122682988365,9666647
2010-02-02,22.209583282470703,22.31068972414957,21.400736240164328,21.54677862863799,15857288
2010-02-03,21.74898910522461,22.14218032093638,21.608565114617576,22.13094577293038,18305311
2010-02-04,20.839031219482422,21.631025058113533,20.681754334304987,21.56362228272431,26547307
2010-02-05,20.631206512451172,20.82780097534231,20.120060459821815,20.81095027801587,24074970
2010-02-08,20.552574157714844,20.827806023357716,20.344745097714082,20.546955760202966,10705949
2010-02-09,20.485172271728516,20.878361353560322,20.400918751657642,20.743553475884024,17965864
2010-02-10,20.333507537841797,20.60873936273612,20.08635871409891,20.50201677256154,17627884
2010-02-11,20.715463638305664,20.782866432146033,20.148147059379863,20.344741535497153,15123478
2010-02-12,20.73793601989746,20.867127736638274,20.271725752925562,20.575042897246092,18766955
2010-02-16,21.153594970703125,21.44567757547791,20.928915180275272,21.18729637787659,21768951
2010-02-17,20.973840713500977,21.29962456352128,20.87273429667177,21.192901996808903,12534918
2010-02-18,20.945756912231445,21.06371403237722,20.7997145496165,20.940138516400484,12942590
2010-02-19,21.058095932006836,21.136735510248645,20.86711987343594,20.912055812904722,13004003
2010-02-22,20.850271224975586,21.265929312049007,20.55818868106073,21.265929312049007,18421115
2010-02-23,20.507638931274414,20.861508164545352,20.445850029832133,20.726700302927224,16699670
2010-02-24,20.743549346923828,20.805335997864933,20.37282944127721,20.614359893342414,17913988
2010-02-25,20.541332244873047,20.591884330983397,20.24924753695969,20.468311067894707,17854252
2010-02-26,20.715463638305664,20.81656782906622,20.468314821245936,20.61435720198295,13800483
2010-03-01,20.93452262878418,21.024394507588347,20.799714810577925,20.799714810577925,12373107
2010-03-02,21.001922607421875,21.17043177824443,20.962602827820017,21.108645157128205,12842402
2010-03-03,20.900827407836914,21.260315029213718,20.8390407536081,21.170443123869518,13186879
2010-03-04,20.86151123046875,20.99631911189899,20.715471043091544,20.94576699844876,12421839
2010-03-05,21.058095932006836,21.097415721127742,20.743544355725344,20.90643741699493,10342502
2010-03-08,20.979455947875977,21.08617850993116,20.844648146507065,21.058093270617434,12625570
2010-03-09,20.805335998535156,20.951378398343806,20.687381093910812,20.900826296361945,15401198
2010-03-10,20.59749984741211,20.827795646029177,20.50200959291318,20.75477447925756,20357505
2010-03-11,20.932388305664062,20.972117572358236,20.489673258193246,20.631569979463453,16049177
2010-03-12,21.09130096435547,21.1140030686831,20.847241430185004,21.02886734110962,17172738
2010-03-15,21.42617416381836,21.454553496975002,21.000488704620697,21.023190809700427,18251863
2010-03-16,21.534019470214844,21.56807377059872,21.227526228606905,21.437531529435017,19187937
2010-03-17,21.61347007751465,21.624822261986143,21.32400412248189,21.562388651006085,12983986
2010-03-18,21.82347869873047,21.829155926393454,21.49995840866907,21.6077985053562,13097275
2010-03-19,21.602127075195312,22.04483972050537,21.4829347727895,21.602127075195316,32252934
2010-03-22,21.738344192504883,22.158352416535564,21.585097611306725,21.613474674908367,16215914
2010-03-23,21.85186004638672,21.993754445843095,21.709965646930343,21.89159156739099,12927185
2010-03-24,21.57373809814453,21.85752679039595,21.556710958135458,21.812120327346705,12930643
2010-03-25,21.443191528320312,21.761036737979303,21.431839346420897,21.755361781567064,13808029
2010-03-26,21.244548797607422,21.53401482660274,21.1991423171949,21.46590624052197,14149782
2010-03-29,21.50563621520996,21.573747072654996,21.32968751587282,21.32968751587282,11693898
2010-03-30,21.375097274780273,21.545371040883005,21.289959257190684,21.545371040883005,10397313
2010-03-31,21.199146270751953,21.335365737393907,21.034547464925037,21.27860705902398,13588787
2010-04-01,21.40346908569336,21.499959269067524,21.284279067062037,21.36373983584155,10621794
2010-04-05,21.221839904785156,21.55103508068594,21.187783353560686,21.534007939611353,10966796
2010-04-06,21.142379760742188,21.301303547493546,21.096973288681173,21.301303547493546,12864095
2010-04-07,20.88129234313965,21.233191921358504,20.750747889877974,21.216164778598376,19274921
2010-04-08,20.875619888305664,21.0118393157954,20.78480693664584,20.909674177909146,12922154
2010-04-09,20.983455657958984,21.142377156056014,20.87561558373414,20.88696776761974,10552941
2010-04-12,20.91534423828125,21.051563633869513,20.886967182974555,20.97778011336673,11175662
2010-04-13,20.830217361450195,20.960759586036897,20.76210650025503,20.824540132722795,12493942
2010-04-14,20.552099227905273,20.852917441694554,20.438584162384867,20.852917441694554,20934534
2010-04-15,20.455608367919922,20.716695023249642,20.410201894424503,20.557773500553527,21771152
2010-04-16,20.268310546875,20.529397241251452,20.07533243838979,20.427232093338574,21576538
2010-04-19,20.376150131225586,20.421556610346975,20.029925444290516,20.251282880910765,13147998
2010-04-20,20.466968536376953,20.659944422192872,20.35912840339848,20.461291306803414,10639506
2010-04-21,19.717756271362305,20.53507294619744,19.695054164932714,20.483991504923786,38975015
2010-04-22,19.16720199584961,19.666673257191132,19.16152703696511,19.621266778887357,40059695
2010-04-23,20.126407623291016,20.29668130418059,19.036654704152543,19.20692838504212,43319185
2010-04-26,19.865327835083008,20.410205616390876,19.808569165594413,20.194525395225536,27871979
2010-04-27,19.570188522338867,20.13776845884387,19.530456996462238,19.78019380225937,20457694
2010-04-28,19.615591049194336,19.751810478752823,19.41126077031869,19.58153448999784,17689716
2010-04-29,20.007225036621094,20.211555367713775,19.853980691916206,19.853980691916206,19118454
2010-04-30,19.888029098510742,20.3193894733439,19.882351871004573,20.05262558375052,16476342
2010-05-03,20.018573760986328,20.10938672151431,19.888031548399866,20.02992594832133,13021190
2010-05-04,20.325063705444336,20.637234058552732,20.20587369913453,20.20587369913453,33995967
2010-05-05,20.200197219848633,20.302362355258754,19.80856609167297,20.103709311952034,22489661
2010-05-06,19.45099449157715,20.19452534517626,17.42473109826386,20.09803742254566,32246750
2010-05-07,19.008275985717773,19.422610311156003,18.70178287822769,19.246659387705865,27703775
2010-05-10,19.439640045166016,19.785864711253375,19.235312035961247,19.25233918097199,24561976
2010-05-11,19.019636154174805,19.36018482463208,18.747197217808985,18.9288231753862,25819786
2010-05-12,19.093412399291992,19.320444745796824,18.97422126828026,19.280715503330647,20002442
2010-05-13,18.906116485595703,19.155850997219236,18.792600282794993,19.116121744411526,15354353
2010-05-14,18.66205596923828,18.928818748406073,18.54853977230114,18.928818748406073,22117621
2010-05-17,18.60529136657715,18.76421399157715,18.264742884434288,18.684753246345956,16146222
2010-05-18,18.361234664916992,18.73016252633369,18.33285533683776,18.71313538330126,19165195
2010-05-19,18.514488220214844,18.67341092918234,18.20231889694896,18.276104724032706,22192134
2010-05-20,18.0604190826416,18.47475347418655,18.020688698394263,18.293127563869636,25881198
2010-05-21,18.185287475585938,18.24772109866523,17.61770650546067,17.708519460680712,26721694
2010-05-24,18.083118438720703,18.338530103897725,17.941224077655868,18.08879453083385,13930016
2010-05-25,18.19663429260254,18.20798647663189,17.65175782263574,17.765272855703163,21679766
2010-05-26,18.400964736938477,18.64502421641526,18.07176727989173,18.151228030845136,27518803
2010-05-27,19.082061767578125,19.11044109346052,18.605292723274523,18.68475460883769,32049098
2010-05-28,19.121789932250977,19.3658493982118,19.01394986141307,19.09341060796596,26192454
2010-06-01,19.030982971191406,19.309096805893883,18.906115720433228,18.974225439357138,21756061
2010-06-02,19.502077102661133,19.513429291027062,19.03098511077543,19.08774378352885,16971522
2010-06-03,19.462345123291016,19.61559170301782,19.292069128860422,19.541805892579745,13739385
2010-06-04,18.826656341552734,19.252342992871288,18.724492316722216,19.21261146726229,19078316
2010-06-07,18.906116485595703,19.025308782170956,18.78692418902045,18.838006763915278,14809288
2010-06-08,19.189908981323242,19.223963277416946,18.78692558062695,18.9628754243667,16223983
2010-06-09,19.133136749267578,19.37152119113881,19.008268438159476,19.218272429168287,13463761
2010-06-10,19.66667938232422,19.740465216182738,19.29207525237967,19.377213276618726,19612901
2010-06-11,20.00525665283203,20.142986526216536,19.643714874859185,19.71258095866947,18989865
2010-06-14,20.097078323364258,20.22906802965264,20.056906246447298,20.114294272261166,14311802
2010-06-15,20.670948028564453,20.688163974404585,20.1028126388967,20.13150664670887,22954658
2010-06-16,20.66521453857422,20.762772350489847,20.487312570007244,20.493052749331678,18167394
2010-06-17,20.57912826538086,20.80294015134169,20.257758587564112,20.739814251407168,18747358
2010-06-18,20.470096588134766,20.65947662081478,20.361060711979043,20.60208859307924,20582510
2010-06-21,20.154462814331055,20.745552034988023,20.033948898953106,20.682426135358785,16317989
2010-06-22,20.160198211669922,20.498783792049082,20.125766324161837,20.194630099178006,17187095
2010-06-23,20.326623916625977,20.464353773472226,20.045426319236636,20.200372121409192,13624629
2010-06-24,20.435667037963867,20.487314892320203,20.183161063447493,20.1889012434226,17217592
2010-06-25,20.61930274963379,20.74555456428488,20.24628519026061,20.429925027657156,35498904
2010-06-28,20.62504768371582,20.73982376843642,20.41271605660917,20.734083587658237,14404341
2010-06-29,20.332365036010742,20.544698885885612,20.085599290003774,20.401231122511092,23962206
2010-06-30,20.06838607788086,20.280719956703415,19.942134245360354,20.269241891682515,22218753
2010-07-01,19.764232635498047,20.022476484977858,19.310873148210977,19.988044583510288,26815386
2010-07-02,19.637975692749023,19.798659387294556,19.3108681254154,19.775705557032012,17809188
2010-07-06,19.884750366210938,19.907706501045727,19.540426697584635,19.672416443055376,15630396
2010-07-07,20.332365036010742,20.349580984076795,19.752751509430407,19.953609590085343,17699882
2010-07-08,20.57912826538086,20.584868443525007,20.274974533524812,20.584868443525007,16314426
2010-07-09,20.831636428833008,20.889022156875203,20.498788652702125,20.607824518489252,12569083
2010-07-12,20.71112632751465,20.79720837684156,20.56765853953967,20.7742522459931,13223245
2010-07-13,20.917715072631836,21.06118512081463,20.676689521309534,20.734075246346652,13523497
2010-07-14,20.774255752563477,20.871813589545255,20.561921830438962,20.77999363912584,11736657
2010-07-15,20.940675735473633,20.980845522280028,20.602090019174874,20.80294583591635,11518673
2010-07-16,20.607824325561523,21.11857404827916,20.590608377886426,20.96362593073109,17374792
2010-07-19,20.54469871520996,20.722600667474804,20.48157280808015,20.625040570262804,10604188
2010-07-20,20.4643611907959,20.4643611907959,20.200379443052476,20.384019318741228,14684262
2010-07-21,20.19463348388672,20.481571281095782,20.074121857410155,20.361057360383256,13429491
2010-07-22,20.188894271850586,20.38401214465797,20.085596304571876,20.292192239129296,16482944
2010-07-23,20.01099967956543,20.183161491978506,19.747017927967157,20.183161491978506,16431802
2010-07-26,20.24054718017578,20.257763129996842,19.976565459192205,20.08560133754985,10096956
2010-07-27,20.188894271850586,20.424181919429383,20.085596304571876,20.269236115629223,13285810
2010-07-28,19.93639373779297,20.32089170289493,19.867529937273257,20.165943563252725,10175870
2010-07-29,20.12002944946289,20.2577593163392,19.856047778175615,20.085597556302798,15270722
2010-07-30,19.775707244873047,19.87326504672818,19.408427575438058,19.71258133846842,22764656
2010-08-02,20.12576675415039,20.1544607590987,19.82735093807646,20.005252851061737,12688031
2010-08-03,19.9823055267334,20.22907132484618,19.787189877961104,20.142991566339767,15282146
2010-08-04,20.19463348388672,20.22906537716574,19.827353837614627,19.959345820832144,13764013
2010-08-05,20.12576675415039,20.177414586515976,19.91343295292139,20.085594688375632,10545710
2010-08-06,20.074132919311523,20.085608693904312,19.798670738577368,19.982310662908656,12218422
2010-08-09,20.29219627380371,20.338106235696273,20.120032196029403,20.120032196029403,10796496
2010-08-10,20.527484893798828,20.65373672113731,19.98230321140248,20.20037726090284,12434206
2010-08-11,20.022476196289062,20.37253997412611,19.9823041156651,20.26350409155989,13039321
2010-08-12,20.108558654785156,20.22907031065223,19.8560526892737,19.884746705416127,9597479
2010-08-13,20.085599899291992,20.171681936469653,19.88474410678033,19.970826143957993,9172306
2010-08-16,20.06838607788086,20.085602028293977,19.850314313666082,19.953612310381253,7217052
2010-08-17,20.39549446105957,20.44140442856536,20.05117085188443,20.194638640001312,11189496
2010-08-18,20.297941207885742,20.424193073376685,20.102823228521608,20.36680732175893,9571174
2010-08-19,19.919178009033203,20.28071984848894,19.798664062547957,20.25776371856963,12061327
2010-08-20,19.764232635498047,19.907702715340445,19.655196751359725,19.8273585529341,12782875
2010-08-23,20.06838607788086,20.211853860814482,19.833098363252965,19.913440229926334,10455477
2010-08-24,19.764232635498047,19.9708286327765,19.60928678465746,19.947872502307114,11799642
2010-08-25,19.821619033813477,19.92491702393928,19.52320312772478,19.7527529423175,11114878
2010-08-26,19.787187576293945,19.91343940357536,19.672411519320757,19.83309754023595,8903074
2010-08-27,20.085599899291992,20.148725808861123,19.695366378072936,19.873266042976066,10004313
2010-08-30,19.930660247802734,20.206120099101586,19.92492236123952,20.039696152162247,7099466
2010-08-31,20.177413940429688,20.29218995654777,19.80439647651702,19.89047619437003,17379194
2010-09-01,20.441396713256836,20.521738552508968,20.240540968008666,20.303666862723603,13684470
2010-09-02,20.286455154418945,20.52748301674264,19.810139608639744,20.481573056977943,12121482
2010-09-03,20.424184799194336,20.56765485570923,20.246285141046453,20.504526654300996,12049904
2010-09-07,20.349580764770508,20.527482716596033,20.32088904779373,20.527482716596033,26548250
2010-09-08,20.550434112548828,20.659472259924648,20.28071456875076,20.2864524526186,23207750
2010-09-09,20.705387115478516,20.791466865054385,20.538963207316637,20.653736971496595,12119596
2010-09-10,21.03249740600586,21.066929310180477,20.72834356591116,20.739821632048262,11760656
2010-09-13,21.00350570678711,21.235460574166197,20.875931109297017,21.235460574166197,11453173
2010-09-14,21.17746353149414,21.2818437632031,20.910716111147043,20.93391043026416,13468058
2010-09-15,21.171663284301758,21.38042140729108,21.01509411249163,21.177461283897493,12042882
2010-09-16,21.125282287597656,21.229660239142135,20.991907369592656,21.160074938112484,9526006
2010-09-17,21.067285537719727,21.363027599010884,20.968705623380274,21.165865452059176,17186571
2010-09-20,21.189064025878906,21.24705098876218,21.009298181603633,21.0846837834522,11028942
2010-09-21,21.293445587158203,21.421020158985208,21.09048309054032,21.189065338266495,12841039
2010-09-22,21.432613372802734,21.484802325676856,21.241249242385745,21.287640195475834,12992790
2010-09-23,21.258647918701172,21.45001207035041,21.177464321354183,21.26444823740137,11111525
2010-09-24,21.65297508239746,21.681969724908956,21.29924368933964,21.35143265489643,12195052
2010-09-27,21.531200408935547,21.734160606131926,21.531200408935547,21.693567639383303,11592766
2010-09-28,21.60078239440918,21.7341572776374,21.46740982945398,21.623979034219747,13333285
2010-09-29,21.5253963470459,21.606582266430024,21.374627464488885,21.513800345653568,9904858
2010-09-30,21.345630645751953,21.792143883697964,21.247048416068473,21.577585424017883,14353408
2010-10-01,21.223854064941406,21.363026931688264,21.078883198099035,21.316635976105978,12305511
2010-10-04,21.17746353149414,21.310838400804077,21.04409098045698,21.16006721258811,9678175
2010-10-05,21.467409133911133,21.54279473344346,21.28184529453092,21.374627214221025,11181322
2010-10-06,21.46161460876465,21.58339120101671,21.351436339173155,21.479010933618717,7903282
2010-10-07,21.287643432617188,21.68196775298283,21.24125247247258,21.658771113774044,14564894
2010-10-08,21.40361213684082,21.45000307562476,21.229644377697127,21.351420881788954,9097478
2010-10-11,21.3746280670166,21.45581167041624,21.264449822772878,21.3746280670166,5843858
2010-10-12,21.24704933166504,21.351429565950937,21.061487819328647,21.264447969273384,11570339
2010-10-13,21.548595428466797,21.681970324050617,21.328238921218077,21.374629886863765,10230890
2010-10-14,21.542802810668945,21.676175421309406,21.36303690451586,21.612388117390264,10002531
2010-10-15,21.426820755004883,21.710964575443562,21.31664249160471,21.61238463405221,15746619
2010-10-18,21.58918571472168,21.594983715355713,21.403621875157246,21.403621875157246,11109953
2010-10-19,21.17746353149414,21.48480390813716,21.05568698087915,21.455809270536186,10869961
2010-10-20,21.45001220703125,21.60078108355841,21.206459095165485,21.22965341529548,10133426
2010-10-21,21.513797760009766,21.542792396551796,21.21225539459078,21.513797760009766,10870904
2010-10-22,21.513797760009766,21.542792396551796,21.426813850383667,21.496399123466393,6634469
2010-10-25,21.69936180114746,21.85013066712595,21.62397620902186,21.629774209080477,11167488
2010-10-26,21.49640464782715,21.647175869283338,21.39202671137898,21.63557986630462,7444363
2010-10-27,21.14267349243164,21.38622662359793,20.951309324398245,21.38622662359793,12701131
2010-10-28,21.421024322509766,21.490609623113837,21.258654757310925,21.264455077877003,10344074
2010-10-29,21.055686950683594,21.30503805176707,20.887519443802763,21.2992400515643,15961669
2010-11-01,21.020891189575195,21.29923688686064,20.864322024636184,21.13106940496663,10131540
2010-11-02,21.229658126831055,21.374631353340977,21.17167115450048,21.206463801553504,10462813
2010-11-03,21.171663284301758,21.32243213824362,20.89911557439671,21.299237821588154,9966690
2010-11-04,21.25285530090332,21.42682085878442,21.131078714904515,21.374631886902126,12430433
2010-11-05,20.701963424682617,21.305046085829314,20.539596175049173,21.264455432557778,23583144
2010-11-08,20.655561447143555,20.765739661759458,20.62656913236877,20.672960081589803,14344186
2010-11-09,20.325029373168945,20.725151650575405,20.284438736388566,20.614973422028697,22320933
2010-11-10,20.27284812927246,20.400422724718382,20.168467861055987,20.325037104243908,19982216
2010-11-11,20.417823791503906,20.533802409406544,20.20906552486294,20.238057861064473,14792939
2010-11-12,20.127864837646484,20.330824952197908,19.942301039396906,20.31922895351163,24896602
2010-11-15,20.029287338256836,20.272840432199946,20.017689019908904,20.12786724853252,13741795
2010-11-16,19.774139404296875,19.97129923641471,19.681355170342876,19.89591364013966,23091213
2010-11-17,19.98869514465332,20.672963497431105,19.977096825863544,20.18585729098837,20993746
2010-11-18,20.464202880859375,20.493197518482845,20.209053779009274,20.377218967988963,16417654
2010-11-19,20.48739242553711,20.50479105867477,20.249639698013304,20.469996110671683,16375105
2010-11-22,20.638164520263672,20.667159152452886,20.400411781893396,20.580177574157588,15256050
2010-11-23,20.18585968017578,20.516394417760413,20.127870397636105,20.49320009570838,19217176
2010-11-24,20.38302230834961,20.394618310499933,20.185860134243516,20.19165813531868,11182894
2010-11-26,20.174259185791016,20.232248462081063,20.00609167551356,20.017689994426135,7456101
2010-11-29,20.11627769470215,20.145270022453495,19.88432284477723,20.052488082483528,13967220
2010-11-30,19.98869514465332,20.11627201479529,19.90171354941197,19.977096825863544,40543452
2010-12-01,20.330825805664062,20.365620758000833,20.104671365973935,20.151062317483774,34710598
2010-12-02,20.423612594604492,20.50479851787313,20.301838346247695,20.388819952216835,39504255
2010-12-03,20.470003128051758,20.48160144802884,20.307635921464726,20.464205127199733,11352774
2010-12-06,20.441009521484375,20.498998806030798,20.32503327066468,20.470004163757586,11176082
2010-12-07,20.510597229003906,20.65556812282065,20.44100962354612,20.56858651383987,19084394
2010-12-08,20.527992248535156,20.603377850384923,20.412016004493747,20.493199607150032,8952750
2010-12-09,20.684560775756836,20.684560775756836,20.446807976379347,20.58598085563584,9241054
2010-12-10,20.870126724243164,20.875927043719045,20.585982936393272,20.70195918835968,12588576
2010-12-13,21.157299041748047,21.23348908580578,20.922869038113244,21.00492129664396,19718330
2010-12-14,21.421035766601562,21.544111826772248,21.16316390187188,21.215909780654314,17262866
2010-12-15,21.485496520996094,21.678902697636616,21.333116464978925,21.333116464978925,15964184
2010-12-16,21.590993881225586,21.61443805173421,21.33311972068694,21.44447601608604,10479476
2010-12-17,21.38001251220703,21.56755890683529,21.16902662564472,21.473784538015167,19634385
2010-12-20,21.3917293548584,21.491363572226717,21.31553930969842,21.485501357668927,11236132
2010-12-21,21.204181671142578,21.503079585377623,21.192461930082736,21.491359844317785,10432002
2010-12-22,21.227632522583008,21.321404538650906,21.157302339026206,21.233492394957846,9043297
2010-12-23,21.268657684326172,21.438617405531318,21.227631550545695,21.24521350987686,7592865
2010-12-27,21.233497619628906,21.30382782049101,21.12800348984191,21.180751726241567,4548110
2010-12-28,21.215911865234375,21.356569898819632,21.157303765487544,21.31554376039447,5679846
2010-12-29,21.221769332885742,21.303821600436873,21.198327501450876,21.24521350733225,5243144
2010-12-30,21.10455894470215,21.215912934023642,21.08111476641761,21.163167047401465,5359158
2010-12-31,21.12213706970215,21.24521312580698,21.057669105649445,21.075251064662766,5755406
2011-01-03,21.12213706970215,21.555833202069355,21.092833023676082,21.268657299832473,20498356
2011-01-04,21.303815841674805,21.33311753729476,21.01077779837619,21.23934789389109,14594553
2011-01-05,21.42689323425293,21.43861532033746,21.09869356797749,21.122135397135136,15217274
2011-01-06,21.71993064880371,21.766816648663607,21.426892563926536,21.426892563926536,12565834
2011-01-07,21.8898983001709,21.8898983001709,21.602722356073233,21.78440418770182,13365668
2011-01-10,21.80198860168457,22.048140777463644,21.778546764616763,21.837154871804582,11238438
2011-01-11,21.655467987060547,21.8723160823126,21.50895008030112,21.825430070988155,10725861
2011-01-12,21.772689819335938,21.82543571709151,21.63789162327724,21.801991533858466,13507567
2011-01-13,20.330944061279297,20.969764045424505,20.225449928580705,20.858410038747476,77860531
2011-01-14,20.06134033203125,20.366100527470202,19.9968723698449,20.295770350441394,43755467
2011-01-18,19.850353240966797,20.10236520206254,19.621784280240558,19.967567071308626,61805800
2011-01-19,19.873798370361328,20.01445639593806,19.750724648116986,19.99687443561744,31174437
2011-01-20,19.955842971801758,20.008588832488872,19.762436796593942,19.80932278709722,22645184
2011-01-21,19.86794090270996,20.055484959512313,19.8562188134068,20.032043123918047,21779850
2011-01-24,19.809329986572266,19.920683961611527,19.79174802661993,19.920683961611527,20575908
2011-01-25,19.551454544067383,19.838630409167752,19.510428416333916,19.79174441019149,34185760
2011-01-26,19.457683563232422,19.76830361556371,19.445961477122783,19.58075843834941,27418195
2011-01-27,19.486984252929688,19.592478330078162,19.481124382036885,19.5455923339023,16217695
2011-01-28,19.381488800048828,19.65108265687551,19.340463851663102,19.627639661868606,16927191
2011-01-31,19.44010353088379,19.51629358821644,19.381496605516602,19.51043254422795,14836431
2011-02-01,19.926544189453125,19.949986019380894,19.281861064278594,19.539734080047257,22434012
2011-02-02,19.82105255126953,19.944128616909815,19.69211661317467,19.867938559941457,14453492
2011-02-03,19.281864166259766,19.393218148106662,19.05329515838826,19.33461122084732,42170367
2011-02-04,19.275997161865234,19.410792927539458,19.2115280427745,19.275997161865234,26485894
2011-02-07,19.34047508239746,19.358057045985877,19.188094940614928,19.30530998371453,15175354
2011-02-08,19.498716354370117,19.516298319091664,19.369780384403867,19.42838732397775,12437874
2011-02-09,19.39322280883789,19.51043786303254,19.293590891402097,19.47527393252725,14831610
2011-02-10,19.363910675048828,19.422517588400368,19.27599971926869,19.410795502826666,11355394
2011-02-11,19.381488800048828,19.41665270680647,19.258412783386227,19.32288189828428,11196832
2011-02-14,19.23497200012207,19.35218698863461,19.19394704701907,19.322884120135644,13018990
2011-02-15,19.217390060424805,19.234972015839663,19.1353389826462,19.22325110273161,17764858
2011-02-16,19.3170223236084,19.45181926225834,19.152921346098093,19.18808525552612,14758146
2011-02-17,19.399076461791992,19.428380507049972,19.164646442739674,19.317026540876565,11475600
2011-02-18,19.25255584716797,19.463541662876892,19.223251806067328,19.37563071108057,17840418
2011-02-22,18.953664779663086,19.223258775312523,18.90677759400011,19.193954723587925,18610174
2011-02-23,18.807144165039062,19.11190206080091,18.777840115694524,19.05915617778786,17581458
2011-02-24,18.771976470947266,18.848166520085698,18.666482376523934,18.801280516232165,14612159
2011-02-25,18.865751266479492,18.90677623303722,18.75439728374882,18.78956120608232,9403180
2011-02-28,19.088457107543945,19.1119001103259,18.865749166868266,18.871610210440206,17470894
2011-03-01,19.02398109436035,19.328740001592497,19.012260183681004,19.106032155137047,23209008
2011-03-02,19.09431266784668,19.1587806141075,18.93021169549748,19.018122637808183,13020876
2011-03-03,19.399076461791992,19.48698742606017,19.11776043892921,19.14706448418719,39781451
2011-03-04,19.375633239746094,19.55145633779056,19.246697316485136,19.42838028631001,40663238
2011-03-07,19.240835189819336,19.37563214877654,19.17636723181881,19.340468234051045,40392016
2011-03-08,19.328746795654297,19.39321475581451,19.234974791237356,19.328746795654297,12103771
2011-03-09,19.510433197021484,19.621788350504957,19.287725233066404,19.287725233066404,14253848
2011-03-10,19.281864166259766,19.49285121310406,19.246700244205346,19.463547163721426,16065106
2011-03-11,19.4063777923584,19.513104612961964,19.25221827783617,19.25221827783617,12846698
2011-03-14,19.198854446411133,19.32929701046268,19.121774103001574,19.27000407393378,14451501
2011-03-15,18.890527725219727,18.997254506681394,18.80158953079813,18.872740323374344,16905602
2011-03-16,18.428049087524414,18.890528669797714,18.416191214099463,18.85495386432811,24262143
2011-03-17,18.641502380371094,18.74822917234754,18.475483848003687,18.534775588394645,14366613
2011-03-18,18.92017364501953,18.96167797653892,18.77194372027962,18.8430933256302,20414830
2011-03-21,19.204790115356445,19.31744531548664,18.99726712875967,19.026913608329345,15995834
2011-03-22,19.287790298461914,19.424163570040616,19.24628595655294,19.281861953328452,17273241
2011-03-23,19.34708595275879,19.370802892213558,19.216643378355116,19.270005603232008,12905491
2011-03-24,19.400447845458984,19.507173472060533,19.293721033662415,19.465669127559654,12035442
2011-03-25,19.311513900756836,19.50717898757678,19.293726488826483,19.40045333079931,11066042
2011-03-28,19.240360260009766,19.358944964232123,19.20478544134065,19.29372367320862,9491526
2011-03-29,19.436017990112305,19.44787704866079,19.222566788186967,19.264069937522446,10397837
2011-03-30,19.744340896606445,19.851067697854564,19.572394004898772,19.58425187992917,18077057
2011-03-31,19.57240104675293,19.79178188790192,19.566471514506922,19.607975869838317,13218424
2011-04-01,19.60796546936035,19.714691067202338,19.566461136043728,19.59610759635333,11993312
2011-04-04,19.726560592651367,19.78585235953709,19.690984584363672,19.768064947990904,12070864
2011-04-05,19.661331176757812,19.702836702659987,19.57239415038148,19.649473301639272,9685930
2011-04-06,19.77398681640625,19.833278560312184,19.65540214339951,19.73248247715261,13667911
2011-04-07,19.76213264465332,19.821425588420183,19.60204359279506,19.821425588420183,13178705
2011-04-08,19.963726043701172,19.981513450639103,19.80363582567472,19.8629275771995,19267585
2011-04-11,19.916290283203125,20.07045097427417,19.86885759194479,19.969654875707008,11719365
2011-04-12,19.89850616455078,20.023020407118743,19.797710049324575,19.81549745963564,15280050
2011-04-13,19.845142364501953,19.951869188320174,19.785849421226242,19.93408177941552,8199447
2011-04-14,20.076379776000977,20.1831065930431,19.726556410704255,19.768060757245046,15740960
2011-04-15,20.461774826049805,20.734518940129295,20.4261976517347,20.693013421956366,38676230
2011-04-18,20.117887496948242,20.33134115426033,20.0704536142556,20.277976554737098,18642558
2011-04-19,20.01115608215332,20.224609690546302,19.874785182159354,20.123811231431333,15922474
2011-04-20,20.183101654052734,20.295756789322166,20.129739443784977,20.200889057475322,14903294
2011-04-21,20.183101654052734,20.33133396655692,20.13566778812931,20.319474907478668,16567832
2011-04-25,20.355052947998047,20.39655847617085,19.940007147829885,19.981512676002684,10088258
2011-04-26,20.787887573242188,20.84718051171024,20.39062915220845,20.420275621442478,22532000
2011-04-27,21.125850677490234,21.191071946988487,20.781954556145283,20.8708939438554,21360860
2011-04-28,21.208864212036133,21.226651619577545,21.025057050124687,21.131783865763275,14096962
2011-04-29,21.315589904785156,21.49346634121898,21.125854407151742,21.333377311389537,19843880
2011-05-02,21.529033660888672,21.689122634996476,21.451953345505434,21.606113976271907,19269890
2011-05-03,21.588329315185547,21.724700192453657,21.38673480094069,21.487533243257857,18571713
2011-05-04,21.677268981933594,21.78992649661719,21.50532327827812,21.55868549282053,18234257
2011-05-05,21.49346160888672,21.724700214220626,21.446027744922137,21.61204508360343,17279214
2011-05-06,21.57647705078125,21.789930690816718,21.517186480007155,21.659485746177165,13386733
2011-05-09,21.629840850830078,21.689133796312525,21.404530502465267,21.41046121924775,11247974
2011-05-10,21.80178451538086,21.813643576132073,21.641695491604175,21.671341958287254,10061743
2011-05-11,21.718774795532227,21.90851027694698,21.623907054824848,21.80178347605373,12463759
2011-05-12,22.05674934387207,22.09825488647239,21.68913728937918,21.76028930949533,16706692
2011-05-13,21.9855899810791,22.116032528207597,21.849216718833116,21.955943516660856,12047284
2011-05-16,22.116031646728516,22.27019230740312,21.938155237698396,21.973730045426493,19638682
2011-05-17,22.098247528076172,22.139753056855753,21.75435134787392,22.050813653923793,21363061
2011-05-18,22.28205108642578,22.30576683448291,22.003376231819452,22.08638490560382,13604822
2011-05-19,22.163461685180664,22.323550662692014,22.027090822317266,22.293906574965924,11948353
2011-05-20,21.973730087280273,22.222758482630557,21.872934008395468,22.163465556044365,11870696
2011-05-23,21.878864288330078,21.932228875134207,21.712846923670217,21.742493389585874,13201761
2011-05-24,21.86107635498047,21.961872440347907,21.81364248473877,21.872935415138343,12074742
2011-05-25,21.754350662231445,21.855149123122086,21.695060099202156,21.736563256283667,11801947
2011-05-26,21.570539474487305,21.819567824502585,21.404519784347382,21.75434419489779,17826794
2011-05-27,21.46974754333496,21.689129501870116,21.392669573937685,21.564615289166927,10996559
2011-05-31,21.789928436279297,21.79585678162625,21.54682835081449,21.576474818329224,15506732
2011-06-01,21.49346160888672,21.789923851262728,21.46381514761017,21.700984467433077,11847011
2011-06-02,21.434171676635742,21.493464607460858,21.303729125132346,21.451959081805313,11086478
2011-06-03,21.238508224487305,21.36302243326324,21.202931043129997,21.220720819003578,10359690
2011-06-06,21.084348678588867,21.244437706903096,21.04284552036813,21.167357365420322,10100310
2011-06-07,21.09027671813965,21.416383078736494,21.084346003153545,21.23257595157123,10531457
2011-06-08,21.22071647644043,21.31558419986667,21.03098102958795,21.066555833275448,12646635
2011-06-09,21.345239639282227,21.570549984606085,21.220725403605783,21.27408763158553,14247979
2011-06-10,21.019126892089844,21.274083662183966,20.96576467406663,21.274083662183966,12472248
2011-06-13,21.17495346069336,21.270851527281767,20.99514967749718,20.99514967749718,8365136
2011-06-14,21.360755920410156,21.50459945109481,21.174957128081278,21.28284037511335,13224607
2011-06-15,21.079055786132812,21.25886194830823,20.971174964115995,21.25886194830823,12733305
2011-06-16,21.085050582885742,21.19293380005716,20.977167365714323,21.061075469703795,10610057
2011-06-17,21.210912704467773,21.43866428609463,21.085049357759896,21.21690528437823,15770828
2011-06-20,21.450654983520508,21.462640145096696,21.109025164973676,21.150980418711992,11300165
2011-06-21,21.444660186767578,21.558535995214978,21.342771936070935,21.522575718036624,9013953
2011-06-22,21.258865356445312,21.396713894257363,21.228897657945108,21.318800753445725,8071277
2011-06-23,20.959192276000977,21.168963784526095,20.701472925639422,21.055087959673845,20409695
2011-06-24,20.70746612548828,21.01912830476579,20.67749842393665,20.98916060321416,17395647
2011-06-27,20.695478439331055,20.79736669532885,20.599582764483472,20.767398997429726,11374887
2011-06-28,20.923229217529297,20.97716963391058,20.677495063175392,20.731437875630608,10468577
2011-06-29,21.037107467651367,21.150983290604472,20.86928882598549,20.947204367179552,13420793
2011-06-30,21.15098762512207,21.258870888582155,21.03711177883214,21.109032357089063,13363258
2011-07-01,21.336780548095703,21.414693687646686,21.073066243205318,21.079058824378766,10356231
2011-07-05,21.270858764648438,21.390727195539572,21.240891057906968,21.282843930485235,9417747
2011-07-06,21.294822692871094,21.348763105071438,21.198927029354653,21.27684255547098,11326050
2011-07-07,21.414690017700195,21.546548345585162,21.246873812862788,21.43267015421323,12800482
2011-07-08,21.648435592651367,21.690390839975272,21.438664148178884,21.504592111063932,15752383
2011-07-11,21.384723663330078,21.55253985986827,21.282833033363627,21.55253985986827,10741895
2011-07-12,21.354759216308594,21.594498387838648,21.324791520358104,21.420687188970124,12410835
2011-07-13,21.59450340270996,21.858215354597665,21.354764175505494,21.396717042719757,14150201
2011-07-14,21.762313842773438,21.91214992117045,21.588502650031582,21.67840573471406,16066888
2011-07-15,21.534570693969727,21.840237947429163,21.384734556728745,21.77430995120014,15304678
2011-07-18,21.270858764648438,21.46264777485931,21.162975499594097,21.384734612621173,11136782
2011-07-19,21.450654983520508,21.53456309492325,21.162967976362065,21.318799037591358,11879918
2011-07-20,21.330781936645508,21.510585698029566,21.288829083430954,21.510585698029566,8728058
2011-07-21,21.68440055847168,21.8642043503632,21.408701091428146,21.480624045829178,11933576
2011-07-22,21.630462646484375,21.85222172048236,21.54055954208271,21.75033345235326,7946250
2011-07-25,21.51059341430664,21.60648910758764,21.3847324134405,21.39072499574263,12667805
2011-07-26,21.450654983520508,21.582510929449654,21.366746872117766,21.528570514135154,10009762
2011-07-27,21.091041564941406,21.432668931344324,21.043093738284497,21.33078069822595,14979378
2011-07-28,20.93521499633789,21.186939314132893,20.911239882600995,21.132998902335476,14503796
2011-07-29,20.45574378967285,20.79737130856888,20.407795941613344,20.76141102154289,20214348
2011-08-01,20.04218864440918,20.55163471119524,19.658605949047818,20.527659594698154,26725048
2011-08-02,19.71854591369629,19.874375830247345,19.520760729040756,19.874375830247345,27555483
2011-08-03,19.59867286682129,19.916327623414773,19.298999449722697,19.71854247326816,23115002
2011-08-04,18.88545036315918,19.370922603614932,18.84349629740151,19.322974757595528,27442194
2011-08-05,19.00532341003418,19.179134682749243,18.429949153904964,19.041283702023534,31972698
2011-08-08,17.944475173950195,18.909424697555842,17.908513689634663,18.65170531910401,39977218
2011-08-09,18.711631774902344,18.72361933071902,17.662774552597327,18.220167145190555,38925445
2011-08-10,17.866559982299805,18.52584229365069,17.81261955179753,18.28010927300364,35195822
2011-08-11,18.699649810791016,18.909421304539915,17.824602357932633,17.854570056478774,31264774
2011-08-12,18.783554077148438,19.13117643370815,18.699645976070656,18.81352176954913,20668132
2011-08-15,19.257047653198242,19.275027796771937,18.849490943316493,18.969360563869948,19320509
2011-08-16,19.239063262939453,19.382907982847055,18.981343919097398,19.185122840765832,16943016
2011-08-17,19.298994064331055,19.502771739407915,19.101208969376444,19.406877279046952,14691178
2011-08-18,18.61573600769043,19.053259001491682,18.44192484684518,19.029285089583258,24211630
2011-08-19,18.735610961914062,18.855481761673204,18.42994377703213,18.45391769737654,21733634
2011-08-22,18.765579223632812,19.179129661463453,18.693657460446488,18.993332072741403,19959055
2011-08-23,19.14316177368164,19.304986585216344,18.7955406336476,18.849482237492502,23822298
2011-08-24,19.316972732543945,19.352934200728185,18.98133795366237,19.137168985732888,14063217
2011-08-25,19.0952205657959,19.328967197458866,19.00531866025322,19.328967197458866,16844294
2011-08-26,19.13117790222168,19.21508600974027,18.567791471634347,18.93938657299418,19337067
2011-08-29,19.454818725585938,19.520746673655697,19.227067196604406,19.227067196604406,12101046
2011-08-30,19.59867286682129,19.71854247326816,19.23906404748069,19.358933653927558,13414086
2011-08-31,19.83841323852539,19.964276632155876,19.718543625076645,19.748511327948133,15088475
2011-09-01,19.71854591369629,20.072161014902882,19.694571988224023,19.808449032745305,13169063
2011-09-02,19.4008846282959,19.634630009714485,19.358929376781198,19.580688399221927,14013018
2011-09-06,19.328969955444336,19.358936462876283,18.885451748218617,18.957373522522467,18298604
2011-09-07,19.754501342773438,19.78446903993286,19.4907882434519,19.508768382532757,14616351
2011-09-08,19.646621704101562,19.892354709268304,19.56870615645698,19.634635341868584,34980354
2011-09-09,19.083232879638672,19.538737353620277,18.94538314096929,19.538737353620277,29058839
2011-09-12,19.17912483215332,19.209092525444362,18.819516106771303,18.915411766873174,15848590
2011-09-13,19.25191307067871,19.35502578314362,19.076013059809195,19.142733335506392,15363470
2011-09-14,19.48240089416504,19.682561712600492,19.09420845244604,19.373221163714298,16398894
2011-09-15,19.706832885742188,19.7128986985677,19.427820044989826,19.646178394792365,13376567
2011-09-16,19.82206916809082,19.894855250499745,19.676497003272964,19.82206916809082,20506426
2011-09-19,19.56125831604004,19.621912795985512,19.348964605143667,19.4702747774695,13971202
2011-09-20,19.712892532348633,19.913054593498778,19.506665872705096,19.543058313404362,14426454
2011-09-21,19.318634033203125,19.96157846203165,19.300437813030356,19.816006275780065,15321131
2011-09-22,18.881921768188477,19.09421427134031,18.663563453177616,18.912248402613802,24532213
2011-09-23,18.833393096923828,18.942571621537958,18.62716524358047,18.754541199325804,19813593
2011-09-26,19.173063278198242,19.22158734083588,18.809132808415935,18.966835405770905,16230481
2011-09-27,19.494531631469727,19.71288988362984,19.379287301493864,19.427811357529446,15967642
2011-09-28,19.373218536376953,19.8220665924604,19.336826106118497,19.61583999198228,15477598
2011-09-29,19.8099365234375,19.9069846282961,19.543054235076355,19.621906123382583,20233526
2011-09-30,19.834205627441406,20.2102677741826,19.621913125415762,19.652240972115113,25393250
2011-10-03,19.1487979888916,19.846330967520338,19.142732178985256,19.767479076041397,24962941
2011-10-04,19.015357971191406,19.069947840469176,18.524051572560726,18.966833912374415,30077600
2011-10-05,19.082082748413086,19.270111993174986,18.809134567441625,19.069951125401765,26487152
2011-10-06,19.057819366455078,19.1427370896241,18.797002810355288,19.02749273401277,19494058
2011-10-07,19.173063278198242,19.579451999679804,19.148801246879422,19.35502790687203,22922590
2011-10-10,19.621912002563477,19.755352580508713,19.433881546170266,19.706828513540476,15690342
2011-10-11,19.367156982421875,19.65830131996907,19.300435495741382,19.62797348169926,16332975
2011-10-12,19.755353927612305,19.87666531573987,19.500603164875198,19.56125885893898,17136267
2011-10-13,19.834205627441406,19.937319578758256,19.567323243843912,19.700765041860112,14256468
2011-10-14,20.00404167175293,20.01617329649838,19.82814159998898,19.997977071815217,11304357
2011-10-17,19.59764862060547,20.125347509466472,19.5612561791008,19.919120845258913,12003582
2011-10-18,19.888797760009766,20.02223957312879,19.524867195732934,19.634046971233506,13546134
2011-10-19,19.737159729003906,20.052566218159175,19.664374828556962,19.89486357979906,12487339
2011-10-20,19.89486312866211,19.979779652214667,19.59765287135813,19.834207429751697,14220941
2011-10-21,20.22846031188965,20.270918562072506,20.070756507732344,20.113214757915202,18822499
2011-10-24,20.337642669677734,20.355838892832303,20.09502231950042,20.173874236416772,14994050
2011-10-25,19.961578369140625,20.367967084093163,19.906988496441638,20.331574643916976,16442701
2011-10-26,20.343706130981445,20.43468723081988,20.064690958491852,20.210264355537443,16029265
2011-10-27,20.810741424560547,20.96238058375477,20.51353255232966,20.671236307944206,21681024
2011-10-28,21.29598045349121,21.532536071020225,20.998771601228068,21.24745641078283,26889898
2011-10-31,20.92599868774414,21.37484699709052,20.92599868774414,21.24140639426974,18217803
2011-11-01,20.659107208251953,21.016971787778537,20.44075018721409,20.50747045544424,28063868
2011-11-02,20.737964630126953,20.944192511883013,20.598457034407062,20.913864668253925,13182373
2011-11-03,20.944190979003906,21.065499919772243,20.8289466365697,20.925992334262737,15536181
2011-11-04,20.634845733642578,20.871401416116406,20.48927356555156,20.822877360086064,11241896
2011-11-07,20.816810607910156,20.828942226879423,20.513534682891702,20.5620587338999,10046233
2011-11-08,20.907791137695312,20.992710043376167,20.646974673499788,20.835006275533217,15022870
2011-11-09,20.495338439941406,20.96238273339022,20.355830884150322,20.63484357086362,22488927
2011-11-10,21.21106719970703,21.31417989676437,20.798613986608853,20.96844694939374,27712159
2011-11-11,21.817615509033203,21.987450888092848,21.447621767788213,21.447621767788213,31843375
2011-11-14,21.635665893554688,21.68418997470683,21.29599732548972,21.46583282195739,14826894
2011-11-15,21.67204475402832,21.75696366143046,21.435491522337824,21.556800436689823,9350990
2011-11-16,21.283857345581055,21.605329560152644,21.247464905217704,21.32631680925125,13459778
2011-11-17,21.13222312927246,21.338451024512498,20.877471166027107,21.180747197277782,17371858
2011-11-18,21.198944091796875,21.362712523398493,21.192879492430073,21.192879492430073,13199979
2011-11-21,20.707637786865234,20.96238974576076,20.622721275523286,20.859274587466548,17291790
2011-11-22,20.507469177246094,20.75615401831915,20.477141343601055,20.6773021358158,17795564
2011-11-23,20.131420135498047,20.361910121981452,20.131420135498047,20.283058188781723,14395957
2011-11-25,20.113210678100586,20.25878404372061,20.095014462061,20.19206256418472,5141907
2011-11-28,20.780424118041992,20.810749536833416,20.43468864020234,20.46501648386333,16308662
2011-11-29,20.913862228393555,21.174678743332766,20.84714195014113,20.925991424534516,12725235
2011-11-30,21.68418312072754,21.714510964970337,21.35058168379597,21.35058168379597,19327426
2011-12-01,21.641719818115234,21.829749003209606,21.568932528014674,21.672045228715817,13166758
2011-12-02,21.520416259765625,21.781232829292986,21.45369596754884,21.781232829292986,15180490
2011-12-05,21.3869686126709,21.75089780001227,21.265657266977783,21.702373746708822,18033774
2011-12-06,21.471885681152344,21.593197030130337,21.380902169418846,21.490081898525233,14559759
2011-12-07,21.599266052246094,21.702378780104812,21.350581130714712,21.399105195272266,21849228
2011-12-08,21.34450912475586,21.672045877846635,21.271724257344125,21.635653444140768,44441698
2011-12-09,21.641719818115234,21.75089711596271,21.356640104597147,21.417295775536132,42265002
2011-12-12,21.477951049804688,21.63565239651702,21.338443494195335,21.581063748601466,13216433
2011-12-13,21.47795295715332,21.705070881264025,21.39815456862989,21.61913264502285,19198102
2011-12-14,21.82783317565918,21.95059821281409,21.42270389049434,21.441120977344394,23624330
2011-12-15,22.31890106201172,22.515327109544632,22.030399384456786,22.048816473641914,33435602
2011-12-16,22.25138282775879,22.478500781696813,22.11020066737195,22.40483977724135,27763930
2011-12-19,22.386428833007812,22.58899478819816,22.306630420839085,22.36187679678947,17299126
2011-12-20,22.75472068786621,22.803829655595692,22.404837697613694,22.539882450917755,21423740
2011-12-21,22.91431999206543,22.963426511221545,22.72403376407064,22.748585796660564,13790108
2011-12-22,23.055500030517578,23.172127696020105,22.84065933575229,22.94500975910296,12090252
2011-12-23,23.26420021057129,23.26420021057129,23.10460344593335,23.129155472967646,10008505
2011-12-27,23.1721248626709,23.264200486587296,23.147570381369558,23.190539496659028,7927386
2011-12-28,22.975704193115234,23.20282215529504,22.957289554827184,23.13530099691342,7624410
2011-12-29,23.159862518310547,23.172139766857875,23.012542897674624,23.080066537696247,7189909
2011-12-30,23.141443252563477,23.245793709440097,23.000263511374737,23.07392207999898,8237175
2012-01-03,23.50973892211914,23.669333274675015,23.20895994765818,23.251929073717275,18100427
2012-01-04,23.534286499023438,23.534286499023438,23.26420191201476,23.47904259367418,14374682
2012-01-05,23.779823303222656,23.93942010802972,23.350141863181797,23.411525627180872,21995005
2012-01-06,23.614091873168945,23.785963487752603,23.589537383098925,23.785963487752603,17530630
2012-01-09,23.564987182617188,23.614093712605797,23.258070756694188,23.534295294627206,14574431
2012-01-10,23.644777297973633,23.816648865594406,23.571116301867622,23.785956988381564,11911778
2012-01-11,23.577247619628906,23.644768743478153,23.472894784064106,23.58338501126063,12519198
2012-01-12,23.70001983642578,23.742988952838445,23.583392182135185,23.70615968389948,10407898
2012-01-13,23.522010803222656,23.632501075157244,23.33786198598238,23.60180919662119,10141915
2012-01-17,23.82892417907715,23.871893294493326,23.552699760489148,23.650912778032627,17349326
2012-01-18,23.8596248626709,23.90873138957254,23.718442677587422,23.72458252718554,15416709
2012-01-19,24.099016189575195,24.203369086663184,23.773687615763965,23.878038058875447,17341046
2012-01-20,24.062191009521484,24.184958567251936,23.89031937347117,24.135852034955143,16069927
2012-01-23,23.79823875427246,24.000802237614803,23.742994837172663,23.91486643746742,14147895
2012-01-24,23.804370880126953,24.06831804392888,23.72457250088848,23.920998525482997,13775646
2012-01-25,23.742990493774414,23.81051164253662,23.485180686518014,23.67546934501221,15170010
2012-01-26,23.804370880126953,23.908721285451932,23.65705136168107,23.84120014624452,12983462
2012-01-27,23.644777297973633,23.816648865594406,23.46062848867253,23.77368220067719,12702389
2012-01-30,23.871898651123047,23.878036045855783,23.491323736238577,23.558842440227558,13324586
2012-01-31,23.49131965637207,23.933275803755837,23.442213145109886,23.9210010164222,17268525
2012-02-01,23.71230125427246,23.945556603941117,23.522012574609153,23.663194735711887,15276801
2012-02-02,23.595666885375977,23.920997785290815,23.325579882928064,23.90258315280184,21778174
2012-02-03,23.552701950073242,23.687744248255836,23.374690532479836,23.63250034099277,15730690
2012-02-06,23.571115493774414,23.571115493774414,23.405381325687724,23.454487836749554,11561850
2012-02-07,23.71230125427246,23.804376896814624,23.4790459046038,23.491323147738004,13044875
2012-02-08,23.583402633666992,23.69389294342604,23.460637531472305,23.663201054383144,11877194
2012-02-09,23.417659759521484,23.644777691495698,23.41152236556715,23.56497930020941,10058390
2012-02-10,23.270343780517578,23.331727545360078,23.1905453770176,23.288758419175053,11026113
2012-02-13,23.393108367919922,23.472904307407152,23.313309974456637,23.386968519822098,12179437
2012-02-14,23.454492568969727,23.4729072075863,23.29489576232428,23.393111258239937,11704378
2012-02-15,23.33786392211914,23.49746072215655,23.258065522100438,23.48518347892838,12769670
2012-02-16,23.41152572631836,23.417663121153723,23.202822400223535,23.37469399537715,10933574
2012-02-17,23.669328689575195,23.865754735263813,23.52200915530873,23.706160413623724,18826586
2012-02-21,23.40538215637207,23.712298474895288,23.374690279122156,23.614085449285934,11373106
2012-02-22,23.46062660217285,23.466763995531526,23.264200566986297,23.362413584579574,10304984
2012-02-23,23.638641357421875,23.64478120626488,23.386971358243887,23.386971358243887,10823954
2012-02-24,23.448360443115234,23.632509324636985,23.411531157606266,23.626371928377793,8896996
2012-02-27,23.417659759521484,23.485180908923116,23.221233705270922,23.288754854672554,17304052
2012-02-28,23.5588321685791,23.626355751080414,23.32557691476624,23.41765251947011,9916071
2012-02-29,23.429935455322266,23.62636149661116,23.3992435796239,23.614084255536646,15971520
2012-03-01,23.196685791015625,23.423803787311734,23.116889831106377,23.417666391619235,18920068
2012-03-02,23.282623291015625,23.380836342734842,23.055505302167862,23.092334583068418,13676819
2012-03-05,23.601806640625,23.64477575671728,23.3194448242386,23.33172206511865,19558929
2012-03-06,22.981836318969727,23.558837184289366,22.895900542002067,23.31330709408913,19487874
2012-03-07,22.902040481567383,22.975699018128925,22.656507936402637,22.914315268343795,17679760
2012-03-08,22.957286834716797,23.208956800135937,22.926594956547827,23.092329135479456,42886256
2012-03-09,23.080053329467773,23.264202136383865,22.994115092794466,23.006392334315784,46658008
2012-03-12,23.386978149414062,23.393118000039976,23.11075358260597,23.153722721079074,11395323
2012-03-13,23.759370803833008,23.771784893072525,23.39937958519037,23.504893140403638,15722725
2012-03-14,23.722135543823242,23.833854924308724,23.641447670364045,23.827649119169372,12322384
2012-03-15,23.622819900512695,23.740747528163684,23.554543660087568,23.67867957213831,12833808
2012-03-16,23.604204177856445,23.79040559748217,23.566961908867995,23.691097842837898,19446164
2012-03-19,23.51730728149414,23.610409229002215,23.48627329899145,23.548341263996832,10215275
2012-03-20,23.436622619628906,23.535930384649866,23.349728945567914,23.36834884134317,14515848
2012-03-21,23.399389266967773,23.51111115369159,23.355943658646897,23.51111115369159,12048856
2012-03-22,23.33731460571289,23.54213591660812,23.293866533100672,23.300072337189945,13615092
2012-03-23,23.5917911529541,23.61661685207105,23.343521755138365,23.39938143914844,11283292
2012-03-26,23.995227813720703,24.02005599398046,23.67868464404879,23.746958417769278,12576734
2012-03-27,24.082124710083008,24.20626066536326,24.007645121978506,24.051090721262945,13298596
2012-03-28,23.777992248535156,24.162809189436974,23.728338369666236,23.976607764010833,17066470
2012-03-29,23.5917911529541,23.771786776536665,23.449035318711584,23.691098912080395,18432434
2012-03-30,23.83384895324707,23.846263041745214,23.616613570509617,23.672475728086813,14794302
2012-04-02,23.902132034301758,23.933166026978753,23.715930559569664,23.7717927389202,11990063
2012-04-03,24.032470703125,24.032470703125,23.8710974359353,23.926957126732173,11473609
2012-04-04,24.14419174194336,24.17522572954775,23.895922322437663,23.957990297646454,15940918
2012-04-05,24.131778717041016,24.150401095490164,23.951783069779033,24.057299128562722,14547078
2012-04-09,24.038679122924805,24.19384658577383,23.93316306461745,23.94557715641765,12287066
2012-04-10,23.864891052246094,24.137988685463775,23.86489105224609,24.02626681363246,14655337
2012-04-11,23.883512496948242,24.02006256306259,23.833858604178456,23.964200382865386,11224709
2012-04-12,23.753164291381836,24.02625935853118,23.70351041723387,24.02625935853118,13421107
2012-04-13,23.44902801513672,23.647643471527346,23.442822212622687,23.641437669013317,21859289
2012-04-16,23.554553985595703,23.622830255950802,23.511108382395836,23.511108382395836,14607129
2012-04-17,23.902132034301758,23.92075441497185,23.579382976854788,23.65386505554555,11738019
2012-04-18,23.83384895324707,23.957984875570702,23.821434864748927,23.858677130243358,8033339
2012-04-19,23.809032440185547,23.970408208913696,23.684896469985475,23.9269601230777,11256358
2012-04-20,24.038679122924805,24.131778608102394,23.771789796533106,23.777995601768424,15591306
2012-04-23,23.753164291381836,23.933157414005372,23.709716221003998,23.926951610235243,11183522
2012-04-24,23.753164291381836,23.8524695583488,23.69109632836463,23.7966098804307,13084699
2012-04-25,23.85247802734375,23.8897203071746,23.66627655350893,23.771792624368217,13457054
2012-04-26,23.877309799194336,23.93316950533344,23.765587905585903,23.883515606099717,10683731
2012-04-27,23.871097564697266,24.169020879880023,23.796615495236797,24.082124718621216,16259196
2012-04-30,24.355224609375,24.49177218793874,23.951785198168775,23.982819189902315,20759413
2012-05-01,24.435909271240234,24.51659714284773,24.119366071136646,24.16901995510053,15290320
2012-05-02,24.386253356933594,24.47314702630346,24.262117416694416,24.40487325170362,12082182
2012-05-03,24.311769485473633,24.44211122048355,24.24349571595969,24.398663148370552,11076731
2012-05-04,24.106950759887695,24.274532299619207,23.964194920217093,24.274532299619207,12505155
2012-05-07,23.920753479003906,24.08833504783867,23.895925293301836,23.90213109906247,12129238
2012-05-08,23.976606369018555,23.995226262344918,23.759370971772245,23.908332599712207,9183205
2012-05-09,23.641441345214844,23.889710704308566,23.641441345214844,23.796608764150097,12539844
2012-05-10,23.827653884887695,23.97040976361081,23.74076018890972,23.771794183472576,9906430
2012-05-11,23.604204177856445,23.79661140164901,23.554547819205176,23.709717736667557,12692747
2012-05-14,23.722135543823242,23.827649119169372,23.405589855125804,23.492486015053878,17053790
2012-05-15,23.424213409423828,23.709722642772466,23.32490563423042,23.635240570712583,11164030
2012-05-16,23.72833251953125,23.802812078807356,23.442823406758514,23.560751029831412,16105245
2012-05-17,23.604204177856445,23.864885172800804,23.585581802697654,23.7159235408344,14573488
2012-05-18,23.473867416381836,23.715928568815585,23.355939742906223,23.709722763333062,19587749
2012-05-21,23.33731460571289,23.517307737592827,23.306280622608323,23.417999984189844,9746400
2012-05-22,23.25041961669922,23.42420943446131,23.18214584300565,23.374555555290602,12919325
2012-05-23,23.175935745239258,23.35593133405484,22.977320265350173,23.250415309533285,11776166
2012-05-24,23.33731460571289,23.380760196996004,23.13869661757783,23.213178673294614,9066982
2012-05-25,23.3062801361084,23.430413584606388,23.194558295529877,23.318691744027863,6907997
2012-05-29,23.331104278564453,23.430412023276908,23.231796533852002,23.393172239341958,9214435
2012-05-30,23.213180541992188,23.36834798867715,23.14490676619763,23.213180541992188,10132274
2012-05-31,23.324901580810547,23.504894720905803,23.12007777923755,23.343521475257322,14088369
2012-06-01,23.07663345336914,23.269040694105904,22.977325689979406,23.07663345336914,14013437
2012-06-04,23.25041961669922,23.256627902426324,23.039390009891406,23.076632280266356,11439758
2012-06-05,23.275249481201172,23.306283468094712,23.126287832909835,23.213181507414095,11067404
2012-06-06,23.523509979248047,23.523509979248047,23.293860548340056,23.430408053854492,13219367
2012-06-07,23.790409088134766,23.87730276586571,23.59179354970432,23.629033342827654,55932703
2012-06-08,23.871097564697266,23.926957255795447,23.740755804138615,23.883509175166044,53368666
2012-06-11,23.877309799194336,24.06351130098824,23.85868989714797,23.970411790756405,49061386
2012-06-12,24.1131649017334,24.1131649017334,23.827655605006274,23.964203205876178,10969416
2012-06-13,24.094327926635742,24.339036987214016,24.012760748223545,24.094327926635742,12121692
2012-06-14,24.339038848876953,24.433158304401655,24.062956617739623,24.169625835690432,13529261
2012-06-15,24.433156967163086,24.533547535735288,24.389234055299333,24.483350997225546,16823544
2012-06-18,24.37669563293457,24.50846192137264,24.29512590635632,24.29512590635632,8651135
2012-06-19,24.6151180267334,24.734337004471513,24.38296122344974,24.43943139044619,12472353
2012-06-20,24.60257339477539,24.70924011328462,24.4708071492948,24.577473867804027,11939026
2012-06-21,24.753156661987305,24.966490044112614,24.6527635968294,24.696683995056617,18166766
2012-06-22,25.21120262145996,25.292772311911293,24.81590393122211,24.847277082045494,25306999
2012-06-25,24.966493606567383,25.123359361039057,24.910023440025984,25.041789670403254,16084704
2012-06-26,25.135913848876953,25.60023260223056,24.922580374912812,24.985324186312113,11988177
2012-06-27,25.43080711364746,25.56884694307297,25.079431406098184,25.14845132081094,13757620
2012-06-28,25.524932861328125,25.537480115509197,25.2174774733902,25.35551733696164,13165500
2012-06-29,26.19631576538086,26.19631576538086,25.65670347325178,25.65670347325178,24811924
2012-07-02,26.259065628051758,26.259065628051758,25.870042898089597,25.882592665752494,15022137
2012-07-03,26.23396110534668,26.32808057325298,26.077097833950596,26.183764557486203,7912924
2012-07-05,26.12101936340332,26.227686091503756,25.91395953528559,26.146118892631574,9695467
2012-07-06,26.045724868774414,26.070821888664625,25.907682479811093,25.93278200814907,10543509
2012-07-09,26.43474769592285,26.516317400983702,26.05827483550884,26.17121518856437,21190350
2012-07-10,25.957876205444336,26.484941158752388,25.888856272691612,26.4661177687696,17512499
2012-07-11,25.85748863220215,26.02062805809436,25.76337166222436,25.964157876107684,12955586
2012-07-12,26.924169540405273,27.093582616960944,26.830050049675073,26.8990725146129,48160945
2012-07-13,27.275545120239258,27.338291446609652,26.936718971356452,27.018288693948296,17782988
2012-07-16,27.20024299621582,27.313183338088496,26.980630922863597,27.118673299231645,15964603
2012-07-17,27.72730827331543,27.84025113513476,27.08102676737748,27.162596472666564,21110702
2012-07-18,27.570449829101562,27.677116573232816,27.407310389943454,27.56417369162734,16989233
2012-07-19,27.570449829101562,27.626920015680184,27.31946704133841,27.576723458127553,14661625
2012-07-20,27.237895965576172,27.39475925944978,27.175149644647483,27.369659727699066,13641606
2012-07-23,27.150047302246094,27.25671402016878,27.018281057490064,27.11867414792822,15069297
2012-07-24,26.786123275756836,27.20651905279151,26.516317143112843,27.118675720675554,21354886
2012-07-25,26.742198944091797,26.9743582804973,26.57905954416669,26.924161735016316,12818717
2012-07-26,27.187694549560547,27.4512245351372,26.968084974022844,27.01200538406179,17085858
2012-07-27,28.298290252685547,28.342213168163802,27.26926238277884,27.45122265495914,31419983
2012-07-30,27.909263610839844,28.19161692719148,27.81514416642455,28.009656681503973,13571914
2012-07-31,27.714759826660156,28.04103866332881,27.714759826660156,27.890449009892794,13242423
2012-08-01,27.783781051635742,28.103783766381962,27.670840687688624,27.8904502955165,11781092
2012-08-02,27.551616668701172,27.752402846029497,27.306910082862007,27.63318636679675,10318503
2012-08-03,27.702213287353516,28.03476325240838,27.65829036329632,27.88417359507396,10496139
2012-08-06,27.915544509887695,28.009663978823806,27.71475831624888,27.733581708346545,9532608
2012-08-07,27.608083724975586,27.95318332918072,27.595533964337108,27.946909703085012,11407899
2012-08-08,27.645742416381836,27.777508688771945,27.50142637794311,27.595545860635514,11308968
2012-08-09,27.783781051635742,27.808880582589342,27.419857920392765,27.539074421302296,10466586
2012-08-10,27.965734481811523,27.965734481811523,27.58298557663966,27.5955353379028,9736025
2012-08-13,27.871625900268555,27.99084491607302,27.764959159067693,27.972021521063937,8943318
2012-08-14,27.865341186523438,28.009657168781427,27.783771501633893,27.921811349086738,6572742
2012-08-15,27.645742416381836,27.84652863936712,27.60809562668413,27.771232551523568,7808229
2012-08-16,27.570449829101562,27.70848973525924,27.513977134074707,27.620646386654194,8798903
2012-08-17,27.193973541259766,27.63319277897272,27.03711024449033,27.63319277897272,15549071
2012-08-20,27.45122718811035,27.482600345997405,27.131224489489476,27.200246941909732,9150612
2012-08-21,26.942983627319336,27.451222681375775,26.92416023736697,27.29435942614104,11281615
2012-08-22,26.924169540405273,27.03083628980748,26.8551495839158,26.949266566197643,9025900
2012-08-23,26.85513687133789,26.968079705060028,26.73592041124953,26.924156795154982,10531876
2012-08-24,27.055938720703125,27.187705018453187,26.75475932825974,26.75475932825974,10649252
2012-08-27,27.012008666992188,27.13122516486188,26.88024491241366,26.968088251615335,8122943
2012-08-28,26.87395477294922,27.06846725196111,26.82375824692486,26.961798066380187,8419842
2012-08-29,27.018285751342773,27.13122611637097,26.78612637581583,26.94926329478369,7973289
2012-08-30,27.055938720703125,27.15005822150992,26.75475932825974,26.89279925601747,8964173
2012-08-31,27.012008666992188,27.34456113873563,26.924165327790515,27.1876978538435,28906355
2012-09-04,27.137496948242188,27.225340273351957,26.89906399075244,27.068477013623976,25771368
2012-09-05,27.256711959838867,27.313182128273905,27.030826269203867,27.22533880789248,8734870
2012-09-06,27.758678436279297,27.771225690780035,27.36965334401592,27.38847924266207,10349419
2012-09-07,27.639467239379883,27.884173867156072,27.55789752730515,27.877900238707248,8738538
2012-09-10,27.771221160888672,27.846517217848817,27.539064380675406,27.589260915833133,9427284
2012-09-11,27.815149307250977,27.965738941079312,27.783776153314125,27.827699070515234,8975596
2012-09-12,27.940637588500977,27.96573460268855,27.802595230904153,27.82769475353892,9378028
2012-09-13,28.28902816772461,28.32069751223856,27.877296301058724,27.921637435109524,12429175
2012-09-14,27.63026237487793,28.219353823817826,27.516246635598606,28.219353823817826,17331195
2012-09-17,27.8709659576416,27.8709659576416,27.541580428629423,27.541580428629423,11538899
2012-09-18,27.921630859375,27.959636089706883,27.67459179755485,27.718932921163013,7895632
2012-09-19,28.194013595581055,28.36503971110406,27.927971845953213,27.946974466307754,10289369
2012-09-20,28.434709548950195,28.48538403436414,28.092657405488932,28.09899076654137,10443320
2012-09-21,28.447383880615234,28.662751115145664,28.415712005037353,28.472719861678375,21226821
2012-09-24,28.593076705932617,28.66275636436406,28.371376068617742,28.472725076094967,10468786
2012-09-25,28.574073791503906,28.947797936214616,28.415716918564033,28.64375091689075,13419850
2012-09-26,28.510730743408203,28.73876472719167,28.504394848201965,28.57407196914503,13260134
2012-09-27,28.65008544921875,28.78310633038484,28.510731205076087,28.54873644760004,10306346
2012-09-28,28.567737579345703,28.63741469778408,28.365039586676914,28.53606570144969,13097170
2012-10-01,28.643749237060547,28.87811911725281,28.48539237340761,28.48539237340761,8964278
2012-10-02,28.802099227905273,28.884445580461442,28.56772942424496,28.77676071988888,7786116
2012-10-03,28.99847412109375,29.05548452323082,28.675424460869625,28.82111461570238,8861678
2012-10-04,29.21383285522461,29.384858946915873,29.042806763533346,29.074478637154957,9383582
2012-10-05,29.315183639526367,29.45453786616042,29.04914191061995,29.40386337171786,12463864
2012-10-08,29.353181838989258,29.429194828592724,29.004796355939767,29.245499513743294,7371318
2012-10-09,29.245521545410156,29.479891519110488,29.156841767676667,29.270857539476903,10512383
2012-10-10,28.88445472717285,29.384863829479176,28.757767211636125,29.245509588254542,9930114
2012-10-11,28.78944206237793,29.087155728755658,28.72609829807076,29.06815310593,7359685
2012-10-12,28.89712142944336,29.13782720230163,28.85911618774602,28.884454703765712,7172826
2012-10-15,29.51154327392578,29.536879250704686,28.94145467458804,28.973126544810306,10774802
2012-10-16,29.878942489624023,29.94228625358427,29.587564720672315,29.6065673433939,12528002
2012-10-17,30.01829719543457,30.08797431802668,29.82193255370605,29.82193255370605,10619279
2012-10-18,30.379356384277344,30.404692372306,29.948624329129096,29.954957693053103,11513433
2012-10-19,29.790260314941406,30.398354321871004,29.695244676734067,30.366682442468555,13599372
2012-10-22,29.44186782836914,29.790253355746465,29.258172490146706,29.650899144795535,14694427
2012-10-23,29.06815528869629,29.473548826639302,29.055486028417008,29.258184063554843,13104402
2012-10-24,29.06181526184082,29.258179905096082,29.01114076025872,29.106156400349775,10102406
2012-10-25,29.327861785888672,29.35319777462366,29.14416637131236,29.20117424521561,11498132
2012-10-26,29.23284149169922,29.625570779601023,29.00480749993807,29.00480749993807,12513644
2012-10-31,28.903451919555664,29.587556271506344,28.783100321798848,29.40386092787803,14184680
2012-11-01,29.099830627441406,29.448218896631285,28.93514033926059,28.97947896086062,12749968
2012-11-02,29.1378231048584,29.486208658646696,29.13148721057835,29.296179944550186,11580924
2012-11-05,28.92878532409668,29.137819160404106,28.700751404516716,29.02380093444837,9412298
2012-11-06,29.087146759033203,29.34051920579592,28.93512329097557,28.94145665252026,9154594
2012-11-07,28.1623477935791,28.928798797457528,27.984988277116607,28.852788299640086,25223159
2012-11-08,27.769609451293945,28.358700694157868,27.769609451293945,28.194007974146096,17113735
2012-11-09,27.902631759643555,28.07365785001595,27.630254155064506,27.67459528425918,14666970
2012-11-12,27.883630752563477,28.200344439966155,27.79494848905209,28.168672564759504,7681630
2012-11-13,27.668270111083984,28.162345910865394,27.66193421513431,27.72527798063597,10059857
2012-11-14,27.269197463989258,27.80761420936924,27.180517744086984,27.68092925698479,14888831
2012-11-15,27.11083984375,27.32620704203956,26.952483024839996,27.21218881561197,12872794
2012-11-16,27.281877517700195,27.383226532656582,26.832140314206512,27.13618989140826,17435052
2012-11-19,27.452903747558594,27.49090899519991,27.294546860831378,27.440234487567288,9630806
2012-11-20,27.592262268066406,27.66193941027116,27.38956420625877,27.503582499108813,11428545
2012-11-21,27.801286697387695,27.82662268026258,27.63659394553854,27.744276304338,7637824
2012-11-23,28.048320770263672,28.054656664661657,27.820286815569805,27.864625414696224,4692734
2012-11-26,27.997650146484375,28.07999652638467,27.82029066080085,27.87096516132932,9831393
2012-11-27,27.79494857788086,27.991313191856882,27.775945959162524,27.889964203804468,9294922
2012-11-28,28.25102424621582,28.257360141847712,27.57958897550515,27.712607331121472,11124310
2012-11-29,28.32069969177246,28.472723192933593,28.17501208586736,28.472723192933593,10018356
2012-11-30,28.060983657836914,28.320689428580625,27.9469654402023,28.213007103905962,15738026
2012-12-03,28.149673461914062,28.39671259998126,28.13700420378267,28.168676082945044,12177865
2012-12-04,28.124340057373047,28.365043322284233,28.111670798079704,28.111670798079704,10476751
2012-12-05,28.118003845214844,28.352373744008784,28.016654836673272,28.079998600094864,12206056
2012-12-06,28.194013595581055,28.244688093970545,28.111667219156622,28.156008354871975,9240216
2012-12-07,28.270017623901367,28.276353517461363,27.972306596528163,28.206676414622283,8247236
2012-12-10,28.175003051757812,28.396703603322933,28.136995289405263,28.162333797640297,9796180
2012-12-11,28.62473487854004,28.681745250650696,28.187667176570567,28.289018667841603,14235508
2012-12-12,28.669084548950195,28.81477467050603,28.51706106519574,28.63741267329319,11790000
2012-12-13,28.106319427490234,28.739430977623996,28.074343760957408,28.739430977623996,14404131
2012-12-14,27.84412384033203,28.112714849820684,27.760987614792064,28.074345070839694,13818928
2012-12-17,27.901681900024414,28.035978699402282,27.824942332735368,27.901681900024414,13917650
2012-12-18,28.291776657104492,28.394097766990896,27.729010552729264,27.87609555030247,14756888
2012-12-19,27.920867919921875,28.432473577925833,27.88889224671886,28.234227983338144,12254369
2012-12-20,26.96160316467285,27.358096840093307,26.85928205123392,27.147060502358638,35263104
2012-12-21,26.55232048034668,27.15345642270432,26.507554031500803,27.127877420950863,30087242
2012-12-24,26.488365173339844,26.699404050148207,26.418019733277553,26.49476184028645,6793870
2012-12-26,26.437210083007812,26.590691772114642,26.360470516765403,26.507555537604027,7471716
2012-12-27,26.347675323486328,26.481972098537188,26.091872551156495,26.35406943406148,11948877
2012-12-28,25.98955535888672,26.32849440288003,25.983161247347965,26.21977661036744,11862731
2012-12-31,26.18140411376953,26.20058900301894,25.593058988048657,25.759331437039137,15004635
2013-01-02,26.437210083007812,26.776149132696478,26.181407267829766,26.769755021050283,16722831
2013-01-03,27.0703182220459,27.134269556706315,26.29012165435118,26.788936440134744,24673483
2013-01-04,26.84010124206543,27.1790403014325,26.744174224901215,27.15345874087321,16169068
2013-01-07,26.93602752685547,26.980791421684003,26.763358389330232,26.884866963749996,12055773
2013-01-08,26.974395751953125,27.300544003334032,26.974395751953125,27.019159644196037,15458943
2013-01-09,27.236597061157227,27.274966848309088,26.987190888047856,27.1086969184436,10556609
2013-01-10,27.35810661315918,27.59472459209086,27.338921717113717,27.415663857918165,13593084
2013-01-11,27.645893096923828,27.709844473167323,27.31335054237967,27.31335054237967,12722825
2013-01-14,27.716224670410156,27.85691558219908,27.530767306405643,27.69703977849549,11650721
2013-01-15,27.415658950805664,27.844128370123062,27.37728660896038,27.741807238446604,12446677
2013-01-16,27.204620361328125,27.524374540998156,27.17904135639806,27.428447520110492,12481156
2013-01-17,27.33892059326172,27.402871948532734,27.204623769841582,27.377290383775325,16255109
2013-01-18,27.48600959777832,27.486009597778324,27.274970625969043,27.422058239252927,17222937
2013-01-22,27.626699447631836,27.63949023015512,27.249390537864006,27.3517116848052,12819765
2013-01-23,27.3836727142334,27.549942571601864,27.21100619071385,27.498782025498993,14854666
2013-01-24,27.498802185058594,27.63309903661022,27.454038272290077,27.46682650072506,13096122
2013-01-25,27.792964935302734,27.792964935302734,27.319729110994256,27.575531913779667,13799330
2013-01-28,27.454025268554688,27.81854329537973,27.454025268554688,27.71622217662654,12418800
2013-01-29,27.920867919921875,27.972028485722273,27.49239850092133,27.620298637111244,16474874
2013-01-30,27.818538665771484,27.9912052053543,27.792959668651,27.92085976749622,13280885
2013-01-31,27.658662796020508,27.90806888262097,27.658662796020508,27.773774674170703,15237291
2013-02-01,26.750577926635742,27.338923294722683,26.54593561484502,27.012774929884067,39497024
2013-02-04,26.123849868774414,26.641849556756164,26.11105909019392,26.469182994095583,30821366
2013-02-05,26.494762420654297,26.526738086223308,26.175008321585715,26.251747873654114,22330050
2013-02-06,26.277328491210938,26.507549695823624,26.20698305211758,26.44360092358876,18218222
2013-02-07,26.219776153564453,26.411630175848185,26.143036589948498,26.283727494325696,16950666
2013-02-08,26.33489227294922,26.33489227294922,26.18780723359008,26.258152697043986,15365566
2013-02-11,26.46278953552246,26.53952909565386,26.27733218970917,26.341283527566542,11959776
2013-02-12,26.50756072998047,26.58430286787736,26.302918437752115,26.456400156923383,10475808
2013-02-13,26.31570053100586,26.53313353386003,26.22617019687355,26.488367088483045,16561858
2013-02-14,26.34128189086914,26.360466779709952,26.111058111536124,26.245354890043444,17116774
2013-02-15,26.488365173339844,26.539525725805284,26.37325584775872,26.513946727883305,16326897
2013-02-19,26.999980926513672,26.999980926513672,26.590696351739112,26.60348713385643,13944793
2013-02-20,27.281368255615234,27.338922946339416,26.999983802177333,27.08951417328919,17607343
2013-02-21,27.17903709411621,27.223800984879396,27.031949529812856,27.17903709411621,12390504
2013-02-22,27.47960662841797,27.671460660012773,27.198224806007527,27.230200477939995,16132807
2013-02-25,27.191829681396484,27.78657158853688,27.1854355692958,27.697041236016336,20338850
2013-02-26,27.127883911132812,27.370895990728194,26.92324162165828,27.33892031341999,14570449
2013-02-27,27.47960662841797,27.594718536050443,27.031952334607514,27.031952334607514,13537121
2013-02-28,27.326122283935547,27.633085636736734,27.326122283935543,27.50518551804714,14893442
2013-03-01,27.262168884277344,27.287747881033077,27.070314903813223,27.070314903813223,15527482
2013-03-04,27.716224670410156,27.72262133879642,27.34530994240113,27.44763107036072,14839890
2013-03-05,27.658662796020508,27.91446554934239,27.562735804791778,27.88248988559948,15843769
2013-03-06,27.933652877807617,27.972022655004267,27.53715921465848,27.69064088006669,19301121
2013-03-07,27.67145538330078,28.093528036430765,27.556343497619167,28.023182594242435,14392813
2013-03-08,27.47960662841797,27.81854568295567,27.4476309564855,27.754594339090733,30678418
2013-03-11,27.920867919921875,27.92726203191362,27.41565893053181,27.466816939710057,40492729
2013-03-12,28.80338478088379,29.046396799428173,28.701063661852274,29.046396799428173,58695860
2013-03-13,28.79046630859375,28.88085962546374,28.719442803819838,28.758182428011985,18781418
2013-03-14,28.58385467529297,28.89377686537758,28.151255274291348,28.86794872557125,27136283
2013-03-15,28.46763038635254,28.46763038635254,28.27392968206987,28.299755238050576,25499831
2013-03-18,28.170625686645508,28.37078473996615,28.1318860573787,28.267477341077807,12699350
2013-03-19,28.21582794189453,28.306221284381998,28.151260162432482,28.21582794189453,16248297
2013-03-20,28.487003326416016,28.59676904986452,28.332042229722763,28.409524068702016,15693066
2013-03-21,28.273937225341797,28.525750014976488,28.254567407872308,28.42889834636338,12476021
2013-03-22,28.344961166381836,28.4805524719266,28.280393386357527,28.319135603131528,10463232
2013-03-25,28.209367752075195,28.40952682268159,28.0931488542381,28.377242935082784,13746721
2013-03-26,28.66134262084961,28.66780094839164,28.344964590536225,28.377248484448366,12694110
2013-03-27,28.474088668823242,28.57093773018763,28.351408888986747,28.49345848109612,11497503
2013-03-28,28.53865623474121,28.609679746099985,28.383695142340663,28.441807165281606,17440502
2013-04-01,28.63551139831543,28.648425469582666,28.26102140042407,28.40952676683354,10377191
2013-04-02,28.99707794189453,29.055187371895457,28.680697495183733,28.738809506449318,13400252
2013-04-03,29.287635803222656,29.804172771975445,29.055192876651326,29.055192876651326,27114066
2013-04-04,29.261808395385742,29.62338428254824,29.061651928282977,29.30700634925551,14637835
2013-04-05,29.139131546020508,29.203699314844588,28.984170449601866,29.081022102837984,13206372
2013-04-08,29.365114212036133,29.365114212036133,29.02936648265066,29.113304060313297,10640868
2013-04-09,29.38448143005371,29.662119695583115,29.274718305023665,29.526528434507856,11108066
2013-04-10,30.24323272705078,30.327170320515062,29.558820489007864,29.642758082472145,19634385
2013-04-11,30.48213005065918,30.675830790708392,30.139923947188493,30.139923947188493,18379719
2013-04-12,30.417558670043945,30.430472739520024,30.120550559684965,30.133464629161043,10547491
2013-04-15,29.997867584228516,30.669365511408614,29.997867584228516,30.275505827616055,16083970
2013-04-16,30.320707321166992,30.37881934375232,30.023699207866446,30.114095113829137,10674614
2013-04-17,30.191577911376953,30.288429572872904,29.9655932824852,30.16575235040398,12342506
2013-04-18,30.06243896484375,30.333618916819425,30.017241015548663,30.25613966804493,11813685
2013-04-19,30.662914276123047,30.662914276123047,30.127007475310435,30.256143012562514,13315154
2013-04-22,30.940561294555664,30.972845187957738,30.462766383496472,30.6370973428549,14950139
2013-04-23,31.398988723754883,31.444186690420704,30.947019382160473,30.959933455674413,18500868
2013-04-24,30.95992088317871,31.502283356591164,30.908267191364914,31.42480410950291,16292418
2013-04-25,30.572525024414062,30.9922104139009,30.52732964536305,30.959929106549712,16702081
2013-04-26,30.90826988220215,31.037402832346363,30.41755847661785,30.52086586923927,11110477
2013-04-29,30.875995635986328,31.069696412290714,30.811427850129554,30.91473527499402,11921943
2013-04-30,30.34653663635254,30.88889918682031,30.34653663635254,30.83078974324831,20692446
2013-05-01,29.500709533691406,29.90102508256571,28.796927514794813,28.926063061618063,41648358
2013-05-02,29.52652931213379,29.707318526029407,29.37157081631601,29.636295021691282,14929389
2013-05-03,29.487777709960938,29.946205011420712,29.352189081197782,29.862267472772366,13492581
2013-05-06,29.042282104492188,29.700868750374863,29.035826359624238,29.384488207802136,14772922
2013-05-07,29.229528427124023,29.24889824387304,28.977718228121294,29.119765271791096,15226078
2013-05-08,29.048734664916992,29.44259439279198,29.035820596478896,29.13267223786723,19187098
2013-05-09,29.371572494506836,29.455507490782253,29.022908115200575,29.216611408570188,14856134
2013-05-10,29.668582916259766,29.66858291625977,29.37157479031536,29.403856093801803,14592142
2013-05-13,29.810640335083008,29.84937997778222,29.4942622842625,29.59756971897118,10738018
2013-05-14,30.120561599731445,30.198043463722097,29.700876128685845,29.778355411410413,14057767
2013-05-15,30.17220115661621,30.514407184352738,29.997870271026823,30.17220115661621,13831294
2013-05-16,29.93976593017578,30.15283907483549,29.061655533679193,30.07535722734136,12536910
2013-05-17,29.69439697265625,30.15928008672284,29.106836692813452,29.888097624867928,22773459
2013-05-20,29.190786361694336,29.713779114143,29.11976284577652,29.675039483872435,17533040
2013-05-21,30.559619903564453,30.688755495855084,29.177883521146217,29.210167419218877,49277694
2013-05-22,30.15929412841797,31.185912451266542,30.017247089412145,30.733940610655917,44670895
2013-05-23,30.559619903564453,30.6306460280841,29.972059153681304,29.997887304645964,23663421
2013-05-24,30.449844360351562,30.449844360351566,30.088268462417183,30.378820845915474,16554208
2013-05-28,30.746864318847656,31.405448598173248,30.682296524056362,30.953479197166764,18511767
2013-05-29,30.262611389160156,30.650015581361693,30.030170938852283,30.5337940655746,16822182
2013-05-30,30.391727447509766,30.598342195554647,30.178654375298073,30.359443570469672,15933268
2013-05-31,30.1528377532959,30.785593670648773,30.146379427216218,30.301340534147304,22768953
2013-06-03,31.282756805419922,31.87031727004908,31.192363483461225,31.5926789789341,39805450
2013-06-04,31.921972274780273,32.38685555411677,31.101971437019138,31.12134125100001,38785013
2013-06-05,31.463550567626953,32.109220564920825,31.29567538744967,31.65079556378385,26119409
2013-06-06,31.37960433959961,31.463541906582552,30.830783573279017,31.405429893374883,20850903
2013-06-07,31.11489486694336,31.728283730563245,31.05678540269917,31.489384964337948,52852631
2013-06-10,31.289213180541992,31.566851454353017,31.224645419767818,31.41189037725396,50887946
2013-06-11,30.708118438720703,31.121348111446242,30.701660111793267,31.037410511515645,56749305
2013-06-12,30.507951736450195,31.056772581269183,30.49504024834819,30.921181306077187,17662887
2013-06-13,31.211679458618164,31.237742198328455,30.29292164558664,30.455820932447526,15482314
2013-06-14,31.244266510009766,31.62219324883968,30.95104564705805,31.12697764383467,14286650
2013-06-17,31.14652442932129,31.635224984741036,30.990140147388093,31.49187337754526,13084490
2013-06-18,31.113933563232422,31.309413198552313,31.055290454127782,31.198642013030963,12384006
2013-06-19,31.003164291381836,31.38760855306351,30.918455836354664,31.087872746409005,18857922
2013-06-20,30.17563819885254,30.898916475954575,30.110477430471036,30.898916475954575,18680495
2013-06-21,30.625244140625,31.01620355128366,30.41021672525994,30.540535660488818,25453614
2013-06-24,30.24079132080078,30.534012099404258,30.012731294102814,30.279886729955567,18948574
2013-06-25,30.123517990112305,30.416738919609067,30.02577941692847,30.318997741452602,12600104
2013-06-26,30.423255920410156,30.56661017862302,30.156100329828874,30.36461277271362,11984823
2013-06-27,30.807693481445312,30.859821576033017,30.540535368575828,30.644791557751237,12198510
2013-06-28,30.266862869262695,30.93801307832434,30.266862869262695,30.924980403155168,17124110
2013-07-01,30.18215560913086,30.527501947988103,30.11699484124492,30.143057585416138,13741586
2013-07-02,30.332021713256836,30.449310572384345,29.99319041518744,30.032285833239314,11859063
2013-07-03,30.332021713256836,30.449310572384345,30.07789889094776,30.286411260520275,7203952
2013-07-05,30.729494094848633,30.82071759149403,30.37111253699469,30.579624875025022,8491944
2013-07-08,30.892398834228516,31.03575304565338,30.781627611964346,30.86633608986069,11504315
2013-07-09,31.029239654541016,31.276847482313073,31.02272461879997,31.094400431840707,10811902
2013-07-10,31.250774383544922,31.39412596214571,31.009681671368256,31.02922937708914,8154174
2013-07-11,31.47884178161621,31.602645683434698,31.361552914903722,31.557032622776497,11991216
2013-07-12,31.628707885742188,31.706898719120005,31.400645210122704,31.53748177350568,9280564
2013-07-15,31.615676879882812,31.85676963713734,31.44625992533013,31.60916184508153,10117811
2013-07-16,31.426712036132812,31.817671431355265,31.2963931060493,31.64173944300797,16006733
2013-07-17,31.361541748046875,31.77856636567122,31.36154174804687,31.45928286966675,9964174
2013-07-18,30.885875701904297,31.361543455413926,30.85329532625728,31.296385309091164,18677456
2013-07-19,31.139999389648438,31.224705235797135,30.755555145700022,30.931487080729223,14911678
2013-07-22,31.094396591186523,31.43974554225201,30.983622762464925,31.179105070218814,11861998
2013-07-23,31.231231689453125,31.420196348373153,30.97710626435959,31.15303824905055,9685616
2013-07-24,31.126991271972656,31.30292334577653,30.957574236097376,31.224729865767483,9370378
2013-07-25,31.387622833251953,31.400652905360293,30.85330912266475,30.970598006446806,10522339
2013-07-26,31.596126556396484,31.596126556396484,31.13348878953962,31.309420764337826,10318818
2013-07-29,31.498384475708008,31.79160529330703,31.374580593605604,31.452771422313802,10785597
2013-07-30,31.309438705444336,31.980589212940494,31.172602067752248,31.46582306209627,17583554
2013-07-31,31.387622833251953,31.75251955670646,31.257301272389128,31.602650282708698,22612067
2013-08-01,31.65477752685547,31.719938305518223,31.302913490032356,31.563553999711022,14198094
2013-08-02,31.628707885742188,31.62870788574219,31.39413017566515,31.56354712127948,9350466
2013-08-05,31.622194290161133,31.706902773800827,31.322458382262933,31.53097077123075,7114977
2013-08-06,31.56355094909668,31.661292107644144,31.33549085079138,31.589613695059406,10421836
2013-08-07,31.635217666625977,31.76553917390926,31.50489615934269,31.50489615934269,10130282
2013-08-08,31.583093643188477,31.824186378666294,31.400644030541063,31.706897528033792,9045707
2013-08-09,31.53097152709961,31.785096984110645,31.446263041429262,31.56355191427837,8266834
2013-08-12,31.583093643188477,31.80463867105616,31.335485873497845,31.381096322930926,10411985
2013-08-13,31.557029724121094,31.830702852988097,31.328972256694346,31.61567545457649,7812945
2013-08-14,31.648256301879883,31.772060194144753,31.544000118396642,31.635223627701517,8940383
2013-08-15,31.257293701171875,31.51141912031605,31.179102867571697,31.459291029592,11885892
2013-08-16,31.08136558532715,31.27684529860578,30.938013969254293,31.140011322791224,13834019
2013-08-19,31.003164291381836,31.146515859133395,30.918455836354664,30.931488507506057,8780458
2013-08-20,30.990135192871094,31.524448721963,30.990135192871094,31.048778312356045,14771560
2013-08-21,30.92498016357422,31.302909505747927,30.820723972972647,30.99014093394321,11318400
2013-08-22,31.15303611755371,31.263809933463865,30.885880641481798,31.035749872432394,9044554
2013-08-23,31.10091781616211,31.26381977171285,30.918470751912288,31.26381977171285,9616762
2013-08-26,31.029239654541016,31.21168930998569,30.97059651795468,31.146528532686,9662770
2013-08-27,30.696916580200195,30.964072061360838,30.5796277278731,30.833753140419855,11362835
2013-08-28,30.683897018432617,30.885894427926004,30.279904804418692,30.48190221391208,10283186
2013-08-29,30.690391540527344,30.885871160696425,30.488394283204393,30.605683097294197,10160779
2013-08-30,30.814205169677734,30.938009055255712,30.63827319517368,30.68388364487668,8725962
2013-09-03,30.762083053588867,31.055303936351976,30.63176150348428,30.96407780928988,14894595
2013-09-04,31.06832504272461,31.198646555225366,30.696913421046087,30.709946093290455,11596330
2013-09-05,30.957561492919922,31.140011134523142,30.79466216700128,31.140011134523142,8277314
2013-09-06,30.944528579711914,31.159558605841237,30.664340386699,30.99665667620204,27944815
2013-09-09,31.10743522644043,31.17911104436167,30.93801823591434,31.016209090020237,30580850
2013-09-10,31.26381492614746,31.537485480106113,31.185621478607775,31.185621478607775,32287413
2013-09-11,31.36806297302246,31.609155683279035,31.250774134659807,31.2963871842929,14021297
2013-09-12,31.460115432739258,31.545587370515722,31.32861933509854,31.427241408329078,9958515
2013-09-13,31.420656204223633,31.552149625494295,31.341758048701987,31.47982784952807,8049688
2013-09-16,31.683666229248047,31.85461016758128,31.624494540648534,31.723116650098707,9880754
2013-09-17,31.565317153930664,31.709960785585967,31.519292985471928,31.631065215028716,8073058
2013-09-18,31.821720123291016,32.025537995577764,31.315467575778165,31.433810893444992,14681118
2013-09-19,31.729677200317383,31.88089717951395,31.624481378732785,31.867747044703403,9775744
2013-09-20,31.565317153930664,31.821730386692245,31.4732714454637,31.77570884668402,29303128
2013-09-23,31.34834098815918,31.59818303016676,31.25629530344578,31.420665413773108,13210774
2013-09-24,31.249719619750977,31.703376890706945,31.243143238674286,31.31546765981988,13939029
2013-09-25,31.341773986816406,31.552165670598406,31.17740646953062,31.341773986816406,11901402
2013-09-26,31.34834098815918,31.558732626618298,31.236571415896464,31.414089032290114,10753633
2013-09-27,31.420656204223633,31.499551731296215,31.091918708373388,31.276010023842126,11014794
2013-09-30,31.302316665649414,31.47326051374964,31.091925045972093,31.322040551437965,17023712
2013-10-01,32.04527282714844,32.36743412713851,31.657363464809183,32.163618813686845,28651482
2013-10-02,31.802003860473633,31.920349834959584,31.637636349790576,31.854601779306243,14646114
2013-10-03,31.7954158782959,32.05183160353139,31.558724035240196,31.70337021864051,18759724
2013-10-04,31.709964752197266,31.795436716626348,31.519296928232514,31.73626240285576,12126198
2013-10-07,31.486408233642578,31.70994998818855,31.348338403730345,31.50613211956581,9637198
2013-10-08,31.394363403320312,31.657352936806387,31.322041610167854,31.453535062686047,14693694
2013-10-09,31.078781127929688,31.4403927822357,30.99330918678644,31.354920841092458,16090363
2013-10-10,31.223424911499023,31.315473235364045,30.874963391231816,31.29574671707144,18090995
2013-10-11,31.091928482055664,31.22342194466102,30.99988279538693,31.177400415551595,10745668
2013-10-14,30.736886978149414,30.9538523300374,30.533069129927842,30.769760994214145,21666876
2013-10-15,30.618541717529297,30.78948555343527,30.519919667172143,30.585667700743578,14840728
2013-10-16,31.013031005859375,31.013031005859375,30.618547980636997,30.64484562237518,11635630
2013-10-17,30.973581314086914,31.085353512801237,30.82893772234462,30.986731448367973,14544668
2013-10-18,30.644845962524414,31.197125358105833,30.552800272744168,31.144527445595696,21622755
2013-10-21,30.579099655151367,30.71716950003692,30.29638621217615,30.704019365178798,17478544
2013-10-22,30.552806854248047,30.7171770090311,30.335841404075072,30.44761100656711,16601892
2013-10-23,30.61197280883789,30.717168627816026,30.559374899348825,30.638270449357513,10113934
2013-10-24,30.3884334564209,30.809216765843086,30.368709567347988,30.76976898769726,11738753
2013-10-25,30.59882164001465,30.62511927964532,30.145164357450287,30.408153896005732,18752912
2013-10-28,29.81642723083496,30.125440929008263,29.72438154805241,29.961070822128942,28607885
2013-10-29,29.967641830444336,30.02681348124188,29.638904304076263,29.855872280565873,16652720
2013-10-30,29.744110107421875,30.085997880675105,29.658638164108567,30.07942149829704,10436508
2013-10-31,29.645492553710938,29.888758262915132,29.64549255371094,29.790136176983587,15713922
2013-11-01,29.737537384033203,29.81643294770253,29.336477926180027,29.50084543612465,21896388
2013-11-04,30.059680938720703,30.421292401679157,30.020233180128503,30.19117697195968,16954020
2013-11-05,29.823007583618164,30.09914466873815,29.796707311635235,29.974224947944556,10920684
2013-11-06,30.217477798461914,30.256925561227572,29.80984478350238,29.95448833260915,12954642
2013-11-07,30.125438690185547,30.401575718011618,30.099138423659493,30.34240406100237,12235819
2013-11-08,30.769775390625,30.815796931888467,30.151747804967368,30.19777197468142,18260142
2013-11-11,30.90125846862793,30.99988052971141,30.822360294071203,30.842086809047657,7895003
2013-11-12,31.28916358947754,31.315463853688392,30.76976097003136,30.868380389698682,14620229
2013-11-13,31.124807357788086,31.144531248831736,30.671149978433228,30.73032165156418,14836955
2013-11-14,31.440393447875977,31.473267474277073,31.230001781669102,31.2431492894694,11822069
2013-11-15,31.60475730895996,31.742827152551843,31.315470115491166,31.315470115491166,12567092
2013-11-18,31.565317153930664,31.72968467822528,31.41409713909525,31.585041046569977,8310745
2013-11-19,31.60475730895996,31.670505354184645,31.3286176217762,31.59160717422505,8745874
2013-11-20,31.644207000732422,31.83487476635877,31.394367567891013,31.545587555373988,8647991
2013-11-21,31.966367721557617,32.018965630060244,31.6639277763302,31.703378179044503,13453281
2013-11-22,32.17676544189453,32.242510868621416,31.848027794459036,31.880901822047612,14638359
2013-11-25,32.650142669677734,32.76848863819638,32.17676405250346,32.18333780635721,19159641
2013-11-26,32.597557067871094,32.70932932476018,32.32141987494482,32.650155003921505,24040386
2013-11-27,32.761905670166016,32.81450357155353,32.58438808153935,32.604111966003494,12120644
2013-11-29,32.761905670166016,32.84080120802257,32.531790180151845,32.735605405247554,7231200
2013-12-02,32.99203109741211,33.14982484910227,32.70274123842171,32.70274123842171,15541735
2013-12-03,32.715885162353516,32.91312928584877,32.466045760065846,32.7553355641224,14257411
2013-12-04,32.42001724243164,32.64355897523856,32.09785608959914,32.61068495908025,12001277
2013-12-05,32.09128952026367,32.38057672168472,32.06498925007088,32.15703493884576,9140551
2013-12-06,32.47262191772461,32.59096523686748,32.189905868350785,32.30167806325198,7758554
2013-12-09,32.584407806396484,32.77507564290249,32.3477157926473,32.466061799521896,9779412
2013-12-10,32.498931884765625,32.57782746078834,32.281966422252445,32.40030978628653,10727747
2013-12-11,32.183345794677734,32.564681438751265,32.0518522858132,32.55153129932956,15200192
2013-12-12,32.057273864746094,32.36245698140682,31.864879387764127,32.22313483082044,12169062
2013-12-13,32.09709930419922,32.44208552455503,31.88479927558284,32.33593551024684,8799322
2013-12-16,31.904682159423828,32.23640141017766,31.77199339820632,32.04400429778624,11893962
2013-12-17,31.778640747070312,31.844982499019803,31.586243566147754,31.79854353788425,14567200
2013-12-18,32.44207000732422,32.461972793950935,31.61277308566259,31.758731274742395,14200086
2013-12-19,32.36909484863281,32.47524482072702,32.196600480907094,32.34255868175453,9182995
2013-12-20,32.72071838378906,32.80696557139763,32.262946277715486,32.41553521154624,17611745
2013-12-23,32.74725341796875,32.97282277372784,32.674275643047686,32.80032840448321,8660567
2013-12-24,32.78043746948242,32.95293190110104,32.66101804357018,32.7937068839819,4457039
2013-12-26,32.98609161376953,33.00599440183242,32.747252852433846,32.80032783803172,5313150
2013-12-27,33.032527923583984,33.10550834369175,32.86003622342014,33.01926116746467,4448026
2013-12-30,33.13205337524414,33.13205337524414,32.727356202620214,32.99936456021747,6625351
2013-12-31,33.20503234863281,33.22493514113951,32.860046191364845,32.999365738911735,8881695
2014-01-02,32.833499908447266,33.19839142762885,32.70744714967667,33.09224145684408,8265052
2014-01-03,32.992733001708984,33.17186079005072,32.81360521336724,32.83350800626175,6743880
2014-01-06,32.99936294555664,33.264737910334155,32.84677399849138,33.04580455900179,10408107
2014-01-07,33.244842529296875,33.43723975317943,33.13205913873776,33.14532855300691,10475598
2014-01-08,33.032527923583984,33.26473063544597,32.906475174418354,33.23819447091704,14353094
2014-01-09,32.8534049987793,33.17185493345037,32.733988262495664,33.05243819716674,9771447
2014-01-10,33.09224319458008,33.21829595996994,32.840135011509695,33.05907099543159,8533969
2014-01-13,35.24178695678711,35.454086958101826,33.695978566823534,33.76895636073906,39081282
2014-01-14,35.162174224853516,35.22851864040268,34.611521410836374,34.85036024589684,22207854
2014-01-15,34.843719482421875,35.095825025341895,34.730933469427605,34.92996402161232,10991424
2014-01-16,34.8304443359375,35.14889422790839,34.56506942596175,34.598241621245016,8142541
2014-01-17,34.46556091308594,34.92996645125004,34.31297196178997,34.91006365987626,17563222
2014-01-21,34.38595962524414,34.66460143681021,34.30634578458832,34.518645823281545,11565204
2014-01-22,34.0675048828125,34.485468868836065,34.02106326112483,34.34614665606442,11164973
2014-01-23,34.23336410522461,34.332880731713786,33.74241965821097,33.97462512001904,16639934
2014-01-24,34.4854621887207,34.611514963408226,33.921542718473646,34.0144232915659,19137842
2014-01-27,34.85035705566406,35.891951553439064,34.85035705566406,35.06929042418535,32490096
2014-01-28,35.075927734375,35.22188331870657,34.64469170936192,34.74420832720137,15801954
2014-01-29,34.6380500793457,35.05601393968431,34.352772358899976,34.96313337653024,20274713
2014-01-30,35.500526428222656,35.606676430382585,34.75084303257739,34.80391803365736,18205646
2014-01-31,35.142269134521484,35.48062191850706,35.002946931887806,35.36783854127559,17071920
2014-02-03,34.55181121826172,35.26168900103596,34.44566121986013,35.102464003433575,16232053
2014-02-04,35.500526428222656,35.50716246103971,34.76411244592021,34.890165241948715,19054631
2014-02-05,35.5137825012207,36.621723727188794,35.255043625830226,36.011360117899635,25682602
2014-02-06,35.67301940917969,35.7393638209325,35.029486041592726,35.334666622448005,12832550
2014-02-07,36.336448669433594,36.36961821429869,35.454076712424666,35.59339887956192,15192961
2014-02-10,36.41606140136719,36.48903917736078,35.971558714312195,36.01800032280384,11118861
2014-02-11,36.953453063964844,36.98662527011044,36.117522486886024,36.296650278239255,16089525
2014-02-12,36.489036560058594,36.94680862417458,36.38952262370104,36.78095029538505,14283926
2014-02-13,36.55540084838867,36.6283786588671,36.097628535122325,36.12416736745549,10735083
2014-02-14,36.78095626831055,36.90037301133191,36.45587028397681,36.45587028397681,9098631
2014-02-18,36.946807861328125,37.10603280850308,36.57528298458656,36.63499399745864,11738753
2014-02-19,36.515586853027344,36.926917441244136,36.48241464638694,36.78096185385935,10791361
2014-02-20,37.026424407958984,37.152477168954405,36.50894130203183,36.56201628836098,10619489
2014-02-21,37.172386169433594,37.37805011814743,37.03306397550013,37.05296676716333,12226597
2014-02-24,37.27190399169922,37.76284841125756,37.066240021664356,37.066240021664356,11541100
2014-02-25,37.092777252197266,37.41122726547291,37.01979945569135,37.2387328452091,8923196
2014-02-26,37.33161163330078,37.451031037100975,37.099408857867154,37.15248385374601,10626196
2014-02-27,37.5903434753418,37.59697950625423,37.152476831323405,37.31170178886388,9490164
2014-02-28,37.80927658081055,38.121090441319744,37.5837072450043,37.63678222682399,12457157
2014-03-03,37.431129455566406,37.663332254962015,37.11931548028262,37.21882945014285,10293246
2014-03-04,37.85572814941406,38.074664180072396,37.75621418301592,37.84246138875512,11523703
2014-03-05,37.73630905151367,38.107831372768025,37.497470242374675,38.08129520080317,9476330
2014-03-06,37.988407135009766,38.24714603292055,37.822546146820265,37.85571834445816,11114774
2014-03-07,38.12773132324219,38.19407306974061,37.88225916955506,38.048117514237134,11144642
2014-03-10,38.02821731567383,38.2272478733091,37.81591734691863,38.107828477811594,7737594
2014-03-11,37.6102409362793,38.10781852657868,37.530629794930675,38.08128236355919,11408004
2014-03-12,37.68986129760742,37.76947245282878,37.324969763401214,37.41121694975143,9954218
2014-03-13,37.30206298828125,37.97067747339018,37.25525887839643,37.85032863024605,10605760
2014-03-14,37.24189376831055,37.45585087646437,36.954389238353066,37.12823005697647,12699454
2014-03-17,37.61630630493164,37.74334563488073,37.40903709536839,37.40903709536839,9965851
2014-03-18,37.683189392089844,37.81691395106236,37.54946750611163,37.649758252346714,7410303
2014-03-19,37.435791015625,38.050919009866334,37.20177577343334,37.8971363430576,10530723
2014-03-20,37.1683464050293,37.36224536872321,36.98113527159679,37.32881423639732,8866918
2014-03-21,36.54652404785156,37.843636592767766,36.519778081465226,37.77677434979476,24549295
2014-03-24,35.9581413269043,36.68024498009756,35.81773168922943,36.68024498009756,16244838
2014-03-25,36.9008903503418,37.09478926322872,35.978202566491156,36.02500400108913,14793254
2014-03-26,37.455848693847656,37.75004103691292,37.03462233233647,37.06136563280047,13701133
2014-03-27,37.26194763183594,37.51602098210221,36.99450129655743,37.368926165947336,11657742
2014-03-28,37.42910385131836,38.08434809810983,37.28869417893494,37.58288383688615,9390394
2014-03-31,37.95730209350586,38.00410620043721,37.469213576905915,37.502644700000744,14861898
2014-04-01,37.68986129760742,38.00410906701456,37.44915826236608,37.87707239346787,8085739
2014-04-02,37.75003433227539,37.81689658105056,37.47590018149442,37.763407316629035,7398880
2014-04-03,37.582889556884766,37.94394420067642,37.409051402089354,37.79684934931343,8712129
2014-04-04,37.522701263427734,37.92386937773196,37.50264312501181,37.85032465220214,10912614
2014-04-07,36.9008903503418,37.54944933613455,36.79391182412784,37.02124186058075,11974762
2014-04-08,36.80060577392578,37.181715834583194,36.57327569965955,36.961073589938394,11283606
2014-04-09,38.177955627441406,38.21138675811609,36.90758602677124,36.92095901363984,16881708
2014-04-10,37.342193603515625,38.87332475685687,37.295389475664564,38.70616906667034,18883388
2014-04-11,37.38896942138672,37.84362667385195,36.97442843499356,37.141581325621985,14286022
2014-04-14,37.154972076416016,37.930565174405906,36.740428218755696,37.5895714037127,11304776
2014-04-15,37.47590255737305,37.64974334601233,36.84740432882322,37.302064441727005,11677759
2014-04-16,37.61630630493164,38.07765150140025,37.39566411226962,37.74334563488073,10098004
2014-04-17,37.756717681884766,38.11108437585055,37.622995863724,37.74334737116375,11804358
2014-04-21,38.27825164794922,38.31168010792579,37.70992773344116,37.81690628974871,6530088
2014-04-22,38.62592697143555,38.993664053390795,38.12446537022856,38.17126681357187,14642866
2014-04-23,38.445396423339844,38.625922364402996,38.164577104800195,38.61254937947416,8107433
2014-04-24,38.465450286865234,38.6593491912956,38.01079023378861,38.32504064320901,7037110
2014-04-25,38.27155685424805,38.56574916706391,38.12446203433675,38.46545578640079,6526630
2014-04-28,37.89713668823242,38.67941767030909,37.76341483704505,38.51894984508807,17807826
2014-04-29,39.26110076904297,39.35470897870893,38.29160893473017,38.44539155947324,14317252
2014-04-30,39.15412521362305,39.44831480906955,38.79307070149388,39.120694091778155,14211299
2014-05-01,39.86286163330078,40.00995645214846,39.1474430074581,39.1474430074581,12287276
2014-05-02,38.92679214477539,39.802678380441115,38.739578411682764,39.762559433568846,12659106
2014-05-05,39.200931549072266,39.22767484609752,38.612549611591454,38.85325264978476,8525480
2014-05-06,38.18463134765625,39.29453285058961,38.13782991467278,39.28115986702594,14502538
2014-05-07,37.33549499511719,38.010794652016116,37.121537927151095,37.56951020408095,24009575
2014-05-08,36.66019058227539,37.28200360984598,36.586643178464996,37.141593957846844,15061227
2014-05-09,36.914268493652344,37.24857710304352,36.37269063137347,36.840721080725096,12979480
2014-05-12,36.9677619934082,37.18840425743179,36.67357230804341,37.18840425743179,8473080
2014-05-13,37.27531433105469,37.482586223178764,36.90757732630932,36.9811247272584,9389032
2014-05-14,37.68986129760742,37.81689797115412,37.195084915272695,37.195084915272695,8171780
2014-05-15,37.36893081665039,37.83696129338761,37.11485476177019,37.31544154293775,9346588
2014-05-16,37.355552673339844,37.616311176072394,37.2151430151024,37.2151430151024,9496976
2014-05-19,37.676490783691406,37.68986376941366,37.18839952527232,37.268634766612536,7880226
2014-05-20,37.442474365234375,37.61631248209393,37.26194841923078,37.58956918449756,8232983
2014-05-21,37.83026885986328,37.85701482996157,37.52939139772025,37.57619550889564,6970143
2014-05-22,37.77009963989258,37.96399859434069,37.469222136300246,37.709925208371544,7522544
2014-05-23,37.98405075073242,38.09771443890869,37.74335038959644,37.86369923366785,6343544
2014-05-27,37.90380859375,38.137826429252094,37.75671380697139,38.06427636287012,7652286
2014-05-28,37.70991516113281,37.930557357583396,37.70991516113281,37.917184374255,7171569
2014-05-29,38.57911682128906,38.63929391473799,37.843640099414294,38.05091200263956,8922358
2014-05-30,38.68608474731445,38.96021882457101,38.45875476624599,38.45875476624599,12071912
2014-06-02,38.73291015625,38.913436140464626,38.432032624894354,38.719537168124596,6733924
2014-06-03,38.71952438354492,38.752955506323104,38.35847253432933,38.458763229670915,7417849
2014-06-04,38.73291015625,38.78639943575781,38.45209077058555,38.632616754800175,7205419
2014-06-05,38.8465690612793,39.09395728248553,38.592495683335294,38.75964865872088,8007349
2014-06-06,38.67941665649414,38.95354818168893,38.5657529523144,38.913431894683555,7024954
2014-06-09,38.73958969116211,38.759647833942076,38.27155923164706,38.43871220347574,8470879
2014-06-10,39.107322692871094,39.114007848313776,38.7262126997858,38.7262126997858,8031558
2014-06-11,39.32128143310547,39.46837624311085,39.04714728028479,39.127382514010606,12258246
2014-06-12,39.27413558959961,39.55706912524849,39.11245812931034,39.260661794623054,10022967
2014-06-13,39.233699798583984,39.50990037504213,39.05855130077345,39.146126896249775,8801628
2014-06-16,39.11918640136719,39.328020758645266,38.89014270195617,39.11245085170374,8102612
2014-06-17,39.11245346069336,39.2202384213539,38.92382843296602,39.03835163688208,6567502
2014-06-18,39.348236083984375,39.37518097987794,38.94404110043671,39.09224476070888,8213176
2014-06-19,39.27413558959961,39.354972973172686,39.13940302612033,39.354972973172686,6300471
2014-06-20,39.69179916381836,39.934313992253635,39.36844426380936,39.48296478096728,15110064
2014-06-23,39.40885925292969,39.73221412257892,39.348231224798965,39.61769361617332,7393011
2014-06-24,39.01814651489258,39.584016273012175,38.991198925240504,39.3280276370329,8550108
2014-06-25,39.651371002197266,39.96125203405864,38.88340262485186,38.890138173731046,13911466
2014-06-26,39.4290657043457,39.590743127314674,39.24044339078648,39.58400757795273,7585738
2014-06-27,38.755409240722656,39.422328241455126,38.721726109262924,39.321278847075945,18115414
2014-06-30,38.970985412597656,39.20676467769869,38.75541549100324,38.80930797140184,9154280
2014-07-01,39.415584564208984,39.50315745617433,38.721718124139684,38.869921717486314,9262224
2014-07-02,39.77936935424805,39.81305248837595,39.321281961879556,39.388648230135374,7274168
2014-07-03,39.88042068481445,40.04883637496994,39.79284775770506,40.00841499344689,5470665
2014-07-07,39.42232894897461,40.18355911557084,39.40211960836454,39.68505307004787,9721458
2014-07-08,39.186553955078125,39.5233799258582,39.01140272666116,39.51664437597397,8667065
2014-07-09,39.442535400390625,39.557055886506426,39.1932823958871,39.375169141196764,7271758
2014-07-10,39.4627571105957,39.59075142730332,38.89014911422693,39.26066096280174,5851718
2014-07-11,39.368438720703125,39.570534831467725,39.17981370901828,39.509906806181114,6399926
2014-07-14,39.193294525146484,39.5233849883229,39.11245714361065,39.489704541445,8781297
2014-07-15,39.01140213012695,39.34149254597529,38.72846594903257,39.15960577045538,10645689
2014-07-16,39.17308044433594,39.213499130217855,38.89014425687707,39.03161235060651,7131640
2014-07-17,38.80256652832031,39.2337063359556,38.78235718648023,38.9844559911662,6968886
2014-07-18,39.30107116699219,39.36170188343781,38.81603890113952,39.018137698434984,7789470
2014-07-21,39.07202911376953,39.200026101334785,38.876671243906166,38.99792729558496,7436294
2014-07-22,39.361698150634766,39.664840931544965,39.15959937250502,39.15959937250502,6821642
2014-07-23,39.14614486694336,39.40886908083818,39.10572347829978,39.274139198122974,6594435
2014-07-24,39.21349334716797,39.40885389097654,39.01813549650172,39.287595158070815,10547282
2014-07-25,39.17308044433594,39.31454853806537,39.01814125074101,39.15960665132773,5790305
2014-07-28,39.05181121826172,39.30106420291162,38.97097386818175,39.18654372591766,9013534
2014-07-29,39.4627571105957,39.93431568649597,39.166349786250294,39.62443456745949,10823744
2014-07-30,39.12590789794922,39.6446231368601,38.809291394064,39.462736429850324,8438286
2014-07-31,38.22321701049805,39.11917961749272,38.20974322036511,38.9103479895719,10604712
2014-08-01,38.263641357421875,38.47921124374939,37.91333894556849,38.11543504071495,10627768
2014-08-04,38.43880081176758,38.580268926581546,37.96724222448311,38.364698978892285,9064676
2014-08-05,37.74492645263672,38.37816232833723,37.603458376326806,38.209746669329064,9464698
2014-08-06,37.67756271362305,37.81903079941204,37.53609462783405,37.64387957956447,12865038
2014-08-07,37.48220443725586,38.10196929406406,37.43505020121292,37.86618734127842,7561844
2014-08-08,38.095218658447266,38.13564002451837,37.44177357123755,37.6371340812514,7421412
2014-08-11,38.1693229675293,38.43204974513682,38.03459315118786,38.1962705466828,5763057
2014-08-12,38.418582916259766,38.49268473264466,38.07501872522863,38.095228066684285,7430530
2014-08-13,38.970985412597656,38.99793030622556,38.50616243251685,38.66110432359138,11172414
2014-08-14,39.59748840332031,39.60422395387866,39.07203466548061,39.10571780455825,8313050
2014-08-15,39.48295593261719,39.74568273992456,39.092234842716685,39.61095021521032,9481046
2014-08-18,39.35496139526367,39.658106880766,39.3078071664328,39.610949958792816,9897207
2014-08-19,39.685054779052734,39.71200236312157,39.301071904640764,39.64463609609201,7791880
2014-08-20,40.06904220581055,40.129670233064786,39.42906802561995,39.53011743085298,7376243
2014-08-21,39.644630432128906,40.190293346710874,39.604211754942725,40.01514215471458,8013846
2014-08-22,39.860206604003906,39.98820089742668,39.67831983476404,39.77263099415831,5436605
2014-08-25,40.23745346069336,40.33176731211909,39.92083685221205,39.97472663425171,5418998
2014-08-26,40.5540657043457,40.68879552228174,40.19029223346214,40.19702778175922,9663189
2014-08-27,40.60795974731445,40.81005582863871,40.49343656982171,40.68879710258729,6860942
2014-08-28,40.41934585571289,40.574287753364004,40.3115608903407,40.34524402866238,5492568
2014-08-29,40.493446350097656,40.702280723561984,40.30482401347547,40.702280723561984,5990158
2014-09-02,40.27786636352539,40.48670068481506,40.19702900892432,40.237447686224854,6345116
2014-09-03,40.742698669433594,40.99868727582301,40.459762476506995,40.50018385631277,9532818
2014-09-04,40.47322463989258,41.09298932758949,40.365439711001116,40.80331766783643,11327832
2014-09-05,41.21424865722656,41.21424865722656,40.5203821572671,40.7022688908267,11259922
2014-09-08,41.12668228149414,41.31530460555342,40.978475948998835,41.241202785877086,8824579
2014-09-09,40.79658508300781,41.11320436545395,40.73595706202855,40.9852100812917,7800998
2014-09-10,40.931331634521484,41.00543347215687,40.65513093808784,40.870700899624694,9655014
2014-09-11,40.78203582763672,41.01275027430111,40.585250215433646,40.85667817833658,8158890
2014-09-12,40.40882873535156,40.802400031578536,40.21204580002617,40.63275854110254,7358846
2014-09-15,40.388465881347656,40.707394765146645,40.374896517363794,40.476680311181156,8110367
2014-09-16,40.7073974609375,40.75489566360187,40.225611762337465,40.38168387357665,9479579
2014-09-17,40.632747650146484,40.720962069641736,40.22560438422899,40.39524854202268,10764218
2014-09-18,40.92453384399414,40.944890601116946,40.59203562300926,40.80239058846986,8388297
2014-09-19,41.04667663574219,41.318104582291866,41.04667663574219,41.2231027664089,15175774
2014-09-22,41.10774612426758,41.37917406565282,40.890603771159384,40.9652461159419,9767884
2014-09-23,40.9041748046875,41.20953157006757,40.50381894043886,40.8159603868855,8396681
2014-09-24,40.95845413208008,41.08059736212295,40.8702397277595,40.924525306357786,12015949
2014-09-25,40.46989822387695,41.05346772180374,40.463110828662174,40.90418300610858,9109006
2014-09-26,40.30026626586914,40.571694337138375,39.730268672598086,40.52419612015919,11303938
2014-09-29,40.313812255859375,40.52416989224182,39.90667176885796,40.05595643323935,9137722
2014-09-30,40.22560501098633,40.70060323463491,40.20524825429138,40.307034750553534,9691170
2014-10-01,39.838829040527344,40.18489939795379,39.69632900285976,40.096684959741104,9525167
2014-10-02,39.93382263183594,40.07632264977189,39.55382348826926,39.88632443438233,8499070
2014-10-03,40.64630889892578,40.78202147622547,40.15095134545465,40.15095134545465,9056606
2014-10-06,40.42918395996094,40.88382549389712,40.23918301483614,40.82953989711687,7456101
2014-10-07,39.669193267822266,40.30704847500601,39.66240587142125,40.252762867739555,9977065
2014-10-08,40.83631896972656,40.87024780215189,39.743822501895735,39.804892772588865,12909474
2014-10-09,40.17810821533203,41.0602470291713,40.11025054879439,40.714176727731854,9008398
2014-10-10,39.80490493774414,40.659902552689054,39.80490493774414,40.24597446849798,11826890
2014-10-13,38.09489822387695,39.7302505917453,37.98632704477895,39.7302505917453,15518470
2014-10-14,38.22382736206055,38.64454001609945,37.816686784032576,38.386684135829235,11460718
2014-10-15,37.13810729980469,37.91167748182709,36.839537970511046,37.572391933531385,19687518
2014-10-16,36.25597381591797,36.703830619694656,35.61811880010723,36.64954502871529,22905298
2014-10-17,36.65632629394531,37.07025419505049,36.3238254093004,36.54096773691052,20664569
2014-10-20,36.67668914794922,36.825973844812715,36.58847472358783,36.79204501138237,12643177
2014-10-21,37.4095458984375,37.51133240588255,36.85990526892473,37.02954673521211,18119815
2014-10-22,37.66739273071289,37.90489181147667,37.32132248658354,37.477394551216676,13520982
2014-10-23,38.427398681640625,38.72597079795092,38.128829278117934,38.17632747624876,12419953
2014-10-24,39.09239959716797,39.12632843321002,38.42740037887672,38.54275896397724,8966059
2014-10-27,38.30524826049805,38.84131665488071,37.945605962369974,38.61738965994975,15111007
2014-10-28,37.89812088012695,38.407048053938425,36.71062233270817,38.407048053938425,25111338
2014-10-29,38.1356086730957,38.41382399266787,37.74882489593802,38.01346542822956,13092559
2014-10-30,38.888816833496094,38.943102411212415,37.79631788646337,37.80310527916969,13484197
2014-10-31,39.316322326660156,39.44525026173822,39.126324121109576,39.32310972079316,14741273
2014-11-03,39.98133087158203,39.98811555452275,39.06526032239433,39.323118965962436,10667487
2014-11-04,40.28667449951172,40.51738619723484,39.947388920853896,39.947388920853896,11882643
2014-11-05,40.42238998413086,40.883818838036625,40.29346205186562,40.70738999902634,13287382
2014-11-06,40.21205139160156,40.64633627188496,40.16455046552489,40.44276319966077,14003481
2014-11-07,40.266319274902344,40.45632019557566,40.07632106701649,40.30024810762213,11122424
2014-11-10,39.906673431396484,40.164529264758954,39.153459972441496,39.51988696856575,15299228
2014-11-11,40.28667449951172,40.68024294945614,40.17810333136419,40.52417359073605,13942173
2014-11-12,40.24596405029297,40.40882082587665,40.10346674534637,40.225607292443456,6988902
2014-11-13,40.402034759521484,40.68024739097997,40.1577509609119,40.37489332091485,6965951
2014-11-14,40.083099365234375,40.40881011729886,39.87952641511216,40.191670520184815,7472869
2014-11-17,40.34774398803711,40.64631605109208,40.24595750256191,40.51738541770865,8982722
2014-11-18,40.6395378112793,40.80239459704884,40.13739808974735,40.36810983499673,8030824
2014-11-19,40.46989822387695,40.53096850408283,40.1238278771346,40.463110828662174,7655011
2014-11-20,40.29346466064453,40.30703673670574,39.94060967256593,40.17810879609312,7064673
2014-11-21,40.48346710205078,40.72775091635604,40.25953733341768,40.67346532286735,11800899
2014-11-24,40.20525360107422,40.58525277308558,40.02882744865977,40.58525277308558,8895424
2014-11-25,40.266319274902344,40.48346434686647,40.12382197538168,40.25274991204439,10824373
2014-11-26,40.5445442199707,40.55811629883029,40.273116206719465,40.510615379215785,6582069
2014-11-28,40.98561096191406,41.30453987328505,40.51061264893473,40.51061264893473,6505355
2014-12-01,41.06704330444336,41.60989932856468,40.904186497206965,40.98561354443112,8671257
2014-12-02,41.243465423583984,41.37918077266795,40.90418247644971,41.141681624558835,6755408
2014-12-03,41.10774612426758,41.34524523388124,40.92453260293096,41.22988937608778,10197564
2014-12-04,41.33845901489258,41.65060045767741,41.060243689829925,41.060243689829925,7456101
2014-12-05,41.72523498535156,41.91523585806358,41.27059362468747,41.41309360102479,11708046
2014-12-08,41.98989486694336,42.20703725756922,41.37918121511115,41.50810917044678,11941646
2014-12-09,40.720951080322266,40.809162763224556,39.865951266469615,40.30702324491423,19679554
2014-12-10,40.70060348510742,41.06703324623376,40.5106052795937,40.79560530065171,13889878
2014-12-11,40.570701599121094,41.418490144162774,40.46814840681761,40.87153067423073,11857177
2014-12-12,39.46311569213867,40.78265455453629,39.45627972288892,40.42713222095594,12702179
2014-12-15,38.93666076660156,39.69556803420193,38.834107577259594,39.53148019796082,12759610
2014-12-16,38.8341064453125,39.85281600731689,38.82043177603418,38.950334300943545,11752272
2014-12-17,39.40157699584961,39.51780485288203,38.67001908010618,39.00503071505417,13271662
2014-12-18,40.32456970214844,40.32456970214844,39.71607833950152,40.05792867879812,14000651
2014-12-19,40.734806060791016,40.95358992335209,40.34509559729475,40.509183494215556,18208162
2014-12-22,40.31089782714844,40.72111880940181,40.03058211480276,40.42028972464345,10491004
2014-12-23,39.11442184448242,40.338243236771525,38.99135528847117,40.12629543104624,14845339
2014-12-24,39.28535461425781,39.55883439379628,39.141780121632785,39.16912673293939,5293448
2014-12-26,39.50413513183594,39.66822298582671,39.37423258908836,39.435767242643806,4897094
2014-12-29,39.46993637084961,39.59984160262504,39.27850197307387,39.27850197307387,6291982
2014-12-30,39.415252685546875,39.497297976725406,39.175958247325255,39.33321012766251,5486070
2014-12-31,38.8272590637207,39.55198084063101,38.78623779835042,39.15543465326953,7842813
2015-01-02,39.10074234008789,39.51096323163268,38.991350466781746,39.1212529746711,7415962
2015-01-05,39.68190002441406,39.98272640803072,39.36056026619226,39.7981279029397,16727338
2015-01-06,41.240726470947266,41.36379303153747,39.82547059068882,39.845981228571524,25453510
2015-01-07,42.122703552246094,42.12953952097019,41.26807899690752,41.32277494658283,19528956
2015-01-08,42.97050094604492,43.032032880969815,42.28680275813148,42.3893559830063,20038808
2015-01-09,42.772216796875,43.16192441834244,42.50557301379042,42.9431406168251,13245358
2015-01-12,42.594451904296875,43.41489111432676,42.45771340260559,43.14141137765013,12124312
2015-01-13,42.51923751831055,43.49692842255948,42.20473656215046,43.011500954023816,10516890
2015-01-14,42.82691955566406,43.011518075879096,42.03382951572931,42.19791739295319,10331289
2015-01-15,42.30729675292969,43.06620125151359,42.273111446993525,42.92946276106275,10023701
2015-01-16,43.09354782104492,43.18242906411004,42.06799690872766,42.29361936675254,11917018
2015-01-20,42.80640411376953,43.278157049563134,42.30730456815168,42.87477473827164,13734983
2015-01-21,42.49873352050781,42.92262641747017,42.44403757466448,42.67649602782215,9517307
2015-01-22,42.79273986816406,42.87478518421484,42.06801763177798,42.56712003229066,8902131
2015-01-23,42.7243537902832,43.073040085294316,42.66965511398186,42.703840420023276,6528097
2015-01-26,42.949981689453125,43.05937359624942,42.47139278054292,42.78589382925868,7036901
2015-01-27,42.772216796875,43.08671782823263,42.47822640524785,42.99100059839235,8347425
2015-01-28,42.01331329345703,43.04570047604206,41.924434757614215,42.94998323746902,9293769
2015-01-29,42.450870513916016,42.491894520341816,41.54155287078527,42.07483762138287,9527682
2015-01-30,41.21337890625,42.34148036332312,41.042452372379906,42.06800064242487,12667071
2015-02-02,41.62358856201172,41.65777386175631,40.87152016751066,41.36378356390481,9711502
2015-02-03,41.71932601928711,41.746675365680346,40.980931932794995,41.63044747674575,12028420
2015-02-04,40.372432708740234,41.02194539552346,39.88700513584402,41.00143475628759,20380142
2015-02-05,40.45448303222656,40.577549624562565,40.003243415819,40.52285366500153,13268099
2015-02-06,40.194679260253906,40.8647054707478,40.05110201991273,40.40662713567083,10338310
2015-02-09,39.880165100097656,40.33824328510042,39.60668538268602,40.098948874026966,10494777
2015-02-10,40.23569107055664,40.57070273024498,40.180995122038496,40.33824699901346,9997291
2015-02-11,40.16048049926758,40.31089365944864,39.92802205780077,40.17415516836417,10987127
2015-02-12,40.25619125366211,40.41344308979332,40.05792088341387,40.33823652177639,7553670
2015-02-13,40.208343505859375,40.29722476174747,40.071602271171834,40.269875421492344,8278466
2015-02-17,40.194679260253906,40.31774585673131,40.13314732866259,40.16049394271603,10676290
2015-02-18,40.20150375366211,40.34508095301466,39.81179616491516,40.11262250009653,11039842
2015-02-19,39.859657287597656,40.33141017522511,39.524642901719034,40.235690217377474,10308338
2015-02-20,39.89384841918945,39.982726954987,39.469952715320744,39.75710716418808,12161830
2015-02-23,39.859657287597656,40.11262365249769,39.7707760314786,39.92118920339052,9002215
2015-02-24,39.900672912597656,40.044250095736395,39.68872512162262,39.9895541561261,8084377
2015-02-25,39.989559173583984,40.317734852421715,39.6955688029536,39.96904853531838,8861050
2015-02-26,40.31089782714844,40.44080309705613,40.10578870266882,40.10578870266882,12040577
2015-02-27,40.02375411987305,40.37927649091325,39.98956880343356,40.263048601654745,13686775
2015-03-02,40.05110168457031,40.26304955821263,39.84599251435517,40.023755070745835,10131226
2015-03-03,39.88700866699219,40.133141826200855,39.62036760002624,40.09211781080316,8647362
2015-03-04,39.57250213623047,40.098950961313044,39.435763637053874,39.934863122324735,13975290
2015-03-05,39.64088439941406,39.84599357508939,39.51781780069094,39.716091006051855,12087737
2015-03-06,38.8614616394043,39.565673096703236,38.77941633889529,39.551998424402655,11595806
2015-03-09,39.14860916137695,39.22381574577578,38.492257806666444,38.86145476036761,8742416
2015-03-10,38.68370056152344,39.10075758274623,38.62216863378679,38.9366697088206,13755000
2015-03-11,38.32817077636719,39.30585912746636,38.26663886055056,39.30585912746636,16417234
2015-03-12,38.71415328979492,38.7486152401501,38.36264525375027,38.47292239272165,13576106
2015-03-13,38.73481369018555,38.89333804436069,38.348843865396,38.61764531236816,13700399
2015-03-16,39.36891555786133,39.50676057138387,38.996728234984516,38.996728234984516,12073798
2015-03-17,38.920902252197266,39.21038028221508,38.76238066845348,39.21038028221508,10479371
2015-03-18,39.73420333862305,39.95475754935217,38.74170939034197,38.865771822730146,15645068
2015-03-19,40.12017822265625,40.20977872639207,39.306885157779234,39.58257795565386,15149783
2015-03-20,40.37519454956055,40.56818088646945,39.810026378455035,40.14085498167563,27367472
2015-03-23,40.47858428955078,40.76116840237957,40.003013821185355,40.251135986403575,11170108
2015-03-24,40.409664154052734,41.147142186378254,40.32695767642256,40.947264524887956,13692434
2015-03-25,40.15463638305664,41.15402164790066,40.09949782867741,41.009285353640884,14712243
2015-03-26,39.69974136352539,40.11328188598145,39.56878764544775,40.00300478071479,11090879
2015-03-27,39.80312728881836,40.13395860549794,39.720420837354546,39.85826584159829,8932628
2015-03-30,40.209781646728516,40.347629433383624,40.07882790265379,40.14775179598134,8582072
2015-03-31,39.617027282714844,40.189089311689706,39.617027282714844,40.106382876373644,10960718
2015-04-01,39.18971633911133,39.50676236447404,38.74860786715886,39.46540913408162,13322386
2015-04-02,39.355125427246094,39.596356238031596,39.18281573710501,39.286201551189656,7947508
2015-04-06,39.41026306152344,39.52054015848723,39.08632305591281,39.23795337538504,13256362
2015-04-07,39.58256912231445,39.892723795135126,39.4929686385741,39.74109347899538,9723658
2015-04-08,39.38958740234375,40.00989402119939,39.29998691446846,39.91340224787678,14210566
2015-04-09,39.58256912231445,39.78933798572427,39.36201493323415,39.437830091304015,12582288
2015-04-10,39.45851516723633,39.73420518806768,38.817529118043325,39.320667401408365,16251860
2015-04-13,39.10010528564453,39.54121363856942,38.94158093803275,39.341336071723866,10983983
2015-04-14,39.81001281738281,39.96853440059548,39.017396635084765,39.24484208338724,15359698
2015-04-15,40.28559112548828,40.63020778793876,40.02368367440734,40.02368367440734,12690022
2015-04-16,39.86515808105469,40.24423389215113,39.796234204341864,40.120171465150456,6717051
2015-04-17,39.20349884033203,39.53432741502434,38.98983590635988,39.527436128926766,12223243
2015-04-20,39.70664596557617,39.9754447590239,39.55501559435818,39.63083077996718,10439547
2015-04-21,39.741092681884766,39.996106046908515,39.56878300298946,39.98232347692636,9699764
2015-04-22,39.76176834106445,39.89961332547125,39.506752226729525,39.67216786126474,8294501
2015-04-23,39.63770294189453,39.87204242869506,39.31376573745208,39.644594226201896,8742416
2015-04-24,39.69974136352539,40.10639060018184,39.63771152509245,39.87205106263715,8244092
2015-04-27,39.355125427246094,39.99610865725249,39.203495104251544,39.858263660551636,11108381
2015-04-28,41.340118408203125,41.684735099303104,39.355132990673845,39.355132990673845,36398298
2015-04-29,41.13334655761719,41.650270179637836,40.82319458873467,40.89211571770171,18017216
2015-04-30,41.05064392089844,41.45039642559297,40.83008967468934,41.209165563228346,13636995
2015-05-01,41.257408142089844,41.61581012909384,41.133345703864435,41.18848425914103,9806660
2015-05-04,41.795021057128906,42.008684056978396,41.37458910106538,41.45040429316343,9484819
2015-05-05,41.691619873046875,41.83635615082836,41.39524776601488,41.574448736198335,12662041
2015-05-06,41.53310012817383,41.760545631082294,41.30565462526537,41.66405385003739,12126303
2015-05-07,41.5606575012207,41.85702679105408,41.30564142498934,41.38834785219337,9433048
2015-05-08,41.86391830444336,42.30502659971432,41.836347658283245,42.04311923825003,10630283
2015-05-11,41.35388946533203,41.8294597287332,41.24361238267122,41.80878312016075,10185407
2015-05-12,40.96794128417969,41.16781894635246,40.74049571450707,41.04375647407056,13825111
2015-05-13,40.78873825073242,41.25052337977922,40.64399917581417,41.091998975008586,7672303
2015-05-14,41.202274322509766,41.27808950030257,40.69913598106088,40.988611362975426,7469410
2015-05-15,41.512428283691406,41.512428283691406,41.222950151889364,41.31255065722869,8033654
2015-05-18,41.360782623291016,41.66404321643672,41.360782623291016,41.47105970360064,7535539
2015-05-19,41.712303161621094,41.98799594626345,41.31254793503658,41.32633326312179,8518878
2015-05-20,41.67094421386719,41.93974291987089,41.65715888767387,41.81568049495503,6324575
2015-05-21,41.422828674316406,41.898399113874056,41.41593738737684,41.73298342861108,8424872
2015-05-22,40.92656707763672,41.40213734822796,40.89899642884888,41.40213734822796,9421939
2015-05-26,40.643985748291016,40.96792298262049,40.561276551914,40.85764589105901,11378870
2015-05-27,40.98170471191406,41.20225887568416,40.575058316889404,40.72668861562845,10193582
2015-05-28,41.14712905883789,41.25051487830453,40.92657484830545,40.97482211513898,9987545
2015-05-29,41.96731948852539,42.12584111815386,40.98860803283175,41.27119486027793,20976349
2015-06-01,41.87081527709961,42.525586525132866,41.58823127032735,41.93973914645295,12374155
2015-06-02,41.519317626953125,41.67095072795922,41.22984226411405,41.66405668607888,9424664
2015-06-03,41.6226921081543,41.96041465042715,41.533091631438474,41.80878434617499,9078195
2015-06-04,40.98860549926758,41.4986378100874,40.85076049265834,41.3263308629728,11350154
2015-06-05,40.657779693603516,40.94725505376635,40.52682320862432,40.9127931109205,11404126
2015-06-08,40.5750617980957,40.78183065551736,40.499246642221486,40.58884712336696,8434094
2015-06-09,40.55439376831055,40.86454849777083,40.46479326820758,40.63710022661335,6754570
2015-06-10,41.0850944519043,41.11955638772672,40.60263010580222,40.65087736703598,10713914
2015-06-11,40.911476135253906,41.23093649023022,40.86286465507522,41.112874089001224,12199034
2015-06-12,40.18922424316406,40.83508308529311,40.133666284329344,40.82813938157787,16571290
2015-06-15,39.668373107910156,40.02949849204033,39.59892495760277,40.00171812136888,10591612
2015-06-16,40.07809829711914,40.0919857010747,39.50168496548592,39.75169432949914,7303407
2015-06-17,40.217010498046875,40.39757459725003,39.91144304681527,40.078116959224744,8297330
2015-06-18,40.68925476074219,40.88370627095377,40.2170106193057,40.2170106193057,7797644
2015-06-19,40.30727767944336,40.86285718253752,40.24477602648421,40.56423354667072,13218948
2015-06-22,40.855918884277344,41.112874802956114,40.57813185347826,40.82814129174586,8763900
2015-06-23,40.99482345581055,41.00871364306724,40.64064172718058,40.890651215942825,8772808
2015-06-24,40.44618606567383,40.99482206821225,40.44618606567383,40.91843020544363,8288003
2015-06-25,40.21006774902344,40.69619931101831,40.08506161765082,40.45313353002087,10428858
2015-06-26,40.61979675292969,40.64757434349339,40.17533309294352,40.432288993419384,13711718
2015-06-29,39.78642654418945,40.43228813341558,39.75864895421659,40.23089019472177,10062058
2015-06-30,39.53642654418945,40.07811886759223,39.38364281129867,40.07811886759223,12415970
2015-07-01,40.0017204284668,40.18923100038566,39.314193695707054,39.53642279203952,9830345
2015-07-02,40.05032730102539,40.50868114798709,39.93226768157702,40.237835061970884,8927283
2015-07-06,39.96699905395508,40.16839703526786,39.33502751416569,39.75171088653107,8440697
2015-07-07,40.27257537841797,40.34896725433243,39.71005186866312,40.105901437412236,9467946
2015-07-08,39.828102111816406,40.09894824300402,39.668374691378965,40.09200176187325,9548957
2015-07-09,39.848934173583984,40.39757011553877,39.82810028389056,40.307288075953096,9094334
2015-07-10,40.24479293823242,40.45313464534988,39.9878369630265,40.32812851053073,8433675
2015-07-13,40.18922424316406,40.66146550507371,40.05727443797797,40.45312385353625,9572222
2015-07-14,40.41145324707031,40.47395490524109,40.05727163136112,40.21005531335906,7582385
2015-07-15,40.43229293823242,40.66841497473025,40.32812071662043,40.39062238376494,6024533
2015-07-16,40.848968505859375,40.88369257312841,40.52256727099758,40.63368317571024,5580286
2015-07-17,40.848968505859375,40.91841664039744,40.68924112806656,40.765632965510186,7324367
2015-07-20,40.97398376464844,41.11287728844482,40.87675802035385,40.94620339406642,5970666
2015-07-21,40.74481201171875,40.987880576308136,40.73092460055385,40.967046683189096,7265574
2015-07-22,40.369789123535156,40.994816910200534,40.2864535660444,40.633691533788635,9031454
2015-07-23,40.328125,40.64758262662112,40.23784295362135,40.64758262662112,6750797
2015-07-24,39.86976623535156,40.196170303783354,39.80726456913682,40.078110675476246,8223761
2015-07-27,39.578094482421875,39.89755211447762,39.32808223029373,39.88366192794351,15601576
2015-07-28,39.94615936279297,40.02949769678042,38.77249841722278,39.25168620262981,17173681
2015-07-29,40.6545295715332,40.84898107643417,40.029501721090234,40.064225799045005,13494048
2015-07-30,40.640628814697266,40.848970451866045,40.47395494968809,40.71007695254377,7324996
2015-07-31,40.946205139160156,41.20316108432451,40.7656438281666,40.97398551092615,9172620
2015-08-03,41.008705139160156,41.28649494483098,40.61285293084733,41.182322726565275,7133736
2015-08-04,40.76563262939453,41.30037548709091,40.53645434258264,41.27954160217539,7268718
2015-08-05,41.043426513671875,41.16842983572759,40.814248203828,41.02953633020873,5976325
2015-08-06,40.578128814697266,41.14759579447201,40.50173419412177,41.085094133678446,7356646
2015-08-07,40.2586669921875,40.59201472352467,40.05032535419446,40.52256936177416,10178595
2015-08-10,40.56423568725586,40.70312918217358,40.46006348378957,40.46006348378957,5294915
2015-08-11,40.112831115722656,40.41145478787571,39.97393483488634,40.23089073333684,7418058
2015-08-12,40.46006774902344,40.47395793289069,39.668368914154414,39.77948483235051,7886514
2015-08-13,40.96009063720703,41.28649469805844,40.626742872394495,40.66146694494218,11483146
2015-08-14,41.09899139404297,41.36983474715656,40.88370323139818,40.98092897927559,9920787
2015-08-17,41.46705627441406,41.494836643192244,40.68230111381069,40.83508481297753,6407158
2015-08-18,41.43232727050781,41.63372241301516,41.362879137852566,41.43927097322512,7123675
2015-08-19,41.43232727050781,41.71706072747556,41.10592326812459,41.1962052853023,8369642
2015-08-20,39.550296783447266,40.661455691978404,39.404456829656276,40.480891675249524,24831731
2015-08-21,38.730812072753906,40.02253480758655,38.723868371738085,39.300281623516774,18478860
2015-08-24,37.494659423828125,37.77939288219764,31.7305226888469,36.85574159772141,26030853
2015-08-25,35.536251068115234,38.48082053947507,35.41819142951055,38.466933130018994,23946590
2015-08-26,37.79329299926758,37.925242820827116,36.45295534082769,37.084926853946634,23989978
2015-08-27,38.16135787963867,38.473871749406186,37.25159663831907,38.39053619819937,16910109
2015-08-28,38.453041076660156,38.48081867059459,37.91135161941232,38.04330143743608,13411256
2015-08-31,37.39743423461914,38.404423923027075,37.23770684624363,38.27941782785044,13537121
2015-09-01,36.48073959350586,36.966871151265664,36.251561225257355,36.57102164446781,16503275
2015-09-02,36.79324722290039,36.99464518261368,36.35572723010555,36.92519703587715,13761078
2015-09-03,36.56406784057617,37.18909559045645,36.52934654457929,36.9946441168414,12732257
2015-09-04,35.82793045043945,36.279337882633264,35.54319413972039,36.182112136315894,15186882
2015-09-08,36.59185028076172,36.82102583972005,36.2515560181122,36.81408213540174,15679233
2015-09-09,36.06404495239258,37.03631061605543,35.98070940267998,36.9529722899719,11650302
2015-09-10,36.61267852783203,36.94602625842097,36.015431204619524,36.12654711481584,14740539
2015-09-11,36.48659896850586,36.73876356785901,36.22042740273445,36.5706547683813,12671158
2015-09-14,36.66171646118164,36.93489152811754,36.41655812919693,36.507614617993326,9213387
2015-09-15,37.50926208496094,37.74741692113312,36.892863144456776,36.969912661985646,12358226
2015-09-16,37.7334098815918,37.8034559208712,37.3481622661019,37.4812452602953,9098107
2015-09-17,37.79643249511719,38.17467925551721,37.13800730521456,37.71938300696315,23894295
2015-09-18,36.51462173461914,37.73340993866658,36.360522688190095,37.60032414399846,30389799
2015-09-21,35.70909881591797,36.731761416557795,35.50596699248262,36.731761416557795,18070978
2015-09-22,35.540992736816406,35.72311132356018,35.204775099877196,35.407906938895486,13409789
2015-09-23,35.744117736816406,36.03130252998491,35.295827640003345,35.54098593666387,10538164
2015-09-24,35.435916900634766,35.62503893522308,35.17674883834027,35.39389040412024,11012698
2015-09-25,34.74247360229492,35.947254814494066,34.41326226428591,35.66707346285163,16058190
2015-09-28,33.91594696044922,34.581378870706104,33.68479834334053,34.53234607301305,21117724
2015-09-29,34.077049255371094,34.532342963321256,33.761844842069536,34.02801646209352,13417439
2015-09-30,34.59537887573242,34.700445126453126,34.217131972318285,34.602382359022734,13287697
2015-10-01,34.58137130737305,34.721460583997825,33.999995348847115,34.56736153962855,15100213
2015-10-02,35.12071228027344,35.12771856314879,33.8669012761541,34.175102115300355,25453719
2015-10-05,35.884212493896484,35.94725504859744,35.50596836678426,35.77213995250965,16643917
2015-10-06,34.88256072998047,35.99627969460147,34.54634315570376,35.99627969460147,17285188
2015-10-07,35.68807601928711,35.80715200794827,34.861541979703695,35.34485221621063,15204594
2015-10-08,35.73711395263672,35.856192768099326,35.120715026419894,35.484952155684596,13144016
2015-10-09,35.68807601928711,36.08032979403699,35.50595749522796,35.716092745918694,11445627
2015-10-12,35.51997375488281,35.618036516436725,34.80551209170381,34.819519057445056,12212658
2015-10-13,34.65140914916992,35.660061864771684,34.57435963898446,35.56900258902351,15621383
2015-10-14,34.700439453125,35.106703023551766,34.637399712999226,34.7354624643969,14390298
2015-10-15,35.526981353759766,35.77914597013946,34.4973152374683,34.79150635648682,14711300
2015-10-16,36.05931091308594,36.22742246074558,35.779132467712685,35.933231452749666,11624940
2015-10-19,36.003292083740234,36.108358343350375,35.674077936323755,35.954259295739874,8847111
2015-10-20,35.29582977294922,36.05231795689977,35.09269796052132,35.99628169141183,10422255
2015-10-21,35.435916900634766,35.70909472852509,35.12771885916431,35.54798942485547,11810855
2015-10-22,36.43056869506836,36.81581631079721,35.23279094357719,35.597028107837296,19335181
2015-10-23,37.03996658325195,37.29913472482002,36.52163030011581,36.66872588318276,16457268
2015-10-26,37.060970306396484,37.24308886719103,36.75277224991934,36.87885174560194,11502010
2015-10-27,37.45322799682617,37.894511877464794,36.96991481304828,37.65635982770916,14626831
2015-10-28,38.594970703125,38.62299024148656,37.50926819695103,37.81746911755987,15416080
2015-10-29,38.43385696411133,38.97320635717532,38.15367564305686,38.496899511519246,9334850
2015-10-30,38.286781311035156,38.714055566128586,38.286781311035156,38.37783783078423,11546235
2015-11-02,38.60197448730469,38.75607634894247,38.1116577646333,38.307786133866074,11065937
2015-11-03,38.60197448730469,38.79109657175583,38.160690557009914,38.580961233507196,9658578
2015-11-04,38.89616394042969,39.06427276373341,38.65100558981261,38.85413743467215,8121162
2015-11-05,38.559932708740234,39.00121926454508,38.30076468075383,38.84711746393655,9481046
2015-11-06,38.25175094604492,38.44087303588055,37.831477457308374,38.3778304724195,11237704
2015-11-09,37.99257278442383,38.11164879467513,37.642345436256484,37.84547724218808,9578930
2015-11-10,38.12565612792969,38.24473213058294,37.83847134491563,38.090633115320415,7820490
2015-11-11,37.628334045410156,38.52491422582799,37.60031731490856,38.391828455331336,8954741
2015-11-12,37.14503479003906,37.80346035579802,37.14503479003906,37.537285935364615,8989220
2015-11-13,37.14503479003906,37.62834523705582,37.05397548834787,37.44622943394717,11941436
2015-11-16,37.61433410644531,37.69138363005828,36.514621923447294,36.55664842718647,7239374
2015-11-17,37.621334075927734,38.034601191395794,37.32714297668838,37.621334075927734,7468677
2015-11-18,37.98556137084961,38.04860390916338,37.614323624243944,37.726396136498806,11330347
2015-11-19,38.02059555053711,38.195710652550524,37.76843372402066,38.1326680957163,7167482
2015-11-20,37.89452362060547,38.426869756211325,37.824480360881054,38.25175740648893,9362098
2015-11-23,37.83147048950195,37.96455627634587,37.67036796871508,37.880503274243715,9105129
2015-11-24,37.460243225097656,37.60033534560354,37.19407155646558,37.51627951324516,11011546
2015-11-25,37.628334045410156,37.7684260987369,37.446218296467464,37.558290819019696,6370687
2015-11-27,37.79643249511719,37.964541232982036,37.376162050591134,37.376162050591134,3124717
2015-11-30,37.131019592285156,37.901517601290195,37.12401330839547,37.85248481515575,14004634
2015-12-01,38.223724365234375,38.27275714997436,37.432213127616954,37.66336168366277,13620646
2015-12-02,37.69839096069336,38.51792186859998,37.649360968085745,38.28677327417451,10584066
2015-12-03,36.836830139160156,37.88750954435596,36.591671797966036,37.8734997762174,14247665
2015-12-04,37.57229995727539,37.600319489670525,37.00493382914122,37.03295336153636,14343976
2015-12-07,37.60031509399414,37.985562617341685,37.25008778163685,37.838469890418914,9113408
2015-12-08,37.45322799682617,38.10464999234102,37.27811570136937,37.52327403511825,7936714
2015-12-09,36.997928619384766,37.551284955494715,36.78779333732115,37.32013642525204,10854346
2015-12-10,37.60732650756836,37.81045833557088,36.99793382383414,37.1380230981584,12001591
2015-12-11,36.84431076049805,37.64266225972452,36.75246453788799,37.44483897460901,10896999
2015-12-14,36.87962341308594,36.99266445200604,36.49104660709339,36.84430055983685,12575162
2015-12-15,37.37417984008789,37.579067074892436,36.900820845666,37.077446408683194,12142023
2015-12-16,38.16547775268555,38.229062295233426,37.44483881477649,37.741572328946496,10494986
2015-12-17,37.204620361328125,38.32796397594805,37.204620361328125,38.229053768111406,14165921
2015-12-18,36.48398208618164,36.964405082572235,36.46278442026998,36.8443000395927,22114686
2015-12-21,36.6464729309082,36.84429613751043,36.17311399030538,36.84429613751043,12194633
2015-12-22,36.808982849121094,36.90082906618211,36.22964669314481,36.745398310143365,13830351
2015-12-23,37.43069839477539,37.600259943183175,36.99266227636768,37.00679311151975,7469515
2015-12-24,37.338871002197266,37.53669149603459,37.16930936841937,37.296478475397464,3123145
2015-12-28,37.33179473876953,37.47309747679475,37.14103830201394,37.29646905426323,5068442
2015-12-29,37.68503952026367,37.87579591025226,37.38124209735797,37.4236317785838,6925708
2015-12-30,37.621456146240234,37.85460222456784,37.50134827980613,37.685040670018914,5827194
2015-12-31,37.317657470703125,37.64971373866926,37.204616438103514,37.30352663551009,8690959
2016-01-04,37.07745361328125,37.169299827728224,36.462791789431364,36.745397264328545,17998981
2016-01-05,37.55080032348633,37.77688236931229,37.211677254747386,37.296456609696065,11607124
2016-01-06,37.035064697265625,37.40951356997684,36.88669794962736,37.09864923576498,13064263
2016-01-07,36.710060119628906,36.964401013372644,36.34267537653309,36.39919588897305,13330560
2016-01-08,36.08834457397461,37.10571408237532,35.93291100294757,37.098647251049165,14835698
2016-01-11,36.20844268798828,36.41332991661054,35.7562785488143,36.20844268798828,15057035
2016-01-12,36.568756103515625,36.787774140475136,36.017681833277706,36.39213056770677,11864408
2016-01-13,35.79160690307617,36.78071461928537,35.735086381450714,36.674740406533026,17340837
2016-01-14,36.59701919555664,36.816034416569664,35.74214467725237,35.798665189848016,14219788
2016-01-15,36.1307258605957,36.24376689079309,35.3959591643127,35.67856173980616,16233939
2016-01-19,36.27202606201172,36.67473650100346,35.89757729305941,36.455718443851026,11454116
2016-01-20,35.71388626098633,36.04594251116816,34.830752888041786,35.530193886732086,16684579
2016-01-21,35.975303649902344,36.25790629216496,35.388903520266545,35.876390606755706,12499706
2016-01-22,36.27909851074219,36.554634301704404,35.996495888939435,36.34268304147052,11331814
2016-01-25,35.975303649902344,36.34268567260726,35.8622625929973,36.27910113727553,9725964
2016-01-26,36.34974670410156,36.45572374545272,35.86225965751533,36.067144084971204,9450340
2016-01-27,35.58672332763672,36.43453123941617,35.2052104734542,35.7916105927092,13748817
2016-01-28,34.76011276245117,35.70683095929335,34.60468200688938,35.55846703546725,18996991
2016-01-29,35.79866027832031,35.79866027832031,35.02856804680121,35.1840015534681,17734990
2016-02-01,35.85519027709961,36.017687830721734,35.21226971735484,35.60084935020469,11979898
2016-02-02,35.614986419677734,35.68563496344704,35.25466839590407,35.51607337434926,15614466
2016-02-03,35.36064147949219,35.40303116927661,34.322077132936265,35.05684399524895,20507893
2016-02-04,34.32913589477539,35.1416151143954,33.93349229268432,35.11335626933931,21598442
2016-02-05,34.88728332519531,35.12749628105213,34.10305992128321,34.336208870148624,17693384
2016-02-08,34.498695373535156,34.85194930358274,33.891100534494484,34.569346724439136,13985665
2016-02-09,34.731849670410156,35.02151629992327,34.19490327425984,34.39979052907557,11160257
2016-02-10,34.99325180053711,35.614977471013404,34.964990130552025,34.97912096554457,11565833
2016-02-11,34.5128288269043,34.89434445604586,34.27261873476309,34.48456997908226,11620643
2016-02-12,34.63999938964844,34.69651990762165,34.11011988670861,34.604673712856126,14251018
2016-02-16,35.169883728027344,35.31825046116474,34.7883708853728,34.901411936861024,11964178
2016-02-17,35.74921798706055,35.78454366689551,35.29705380432932,35.325312653513684,9770818
2016-02-18,35.5513916015625,36.02475058544759,35.5019379137442,35.74921482625298,10074319
2016-02-19,35.41009521484375,35.607915634590476,35.23346681384913,35.501941418466416,9394482
2016-02-22,35.86932373046875,35.87638773678287,35.41715953901996,35.52313658056805,8143274
2016-02-23,35.706825256347656,35.98942786881168,35.62910989097913,35.72095609308902,8278676
2016-02-24,35.720947265625,35.76333694090098,35.06389600095948,35.438344722998536,7936190
2016-02-25,36.03181076049805,36.03181076049805,35.60084153847672,35.72094655753516,9110998
2016-02-26,35.7774658203125,36.12365568141917,35.770401816309594,36.0671323515087,9695362
2016-02-29,35.473670959472656,35.91170420140962,35.431281283520825,35.69268899267714,13507358
2016-03-01,36.56170654296875,36.69594245513028,35.38890619505379,35.60085748665235,12686774
2016-03-02,36.9290771484375,37.04918500854914,36.39919767142396,36.47691302677557,12548857
2016-03-03,36.808982849121094,36.964413605159834,36.13780047608378,36.86550338081456,10279622
2016-03-04,36.79485321044922,36.94321996404392,36.38507863618512,36.63235561735188,9521918
2016-03-07,37.190486907958984,37.395374139794505,36.561697201235965,36.62528172512736,7824682
2016-03-08,37.056243896484375,37.395366940899564,36.94320288167931,36.99265656036158,8665912
2016-03-09,36.99266052246094,37.36710927716704,36.80897097208257,37.148094052819545,9589829
2016-03-10,37.47308349609375,37.61438335692884,37.042114260167914,37.22580662127834,12856340
2016-03-11,37.91495895385742,38.10025840735502,37.61562950577405,37.78667449765272,16277955
2016-03-14,37.82944107055664,38.00048893891579,37.65839605138077,37.87933026959333,6846479
2016-03-15,37.35905838012695,37.51584888914046,37.024094247977715,37.401818910006554,9495614
2016-03-16,37.016971588134766,37.2806662934364,36.746151076975174,37.2806662934364,10460402
2016-03-17,36.72475814819336,37.03834195825919,36.58222212484119,37.009833044079606,10038163
2016-03-18,37.2379035949707,37.35906224106083,36.76753201931887,36.874433355065776,15116666
2016-03-21,37.6298828125,37.6512630796808,37.131002313793985,37.294918645241054,8014161
2016-03-22,37.79378128051758,38.10023635746312,37.45169149473914,37.47307175020264,9748810
2016-03-23,37.82944107055664,38.20004003669601,37.6655247079193,38.20004003669601,10424980
2016-03-24,37.82231521606445,38.02186916277925,37.48022517813904,37.62276126934966,7929378
2016-03-28,37.651268005371094,37.979103560336725,37.52298353632086,37.85794774740117,6337046
2016-03-29,38.000484466552734,38.06462527275109,37.46596635150141,37.708280812444514,7730782
2016-03-30,37.92921829223633,38.164404117865026,37.85082301702676,38.114514920375676,6711287
2016-03-31,37.70827865600586,38.11450943706333,37.60137446927258,37.82943445495736,8735080
2016-04-01,38.27130126953125,38.335442069472926,37.3733158244346,37.41607635772905,9099889
2016-04-04,38.77018356323242,38.934102747413164,38.306937782853446,38.42096777640976,10741581
2016-04-05,38.65615463256836,38.998244622643426,38.47798383118117,38.549250442226324,9432838
2016-04-06,39.64677429199219,39.760804243871526,38.67039389746848,38.73453467695745,13079459
2016-04-07,39.49712371826172,39.75368977695308,39.2334290042955,39.440108721976664,11042566
2016-04-08,39.45436477661133,39.84634111116085,39.26906531890635,39.73231111398592,7322795
2016-04-11,39.233421325683594,39.725175928545745,39.18353214525475,39.46148126618881,7404749
2016-04-12,39.44010925292969,39.73231004438073,39.155034267666665,39.176414535413535,6221976
2016-04-13,39.88196563720703,39.9033459000591,39.39021104406285,39.525621274914094,8849836
2016-04-14,40.23118591308594,40.33808723191172,39.86771573071373,39.92472786796597,8757822
2016-04-15,40.01026916503906,40.302470029094955,39.824969666279955,40.288218413177724,8839251
2016-04-18,40.273963928222656,40.50202397298805,39.85347857683441,40.01026914531474,8168322
2016-04-19,40.52339172363281,40.893987757264455,40.0672717750507,40.43074200292924,8011122
2016-04-20,40.323829650878906,40.90823392887986,40.22405414463934,40.7300631785105,8929903
2016-04-21,40.33808898925781,40.64454419854636,40.13140929828085,40.152789562977446,11040994
2016-04-22,40.43787384033203,40.64455357900915,40.273957490099974,40.402239107886004,7433988
2016-04-25,40.06727600097656,40.36660546109973,39.9104854644103,40.25257546192737,8677650
2016-04-26,39.938987731933594,40.2098082418529,39.81783193780724,40.20268243602757,7573477
2016-04-27,40.13140106201172,40.35233516717101,39.95323032665158,39.95323032665158,7274587
2016-04-28,39.725181579589844,40.07439734472227,39.58977132680007,39.83208576035248,9531246
2016-04-29,39.08376693725586,39.65391693882788,38.88421586129713,39.65391693882788,13862944
2016-05-02,39.41159439086914,39.45435491682802,38.983980583733924,39.09088474781327,10143487
2016-05-03,39.25480270385742,39.5184973737037,39.09088639770269,39.29756608080335,7966058
2016-05-04,39.062381744384766,39.2263009176177,38.82006731196556,38.9911122908763,8075888
2016-05-05,38.54923629760742,38.770170403575236,38.01472124038909,38.68464651284576,11764010
2016-05-06,38.20002365112305,38.4637182987242,37.81517323535143,38.356814139151176,11031562
2016-05-09,38.556373596191406,38.72029277360289,38.13588836846484,38.178651751169575,8358219
2016-05-10,38.969730377197266,39.00536510244502,38.76305068026977,38.820065670829685,6797538
2016-05-11,38.70603942871094,39.048129405116285,38.67040754920362,38.983988602983814,6888399
2016-05-12,38.57062530517578,38.92696970719497,38.43521505922863,38.905589441959364,8640026
2016-05-13,38.39957809448242,38.84857218579031,38.36394622062293,38.55636859652049,7467210
2016-05-16,38.94834899902344,39.03387290701089,38.19289968339423,38.32118412078422,6968257
2016-05-17,38.71316909790039,38.891339896834474,38.47085464597109,38.77730990171278,12360112
2016-05-18,38.962608337402344,39.16215939905662,38.60626389966799,38.76305442656531,7745978
2016-05-19,38.898468017578125,39.18354015228098,38.54212357542537,38.5991385722025,9153127
2016-05-20,39.276180267333984,39.582635443873805,38.93409321956249,39.07662925203544,9047489
2016-05-23,39.140777587890625,39.361711757392065,39.04100206099882,39.19779258171203,5837674
2016-05-24,39.625404357910156,39.83208405569661,39.32607494393098,39.361709669326835,6614138
2016-05-25,40.31671142578125,40.38798087899989,39.7465614983973,39.77507041935779,10052626
2016-05-26,40.18843460083008,40.4236204220312,40.15279986746328,40.24544960438033,5995084
2016-05-27,40.25257110595703,40.50913715173883,40.07439747079212,40.26682271742413,7869222
2016-05-31,40.095787048339844,40.423622624318575,39.96750542025031,40.25970626092085,9922988
2016-06-01,40.145660400390625,40.281070631599526,39.874839937972816,40.05301069499881,7012168
2016-06-02,40.4948844909668,40.52339341353336,40.16704897654771,40.22406397249811,7645684
2016-06-03,40.366607666015625,40.594667676817494,40.11003872927198,40.50914374817525,5697871
2016-06-06,40.74432373046875,40.88686264139704,40.37372769058402,40.38085349645736,7235392
2016-06-07,40.62316131591797,40.93674231016941,40.566146330673874,40.765700203619325,6552515
2016-06-08,41.065032958984375,41.243206595597286,40.60178720215609,40.60178720215609,8164025
2016-06-09,40.7514533996582,41.20757336728737,40.57327975656385,40.98663918952346,9670630
2016-06-10,40.487762451171875,40.68018772425641,40.31671744740974,40.494888257885,9989222
2016-06-13,40.31531524658203,40.72486216588194,40.3009444233326,40.365608819293264,6502630
2016-06-14,40.41590118408203,40.45901077703682,39.963241840734035,40.07101869556191,9006722
2016-06-15,40.30095291137695,40.60990987788463,40.20036287232739,40.530874642028415,8015942
2016-06-16,41.31404495239258,41.436189791845386,40.32969077025015,40.94760756159244,23110706
2016-06-17,40.15724563598633,41.263741600178776,40.02072712096424,41.263741600178776,18323651
2016-06-20,40.33687973022461,40.66739150967115,40.32250890352471,40.480579379898025,9116238
2016-06-21,40.41590118408203,40.71767407964736,40.4087172094032,40.62426804661805,6710344
2016-06-22,40.9835319519043,41.148786391765825,40.308134749619605,40.33687640064696,13076420
2016-06-23,41.443363189697266,41.443363189697266,41.03381345398169,41.299660721743514,7302883
2016-06-24,40.15007019042969,41.0050927838221,40.07103494714467,40.265031066561,18087013
2016-06-27,39.740516662597656,40.006364004332816,39.58963017823762,39.869848345255065,13721778
2016-06-28,39.934513092041016,39.99917749770219,39.59681449344668,39.833923059087546,13372585
2016-06-29,40.99071502685547,41.05537943158227,40.22191465674564,40.33687551344321,10284862
2016-06-30,41.3930778503418,41.44337430209999,40.890124822526126,41.06256610684363,9723030
2016-07-01,41.63018798828125,41.67329759585751,41.25656660188383,41.342785817036365,8245978
2016-07-05,41.67329025268555,41.79543794921737,41.51521980446462,41.51521980446462,7749017
2016-07-06,42.50676345825195,42.58579869281125,41.723592217016495,41.86729473253649,15015430
2016-07-07,42.233726501464844,42.40616777365994,41.88165710879068,42.312761725499094,9800791
2016-07-08,42.64328384399414,42.80135433060689,42.24810475502021,42.37743645881339,9934411
2016-07-11,42.636070251464844,42.930659107133145,42.535480266026035,42.57859272187718,7688862
2016-07-12,42.82289505004883,42.959410686532145,42.44927376163781,42.58578939812113,8804562
2016-07-13,42.78696823120117,43.074370319025874,42.73667466110749,42.952225508865766,7119274
2016-07-14,42.858821868896484,43.06000477784897,42.736677051903285,43.01689518037386,7698084
2016-07-15,42.844451904296875,43.060005640875005,42.571420618227414,42.9665995961794,8554510
2016-07-18,42.406158447265625,42.743854069102376,42.190604750097506,42.39178762629961,9190122
2016-07-19,42.147499084472656,42.75104489684125,42.07565071783339,42.44927199065695,9307602
2016-07-20,42.240909576416016,42.4780152434619,42.219354776906506,42.39179604542387,6786848
2016-07-21,42.240909576416016,42.470831267772496,42.075655156029356,42.39179604542387,6337361
2016-07-22,42.26246643066406,42.44927853208406,42.06847035320539,42.38461413041164,6570436
2016-07-25,42.07565689086914,42.305575719264205,41.65892308999266,42.125950467651236,8422986
2016-07-26,41.93195343017578,42.25528117361874,41.77388298258542,42.17624594982356,7494038
2016-07-27,42.104400634765625,42.19061984653081,41.62300237589864,41.953514141734786,8267462
2016-07-28,41.98224639892578,42.09720723718061,41.75232472241612,42.046910793278705,7639606
2016-07-29,42.147499084472656,42.53549117960047,41.86728384796524,42.39897554881257,8898778
2016-08-01,42.147499084472656,42.391791573880944,42.03253825092064,42.2696438929563,9297018
2016-08-02,41.910396575927734,42.19779868129581,41.85291615485412,42.16187305906965,7153962
2016-08-03,41.42181396484375,41.88884420845064,41.08411826671102,41.795438159729265,10099890
2016-08-04,41.55833053588867,41.83854579646104,41.48647929063781,41.48647929063781,5807387
2016-08-05,45.88372802734375,45.98431804265257,41.55832864465363,41.55832864465363,76374048
2016-08-08,45.165225982666016,45.28018683264483,44.51138650746672,45.02152635641321,26248103
2016-08-09,44.89938735961914,45.3664147961252,44.85627488094888,45.16523184632264,12821651
2016-08-10,45.00714874267578,45.337660418396446,44.597601853572414,44.61196980332129,9259499
2016-08-11,45.71847152709961,45.79032277030939,44.89219084751069,44.985596889195165,10862520
2016-08-12,45.51729965209961,45.58914803574718,45.21552667447814,45.366413163288875,6544026
2016-08-15,45.49573516845703,45.80469494891371,45.41669994756389,45.51729284001084,6969305
2016-08-16,45.2945556640625,45.495735706452884,45.15085317169113,45.26581688905299,5952745
2016-08-17,45.47417449951172,45.57476737897407,44.978405566593246,45.287365307169225,8668532
2016-08-18,45.71847152709961,45.72565550244413,45.32329543432817,45.32329543432817,7259077
2016-08-19,45.52447509765625,45.581955517267744,45.172408604701275,45.3951434354201,8887040
2016-08-22,45.66099166870117,45.72565606492071,45.32329599185529,45.44544080886149,6756666
2016-08-23,45.68254470825195,45.89809555979098,45.531658250442305,45.77595074748845,6076723
2016-08-24,45.071807861328125,45.82624003252882,44.91373745305393,45.69690839283147,7842079
2016-08-25,44.7772331237793,45.3376665404503,44.741307499674036,45.16522526820989,8329190
2016-08-26,45.15803909301758,45.25862911214841,44.6766409238473,44.892191785539424,8167902
2016-08-29,45.27299880981445,45.474178843073545,45.00715150894689,45.20833441464713,5843438
2016-08-30,45.05744934082031,45.28737102730503,44.913746850546744,45.23707458122104,6474544
2016-08-31,45.11492919921875,45.35203485828058,44.849081893484524,45.323296084049396,9285804
2016-09-01,45.193965911865234,45.251446334667655,44.82752857555497,45.05026341863854,6858846
2016-09-02,45.25143814086914,45.45980212241276,44.97122005328169,44.97122005328169,7978634
2016-09-06,45.43825912475586,45.6035164304634,45.10056340953302,45.25863386654973,8310954
2016-09-07,45.17240905761719,45.61788159596246,44.978410126097295,45.488549932429585,9084169
2016-09-08,45.43825912475586,45.47418475088539,44.78441962305806,44.87064170025724,9627242
2016-09-09,44.89938735961914,45.05745783075143,44.777239645382735,45.04308700452801,13191700
2016-09-12,45.40233612060547,45.617887003752045,44.482649288575814,44.54731369178734,11139716
2016-09-13,44.73645782470703,45.43851758059607,44.41799579030568,45.1417712998966,10714123
2016-09-14,44.40351867675781,45.12005457592049,44.36732961502677,44.81606877218342,10922046
2016-09-15,45.14900588989258,45.31547500179378,44.237051335814215,44.323905666133655,9429694
2016-09-16,45.07664108276367,45.322722139657685,44.917408589266806,45.19968161121068,13029050
2016-09-19,44.38905334472656,45.264819015186696,44.38181668800985,45.264819015186696,11829510
2016-09-20,44.83055114746094,45.17072316625642,44.649608707399715,44.801598736688355,9653757
2016-09-21,45.3806037902832,45.467458101867166,44.772635183211726,45.0621447326515,7565512
2016-09-22,45.61222839355469,45.937927119493594,45.474711668114736,45.5398531494056,8853294
2016-09-23,45.56880187988281,45.778696739345165,45.38061988264,45.503663293224186,8048430
2016-09-26,44.98253631591797,45.293758763795616,44.787117704157794,45.25756970332085,7319022
2016-09-27,45.28651428222656,45.380605250510094,44.75092376865717,45.09833523916367,7693158
2016-09-28,45.81489562988281,45.94517283113042,45.23587620154107,45.59776406763108,12361160
2016-09-29,44.808834075927734,45.61222144355901,44.55551352624186,45.61222144355901,11454640
2016-09-30,45.17072677612305,45.402334506792975,44.77265279747487,44.794365660537025,14258354
2016-10-03,45.25033950805664,45.28652568019246,44.635131179174294,45.03320511421236,7881065
2016-10-04,45.2069091796875,45.56156027342106,44.83054811959826,45.22138538409606,8276475
2016-10-05,45.45301055908203,45.62671639826719,45.221402773501815,45.38063240271174,8249122
2016-10-06,45.35166549682617,45.373378356715385,44.68579192170288,45.22862499295236,11979164
2016-10-07,45.43129348754883,45.59052310202676,44.89569980957147,45.43129348754883,11292410
2016-10-10,46.2491455078125,46.94396862281296,45.916210155251,46.47351655709573,21322503
2016-10-11,44.82331085205078,45.99582559872743,44.69303368625721,45.98134939358205,14625259
2016-10-12,44.627899169921875,45.329961953657914,44.56999723381506,45.16349280228629,10607751
2016-10-13,45.243106842041016,45.56156893202668,44.83055663928094,45.05492482948155,15239492
2016-10-14,44.97531509399414,45.49643256886461,44.96807843635222,45.395104894349544,12790002
2016-10-17,44.526580810546875,44.91018157910994,44.005463276679194,44.91018157910994,13681221
2016-10-18,44.93913269042969,45.32273347251353,44.75095352225198,44.801615920278024,10467424
2016-10-19,44.779876708984375,45.09109914680546,44.736450995219656,44.968058659970644,5850670
2016-10-20,44.816078186035156,45.06939877785917,44.64961193931076,44.83779104893376,6626923
2016-10-21,44.294960021972656,44.80160119676798,44.171919503195404,44.548280609370316,7762222
2016-10-24,43.96926498413086,44.49762195925487,43.88965018371609,44.43972002318001,10420264
2016-10-25,44.83778381347656,45.01148958213978,43.10072612684439,43.62184343283404,15917548
2016-10-26,44.05611801147461,44.76541743045949,43.82451027413304,44.685799738931195,10435774
2016-10-27,44.36009216308594,44.91739853177464,44.1502002247335,44.25876452155291,10847534
2016-10-28,42.58685302734375,44.20086749592241,42.3045800373298,44.16467842847151,21335603
2016-10-31,42.500003814697266,42.81122925362558,42.246683205481055,42.7678006313415,14939030
2016-11-01,42.919776916503906,43.12967171547194,42.347997326836456,42.702645463383405,15036075
2016-11-02,42.58685302734375,43.07178132287667,42.52171154853013,42.74608260932366,11239486
2016-11-03,42.29010009765625,42.86187975066078,42.18876956727176,42.832930237339916,11866504
2016-11-04,42.57238006591797,42.89807880429106,42.42038712844351,42.478289062076385,11861893
2016-11-07,43.46261215209961,43.57841599330244,43.05006205287874,43.07901156642714,10981258
2016-11-08,43.79554748535156,43.99096610575204,43.07901157938162,43.29614595183068,8323321
2016-11-09,46.451812744140625,47.045305433673015,45.424051182890445,46.29258024580968,29187953
2016-11-10,47.016353607177734,47.37823852886071,46.69789151963056,46.71236772667937,18719690
2016-11-11,46.28532791137695,46.69064133678886,46.017531179327456,46.37941888967849,14734566
2016-11-14,45.981346130371094,46.386659591142696,45.77145129792628,46.32152101286867,10610476
2016-11-15,46.06820297241211,46.12610489853529,45.6556528338488,46.08991583302019,7640339
2016-11-16,45.329959869384766,46.285340324466155,45.19967979575836,46.1043978675166,11297650
2016-11-17,45.3806037902832,45.4457452473472,44.96081711372359,45.24308711598732,8762642
2016-11-18,44.779876708984375,45.32270681155645,44.67854907903191,45.286517752251065,8066351
2016-11-21,45.09110641479492,45.15624788944617,44.6713196248989,44.83054919670445,7164862
2016-11-22,44.656837463378906,45.34442092877943,44.30218930193571,45.23585664135011,10052626
2016-11-23,44.61342239379883,44.65684811913254,43.29615417297167,43.66527862531856,9588152
2016-11-25,45.02596664428711,45.163483352078025,44.69303130471412,44.743693679765904,3669362
2016-11-28,44.72922897338867,44.917408092431096,44.59894889597059,44.71475276622992,7806971
2016-11-29,45.01148986816406,45.20690849746387,44.81607123886425,44.83778409839704,10516575
2016-11-30,44.28771209716797,45.10557558248521,44.142955859197826,45.098338927988465,13132174
2016-12-01,43.97649383544922,44.41799345878952,43.896876160899424,44.36733108549062,8802047
2016-12-02,44.24428939819336,44.526559451863314,43.882401672111655,44.18638747776047,8376769
2016-12-05,43.60736846923828,44.53379630681976,43.31061931724689,44.52655965179738,13608490
2016-12-06,43.62908935546875,43.708704149382335,43.14416104212818,43.556711217909076,11171261
2016-12-07,43.469852447509766,43.469852447509766,42.427620682906756,43.209295229735226,14723981
2016-12-08,43.513282775878906,43.68698855907314,43.0645435593367,43.23100979312391,8998757
2016-12-09,44.316673278808594,44.519331486633,43.71594109874812,43.7810825803905,11021187
2016-12-12,44.67132568359375,44.9463591437429,44.367339810005085,44.46866747003289,8641808
2016-12-13,45.06515121459961,45.18913585907068,44.67131489384883,45.07244631561475,8218626
2016-12-14,45.07245635986328,45.77260835516466,44.91929710861631,45.10892312594194,11612574
2016-12-15,45.48817443847656,45.68509265223058,45.101630198252515,45.21832268904813,8917851
2016-12-16,45.53921127319336,45.969514305793574,45.25477234106604,45.69966265842581,18406758
2016-12-19,44.59109115600586,45.415230591746855,44.394172986960065,45.07244830017779,12512072
2016-12-20,44.12432861328125,44.98493495124263,44.0295156058554,44.627565313467734,10875201
2016-12-21,43.34394454956055,44.35041786996629,43.278303210407344,44.18996353092041,12630706
2016-12-22,43.45333480834961,43.75965029610138,43.147016404890294,43.48250646235607,10584800
2016-12-23,43.438758850097656,43.65755651717374,43.21266608083711,43.591918091763404,7955892
2016-12-27,43.606502532958984,43.86176696423195,43.438758918078406,43.66485168769278,6094749
2016-12-28,43.22724914550781,43.65755225113636,43.1834901995102,43.555447071905924,6470981
2016-12-29,43.059505462646484,43.46063693588619,43.015746513771816,43.24183927580463,6833065
2016-12-30,42.935523986816406,42.99387022821294,42.709434123722595,42.869885558635964,11289685
2017-01-03,43.86906433105469,44.03681087030306,43.06680423196674,43.13973776344068,12564158
2017-01-04,43.8544807434082,44.33583800977609,43.788842308966146,44.1243325000734,9863671
2017-01-05,43.83987808227539,44.18266325638883,43.75965238529303,43.92010377925775,10581446
2017-01-06,43.956581115722656,44.095155988273994,43.41688057741546,43.825304261266204,10730053
2017-01-09,44.56192398071289,44.839070816225465,43.81801012620353,43.9784644780398,10201861
2017-01-10,43.70131301879883,44.664027365124575,43.679433544887985,44.63485278943803,16036706
2017-01-11,44.948455810546875,46.06432920050917,44.3066473271955,45.46627965755029,34281862
2017-01-12,45.3714714050293,46.12267731765569,45.305832987599445,45.6048563323905,26079899
2017-01-13,45.466285705566406,45.714255011247715,45.29124700500476,45.45899060405882,10447617
2017-01-17,44.83906173706055,45.269364819024155,44.63484847412257,45.159964544338685,11101150
2017-01-18,44.612979888916016,45.05787036587606,44.54734145751217,44.7661391445669,8522022
2017-01-19,44.00033950805664,44.54733510555219,43.81071351231712,44.525455631537355,11944999
2017-01-20,45.604854583740234,45.88929354644579,45.327710722052466,45.51004159617171,26451834
2017-01-23,45.07973861694336,45.51004169675377,44.948458871119286,45.07973861694336,10691382
2017-01-24,44.642147064208984,44.99222447171343,44.292069656704534,44.91929094955631,10990900
2017-01-25,44.54733657836914,44.76613424145958,44.3139516268838,44.72237529198315,15255736
2017-01-26,44.63484573364258,44.75153818652594,44.15349155227944,44.50356599522186,13317460
2017-01-27,45.035987854003906,45.21102657499447,44.707789887683056,44.766136128013244,6972554
2017-01-30,44.80259704589844,45.006807402550244,44.43793236249678,44.86823546431337,8230573
2017-01-31,45.21102523803711,45.393356140286514,44.430644661161416,44.53274984979275,10292513
2017-02-01,45.2912483215332,45.41523297797785,44.89741196274845,45.26207374607086,11547702
2017-02-02,46.80825424194336,46.83013371746451,45.60486267832136,45.68508839380171,19901730
2017-02-03,46.88847732543945,46.917648985927386,46.14456062093658,46.57486666772617,12209724
2017-02-06,47.362545013427734,47.36983720048615,46.604043846718916,46.6186311365443,9598422
2017-02-07,46.822837829589844,47.35524908260281,46.713440453819466,47.23126150245197,8840194
2017-02-08,46.91035842895508,47.02705090637598,46.55298881024416,46.604039946798125,6190326
2017-02-09,46.961402893066406,47.2750134976414,46.895761565601504,46.910348851227894,7391439
2017-02-10,46.78636932373047,47.092687795898755,46.64779737577535,46.910356899264784,8940907
2017-02-13,47.23855209350586,47.28231103963517,46.83742064543247,46.859300118497124,7494353
2017-02-14,47.887657165527344,47.93141611560305,46.99058411043398,47.14374335140723,10629550
2017-02-15,47.522987365722656,48.04081127196851,47.29689753735681,47.33336429709182,18662050
2017-02-16,47.59591293334961,47.70531319427713,47.0124507064845,47.508395057173594,12938922
2017-02-17,47.690731048583984,47.81471569176245,47.304186917170426,47.552159119235164,9482618
2017-02-21,47.75637435913086,47.975174926995784,47.33336634248318,47.33336634248318,7740633
2017-02-22,47.617801666259766,47.953291783048684,47.47193753901991,47.77096089507185,9096221
2017-02-23,48.026214599609375,48.21584054689133,47.6615499892304,47.78553753124126,7184669
2017-02-24,48.2523193359375,48.2523193359375,47.86577516071221,47.88036244853591,8849626
2017-02-27,48.026214599609375,48.09185300488048,47.81470918390372,47.975163478523214,7476222
2017-02-28,48.04081726074219,48.24502764186551,47.88036583047268,47.99705830988839,8112044
2017-03-01,48.28879165649414,48.719094829017536,48.05540377157241,48.18668354568199,11193374
2017-03-02,48.1939697265625,48.558631486670244,48.13562349506031,48.41276736576873,9062790
2017-03-03,48.55864334106445,48.58781792179177,47.99706327700439,48.19398149193352,8716111
2017-03-06,48.47841262817383,48.70450540056054,48.06269676341036,48.19397653175453,9104500
2017-03-07,48.1064567565918,48.36172119652551,47.54487382245426,47.719912545469526,8728478
2017-03-08,47.98976516723633,48.22315013559787,47.603220948923976,48.106457651417095,8821645
2017-03-09,48.05540084838867,48.157508952989645,47.785552045395505,48.11375000285111,8106280
2017-03-10,47.843894958496094,48.28149026088057,47.77096143619598,48.18667726503204,9247447
2017-03-13,47.12399673461914,47.96143127172553,47.02115472107948,47.924701351872294,14880133
2017-03-14,47.160736083984375,47.388460457906994,47.050549239142455,47.10931653530801,8271759
2017-03-15,47.52802276611328,47.726361983295,47.175419060734896,47.307646184439044,9458200
2017-03-16,47.146034240722656,47.59413218816757,47.00645937885591,47.43252289979407,10074634
2017-03-17,46.94034957885742,47.528022416835995,46.933004769663555,47.197456078379425,15142762
2017-03-20,47.09461975097656,47.234191699751364,47.01381509309375,47.11665711796739,13593818
2017-03-21,46.947689056396484,47.4619049337921,46.73466024647741,47.24887318712438,11057134
2017-03-22,46.646507263183594,47.09460811259049,46.46286062581132,46.99911092139735,10007352
2017-03-23,46.48490524291992,46.881583686138526,46.418793147966504,46.54367252846153,9915128
2017-03-24,46.41144561767578,46.66855212602256,46.17637647441598,46.39675599878385,9575052
2017-03-27,46.41878890991211,46.58039819620928,46.13964212651388,46.22044970641126,8400663
2017-03-28,46.52898025512695,46.57305498536325,46.19106909540024,46.42613823899258,10673880
2017-03-29,46.74934768676758,47.09460652507761,46.61712352195602,46.77138798431801,8525794
2017-03-30,46.60978317260742,46.77874021456138,46.51428596948118,46.64651309202128,5577456
2017-03-31,46.67589569091797,46.74200778025646,46.46286393182885,46.470208740616854,7979472
2017-04-03,46.62447738647461,46.800779243884016,46.44083071962072,46.59509521194758,6962493
2017-04-04,46.77138900756836,46.844845899599015,46.55100952123068,46.71262173189469,6650189
2017-04-05,46.69792175292969,47.1239822312506,46.6538470373703,46.78607118404846,8083538
2017-04-06,46.455509185791016,46.99176237547283,46.41878221063666,46.631811000875096,7915125
2017-04-07,46.37470245361328,46.521622094569004,46.24247830085102,46.48489218433007,8091713
2017-04-10,45.948646545410156,46.521626741525246,45.93395399249732,46.47754908278675,7595590
2017-04-11,45.9706916809082,46.102915869239666,45.67685525670101,45.90457958674247,6858950
2017-04-12,46.315948486328125,46.433483058148845,45.750315929096345,45.81642802446459,9965642
2017-04-13,45.99272155761719,46.27921312585678,45.9559916434776,46.12494866116996,6217260
2017-04-17,46.13230514526367,46.16168732196276,45.831123884538904,46.06619304512876,5590242
2017-04-18,45.74296188354492,45.8825338012677,45.53727787955831,45.8825338012677,7749436
2017-04-19,46.01476287841797,46.01476287841797,45.54462463577265,45.73561903103451,10845857
2017-04-20,45.948646545410156,46.09556326429287,45.72826706196329,46.02945118130793,9392490
2017-04-21,45.46382141113281,46.007419505341915,45.44912885640446,45.809080295130244,11002323
2017-04-24,45.64747619628906,45.926623038847424,45.559326725717575,45.91193048150237,9270922
2017-04-25,45.76500701904297,46.22780051174361,45.728277097074745,45.9045818972219,11205006
2017-04-26,46.05883026123047,46.191057355080446,45.860491088829676,46.007410734607056,9284546
2017-04-27,45.9706916809082,46.21310562959825,45.87519447594724,46.11760842463728,6920258
2017-04-28,45.78703689575195,46.02210600850036,45.647464977151174,45.97068647555458,9915862
2017-05-01,45.82378005981445,45.91193247095517,45.61809599506868,45.728282838057645,10707521
2017-05-02,46.05883026123047,46.45550860603206,45.772341650761916,45.91925835979096,13647580
2017-05-03,46.74201583862305,46.771400952338716,45.8237765546228,45.91192895902049,11978430
2017-05-04,46.5583610534668,46.93300209926818,46.440826492558564,46.771392812206564,9023280
2017-05-05,46.99177932739258,47.079928798359674,46.5951008345418,46.64652038035613,9795237
2017-05-08,47.02114486694336,47.388441051753134,46.8889207072805,46.947685042631726,11684676
2017-05-09,46.49224853515625,47.21214849373585,46.39675426892282,47.14603640093987,10712970
2017-05-10,46.96973419189453,46.97707900101064,46.345331441058796,46.37471361427219,10094126
2017-05-11,47.32969284057617,47.93205835637302,47.2415433653008,47.564762023643276,19404663
2017-05-12,46.69792175292969,47.505970930760235,46.47754230163654,47.30028696698436,10838521
2017-05-15,46.65385437011719,46.71996645384733,46.528972074073266,46.587739349638476,8710347
2017-05-16,46.859535217285156,46.91830248890123,46.38205223668517,46.602428771058364,8248494
2017-05-17,46.279212951660156,46.85953795733492,46.191060570707265,46.85953795733492,8296911
2017-05-18,46.93300247192383,47.38110335603805,46.21310254645759,46.21310254645759,12528316
2017-05-19,46.852203369140625,47.04319485216069,46.646516393216245,47.04319485216069,9739798
2017-05-22,47.04319381713867,47.337030250030665,46.697937843958776,46.793435051742314,6525372
2017-05-23,47.4178352355957,47.44722034746621,47.013811972994866,47.013811972994866,6009861
2017-05-24,47.696983337402344,47.89532256925397,47.41049170431154,47.57944876024958,7289259
2017-05-25,47.77777862548828,47.83654590254361,47.498634793662646,47.71901134843296,7436503
2017-05-26,47.68962478637695,47.90265652629585,47.616167894860666,47.748392061639116,3862614
2017-05-30,47.660255432128906,47.85124986227312,47.40314890081908,47.542720850001594,5120109
2017-05-31,47.82920837402344,48.1083522483361,47.77043815127437,47.807168072117996,8162138
2017-06-01,47.939395904541016,47.939395904541016,47.64555947022154,47.814516521236165,7923404
2017-06-02,48.093650817871094,48.17445545411646,47.88061907833851,48.0863030730088,6600933
2017-06-05,47.799827575683594,48.03489674089409,47.52802848631528,48.005511626868106,6254988
2017-06-06,47.505977630615234,47.77777664281061,47.351713167653074,47.74839153712804,8218206
2017-06-07,47.05788040161133,47.49128871803649,47.01380567645762,47.454558801492155,7971717
2017-06-08,46.426143646240234,47.1974632622072,46.15434455021155,47.057891309036954,19411056
2017-06-09,47.30030059814453,47.33702758052939,46.38206143004615,46.42613615830714,11266419
2017-06-12,47.30030059814453,47.5133294303223,47.16072573073647,47.30030059814453,9851514
2017-06-13,46.81930160522461,47.24109914071349,46.64170637976737,47.15970034293137,12631544
2017-06-14,46.89330291748047,47.09310051012675,46.63430592855593,46.63430592855593,10834853
2017-06-15,46.760101318359375,46.94509830187161,46.530702573796596,46.841500109438456,8244406
2017-06-16,46.59730529785156,47.14490044551079,46.390108892886964,46.811903476213764,15617296
2017-06-19,47.12270736694336,47.21890676728289,46.63431154919771,46.68611213656302,8831391
2017-06-20,47.7516975402832,48.069893938130754,47.04870357216421,47.12270356003838,10755624
2017-06-21,48.439876556396484,48.54347769836618,47.773885697354665,47.773885697354665,11679960
2017-06-22,48.85428237915039,49.11328232943595,48.3806872034052,48.47688659327129,14087111
2017-06-23,48.95787811279297,49.12807451123607,48.72108055118307,48.86907754801804,14769988
2017-06-26,48.78028106689453,49.13547741750339,48.71367990219131,48.95047746926388,7940067
2017-06-27,48.49908447265625,49.039277810679124,48.49908447265625,49.039277810679124,8511437
2017-06-28,48.21788787841797,48.76548302039248,48.20309024846175,48.66188481898566,7056498
2017-06-29,47.61110305786133,48.15869531921852,47.426103073723084,48.10689769033427,8751114
2017-06-30,47.42609786987305,47.899693043952574,47.35949965789664,47.72209485367275,8762223
2017-07-03,47.55929946899414,47.8256952876597,47.24850188193192,47.24850188193192,4895627
2017-07-05,47.47789764404297,47.9514928100689,47.30029945678324,47.70729641196529,6820174
2017-07-06,46.69349670410156,47.29288937137823,46.612097919039954,47.189291186603654,11887150
2017-07-07,46.73790740966797,46.87110383344573,46.478907460633685,46.7749044440444,7591083
2017-07-10,46.49371337890625,46.91550801923779,46.33091575895475,46.90810920318294,7036062
2017-07-11,46.131107330322266,46.60470244707084,46.057107353744705,46.486303667883696,7207620
2017-07-12,46.456703186035156,46.71570014957282,46.367905579493076,46.367905579493076,8610368
2017-07-13,46.53810119628906,46.61210117272586,46.08670844004631,46.464104178194646,7125562
2017-07-14,46.66392517089844,46.91552048372423,46.5159251437361,46.56772574491169,6309903
2017-07-17,46.330909729003906,46.84890370234727,46.27171033324059,46.730504910820635,7741890
2017-07-18,46.18291473388672,46.34571530852495,46.079316519730035,46.24951591025695,6408415
2017-07-19,46.33830642700195,46.493705203573676,46.20511001137696,46.24950881658529,5972657
2017-07-20,46.57511520385742,46.79711224164769,46.51591579655713,46.552915795912725,6974545
2017-07-21,46.345706939697266,46.61950449494015,46.30870695024904,46.464105722594596,7237907
2017-07-24,46.30131530761719,46.54551469973536,46.24951767773086,46.27911590075974,8157318
2017-07-25,46.14591598510742,46.619511184655785,46.064514221635,46.50851120038305,6241783
2017-07-26,45.73151397705078,46.13110913283546,45.67231458514407,46.10890973066326,9816302
2017-07-27,47.13010025024414,47.76649301724229,46.47150807955335,47.11530262001085,22894922
2017-07-28,47.44090270996094,47.62589973203533,46.78231047136683,47.21890569180307,13982521
2017-07-31,47.27069091796875,47.58889020913707,46.99689634379965,47.54448845048009,12277215
2017-08-01,47.300296783447266,47.55929375543677,47.18929681330496,47.38909439288708,6802463
2017-08-02,46.94509506225586,47.32988958974303,46.74529750551453,47.322490775916386,7372575
2017-08-03,47.004302978515625,47.1597017638154,46.752704804299675,46.77490420815069,7355702
2017-08-04,46.69349670410156,47.13009180125501,46.57509793340429,47.08569300182908,5597368
2017-08-07,46.50110626220703,46.686106223406405,46.36790984015474,46.58250802014038,7018246
2017-08-08,46.116310119628906,46.41230708926745,46.027512507908654,46.27910771334445,8048745
2017-08-09,46.24211502075195,46.4123114453038,46.042314458943835,46.21251384183857,6866810
2017-08-10,46.01271438598633,46.30871137148943,46.00531261238452,46.15331258430746,8137825
2017-08-11,46.160709381103516,46.58990573090129,46.07191176850681,46.190310557530836,6341448
2017-08-14,46.375301361083984,46.619500679789496,46.316101974479956,46.55289952089607,5771860
2017-08-15,46.24951171875,46.64170809216664,46.24211290353186,46.41970813550932,6619168
2017-08-16,46.397499084472656,46.56769842418661,46.12370156153123,46.19770153169748,6352138
2017-08-17,45.76112365722656,46.63431416700358,45.738924249493294,46.43451653906092,9589305
2017-08-18,45.50211715698242,45.74631354959273,45.25792076437211,45.70931651662907,8825942
2017-08-21,45.85731506347656,45.90911564471344,45.45771987729785,45.494719869846655,7542666
2017-08-22,46.1902961730957,46.24949554917204,45.82029933303318,45.8572993128736,5779930
2017-08-23,45.990516662597656,46.32351069490805,45.990516662597656,46.06451369292059,6743775
2017-08-24,46.404903411865234,46.55290040200533,46.02010591248485,46.06450471369265,8122105
2017-08-25,46.57511520385742,46.83411224100328,46.44931757272304,46.52331757143422,5528095
2017-08-28,46.85630416870117,46.95990533369501,46.60470894659763,46.700908337896024,7858114
2017-08-29,46.70829391479492,46.77489210912132,46.41229700944102,46.715692728050534,6879806
2017-08-30,46.70829391479492,46.74529389775691,46.54549635643577,46.72309449964811,5263580
2017-08-31,47.255897521972656,47.30029632626343,46.58250480964016,46.87850176881612,13522344
2017-09-01,47.23369598388672,47.433493552502696,47.063496630678635,47.20409481013646,6481985
2017-09-05,47.07830047607422,47.440895650386516,46.95990168956295,47.17449985990745,7583538
2017-09-06,47.35951232910156,47.60370879669342,47.18931290850074,47.27811350657094,7491838
2017-09-07,47.59629440307617,47.670294384193426,47.204098053165815,47.426095038175006,7185507
2017-09-08,47.55929946899414,47.7516982570177,47.31510305535548,47.35210009150503,7719358
2017-09-11,48.19568634033203,48.328885712436595,47.86268938924189,48.05508815357709,10785597
2017-09-12,48.439876556396484,48.558278284125024,48.188281390207024,48.188281390207024,7707202
2017-09-13,48.43248748779297,48.50648747313454,48.32148750978061,48.3658892759912,5898878
2017-09-14,49.28217315673828,49.31944076493253,48.38030716955354,48.43993474671633,10437137
2017-09-15,49.311988830566406,49.47596392414381,49.006395632819384,49.319441160369,15390718
2017-09-18,49.18527603149414,49.498321544187164,49.05111622297418,49.2076359995808,11049274
2017-09-19,49.15547561645508,49.311998410638296,48.95423287528825,49.20764789468908,7345746
2017-09-20,49.03621292114258,49.423790701822234,48.5890045806382,49.244907961568515,9903600
2017-09-21,48.894596099853516,49.14055874179302,48.83496852183121,49.080931163770714,6255198
2017-09-22,48.54428482055664,48.96913319257254,48.49956488026238,48.916957942402476,7824263
2017-09-25,48.58156204223633,48.74553717558337,48.47721450099192,48.566654399275485,5840923
2017-09-26,48.26850509643555,48.68589814307325,48.23869279726002,48.52192304825773,7311058
2017-09-27,48.126895904541016,48.26105871672205,47.94056081743544,48.20888346205709,7013111
2017-09-28,47.91819763183594,48.19397556848125,47.828754769800064,47.90328999153992,7359894
2017-09-29,47.724403381347656,48.09707648011878,47.20266283091207,47.91819375027744,11999181
2017-10-02,48.11198425292969,48.20887944366494,47.6200589488371,47.858569270726896,7067083
2017-10-03,47.97782897949219,48.13434878579624,47.538075904291176,48.11198881346709,6819441
2017-10-04,48.14925003051758,48.164157670003306,47.94800732655035,48.015090214366126,6722606
2017-10-05,48.14925003051758,48.29832046589481,47.94800732655035,48.015090214366126,9589200
2017-10-06,48.11198425292969,48.3728575247693,47.9778244316718,48.22378708371809,7847843
2017-10-09,47.94801712036133,48.25361038340879,47.79149432314008,48.20143512442149,5712962
2017-10-10,48.04490661621094,48.05236192646045,47.84366389505935,47.933106759871336,5157208
2017-10-11,47.53807067871094,47.95546373570124,47.53807067871094,47.95546373570124,10586477
2017-10-12,47.57534408569336,47.68714394867296,47.374098372849105,47.545528802405144,6454108
2017-10-13,47.24738693237305,47.82130278032768,47.239934602042034,47.664780005454574,7693787
2017-10-16,47.210121154785156,47.50080674508774,47.15049357060055,47.321923992533925,7806762
2017-10-17,47.12068176269531,47.18776167820406,46.867263782317174,47.113226452256306,7365868
2017-10-18,47.33683776855469,47.784043218028636,47.262302533728786,47.76913557511531,8265471
2017-10-19,47.51572036743164,47.72441544847849,47.39646518405037,47.43372982158388,10554618
2017-10-20,47.61259460449219,47.694582139617225,47.38153963634153,47.590234638525324,10798802
2017-10-23,47.25484848022461,48.089634789220895,47.18031622315555,47.72441689643782,12137936
2017-10-24,47.038692474365234,47.18775994103258,46.48713659024146,47.18775994103258,10711713
2017-10-25,46.5467529296875,47.05358576962151,46.4573100874994,47.03122580400938,11545502
2017-10-26,46.20390701293945,46.7256476237357,46.06974420510203,46.427509706174945,11260026
2017-10-27,43.40885925292969,45.13060669886011,43.095816700729664,45.13060669886011,30980242
2017-10-30,40.77778625488281,41.776547272721274,40.554183620092324,41.552944637930786,40860891
2017-10-31,41.061031341552734,41.58277196723755,41.01630841783715,41.12065892676644,19313802
2017-11-01,41.24736022949219,41.59021804801289,41.2026402922373,41.39642768025512,17206483
2017-11-02,41.26972579956055,41.41879625029641,41.0237631315348,41.351713355569125,12909788
2017-11-03,41.784000396728516,41.9479754550202,41.135549512021335,41.21754002090656,10281718
2017-11-06,41.64985275268555,41.87345545696978,41.44115768995105,41.76910792560253,9136988
2017-11-07,41.43369674682617,41.8809050743418,41.277173981182706,41.649847090822384,15008513
2017-11-08,42.17158508300781,42.27593259382243,41.33679903701111,41.36661431423807,15859279
2017-11-09,41.895816802978516,42.231222360271374,41.456063710897375,42.14923479867054,14818825
2017-11-10,41.351715087890625,41.955443287285625,41.10575240956092,41.955443287285625,17547607
2017-11-13,41.06848907470703,41.381534683194054,41.03867676804868,41.22501187895054,14135738
2017-11-14,40.98649215698242,41.12810728572146,40.807609418616245,40.971584517183544,13315678
2017-11-15,40.844879150390625,41.06848184003088,40.54674123762353,40.81506386924378,12290315
2017-11-16,41.120662689208984,41.26973017601237,40.80761709325901,40.88960465796197,12572122
2017-11-17,41.143028259277344,41.31445574343076,40.80762264367398,40.99395777245759,10358537
2017-11-20,40.323150634765625,40.53930107475272,39.972840318710446,40.27843067607626,18003278
2017-11-21,40.44984436035156,40.88214506081049,40.38276445017282,40.516924270530296,14369442
2017-11-22,40.52437973022461,40.6734471910864,40.37530928962267,40.420029229907186,7730258
2017-11-24,40.50947570800781,40.71817374754076,40.33059295115404,40.62127854844408,4549682
2017-11-27,40.65854263305664,40.69581024603207,40.39767232196903,40.55419510456967,10584905
2017-11-28,40.9417724609375,41.090839920592906,40.55419170230121,40.9417724609375,13446783
2017-11-29,41.262264251708984,41.47841456914787,40.94176642990847,41.02375396760258,10980525
2017-11-30,41.195194244384766,41.657310299044845,41.01631147540879,41.13556665472611,16139619
2017-12-01,41.642391204833984,41.724378745600085,41.157918289492535,41.29207809452445,12672835
2017-12-04,41.90327453613281,42.268492418873905,41.642404194211935,41.687124143171914,14085120
2017-12-05,41.567867279052734,42.1194232263981,41.53059966317906,41.8510975840039,12405386
2017-12-06,40.50947570800781,41.687119779026716,40.39022053677196,40.57655562442532,21217703
2017-12-07,40.82251739501953,41.62003590434387,40.7554345052415,40.882144974966586,17250604
2017-12-08,41.41879653930664,41.41879653930664,40.74053313510257,41.22500614389394,10923723
2017-12-11,41.992706298828125,42.21631195979051,41.411338135754285,41.992706298828125,10239170
2017-12-12,42.53681564331055,42.61134789407456,42.208862416934714,42.38774518230137,14454750
2017-12-13,42.41754913330078,42.760406930380505,42.22375877766189,42.43990910052992,13982940
2017-12-14,42.10185623168945,42.65058509657518,42.06427161004036,42.39501447750031,10623890
2017-12-15,42.27473831176758,42.37245771183147,41.906410879974985,42.26721958555564,23664574
2017-12-18,42.25969696044922,42.612986882100834,42.24466251556794,42.37996650932762,12151560
2017-12-19,42.2672119140625,42.56037006104602,42.10184203862425,42.25969619430108,9921521
2017-12-20,42.17701721191406,42.46265667438216,42.07929781578839,42.30480249641655,13766423
2017-12-21,42.54533004760742,42.69566846384478,42.15445557454415,42.15445557454415,10439966
2017-12-22,42.364933013916016,42.718225948571444,42.192044406621356,42.54533734127679,11890608
2017-12-26,42.34990310668945,42.545341900210644,42.29728705041658,42.46265695027929,4616754
2017-12-27,42.34990310668945,42.56789206791135,42.2897683244588,42.387487721219394,5931994
2017-12-28,42.54533004760742,42.69566846384478,42.31982542833686,42.349891308533046,6061108
2017-12-29,42.29729461669922,42.838507753589106,42.29729461669922,42.71823816761358,8841557
2018-01-02,42.25969696044922,42.65809021674468,42.13190868658721,42.53782066786628,10556504
2018-01-03,42.19956588745117,42.28976655447877,42.06426188182359,42.26721638772187,11090460
2018-01-04,42.883602142333984,43.16172589691859,42.37997369663006,42.42507403383664,15751650
2018-01-05,42.838497161865234,43.1391710524631,42.537823271267364,43.1391710524631,9955057
2018-01-08,42.590450286865234,43.03394701910496,42.4701806996683,43.003878119762284,11642546
2018-01-09,42.69568634033203,42.921191054020376,42.522797690288485,42.70320206225651,11142022
2018-01-10,43.0715217590332,43.124140821938504,42.44010802960162,42.50775853469151,9497395
2018-01-11,43.29702377319336,43.304542498907615,42.96628398418034,43.071519098403925,7447402
2018-01-12,44.09381103515625,44.20656487681233,43.515013390477,43.56011673019119,12935569
2018-01-16,46.65705490112305,47.942435430692576,46.04067266314487,46.41651578435948,50399682
2018-01-17,46.626991271972656,47.04793477382259,46.5217561477818,46.82243007767461,22940615
2018-01-18,45.950477600097656,46.69464520769288,45.57463443305277,46.60444152536404,20861278
2018-01-19,46.063232421875,46.21357090370167,45.58215408816852,46.21357090370167,12745671
2018-01-22,46.04067611694336,46.183495852599755,45.642282799281965,45.815171429332544,12835380
2018-01-23,46.378929138183594,46.70215318652668,45.75503120706951,45.87530076017791,11718212
2018-01-24,45.98805236816406,46.68711648233478,45.82267948682644,46.6119472640073,14129241
2018-01-25,46.0782585144043,46.13839329521167,45.81516922400782,46.0782585144043,9853610
2018-01-26,46.63450622558594,46.66457211359959,46.10832463702766,46.22107847852292,11060278
2018-01-29,46.326324462890625,46.70968340679418,46.27370839525084,46.566863643778106,9198191
2018-01-30,45.58967208862305,46.040684551556154,45.431820881937746,45.694910233195834,13666654
2018-01-31,44.53730010986328,45.70241100064698,44.274210844694636,45.67986083564235,15582712
2018-02-01,44.99583435058594,45.35664305059127,44.40200524333946,44.47717146869246,14009664
2018-02-02,44.018646240234375,45.078519163799335,43.80817299666683,44.657575681750615,12852777
2018-02-05,42.3950080871582,44.31180246672928,41.95903014784932,43.80065830053914,20546774
2018-02-06,41.68840789794922,42.67311428362114,40.839005482659616,41.44787184683735,32494498
2018-02-07,42.00413131713867,42.628029343640385,41.4103021860543,41.4704369718025,14349740
2018-02-08,41.139686584472656,42.44010146284329,41.12465213952794,42.12439314443385,21871760
2018-02-09,41.244930267333984,41.65083932966378,40.10988803710907,41.45540352507801,19472364
2018-02-12,41.66586685180664,42.0116440745458,41.312576913910284,41.60573207460236,13259506
2018-02-13,41.26748275756836,41.620775779144445,41.16976635232369,41.51554064689783,17857291
2018-02-14,41.26748275756836,41.41782123656643,40.75633854016572,40.82398905266282,11996142
2018-02-15,42.086814880371094,42.086814880371094,41.21486201839528,41.66587139405157,10584695
2018-02-16,42.312320709228516,42.83850233513216,42.03419995628939,42.07178457278868,12294402
2018-02-20,41.32761001586914,42.199565822929024,41.30505984914672,42.18453137675201,14113416
2018-02-21,41.00437927246094,41.673380464969476,41.00437927246094,41.36518789142542,11244935
2018-02-22,41.0194206237793,41.3952637497633,40.90666978954444,41.041970790626266,11334958
2018-02-23,41.244930267333984,41.342649672170154,41.01942556660483,41.207345649698034,9499177
2018-02-26,42.139434814453125,42.237154215719514,41.342648161886,41.342648161886,12725026
2018-02-27,41.132179260253906,42.064266955704994,41.117144812240426,42.02668233821456,9734453
2018-02-28,40.75632858276367,41.47043017336498,40.74881286268467,41.38774523215195,11807606
2018-03-01,40.365455627441406,41.19982379750796,40.15498240101663,40.78639907520484,13648523
2018-03-02,40.86156463623047,40.91418369326089,39.929477090877754,40.2000820861109,9355706
2018-03-05,40.891639709472656,41.12466012849617,40.65110056397321,40.771370136722936,13743577
2018-03-06,40.81646728515625,41.12465691433292,40.45565859510667,40.95928701599843,9716951
2018-03-07,40.944252014160156,41.026939967292556,40.403041991510136,40.470692493069826,12817564
2018-03-08,41.16223907470703,41.20733940700308,40.86156518425648,40.981834740436696,7705001
2018-03-09,41.44788360595703,41.48546521470035,41.11714080730851,41.3651956524802,9240006
2018-03-12,41.613250732421875,42.19204533262378,41.52304706421876,41.89137445217622,11269039
2018-03-13,41.620765686035156,41.906405120759345,41.3426419714036,41.89888940066671,12272080
2018-03-14,41.55253219604492,42.030232944366894,41.18098380138849,41.908911638227124,11692222
2018-03-15,41.89374542236328,42.257709311885975,41.62077098953868,41.666265717887725,10560277
2018-03-16,42.21221160888672,42.3486988254824,41.76483970633465,41.848247718875015,22010620
2018-03-19,41.42362594604492,42.21979581357393,41.12790415054636,42.20462989374615,12391762
2018-03-20,41.43120574951172,41.65868241245928,41.218891974426306,41.514613758213656,8153440
2018-03-21,41.4691047668457,41.91647649491733,41.26437553748167,41.5221809188355,10489746
2018-03-22,41.03691482543945,41.689016083271355,40.968672728003106,41.127907320053296,13387990
2018-03-23,40.49854278564453,41.4842758581726,40.44546359178773,41.188557148960015,12408634
2018-03-26,40.976253509521484,41.0672460026624,40.16491767277278,40.98383798557967,10448770
2018-03-27,40.75635528564453,41.370543156094286,40.544041520555616,40.93833721370722,16956535
2018-03-28,41.772422790527344,41.96198617349876,40.96108702498942,40.983834388436776,13302788
2018-03-29,41.30229949951172,42.0150613184629,41.30229949951172,41.97715106788639,10218524
2018-04-02,40.39238739013672,41.438781098330445,40.15732628646752,41.24921774565065,14041104
2018-04-03,41.01416778564453,41.05966251763039,40.058763257114386,40.44547454172503,9688341
2018-04-04,41.35539245605469,41.46913233971112,40.49097722181737,40.54405644046357,9330030
2018-04-05,41.34779357910156,41.99231022068739,41.27954846513074,41.74967069429966,13074638
2018-04-06,40.46063995361328,41.385715659631856,40.11184196050255,41.15823593983474,13100838
2018-04-09,42.58375549316406,43.53915984605977,41.370542654133054,41.704174669184155,24352376
2018-04-10,42.83399200439453,43.06146872025456,42.49277541492162,42.97806069215141,13481891
2018-04-11,42.61409378051758,42.871902324017846,42.37903563525557,42.507938391322945,9445834
2018-04-12,43.02355194091797,43.36476850272676,42.56859854608323,42.91739655297193,12511967
2018-04-13,43.34959411621094,43.47091540199153,42.94772000950699,43.281352029721184,10536278
2018-04-16,44.47182083129883,44.92677417111383,43.34959733872229,43.804553709902414,23627998
2018-04-17,44.941925048828125,45.46512333645749,44.70686398206696,45.374130880130416,16070451
2018-04-18,44.676551818847656,45.20733174573054,44.42632777566821,45.048097161392626,11779730
2018-04-19,44.464237213134766,44.97985424165674,44.29742118741038,44.67655099881004,11041204
2018-04-20,44.608306884765625,44.94194197513507,44.479404140398586,44.63105728093886,10109951
2018-04-23,45.68503189086914,45.96558472105131,45.063259522882596,45.53337876295608,20767587
2018-04-24,45.56371307373047,46.253727567904505,45.321070480993875,45.80635566646706,13974975
2018-04-25,45.21491241455078,45.43480764479932,44.68413249677303,45.41964475616266,14057034
2018-04-26,45.048099517822266,45.5637165827799,44.82062282745408,45.35898725831199,14148105
2018-04-27,45.09359359741211,45.230080822205096,44.97227229345509,44.99501965902636,8034073
2018-04-30,44.63863754272461,45.480302143781486,44.63863754272461,45.23007810615799,13730267
2018-05-01,43.963783264160156,44.91918759368219,43.12970021557314,44.73720567227967,13756782
2018-05-02,43.44817352294922,43.97895345738207,43.23586276172219,43.736313886564865,10921837
2018-05-03,43.62257385253906,43.827303168376865,42.74299593888904,43.32685204557042,11864932
2018-05-04,43.789390563964844,43.910711866449056,43.091794590363286,43.311689830036585,9149983
2018-05-07,43.50883102416992,44.054776839562976,43.28135435893074,43.804552810936386,10513955
2018-05-08,43.03871536254883,43.53916649289083,42.65958553463123,43.50125320696254,10749546
2018-05-09,43.941036224365234,44.289834151763905,43.091787251607286,43.19794261536083,8684042
2018-05-10,44.02445602416992,44.532488649021566,43.925882077353094,44.077532204587406,8624097
2018-05-11,45.260406494140625,45.472717231441294,44.07752242612352,44.100269788593955,13344498
2018-05-14,45.25282669067383,45.55612994053217,45.06326329627433,45.32107181649524,9942062
2018-05-15,44.88886642456055,45.34382285185904,44.66138972659405,45.070848389206844,7148932
2018-05-16,45.305908203125,45.50305608341295,44.82062297864106,44.97985757184553,8941222
2018-05-17,44.790283203125,45.32864447264257,44.64621153493037,45.1466625580103,8222398
2018-05-18,44.84335708618164,45.085999626683645,43.592231107797595,44.70686989930813,10151242
2018-05-21,44.41115951538086,44.97985269727167,44.27467230294484,44.87369732376147,8882219
2018-05-22,44.320159912109375,44.84335828295038,44.28224663522355,44.57038693328288,9357068
2018-05-23,44.86611557006836,45.10875817073404,44.30500682955291,44.32016971857057,10375619
2018-05-24,44.83578109741211,45.048091830494755,44.59313852739487,44.926770545486136,7261382
2018-05-25,44.805450439453125,45.0860062973385,44.61588706340096,44.84336372093655,6985339
2018-05-29,44.282264709472656,44.653813155786175,44.001708771097526,44.41875195569733,9228269
2018-05-30,45.283164978027344,45.3438256366349,44.37325509891404,44.47182904807203,11572016
2018-05-31,45.139095306396484,45.40448530308464,44.972276225346704,45.2149188544748,12786019
2018-06-01,45.920082092285156,46.10964846955172,45.2073203953105,45.412049657666806,11556925
2018-06-04,47.02714920043945,47.41386044650595,46.39021392202554,46.670766762218804,20410534
2018-06-05,46.5494384765625,47.26220021458468,46.29921448179775,47.011976219819935,13098218
2018-06-06,46.958900451660156,46.96648492655976,46.420539145207265,46.640434352728185,7912190
2018-06-07,47.00439453125,47.042307808688626,46.64043070547674,47.01197597419187,7910933
2018-06-08,47.45176315307617,47.504839312817275,46.98922544344473,47.01955424453045,10142754
2018-06-11,47.26220703125,47.664084194524676,47.07264364709019,47.59584210375476,7542666
2018-06-12,47.345619201660156,47.474521942198166,47.01956556545695,47.29253999777471,8308230
2018-06-13,47.459354400634766,47.73991026762163,47.27737246242964,47.444188481276406,9873732
2018-06-14,47.039100646972656,47.665675293948816,46.77929968944028,47.42880055587486,12528211
2018-06-15,47.39822006225586,47.45170946693708,46.779285637820315,47.062009675093385,17246517
2018-06-18,46.60353088378906,46.8862548818033,46.297883731177905,46.878614848534795,9990270
2018-06-19,46.63410568237305,46.848057201058694,46.328458473685004,46.343738543025445,10501589
2018-06-20,46.82513427734375,46.97795940985102,46.45071759036811,46.65702907541934,12757094
2018-06-21,46.74872970581055,46.81749918983049,46.4660056246303,46.81749918983049,9336527
2018-06-22,46.97032165527344,47.31417518767794,46.779293272734186,46.82513959577684,12885998
2018-06-25,46.67230987548828,47.08493282504336,46.3360964335899,46.924467665818206,11057238
2018-06-26,46.39723205566406,46.62646671876649,46.313179447686245,46.48128466364188,12571913
2018-06-27,45.75537109375,46.67231273493449,45.69424165100437,46.381945590798736,10948770
2018-06-28,46.07630157470703,46.42015201827421,45.83942383778634,45.93111647479306,10691591
2018-06-29,46.3819465637207,46.970317844338275,46.11450562794764,46.25204764070844,14956951
2018-07-02,46.19856262207031,46.274972138220214,45.78593657185854,46.26733210304287,9546337
2018-07-03,46.38959884643555,46.840428203632584,46.26733993415185,46.412522010639655,5106590
2018-07-05,47.100223541259766,47.34473828188663,46.67995743483595,46.91683519469539,9517098
2018-07-06,47.52812957763672,47.765004282177514,47.21483924370684,47.2224823340419,8543191
2018-07-09,47.390586853027344,47.902545596623575,47.37530372737569,47.72679728861019,8724600
2018-07-10,47.60453796386719,47.856698843073566,47.4593559084658,47.673310501283574,11266524
2018-07-11,47.298885345458984,47.52812303770592,47.06201067351245,47.4822736663814,6055344
2018-07-12,47.879634857177734,48.01717385934823,47.482291815903714,47.711529595773975,8424453
2018-07-13,48.05537033081055,48.169989197311224,47.566334721408865,47.58161784790077,7705106
2018-07-16,47.82613754272461,48.101221611280785,47.627466054855425,48.08593848418487,4729938
2018-07-17,47.78029251098633,47.99424407695656,47.72680309209746,47.78029251098633,5292086
2018-07-18,48.09357452392578,48.12414077557765,47.65802834882886,47.83377360405408,6645578
2018-07-19,47.76499938964844,48.09356976100864,47.56632793796348,47.94074768226082,7631641
2018-07-20,47.77264404296875,47.78792411298931,47.38294116160267,47.42114744623825,7204686
2018-07-23,47.90254592895508,47.97131541267623,47.76500390672049,47.81085022920126,7266413
2018-07-24,48.46034240722656,48.475625530274755,48.00187315411463,48.06300259151567,9931058
2018-07-25,49.2779541015625,49.33908354622166,48.41450184129896,48.46799125092276,11023598
2018-07-26,48.91116714477539,49.82046858834897,48.8958840231275,49.369639410672015,11677235
2018-07-27,48.513832092285156,48.91881499926831,47.66565999787233,47.71914940145582,8815357
2018-07-30,49.52246856689453,49.59124109677991,48.54439751778596,48.74306896333411,10129130
2018-07-31,50.33244705200195,50.523475456183746,49.575970416924044,49.591253544600534,16184683
2018-08-01,50.04207229614258,50.53874787464474,50.01150604726663,50.210177500584294,7949604
2018-08-02,49.83576202392578,49.99622720729571,49.568321069906666,49.89689147212422,7226379
2018-08-03,50.378292083740234,50.44706157432564,49.64473863165892,49.820486958433946,7333066
2018-08-06,50.59988021850586,50.798551683213404,50.19489725382979,50.50054448615209,8600202
2018-08-07,50.87495803833008,51.18824834123461,50.4546950292513,50.50054134755226,8471298
2018-08-08,50.95901107788086,51.188248780938785,50.54638810004384,50.82147212179654,6821746
2018-08-09,50.43177795410156,51.096558814039426,50.27895280160581,51.096558814039426,7495086
2018-08-10,50.48527145385742,50.813841912442705,50.187267252011274,50.355372499698106,7796806
2018-08-13,50.9819450378418,51.11184397881023,50.48526632721328,50.5311157076661,9973606
2018-08-14,50.783267974853516,51.157684684602565,50.63044283305087,50.89788377641335,6912608
2018-08-15,51.47861099243164,51.631436131291316,50.79090703193938,50.989578490540126,11413873
2018-08-16,52.60950469970703,52.724126603099116,51.47860850218652,51.654356792415015,19378358
2018-08-17,52.76997756958008,52.9075165342669,52.494893530622015,52.55601992284357,8223761
2018-08-20,53.618141174316406,53.656344401792914,52.67063637131073,52.724125777444875,10919426
2018-08-21,52.854026794433594,53.67927279659974,52.79290040259155,53.64871265547091,10285701
2018-08-22,52.75469207763672,53.029776120183854,52.609510020933826,52.861670902400746,6176178
2018-08-23,52.70119857788086,52.86930378262615,52.52545639309081,52.62479211992903,5806654
2018-08-24,52.75469207763672,52.91516031478276,52.548383627914745,52.72413193591943,5194098
2018-08-27,52.71647644042969,53.05268679687872,52.36497990713467,52.983917329820926,5327822
2018-08-28,52.44139862060547,52.62478999721092,52.2503702642633,52.60950381856992,6219251
2018-08-29,52.57893753051758,52.64771311518171,52.16631457045174,52.250370224161344,5753206
2018-08-30,52.37263870239258,52.67828290639701,52.227456636313114,52.46433135263541,4972341
2018-08-31,52.41083526611328,52.53309415407131,52.08226794136716,52.2274499889683,6018978
2018-09-04,51.921810150146484,52.27330681476786,51.90653007717461,52.24274055923875,6045178
2018-09-05,52.43375778198242,52.487247190354346,51.891238937366744,51.921799076792944,6664337
2018-09-06,53.01449966430664,53.13675856826597,52.58659044565653,52.701206258873114,10099995
2018-09-07,53.236080169677734,53.32012970718406,52.60949963482012,52.84637428908033,9971930
2018-09-10,53.15202713012695,53.93906979947868,53.12910397244763,53.48823751581271,7616759
2018-09-11,52.785255432128906,53.335417377446255,52.777612342326776,53.335417377446255,6094644
2018-09-12,53.381248474121094,53.50351343775163,52.81580662003325,53.02975808722182,6382320
2018-09-13,54.122459411621094,54.20651506959127,53.167311472645615,53.61050070285031,10750594
2018-09-14,53.83782196044922,54.422512610388026,53.59163577613062,54.422512610388026,7792928
2018-09-17,54.17631530761719,54.20709011215904,53.583929538719765,53.73779741015887,7018770
2018-09-18,54.17631530761719,54.54559450830895,53.776261302383574,54.16862006866419,7126819
2018-09-19,53.83782196044922,54.29172427769646,53.57624529506608,53.96860414186938,8325522
2018-09-20,54.45328140258789,54.49174529845506,53.8916703850487,54.12246606279317,6435454
2018-09-21,54.699459075927734,55.06873825431522,54.553286452270385,54.553286452270385,17850689
2018-09-24,54.45328140258789,54.85332929443522,54.337877412444925,54.5609840017784,6747862
2018-09-25,54.35326385498047,54.91487483080869,54.25325035162897,54.5071317295628,6770499
2018-09-26,54.10707473754883,54.737924376829596,53.991676913599896,54.56867218461451,7260963
2018-09-27,54.407108306884766,54.760996972379985,53.9147361190052,54.10706785153268,6315458
2018-09-28,54.57637405395508,54.776401073948435,54.35326746636793,54.407121841177016,7135622
2018-10-01,55.0302734375,55.307234385401635,54.32248981621393,54.67638470249215,7994668
2018-10-02,55.19953155517578,55.522651670466495,54.69177488901668,55.36878377722882,10894589
2018-10-03,54.90718460083008,55.71498178917653,54.89180027247646,55.461106539352166,10037325
2018-10-04,54.79180145263672,54.899510233807106,54.20711070062027,54.71486748769679,10837054
2018-10-05,54.64561080932617,55.15336742956541,54.2994111564861,54.799478688648534,7790308
2018-10-08,54.97641372680664,55.161056391234055,54.53789585678745,54.568670659403644,9279830
2018-10-09,55.6534538269043,55.89964005676307,54.59947018368502,54.9764386191564,8249122
2018-10-10,54.199398040771484,56.0765689584793,54.153238906896114,55.76113795821342,13259191
2018-10-11,52.59919357299805,54.260953322479814,52.17605993323869,54.137860235528244,13491952
2018-10-12,53.70701217651367,53.89934390282952,52.63764482558848,52.85305611301147,10648938
2018-10-15,53.43776321411133,54.01476472448306,53.03002007306422,53.23004094802166,6896783
2018-10-16,54.79180145263672,54.86104017570091,53.66088385543755,53.73781782037747,10719992
2018-10-17,55.25338363647461,55.34570190807184,54.46866602535661,54.691772615897094,9793036
2018-10-18,55.55341339111328,55.69958600986984,54.945643352665996,55.50725426427116,12812848
2018-10-19,55.6611213684082,55.899612237623266,55.34569042047085,55.62265132904706,15210043
2018-10-22,55.83037567138672,56.538159219090495,55.27645383317004,56.13810524163064,12486186
2018-10-23,55.46877670288086,55.71496278016928,54.79176806597207,55.51494197473258,12116871
2018-10-24,54.268638610839844,55.88423910847891,54.03014769384556,55.253383237488144,15348170
2018-10-25,53.822418212890625,54.29171089552814,50.85280040324477,51.49904051560953,21553692
2018-10-26,54.16093444824219,54.45327973192968,52.991547162221664,53.6762512373077,17764229
2018-10-29,54.968727111816406,56.18426728149242,54.27632785379512,54.90717750381583,19743901
2018-10-30,56.06116485595703,56.130409691213046,55.007181818548624,55.1533544240553,19845976
2018-10-31,56.6304817199707,57.3074966672869,55.98424157736665,56.476613847680184,16624529
2018-11-01,56.25351333618164,56.961303164431875,55.90731981315165,56.776660467545035,14507988
2018-11-02,55.59959030151367,56.69973291318415,55.09952883326611,56.59971938928033,13517838
2018-11-05,56.25351333618164,56.599713010482475,53.94551960835664,55.36109311358626,12922364
2018-11-06,56.39969253540039,56.776660869122935,55.96886367379777,56.11503632386792,10737913
2018-11-07,57.76140213012695,57.95373390563091,56.80743234076337,57.00745935569405,19566684
2018-11-08,58.06913375854492,58.230690716112754,57.40750929924557,57.61522538754706,13634690
2018-11-09,57.5921516418457,58.46149842856381,57.545992506447675,58.361484918111174,15359802
2018-11-12,57.46135711669922,57.907570245705024,56.95360053090126,57.799867658501235,14679022
2018-11-13,57.399803161621094,57.90755965455162,56.938205790659815,57.86909577000023,16587430
2018-11-14,56.99977111816406,57.66909094620484,56.68434622943806,57.661395705832824,9936193
2018-11-15,57.576786041259766,57.59986561646566,56.261225649433214,56.545881945336134,12549171
2018-11-16,58.51534652709961,58.661519157271385,57.35365457328649,57.49982720345827,14384010
2018-11-19,58.73845291137695,58.93847993115989,58.15376233125494,58.63844555275616,17210675
2018-11-20,57.53059768676758,58.74613776729745,57.43058419455402,58.4768720924001,14240014
2018-11-21,57.53830337524414,57.75371474706062,57.06901058051492,57.638316896314535,9489116
2018-11-23,57.445980072021484,57.93065715405003,56.938223421861615,57.0305416943869,3690846
2018-11-26,58.03835678100586,58.27684766462267,57.53828929799976,57.692157162197,11407061
2018-11-27,58.73076248168945,58.86923988394389,57.753706972659145,57.753706972659145,15325533
2018-11-28,59.415470123291016,59.51548363690297,58.67691163105088,59.084654774127436,12625675
2018-11-29,59.93861389160156,60.377131818363864,59.32314851598677,59.38469197791297,11429174
2018-11-30,61.038753509521484,61.15415133984823,59.792432336911524,59.884756752443195,22380669
2018-12-03,60.946449279785156,61.2234041363455,60.22327502357699,61.17724499358545,13183106
2018-12-04,60.16939926147461,61.69267503641652,60.08477624690534,61.00797107663458,15482942
2018-12-06,60.292510986328125,60.292510986328125,58.33071675219178,59.20775272715358,17329518
2018-12-07,59.023109436035156,60.23864973806894,58.54612145153754,60.17710627463706,13228799
2018-12-10,59.56162643432617,59.83858733075577,58.36147075149021,59.58470599642287,16163618
2018-12-11,59.323143005371094,60.24633790740104,58.88461896807338,59.94629741129681,13867660
2018-12-12,60.015560150146484,60.59256180853046,59.79245349837374,59.83092355627798,11219678
2018-12-13,60.78485870361328,60.838713062958945,60.00783656561387,60.20016829076074,11272498
2018-12-14,59.25090789794922,60.45173364208238,59.057227924866936,60.2967871858608,13896375
2018-12-17,58.28250503540039,59.56855325932206,57.99585965061617,58.855801999358555,15831822
2018-12-18,57.58525848388672,58.70860487008879,56.98872016809552,58.56915676810763,16163828
2018-12-19,57.151424407958984,58.298018635554655,56.60911783408326,57.856426670632246,19765594
2018-12-20,56.93449783325195,57.43032164929414,56.27598453761688,56.903507296151616,20321454
2018-12-21,56.477413177490234,57.67823931181868,55.95060496617933,56.51615290132837,37919994
2018-12-24,55.121639251708984,56.477405514256304,54.92021005937786,56.19076009094851,11565833
2018-12-26,57.32960891723633,57.352850272221055,54.98219489743293,54.98219489743293,14074011
2018-12-27,58.39871597290039,58.39871597290039,56.36893841577313,56.77179053805026,13577154
2018-12-28,58.39097595214844,59.32839164807975,57.97262540166629,58.78608514951437,13180696
2018-12-31,59.19667434692383,59.42134484378287,58.61563444408747,58.73959036668593,9687502
2019-01-02,58.56142044067383,58.87131343895042,57.794443322647695,58.32900688635749,15120125
2019-01-03,57.360591888427734,58.855806176502185,57.213394594812165,58.53817023735228,13910628
2019-01-04,59.08823776245117,59.26642562589108,57.82543673983464,57.90290999326032,14753115
2019-01-07,58.43745422363281,59.24317092222427,58.421962054194516,58.99525904487152,15795142
2019-01-08,58.871299743652344,59.04173837529869,58.32899331721678,58.77832814916279,11896686
2019-01-09,58.421958923339844,59.119211815327176,58.35223487301905,58.79382671944044,11916284
2019-01-10,57.70147705078125,58.63114364313166,56.91900777212618,58.63114364313166,19134070
2019-01-11,58.02684783935547,58.05783836992636,57.44580171730653,57.871901380890485,9878029
2019-01-14,56.841522216796875,57.67047402615192,56.63234387189271,57.55426727586609,15669486
2019-01-15,57.71696090698242,58.01910467400098,56.63234797404517,56.63234797404517,13102096
2019-01-16,57.80217361450195,58.70085558251953,57.69370986167601,57.90288818658631,15272504
2019-01-17,58.56916427612305,58.700869407804,57.56976750064224,57.56976750064224,16969321
2019-01-18,58.7783317565918,59.13470740469959,58.46844500577679,58.98751011404421,14980741
2019-01-22,58.747352600097656,59.03399802474828,58.38322773792073,58.54592340682291,10568766
2019-01-23,58.44519805908203,58.65437020211933,57.902891651280875,58.53042046917167,14369233
2019-01-24,56.68657302856445,58.22827601726869,56.074542580626506,58.22827601726869,21986621
2019-01-25,56.516143798828125,57.20564758930308,55.8731227139593,57.19015541889784,14054099
2019-01-28,56.4929084777832,56.609115254205946,55.81889678574914,56.167523309408445,13376672
2019-01-29,56.733070373535156,57.08169689203068,56.275986263448544,56.47740927480085,11966693
2019-01-30,56.841522216796875,57.18239948056176,56.57036900320349,56.91124626696838,13941230
2019-01-31,57.66273498535156,57.96487878362,56.640103014214844,56.67109355120434,16797658
2019-02-01,59.2276725769043,60.033389275747545,58.359981005898504,58.85580476075896,15941757
2019-02-04,59.553062438964844,59.5685608040338,58.631138909810836,58.84031728311766,11824165
2019-02-05,59.76997756958008,60.722891535143155,59.70025351720983,59.94816538856398,12955690
2019-02-06,59.95592498779297,60.21157989090462,59.36713573962063,59.52982522341895,8375721
2019-02-07,59.51433563232422,59.75449837409457,58.964279886883936,59.607301055668714,9661407
2019-02-08,60.056636810302734,60.072128981340875,59.32065028415435,59.46009840666962,9266940
2019-02-11,59.42912673950195,60.304567860516954,59.04176659104197,60.27357731421022,13803942
2019-02-12,60.831356048583984,61.148998202943105,59.73900004802601,59.87844816867837,13676086
2019-02-13,61.21872329711914,61.33493006629192,60.7771313798719,60.86234761246838,10980106
2019-02-14,61.156742095947266,61.629324548781554,60.963062082934506,61.30393940138822,8577042
2019-02-15,61.83076477050781,62.07867671802688,61.41241413336837,61.71455798085569,10886100
2019-02-19,61.389156341552734,62.07866009956141,61.26520040097623,61.81525604873263,9653547
2019-02-20,61.53635025024414,61.62157266475018,61.05601868402505,61.20321596821658,8993517
2019-02-21,61.84623718261719,62.00118364890454,61.319429108263876,61.342670458768,7740633
2019-02-22,62.574485778808594,62.6442098360707,61.799759577874504,61.799759577874504,8337469
2019-02-25,62.27235412597656,62.74493664305243,61.97021648568804,62.64422203149241,9741265
2019-02-26,62.55124282836914,62.83014524468265,61.977945825987554,62.380804183508154,8927912
2019-02-27,62.45828628540039,62.97735147572361,62.31108897147549,62.39630520880516,7852978
2019-02-28,62.97735595703125,63.34147467616717,62.38856665943493,62.38856665943493,11588365
2019-03-01,63.25625228881836,63.473179878119616,62.88439058005383,63.3414747266712,10624205
2019-03-04,63.03931427001953,63.62036042552128,62.38855025690098,63.55063637351463,8522755
2019-03-05,63.294986724853516,63.55064782266041,62.92311885276665,63.124548057779236,8698190
2019-03-06,62.56673812866211,63.34146434856757,62.210368651354536,63.21750840115831,8167169
2019-03-07,62.32658004760742,62.83789604576855,62.00894407021683,62.77592116465399,10925505
2019-03-08,61.822998046875,62.44277773983773,61.24195806906682,62.14064017246029,11716326
2019-03-11,62.65196228027344,62.77591823110097,62.032182526135806,62.25685307416011,9126613
2019-03-12,62.93086624145508,63.186521137581344,62.58223973416485,62.88438353306849,9261281
2019-03-13,63.21752166748047,63.53515768792502,62.89988564703591,63.22527085156674,8059749
2019-03-14,63.560733795166016,63.7713255002428,63.12394060540431,63.42033308868669,8530406
2019-03-15,63.62311553955078,63.88830711571805,63.0225289309005,63.56851562305043,17341046
2019-03-18,63.451515197753906,63.82590657707268,63.11612019201101,63.38911351632097,14357914
2019-03-19,63.88827896118164,63.95848238655988,63.14729823929169,63.59968843889525,10224393
2019-03-20,64.0208740234375,64.52006231949312,63.474887604179635,63.84147706021308,11894590
2019-03-21,64.69950866699219,64.87110399518478,63.84152578960081,64.03652643368316,9473291
2019-03-22,64.18466186523438,65.08944213214986,63.97407032916323,64.66825282358444,10639191
2019-03-25,64.23148345947266,64.54347308285946,63.89608853381766,64.01308386303461,7878654
2019-03-26,64.67607879638672,65.10507003084722,64.40308550835285,64.5512816865305,9242731
2019-03-27,64.18466186523438,64.78524812140174,63.810276912219,64.6760545889133,10020766
2019-03-28,64.44989013671875,64.66048177282366,64.09889784011783,64.57468725914516,7161298
2019-03-29,64.87106323242188,64.9724612585154,64.51226925756407,64.73846437450929,10147994
2019-04-01,64.97248077392578,65.40147207191171,64.69168567606255,65.30786954833971,8820282
2019-04-02,64.90226745605469,65.30005781415656,64.66046879235121,65.09726175137132,5875088
2019-04-03,64.8788833618164,65.25327474033352,64.54348835679166,64.94908057595843,6550734
2019-04-04,63.84151077270508,64.89448781006755,63.342322213045264,64.74629159619522,10257719
2019-04-05,63.29549789428711,64.08328302226423,63.26429706310226,63.93508686966669,10324162
2019-04-08,63.13953399658203,63.38133277302375,62.67154622233868,63.147335767688205,10586267
2019-04-09,63.022499084472656,63.16289345776212,62.60130972818046,62.84310211654247,10785282
2019-04-10,63.038116455078125,63.42810506855312,62.905517582469535,63.06931105392998,6894268
2019-04-11,62.273746490478516,63.12392737706685,61.92275415247684,63.12392737706685,10410518
2019-04-12,61.95393753051758,62.74171650823743,61.85253949539422,62.40632780469485,10164762
2019-04-15,61.251949310302734,62.000731876348524,61.20515117947796,61.8603374838742,13822491
2019-04-16,60.49536895751953,61.844731643115104,60.38616916538401,61.797933514035435,12531250
2019-04-17,57.656227111816406,60.54216353951649,57.52363449933392,60.53436177298549,34181463
2019-04-18,57.086856842041016,57.75764055943869,56.33807414777024,57.313052004045254,32768445
2019-04-22,57.297454833984375,57.57044813545024,56.735864693786965,57.06345790283116,14548441
2019-04-23,58.18661880493164,58.693608923043335,57.25064376456704,57.48463440644601,19281523
2019-04-24,58.28801727294922,58.584409579205214,57.70303442736745,58.28801727294921,12779102
2019-04-25,59.54380798339844,59.91819936321298,58.077443304898075,58.17103959074513,13994154
2019-04-26,59.76999282836914,60.05078163734998,59.34880337847266,59.777788359890685,8888193
2019-04-29,59.886993408203125,60.19898307985868,59.65299647714213,59.73879722279222,7395317
2019-04-30,61.392356872558594,61.540553049048505,59.27860156089919,60.495378045458985,11269039
2019-05-01,61.400146484375,62.18793166340529,61.17395135736875,61.37674741857606,15288643
2019-05-02,62.02415466308594,62.26594717696312,61.31437442555299,61.31437442555299,11579142
2019-05-03,62.3985481262207,62.507747967756806,61.8135650116617,62.03976022882415,7942582
2019-05-06,61.992942810058594,62.234735256675386,61.07255868644561,61.25195569759772,9906534
2019-05-07,60.760581970214844,61.84475356315416,60.38619056845508,61.53276384656769,10523387
2019-05-08,60.97895431518555,61.39234818637598,60.76056096543042,61.09594963890713,10567508
2019-05-09,61.095947265625,61.23634788506152,60.245772964373984,60.588963391575675,8105861
2019-05-10,60.98677444458008,61.09596803412219,59.91039843298494,60.900973690401074,9027158
2019-05-13,60.19118118286133,60.47197622315726,59.91818791037017,59.91818791037017,9641705
2019-05-14,60.38616180419922,60.90094739774668,60.33936368082433,60.542159706397975,8113826
2019-05-15,60.48756790161133,60.74496385099984,59.902578808389585,59.95717870509921,7284543
2019-05-16,61.719932556152344,62.312723390302274,60.62795961583151,60.659160446349766,9910831
2019-05-17,61.400146484375,61.67313974297911,60.721561103356265,61.15835405897773,8259707
2019-05-20,61.52495193481445,61.82914606792978,61.03356524989009,61.11935975732735,8281191
2019-05-21,62.008541107177734,62.18793812121531,61.251956682787956,61.68094791554943,10873734
2019-05-22,63.16291809082031,63.29551698603325,61.86035315573636,61.89155399633228,13491847
2019-05-23,63.19410705566406,63.32670592595836,62.71831771258757,62.86651388203557,9831498
2019-05-24,63.311100006103516,63.91168013348234,63.2642956421653,63.41249802785854,6071588
2019-05-28,62.601318359375,63.911684733348984,62.57791929393393,63.474898020832555,13779733
2019-05-29,61.899330139160156,62.687115257981816,61.423540855712226,62.49211474266108,11278890
2019-05-30,62.1489372253418,62.258137037695505,61.76675035495504,62.05534094985325,7483768
2019-05-31,61.782344818115234,62.33613315003307,61.46255340059833,61.87594108930548,7142749
2019-06-03,62.601318359375,63.11610403550323,62.02413101778746,62.12552904684033,9218103
2019-06-04,63.24091339111328,63.43591395616173,62.48433514660076,62.98352362135891,9368806
2019-06-05,63.71671676635742,64.16910720035091,63.240927257255805,63.474924244764345,9821961
2019-06-06,63.52170944213867,64.30169300502516,63.513907673217744,64.08329960307326,11393961
2019-06-07,64.3172836303711,64.6448768175081,63.818095199767164,63.818095199767164,8797436
2019-06-10,64.33289337158203,64.48888509387234,63.685502466552116,64.48888509387234,7536273
2019-06-11,64.72286987304688,65.05826479763664,64.30947598375192,64.65267267573965,7789679
2019-06-12,65.29225158691406,65.72903827967471,64.8476631272177,64.8476631272177,11057762
2019-06-13,64.66048431396484,65.65886133261216,64.37189368544863,65.56526504622056,10194001
2019-06-14,64.99810028076172,65.46136582574006,64.74683910201196,64.94313572077087,7989952
2019-06-17,65.40641021728516,65.42996556363696,64.8018125307934,64.93529701217184,6427279
2019-06-18,66.34078979492188,66.48212187466058,65.35144640251856,65.35144640251856,11425086
2019-06-19,67.02388763427734,67.18092743220694,66.12091821329648,66.15232742849764,9825419
2019-06-20,66.42716217041016,67.91902810411324,66.20731015980402,67.51072702864617,12490483
2019-06-21,66.40360260009766,66.56064243115078,65.67337429158586,66.30152733772087,15034294
2019-06-24,67.14169311523438,67.54999421540782,66.53709534092472,66.71769054123823,7891440
2019-06-25,66.92967224121094,67.73056649283681,66.59204355140778,67.17307955507616,9348894
2019-06-26,65.5948486328125,66.89826530466053,65.24151218291857,66.88256383416098,12604401
2019-06-27,65.82254028320312,66.49780381822619,65.4849116547294,65.6969097120808,11721670
2019-06-28,65.83824920654297,66.31721615989751,65.15513178670199,65.93247056705187,46684837
2019-07-01,66.544921875,66.68625391556898,65.86965205074623,66.21514083559663,10260863
2019-07-02,67.14169311523438,67.14169311523438,66.03457284165843,66.3172433170153,10381593
2019-07-03,68.23308563232422,68.3665700939563,67.5185651945822,67.5735297539646,6533232
2019-07-05,67.21233367919922,68.15455986901411,67.12595991072949,68.0603385056478,8767358
2019-07-08,65.98744201660156,67.13381876413999,65.56343957192192,66.74907313108334,13693273
2019-07-09,66.63131713867188,66.90613373972246,66.02671936074492,66.14449611031564,8490791
2019-07-10,66.59990692138672,66.8276128192195,66.23086892617286,66.5842054477038,5996132
2019-07-11,63.6004753112793,65.69693266801325,62.64254108698912,65.56345445573258,22146126
2019-07-12,62.60329055786133,63.521961775862046,61.73957763851693,63.48270495138205,18910636
2019-07-15,63.5690803527832,63.812487762106045,62.909517906402186,63.286409836037166,10922570
2019-07-16,64.063720703125,64.21290663355063,63.51408766702256,63.8517226179248,8448662
2019-07-17,64.32283782958984,64.65261891751832,64.05587517654138,64.35424704702986,9848999
2019-07-18,64.92744445800781,65.1394425794861,64.07158554097019,64.70759246156005,8472661
2019-07-19,63.90668869018555,65.02951013177405,63.71823966524726,64.93528875834319,12053782
2019-07-22,63.765350341796875,64.24431736076276,63.63971975121691,64.13439451780317,7261697
2019-07-23,64.40922546386719,64.72329887160141,63.514103381764734,63.97736903491437,7420469
2019-07-24,64.18936157226562,64.62907183842393,63.69469301615529,64.3856644978105,7720197
2019-07-25,64.18936157226562,65.21796178082623,63.63972844812582,63.953808106535675,9670106
2019-07-26,63.938114166259766,64.0951540293825,63.529819311450986,64.05589720264122,7638977
2019-07-29,64.7704086303711,65.01382226677204,64.07944337652067,64.46418910264251,11123682
2019-07-30,65.38285064697266,66.87471007979839,65.02951419644509,65.94818520097057,14286965
2019-07-31,65.16300964355469,66.4664265372536,65.04522662149121,65.09233731908539,12443428
2019-08-01,65.71263122558594,66.34863180897258,64.88818160699357,65.21795643196897,10550006
2019-08-02,66.32508087158203,66.56064061172273,65.60270645779218,65.86182154413922,10913767
2019-08-05,65.26507568359375,66.22300352932068,64.51129207254239,65.83826412735793,11885578
2019-08-06,66.2308578491211,66.33293310618373,65.2493683732527,65.26507612238674,11025274
2019-08-07,66.15234375,66.49782636822368,65.0138206292977,66.12093452704937,11509660
2019-08-08,66.52923583984375,66.78049706823245,66.20730856811032,66.54494359041665,8699762
2019-08-09,67.14952850341797,67.61279409485351,66.51352789710583,66.81975366655539,8968260
2019-08-12,66.7569351196289,67.47146191386697,66.36434184336974,66.9218288158733,8761909
2019-08-13,67.5892333984375,68.14672032769849,67.10241250005255,67.10241250005255,8413658
2019-08-14,65.48493957519531,67.40080189311013,65.44567647356165,67.03176389499215,11411148
2019-08-15,65.53205108642578,65.83827691503267,65.08449315757495,65.57916178650709,9543612
2019-08-16,66.78833770751953,67.02389113865375,66.07381098423384,66.30937069344459,9156271
2019-08-19,67.67559814453125,67.94256706552133,67.09456217337069,67.20448501312272,7655221
2019-08-20,67.25160217285156,68.09961342471772,67.19663760864584,67.53427259014028,6176598
2019-08-21,68.24093627929688,68.50789891186164,67.62848483755421,67.75411541959812,6486072
2019-08-22,68.09175109863281,68.46864284887785,67.72271322175003,68.11530644064337,6588776
2019-08-23,66.69412231445312,68.26450168241911,66.33293198356317,67.69916084085894,10608694
2019-08-26,67.43219757080078,67.44790531952967,66.80404457357089,67.03960430181098,6041825
2019-08-27,67.14952850341797,68.2488009792428,67.0945702159923,67.8562014242778,6527049
2019-08-28,67.90331268310547,67.97398499824418,66.77263725588978,66.94538482836529,6159934
2019-08-29,68.09175109863281,68.58641955893061,67.66774866436667,68.36656760747339,6321012
2019-08-30,67.89545440673828,68.48434423436316,67.65989470884259,68.40582433506461,6795127
2019-09-03,68.03679656982422,68.31946699369247,67.55782950757532,67.71486932951069,6695882
2019-09-04,67.56566619873047,68.4450801886072,67.07099779132344,68.42152484911522,7868070
2019-09-05,67.60492706298828,68.04463722335679,67.13381396679597,68.02892947736895,7524954
2019-09-06,67.97398376464844,68.25664790776464,67.76983325367978,67.95042841938876,7047695
2019-09-09,65.53990936279297,67.9347390201584,65.10805287894843,67.91903754510324,12040786
2019-09-10,64.14226531982422,64.691898567706,61.91232309976928,64.691898567706,18087432
2019-09-11,65.1080322265625,65.25721816554035,64.08727971979108,64.27572875107073,10602197
2019-09-12,65.41425323486328,66.01885082100603,65.00595226176401,65.5477314160101,8416698
2019-09-13,65.29571533203125,66.05450222823437,64.9084126530914,65.58025804818207,7521496
2019-09-16,64.83727264404297,65.1692391240493,64.56852944811338,65.1692391240493,6191270
2019-09-17,65.21666717529297,65.99917220743774,64.91631234677278,64.91631234677278,7375405
2019-09-18,65.61978912353516,65.8252964315606,65.1139269252576,65.34314612883972,6943734
2019-09-19,66.37065887451172,66.63149597676109,65.50911214991831,65.61977184658166,6922774
2019-09-20,67.31124114990234,67.87242669194298,66.64729567054802,66.97926841022517,23631247
2019-09-23,66.67891693115234,67.35866826235028,66.66310479241307,67.11363699008848,8909572
2019-09-24,66.07819366455078,67.08991763934344,65.9122104648484,66.829086896954,9377085
2019-09-25,65.68299102783203,66.41807211957293,65.56443160006702,65.9754460427176,7290936
2019-09-26,66.29953002929688,66.4655132715729,65.63558442059158,66.09402275423092,8104918
2019-09-27,65.53280639648438,66.38644682155613,65.27196936445758,66.29950535741268,7827093
2019-09-30,66.5366439819336,67.26382546092093,65.7699511127058,65.7699511127058,9806974
2019-10-01,66.08610534667969,66.8686102799153,66.03077550214596,66.53663753251239,7050001
2019-10-02,64.51319885253906,65.76995436301871,63.65955813131544,65.65929465775622,8762433
2019-10-03,65.39844512939453,65.50910481366529,64.52109268344523,64.75821786982577,5790095
2019-10-04,67.18477630615234,67.27962385562188,65.73041982848869,65.93592706553895,7504518
2019-10-07,66.70264434814453,67.27173611985337,66.35486569211129,67.20850650957512,5086154
2019-10-08,65.83317565917969,66.71843423017431,65.66719244203053,66.22838432824847,6416694
2019-10-09,66.5366439819336,66.78167527150546,66.02288215240571,66.52874423180555,4660875
2019-10-10,66.20467376708984,67.0662205494311,66.07030849190659,66.50503491819444,8580290
2019-10-11,66.6630859375,67.5325384490566,66.59985635982567,66.63147430856176,6229626
2019-10-14,66.93975067138672,67.27172344223914,66.62359003997484,66.68681963833724,5513214
2019-10-15,67.21639251708984,67.2638226148518,66.86071418237391,67.10573914177816,5205102
2019-10-16,66.75005340576172,67.25591545556141,66.72634151716484,67.23220356696453,5686134
2019-10-17,66.23628997802734,66.90814161539228,66.18886619747455,66.72634624340647,7178486
2019-10-18,66.93183898925781,67.11362800201641,66.12562225511512,66.16513995707164,7883056
2019-10-21,66.80538177490234,67.23220208000598,66.45760320330673,67.16106641578864,5352136
2019-10-22,64.26026153564453,65.35102095481969,63.43032654830813,64.81354731400268,18629038
2019-10-23,65.50121307373047,65.50121307373047,64.14961627914735,64.25236991707712,8511961
2019-10-24,65.27198028564453,66.10981503554741,64.84516000169387,65.69090082049561,5232769
2019-10-25,65.01907348632812,65.48541796859998,64.83728439236613,65.02697955817051,7868384
2019-10-28,64.97163391113281,65.97545831899124,63.501471454093,65.390554500184,15557665
2019-10-29,67.26380920410156,67.7933830454944,65.36682686482905,66.43387429583349,17371019
2019-10-30,68.14907836914062,68.36249170064468,66.64730425781633,67.18478430177458,10026845
2019-10-31,68.49685668945312,68.75768745639526,67.58788624027399,68.0542242489157,12419429
2019-11-01,67.13737487792969,68.95531634025711,67.01880908182902,68.82094472058373,9281298
2019-11-04,66.31534576416016,67.738084761274,66.29953994056169,67.65113693197863,8947195
2019-11-05,65.54072570800781,66.1967651346318,65.39054831250591,66.1335292208418,9937974
2019-11-06,65.80155181884766,66.36274365489345,65.70670427467064,66.0465830677037,9735606
2019-11-07,65.50911712646484,66.3864697373174,65.34313388866046,65.78576006933909,9251325
2019-11-08,66.0702896118164,66.16513714832479,65.37472626455833,65.53280970527133,6653123
2019-11-11,65.82527923583984,66.1098219081879,65.57234188297501,65.73042535859055,3725221
2019-11-12,66.48921203613281,67.04249782754991,66.06239174903389,66.06239174903389,8616656
2019-11-13,67.04251098632812,67.2717301528823,66.48132533560639,66.82910396079183,6516883
2019-11-14,66.82909393310547,67.32704990443924,66.1572423554714,67.12154266044762,7911247
2019-11-15,67.10574340820312,67.65902927933764,66.9002361441017,66.93975385498263,9675870
2019-11-18,66.49713897705078,67.04251887069323,66.27582585497858,66.91605332668036,10701757
2019-11-19,66.90812683105469,67.14524568142373,66.3706469038869,66.7105193626821,9691380
2019-11-20,67.39818572998047,67.56417526735474,66.75005235876571,66.81328195409903,8160147
2019-11-21,67.54837036132812,67.79340165895518,66.6077818415605,67.73807180723938,7195568
2019-11-22,67.54045867919922,68.25972766503713,67.4377050641082,67.69853581643223,7800159
2019-11-25,67.73807525634766,68.44153858449545,67.45352623289216,68.0068121386219,9021289
2019-11-26,69.03434753417969,69.1133829597509,67.90405752714435,67.97519320203875,19233420
2019-11-27,69.24774932861328,69.45325658709784,68.7576930722424,69.08176609972963,6037318
2019-11-29,68.90786743164062,69.37421177753286,68.78930798768488,68.8999676819101,4880222
2019-12-02,68.7972183227539,69.54810538069614,68.40991568875204,69.1924207069761,5597997
2019-12-03,69.0659408569336,69.13707651295945,68.37038379383775,68.51265510588948,7466162
2019-12-04,70.0855712890625,70.13299506001913,68.90785780437709,69.18450068148998,7293766
2019-12-05,70.14879608154297,70.18041403328554,69.53228078145435,70.13299026557091,8267462
2019-12-06,70.22785949707031,70.53612040224743,70.1488177531941,70.34641895298442,7245872
2019-12-09,70.12509155273438,70.3464045985478,69.71407709636719,70.26736919059947,8054823
2019-12-10,70.42545318603516,70.765332016475,69.95911516264064,70.03025082860255,8663711
2019-12-11,70.33062744140625,70.73373599333003,70.22787378544123,70.45709299337845,6821746
2019-12-12,70.79694366455078,71.1052045093771,70.27526952106034,70.37802313600244,6863876
2019-12-13,70.97998809814453,71.2983166235292,70.38311336373846,70.98794201616342,7571800
2019-12-16,71.0595703125,71.62461032403534,70.97203266637007,71.34607045911628,10355183
2019-12-17,70.84469604492188,71.18689905503106,70.44678379229227,71.09140113250147,11690545
2019-12-18,71.32220458984375,71.62461897323838,70.93224618661276,71.10733422628549,11578199
2019-12-19,71.61665344238281,71.69623080352306,71.21873482100857,71.53706971810796,7602716
2019-12-20,72.88201904296875,73.7255988731755,72.29310458176273,72.7865147572426,17849641
2019-12-23,73.00934600830078,73.23217659793742,72.77059485738967,73.08096944463392,7895946
2019-12-24,72.7706069946289,73.00139790339587,72.47615291954783,72.92977445511683,2343223
2019-12-26,72.69099426269531,72.99340849908643,72.47612400358545,72.89791060614871,3062675
2019-12-27,72.81835174560547,72.97751919688116,72.63531617608658,72.96160499700747,3758966
2019-12-30,72.4443130493164,72.96955799614786,72.20556187541051,72.8422253093583,3932934
2019-12-31,72.38063049316406,72.41246524991368,71.97475802479032,72.35675601638522,4710760
2020-01-02,73.24810028076172,73.32768400803715,71.91907048835289,72.4841041346793,8251428
2020-01-03,72.61940002441406,73.27197770589733,72.03048550942754,72.16577848754385,5903698
2020-01-06,72.92977142333984,73.00935515027541,72.41248037982605,72.60348259709838,7522963
2020-01-07,70.98792266845703,72.51591444537299,70.9242595259852,72.26124914922033,11132275
2020-01-08,70.51044464111328,71.22669176287066,70.35923748102088,70.90040296283624,15200506
2020-01-09,71.13119506835938,71.66440027836194,70.65369273687563,70.7889857004428,9714750
2020-01-10,71.25056457519531,71.71214632566443,71.18689505499688,71.40177173174891,5945304
2020-01-13,71.23463439941406,71.330138666822,70.84468250258146,71.24259467914804,10261492
2020-01-14,71.56890869140625,71.56890869140625,70.72533508835345,71.04366366935035,8625669
2020-01-15,72.85018157958984,72.90589082008063,71.69622718061729,71.7041874615829,9614038
2020-01-16,72.56369018554688,73.2640231901155,72.4602319730894,73.10485573046785,7252474
2020-01-17,72.39656066894531,72.92180559097723,72.3090166670395,72.64326574947229,10131226
2020-01-21,71.6007308959961,72.39656175356201,71.39381449124089,72.19760562995414,10022129
2020-01-22,71.3460464477539,71.99066996991013,71.32217197383203,71.7598791465768,7800474
2020-01-23,70.47859954833984,71.3540139828514,70.23985478484278,71.3540139828514,13198093
2020-01-24,68.42538452148438,70.69349867462161,68.10704958476704,70.53433120626295,14954960
2020-01-27,68.52086639404297,68.84715517349228,67.41466738348548,67.72504196508382,10847534
2020-01-28,68.6402587890625,69.00633631745302,68.36171891094867,68.79146596966329,9496347
2020-01-29,69.42811584472656,70.16027712109073,68.78349220147592,68.91878515453689,8511227
2020-01-30,68.83919525146484,69.34056561607726,68.60044412572242,69.19731875851181,11016471
2020-01-31,67.9956283569336,68.97449479388824,67.64546506386695,68.74370390456374,9621583
2020-02-03,69.5077133178711,70.20803997392805,68.47313117169354,68.47313117169354,9729318
2020-02-04,70.3194580078125,70.98794989424837,70.08070681492711,70.37516089266416,15091305
2020-02-05,68.30599212646484,69.03019307838224,66.84962357946588,67.3907889957464,29290133
2020-02-06,68.18663787841797,68.62434526410503,67.8523950809043,68.4572238653482,16110170
2020-02-07,67.7091293334961,68.39354173138193,67.51017320295661,68.35375305052789,11419427
2020-02-10,68.17070770263672,68.42537306411444,67.59771382087902,67.70912593956658,10590983
2020-02-11,67.84442138671875,68.44128977028454,67.60567021541169,68.32987764751556,10252689
2020-02-12,66.25276184082031,67.8285094428325,65.97422197993329,67.67729590844863,19630926
2020-02-13,65.23408508300781,65.99807460468699,64.82025238795158,65.99807460468699,19388734
2020-02-14,65.77525329589844,65.89463204431232,64.99534310684436,65.44100425397995,8743464
2020-02-18,65.62406158447266,66.14135264754687,65.4648941245829,65.95831070498714,10017308
2020-02-19,65.25800323486328,66.1413720794499,64.91579373187488,66.11749758976576,11740220
2020-02-20,65.64791870117188,65.91850458403287,65.03512986952003,65.43304841398229,10941330
2020-02-21,65.52855682373047,65.7593477075747,65.02718637678426,65.40918442282289,9295970
2020-02-24,64.7247543334961,65.72749495288055,64.11991948716235,64.15175423973415,13734145
2020-02-25,63.88119888305664,65.21022871975393,63.54694976261524,64.88393988124578,13171683
2020-02-26,63.61856460571289,64.96351482436191,63.48327164682208,64.19156483843406,11940283
2020-02-27,62.1383171081543,65.05900821903117,62.074653955130294,64.23134905091673,15734253
2020-02-28,60.928680419921875,61.66880220610447,59.034603942780194,61.02417836313618,29246117
2020-03-02,64.756591796875,64.89984502195499,61.34249068208273,61.38227935602335,18840525
2020-03-03,62.97394943237305,65.5763125839477,62.003043199090534,64.78048164806094,17394599
2020-03-04,66.02993774414062,66.1095214784138,63.570827716581846,64.86006894028226,20224199
2020-03-05,64.9237289428711,65.87076696963112,64.41439820879522,64.88393390000829,15017840
2020-03-06,65.4171371459961,65.75138622556688,63.21269291278209,63.64243991133472,14208574
2020-03-09,62.83866500854492,64.23932470474493,61.27087756478475,62.074668810617645,18942810
2020-03-10,65.27389526367188,65.40122795310532,61.67674519639341,64.04831733248314,17527486
2020-03-11,63.069454193115234,63.79365532325764,62.098541589508855,63.53102964894941,14274179
2020-03-12,59.24946594238281,62.12240834922155,58.30242793934709,59.20967090051692,22664782
2020-03-13,61.5844612121582,61.96961498874041,57.98166658880556,61.15919005738452,25857094
2020-03-16,56.104042053222656,61.054871202438406,53.85730870176684,56.786082325662605,20808354
2020-03-17,59.76301193237305,61.038831955874606,57.27556098083523,57.492212811396705,24745795
2020-03-18,57.47614288330078,59.907423611744754,55.229416172543246,57.33171265156341,18558508
2020-03-19,56.75398635864258,58.46310973751834,55.29361252141244,57.25147902623329,19268738
2020-03-20,57.259517669677734,58.17425562372691,54.96464032570092,55.807163138488626,23075912
2020-03-23,53.27959060668945,57.460113008237386,52.356826680383705,56.384892767969895,18375003
2020-03-24,55.40595626831055,55.96763806885117,53.913484551124945,55.35781284720148,19901939
2020-03-25,54.73995590209961,56.47314454494586,53.56042296024579,54.892412191688855,18311494
2020-03-26,59.00071334838867,59.522271251874656,54.643664020158944,54.67575535080126,18052848
2020-03-27,57.556396484375,58.92048360329276,57.17124270076414,57.61256594742887,12467218
2020-03-30,61.74494171142578,62.25848006485786,58.47915754212478,59.07293706524322,15803316
2020-03-31,61.7369270324707,62.26651115103006,60.59751119519523,61.18327120014511,15079672
2020-04-01,59.21737289428711,60.55738836432854,58.56743026535193,59.907439319691974,11665288
2020-04-02,61.68075180053711,61.881351535086274,59.40192675454009,60.96661366600545,12843345
2020-04-03,61.18326187133789,62.138117064645726,60.43702602696133,61.20733358143384,10039211
2020-04-06,64.44102478027344,64.87432846799999,62.50723593494046,62.852265977616376,14314108
2020-04-07,63.03681564331055,65.77301615710529,62.908431037799105,65.54031865863445,10657950
2020-04-08,65.49215698242188,66.59947480681195,62.860276252908164,63.534296913963075,11481888
2020-04-09,66.19024658203125,66.83216946672299,64.3366994652403,65.13107863406506,13876568
2020-04-13,64.62556457519531,66.17420565021754,64.05585677132802,65.65264126418401,7706678
2020-04-14,66.4710922241211,66.75995914693455,64.7780208949516,66.06186675667732,12155333
2020-04-15,65.8532485961914,66.56738673618482,64.64162413722352,65.17923425283551,10809072
2020-04-16,66.5994873046875,66.86428256029993,66.00570769811213,66.31864637916287,9145058
2020-04-17,66.96858215332031,67.53026389281368,66.15013125201851,67.36176193724583,15433162
2020-04-20,66.67970275878906,67.50617954657328,64.80207781262565,66.45503138819409,11675768
2020-04-21,63.03681564331055,66.03780499517775,62.75597471973562,65.49216881782873,17876574
2020-04-22,64.17623138427734,64.71384151854981,63.25346743370361,63.5503540268997,11933890
2020-04-23,64.89839172363281,65.70079064799172,64.32868386803308,64.3447295368678,8152497
2020-04-24,65.33971405029297,65.8773306133502,65.01072969380708,65.4761247017927,7686451
2020-04-27,67.3858413696289,67.93949713137499,64.85826683647223,65.17923153337517,12786753
2020-04-28,65.13911437988281,65.9816371716035,64.3286893442653,65.13911437988281,20273560
2020-04-29,64.81012725830078,65.9495430178917,63.41394229224163,65.9495430178917,13687194
2020-04-30,63.662696838378906,64.51324570312231,63.50221446789101,64.04785067812863,11638878
2020-05-01,62.32266616821289,63.277527701366644,61.72888667351475,63.277527701366644,9518565
2020-05-04,61.672733306884766,62.611542904731266,61.15919489746753,62.60351686217741,8850255
2020-05-05,62.595481872558594,63.22938516687101,61.60050295045505,61.98565670246616,7401395
2020-05-06,61.88134765625,63.101004487608805,61.84925632003866,62.8683070137213,12414922
2020-05-07,60.66169738769531,61.88134780631078,60.52528675351296,61.78506096604134,12602410
2020-05-08,61.30363082885742,61.752973770730684,60.95859437130661,61.38387201469952,8791672
2020-05-11,62.51525115966797,62.643635751965085,60.91846659002864,61.00672738840111,10622528
2020-05-12,61.937522888183594,63.149153790512905,61.88135342102964,62.70783051163383,9544660
2020-05-13,62.49920654296875,63.22939680576795,61.44805796893046,61.51225348059933,10935146
2020-05-14,64.2323989868164,64.29658807981843,61.99369129163248,62.009736960957625,11407585
2020-05-15,64.01573944091797,64.63359066306188,63.253457965169254,64.28053465489413,9367234
2020-05-18,63.96760940551758,64.99468631011406,63.57442952306985,64.99468631011406,12552630
2020-05-19,62.226383209228516,63.97562405273922,62.06590086754659,63.76699829169289,10591822
2020-05-20,61.6967887878418,62.780028372473474,61.52828043275035,62.61152643308181,11027685
2020-05-21,61.423980712890625,61.80913450104112,61.199309273728126,61.59248910403837,9000329
2020-05-22,61.27954864501953,61.512246119494456,61.03882512862102,61.11906630075386,6357482
2020-05-26,61.993675231933594,63.06889519071475,61.71283438943702,62.79608038865229,19146017
2020-05-27,62.226383209228516,62.29859833827512,60.98265468474491,61.785059977453656,12828987
2020-05-28,63.42195129394531,64.4249561381949,62.99668021686819,63.068895333839805,13180906
2020-05-29,64.77000427246094,64.94653228467115,62.836209348661065,63.75897320358321,13517104
2020-06-01,63.839210510253906,64.5613745991976,63.49417413293837,64.3367031805064,6269241
2020-06-02,64.86628723144531,64.88233289861309,63.253457092311635,63.82316488872567,11352984
2020-06-03,65.84524536132812,66.0779429095103,64.88235740643906,64.99469636614874,13675457
2020-06-04,65.4360122680664,65.92547902619854,64.86630432155333,65.21133437431887,9292930
2020-06-05,66.00569915771484,66.70379156764847,65.38785433406419,65.88534060969211,10413347
2020-06-08,66.51923370361328,66.75995720155996,65.11502933817553,65.11502933817553,9956838
2020-06-09,66.00569915771484,67.00870416643998,65.89336665146057,66.75193498685756,8846168
2020-06-10,65.6125259399414,66.42295085832379,64.98664865712666,66.15013601016655,9080920
2020-06-11,62.06589889526367,65.5242566791171,62.06589889526367,64.84221637219359,14303838
2020-06-12,61.71003723144531,63.028351360662775,61.03874864008608,62.99599846709519,17000656
2020-06-15,59.866024017333984,60.95788102897997,59.502071680118654,60.585845316886456,17684162
2020-06-16,62.251922607421875,62.6077850473859,60.52113004937986,60.965961332684344,21437050
2020-06-17,61.70195388793945,62.64014263328986,61.16816018801562,62.56735346512289,13983045
2020-06-18,61.645328521728516,61.693854621339476,60.94977051611092,61.168144431057925,7750903
2020-06-19,63.004093170166016,63.06879249559634,61.31373680119702,62.381330637740554,17691393
2020-06-22,62.07399368286133,62.785718589108114,61.815183450280834,62.5754409334982,7474231
2020-06-23,62.37323760986328,63.58640971665803,62.187223017069186,62.68057394002606,11428650
2020-06-24,61.36224365234375,62.18720667622066,61.02256098372622,62.057801599276836,8084901
2020-06-25,61.928409576416016,62.24382926376345,60.9093419556595,61.184325377118306,7583328
2020-06-26,60.812294006347656,62.057819030112924,60.658625838483026,61.75047622768469,12328882
2020-06-29,61.5644645690918,61.87988429359656,61.079190521070494,61.38652687146441,7230990
2020-06-30,62.543087005615234,62.80998060770372,61.62916136605423,62.07399265846707,9940804
2020-07-01,63.182029724121094,63.845228582504504,62.37324605452444,62.62397293678624,9948769
2020-07-02,63.71583557128906,64.14449377837688,63.26292076886904,63.545994137056795,6827825
2020-07-06,64.36286163330078,64.71873065592912,63.812894580213424,64.0878781067571,8058282
2020-07-07,63.66728210449219,64.44371268950785,63.56214005860267,63.89373940844721,6956414
2020-07-08,63.02024841308594,63.861384670704,62.664386057954,63.59448467100636,8211394
2020-07-09,62.025474548339844,63.36805197250791,61.499764183442764,63.036452537226616,7966058
2020-07-10,62.05781555175781,62.55925629596852,61.79091549971107,62.073988765000585,5161400
2020-07-13,62.55925369262695,63.55405823307709,62.057812969283205,62.276180439117255,8114245
2020-07-14,63.28717041015625,63.57833355951102,62.567355611314966,62.71293395264255,8397100
2020-07-15,64.24959564208984,64.67824711409361,63.764328238556146,64.0878376853463,7709717
2020-07-16,64.2172622680664,64.54886165345025,63.69155198227563,64.52459859923674,5850774
2020-07-17,64.59739685058594,64.90473322499781,64.14448213041048,64.47608156244962,8191378
2020-07-20,64.22534942626953,64.86428511614126,63.95035953440174,64.59738506423976,5434194
2020-07-21,63.80478286743164,64.79958100780001,63.72390386577019,64.476071467853,8967526
2020-07-22,63.71583557128906,64.50844617557557,63.101162710847184,64.15257715458729,12362103
2020-07-23,63.13347625732422,64.05548497319135,62.688645108429796,64.01504871724501,11558916
2020-07-24,62.35707473754883,63.07688957406476,61.75857519182212,62.96365765819486,9068763
2020-07-27,63.83713150024414,64.00697286570696,61.718123784935905,61.79899631450025,10958307
2020-07-28,64.45181274414062,64.872380994356,63.86948647973483,64.04742417536382,8494564
2020-07-29,64.17682647705078,64.49224618417128,63.683469082109895,64.09594747350486,6398040
2020-07-30,63.88564682006836,64.12019392962657,62.78570041661666,63.675362758623265,7152600
2020-07-31,64.8966293334961,66.06127513150695,64.0150567627776,65.42233306035462,12291154
2020-08-03,66.7568359375,67.77589711047165,66.2068626176764,66.44140977759976,10601463
2020-08-04,66.0531997680664,66.76492467836411,65.56793219589078,66.76492467836411,7218729
2020-08-05,66.0289306640625,66.70021924297531,65.63262550862893,66.3767032466952,6492465
2020-08-06,65.5517578125,66.63552494685246,65.17163227135539,65.88336370587474,7256562
2020-08-07,65.52751159667969,65.52751159667969,64.72681756874405,65.3414969323048,6977584
2020-08-10,65.43852996826172,65.68116053171316,64.94517253364454,65.51940897831201,5782445
2020-08-11,65.43852996826172,66.21496070470522,65.21206615344111,66.1179020126252,7636671
2020-08-12,66.87006378173828,67.05608484174067,65.786296782923,65.81055983712342,7295652
2020-08-13,67.56562042236328,67.63841605702426,66.32818516691772,66.4252438575659,7455262
2020-08-14,67.51708984375,68.2854371437126,67.26636945956899,67.43621084024346,7390496
2020-08-17,68.55232238769531,68.89201157434651,67.94573963536672,68.16410709819368,8764319
2020-08-18,68.39058685302734,68.75453921058933,67.75165100013642,68.6574869730262,6551572
2020-08-19,68.77069854736328,69.32066537530167,68.39056661821078,68.39056661821078,6896050
2020-08-20,68.77069854736328,68.9971558569084,68.25307814457537,68.58467750260543,6380434
2020-08-21,68.73028564453125,68.89204370727938,68.03473373475569,68.82734436220082,6890495
2020-08-24,69.08612823486328,69.12656450172372,68.32587080427825,68.90819055392102,7582280
2020-08-25,69.29643249511719,69.78979006050352,68.9082170239952,69.48245362086959,10245982
2020-08-26,69.18317413330078,69.29639955019346,68.47144287459815,68.99715309598656,7844175
2020-08-27,69.40963745117188,69.68462087797698,68.8111380241738,69.11039097102217,6464902
2020-08-28,69.27214050292969,69.45816155099605,68.67364109322415,69.45816155099605,6134049
2020-08-31,68.96481323242188,69.49861339395463,68.85967116828355,69.23171331318825,7929273
2020-09-01,68.28546142578125,69.3934918811045,67.87298288791126,69.02953946925437,6797433
2020-09-02,70.30740356445312,70.53386741635269,68.15604223831087,68.32589012723554,11571597
2020-09-03,69.14273834228516,71.01102580883706,68.69791353599078,70.92205696755893,12983672
2020-09-04,68.94055938720703,70.27504703593075,68.13986550463277,69.19127981978781,9359688
2020-09-08,67.39576721191406,69.50668504612666,67.1288671761591,69.50668504612666,9095592
2020-09-09,68.64939880371094,69.4096564387805,67.66269025327652,67.75165265097696,8862307
2020-09-10,67.58987426757812,68.64937814583443,67.3553335805635,68.52806288243058,6907578
2020-09-11,68.32587432861328,68.64938388027991,67.7597277631724,67.80825387258746,7171254
2020-09-14,68.56211853027344,69.32790538250082,68.2118100463472,68.59470672932667,8575994
2020-09-15,68.60285186767578,69.3849295964665,68.14664311608045,69.02647893253705,10826678
2020-09-16,69.7108154296875,70.14258476376787,68.83912156727354,68.83912156727354,10380230
2020-09-17,69.76782989501953,69.87373666669805,68.79837810570545,69.55601635166249,8090455
2020-09-18,69.90630340576172,70.30549088393302,69.19755087145683,69.71078726215507,12308446
2020-09-21,67.72303009033203,69.52343897548876,66.87578229870527,69.18127908399595,10445311
2020-09-22,67.56822967529297,68.08146614497237,66.9653772835158,67.69857596233312,8143170
2020-09-23,67.31568908691406,68.28514086572905,67.27495220623848,67.69043060948317,7085842
2020-09-24,67.73931884765625,68.00815361032433,66.68025110046196,66.88392248442942,7844280
2020-09-25,67.56009674072266,67.81264720890681,66.63953035216744,66.92466251440548,6932101
2020-09-28,67.4216079711914,68.18738851168169,67.2586734466786,67.78005871413295,6123674
2020-09-29,66.72099304199219,67.73932398411688,66.55805852795635,67.35642722475937,6742413
2020-09-30,67.5763931274414,67.8778161323617,66.81875476127611,67.01427097771452,11593605
2020-10-01,66.50917053222656,67.89410068781771,66.19145022670409,67.7637543968648,8410305
2020-10-02,65.82485961914062,66.59064662285019,65.53972747691817,65.82485961914062,5255406
2020-10-05,66.18330383300781,66.42770557963217,65.67821600920924,66.17516166773288,8807182
2020-10-06,64.8716812133789,66.10181875246857,64.78206530967181,66.09367658939009,10273230
2020-10-07,65.20569610595703,65.45823996453232,64.77392694319308,65.2464264649282,9845226
2020-10-08,65.56417083740234,66.66396909904358,65.30347820562368,65.49085225603957,9217160
2020-10-09,65.4664077758789,66.05296289613686,65.21386384349186,65.89003489890189,5956098
2020-10-12,65.4664077758789,65.75968859287426,65.09980838306791,65.58860540223833,8276370
2020-10-13,65.75154876708984,65.93077414779513,65.2057239442085,65.4175375342421,9125774
2020-10-14,65.58860778808594,65.93076766807144,65.23015706190415,65.86559776955339,9166122
2020-10-15,64.4073486328125,65.12425008303762,64.17923770434727,65.010194618805,9151974
2020-10-16,65.03463745117188,65.41753423557138,64.44808228150733,64.60286812584472,7903492
2020-10-19,64.08961486816406,65.57230302424716,63.81262494548739,65.27087358059686,8614455
2020-10-20,63.76375961303711,64.33402391000682,63.60897377568056,64.33402391000682,11144746
2020-10-21,63.60082244873047,64.23625655287356,63.56823424720896,63.75560826379256,9689808
2020-10-22,64.52954864501953,64.72506486093992,63.625273118921264,63.625273118921264,6075990
2020-10-23,65.03463745117188,65.67822686958525,64.57027991815967,64.57027991815967,7309381
2020-10-26,64.22811126708984,65.01018246948252,63.755605166048205,64.62729228983777,9122840
2020-10-27,63.535640716552734,65.36048865644689,63.535640716552734,64.3014275625505,12241374
2020-10-28,62.061100006103516,63.32382591792926,61.93075372731129,62.835029000891275,8989954
2020-10-29,61.82484436035156,62.3951084917922,60.83095321227579,62.052948710181596,9314310
2020-10-30,61.27088928222656,61.82486273681459,60.2362674659791,61.40938427430683,11096748
2020-11-02,62.492889404296875,62.615093558354715,61.62120204709403,62.28107581857901,8145475
2020-11-03,62.663970947265625,63.73118101432704,62.53362462980977,63.11203112111178,7693578
2020-11-04,65.67822265625,67.52751050304354,64.79838670132904,65.12424921607526,14731422
2020-11-05,65.54785919189453,67.5356349931755,65.53156183649632,66.85132193719247,9277210
2020-11-06,65.4664077758789,66.10184194668064,64.72506031058869,64.72506031058869,6945515
2020-11-09,65.5804672241211,69.38494334180413,65.45826307659794,69.0672294939501,11184046
2020-11-10,66.077392578125,66.82688861143401,65.99593184850876,66.6232172461981,8593914
2020-11-11,66.03665161132812,66.69653161689301,65.65376149142294,66.69653161689301,5741678
2020-11-12,65.05907440185547,65.98778933811518,64.38289687023595,65.62118996564794,7464799
2020-11-13,66.06108856201172,66.68023167151802,64.94499992678838,65.36862690223184,7694206
2020-11-16,65.31976318359375,66.7128355066028,64.92872431005458,66.17515949813594,9503474
2020-11-17,66.39513397216797,66.76988210791028,65.50714920534134,66.03668319851332,9509133
2020-11-18,65.37679290771484,66.77802060568028,65.3605020618453,66.33809611614105,8678174
2020-11-19,65.49085235595703,65.80042404244985,64.62730719765605,65.80042404244985,7037110
2020-11-20,65.53971862792969,65.8329994103623,64.95316357679643,65.5560094716135,8415440
2020-11-23,65.40123748779297,66.1181454949165,64.66804514727423,65.67007880468095,9498548
2020-11-24,65.28717041015625,65.89816494329762,64.90427372844019,65.18941232705068,12790840
2020-11-25,65.22199249267578,65.54786144707742,64.84725101159158,65.28716888904867,6023590
2020-11-27,65.05907440185547,65.72709674052658,64.81467264896652,65.41752509510668,5644528
2020-11-30,65.49085235595703,65.61304999174808,64.69248361256678,65.17313198916706,14501910
2020-12-01,66.43585205078125,67.1771929175601,65.8411483188645,65.9470485737769,10166543
2020-12-02,66.6639633178711,67.40530426122683,66.22404535411142,66.75357273829904,7165805
2020-12-03,66.35438537597656,66.77801245420196,65.84114888580784,66.75356641778244,7085109
2020-12-04,66.75355529785156,66.76985265274973,66.07738442658285,66.10182394519914,8651554
2020-12-07,67.21794128417969,68.00001916455516,66.84319319051652,66.85134187064537,8829190
2020-12-08,67.7637710571289,68.21997993076069,67.01427481458104,67.03871434303512,8664969
2020-12-09,68.00001525878906,68.33402644635628,67.24237694858402,68.28514739585695,7168320
2020-12-10,67.60896301269531,68.38289201591758,67.38900081507875,68.15478765397809,7349205
2020-12-11,67.58453369140625,67.95928178233815,67.22608296061325,67.49492426557454,7979158
2020-12-14,65.9505386352539,68.21676984717381,65.72063292880173,67.84727548511795,13139300
2020-12-15,66.0819091796875,66.54172712239435,65.68778232815448,66.09833523506596,10087838
2020-12-16,65.54821014404297,66.30362505639519,65.40041499954188,65.91770457046735,9487649
2020-12-17,65.53999328613281,66.14760639245702,65.42503714852505,66.00801773467197,11710038
2020-12-18,65.30188751220703,65.83560316395945,64.41510347942757,65.44968266261296,33161759
2020-12-21,65.10479736328125,65.13764290663188,63.83209985143267,64.702464076622,11140764
2020-12-22,65.21153259277344,65.67956347487326,64.24263841952087,64.85846438112458,9052414
2020-12-23,65.4907455444336,66.04088072726604,65.33473735371271,65.35115684977772,6056078
2020-12-24,65.8027572631836,66.0408760477015,65.58105797356724,65.68780110335706,2957456
2020-12-28,66.05728912353516,66.62384370723282,65.79453783961164,66.22151031728016,4804242
2020-12-29,66.853759765625,66.99334187950679,66.31183110881271,66.3446766624438,5708037
2020-12-30,66.17223358154297,67.10828240320954,66.13117500777491,67.05080433903632,5933357
2020-12-31,67.16576385498047,67.28071342395448,65.99980271781412,66.21328892969925,5511118
2021-01-04,66.47603607177734,67.40387842027634,65.58925229657956,67.3299808665382,10502637
2021-01-05,66.59100341796875,66.8373286385964,65.61389586902271,66.23792851484095,10956526
2021-01-06,67.64200592041016,67.93759617374607,65.94232913787424,66.16402839304705,10521396
2021-01-07,68.98859405517578,69.27597781495771,67.38745408919921,67.7815809510576,10447931
2021-01-08,68.17572021484375,69.27599041703697,67.78159328128926,69.27599041703697,9563105
2021-01-11,69.79327392578125,70.2859308624546,68.35634855982619,68.56162830151277,13488179
2021-01-12,68.22499084472656,69.90824183820347,67.78159882883502,69.89182234323413,10128606
2021-01-13,67.60916900634766,68.45490099126172,67.51063890931697,68.45490099126172,10093812
2021-01-14,67.4695816040039,67.98687775356133,67.23146282155287,67.67485483176505,11366398
2021-01-15,68.46310424804688,68.56164090563232,66.96870710747211,67.19861941000008,10203538
2021-01-19,68.30707550048828,68.89005598025037,67.87189667998906,68.61909174257629,8467316
2021-01-20,67.70769500732422,68.60269198660977,67.55168684140628,68.35636019376346,11097901
2021-01-21,66.65670013427734,67.57632977805028,66.4760594177542,67.1739963224556,9043716
2021-01-22,66.49246215820312,66.86195652871858,66.3118214871999,66.41856459713416,9436926
2021-01-25,66.63202667236328,66.66487220932676,65.73703010499452,66.27074546126991,9957677
2021-01-26,65.89305877685547,66.63204748088688,65.79452870036337,66.63204748088688,7748283
2021-01-27,63.28197479248047,65.74526619053779,63.09312109516082,65.57283855004543,16230376
2021-01-28,63.97990798950195,64.46435851586598,63.28197780077016,63.29019082957423,12972039
2021-01-29,63.28197479248047,64.34939931425981,62.723626728935166,64.03738301658848,10671470
2021-02-01,63.52009963989258,64.31655995233855,63.50367358148528,64.03738917629796,8224599
2021-02-02,63.856754302978516,64.80101640119143,63.79927622366312,63.87317379770928,9866710
2021-02-03,63.48725128173828,64.1687619810625,63.347662617303016,63.75000255292764,10034810
2021-02-04,62.42803192138672,63.232711776565665,62.025698558968045,63.19986622703022,18867563
2021-02-05,62.23918914794922,63.20808368841115,61.918959789155664,62.756478687433415,13901825
2021-02-08,61.615150451660156,62.559412477626886,61.303134119445545,62.28024169753259,16718534
2021-02-09,61.615150451660156,61.72189357217266,61.05680889147155,61.66441549725495,13484616
2021-02-10,61.49199676513672,61.894336782801425,61.20461291399686,61.84507173005428,11721566
2021-02-11,61.36881637573242,61.66440660668399,60.950056983380655,61.42629444236313,8780982
2021-02-12,61.58230972290039,61.672626782212525,61.204602297128346,61.35239742973246,6738116
2021-02-16,60.96647262573242,61.93536697363918,60.802251464346206,61.8861019382573,9734453
2021-02-17,62.025699615478516,62.45267207119968,61.065011590105904,61.13891571911219,13876463
2021-02-18,61.9189338684082,62.30484760415549,61.615124130130475,61.8039777676812,10004627
2021-02-19,61.0157470703125,62.00106762540548,60.97469505622032,61.94358955353966,12388198
2021-02-22,61.52482986450195,61.63157297889822,60.53950931354957,61.171754971074854,8612464
2021-02-23,61.204593658447266,62.37055475721476,61.13890913050681,61.82041975438634,10900458
2021-02-24,61.229244232177734,61.80401192311597,61.08144907685264,61.41809797409679,9838834
2021-02-25,61.270294189453125,61.58231051686533,60.82689565558187,60.93363877445144,10906955
2021-02-26,59.62808609008789,61.34418218835263,59.56240156227494,61.122482955997256,17644862
2021-03-01,59.4310417175293,60.26034767168311,59.266820506648884,60.112552520993894,12594864
2021-03-02,59.81696319580078,60.342465884732725,59.4474687073222,59.808750164669725,16047290
2021-03-03,60.18644332885742,60.539511670861486,59.46387402133385,59.792316406163984,13939972
2021-03-04,59.258609771728516,60.202871923105704,58.889115315522474,60.08792232317479,15975188
2021-03-05,60.04685592651367,60.27676166164588,59.12722642081351,59.53777941051888,12241164
2021-03-08,60.900787353515625,62.04210931126407,60.26854179858424,61.065001947718294,15391347
2021-03-09,60.87615966796875,61.960003649446314,60.867946639797275,61.22101493878499,14189920
2021-03-10,61.38524627685547,61.7711601872677,60.84332419637204,61.385246276855476,12827310
2021-03-11,61.27849197387695,61.87789202138293,61.24564642691449,61.49197818137749,13205324
2021-03-12,61.79204177856445,62.03225263911654,61.28677111484127,61.31990524595079,11493940
2021-03-15,63.14219284057617,63.4155378456731,62.189634540038604,62.53752637665666,17999295
2021-03-16,63.62261199951172,63.92080593632968,63.06764344582827,63.07592863438927,15697887
2021-03-17,64.02850341796875,64.19416087196673,62.926844592040965,63.55636675950868,17533878
2021-03-18,64.0036392211914,64.76568452117435,63.95393471169337,63.99535403246628,14274179
2021-03-19,64.20243072509766,64.81538236473719,62.968248879951695,63.98706880120923,58225203
2021-03-22,64.20243072509766,64.60830562956836,62.5706591642006,62.78602108808903,11352879
2021-03-23,63.17534255981445,64.04506905451042,62.97654433719151,63.854556022829335,11651245
2021-03-24,63.15046691894531,63.514922446384645,62.87712196193998,63.00965184672261,9135416
2021-03-25,63.00967025756836,63.45695792154664,62.380154776625126,63.29957905131083,10700918
2021-03-26,64.10304260253906,64.1693042516462,62.82744128440534,63.07593736997742,10389767
2021-03-29,64.85680389404297,65.06388728026258,63.920815863971995,64.04506059742089,11448562
2021-03-30,63.746864318847656,64.67457374851881,63.60605583362711,64.60831210068326,10123366
2021-03-31,63.854557037353516,64.35154266752528,63.48181615901105,63.862842228427,13598219
2021-04-01,63.854557037353516,64.16103625567189,63.63091648406078,63.912540129158714,9121373
2021-04-05,63.779991149902344,64.53375787268472,63.597763360657204,64.21071499149227,9828144
2021-04-06,62.777732849121094,63.73029108289684,62.653488138627154,63.70544214079805,13394698
2021-04-07,63.051082611083984,63.283008295858146,62.71975452753271,63.01794847815828,8970566
2021-04-08,62.52925491333008,63.28302182860132,62.35531226826595,63.017961954219786,12007984
2021-04-09,63.20845031738281,63.266426761212806,62.47953263582317,62.545800889988456,8177439
2021-04-12,63.13393783569336,63.44869565703881,62.935139587927374,63.25818260126253,9970672
2021-04-13,63.307857513427734,63.58120252125352,62.84399951902194,62.92683154026773,8627346
2021-04-14,63.28302764892578,63.60607064232466,62.9682698470053,63.200195602706465,8415545
2021-04-15,63.49838638305664,64.05335510365181,62.993115563069445,62.993115563069445,14541734
2021-04-16,64.16929626464844,64.40122856478905,63.63089808053562,63.98706847371843,12512806
2021-04-19,64.32666778564453,64.43434873477285,63.75513553477259,64.35980191372677,8536903
2021-04-20,65.0804443359375,65.55258089728218,64.34324795529199,64.34324795529199,11009345
2021-04-21,65.62713623046875,65.84249818940349,65.16328479803529,65.37864675697003,11817248
2021-04-22,64.57518768310547,65.48633349364725,64.24386614836123,65.43662897172398,13330560
2021-04-23,64.50891876220703,64.77397860930094,64.16102688503956,64.49234838248016,8598840
2021-04-26,64.2190170288086,64.53377480398133,64.02850400097921,64.492355472964,7834219
2021-04-27,64.07820129394531,64.55862314293553,63.96223511561862,64.12789919241268,9095802
2021-04-28,63.854557037353516,64.63317293547779,63.664050625500124,64.28528100750118,11628398
2021-04-29,61.030006408691406,62.73632502935198,60.342507846525784,62.5375334561251,30602753
2021-04-30,61.70921325683594,62.1896350051466,60.86433591423887,60.947167935277214,18052114
2021-05-03,62.93513107299805,62.96826521361865,61.47730173709008,61.51043587771068,12543302
2021-05-04,62.94341278076172,63.341002577644254,62.56238674184569,63.01795962589206,10418587
2021-05-05,64.35981750488281,64.38466645125116,62.73632430978535,63.03451828905907,16795143
2021-05-06,64.42607116699219,64.49233280133025,63.523210867028475,64.14444100821238,12871641
2021-05-07,64.94792175292969,65.15499851833344,64.51719784226351,64.61659363000074,12237496
2021-05-10,64.7491455078125,65.58573795743301,64.74086031592152,65.28754390076566,10939758
2021-05-11,64.1610107421875,65.1549816072807,63.90422952670934,64.46748321578319,12148102
2021-05-12,64.60831451416016,65.04731698817322,64.02849692681296,64.36810361393306,13379711
2021-05-13,65.17984771728516,65.42834381044268,64.31012132551437,64.5171980917188,10830451
2021-05-14,64.84852600097656,65.56087351824249,64.79054291714664,65.48632667739844,8273122
2021-05-17,66.15725708007812,66.4057531807214,65.097017647233,65.16328592321275,12532508
2021-05-18,65.75138854980469,66.09927381778076,65.34551357336078,65.71825441190329,7943106
2021-05-19,65.73480224609375,65.76793637596886,64.5668821179533,65.37863187420614,9132796
2021-05-20,65.9832992553711,66.25664424086558,65.35378389275579,65.37863283481417,7345222
2021-05-21,65.5857162475586,66.5465531432158,65.50288422463326,66.20694648521905,10863987
2021-05-24,65.46147155761719,65.97502750282946,65.40349509624235,65.87563171435409,8737910
2021-05-25,64.19416046142578,65.64371119033129,64.16103294455061,65.43662778416319,14331714
2021-05-26,63.97051239013672,64.41780004384663,63.75515044152575,64.23557223106506,9686454
2021-05-27,62.885414123535156,64.27697475665468,62.85227999295192,64.19414274162278,17675149
2021-05-28,62.860572814941406,63.283011506907265,62.786025979215644,62.968253785274136,13969735
2021-06-01,62.27246856689453,63.06764804111304,62.14822384368947,63.00138639635469,15798914
2021-06-02,62.8440055847168,63.0262400227585,62.34702003212604,62.380154168393034,11830453
2021-06-03,64.15911102294922,64.23723420991023,63.282357728658056,63.56014009816512,15974400
2021-06-04,64.33270263671875,64.65389109272459,64.15040863396474,64.41082579953387,12728500
2021-06-07,63.19554901123047,64.41084268144915,63.17818388859661,64.35876055925515,16794400
2021-06-08,62.84830856323242,63.51671996649452,62.57052625471598,63.3257433876046,13657700
2021-06-09,64.2719497680664,64.49764998460827,63.32574934442955,63.3691555247522,12258700
2021-06-10,66.09490203857422,66.3813669567638,64.87960174374126,65.30496115178777,17236700
2021-06-11,66.2077407836914,66.71990587411581,65.6348176399191,66.58969396144161,13928400
2021-06-14,66.05889129638672,66.36533286140191,65.5598382890659,66.31279639551899,7841400
2021-06-15,66.27780151367188,66.3390885158728,65.41978348285888,66.10269770160701,14185700
2021-06-16,67.07451629638672,67.89751862731514,66.70679440886636,66.73305930372067,17576900
2021-06-17,67.61736297607422,67.827488859314,66.53169810647567,66.83813307782148,14233200
2021-06-18,67.07451629638672,67.60859142435771,66.68052951401204,67.18833306734875,19351900
2021-06-21,67.19709014892578,67.66987829486966,67.02198639699691,67.31966411123197,10880800
2021-06-22,66.70681762695312,67.18835645304073,66.54922152319409,67.05702525327781,10957500
2021-06-23,66.17271423339844,66.76807629721003,66.14644934054755,66.40910494883593,9539100
2021-06-24,66.85565185546875,67.10079984864582,66.30406887082033,66.30406887082033,8601900
2021-06-25,67.59107971191406,68.26524321211879,66.5842230772227,66.59297358933324,50285200
2021-06-28,67.29339599609375,68.06386181940204,67.23210901787354,67.63485297186058,8796200
2021-06-29,67.59983825683594,67.70490452228746,67.25838124384394,67.41597730213104,7696600
2021-06-30,68.09011840820312,68.37028837157823,67.61733702232793,67.76617585416933,13811900
2021-07-01,68.28276824951172,68.42285663620423,67.86251644899806,67.98509044746304,9212000
2021-07-02,68.81683349609375,68.9656723754075,68.08138961258045,68.32653757375155,7668000
2021-07-06,68.38782501220703,68.59795088319056,67.90627959976456,68.41408991110734,6720500
2021-07-07,68.78179931640625,68.82557859311319,68.40532024797788,68.65047484584503,8275100
2021-07-08,68.39657592773438,68.55417198645327,67.68739032360915,68.09013432260623,8400400
2021-07-09,68.28276824951172,68.89564492161854,68.23899563850676,68.65924743902042,6006500
2021-07-12,67.89752960205078,68.6679955880262,67.75744123381104,67.89752960205078,11087900
2021-07-13,67.9500503540039,68.09013202381341,67.62610105541293,67.76618940500259,6465800
2021-07-14,67.95880889892578,68.04636077927249,67.31091028884352,67.94129451498826,7163200
2021-07-15,68.20394897460938,68.32652292892293,67.59982971422151,67.95880106598229,7041300
2021-07-16,68.30902862548828,68.62422079487789,67.96757155527979,68.3002781117363,7638200
2021-07-19,67.45975494384766,68.58918554105699,66.67177467155491,68.12515456953466,9830600
2021-07-20,66.68929290771484,68.40533539406665,66.49667473520309,67.58233958394545,11627600
2021-07-21,66.88191223144531,66.94319922559204,66.22526300282415,66.8206252372986,7429300
2021-07-22,67.00446319580078,67.23210338717365,66.61047646592156,67.0657501688882,8708900
2021-07-23,67.88874816894531,68.01132210749869,67.17956942734666,67.24085639662336,6560800
2021-07-26,67.62610626220703,67.95005558574012,67.38095831133039,67.81872441783315,5071800
2021-07-27,68.16017150878906,68.4053194239232,67.18833035966466,67.56480942355772,8136000
2021-07-28,68.5804443359375,68.8781221015454,67.82748604909492,68.16894310013038,11037900
2021-07-29,67.35470581054688,68.2214809906164,67.2496395209274,67.89753828724133,11583000
2021-07-30,67.30216979980469,68.0813930065647,67.2146112266378,67.52105287315932,13004500
2021-08-02,66.69803619384766,67.6436124727731,66.66301410798599,67.35468527424923,9083400
2021-08-03,66.89940643310547,67.24961390554589,66.70678831539563,66.85562715916073,9952400
2021-08-04,66.08516693115234,66.96944955721649,66.06765254818835,66.96944955721649,10893400
2021-08-05,66.18148040771484,66.26903897764632,65.60363258889716,66.12019341663144,8701600
2021-08-06,66.0501708984375,66.24278910834003,65.65617728369617,66.20776700837752,8670700
2021-08-09,65.94508361816406,66.73306391716874,65.66491358738246,66.4091146054167,7867000
2021-08-10,65.83128356933594,65.98012247481181,65.50733417525717,65.79626147161535,11243100
2021-08-11,65.84878540039062,66.33908136514879,65.78749840479585,66.17273476555243,6952200
2021-08-12,66.5754623413086,66.59297004437792,65.71743793575436,65.76997440452209,6077100
2021-08-13,67.17082977294922,67.2146023739862,66.73306368389693,66.85563765444913,6810400
2021-08-16,68.23023986816406,68.30028406297194,67.10080227606981,67.17960366517418,9368400
2021-08-17,69.01819610595703,69.21956474553721,68.14266401788383,68.20395099685777,10311600
2021-08-18,68.1076431274414,69.22832315106783,68.0726210417306,69.06196991388646,7459100
2021-08-19,68.69426727294922,69.28962953721766,68.03761801146703,68.03761801146703,8865400
2021-08-20,68.8868637084961,69.3421374469411,68.48411975685408,68.75553256170902,6284200
2021-08-23,68.62421417236328,69.36842191591393,68.5891920813907,69.26335564299622,6492600
2021-08-24,68.04637908935547,68.52791790072611,67.88878299041295,68.52791790072611,8698100
2021-08-25,67.4772720336914,68.12516404557213,66.8906670137483,68.12516404557213,7045800
2021-08-26,67.03951263427734,67.6961619052203,66.98698283013209,67.51230091093008,6640400
2021-08-27,66.80310821533203,67.38971317462367,66.68928475651573,67.2496248190899,6010000
2021-08-30,66.97821807861328,67.27589584155666,66.72431292092455,66.8031142980326,7339700
2021-08-31,66.79435729980469,67.5035362969394,66.56671704056129,67.23212343231374,10949500
2021-09-01,66.69803619384766,67.24086850503372,66.3916012922829,66.73305827970933,9187200
2021-09-02,67.52104187011719,67.53854957402878,66.68928231904204,66.96070182802329,6559400
2021-09-03,67.64363098144531,67.74869058799689,67.14457781098022,67.64363098144531,6629800
2021-09-07,66.52293395996094,67.30215701874205,65.81374839471901,67.05700241212483,13979500
2021-09-08,65.98009490966797,66.51416998716238,65.48979910597974,66.51416998716238,8243000
2021-09-09,64.63179016113281,65.8312717434048,64.43917199816262,65.8312717434048,14628700
2021-09-10,64.3078384399414,64.9732447928533,64.01891788598368,64.77187612433066,11084500
2021-09-13,64.07144927978516,64.64054656898246,63.7912792315346,64.58801009258615,11245200
2021-09-14,63.70041275024414,64.61029136372511,63.65624113730857,64.53079054801134,15202800
2021-09-15,64.31879425048828,64.61914648163022,63.497251875990116,63.673931641263,12555900
2021-09-16,63.576744079589844,64.50428734928661,63.329399207670704,64.50428734928661,14818900
2021-09-17,63.32057189941406,63.60325275317578,62.622702067392865,62.88771831638837,43406600
2021-09-20,63.54140853881836,64.14210611999974,62.825874191985505,62.8612101367188,15989400
2021-09-21,63.576744079589844,64.20394193042544,63.40006435704597,64.02726894752386,11995900
2021-09-22,63.63859558105469,63.96544809152624,63.47958716239878,63.89477618553608,9028700
2021-09-23,64.53079986572266,65.40534266306025,64.10677523509793,64.20394740587354,12813500
2021-09-24,65.02549743652344,65.92654061746384,64.79581711995287,65.00782609082526,14714700
2021-09-27,64.8046646118164,65.60853575695715,64.78699326289535,64.93717277014474,8630600
2021-09-28,64.76933288574219,65.21102228260067,64.18630638650457,64.97251297374103,11836200
2021-09-29,66.3328857421875,66.87174714533684,64.99898911176861,65.02548938739189,16054500
2021-09-30,66.35057067871094,67.7109746030972,66.34173500514544,66.76575972091479,16248600
2021-10-01,71.9070053100586,74.50413330263805,71.2268001470278,72.04834235377298,102497300
2021-10-04,73.40874481201172,74.69847648693107,72.80804722126166,74.35395944484644,53553300
2021-10-05,72.08370208740234,73.66495080240044,71.81869251561814,73.12608924490102,28977800
2021-10-06,71.2533187866211,72.15436196378418,70.80279382821772,71.99535355138556,17608000
2021-10-07,72.38404083251953,73.02890340239237,71.58016311378296,72.03068806318086,14190500
2021-10-08,71.22679901123047,72.2603568765297,71.13846251786228,72.14551336947288,12121100
2021-10-11,70.60844421386719,72.11902064950787,70.55544366022323,72.11902064950787,11279700
2021-10-12,70.30810546875,70.8293023913225,70.00775995444793,70.8293023913225,10945000
2021-10-13,69.74272155761719,70.36992614866665,69.59254884804976,70.30808319098821,9462600
2021-10-14,69.1950454711914,70.37876952792712,68.88586431753981,69.76040722062393,14607900
2021-10-15,69.1950454711914,69.83990805742991,68.88586431753981,69.08020194294676,12866800
2021-10-18,68.15264892578125,69.55721742955748,68.11731297894099,69.55721742955748,13075500
2021-10-19,70.21977233886719,70.24627262203842,69.00071213547726,69.54840936638014,15577100
2021-10-20,71.6155014038086,71.77450981822241,70.06075321172285,70.06958888464689,11465500
2021-10-21,71.70384979248047,71.78335738268035,70.91764326309352,71.65084922544378,9893600
2021-10-22,71.68616485595703,71.97768137128587,71.44764889263601,71.68616485595703,7543600
2021-10-25,72.13670349121094,72.1897040533023,70.62612007516519,71.58017063067486,9365900
2021-10-26,72.65789794921875,72.7550701452221,72.18087264328719,72.34871675268292,9352500
2021-10-27,72.03069305419922,72.86107110873562,71.81868407376328,72.86107110873562,8465400
2021-10-28,76.4564208984375,76.73026610908593,73.4705969025152,73.65610560066195,28854700
2021-10-29,77.78147888183594,78.14366055878035,76.12072300424362,76.40340385197207,18678600
2021-11-01,77.5959701538086,78.29384003106743,77.1101159853468,77.78148558391692,10943900
2021-11-02,78.63835906982422,79.87509044302116,77.27796197291573,77.94049591502369,14671400
2021-11-03,78.33800506591797,78.99170326394743,77.9228160956685,78.41750589529696,10883900
2021-11-04,79.98109436035156,80.74080044905222,78.85919983277677,79.83092162505208,19519800
2021-11-05,72.09251403808594,74.20378794153683,71.86283375973841,72.69321163862695,37623900
2021-11-08,73.0377426147461,73.21441563815601,70.56427984914438,71.03247616650393,18655700
2021-11-09,73.07308197021484,73.94762493421402,72.35754743054682,73.86812409187051,10512000
2021-11-10,74.2126235961914,74.22145252792554,73.05539327297843,73.59425465303242,9855900
2021-11-11,74.22146606445312,74.43348177830556,73.78861244304767,74.13312955350317,5761500
2021-11-12,74.20380401611328,74.38047704410357,73.3645970236934,74.06246020200585,8206700
2021-11-15,73.92996215820312,74.36281581418724,73.67378153823252,74.33631553274964,7108200
2021-11-16,74.30098724365234,74.81334853645663,73.5412809790515,73.91229843674633,10565200
2021-11-17,72.96707153320312,74.79566497867721,72.95823586003975,74.53065544057083,10286300
2021-11-18,73.3646011352539,73.44410198041179,72.45471544514375,72.70206713369404,9833600
2021-11-19,71.28865051269531,73.09957934334263,71.21798534663775,72.76389790072656,17581100
2021-11-22,72.11903381347656,72.49888690976051,71.14731862799151,71.55367200593456,10880200
2021-11-23,73.14375305175781,73.84161623658554,71.85401432474043,71.98652246679225,12130800
2021-11-24,72.68438720703125,73.23208434328023,72.40170633598355,73.143747834761,8537000
2021-11-26,69.9282455444336,70.60844402641662,68.11731691711752,69.54839251849309,18022000
2021-11-29,66.15621948242188,68.46183805145527,65.370013107196,67.50778759399796,34192400
2021-11-30,66.17388916015625,66.27989027077349,65.22866765953013,66.03254535980878,30179900
2021-12-01,65.75869750976562,67.9406434769063,65.71452588903394,66.72157683699993,21435900
2021-12-02,65.2728500366211,66.05905652157263,64.75165985116433,65.70570370212774,15345300
2021-12-03,64.78697967529297,65.59085739148345,64.18628873085632,65.44951358833826,14508900
2021-12-06,64.85765075683594,65.23750379843162,64.30996037568174,64.75164964546074,13506800
2021-12-07,63.85059356689453,64.23928224328004,63.161559451224015,63.62974895342871,17635100
2021-12-08,64.6721420288086,64.84882178038747,63.67392670605072,64.08028002521702,14331400
2021-12-09,64.36296844482422,64.98133079884242,64.21279569308325,64.87532967509313,11938000
2021-12-10,64.15095520019531,64.6898166756391,63.82410269782398,64.59264449222178,11398800
2021-12-13,64.85765075683594,64.88415103467973,63.57675457033416,63.930107334086046,17486100
2021-12-14,65.74050903320312,66.02587179066204,64.34936644103905,64.52771561310658,18949700
2021-12-15,67.14055633544922,67.22973090183977,65.73157505429529,65.73157505429529,14263400
2021-12-16,67.69345092773438,68.24633733289886,67.12271872319074,67.32782635334055,16601700
2021-12-17,67.49727630615234,69.32537913329543,67.32783983009503,68.27310268897307,28040600
2021-12-20,68.13933563232422,68.21959070861405,66.83736098589483,67.50618050264595,11818800
2021-12-21,67.36351013183594,68.02341022436201,66.78386512464013,67.99665852925192,14947800
2021-12-22,67.91638946533203,68.27308773149696,66.99787169956574,67.27432170050187,9256000
2021-12-23,67.5329360961914,68.0412386349353,67.19406320130638,68.0412386349353,9894900
2021-12-27,68.2820053100586,68.31767649638915,67.56859519061356,67.77370281111853,6334700
2021-12-28,68.49604034423828,68.79032259201925,67.96098604146306,68.38011406643876,5727100
2021-12-29,68.62088012695312,68.82598777361818,68.19283944355892,68.48712166563243,5926100
2021-12-30,68.79031372070312,69.20944169162738,68.63871626845759,68.77248152779694,5859100
2021-12-31,68.34442138671875,69.15592548695314,68.32658919711888,68.79030096612249,6019500
2022-01-03,68.54954528808594,68.6119681719035,67.1940672343561,68.29093425410348,9441200
2022-01-04,68.67438507080078,68.90623758844075,67.67561221317814,68.13041135769011,11981700
2022-01-05,70.34197998046875,71.17131650590416,68.89733408709274,68.89733408709274,17447900
2022-01-06,70.29739379882812,70.96621333611692,69.51264118744874,70.26172260707595,11359200
2022-01-07,71.60828399658203,71.81338485274267,69.96744312937476,70.3241482573402,15212000
2022-01-10,73.4542236328125,73.5255592135111,71.0464691901483,71.82230231115969,19636800
2022-01-11,72.82998657226562,73.62365187226152,71.9203950027322,73.49880610396447,11585100
2022-01-12,72.41085815429688,72.60704630435629,71.93822677656321,72.30385138414378,13057000
2022-01-13,72.51787567138672,72.87458079965664,71.63503575169662,72.17009004230928,9678100
2022-01-14,72.57136535644531,72.99049329275387,72.02739166935332,72.76755348012874,9478000
2022-01-18,72.71406555175781,73.26695885383099,72.06307816700094,72.32168922102301,14493100
2022-01-19,72.49111938476562,73.10643552195866,71.76879647838007,72.21467615957293,11448200
2022-01-20,72.00955963134766,72.99941294579897,71.80445200971893,71.99172743987624,12069600
2022-01-21,71.32291412353516,72.6962175029748,70.66300732152689,72.47327767073563,18461700
2022-01-24,70.29739379882812,71.43884472056088,68.35335807163199,71.13564299245952,17289000
2022-01-25,70.85921478271484,71.14457757364374,69.36105842944174,69.93178401129954,13662400
2022-01-26,70.57383728027344,71.64394582229026,70.20821946979163,70.79677712682562,13046600
2022-01-27,71.85797119140625,72.76756274920328,69.93176769924686,69.93176769924686,20187200
2022-01-28,72.143310546875,72.22356559792648,70.60948384890521,70.93051766027479,13915300
2022-01-31,72.66055297851562,72.87457331205397,72.0541563638372,72.2503377008235,13035000
2022-02-01,73.05293273925781,73.23128871196556,72.30385806463937,73.08860393379936,10803300
2022-02-02,73.13319396972656,73.39180502513696,72.46437438615698,72.94592530275723,13988200
2022-02-03,70.45790100097656,72.94591015151319,69.91392730837268,72.81214490186608,19181400
2022-02-04,70.0566177368164,70.9394644596694,69.73558380188521,70.01203384804423,10716200
2022-02-07,69.18267822265625,70.37763224786634,69.05783248281587,70.26170600475243,23615300
2022-02-08,68.58522033691406,68.95975766088517,67.61319903013063,68.75465000047178,17486500
2022-02-09,68.246337890625,68.95974804944713,68.13933112931014,68.8170632962493,15183100
2022-02-10,68.27307891845703,68.46034752509502,67.71127309854307,68.09472980839679,12437600
2022-02-11,68.34442138671875,69.46803983181925,67.92529349350605,68.13040109360804,9342300
2022-02-14,68.19283294677734,68.3979337703183,66.98003978673081,68.33551089312105,9881100
2022-02-15,69.38777923583984,69.72665207666314,68.95081914505369,69.12025556546534,11425600
2022-02-16,68.86165618896484,69.37887823050438,68.60304516819508,68.84381719245178,9981300
2022-02-17,68.09474182128906,68.60304435857331,67.77370792367968,68.53170198053043,8889300
2022-02-18,68.1036605834961,68.54062073801556,67.67561312344795,68.05906989680524,8780500
2022-02-22,67.7291259765625,68.54063032345722,67.4259310361301,68.18392519079563,9052500
2022-02-23,67.63103485107422,68.16609597524582,67.43485348294075,67.94315610803592,9659100
2022-02-24,65.55323028564453,67.16731249659405,64.99141755317375,66.97112435532385,21135600
2022-02-25,68.05906677246094,68.92407434731919,66.14178299369006,66.16853468304306,13665900
2022-02-28,68.29093933105469,68.451456301888,66.68576962272154,67.62211975317997,14126100
2022-03-01,68.07689666748047,69.34319995066288,67.72911111045785,68.21958141066052,9807300
2022-03-02,68.37117004394531,68.8616402809937,67.82719643688515,68.05013621671038,9697500
2022-03-03,68.7992172241211,69.14700273539808,68.13931738267017,68.46034440543328,8191100
2022-03-04,69.40563201904297,69.43238371103726,67.79154296502026,68.38010740323034,12216300
2022-03-07,69.31645202636719,69.8158350474498,67.84504784943921,68.67438425435618,14008400
2022-03-08,68.62088012695312,69.63748525449436,68.27309452035134,68.8884106567625,10184100
2022-03-09,69.36995697021484,69.75341374250122,68.71005699125114,69.21835952162299,9746000
2022-03-10,69.4591293334961,69.7355725313926,68.95974631701638,69.22727001716623,8972200
2022-03-11,69.78909301757812,71.0107990494869,69.73558282678154,69.84259640479038,9424500
2022-03-14,69.97801971435547,70.72476547686577,69.55516351476282,70.085985190029,10085400
2022-03-15,70.75175476074219,71.08464316092214,69.63613897434615,69.88805155216755,11403000
2022-03-16,70.28392028808594,71.1746131771821,69.86106407751512,71.03965804511222,10944000
2022-03-17,71.02166748046875,71.40853519957432,70.22993436373001,70.31091018889792,10279400
2022-03-18,71.17462158203125,71.74142496673348,70.74276648123147,71.23759973588704,21064800
2022-03-21,71.12962341308594,72.38019432357498,70.99467514973331,71.67843589772967,10478300
2022-03-22,71.3455581665039,71.77740636046249,70.86871577552402,71.31856164829112,10016600
2022-03-23,71.73242950439453,72.4971661537933,71.2825836089713,71.34556175976641,8470400
2022-03-24,72.3442153930664,72.57813030099989,71.72342590208972,72.01132698147975,7605000
2022-03-25,73.18092346191406,73.21691195551385,72.38019835560283,72.50615465115044,7125600
2022-03-28,73.06396484375,73.47782221741045,72.63211665562744,73.20791881585964,7071900
2022-03-29,73.38785552978516,73.55879915823184,72.6411097323745,73.46883135635059,7398700
2022-03-30,74.13460540771484,74.40450882821463,73.47782737603505,73.63077333406197,9326600
2022-03-31,73.81971740722656,75.01630232457106,73.72075075678472,74.58445409001025,12466800
2022-04-01,75.14225769042969,75.1962438671515,73.45083954206268,73.9456727880736,10086700
2022-04-04,75.11526489257812,75.47514297788909,74.43150408100122,75.12426373233939,9039600
2022-04-05,75.32219696044922,76.86066908138591,75.13326251023983,75.26821765013327,12040900
2022-04-06,76.44681549072266,76.97763037285705,75.6820788120712,75.89800292818485,13924300
2022-04-07,78.09323120117188,78.37213339200042,76.43779513923313,77.14855230485934,13104300
2022-04-08,78.88496398925781,79.02891108363744,77.60740349619003,77.94928385143136,11409300
2022-04-11,77.9402847290039,80.50441140832967,77.53542623442748,79.46076580544441,14381000
2022-04-12,77.04059600830078,77.86831756976989,76.67172598921259,77.37348440063633,12543000
2022-04-13,77.49044799804688,77.5894146397283,76.32085284088062,77.19355493710592,12743800
2022-04-14,78.19221496582031,78.73202865458782,76.84267731184981,77.49044961990874,22096100
2022-04-18,77.43646240234375,78.6780344461283,77.08558319727197,77.75135311662576,7995100
2022-04-19,77.18453979492188,77.45444314459654,76.58174809680307,77.34648455036742,8494700
2022-04-20,77.78734588623047,78.11123545705166,76.90565183774187,76.9416334664081,8719400
2022-04-21,77.5804214477539,78.48011318412811,76.82467681986589,77.74236623486539,8562400
2022-04-22,76.10491943359375,77.49944434768236,76.02395047342112,77.24753176389675,7914000
2022-04-25,76.86965942382812,77.20254095278392,75.15124501828899,76.10491600366927,10573400
2022-04-26,76.00597381591797,77.5534380994148,75.92499797655985,77.15757833577811,9009600
2022-04-27,75.94298553466797,76.59075784265978,75.21423053400905,75.84401889092544,10781300
2022-04-28,79.6947021484375,80.40545950177356,76.47380382241444,77.14857267967103,21092300
2022-04-29,79.79364776611328,80.9812403673173,79.25382733130076,79.76665811719305,15914200
2022-05-02,78.85797882080078,79.92860727543665,77.94028944356668,79.82064866454058,12124900
2022-05-03,78.36315155029297,79.38879961577261,77.76035971365384,78.2641849067727,8425600
2022-05-04,79.64071655273438,79.86563950679262,77.6973857990052,77.88632025672167,10763500
2022-05-05,79.1818618774414,79.7666628068017,78.30016106429939,79.55073187454099,9548300
2022-05-06,79.52376556396484,80.00060116714427,78.70504951385217,78.93896446296758,12227400
2022-05-09,78.8489761352539,79.22684498316185,78.19220507066666,78.72301985261792,11901500
2022-05-10,79.00192260742188,80.33346928677547,78.5160882864727,79.28083169010357,12370800
2022-05-11,80.24349975585938,81.70099582304391,78.6510417054361,78.6510417054361,16338600
2022-05-12,81.7190170288086,81.73700784662562,79.49677693471222,80.83731594547596,14210200
2022-05-13,81.34113311767578,81.91693527938328,80.30648624882215,81.60203768061241,10308100
2022-05-16,83.0595474243164,83.5543806642645,81.58405340860324,81.68302005659287,13999000
2022-05-17,83.67132568359375,85.07484249854761,82.33078701125699,83.05053623200905,17582800
2022-05-18,82.86160278320312,83.81528063651926,82.56470287988482,83.27546013444858,12717600
2022-05-19,82.85260772705078,83.32045126832443,81.76398156261847,82.09686997221307,11121600
2022-05-20,84.16616821289062,84.64300375490816,83.17650177009554,83.17650177009554,11757100
2022-05-23,84.41807556152344,85.3987362395389,84.03120784815424,84.20214460701291,9067000
2022-05-24,85.1468276977539,85.2907816742596,84.18415778820811,84.79594846015051,9021000
2022-05-25,84.3460922241211,85.25478271296434,83.79727976825461,84.89490467998759,11177700
2022-05-26,83.050537109375,84.79594117191999,81.87194320047448,84.78694233313598,17249500
2022-05-27,83.7433090209961,83.77029867500868,82.54671735634763,83.02355288151197,9802000
2022-05-31,82.79862213134766,83.32944377854113,81.75498337810858,82.69066352548653,22860800
2022-06-01,81.99789428710938,82.7086514957109,81.00823487081573,82.47472975088071,10492500
2022-06-02,80.97225189208984,81.9978998669281,79.83863844365179,81.98890102810239,11066200
2022-06-03,80.89128112792969,81.58404069177003,80.68434902417845,80.73832832772108,7051600
2022-06-06,80.82828521728516,81.56603887472004,80.69333697663414,81.12518507492089,8336900
2022-06-07,81.40409851074219,81.70999035817898,80.59437470267106,81.10719863709909,10243300
2022-06-08,80.50440979003906,81.55704734605979,80.31546850799212,81.49406920674494,10266000
2022-06-09,79.17286682128906,80.78331573145988,79.10088984043053,80.29748140681873,7381100
2022-06-10,78.43511962890625,79.20885500993093,78.01226344810175,78.42612079030754,8861600
2022-06-13,76.47378540039062,77.83232162768734,76.14089703992393,77.11256560768987,12016100
2022-06-14,76.6461410522461,77.1359515414751,76.07469894161886,76.89104283672066,11226900
2022-06-15,76.76404571533203,77.43527125415301,75.96583997761395,76.70055215574399,11357100
2022-06-16,76.99988555908203,77.27200478182694,75.33090795906588,75.98398163715092,12925200
2022-06-17,76.75498962402344,77.78903167653795,75.63930903037367,76.77312767745359,32989100
2022-06-21,79.84803771972656,80.14736748252363,77.3445643840881,78.05207298350282,11778600
2022-06-22,80.87301635742188,81.94333447149178,79.8480399148682,79.85711240133917,11935400
2022-06-23,83.44903564453125,83.58509523887693,81.23581987599154,81.63492617399797,14718400
2022-06-24,84.4739990234375,85.07265842806287,83.17691056702716,84.58284807526337,25248400
2022-06-27,85.63506317138672,86.82330296942796,84.40146785666349,84.53752056614894,11949000
2022-06-28,83.34928131103516,85.56249767015173,82.96831988143386,85.36294446789954,13523300
2022-06-29,83.91165924072266,84.33797619417258,83.3492826544278,83.7302440901693,8657100
2022-06-30,82.6961898803711,84.26539783224085,82.46036059950048,83.1315792578573,18551400
2022-07-01,83.83000946044922,83.89350302456525,81.98868918080504,82.81411243459281,11413800
2022-07-05,84.02955627441406,84.31074104844694,82.11567008923781,83.84814808218877,9574400
2022-07-06,84.4739990234375,85.72573889846218,84.08396523807558,84.63726914103734,10455300
2022-07-07,84.36517333984375,85.21780019106959,83.94792894024827,84.30167977730268,8140100
2022-07-08,84.15655517578125,85.0998931320431,83.82094928114842,84.27447674548893,7161500
2022-07-11,85.5352783203125,85.97066078923012,84.20190653372805,84.24725512575554,9507700
2022-07-12,84.90033721923828,85.48085180136493,84.48309279585224,85.06360737797888,7826500
2022-07-13,85.05451965332031,85.58968554675647,84.3742286004923,84.89124952383045,6415600
2022-07-14,85.154296875,85.31756700573034,83.50345751773928,83.94791932489761,6271000
2022-07-15,86.13392639160156,86.48767722400063,85.59876736012369,86.03414980602446,9731900
2022-07-18,83.75745391845703,86.26092761250253,83.37649248596412,86.07951938377647,8653700
2022-07-19,83.77558898925781,84.70985440527754,83.55789775646669,84.49216317248641,8233600
2022-07-20,81.31746673583984,83.8390780511045,80.92743288288516,83.77558448993881,11844000
2022-07-21,81.76191711425781,82.0068257796109,80.64624361296102,80.86393482194694,8197000
2022-07-22,81.73471069335938,82.04310601159334,81.14512367407073,81.73471069335938,6354500
2022-07-25,82.11567687988281,82.29709200738937,81.40817518330604,81.81634710970664,6364500
2022-07-26,82.80503845214844,83.40369105724358,82.17916838839864,82.90481503971085,6414100
2022-07-27,82.75062561035156,82.87761274892647,81.64401747110169,82.08847245611383,6966300
2022-07-28,81.58052062988281,82.6599112644786,79.29473838664988,82.57827964450301,13909800
2022-07-29,81.03627014160156,82.61455043006976,80.07479429619445,81.70749565658268,14938600
2022-08-01,80.30156707763672,81.65307690541054,80.13829692311992,81.03627931282257,7343300
2022-08-02,79.46707153320312,81.26303616075265,79.41265045972554,80.78229822429019,7443000
2022-08-03,79.47615051269531,79.83896692589603,78.6960827678107,79.14053771817721,8187600
2022-08-04,78.75050354003906,79.72105197417041,78.58723338662072,79.64848592370015,7993800
2022-08-05,79.2856674194336,79.39450957198699,78.02485481669609,78.48745472588585,8801200
2022-08-08,80.26528930664062,80.52833606837552,78.84121333468269,79.18589863916013,8149400
2022-08-09,81.19955444335938,81.85263510144826,78.74143640881033,80.50112519085206,13215500
2022-08-10,80.90023803710938,81.75286503524579,79.99318303293155,81.66216091888411,8140200
2022-08-11,80.66439056396484,81.47166885162852,79.24031468255235,79.64848660947281,7396800
2022-08-12,82.56013488769531,82.56920737447633,80.68253150025117,80.71881452709547,12317300
2022-08-15,82.1791763305664,82.396867578887,81.53516815241963,82.38780201207199,6339800
2022-08-16,82.17010498046875,82.45129672206541,81.5170312264703,81.59866285061507,5661200
2022-08-17,82.57826232910156,83.34925745508399,81.9070437756875,81.94331987455027,6486000
2022-08-18,82.9048080444336,83.303907440729,82.11566789673796,82.99551213812443,6111600
2022-08-19,83.5216064453125,84.37423323927723,83.02272354436599,83.0408685154616,8828700
2022-08-22,82.6871337890625,83.64860983582085,82.55107416049024,83.27671397907534,6652100
2022-08-23,81.81635284423828,82.53292707748516,81.3809703482655,82.43315048043306,5208800
2022-08-24,81.64401245117188,81.92519725211605,81.21769554633418,81.81634817419591,5553300
2022-08-25,81.87984466552734,82.09754282914699,80.79138152854856,82.09754282914699,5884300
2022-08-26,80.9637222290039,82.30615960427647,80.80951763674881,81.8889151811361,5695300
2022-08-29,79.44892883300781,80.72787945852288,79.42171829549117,80.57368179907584,7850200
2022-08-30,78.80491638183594,79.430786391243,78.5328041014302,79.34008229777442,6754000
2022-08-31,77.42620849609375,79.0316926589749,77.244800280273,78.95006103793952,11602000
2022-09-01,79.04983520507812,79.33102000704896,77.42620611830918,77.68018038077054,7528600
2022-09-02,78.21533966064453,79.62127047025803,77.89786493950302,79.13146004023635,6997500
2022-09-06,78.38768005371094,79.15867530767161,78.1518507705659,78.53281215436584,8244300
2022-09-07,78.79586029052734,78.91377493418582,77.16315873067373,78.51466857060393,6121700
2022-09-08,79.29473114013672,79.32194167764189,78.12462958546054,78.46024236200893,8109200
2022-09-09,79.22216033935547,79.97501745979075,79.15866678222712,79.44892403199655,7480100
2022-09-12,79.96597290039062,80.88209347670927,79.65757059884177,79.93875543709002,6351500
2022-09-13,78.26069641113281,79.46708110050531,78.10649873752935,79.20403434656305,7650000
2022-09-14,79.50423431396484,80.13514998623825,78.98304522958605,79.54995546960482,9418700
2022-09-15,79.32135772705078,79.94312772660527,78.81845295679774,79.68710601668313,8006800
2022-09-16,80.20829772949219,80.34545421467396,79.00133321681601,79.1842038796793,14842500
2022-09-19,79.22079467773438,79.49510770097338,78.30642723503101,79.4128110035737,7748600
2022-09-20,78.6355972290039,79.04705977291383,78.26070324253821,78.69960266863589,5454800
2022-09-21,77.29146575927734,79.0927704332933,77.28232013309562,78.86417861123176,7190800
2022-09-22,80.01628112792969,80.60147561808742,77.30975486693306,77.30975486693306,12329700
2022-09-23,79.34880065917969,80.47347561368925,78.71788493035216,79.91571095001525,9038500
2022-09-26,78.80016326904297,79.28477675469038,77.98637704294298,78.74530347099018,8841000
2022-09-27,78.4892807006836,80.12599890090665,78.3338399438081,79.38536366726709,6532100
2022-09-28,79.34880065917969,79.77855444686976,78.81846590092088,79.54081697315556,6840000
2022-09-29,79.22079467773438,79.93400016687181,78.84590765378238,79.54996751519319,6601300
2022-09-30,78.74531555175781,80.11686652203834,78.72702429888878,79.77854810465098,9035600
2022-10-03,80.05284881591797,80.37287593137168,78.65386118081817,79.29392238779351,9186900
2022-10-04,80.82091522216797,81.05865264444388,79.54994538841551,80.04370450726486,7373000
2022-10-05,80.82091522216797,81.17751786754783,80.48259685108562,80.99464722030052,6065700
2022-10-06,79.95227813720703,80.47346721390277,79.76026184327374,80.24487539121044,8055500
2022-10-07,80.09858703613281,80.73864843526731,79.65969456776573,80.35460880535861,8837400
2022-10-10,82.73194122314453,83.7468823222996,82.02787462447849,82.22903650981164,14485000
2022-10-11,83.25314331054688,84.10350515668145,82.47592554471552,82.68623308776759,9743500
2022-10-12,82.67708587646484,83.8657661034764,82.63137169916044,83.43601237561732,8522200
2022-10-13,84.56983184814453,84.78013940214657,81.62556794853042,81.83587550253245,9382800
2022-10-14,84.28636932373047,85.36532290579697,83.88404552076963,84.36865902375347,9847600
2022-10-17,86.06026458740234,86.28885644374536,84.53326568521796,84.88986842302747,12139700
2022-10-18,86.50829315185547,87.15749311529346,85.96881280270222,86.33456112781252,9530400
2022-10-19,85.27388000488281,86.7825871558878,85.12757791641485,86.7825871558878,8546100
2022-10-20,84.9813003540039,85.40190848111024,84.45096563788633,85.21903083275815,7626000
2022-10-21,87.47750854492188,87.74267587064169,84.70697703891122,84.88984768889199,10297200
2022-10-24,89.03194427490234,89.99202573013298,88.02613468932448,88.19072107823096,11414900
2022-10-25,89.34282684326172,89.87316154437961,88.09928677391504,88.56561604393724,8747900
2022-10-26,89.9828872680664,90.77838233605199,89.6079933351919,89.87316068321,10374700
2022-10-27,91.19898223876953,92.8082704581408,90.97953606487694,91.29041756321911,12218400
2022-10-28,92.14078521728516,92.47910361302132,90.1108957710738,91.65617168830398,11228000
2022-10-31,92.53397369384766,92.68027581941116,90.80581994802726,91.39101449814267,11043800
2022-11-01,91.21728515625,92.41510410470048,90.47664288852158,92.03107150725255,11079300
2022-11-02,90.88810729980469,92.37852342649326,90.50407472376006,91.1166991154601,9503500
2022-11-03,90.29376220703125,90.74180018772147,89.60798679786392,90.52235401008703,9912700
2022-11-04,90.7052230834961,90.86980945787457,89.57140971337111,90.52235243466139,8877600
2022-11-07,91.500732421875,91.7658997672801,89.30624957885271,90.06517608714299,8644500
2022-11-08,92.80828094482422,93.23803469197128,91.00697624775366,91.50073542685439,8503900
2022-11-09,92.89057159423828,94.87475395703868,92.60711996072492,92.62541121350775,10602900
2022-11-10,93.16487121582031,94.00608734539159,91.98533671897738,93.90550639771807,9556000
2022-11-11,89.5714111328125,92.17735628837806,88.99536230139323,91.92133458552506,13342800
2022-11-14,91.75674438476562,92.98200002373271,90.2480371546047,90.2480371546047,8958200
2022-11-15,91.07097625732422,92.1133543591172,90.2571899669081,91.80247284415753,7965900
2022-11-16,91.37271881103516,92.16822082329874,90.97039499204183,91.05269167141249,8757700
2022-11-17,93.54890441894531,93.58547994345547,91.68359452533562,91.81161234915515,8496800
2022-11-18,95.30450439453125,95.64281582249117,93.84151116981083,93.84151116981083,11626300
2022-11-21,96.56633758544922,96.80407505268779,95.30451313823404,96.00857293696795,8899300
2022-11-22,97.74586486816406,97.92873553605824,96.96865406551059,97.04179814702698,8295700
2022-11-23,97.67269897460938,98.11159827738524,97.19723112466428,97.60869355296161,5749600
2022-11-25,98.29447937011719,98.29447937011719,97.43497192281797,97.43497192281797,3163700
2022-11-28,99.16312408447266,99.57459352685602,97.95615961040457,97.95615961040457,9524500
2022-11-29,99.51972961425781,99.72089152840573,98.34020198324252,98.75166446140426,9352400
2022-11-30,100.69013977050781,100.88215608579878,98.41335994048003,99.39173277138332,20305800
2022-12-01,100.39752960205078,101.47648326577217,99.45572544874715,100.35180844786574,10110500
2022-12-02,100.61698150634766,100.662695687059,99.40087128710688,99.66603864908134,6943600
2022-12-05,100.58955383300781,100.79071576559136,99.85805716471658,100.40667617790038,6961900
2022-12-06,99.6020278930664,101.27532168642381,99.13569862788658,100.90957337993119,7458700
2022-12-07,100.66268157958984,101.22959175429912,99.66602468128964,99.8031811563399,8270400
2022-12-08,101.35760498046875,101.51304573367169,100.69012081621224,100.83641594391257,7354800
2022-12-09,99.4648666381836,101.83308140274758,99.43743673732354,101.47647873943023,9667800
2022-12-12,99.63861083984375,99.75747608347469,98.12990332327486,98.68766796258862,10956600
2022-12-13,101.41248321533203,101.73251038339824,99.66603827863365,101.73251038339824,15836900
2022-12-14,102.6734619140625,103.24412119967381,101.28361751618762,101.72541780038418,10788300
2022-12-15,100.90623474121094,101.95551914236617,100.5380701966073,101.46769480070664,9871400
2022-12-16,100.51044464111328,100.97065731258778,99.65444879127921,100.54726249750581,29465900
2022-12-19,100.73136138916016,101.33883852186952,100.11467101361363,100.50125503147095,6949500
2022-12-20,100.97987365722656,101.85428203407541,100.47364388121923,101.19157459713824,8022000
2022-12-21,102.26846313476562,102.34209884950765,100.82339558882265,101.3388315474403,6640900
2022-12-22,102.38810729980469,102.80230289370337,101.44007037461104,102.07516607188307,8373700
2022-12-23,102.95877838134766,103.20729013162034,102.04755926729713,102.39731836605188,4547400
2022-12-27,103.19810485839844,103.63069892484943,102.65505018669651,103.46502908383987,5125800
2022-12-28,102.24085998535156,103.90682779154109,102.22244754399333,103.90682779154109,5107800
2022-12-29,102.00154876708984,102.81152064045749,101.93711926605252,102.52619099619062,4467200
2022-12-30,102.1211929321289,102.55379398357509,101.35724520493946,102.3789179368222,5498600
2023-01-03,102.29608154296875,102.35130482153625,100.77737818176419,101.62417491276852,8062500
2023-01-04,103.16127014160156,103.64909443097105,102.38810923177446,103.3821702491431,8698600
2023-01-05,104.59715270996094,104.8456715261403,102.55380698710503,102.71027763593546,9578900
2023-01-06,105.70165252685547,106.29993045807575,104.97452262009661,105.22303439525247,8632300
2023-01-09,101.5965347290039,105.78447234965529,101.19155240148581,105.73844827907297,12858800
2023-01-10,101.9923324584961,103.0968471099771,101.13633658807082,101.76222611722358,12122800
2023-01-11,102.23165130615234,102.45255144111698,100.09626460872444,100.63931223682263,8626500
2023-01-12,102.87594604492188,103.17968811869794,101.27440778127608,102.0935858428258,8914800
2023-01-13,103.31774139404297,103.49262445066167,102.12118567811441,102.35129200638623,5757800
2023-01-17,101.6609878540039,103.53865660933005,101.54133507386874,103.11526174621075,10241100
2023-01-18,100.13308715820312,101.33884226995788,99.93979865326993,101.17316540540241,8799500
2023-01-19,101.15476989746094,101.41248792929076,99.49800108956957,99.81094942985558,6772900
2023-01-20,101.19157409667969,101.23759115484071,100.00422444842094,100.67613108033954,9216500
2023-01-23,101.13634490966797,101.57815221107036,100.4828436893579,101.18236899062468,8998800
2023-01-24,99.88455963134766,101.24679229014929,97.9240560904804,101.24679229014929,7424200
2023-01-25,99.94898986816406,101.18236354406639,99.7096843224795,100.05944344314125,6168000
2023-01-26,98.36585998535156,99.91217485900354,97.39941055596101,99.8937624194655,9672700
2023-01-27,96.99443054199219,98.19098642540972,96.74591876247963,97.75838534413894,7784900
2023-01-30,97.64791870117188,98.02529645257952,97.10487113377596,97.16930062520069,6476600
2023-01-31,98.86290740966797,98.89051905140442,97.47306292318821,97.65714521629084,7938900
2023-02-01,98.46711730957031,98.88130595138287,97.63873300365631,98.4579110888688,10103200
2023-02-02,95.22722625732422,97.3902248884839,93.653299414507,95.74266231655147,16229900
2023-02-03,94.74859619140625,95.5309564039354,94.32520133547622,95.00631418872986,11210800
2023-02-06,95.7518539428711,96.29490858445632,94.65654546168068,95.19960010326591,9054500
2023-02-07,97.27056121826172,97.50066757929827,95.3192567486478,95.44811574904516,7904700
2023-02-08,98.1541748046875,98.96414671704683,96.93921342500386,97.39021995397638,8596300
2023-02-09,98.22779846191406,99.2586704014852,98.06212161129892,98.35665745436046,7976800
2023-02-10,99.93059539794922,100.11467768745638,98.36587487027073,98.45791601502431,7609600
2023-02-13,100.83261108398438,100.8510165032188,99.72809632811826,100.0594500526492,7383100
2023-02-14,100.0870590209961,101.24679702589721,99.58082924923984,101.20077294560632,6983900
2023-02-15,99.11140441894531,100.13307714448432,99.00095084619116,99.89376458132779,6416600
2023-02-16,98.03451538085938,98.90891673816193,97.77679738175078,98.31984501954548,5959300
2023-02-17,100.80497741699219,100.82338985577485,97.12327615670004,97.86882543706496,9474600
2023-02-21,100.39080810546875,101.13635050666252,99.9858186419614,100.2343374572188,6741500
2023-02-22,100.47364044189453,101.5413302586316,100.25273328895152,101.44008290243819,7213900
2023-02-23,101.78984069824219,102.3881186073098,100.41840883083867,100.56568026421033,6922800
2023-02-24,101.14554595947266,101.55053537986325,100.22512056570383,101.32962822931103,5787900
2023-02-27,100.65772247314453,101.36644694251596,99.88456148426899,101.27440580682062,5654800
2023-02-28,97.7860107421875,100.17911582344033,97.71238203341358,100.16991662377472,10209900
2023-03-01,98.16336059570312,98.99174477814589,97.52826488544903,97.52826488544903,6099000
2023-03-02,98.49474334716797,98.82609711797026,97.65715269811498,98.14497713227117,5097500
2023-03-03,98.37507629394531,98.8444952717807,97.68475715924774,98.83528905041037,6124300
2023-03-06,102.2592544555664,102.38811344212182,98.89970054085597,99.09299604297719,17776600
2023-03-07,102.41573333740234,103.25332383984136,101.90950357005329,102.87594604714985,13805300
2023-03-08,99.66366577148438,102.42494209846214,99.02856996914706,102.10279459810583,8440800
2023-03-09,99.03777313232422,101.15475439323407,98.58676664574882,100.60250054934544,5842500
2023-03-10,99.12061309814453,101.90950092321397,98.7984585918575,98.89050674924721,9738500
2023-03-13,97.31658935546875,100.17910614556529,96.09242177838257,96.15685128126663,10687100
2023-03-14,99.14242553710938,99.2907137915606,96.87170109444278,97.73364822871592,9806900
2023-03-15,99.7541275024414,100.12485875053152,97.84487112077636,98.68828488695914,10942700
2023-03-16,99.4853515625,99.82827921834723,96.60293349259923,98.70682227390934,9441500
2023-03-17,96.48243713378906,99.45754317996395,95.9170735756479,99.30925492449482,26402100
2023-03-20,98.10437774658203,99.0868165833777,97.1497495861729,97.1497495861729,12865800
2023-03-21,97.81706237792969,98.64193564928053,97.09414037122762,98.24340081595629,11571800
2023-03-22,96.76049041748047,98.2434083749558,96.7512201914964,97.75219246445872,5705800
2023-03-23,96.6029281616211,96.97365233319042,95.88926928201849,96.48243644186178,6801700
2023-03-24,97.13121032714844,97.32584262341229,94.94390394374074,96.4731587102581,6661800
2023-03-27,99.10533905029297,99.73557996122923,98.23412180164624,98.3175396794,7563100
2023-03-28,97.80779266357422,99.19802947483574,97.72438184903136,98.80876486474892,6679500
2023-03-29,97.242431640625,98.12291921984098,96.88097062604601,97.89121307864366,6310200
2023-03-30,98.16926574707031,98.42877551905697,96.89025026894566,97.42781026583857,5017400
2023-03-31,98.60486602783203,98.73462090272119,97.79852610149761,98.45657777272027,7184300
2023-04-03,100.90338897705078,101.4687525052011,97.84486520414285,98.19705597942092,6964100
2023-04-04,100.86630249023438,101.33897784932081,100.24533183104381,100.7458107911225,6108200
2023-04-05,103.72093963623047,104.11946740773682,101.5614367199335,101.86729052101114,8006100
2023-04-06,104.11019897460938,105.81555268001087,103.47068779952889,104.73116969965601,6894500
2023-04-10,104.36972045898438,104.81459231435451,103.03509075065269,104.69410766000648,6446500
2023-04-11,104.25849914550781,105.01849504830517,104.1009406577462,104.47167191862286,5639800
2023-04-12,105.4262924194336,105.94531190397403,103.6931279676859,104.03605559632018,6136700
2023-04-13,107.12239074707031,107.34482667485963,105.33361895646928,106.55702716597652,7332300
2023-04-14,106.87213897705078,107.66920867348485,106.26970866302693,107.27067382526782,5005100
2023-04-17,106.59410095214844,107.92872358940681,105.84336820563554,107.2243419731993,6575500
2023-04-18,106.42727661132812,106.69605660925738,105.40777090715191,106.102889396969,5454500
2023-04-19,105.77848815917969,106.94628912522943,105.66727373362956,106.11214557805104,4683400
2023-04-20,105.8155517578125,106.1399389194792,104.73116878690821,105.82482198274863,4657900
2023-04-21,106.9277572631836,107.1872670212999,106.20482813128883,106.46434496051572,6554600
2023-04-24,107.45602416992188,107.77114107463753,106.37163423807853,107.17797401896532,4299100
2023-04-25,108.00285339355469,108.30870716299054,107.42822675279463,107.71554007317465,5662800
2023-04-26,105.12970733642578,106.77018365284466,104.47166276480522,106.77018365284466,6607900
2023-04-27,106.73312377929688,106.91848586989603,102.56241310082137,106.21409719762033,9975200
2023-04-28,107.02043151855469,107.07603872859092,105.15751220012973,105.99165570622374,8050400
2023-05-01,107.82676696777344,108.06774333563426,106.83506496174695,107.32628792306987,5238900
2023-05-02,109.26334381103516,109.72675607830432,107.33554708212903,108.13261674752079,8175600
2023-05-03,109.56919860839844,110.89455798777591,109.30041864238649,109.68968325339272,6738600
2023-05-04,108.78140258789062,109.36529952279396,107.9657924388202,109.36529952279396,6490200
2023-05-05,109.06871795654297,109.26335027177142,108.03067187088081,108.79066775129637,4534000
2023-05-08,109.7175064086914,109.77312069953791,107.91947128317886,108.51263853072486,5157300
2023-05-09,108.83700561523438,109.94919223070475,108.75358772996357,109.59700145239815,4933100
2023-05-10,109.27261352539062,109.52285303725758,107.90091010939884,108.81847148550098,5605400
2023-05-11,108.94823455810547,109.17067048219383,107.86384440206484,108.9760381647277,5596700
2023-05-12,108.56822204589844,109.87504799323534,108.16041700058312,109.36529168659119,5233100
2023-05-15,107.85456848144531,109.1243135076418,107.03895840447386,108.56822022768563,5697200
2023-05-16,107.5857925415039,108.21603350124542,106.85360031834023,107.40042339386818,4278200
2023-05-17,106.36239624023438,108.12336444684598,105.17606184831814,107.85458445631642,7210400
2023-05-18,105.65799713134766,106.64969910227994,105.03702638913333,105.78775200073244,6437100
2023-05-19,107.03897094726562,107.73408939644203,105.75068532048088,105.96385808951693,7647000
2023-05-22,106.11215209960938,108.51263161784793,105.96386383272538,107.02971359345335,5607400
2023-05-23,104.9814224243164,106.39019981765233,104.77752694604085,105.6302039061011,7733000
2023-05-24,105.28726196289062,105.95457673539073,104.31410047891944,105.75994443859649,4509500
2023-05-25,104.0823974609375,105.19458406756912,102.96093355799279,105.19458406756912,7037500
2023-05-26,102.9424057006836,104.90727635364877,102.55314107459277,103.80435284194775,6378200
2023-05-30,101.18143463134766,102.60874528977149,100.99607254941633,102.07118535261638,7768100
2023-05-31,102.33069610595703,103.01654425381327,100.5326543190561,100.5326543190561,14563500
2023-06-01,102.81265258789062,103.42435314350426,101.83948393486968,102.5624130585738,6959900
2023-06-02,104.28629302978516,104.4809324037095,102.61801311804365,102.97947411914313,5792800
2023-06-05,104.83312225341797,106.10287439420973,104.64776017745433,104.73117099030497,5185500
2023-06-06,101.9599838256836,105.39850249944656,101.28339870596446,105.24094400276918,6960200
2023-06-07,100.66242980957031,101.64486171492553,99.0497568342807,101.60778787891631,12420500
2023-06-08,102.24728393554688,102.94240234711135,100.09705126528516,100.38436461264322,8352700
2023-06-09,102.60874938964844,103.35021188922029,101.04241357163586,102.12680371470404,6521900
2023-06-12,101.82095336914062,102.86826264465766,100.65315236745329,102.12680719095813,7468500
2023-06-13,101.94142150878906,102.54385882870835,100.14338684475445,100.64386583614203,7304200
2023-06-14,101.38162994384766,102.56655839367234,101.09238983534341,102.37062567921414,6137300
2023-06-15,102.07205200195312,102.53856045980633,101.0830492308235,101.13903508624671,7305700
2023-06-16,101.99739837646484,103.06103698074124,101.75481201036658,102.16534168863235,15844300
2023-06-20,102.84646606445312,103.43426420625799,101.72684140408302,101.77349510098146,7744400
2023-06-21,103.71415710449219,104.05003662368492,102.18400291213972,102.73448655858947,6854800
2023-06-22,106.10269165039062,106.21464913176445,104.12469309864929,104.12469309864929,7884100
2023-06-23,106.92375183105469,107.21299195520952,105.44958319295952,106.51322917212886,16407900
2023-06-26,105.50556945800781,106.92375223837756,104.29264444870535,106.77447321229636,7685100
2023-06-27,105.72948455810547,106.09336061314033,104.376612775884,105.27230822815096,7093900
2023-06-28,104.90843963623047,105.96274634269894,103.97542258395053,105.85078173381747,8173800
2023-06-29,105.93475341796875,106.25197578829665,104.32063083957131,104.73116060668268,6281800
2023-06-30,107.66083526611328,107.86610015306836,105.8321227288804,106.16800943146961,8090600
2023-07-03,106.67182159423828,106.94239734362917,105.92540524292869,106.80244338796439,2834600
2023-07-05,106.08403015136719,106.76513569407705,105.82278653006087,106.40125963320686,5861500
2023-07-06,104.2646484375,105.84144942552452,104.22732690376723,105.33761939766423,7257400
2023-07-07,101.69884490966797,104.03138722410989,101.47492284062072,103.63018966129171,11316600
2023-07-10,102.59455108642578,103.19168141221022,101.79215587646138,101.82947741161728,5949200
2023-07-11,101.4189453125,102.6505274709212,100.99909050876623,102.1467045537826,6084400
2023-07-12,100.27133178710938,101.74550026227828,100.01008818256892,101.11104845767105,8376700
2023-07-13,99.19835662841797,100.68185720253462,99.14237789223192,100.14070569155601,9764400
2023-07-14,100.15003967285156,100.46726914904184,99.14238673980843,99.14238673980843,7209900
2023-07-17,98.49859619140625,100.24334039851865,98.23735259212827,99.87013220596977,7376400
2023-07-18,98.8531494140625,99.86080949379676,98.29334063143953,98.7878385080624,7499100
2023-07-19,98.8531494140625,100.18736402379724,98.81583499779519,99.04908925041767,6608600
2023-07-20,101.19502258300781,101.65219891813912,98.95578036780722,99.41296382129329,8073000
2023-07-21,102.99573516845703,103.21033218783893,101.12036920364265,101.44693081379172,8194000
2023-07-24,101.50292205810547,102.94909416236644,101.2323462691742,102.62253963033041,6045500
2023-07-25,100.32731628417969,101.43760878555835,100.13138356952841,100.4299487230477,6498700
2023-07-26,99.96343994140625,100.77516728695646,98.95577988176213,99.64621758097462,7042700
2023-07-27,98.21869659423828,100.41129224196516,98.12539631777976,100.05674122572601,9813100
2023-07-28,99.2170181274414,99.50625821974404,98.19070091561598,98.36797641234782,6903800
2023-07-31,99.50626373291016,99.61822121632963,98.59190394764087,99.41296345727568,7397500
2023-08-01,98.22802734375,102.25866044660326,98.09740553491693,102.25866044660326,10009200
2023-08-02,98.61988830566406,100.8964519308727,97.85481469498231,98.92778560612675,10873500
2023-08-03,98.64789581298828,98.6945423944678,97.84550058064666,98.04143330691308,6039300
2023-08-04,97.966796875,99.29167946718988,97.50962048272291,98.5639272579125,6700700
2023-08-07,98.98377227783203,99.16104778958235,97.42563556216282,98.23736293252195,8259100
2023-08-08,99.2823486328125,100.01010079965972,98.61057521161345,98.61057521161345,10152200
2023-08-09,98.99310302734375,99.63688704010139,98.70387003302301,99.15171421014192,6479500
2023-08-10,98.49859619140625,99.87013220596977,98.35864222940613,99.0957264521428,6525700
2023-08-11,100.24335479736328,100.4952662704644,98.51726754868565,98.85315425839063,5904300
2023-08-14,101.61487579345703,102.10004145796422,100.12204303236442,100.6911839209013,8427200
2023-08-15,101.38162994384766,102.09071773378545,101.15770074016281,101.5962198661022,5118700
2023-08-16,101.44694519042969,102.13737580212042,101.02708325431725,101.23234814063598,5332900
2023-08-17,101.62420654296875,102.89311019012595,101.06439778530635,101.38162725627294,6457800
2023-08-18,101.88544464111328,102.16535256397269,100.96175988504393,101.67085473616136,6711400
2023-08-21,102.29597473144531,102.63186139274445,101.65219077756294,101.78281257713991,6012500
2023-08-22,100.04742431640625,102.25867023353824,100.0194278246728,102.25867023353824,6026000
2023-08-23,103.84478759765625,104.39526417188559,102.46391940331202,102.62253057368106,10588200
2023-08-24,102.11870574951172,104.51655910656751,101.7828190667965,103.51823122137358,6487700
2023-08-25,102.82779693603516,102.93976153234955,101.68019007681872,102.57588549227074,4839100
2023-08-28,101.63353729248047,103.2010060631507,101.37229368376119,102.84646218251086,4335600
2023-08-29,102.6225357055664,103.11703356635977,101.63353998397969,101.96009450352675,5673100
2023-08-30,102.82779693603516,103.37828063663797,102.37062062487153,102.91177216285955,4785000
2023-08-31,101.68018341064453,103.13568747553661,101.59620818932555,102.74382209165859,9212000
2023-09-01,102.4825668334961,102.97707174074145,101.93209031177997,102.30529847343433,4941300
2023-09-05,100.30866241455078,102.37062918690683,100.28999808776014,102.12804276711347,6379900
2023-09-06,99.35697174072266,99.83281237227176,97.8921354327048,99.60889030027691,7926100
2023-09-07,100.70984649658203,101.40960917180931,99.70218653584979,99.74884022820656,8532600
2023-09-08,101.74549865722656,101.82946676378096,100.33664110541773,100.33664110541773,6807500
2023-09-11,101.32565307617188,102.10939112191436,101.08306664316166,102.00675867403909,5069300
2023-09-12,101.71748352050781,102.14667749205326,100.34595486977112,101.15767489105467,4605400
2023-09-13,100.58855438232422,102.32396646638276,100.45793257972664,101.68018961596736,6761500
2023-09-14,101.67823791503906,101.9318739016908,100.47583563324937,101.16158449198912,6872400
2023-09-15,101.00187683105469,102.32640269282973,100.75764381416417,101.56550912697398,9639000
2023-09-18,101.28369903564453,101.39642693494584,100.37250155855328,101.23672728588163,3911300
2023-09-19,100.8515853881836,101.62187477688238,100.42886831113383,101.12400576754915,5818300
2023-09-20,100.80461120605469,101.82853654977899,100.7482508416436,101.6500525066338,4593600
2023-09-21,100.25977325439453,101.34005174852962,99.9685613282462,100.76703084573475,5856600
2023-09-22,99.8934097290039,100.72006659706504,99.5364488239935,100.72006659706504,5027200
2023-09-25,99.4237289428711,99.7525168601835,98.73798725867269,99.62100456001167,6052200
2023-09-26,99.0009994506836,100.090680849112,98.73797488330624,98.74737066553598,5400500
2023-09-27,97.638916015625,99.12312726766952,97.03771488816533,99.05737111831871,5635500
2023-09-28,97.97708892822266,98.60647021546889,97.48860855089536,98.23071773295923,4758800
2023-09-29,96.70891571044922,98.33404202209542,96.48346710563143,98.03344149337775,7232700
2023-10-02,96.33317565917969,96.59620024023941,95.20591824007504,96.59620024023941,7079700
2023-10-03,95.60044860839844,96.2298370038424,94.80197913681704,96.04195719666441,5924000
2023-10-04,95.97621154785156,96.22045174044202,95.18713777208913,95.42198218157309,6720500
2023-10-05,97.31951141357422,97.42284351600937,96.13589371006006,96.15468527425655,6449100
2023-10-06,97.58255004882812,98.09921063550713,96.6807483431653,97.44164913144556,6854900
2023-10-09,98.16496276855469,98.81313562951982,97.04710109051513,97.22558513440583,5061100
2023-10-10,97.32891845703125,98.12738802260394,96.90620138316415,97.99587572553939,7177200
2023-10-11,97.18800354003906,97.89253672484526,96.61498264304612,97.69526829312538,5375100
2023-10-12,97.31011962890625,97.64829612951662,96.69013415570865,97.24436348528101,5124000
2023-10-13,97.70466613769531,98.18374355331923,96.54922853679963,97.32891366449203,5787500
2023-10-16,97.8267822265625,98.98221982250936,97.75163029886725,97.88314258889278,6473500
2023-10-17,97.85497283935547,98.15557341529905,96.89681074318628,97.69528035114111,5827200
2023-10-18,95.80712127685547,98.12738514059215,95.73197651422751,97.79860440758709,7136400
2023-10-19,94.3416976928711,95.5628915048403,93.12989966413072,95.49713535600397,7647600
2023-10-20,96.4458999633789,97.0940728242457,93.92836761756661,93.92836761756661,12467500
2023-10-23,97.08467102050781,97.83617594786162,96.44589398232173,96.59619783454535,8493000
2023-10-24,96.78407287597656,97.75163065622247,96.45529214971081,97.05649323970599,6347900
2023-10-25,97.34770202636719,98.26829526485118,96.7089249459798,97.08467743448108,7849200
2023-10-26,99.15131378173828,100.7294685197369,96.7465021252892,96.8498342400955,11335700
2023-10-27,96.5868148803711,99.17010355678987,96.02318969343817,98.93525913166089,8933800
2023-10-30,96.45529174804688,98.1649586843916,96.38953560306756,97.01891687170999,6915500
2023-10-31,96.47409057617188,97.27256738491212,95.25290382006233,96.53984673098637,7522600
2023-11-01,96.614990234375,97.91133598308075,96.50226950275379,97.27255889199056,5838100
2023-11-02,96.614990234375,96.81225868159484,95.48773991686653,96.51165811913374,5379100
2023-11-03,97.11285400390625,97.93011509847476,96.54922887556488,97.1034653880329,6005900
2023-11-06,98.01465606689453,98.0428434152836,96.88740580533238,97.77042304924824,5951200
2023-11-07,97.69527435302734,98.37162739909567,97.44164554419302,98.02405509295427,6616400
2023-11-08,98.0710220336914,98.79433962607013,97.54496570871552,97.67648516512119,8152100
2023-11-09,96.17347717285156,98.36222872513937,95.9574243359133,98.36222872513937,7377000
2023-11-10,95.24349212646484,97.09406710311605,94.50138297930165,96.60558674876151,7627100
2023-11-13,96.2580337524414,96.33318568824878,94.48261047856995,94.96168794385503,5878200
2023-11-14,95.97621154785156,96.96256093443724,95.72258273903725,96.4365117505956,6944400
2023-11-15,95.20591735839844,95.97620669588946,94.61411205649462,95.70378633463405,7392600
2023-11-16,95.80712127685547,95.87287742345649,94.9053196233777,95.65682458471707,7889700
2023-11-17,95.58168029785156,96.21106163234076,94.83957106008306,95.8165247211878,6767000
2023-11-20,96.45529174804688,96.69013614681336,94.77380499285296,94.84895692050998,7449900
2023-11-21,96.0137939453125,97.34770856048785,95.67561739965072,96.75590318902125,7403500
2023-11-22,95.51592254638672,96.45530022399993,94.98047755682249,96.0043957853171,5724000
2023-11-24,95.69440460205078,96.29560572982966,95.29047192242908,96.06076131532595,3168000
2023-11-27,95.28106689453125,95.95741988938043,94.59531811728637,95.73197128005806,7356500
2023-11-28,94.10686492919922,95.20593519588856,93.94717242895553,95.1683592252047,8738500
2023-11-29,94.99925231933594,95.03682828265435,93.7498855816888,94.20078280774548,10286800
2023-11-30,96.26742553710938,96.46469398524673,94.20079038955487,94.72683958458781,29299700
2023-12-01,97.18800354003906,97.39466775428336,96.43650577637509,96.61498264304612,6863400
2023-12-04,98.69100952148438,98.99161007033891,97.44164274564416,97.44164274564416,10169900
2023-12-05,99.79009246826172,99.94978495119885,97.86436538899416,98.55950285410145,10789100
2023-12-06,99.22644805908203,100.10946524977489,99.03857541577297,99.80886472035122,9954800
2023-12-07,97.58255004882812,99.19828079238845,97.44164913144556,99.18888500893532,9602200
2023-12-08,97.46041870117188,97.70465886560774,96.42710485193341,97.49799466238369,7530300
2023-12-11,98.04285430908203,99.07616835814197,97.29134927328398,98.49375159705433,7429700
2023-12-12,98.03345489501953,98.43738758259862,97.15043758568783,98.14618279627983,7933500
2023-12-13,100.61674499511719,100.61674499511719,97.66709962052322,97.84558367510715,10995000
2023-12-14,100.1814956665039,101.43991629486246,99.48132476826508,100.93844225076799,10723000
2023-12-15,99.45293426513672,100.55049880247387,98.64868308179207,99.24477360664764,26393300
2023-12-18,100.33287811279297,101.4399064291214,99.94494104092338,100.44642225502291,12805600
2023-12-19,100.7586669921875,100.91952301590138,99.76518270983672,100.34235286286905,8043100
2023-12-20,99.6894760131836,101.37367442419591,99.5759318706475,101.37367442419591,8441600
2023-12-21,100.66404724121094,100.87220790857661,99.67055577197564,100.09634092398112,5919400
2023-12-22,101.90353393554688,102.2441591486693,101.08981895072968,101.38313951794883,6028700
2023-12-26,101.83731842041016,102.27256021576429,101.44938849752464,101.71431765828123,4727700
2023-12-27,102.16847229003906,102.25362498561353,101.25067695981372,101.53452649717246,5387000
2023-12-28,102.91595458984375,103.19034754722671,102.31040020761158,102.47125623006204,5530400
2023-12-29,103.15248107910156,103.3606417143496,102.93486384681599,103.12409685043617,5889200
2024-01-02,107.14537048339844,107.2210665800905,103.28496339620563,103.28496339620563,11920100
2024-01-03,108.59302520751953,109.66221273311916,108.01586231569262,108.11993542628845,10721900
2024-01-04,110.71247100830078,111.31802534193191,109.62436308360272,109.6811315465128,11492200
2024-01-05,110.91117858886719,111.1287958636165,110.36239266499692,110.79763443327333,6861500
2024-01-08,111.06255340576172,111.54510699936814,109.92714082892238,111.26125024576974,8193100
2024-01-09,112.0560531616211,113.48478641515135,110.9017128653104,111.18556964002792,8822300
2024-01-10,112.46289825439453,112.75621159540256,111.40317459389736,111.82895970889729,7129100
2024-01-11,112.0560531616211,112.50075873991563,110.77871211294755,112.40614222126901,5754400
2024-01-12,112.24527740478516,112.28312545303403,111.31802548840734,111.71541916685497,6823300
2024-01-16,112.1128158569336,112.91706705218955,111.59242142178081,112.1128158569336,6832300
2024-01-17,111.77218627929688,112.9738383356538,111.28017609556053,112.7656776821887,5591400
2024-01-18,112.16011810302734,112.2358141950659,110.34345520676196,111.31801893073423,10524700
2024-01-19,112.49127960205078,112.61428033766197,111.38425132522018,111.84787725659103,7605600
2024-01-22,113.0022201538086,113.5131579599189,112.46289811715498,112.63321071919174,8786200
2024-01-23,113.39015197753906,113.5320803515046,110.95847086202313,111.78164965600163,6501400
2024-01-24,112.4818344116211,113.49424635033556,112.06552027358177,113.25770143737631,5859900
2024-01-25,113.66455078125,113.71186264794183,112.27367285710476,112.27367285710476,6689800
2024-01-26,114.31741333007812,114.50664635320928,113.61724248196033,114.0240999785917,8300300
2024-01-29,114.75265502929688,114.9229676375827,114.00517231619668,114.81888730925375,9138200
2024-01-30,115.11221313476562,115.2068296506269,113.71186415617548,114.75266026820437,7469500
2024-01-31,114.27957916259766,116.2381707868904,114.01465001052374,115.93539358183763,10779000
2024-02-01,119.57817077636719,119.62548264210845,116.16246197063106,116.99510460750328,11650700
2024-02-02,119.60655975341797,120.69466045519141,119.3227030023954,119.89040928566351,10175600
2024-02-05,119.38893127441406,120.92174468468723,118.9347619317779,120.14587777254874,8027700
2024-02-06,120.05125427246094,120.65680858459925,119.28485117526832,119.79578897965567,6153000
2024-02-07,120.60951232910156,121.16775481680452,119.69171698064874,120.07019025675407,6742800
2024-02-08,119.79579162597656,120.61897042102545,119.171309667227,120.46757823025818,6308300
2024-02-09,118.69822692871094,119.8714948203089,118.31029704975576,119.42678925706518,7891200
2024-02-12,118.5941390991211,118.72661087490187,117.70473524763503,118.27244152319095,5257400
2024-02-13,118.6792984008789,120.03233541370193,117.7804307374328,119.19970002841734,7273400
2024-02-14,119.04830932617188,119.24700616313858,118.10212978702927,118.84961248920517,6622400
2024-02-15,119.72956085205078,120.38242705008062,119.17131116505121,119.1902387985235,5756700
2024-02-16,120.91229248046875,121.19614203044699,119.37947892298729,119.6917199248631,6266800
2024-02-20,120.514892578125,122.33154837333097,120.36350038423784,121.23399106153472,6952800
2024-02-21,121.22452545166016,121.26238072060337,119.97557589007681,120.58113025517433,4849200
2024-02-22,122.30316925048828,122.73841821670639,120.77982674383459,121.25290932255061,6517400
2024-02-23,122.48294067382812,123.23043060832515,121.92469820063188,122.80463825795265,5177400
2024-02-26,121.90576934814453,122.7194843359177,121.55568753583596,122.41671438846129,5158400
2024-02-27,122.08555603027344,122.20856400171397,120.92175913240382,121.35699367548433,4780200
2024-02-28,121.29076385498047,122.435633072933,120.82713065873203,122.37886460758722,5697200
2024-02-29,120.3067398071289,121.91524948812204,120.2215798877908,121.20561477500738,11246100
2024-03-01,120.126953125,120.96905233524372,119.61601530887849,120.04180043170157,6023400
2024-03-04,117.37358093261719,119.7295660885648,116.65448242353783,117.76151081044097,12706200
2024-03-05,116.21924591064453,118.31030203074377,115.80292456262883,117.9696767857814,8277800
2024-03-06,117.08972930908203,118.04537275742805,115.91646858817201,116.22870238005852,8251400
2024-03-07,117.31681060791016,117.82774847569385,116.20978217043434,116.72072003821803,8982200
2024-03-08,116.85317993164062,117.36411777897153,115.49067900542487,116.59771461736389,9822700
2024-03-11,116.1624755859375,117.94129799591175,115.2825281989633,117.94129799591175,7769300
2024-03-12,116.05838775634766,116.57878218066783,114.8945837266833,116.38008534024262,11621800
2024-03-13,115.5853042602539,116.57878851637281,114.29849941718582,116.53148386728763,9186000
2024-03-14,114.74737548828125,115.5186400501678,113.93802280098994,115.5186400501678,10132500
2024-03-15,115.70907592773438,116.10899762089356,113.52858700131156,114.10941094879946,46477400
2024-03-18,115.63290405273438,116.65173779417606,115.3377228979432,116.02329462387911,8311900
2024-03-19,116.35655975341797,116.41369557515314,114.67120193585978,115.63290714740047,11696600
2024-03-20,117.92765808105469,117.9847939016389,114.62358765281462,115.48055231590627,9793200
2024-03-21,117.70866394042969,118.25140703243359,117.17543743166688,117.77531634595412,8156300
2024-03-22,117.92765808105469,118.53705356046049,117.32778644917411,117.87052952503763,7022500
2024-03-25,119.3178482055664,119.57494125020783,117.85148798646732,118.1466691586322,7605800
2024-03-26,119.5177993774414,120.05102587121384,118.87983961898979,119.76536856152978,8864400
2024-03-27,125.44989013671875,126.73534074294216,123.88831333781414,126.51632857622413,16061600
2024-03-28,125.64032745361328,126.08785385481434,124.81193432034661,125.68793942740511,10189700
2024-04-01,124.72624969482422,125.6212880270057,123.88832539416401,125.38324267151228,5377600
2024-04-02,124.11685180664062,124.50723514008625,123.09801073051047,123.8788064556721,6584200
2024-04-03,123.68836212158203,125.9736062743195,123.24083568651353,124.11685538900105,7741400
2024-04-04,121.55547332763672,124.67862695989562,121.25076832491185,124.57388643135073,6753200
2024-04-05,121.86969757080078,122.45053608110906,120.92704000171675,121.54595937589892,5692900
2024-04-08,120.50806427001953,121.8030314327965,119.86058068863105,121.5364218283248,6282500
2024-04-09,120.6509017944336,120.92703526639629,119.50828704420012,120.52712083027131,4696600
2024-04-10,120.6889877319336,120.92703307262774,119.0702823210403,119.8415469002278,5787700
2024-04-11,120.11767578125,121.06033326033061,119.46066834135628,120.49854976473284,6187200
2024-04-12,119.72728729248047,121.0317784267115,119.11789177718495,120.96512601924378,7370000
2024-04-15,120.15577697753906,121.70783009320986,119.85107921051879,120.63186769254372,6241000
2024-04-16,119.07980346679688,120.73660433199795,119.05123918714987,120.50807556568691,5587300
2024-04-17,119.37499237060547,120.15578087797597,118.74654911940655,119.66064245014022,6122800
2024-04-18,119.2416763305664,119.51780253543863,118.5465807330713,119.51780253543863,5992700
2024-04-19,119.76536560058594,120.08911102786176,118.9179248045928,119.64158464388555,8404300
2024-04-22,120.86990356445312,121.95538972831187,120.18433182631766,120.65089865632815,7805800
2024-04-23,120.8127670288086,121.97443670228397,120.67946222102246,121.97443670228397,7744000
2024-04-24,120.92703247070312,121.48881598495271,119.35593177702857,120.75563953567378,7128300
2024-04-25,124.4691390991211,126.44967792117069,122.60285738228075,123.48839353505265,12750100
2024-04-26,124.92619323730469,125.6022484049839,123.90736672329962,123.90736672329962,7758200
2024-04-29,123.89783477783203,125.87837376393871,123.14561789100591,125.42133077610936,6788000
2024-04-30,123.04088592529297,124.65959145544352,122.81235715090142,124.65959145544352,6945000
2024-05-01,122.6409683227539,123.7169234345656,121.6887869142374,122.46005153047413,5895700
2024-05-02,122.12677001953125,123.48839685276853,121.86968426133673,122.88851797603645,7422500
2024-05-03,121.41264343261719,122.33625322055877,121.09842185019461,121.8887268330903,6221900
2024-05-06,121.46977233886719,121.62212483911257,120.69850778393426,121.09842220022784,6552000
2024-05-07,124.14539337158203,124.1929908097587,120.99366856152297,121.02223283608198,6682300
2024-05-08,123.3551025390625,125.22136993560015,123.14562146998287,124.33584821287398,6659100
2024-05-09,124.00257873535156,124.2596717796051,122.77427113126913,122.77427113126913,9216700
2024-05-10,123.84070587158203,124.62150156401135,123.73596534038138,124.56437300683547,5722600
2024-05-13,123.1075210571289,123.50745001206863,121.89826119664671,123.31700211766517,7109700
2024-05-14,122.50765991210938,123.02183146480198,121.90778099302233,123.02183146480198,6154300
2024-05-15,125.43083953857422,125.65936828280725,122.56477903417841,122.71713153033377,7237100
2024-05-16,124.62151336669922,125.47847086376761,124.53580599368361,125.08807298057906,5518100
2024-05-17,124.91667938232422,125.04046761284643,123.60266440950399,124.44058868540502,8281600
2024-05-20,124.72624969482422,125.4403857613045,124.4024969692102,124.55484948371851,4860400
2024-05-21,124.5072250366211,126.44015196730224,124.2406154275019,125.38323011360329,6254700
2024-05-22,124.83098602294922,125.3070767178817,123.92640207926954,123.94544977522463,4407500
2024-05-23,124.82144927978516,125.61176154121877,124.07874899152405,124.64053249921027,6830900
2024-05-24,123.29795837402344,125.16422553434434,122.98373681017556,125.16422553434434,5983800
2024-05-28,120.060546875,122.9075744354303,119.72728484447549,122.67904567344142,10263400
2024-05-29,119.879638671875,120.40333407858668,119.28928359375735,120.10816017181159,8527800
2024-05-30,118.57514953613281,121.73639151904966,116.83265581658111,119.95581693601025,13000300
2024-05-31,119.5368423461914,120.55567605574936,118.5941848848129,119.14644452269683,18150500
2024-06-03,122.27913665771484,122.78379164981978,119.75585443262243,119.75585443262243,7702500
2024-06-04,122.5552749633789,123.17418706463653,120.81277398511756,121.0698670324849,6440100
2024-06-05,123.25987243652344,123.72644652694035,121.94587205776048,122.33625536780352,5009400
2024-06-06,124.27871704101562,124.66910036233378,122.73617333484766,122.98374979081035,8088500
2024-06-07,124.42152404785156,125.08804802695602,123.98352880263994,124.11683359846083,4945600
2024-06-10,125.20233917236328,125.38324143628232,123.45031433104903,124.38346257636775,6033700
2024-06-11,125.53558349609375,125.84980507958089,123.53601141363126,124.73575466310875,11453200
2024-06-12,123.97401428222656,126.36399887382238,123.93593341938143,126.35446776125985,5822000
2024-06-13,123.1836929321289,123.89782892336403,122.44099266357509,123.80261950867971,5004200
2024-06-14,123.28843688964844,123.65978703425958,122.49812462719201,122.98374641339191,7338500
2024-06-17,122.12940979003906,123.50875605094228,122.00488831682915,122.80950940503172,8524000
2024-06-18,122.59876251220703,123.30758995086661,121.73667113652552,122.86697440199542,6532400
2024-06-20,124.20799255371094,124.93597430260361,121.41099158242483,122.02403269097995,10348400
2024-06-21,125.21377563476562,125.67355284385735,123.6524302876564,124.68693997015325,17170800
2024-06-24,127.35942840576172,127.69467683898081,125.41492318245284,125.7406127162812,8553800
2024-06-25,127.32110595703125,128.95908330432846,127.01459268416617,127.51267857957869,6750600
2024-06-26,125.9609375,127.80963473809535,125.95136398326308,127.76175253835467,8492100
2024-06-27,124.35169982910156,126.7176444877777,121.43974320663798,126.43029284797629,11927600
2024-06-28,118.58526611328125,125.45324769596867,115.77868406694638,124.08347493922464,57055500
2024-07-01,122.5125732421875,123.74823649285646,119.83051245356883,120.09871707082515,11533000
2024-07-02,122.34014129638672,122.83824179403442,121.32479327060575,122.80950663225222,5645400
2024-07-03,120.54891204833984,122.55088032396719,120.02208367645795,122.31141088910437,4002100
2024-07-05,121.1236343383789,121.26731745747136,119.64850908590888,121.20026630963181,6786700
2024-07-08,120.48186492919922,122.09109987762982,120.05082285523801,121.4589043486182,5743400
2024-07-09,120.73090362548828,120.78837394770132,118.48946605483239,119.96459855852306,6339000
2024-07-10,121.9378433227539,122.11026161406885,120.52976182835303,120.57765133214598,4588500
2024-07-11,123.53749084472656,123.68116665645269,122.21561491262989,122.23477655954473,7048800
2024-07-12,122.37846374511719,124.45704940675873,121.95699519531252,123.94937536705436,7022300
2024-07-15,122.7232894897461,122.93402375859891,121.8420437363862,122.60834883984607,6918500
2024-07-16,120.15618896484375,123.59496662717817,119.92629303987601,122.4838322219436,8194400
2024-07-17,120.58722686767578,121.35353197503035,119.31324773261032,120.18491997492683,7628000
2024-07-18,119.01631164550781,120.30944515952758,117.21550408811954,120.02208621642727,9501400
2024-07-19,120.4722900390625,121.6409021471289,119.90714563389834,120.02209360302919,6848800
2024-07-22,120.3956527709961,121.16195056094273,119.76344996896378,120.64469571601457,4341800
2024-07-23,119.14083099365234,120.32860465625548,118.94925836834331,119.7251370012803,4285400
2024-07-24,120.615966796875,120.85543623888343,119.42820041076091,119.70598584045396,6338500
2024-07-25,120.54891204833984,122.46466752724244,120.41480974945884,120.72133033376217,7357100
2024-07-26,119.9837646484375,123.30759418133461,119.78261120521505,121.88035843197892,6467000
2024-07-29,122.39761352539062,122.59876696902437,119.65808266976106,120.4818580911337,9139500
2024-07-30,110.3954086303711,118.71936846132958,109.11185597714214,118.2787455815035,35509400
2024-07-31,108.36470794677734,112.87631130229717,107.49304298865864,111.11381973843714,22733000
2024-08-01,109.02564239501953,109.64826437803394,106.71716087735412,108.36470442603209,14117500
2024-08-02,110.34751892089844,112.35906813427043,109.54290508197171,110.3092102402113,16562300
2024-08-05,107.5792465209961,110.2708879368563,106.65010394494674,110.10804316713703,13334000
2024-08-06,106.4681167602539,108.31682116887183,106.24780165521493,107.56967766939377,9761900
2024-08-07,107.75166320800781,107.80914084094968,106.05622285077742,106.97578458954965,9756500
2024-08-08,109.12142181396484,109.41836885949428,107.82828842816275,108.16354414921861,8278200
2024-08-09,109.72490692138672,109.88774439644031,108.11567189561353,108.9873369093923,5914100
2024-08-12,108.69995880126953,109.87814421679776,108.34554144032428,109.87814421679776,6536000
2024-08-13,109.5716323852539,110.03141690881581,108.08691898819625,108.78617294302377,9040300
2024-08-14,108.7957534790039,109.13100922028437,106.8129468856857,108.87238545073288,11029400
2024-08-15,108.53712463378906,109.67700148561437,107.82829715078468,109.36090007675114,9685100
2024-08-16,108.88196563720703,108.92986244947897,107.87619835174387,108.82449530890271,10102300
2024-08-19,109.60037231445312,109.77279060478426,108.53712740874904,108.87239047352381,6177500
2024-08-20,110.29004669189453,110.44331064411324,109.72490231114986,109.92605576741632,5392300
2024-08-21,111.14254760742188,111.6885376003953,109.72489271353815,109.94520049054793,8144100
2024-08-22,111.64065551757812,111.80349298236494,110.36667634665879,111.40118607829378,8201200
2024-08-23,111.68854522705078,111.88969867945815,111.03718805867236,111.88012516364876,8368200
2024-08-26,111.3724365234375,112.93378184540586,111.2670767002385,111.81306669476024,6518700
2024-08-27,111.59275817871094,111.7077061399136,110.39541098795223,111.37244308007934,5502600
2024-08-28,112.45484924316406,113.04872877066518,111.34370754598723,111.68854412041954,5403200
2024-08-29,112.51232147216797,113.41272891041478,111.87054512313253,112.96252519129138,7202500
2024-08-30,113.46060943603516,113.74797566619205,112.21537282408451,112.33031346972582,8876500
2024-09-03,111.66938781738281,113.83418623122012,111.51612387231798,113.27862270042792,7640300
2024-09-04,110.92225646972656,111.81308315063367,109.64827719233814,111.74603199435155,7693400
2024-09-05,113.59471130371094,115.01237349488244,111.44906733277399,111.69811757744469,12009700
2024-09-06,112.87631225585938,115.23269798748977,112.694320450071,114.08324028532392,8577300
2024-09-09,110.5486831665039,111.97591907789747,107.67504969474278,108.38387723819606,14880200
2024-09-10,110.47203826904297,111.20002006831868,108.55628284521367,110.3570903127235,12734500
2024-09-11,109.87816619873047,111.00846234275866,109.45669761037244,110.0984813175616,7836600
2024-09-12,110.3954086303711,110.64445888697789,109.23637745143198,109.64826516857788,8330900
2024-09-13,110.9797134399414,111.85137836666465,110.15593801449519,111.20002122347525,6709600
2024-09-16,113.7472152709961,114.14257619993656,111.66436061158085,111.66436061158085,7846100
2024-09-17,114.06543731689453,114.88507927241834,113.52543929573461,114.72115235269783,7914900
2024-09-18,114.40294647216797,115.11651640165105,113.66044912562667,113.97865807018898,11135600
2024-09-19,113.04329681396484,114.94293482374859,112.13686525253085,114.65365332070377,9963000
2024-09-20,112.98543548583984,113.30365176283489,112.25258312035723,113.08186265425373,21200900
2024-09-23,111.50043487548828,113.94008567119498,111.39436278189575,113.01436424403809,6665300
2024-09-24,110.85436248779297,112.10793773729263,110.23721978687905,111.7125767861552,9840400
2024-09-25,110.63257598876953,111.87649890411272,110.52650390189206,111.18221891307967,7902300
2024-09-26,109.05113983154297,109.9286439416979,108.89685784108336,109.81292693116244,11132100
2024-09-27,109.62972259521484,110.25650286639032,108.96436262848977,109.12828954996885,11920100
2024-09-30,109.50434875488281,109.9382819996013,108.67506195680272,109.55256601215838,10936900
2024-10-01,110.6422119140625,110.69042917353558,109.07042783798002,109.89006975057615,7715500
2024-10-02,108.07722473144531,110.5072232955577,107.98079755992654,110.45901338825912,9041800
2024-10-03,106.24507904052734,108.07722472699494,105.90758026176474,107.82650819551918,10280600
2024-10-04,105.8497085571289,106.36078649836104,105.48328239554678,105.57970955839251,9704700
2024-10-07,104.71186065673828,107.01651200940924,104.31650704318933,105.78221919030304,8654800
2024-10-08,104.64435577392578,104.8661448806037,103.95971332006458,104.11400267373988,8832400
2024-10-09,106.33185577392578,106.36079054510924,104.33578326369813,104.53828987737623,8627800
2024-10-10,105.49292755126953,106.87185731807139,105.271138455007,106.74649538486696,6006700
2024-10-11,105.81114959716797,105.99435900992141,104.0465037247081,105.2036444585289,8578400
2024-10-14,105.77256774902344,106.13899389850835,104.79863651551689,105.52185124836498,8130700
2024-10-15,107.5468521118164,107.5950693705934,105.96542313528593,106.03292288342122,9109500
2024-10-16,106.47649383544922,107.22863598897824,105.12649151420494,107.03578166748083,8729200
2024-10-17,105.83043670654297,106.25472509402331,105.58936509673308,106.20650782929266,8541700
2024-10-18,104.81793212890625,105.99436275208035,104.68293261709168,105.97508026050181,9523000
2024-10-21,102.54220581054688,105.27113791697796,102.3879238218266,105.18435567774549,11444900
2024-10-22,102.83148956298828,103.08220605877938,101.93470301738986,102.12756468989093,11576100
2024-10-23,102.58078002929688,103.52578389638757,102.40720819072597,102.92792370643868,8271700
2024-10-24,102.09864044189453,102.8122176682969,101.50078758783796,102.26257471964288,8295900
2024-10-25,100.26651000976562,102.68686374336012,100.15079298530983,102.68686374336012,9625500
2024-10-28,100.50756072998047,101.25005791766505,100.21827190744757,100.86434193992797,6968900
2024-10-29,100.02542877197266,101.35614131906765,99.99649400095045,100.59435420108244,9296200
2024-10-30,101.08614349365234,101.25007041342249,99.2250704765383,99.76506849786175,13897200
2024-10-31,98.66577911376953,99.54328322426795,95.07863271189738,97.32542167479014,17413100
2024-11-01,98.24149322509766,99.05149760560259,97.59542311958378,98.1450660589931,10180600
2024-11-04,98.23185729980469,98.86828249226653,97.3447082288232,98.3572118821432,9182600
2024-11-05,98.01971435546875,98.09685903338494,96.93006601143634,97.74007041571359,6741400
2024-11-06,97.13256072998047,99.54327644260172,97.00719880449505,99.4950591855811,9551300
2024-11-07,97.55684661865234,98.058279632072,97.2482752861329,97.8172080486374,8676100
2024-11-08,99.24434661865234,99.54328038155221,97.39291864375872,97.85577931594253,9208000
2024-11-11,97.13256072998047,99.70720334539905,96.87219931314189,98.86827162891547,10075300
2024-11-12,95.0593490600586,97.17113113966856,94.982204387281,97.16149357326206,12282900
2024-11-13,94.98220825195312,95.89827736846743,94.40363789642191,94.99185317567299,8869700
2024-11-14,94.84720611572266,95.85006480404581,94.45184518031212,95.6379206296227,8704500
2024-11-15,92.87042236328125,94.4229240814702,91.10578381340342,94.4229240814702,16464500
2024-11-18,93.11148834228516,93.81542062042865,92.0122024830964,93.11148834228516,14139900
2024-11-19,93.09221649169922,94.06614788419337,91.85793098992386,93.27543327481091,13093100
2024-11-20,93.96007537841797,95.31007054207879,93.20793311382927,93.51650448794058,12136800
2024-11-21,96.29363250732422,96.89149267423787,93.4875557846982,94.23006037100137,15670300
2024-11-22,95.63792419433594,98.15471225394383,95.39685259749167,96.74685501120383,14031200
2024-11-25,97.5472183227539,98.10649885821385,95.95614424949274,96.51542478495269,34659100
2024-11-26,97.99078369140625,98.16435553250187,96.13934826741249,97.85578418798978,9324100
2024-11-27,99.43721771240234,99.75542663792915,98.01007058188725,98.01971550597034,9802200
2024-11-29,98.01006317138672,99.360065521007,97.90399108525735,99.2057761750294,6081200
2024-12-02,97.016845703125,98.21255866099925,96.87220128603781,98.09684901286602,13703100
2024-12-03,98.21257019042969,98.79114056977772,97.02650201630445,97.15185660213804,11395600
2024-12-04,97.74971008300781,98.44399007615314,97.44113874485843,98.38613524928795,11315000
2024-12-05,99.85186004638672,100.4207854932502,97.7304255440836,97.86542505204855,11062700
2024-12-06,99.40827941894531,100.23756629459989,99.02257075234236,99.90971245660313,11470700
2024-12-09,100.0832748413086,101.31756011440703,98.67541774187316,99.18648829805419,19162500
2024-12-10,97.3929214477539,100.06399140288963,97.14220493656437,100.06399140288963,11359400
2024-12-11,96.18756103515625,97.8268448468718,95.71506279527226,97.10363010224656,21613000
2024-12-12,97.63398742675781,99.32148844401041,96.54434656125183,98.05827575102448,9554400
2024-12-13,98.35720825195312,98.90685118026073,96.93970613239114,97.51827647425371,10118200
2024-12-16,97.25885009765625,99.41670309794783,97.24913538382582,98.41553880331809,11701100
2024-12-17,97.25885009765625,97.9781393749615,96.57844933892112,97.10333310243625,13975100
2024-12-18,95.58699798583984,98.65853830446514,95.51895791122786,97.3852137299501,11993400
2024-12-19,96.73395538330078,97.14220320813796,95.08154949011325,95.80083127017957,12110800
2024-12-20,95.30512237548828,96.88948834054293,95.15932009771728,96.06328532092317,29289700
2024-12-23,96.58816528320312,96.80200021096044,95.45091349384215,96.31599758132619,8460500
2024-12-24,96.6659164428711,96.85059980826604,96.03411898068882,96.44235939447742,3713500
2024-12-26,97.07416534423828,97.14220541395426,96.15075592287981,96.31599503278842,4760300
2024-12-27,96.90892028808594,97.54072518263608,96.46179876377039,96.71452220475275,6173600
2024-12-30,95.61615753173828,96.78256084613402,95.5189510756958,96.78256084613402,6848700
2024-12-31,96.69508361816406,96.74367943021483,95.67447515954993,95.74251522907011,6598200
