Price,Close,High,Low,Open,Volume
Ticker,MSFT,MSFT,MSFT,MSFT,MSFT
Date,,,,,
2010-01-04,23.130048751831055,23.24214886180959,22.86100734753838,22.88342793970618,38409100
2010-01-05,23.137527465820312,23.24215550039105,22.89838011611116,23.055321455251942,49749600
2010-01-06,22.995532989501953,23.227206789948955,22.808698957592636,23.077738994249284,58182400
2010-01-07,22.756393432617188,22.943227528367967,22.562085801984654,22.890912784195685,50559700
2010-01-08,22.913330078125,23.077743545474636,22.599448785598735,22.62934292080639,51197400
2010-01-11,22.621864318847656,22.988058840515016,22.509764187795284,22.950691179877225,68754700
2010-01-12,22.472400665283203,22.71902156918404,22.352826980084664,22.532187507882476,65912100
2010-01-13,22.681659698486328,22.80870694167418,22.427565212110625,22.614399309420346,51863500
2010-01-14,23.137527465820312,23.24215550039105,22.6143929946892,22.651759233544762,63228100
2010-01-15,23.062795639038086,23.346782768475354,22.95069406844613,23.227209090245907,79913200
2010-01-19,23.242149353027344,23.346775934494538,22.92826818319549,22.98058147392909,46575700
2010-01-20,22.86101531982422,23.122583284610474,22.651760662909066,23.02542877676637,54849500
2010-01-21,22.427555084228516,22.958162996768195,22.420081552659315,22.87595700036778,73086700
2010-01-22,21.642852783203125,22.569550802070495,21.553173249396924,22.420083011819504,102004600
2010-01-25,21.91189956665039,22.165994016639992,21.747486097716873,21.852112721089945,63373000
2010-01-26,22.04642105102539,22.30798904349661,21.74001327926595,21.82222072915342,66639900
2010-01-27,22.1734676361084,22.28556779378811,21.68769933587575,21.934320252943454,63949500
2010-01-28,21.79232406616211,22.322933523707743,21.590542944612473,22.300512923947544,117513700
2010-01-29,21.059932708740234,22.360297424713696,20.671317572813297,22.34535035977099,193888500
2010-02-01,21.231822967529297,21.284136277500124,20.8656283723027,21.216875900271692,85931100
2010-02-02,21.269182205200195,21.299076329869724,21.030034909565245,21.201923275554396,54413700
2010-02-03,21.396230697631836,21.515805778219967,21.0150905627106,21.11971715461601,61397900
2010-02-04,20.805843353271484,21.299085212580994,20.783422750418904,21.209404226601574,77850000
2010-02-05,20.94036293029785,21.134670534359206,20.60406103376265,20.925415862578323,80960100
2010-02-08,20.71615219116211,20.98519359151169,20.604052082826524,20.932880302650428,52820600
2010-02-09,20.93288803100586,21.179508930567884,20.738580439619003,20.902993897516772,59195800
2010-02-10,20.91793441772461,21.104768417267092,20.80583430308518,20.947828541857948,48591300
2010-02-11,21.015087127685547,21.224340277292843,20.701205977844428,20.873092900859042,65993700
2010-02-12,20.873098373413086,20.970251443283967,20.611530442395345,20.783417410475657,81117200
2010-02-16,21.286052703857422,21.30106966302251,21.038278606017645,21.120869017233538,51935600
2010-02-17,21.46624755859375,21.511296994845186,21.293556859550105,21.42119812234231,45882900
2010-02-18,21.751569747924805,21.796620631150375,21.406188235772813,21.466254647977344,42856500
2010-02-19,21.601404190063477,21.714028532665925,21.541337778535755,21.616421150969458,44451800
2010-02-22,21.571367263793945,21.72904246715336,21.511300860632264,21.653959105177258,36707100
2010-02-23,21.271039962768555,21.64645542376489,21.090840713341873,21.533831071885256,52266200
2010-02-24,21.49628448486328,21.616418726541063,21.308576790879826,21.413694073335876,43165900
2010-02-25,21.47376251220703,21.51130348172133,21.038280678198678,21.22598838996256,48735300
2010-02-26,21.526323318481445,21.66147311814409,21.406190481469398,21.511306355830843,40370600
2010-03-01,21.78911590576172,21.811639919160072,21.42120888859163,21.601408156260867,43805400
2010-03-02,21.368642807006836,21.999340761887478,21.203460554860392,21.834158509741037,93123900
2010-03-03,21.368642807006836,21.481268567025257,21.286052396981628,21.40618520437832,48442100
2010-03-04,21.49628448486328,21.51130144408501,21.22598637935242,21.36864319567069,42890600
2010-03-05,21.46624755859375,21.533822429018784,21.338606295801544,21.518805472903054,56001800
2010-03-08,21.49628448486328,21.721534576901064,21.398677114114147,21.413694073335876,39414500
2010-03-09,21.623933792114258,21.856692450068778,21.436226028529596,21.443734510924575,50271600
2010-03-10,21.751569747924805,21.856687043354906,21.623928442978148,21.66897932620372,44891400
2010-03-11,21.90924644470215,21.916754925743415,21.661472298725652,21.69150479079439,35349700
2010-03-12,21.976818084716797,22.059408499737067,21.804127342651736,22.014359052262726,31700200
2010-03-15,21.99183464050293,22.051901046730446,21.781601502658578,21.90924279490406,37512000
2010-03-16,22.05190086364746,22.141999756192657,21.924259572461704,22.089441830191948,36723500
2010-03-17,22.247121810913086,22.42732251043738,22.07443102530682,22.149514411425862,50385700
2010-03-18,22.232105255126953,22.314695687166108,22.149513390991387,22.24712078598181,43845200
2010-03-19,22.217086791992188,22.44984397363454,22.03688754503395,22.344728104266313,81332100
2010-03-22,22.224592208862305,22.29967557610059,22.06691699445229,22.149508841624016,37718200
2010-03-23,22.43482780456543,22.449844767033408,22.081937779146113,22.217087577165195,42026600
2010-03-24,22.26213264465332,22.412299375542833,22.224591677978985,22.314690570835825,33987700
2010-03-25,22.532438278198242,22.95290323341097,22.374763024933177,22.39728847028432,73168700
2010-03-26,22.26964569091797,22.67509508820158,22.217087753958175,22.592503226066835,55595500
2010-03-29,22.217086791992188,22.389777557981795,22.187052868117657,22.30718569942315,33336000
2010-03-30,22.352235794067383,22.419810688296916,22.14951111137878,22.247118496323516,34954800
2010-03-31,21.99183464050293,22.314690678915778,21.90173431511361,22.25462427268826,63760000
2010-04-01,21.894229888916016,22.179546445393534,21.488781929837902,22.036888167154775,74768100
2010-04-05,21.976818084716797,22.09695089937911,21.796618862723324,21.871700797815187,34331200
2010-04-06,22.014368057250977,22.209584318954573,21.759085363646015,21.886726710448496,47366800
2010-04-07,22.036893844604492,22.194567693730225,21.879218563382036,21.89423552961212,58318800
2010-04-08,22.4648494720459,22.50989890277323,21.999333914211526,22.01435086848583,63713800
2010-04-09,22.78020477294922,22.83276269562951,22.449838846263994,22.487381242532763,54752500
2010-04-12,22.76519012451172,22.892831420585804,22.68259827643551,22.71263219649818,37068800
2010-04-13,22.862810134887695,22.90035112126415,22.62254295294916,22.637559920338475,41374600
2010-04-14,23.14060401916504,23.275753786415073,23.02047121096413,23.11808001268739,68941200
2010-04-15,23.17815399169922,23.238220415430135,23.058019712140883,23.140611581807082,52745400
2010-04-16,23.027990341186523,23.260747585716558,22.975432392302,23.11809070505763,88703100
2010-04-19,23.3057918548584,23.46346565666497,23.095558687020016,23.103067167881704,64970300
2010-04-20,23.546052932739258,23.60611933584947,23.373360770713386,23.440935653224376,52199500
2010-04-21,23.52353286743164,23.65117418220677,23.448449488370446,23.52353286743164,55343100
2010-04-22,23.56858253479004,23.673699839263172,23.200675549374964,23.305792853848093,84847600
2010-04-23,23.245725631713867,23.71124145298145,23.012968437128272,23.36585990179614,126766600
2010-04-26,23.358348846435547,23.485990151742154,23.17064112875502,23.27575699238532,63649300
2010-04-27,23.163127899169922,23.46345989946387,23.08804454107245,23.238211257267395,68730900
2010-04-28,23.208181381225586,23.275756272067024,22.990441180144654,23.21568986155199,64557900
2010-04-29,23.275768280029297,23.59862594014586,23.02799402981609,23.22321032272603,52665200
2010-04-30,22.93037986755371,23.335827870646096,22.915362903562308,23.328319388650392,63214800
2010-05-03,23.17064666748047,23.320812018262764,22.960413457869358,23.027988366955196,43989500
2010-05-04,22.622535705566406,22.93788475923225,22.33722057705749,22.91536074746093,82085600
2010-05-05,22.41229248046875,22.592491642840788,22.292159705554056,22.352226093011403,66833800
2010-05-06,21.75908088684082,22.434828464724145,20.95569198841648,22.217088230916772,128613000
2010-05-07,21.180940628051758,21.736556796961565,20.512701534009327,21.72153983410532,173718100
2010-05-10,21.729047775268555,22.134495737631386,21.556355570908327,21.781605711862223,86653300
2010-05-11,21.68400001525879,22.26214026536583,21.451242791589728,21.533834665061182,63789400
2010-05-12,22.104469299316406,22.20958520129565,21.714036760398127,21.759086228089696,47146800
2010-05-13,21.95429229736328,22.32219921545413,21.90924285060214,21.96930925698236,45188800
2010-05-14,21.721529006958008,21.931760653769356,21.50378745036547,21.924253608179537,63334000
2010-05-17,21.729047775268555,21.946788002884656,21.361140787016527,21.86419757342162,46053300
2010-05-18,21.570655822753906,21.872343025042888,21.41981150233039,21.77429522375824,52690600
2010-05-19,21.299142837524414,21.63854193825121,20.959745175356094,21.510324660038695,61746700
2010-05-20,20.446876525878906,20.997456023038893,20.394081428693497,20.854154017422424,87991100
2010-05-21,20.24323272705078,20.446872148505598,19.94154549446486,20.0848460308443,117596300
2010-05-24,19.813331604003906,20.258320887062027,19.805789242089208,20.25077852514733,73711700
2010-05-25,19.662479400634766,19.85857641653018,19.142068144549157,19.345707519351073,98373600
2010-05-26,18.86301040649414,20.069760649191256,18.52361140623125,19.78315672928969,176684100
2010-05-27,19.609689712524414,19.881208953498014,19.406050281794215,19.406050281794215,136433600
2010-05-28,19.458843231201172,19.7001944402923,19.3532530662325,19.489012671796853,67496900
2010-06-01,19.526721954345703,19.843493870295415,19.247661837055496,19.255204196787396,76152400
2010-06-02,19.956626892089844,19.9717116119338,19.406047564808016,19.654939688001036,65718800
2010-06-03,20.258312225341797,20.311107297612985,19.918913277087263,20.02450342162964,67837000
2010-06-04,19.451305389404297,20.039595188585015,19.32308812368777,19.685112836807956,89832200
2010-06-07,19.074195861816406,19.481473302477287,19.036484055282223,19.47393094117045,80456200
2010-06-08,18.938434600830078,19.05156713355148,18.59149320345181,19.04402477289563,87355000
2010-06-09,18.69709014892578,19.247669686876428,18.666920697694103,19.021403118314666,87794000
2010-06-10,18.855470657348633,18.968603193581075,18.689543033444934,18.953518471801218,78930900
2010-06-11,19.353252410888672,19.39850513169173,18.68199820450409,18.88563760595494,68057700
2010-06-14,19.232574462890625,19.57951433132129,19.209947386818172,19.504093621528764,50972400
2010-06-15,20.04714012145996,20.099935219075782,19.413596072953087,19.421138435263707,81641500
2010-06-16,19.851036071777344,20.047133107569433,19.78315627328939,19.96416858973793,48698000
2010-06-17,19.888744354248047,20.115009350170595,19.639852283310145,20.032044847005373,47995500
2010-06-18,19.94154930114746,20.009429121256783,19.737909840819494,19.888754205186537,52075600
2010-06-21,19.57198143005371,20.280946174767664,19.52672725936765,20.197983072293386,54625300
2010-06-22,19.43622589111328,19.949095091836973,19.42868352774279,19.73037086976887,55985400
2010-06-23,19.089282989501953,19.443766849507014,19.021403162631138,19.443766849507014,61466200
2010-06-24,18.855470657348633,19.398507694399306,18.802675569677376,19.20241062693589,85243400
2010-06-25,18.500993728637695,18.938440718067987,18.33506461772915,18.893186539515472,156256700
2010-06-28,18.33506202697754,18.56132857209255,18.191761464152343,18.485906390387544,73784800
2010-06-29,17.580839157104492,18.252094841815307,17.429996265971674,18.19929831943277,119882100
2010-06-30,17.354572296142578,17.859898877924596,17.30931957736511,17.57329496903199,81050500
2010-07-01,17.46771240234375,17.58838733055736,17.1433979933102,17.414917301070126,92239400
2010-07-02,17.550670623779297,17.709055870464805,17.38474157842332,17.618550426232545,62485100
2010-07-06,17.96548843383789,18.16912781936392,17.78447612622296,17.8749829993094,73592000
2010-07-07,18.327526092529297,18.3426108218723,17.807115877226426,17.96550121965105,79965300
2010-07-08,18.41048240661621,18.56886911654926,18.07862570273228,18.553784393973096,50758100
2010-07-09,18.30489730834961,18.410487518584915,18.214390386320257,18.350150050084924,53806100
2010-07-12,18.727256774902344,18.772509509840425,18.418027115468202,18.425569477717634,49854200
2010-07-13,18.953519821166992,19.08173708830752,18.780049824023443,18.96106218259389,61928700
2010-07-14,19.18733024597168,19.315547523378005,18.94598041522059,19.232582979597893,72808100
2010-07-15,19.240123748779297,19.300461201471858,18.84038722559211,19.23258138737293,56934700
2010-07-16,18.772512435913086,19.338176745763988,18.764970072488026,19.24012889835567,65064800
2010-07-19,19.028945922851562,19.08174102517395,18.78759606162999,18.82530643798637,38181800
2010-07-20,19.217493057250977,19.217493057250977,18.62920336356575,18.74987824629903,45530700
2010-07-21,18.94597053527832,19.34570544454668,18.840378960469753,19.307995092616437,73297300
2010-07-22,19.489017486572266,19.602150039639334,19.20995584635227,19.240125294401334,73016400
2010-07-23,19.466392517089844,19.62477925945168,19.044030268389307,19.489019605586854,108520100
2010-07-26,19.68511199951172,19.76053417117663,19.458845484516985,19.504099650650893,67249900
2010-07-27,19.730358123779297,19.79069555320599,19.579513830933674,19.715273406783176,60672100
2010-07-28,19.57198143005371,19.752993797122706,19.481474527240007,19.662486894309,69704800
2010-07-29,19.632312774658203,19.91891524033178,19.307998511818386,19.707733491874745,69446200
2010-07-30,19.466392517089844,19.489019605586854,19.119452458154058,19.421139778654442,83534800
2010-08-02,19.858585357666016,19.896295730619382,19.421138414037795,19.60215079361928,55044600
2010-08-03,19.730358123779297,19.87366005812686,19.587056189431735,19.76052755777154,56877700
2010-08-04,19.406049728393555,19.790701495950984,19.187327020502995,19.722821687643307,78531900
2010-08-05,19.134538650512695,19.29292396645641,19.01386227450388,19.225044134320896,64922100
2010-08-06,19.270280838012695,19.277823195145835,18.87054597985895,18.99122081687414,55982100
2010-08-09,19.315547943115234,19.406053412334394,19.134535566118423,19.27029376994716,57096500
2010-08-10,18.908267974853516,19.111907427221862,18.76496597816189,19.10436506544247,87257700
2010-08-11,18.749876022338867,18.780044020164866,18.523609565133324,18.614116435727123,76746900
2010-08-12,18.470821380615234,18.6141233797822,18.372773552906327,18.418026285805944,70240500
2010-08-13,18.40294075012207,18.60658019702424,18.28226584200783,18.36523038079576,45263500
2010-08-16,18.478368759155273,18.56133332412704,18.32752435712639,18.372778540870353,40909700
2010-08-17,18.736164093017578,18.925724643272627,18.65275843434327,18.736164093017578,52912600
2010-08-18,18.819564819335938,18.91813708194913,18.50868573798369,18.71341140996641,46818900
2010-08-19,18.53144073486328,18.758912828177866,18.35704392067431,18.66792456934495,54064600
2010-08-20,18.372207641601562,18.501108869821405,18.34946130183065,18.4328669580443,49560100
2010-08-23,18.410118103027344,18.683084266610113,18.37978772583371,18.531436719337904,51643000
2010-08-24,18.228147506713867,18.46320223953422,18.19781711732669,18.266059047215272,66522500
2010-08-25,18.273632049560547,18.36462027748143,18.09923674085235,18.197807562138607,47404800
2010-08-26,18.061330795288086,18.3418810739424,18.03858445258123,18.266056557044013,49105300
2010-08-27,18.144737243652344,18.21297916173718,17.826275441333884,18.10682426347615,60939400
2010-08-30,17.92483901977539,18.061322800532135,17.894510094180408,18.00066350311044,45453100
2010-08-31,17.795936584472656,17.99307964883128,17.68220059055889,17.894508839767784,66074600
2010-09-01,18.121990203857422,18.15990318559916,17.84902396647881,17.94759482654257,65235900
2010-09-02,18.152313232421875,18.159895825697124,17.977916479554732,18.106817672770383,48837100
2010-09-03,18.417699813842773,18.539018424333772,18.349457914662597,18.379786844169388,64189100
2010-09-07,18.16748046875,18.425282904790805,18.13715153604453,18.273635348799317,51928700
2010-09-08,18.144737243652344,18.34946299790685,18.000670811447435,18.250890695681058,65512400
2010-09-09,18.20539665222168,18.357044234950205,18.19023146007913,18.34188048903998,46028900
2010-09-10,18.08407974243164,18.22056359234344,18.038585607871862,18.182650608349906,58284300
2010-09-13,19.039461135864258,19.175944956315664,18.266053784127706,18.349460884677377,114680400
2010-09-14,18.978797912597656,19.22143512288755,18.87264304842194,18.9863805061982,87160400
2010-09-15,19.047040939331055,19.122863987373325,18.895391950782635,19.031875751229823,56201900
2010-09-16,19.206275939941406,19.236606323825438,18.99396759145011,19.001550187421117,44548300
2010-09-17,19.12286949157715,19.357925636107442,19.01671603677789,19.259353331308972,70341600
2010-09-20,19.282100677490234,19.350342595790014,19.039463388527604,19.16836462906804,49838700
2010-09-21,19.06978988647461,19.27451561517846,19.016713167084454,19.27451561517846,52675700
2010-09-22,18.660341262817383,18.93330747515387,18.470780710196262,18.872648156164402,94299400
2010-09-23,18.52385711669922,18.64517575260311,18.470780394270292,18.584516434651164,46201800
2010-09-24,18.78923988342285,18.80440362638721,18.63759088392294,18.683085005280095,51948800
2010-09-27,18.751325607299805,18.948468714456325,18.645172182766274,18.84231528992279,43603300
2010-09-28,18.713417053222656,18.880229810569414,18.463197194086433,18.804405304054644,56041200
2010-09-29,18.576932907104492,18.698251536921703,18.501108401910695,18.67550375149392,44318900
2010-09-30,18.569353103637695,18.82715559231477,18.470782244429337,18.66034281279587,61262700
2010-10-01,18.48594856262207,18.81957561430814,18.42528923015484,18.781664073853328,62672300
2010-10-04,18.12957000732422,18.19022932253398,18.030999162445415,18.16748153699326,98143400
2010-10-05,18.46319580078125,18.539020301574006,18.129568865032358,18.24330489310546,78152900
2010-10-06,18.52385711669922,18.607264221220227,18.296383589705258,18.44045001217821,50489700
2010-10-07,18.59967803955078,18.766490770197933,18.410117526720498,18.667919939868238,50096100
2010-10-08,18.630016326904297,18.690675663628216,18.478368708210837,18.667929316252163,41327800
2010-10-11,18.645174026489258,18.758910056340792,18.57693211933192,18.758910056340792,27587800
2010-10-12,18.82715606689453,18.902980585398943,18.523859439109295,18.690672222833076,50141500
2010-10-13,19.213855743408203,19.365504748323374,18.872646205465117,18.971218492529605,75336500
2010-10-14,19.130447387695312,19.21385447953541,18.956052055876924,19.175942953916454,51949100
2010-10-15,19.365507125854492,19.373088275422116,19.13045099475459,19.229023293920942,68954800
2010-10-18,19.577816009521484,19.676388318688147,19.297267167624657,19.40342062712806,48330500
2010-10-19,19.031877517700195,19.236603237372886,18.91814148884828,19.160778736060916,66150900
2010-10-20,19.191102981567383,19.25934487145739,19.031872869311844,19.15319146328703,56283600
2010-10-21,19.274518966674805,19.365508677330947,18.993968684531396,19.259353773860052,50032400
2010-10-22,19.244184494018555,19.365504564538583,19.160778843715644,19.350339374944568,25837900
2010-10-25,19.100126266479492,19.22144493354569,19.084961071538068,19.13803780760046,50912400
2010-10-26,19.63847541809082,19.69155214806481,19.001551765938043,19.047047345543543,69304200
2010-10-27,19.752201080322266,19.79769663598637,19.426158275452813,19.555059457371122,64805500
2010-10-28,19.926605224609375,20.00242828643627,19.65363757408951,19.873527056605468,80730300
2010-10-29,20.222318649291992,20.624187518396937,20.078252232634423,20.58627454231223,114193200
2010-11-01,20.434633255004883,20.639357603833155,20.24507265503724,20.381555072178553,61912100
2010-11-02,20.768253326416016,20.79100111298427,20.48770452323531,20.518033459094095,54402100
2010-11-03,20.495285034179688,20.844075715357388,20.442206870919016,20.821327931102815,110255300
2010-11-04,20.578699111938477,20.7985901110923,20.480128232263336,20.78342491537838,93599300
2010-11-05,20.358797073364258,20.616599457465036,20.116159875676882,20.60143427105163,110953700
2010-11-08,20.328474044799805,21.89045410012937,20.15407867673549,20.22990318996459,71670800
2010-11-09,20.434633255004883,20.555951923285566,20.25265380635125,20.32847833558483,58538600
2010-11-10,20.427045822143555,20.53319927020327,20.32847352360331,20.480122546173412,52277300
2010-11-11,20.22989845275879,20.260227383208967,19.92660191709721,20.22989845275879,62073100
2010-11-12,19.919021606445312,20.108582143744034,19.790120383232896,20.070669168545013,64962200
2010-11-15,19.86594009399414,20.09341210537358,19.843192314363485,19.964510913263425,51794600
2010-11-16,19.690475463867188,19.865943809214603,19.56841141369749,19.865943809214603,65339200
2010-11-17,19.507383346557617,19.76676986957594,19.492124973410995,19.75914068300263,58299700
2010-11-18,19.713363647460938,19.8964597285531,19.5378967516374,19.614185694087077,59514000
2010-11-19,19.59893226623535,19.70573796876527,19.53027104171796,19.68285040888662,52423200
2010-11-22,19.62944984436035,19.637079031875334,19.408209226900805,19.568417799359228,53350500
2010-11-23,19.164073944091797,19.530266078376293,19.14118639002969,19.507378524314188,69742500
2010-11-24,19.35480308532715,19.423462851074458,19.19459308493413,19.225109829816034,56825900
2010-11-26,19.26325798034668,19.385322072921554,19.202225934059243,19.23274122964358,21356500
2010-11-29,19.309022903442383,19.392942474737872,19.01912117869503,19.21747560304558,56603600
2010-11-30,19.270885467529297,19.431094029227225,19.072530970818548,19.11067545071273,75282100
2010-12-01,19.865938186645508,20.02614666148079,19.499744684660296,19.507373867526432,74123500
2010-12-02,20.5144100189209,20.583071234014277,19.988009310029494,20.018524597227458,91759200
2010-12-03,20.61358642578125,20.644101710683863,20.43049035101081,20.45337645090821,52622000
2010-12-06,20.47626304626465,20.583068721095522,20.41523102420155,20.544924252975406,36264200
2010-12-07,20.49915313720703,20.69750614212186,20.48389476602332,20.65936166928094,57860500
2010-12-08,20.7737979888916,20.78142717501449,20.445750261199652,20.468637819568322,41666800
2010-12-09,20.65936851501465,20.857723040775035,20.605965653294323,20.81194936717459,47148300
2010-12-10,20.857717514038086,20.903491175509732,20.682250599131383,20.743282632799733,37625800
2010-12-13,20.7890625,20.941643357276917,20.728030448113014,20.804320876751472,47943900
2010-12-14,21.071327209472656,21.170503703688357,20.796682371462644,20.834826841133705,64070500
2010-12-15,21.246797561645508,21.35360325822975,21.002669423670966,21.002669423670966,69634200
2010-12-16,21.35359764099121,21.35359764099121,21.10184038304196,21.178130769869814,57680200
2010-12-17,21.28493309020996,21.42988465687,21.170498255527978,21.30019145619899,87456500
2010-12-20,21.21628189086914,21.353604339211103,21.117105375465812,21.323089047978755,52811000
2010-12-21,21.41463279724121,21.468035639310212,21.17813387302779,21.246795085721736,38153000
2010-12-22,21.506187438964844,21.666396008922963,21.345977413888015,21.368864976075766,42252300
2010-12-23,21.59010124206543,21.605359613784387,21.33071474331679,21.338343929176272,24902500
2010-12-27,21.41463279724121,21.51381075118505,21.269681186540843,21.45277872380358,21652800
2010-12-28,21.368864059448242,21.490928142309492,21.330718124104948,21.338347311173607,23042200
2010-12-29,21.338346481323242,21.452782827784038,21.2696852554942,21.315460376125955,19502500
2010-12-30,21.246797561645508,21.361232444431263,21.193394713353385,21.300200409937627,20786100
2010-12-31,21.29256820678711,21.30019739190764,21.078955388766992,21.208648625579514,24752000
2011-01-03,21.345972061157227,21.49855286057687,21.30019840337867,21.399374904418597,53443800
2011-01-04,21.42989158630371,21.490923614876888,21.246795500584177,21.315456714618794,54405600
2011-01-05,21.361238479614258,21.368867667971244,21.185771512760248,21.284948051163287,58998700
2011-01-06,21.9868106842041,22.009698242311515,21.254426286188295,21.39174872459587,88026300
2011-01-07,21.818973541259766,21.92577923838524,21.551957843327582,21.849488831101976,73762000
2011-01-10,21.529067993164062,21.66639042063435,21.391747020812108,21.55958473487672,57573600
2011-01-11,21.44515037536621,21.551956063672193,21.399375261705043,21.513811590739593,50298900
2011-01-12,21.78083038330078,21.811347132147024,21.41463812785791,21.45278406391571,52631100
2011-01-13,21.506187438964844,21.658766821527045,21.368864976075766,21.612993152270256,67077600
2011-01-14,21.59010124206543,21.65113327382285,21.292570269137812,21.42226351851213,62688400
2011-01-18,21.864749908447266,21.92578195080039,21.46804090559263,21.48329927996058,53322700
2011-01-19,21.719799041748047,21.880009068124362,21.56721965794825,21.71216985429025,50005900
2011-01-20,21.628238677978516,21.780817969895146,21.460399565217024,21.74267351069545,58613600
2011-01-21,21.37649154663086,21.68928091597923,21.37649154663086,21.6663933565933,58080300
2011-01-24,21.65113639831543,21.78845885336634,21.353605382450873,21.376492943332234,52047800
2011-01-25,21.70454216003418,21.70454216003418,21.452784793959996,21.46804171378364,42436600
2011-01-26,21.9562931060791,22.11650163077276,21.742680284702594,21.750309469943,74628800
2011-01-27,22.024953842163086,22.4750641206738,21.73505062976564,21.933405076374875,146938600
2011-01-28,21.170503616333008,22.070727065990592,20.94163388901454,22.04783951121145,141249400
2011-01-31,21.15524673461914,21.284939977254243,20.91874780573808,21.185763476471326,65029000
2011-02-01,21.35359764099121,21.40700047523528,21.063695917187083,21.208646051530096,62810700
2011-02-02,21.315460205078125,21.44515346892351,21.269685084813695,21.307831018367384,45824000
2011-02-03,21.094215393066406,21.338343515361707,21.010297260476392,21.338343515361707,60340100
2011-02-04,21.185760498046875,21.23916333366216,20.987406069248586,21.132357662431595,40412200
2011-02-07,21.51380729675293,21.62061296374134,21.20101802475708,21.20864575372647,68980900
2011-02-08,21.57484245300293,21.620616109068735,21.399374103700477,21.437520029687224,34904200
2011-02-09,21.338346481323242,21.559588532354283,21.292572815810075,21.506185680069162,52905100
2011-02-10,20.979772567749023,21.315449336266003,20.81956409387005,21.30782015344541,76672400
2011-02-11,20.7890625,21.21628686320891,20.651740019474556,21.17814237644913,83939700
2011-02-14,20.7737979888916,20.804314733383162,20.560186597924538,20.75853961664582,56766200
2011-02-15,20.68937873840332,20.97332116260154,20.68170592430935,20.750772960905707,44116500
2011-02-16,20.73542594909668,20.773795877298603,20.41311357555615,20.75844732053026,70817900
2011-02-17,20.881235122680664,21.004022126488657,20.651012600943762,20.697056812547324,57207300
2011-02-18,20.766128540039062,20.88123982683997,20.71241003711327,20.81984704296486,68667800
2011-02-22,20.405437469482422,20.7968168497062,20.35171898932365,20.551245818283938,60889000
2011-02-23,20.405437469482422,20.612638576139503,20.282651953771293,20.359393267020447,60234100
2011-02-24,20.543581008911133,20.766129309813216,20.336379806757158,20.443816816591305,64494200
2011-02-25,20.374746322631836,20.68171166548096,20.33637638663531,20.651014545708357,53006300
2011-02-28,20.397764205932617,20.61263960096979,20.344045723103044,20.482179801075592,51379900
2011-03-01,20.07545280456543,20.55124782212742,20.067778526120357,20.41311373755397,60055000
2011-03-02,20.014060974121094,20.23661066825048,19.983365322628188,20.037083810530035,48658200
2011-03-03,20.10614776611328,20.259628927428768,20.090799210866095,20.152191968136048,68271500
2011-03-04,19.9143009185791,20.136849178508562,19.799188184984708,20.121500618866747,70437200
2011-03-07,19.737794876098633,20.159871472513288,19.607335050111438,20.05243302164672,64980400
2011-03-08,19.883602142333984,19.96801774961014,19.68407527477522,19.77616516123276,50549800
2011-03-09,19.868257522583008,19.937324585187994,19.69175345757887,19.806864740680727,39789100
2011-03-10,19.499893188476562,19.730115664448004,19.453848986026035,19.661050092631616,66549500
2011-03-11,19.70709800720215,19.83755782515166,19.46152692958403,19.499896861567205,49905800
2011-03-14,19.714773178100586,19.76849167079451,19.45385353039939,19.561290515787242,54473400
2011-03-15,19.48455047607422,19.545943252324864,19.185260874817228,19.246653651067874,76067300
2011-03-16,19.024097442626953,19.400128223117086,18.93968186163495,19.35408256236583,100725400
2011-03-17,19.016422271728516,19.354081652383332,18.993399442435365,19.231296156923662,62497000
2011-03-18,19.031768798828125,19.323385439721783,19.031768798828125,19.231295588987333,85486700
2011-03-21,19.438505172729492,19.630357770748425,19.300371067960796,19.323393906661966,46878100
2011-03-22,19.415481567382812,19.538267108169048,19.36176307625372,19.415481567382812,30895600
2011-03-23,19.599660873413086,19.65337936325711,19.32339268139346,19.3617626130766,43969000
2011-03-24,19.80685806274414,19.852903731435962,19.56896129604527,19.64570261347942,38696700
2011-03-25,19.661046981811523,19.91429225079853,19.638024152369585,19.898943697837236,57029800
2011-03-28,19.499893188476562,19.737789942142893,19.476870355391895,19.691745739692365,48973200
2011-03-29,19.561290740966797,19.58431357969457,19.41548235646256,19.44617947476626,40763500
2011-03-30,19.653383255004883,19.737797414167233,19.568967632123176,19.645708974404787,41999300
2011-03-31,19.48455047607422,19.707100204807336,19.446180539812282,19.64570742855669,63233700
2011-04-01,19.553617477416992,19.591988877290433,19.42315764528578,19.591988877290433,63114200
2011-04-04,19.607330322265625,19.691745913937556,19.49989336102412,19.530590472075303,35433700
2011-04-05,19.783842086791992,20.090805976512886,19.753144965960264,19.81453774390444,73651100
2011-04-06,20.067779541015625,20.1905650749086,19.84523130972924,19.93731972828946,65581400
2011-04-07,20.10614776611328,20.152191968136048,19.929642308208223,20.098473488489688,46134700
2011-04-08,20.006393432617188,20.167550414312537,19.921977801075837,20.083134782771186,39887600
2011-04-11,19.93731689453125,20.144518002420085,19.79918282260536,20.098473799684392,34286300
2011-04-12,19.67639923095703,19.83755615187493,19.60733218823778,19.822207594888663,36920400
2011-04-13,19.66872215270996,19.85290188289011,19.615003674623562,19.68407070751143,38144700
2011-04-14,19.5075740814209,19.522922642015555,19.25432868648628,19.5075740814209,55239900
2011-04-15,19.469202041625977,19.615008960374997,19.323393659157812,19.538267629406537,65080400
2011-04-18,19.24665069580078,19.400133344720203,18.970382513233428,19.261999253436525,58045100
2011-04-19,19.30036735534668,19.31571591152835,19.085493423678837,19.185256111421925,38892400
2011-04-20,19.76849365234375,19.952671987349895,19.57664103708077,19.599663877851274,61608600
2011-04-21,19.584306716918945,19.868247643133124,19.46152121416925,19.791507801703553,46892300
2011-04-25,19.653383255004883,19.661057535604982,19.446182069960344,19.6150118520044,33525100
2011-04-26,20.098482131958008,20.29033476389879,19.699428306228516,19.753146808976826,69200000
2011-04-27,20.24428367614746,20.25195795502353,20.05243109540273,20.182890908857907,52689000
2011-04-28,20.497533798217773,20.620320825113968,20.2596369525276,20.30568117278907,80200000
2011-04-29,19.891271591186523,20.44380638459883,19.461522307421397,20.37473935245745,319317900
2011-05-02,19.69175148010254,19.952671142915122,19.553617368764204,19.906626927042087,89825600
2011-05-03,19.80685806274414,19.837555175205352,19.561287017929967,19.64570261347942,71892900
2011-05-04,19.99871826171875,20.144526674154072,19.79151852835423,19.837562750910852,73292300
2011-05-05,19.79151725769043,20.01406553885883,19.70710163532344,19.991042697198917,55600000
2011-05-06,19.8529052734375,20.12149770974063,19.760815392619996,20.006386456508004,55993000
2011-05-09,19.82221221923828,19.921974935484883,19.699426662141246,19.79918937838785,38696400
2011-05-10,19.699426651000977,19.837560768586847,19.37711419787371,19.476876914063897,120798700
2011-05-11,19.461524963378906,19.691747459456657,19.346412251621096,19.68407318109154,78600000
2011-05-12,19.430828094482422,19.484546579995424,19.26199835948171,19.453850929867546,77400000
2011-05-13,19.208280563354492,19.43082879185547,19.146887797176394,19.400133140625922,66812300
2011-05-16,18.85527992248535,19.238985257379134,18.801561409795372,19.1545696153122,91350900
2011-05-17,18.940235137939453,19.07927461760026,18.747125076924522,18.847541660394636,82882100
2011-05-18,19.071557998657227,19.11017943765531,18.73168373688292,18.9479676258872,53931100
2011-05-19,19.09473419189453,19.21832459003129,18.924797762784927,19.19515231120175,37783600
2011-05-20,18.91706657409668,19.210594772175366,18.87844514065576,19.094727525226112,45451500
2011-05-23,18.669885635375977,18.73168081211227,18.561744444415766,18.70078248708751,52692500
2011-05-24,18.654436111450195,18.762578773628462,18.569468665904726,18.69305901698286,47691800
2011-05-25,18.685335159301758,18.778027189542442,18.662161415084956,18.669885996490557,34904200
2011-05-26,19.05610466003418,19.33418367451816,18.78575022632066,18.808923968632037,78016600
2011-05-27,19.12562370300293,19.233764883144875,19.040654790998214,19.06382853244852,50251000
2011-05-31,19.318729400634766,19.357350820953485,19.07927335337067,19.2801065070033,60196300
2011-06-01,18.870716094970703,19.38825113653487,18.82437009114324,19.303282235090442,74033500
2011-06-02,18.70850372314453,19.040653291204126,18.67760687695755,18.91706295983027,51487800
2011-06-03,18.469051361083984,18.646712314061713,18.41498076437887,18.577192554494207,60697700
2011-06-06,18.54629898071289,18.73168454789443,18.360913413531353,18.45360546046536,54778700
2011-06-07,18.58491325378418,18.6698821584652,18.46132292332794,18.60808699323708,41112600
2011-06-08,18.49222183227539,18.554016999474026,18.43042666507676,18.461323512019575,42205000
2011-06-09,18.50766944885254,18.56946608912965,18.399528274993585,18.546292349025734,42878700
2011-06-10,18.314563751220703,18.554021369665843,18.299116060767265,18.554021369665843,49327200
2011-06-13,18.569469451904297,18.685335226780207,18.30683957641849,18.37635933600669,47572500
2011-06-14,18.70850372314453,18.88616611364329,18.685331456832536,18.77029888883146,42894500
2011-06-15,18.337736129760742,18.546295405123853,18.283665533921397,18.538570823816343,49410200
2011-06-16,18.53856658935547,18.615810911473698,18.26821219859812,18.34545652071635,57184100
2011-06-17,18.739404678344727,18.770301528877354,18.52312083136364,18.708506354498926,83320400
2011-06-20,18.901615142822266,19.048379224246975,18.662159042938946,18.669883623362676,54338400
2011-06-21,19.12562370300293,19.20286803452421,18.84754469885155,18.940238191339706,49708700
2011-06-22,19.040658950805664,19.164249318915232,18.994312931092924,19.00203751326395,44287300
2011-06-23,19.025209426879883,19.040658590929937,18.693061239684017,18.878446788344515,59470400
2011-06-24,18.770299911499023,18.95568689197326,18.685332474870798,18.932513151085722,101387200
2011-06-27,19.465499877929688,19.666333097883772,18.71623170048754,18.71623170048754,92044200
2011-06-28,19.92896270751953,20.02165620832081,19.43460129874795,19.54274248858843,81032100
2011-06-29,19.789926528930664,19.85944481943322,19.589091819386187,19.85944481943322,66051000
2011-06-30,20.083452224731445,20.083452224731445,19.820822347004512,19.882617525686538,52535400
2011-07-01,20.098901748657227,20.214767526602532,19.959862225797536,20.02938198722738,52906200
2011-07-05,20.106626510620117,20.19931854448234,20.00620842173717,20.160697109258635,37805300
2011-07-06,20.338361740112305,20.369260072519754,20.052558058597715,20.06028264169958,48744200
2011-07-07,20.678234100341797,20.763201559905994,20.361533589287706,20.461950213613918,51946500
2011-07-08,20.794099807739258,20.840445828529788,20.47739929792934,20.500573044981326,58320700
2011-07-11,20.570093154907227,20.701408119830685,20.461951939080933,20.562370045188405,43999800
2011-07-12,20.500572204589844,20.693682335499783,20.346083510536538,20.50829531331047,47319300
2011-07-13,20.570093154907227,20.824998501721755,20.477401105145706,20.54692087912363,40861800
2011-07-14,20.446496963500977,20.86361548885157,20.361529520913862,20.562364202751574,46382300
2011-07-15,20.685958862304688,20.801824652398786,20.44650122635497,20.44650122635497,49132400
2011-07-18,20.53919219970703,20.7786483326991,20.28428690373141,20.570089052360878,44501900
2011-07-19,21.273006439208984,21.35024929008666,20.68595163799842,20.709123903936547,86730600
2011-07-20,20.902236938476562,21.12624536302797,20.840441765033614,21.07217477042953,49795400
2011-07-21,20.933134078979492,21.09534584760865,20.58553532718406,20.886788069844457,81737400
2011-07-22,21.265281677246094,21.2807293633015,20.608707137221163,20.747746624910317,76380600
2011-07-25,21.558805465698242,21.69784493485864,21.00264906236938,21.056719639640036,108482400
2011-07-26,21.69013214111328,21.74420274776215,21.45840054881427,21.489297406907824,74636500
2011-07-27,21.110794067382812,21.62060456508192,21.010377473180927,21.535635657694403,71488700
2011-07-28,21.41204833984375,21.68240278690837,21.018103540974714,21.07990019019013,83761400
2011-07-29,21.164871215820312,21.404327378776113,21.056730008029977,21.257564732007356,104394800
2011-08-01,21.064453125,21.388878199113687,20.662783704990037,21.249838671163058,61838400
2011-08-02,20.7014102935791,21.203497930210972,20.670513431518795,20.840449856134775,63883100
2011-08-03,20.794099807739258,20.85589499323111,20.45422555087736,20.724580039896747,64581200
2011-08-04,20.037107467651367,20.755477385774142,20.029382885666745,20.492847491550474,92949500
2011-08-05,19.836273193359375,20.160698277299865,19.48867436295406,20.06028018259904,112071700
2011-08-08,18.909339904785156,19.77447376747861,18.83982015361724,19.326458411792647,134257200
2011-08-09,19.759035110473633,19.78993344889088,18.561752489768704,19.087010983037136,126268900
2011-08-10,18.69306182861328,19.380533444052418,18.615817479242796,19.27239223892179,127819900
2011-08-11,19.457773208618164,19.604535817195877,18.847544613023302,18.924788944192827,90690100
2011-08-12,19.38825798034668,19.573643534408202,19.040659145660445,19.411430253783486,64787100
2011-08-15,19.704954147338867,19.759024737870547,19.42687514081812,19.496394892448308,56529400
2011-08-16,19.7049560546875,19.89151167093417,19.471760422419976,19.603904169254566,54251500
2011-08-17,19.627227783203125,19.977020554562642,19.378486915841922,19.627227783203125,50923700
2011-08-18,19.176387786865234,19.502860600347915,18.678905969220295,19.09865588220502,105714200
2011-08-19,18.69445037841797,19.137521771577045,18.585626606034708,18.974284630389448,77397900
2011-08-22,18.64003562927246,19.036466931139284,18.4923466701826,18.98205505330486,54721000
2011-08-23,19.215255737304688,19.23857575681119,18.6789086321719,18.6789086321719,59670600
2011-08-24,19.355167388916016,19.378487401795617,18.982056078517708,19.160838396090327,45329700
2011-08-25,19.09865379333496,19.557270349796077,19.044241910807813,19.49508512939182,48192000
2011-08-26,19.627227783203125,19.697186337475028,18.982055602505305,19.052014156777208,71957000
2011-08-29,20.085838317871094,20.101384988093706,19.720500463312167,19.844870859868912,38863200
2011-08-30,20.388999938964844,20.544463744322492,19.977023375208713,20.00034190818345,57341400
2011-08-31,20.67659568786621,20.76209939747389,20.412308259743845,20.4356282619706,59300800
2011-09-01,20.373449325561523,20.87870585404713,20.373449325561523,20.567778303406005,60510800
2011-09-02,20.054750442504883,20.21021422187197,19.945926686515413,20.03920525065816,43894400
2011-09-06,19.829326629638672,19.891511835568917,19.518400599987466,19.588359141985517,54929300
2011-09-07,20.210216522216797,20.210216522216797,19.875970396362113,19.969248971121907,41961000
2011-09-08,20.381223678588867,20.72324311177624,20.171349498840094,20.21021470330144,65811900
2011-09-09,20.00810432434082,20.35012361985257,19.82154874931948,20.210206567933586,64529200
2011-09-12,20.12470817565918,20.15580152331174,19.642773147943803,19.774916910242357,55046100
2011-09-13,20.241308212280273,20.357905309194553,20.062524415558347,20.14802964518133,48792300
2011-09-14,20.5988712310791,20.832065406687864,20.124708060380556,20.3423570448645,66739200
2011-09-15,20.979755401611328,21.010848748433148,20.451180366539443,20.777653095106643,67808300
2011-09-16,21.08080291748047,21.197399978619178,20.855380647681837,21.026389571844472,89681500
2011-09-19,21.150760650634766,21.22849252143976,20.6765990556873,20.832061314685177,52324900
2011-09-20,20.971981048583984,21.37618564200522,20.933115849552532,21.228495216983553,49211900
2011-09-21,20.202436447143555,21.034164074058392,20.186889776099203,21.026390738536218,72750700
2011-09-22,19.47953224182129,19.938148652034492,19.121967709173507,19.666087843543455,96278300
2011-09-23,19.47953224182129,19.54949077779362,19.191926245145833,19.35516184067318,64768100
2011-09-26,19.774911880493164,19.837097077369066,19.223016960934004,19.580582954929465,51057600
2011-09-27,19.95370101928711,20.148030011885304,19.782692039541217,19.945927681669676,55620700
2011-09-28,19.88374137878418,20.497821673553492,19.829329501042587,20.155802250104603,60736200
2011-09-29,19.782684326171875,20.34235107289724,19.502850211503205,20.194660680976337,63407300
2011-09-30,19.347393035888672,19.821556227934067,19.339619698670102,19.588362041826894,54060500
2011-10-03,19.067556381225586,19.697181740104085,19.0597830456083,19.215245310117517,64592500
2011-10-04,19.69718360900879,19.73604880817065,18.857682556646676,18.888774419453704,83485400
2011-10-05,20.12470817565918,20.334583824476724,19.557267924511674,19.75937023641608,94061300
2011-10-06,20.47449493408203,20.521133459304828,19.977013378073572,20.132475623020223,55111400
2011-10-07,20.404541015625,20.60664331407419,20.365675816259213,20.47449956057327,52741600
2011-10-10,20.940895080566406,20.964213613504324,20.575555583336637,20.6610608244096,41815300
2011-10-11,20.987529754638672,21.04194163159937,20.76988076418342,20.878706000717273,38826200
2011-10-12,20.95643424987793,21.228495089298615,20.90979571479825,21.127444682857256,52489800
2011-10-13,21.127443313598633,21.142989985155054,20.69214688830425,20.800970623974795,43823500
2011-10-14,21.197404861450195,21.376187161886264,21.00307588725123,21.228496726363577,50947700
2011-10-17,20.971981048583984,21.314000433987513,20.87093064153483,21.073032938245447,39453300
2011-10-18,21.228496551513672,21.298455100258074,20.832065269499527,20.94089050233104,52487900
2011-10-19,21.088584899902344,21.352872489494253,20.995307799230368,21.275142066471865,42880000
2011-10-20,21.01862144470215,21.251815608310856,20.521138288997992,21.189630399174376,76300200
2011-10-21,21.111902236938477,21.13522225045318,20.83206800521242,21.104128899100242,76620600
2011-10-24,21.135215759277344,21.29845135590857,21.018618692739018,21.034163881028558,56897800
2011-10-25,20.839839935302734,21.166312689392107,20.76988138209698,21.04971559492001,53554600
2011-10-26,20.66883087158203,21.034168828021954,20.28794624058403,21.010850298797326,63029900
2011-10-27,21.18185806274414,21.29845515005328,20.715468230895183,21.088579503329388,74512400
2011-10-28,20.971981048583984,21.13521814626315,20.824292106174628,21.096351464619392,57712100
2011-10-31,20.699920654296875,20.987528174218934,20.69214880041269,20.80097254613936,46799000
2011-11-01,20.202436447143555,20.45895058892675,20.101386050579574,20.35790019236277,61182600
2011-11-02,20.21798324584961,20.365673656479203,19.977015773589233,20.287941783378777,53533100
2011-11-03,20.6221923828125,20.668830923992513,20.194667727056178,20.396770048986212,65836100
2011-11-04,20.404541015625,20.521138096334678,20.21021205357143,20.505591423543436,36549200
2011-11-07,20.832067489624023,20.847614164915715,20.311265728252796,20.373450946807004,42589700
2011-11-08,21.111902236938477,21.142995588291413,20.746564254217034,20.99530513459015,47822500
2011-11-09,20.36567497253418,20.793198078295347,20.2568497501163,20.668827666342562,62950900
2011-11-10,20.427867889404297,20.598876899736972,20.303497430505477,20.575556882713634,32514400
2011-11-11,20.917566299438477,21.049710033624716,20.653278831065997,20.661052166325433,37903000
2011-11-14,20.800975799560547,20.987531456818758,20.715470567337483,20.89425288688337,34199200
2011-11-15,20.94194221496582,21.098576637414507,20.675664593068987,20.800971533517313,43874200
2011-11-16,20.417224884033203,20.76181981913528,20.39373075935654,20.730492327863725,53262800
2011-11-17,20.002138137817383,20.39372266054261,19.923820934517057,20.37022705141959,70977500
2011-11-18,19.814176559448242,19.970810968476275,19.69670149956543,19.955147228818188,47626200
2011-11-21,19.5792293548584,19.775021648406984,19.500912138683635,19.76718977741184,61882500
2011-11-22,19.41475486755371,19.547892126775793,19.305110222053305,19.493070550913544,49204500
2011-11-23,19.16414451599121,19.414759845842994,19.16414451599121,19.273789189606457,49099700
2011-11-25,19.031007766723633,19.320780979325463,19.031007766723633,19.093661232451534,26164600
2011-11-28,19.4774112701416,19.555726965401675,19.336440628631653,19.532232854334108,46766700
2011-11-29,19.453922271728516,19.61055670299301,19.383436927037156,19.43825852984674,40917100
2011-11-30,20.03346824645996,20.04130011777971,19.688873377274692,19.86900343007543,81350900
2011-12-01,19.79851531982422,20.07262330889014,19.735861851783934,20.017801711076956,48545400
2011-12-02,19.75152587890625,20.064794741122896,19.704536147084408,20.041299128323654,52293800
2011-12-05,20.127445220947266,20.205760931075687,19.97081081313758,20.190098685315856,56818400
2011-12-06,20.096111297607422,20.260577522445463,20.056953455100047,20.213586318905485,46175300
2011-12-07,20.04912757873535,20.174434504733117,19.84550345054489,20.103949172137327,62667000
2011-12-08,19.892488479614258,20.143102272463565,19.868994370144655,19.955141927826585,60522200
2011-12-09,20.127445220947266,20.260584019452573,19.97081081313758,19.986474552673833,53788500
2011-12-12,19.9786434173584,20.025633143918167,19.80634675745493,19.900326210574466,38945900
2011-12-13,20.174436569213867,20.440714187651807,20.088287488608493,20.16660469881551,54581100
2011-12-14,20.04129981994629,20.252755861106852,20.025636077539573,20.143111158036547,47926400
2011-12-15,20.017807006835938,20.268420945297592,20.00214475601476,20.143113976066765,46213900
2011-12-16,20.36240005493164,20.495538884272648,20.072626781503526,20.103954267831654,101408100
2011-12-19,19.994304656982422,20.456374476067037,19.939481573446315,20.378057279077456,52258300
2011-12-20,20.385894775390625,20.44071638028317,20.213596595697823,20.252755951890144,60767600
2011-12-21,20.174436569213867,20.51119952746047,19.92382269157264,20.370228847843144,64132500
2011-12-22,20.213592529296875,20.252751877611445,19.955146805526315,20.22142439895979,35794100
2011-12-23,20.385894775390625,20.39372664662909,20.150943119566815,20.29191381430576,23205800
2011-12-27,20.393726348876953,20.472042072564765,20.307577260288344,20.33107137988402,21287200
2011-12-28,20.221426010131836,20.479871754494443,20.174436282186775,20.448545767123242,29822500
2011-12-29,20.378055572509766,20.401549683995714,20.252748665330824,20.323233987341,22616900
2011-12-30,20.331066131591797,20.456374543453688,20.29190827985616,20.362393608001344,27395700
2012-01-03,20.96544075012207,21.114241829044598,20.667835604723482,20.79314256264601,64731500
2012-01-04,21.458831787109375,21.513653381901154,20.97326781000242,21.004593795407825,80516100
2012-01-05,21.678125381469727,21.71728324700536,21.372689847716693,21.44317370692547,56081400
2012-01-06,22.01488494873047,22.077538420023792,21.560646908409716,21.560646908409716,99455500
2012-01-09,21.725109100341797,22.007050434177724,21.709445360956156,21.96789108571362,59706800
2012-01-10,21.80342674255371,22.046208732814485,21.73294140767535,21.87391207743207,60014400
2012-01-11,21.709444046020508,21.913068164371168,21.435336092256456,21.482325813790823,65582400
2012-01-12,21.928735733032227,21.944399474205056,21.65462623761401,21.826924402961986,49370800
2012-01-13,22.124523162841797,22.124523162841797,21.764266157556797,21.87390933416071,60196100
2012-01-17,22.13235855102539,22.437794016576404,22.061873213778775,22.242001745063913,72395300
2012-01-18,22.108856201171875,22.24199496496632,21.905232121617075,22.171509649205966,64860600
2012-01-19,22.022720336914062,22.27333426211634,21.952234983728818,22.054046330675938,74053500
2012-01-20,23.267946243286133,23.29144184697648,22.516104850507777,22.570926432009188,165902900
2012-01-23,23.283615112304688,23.455913256467504,22.98601153549606,23.142644446635614,76078100
2012-01-24,22.978181838989258,23.158310376034425,22.8528749007164,23.079993166169757,51703300
2012-01-25,23.150476455688477,23.220961788947527,22.766723804487196,22.766723804487196,59231700
2012-01-26,23.103487014770508,23.260121422550707,23.02516981088041,23.18963608842726,49102800
2012-01-27,22.892030715942383,23.126982324569994,22.84504099172742,23.064328861024578,44187700
2012-01-30,23.18964195251465,23.197473824261788,22.578769400229007,22.688412617135352,51114800
2012-01-31,23.126977920532227,23.26011669193486,22.89202635664611,23.228789219239598,50572400
2012-02-01,23.408926010131836,23.534232957812794,23.307114675307304,23.330610288163726,67409900
2012-02-02,23.455921173095703,23.628217881634143,23.267959226246813,23.416761811761813,52223300
2012-02-03,23.683032989501953,23.808339923802773,23.565557925316998,23.604715782119822,41838500
2012-02-06,23.651710510253906,23.66737275903178,23.471580458429603,23.52640355737065,28039700
2012-02-07,23.769182205200195,23.878825399906784,23.534230581687726,23.612547789525216,39242400
2012-02-08,24.011964797973633,24.019796668328407,23.66736997124623,23.69869745266533,49659100
2012-02-09,24.098115921020508,24.121610040300016,23.87099614280755,24.02763057562867,50481600
2012-02-10,23.88666343688965,24.12161362728273,23.77702021387646,23.996306659902835,44605300
2012-02-13,23.949304580688477,24.098107087947866,23.831829546021005,23.988462427652262,33319800
2012-02-14,23.84682846069336,24.01237596959657,23.531498798298838,23.909894393172262,59644000
2012-02-15,23.689165115356445,23.957195729612422,23.67339975845536,23.90989665168801,43311300
2012-02-16,24.666685104370117,24.87164824074835,23.88624218519397,23.894125614071644,94705100
2012-02-17,24.63515853881836,24.690341053367593,24.398661618290003,24.59574288660055,70036500
2012-02-21,24.784927368164062,24.91894261854434,24.55631249838185,24.579962779134817,50829900
2012-02-22,24.650922775268555,24.97413590057948,24.579973405945612,24.792821513914443,49253200
2012-02-23,24.729759216308594,24.903190198184934,24.43807826574163,24.595743888255257,35034700
2012-02-24,24.81647491455078,24.832241778133668,24.62727706238878,24.81647491455078,35575400
2012-02-27,24.713993072509766,24.832241541030598,24.516911790438094,24.627276827242756,34568400
2012-02-28,25.123920440673828,25.17121952348288,24.73763983629928,24.76129012950917,45230600
2012-02-29,25.021434783935547,25.226399459981163,24.91895319771803,25.139683230682092,59323600
2012-03-01,25.455013275146484,25.533844567003857,25.108149877254093,25.1712158129063,77344100
2012-03-02,25.289464950561523,25.57325939652071,25.2263975133122,25.470779321821947,47314200
2012-03-05,25.068729400634766,25.265810611342932,24.926832191957544,25.234276895896677,45240000
2012-03-06,24.879539489746094,25.21063608862684,24.82435697386777,24.863774130645705,51932900
2012-03-07,25.100265502929688,25.163331436208992,24.855885199423696,24.966250206759863,34340400
2012-03-08,25.23427963256836,25.39194521967794,25.14756491290752,25.25793142532841,36747400
2012-03-09,25.21851348876953,25.352528782542098,25.16333098608855,25.30522820572089,34628400
2012-03-12,25.257930755615234,25.384062620514324,25.08449831367116,25.20274674906275,34073600
2012-03-13,25.75457763671875,25.77034449839963,25.34465126190135,25.415600635854627,48951700
2012-03-14,25.83340835571289,25.920124579298303,25.612678337292532,25.6442090490519,41986900
2012-03-15,25.89647102355957,25.967420382824972,25.683625952984126,25.849173455529808,49068300
2012-03-16,25.699390411376953,25.975305929359536,25.620559124650974,25.943772211780814,65626400
2012-03-19,25.384065628051758,25.7072787581017,25.344649979454687,25.652096248621557,44789200
2012-03-20,25.21851348876953,25.344646856682324,25.021432262845785,25.30522820572089,41566800
2012-03-21,25.155447006225586,25.344646302149943,25.084497646156553,25.194862649103765,37928600
2012-03-22,25.226394653320312,25.2973440085716,25.06084716014084,25.07661251405534,31749500
2012-03-23,25.23427963256836,25.313113929733625,25.005666185230993,25.305228996406623,35912200
2012-03-26,25.691509246826172,25.707276106082702,25.344647364845265,25.376178076137407,36758300
2012-03-27,25.636335372924805,25.778234146779635,25.541737192762227,25.73881848898039,36274900
2012-03-28,25.37618064880371,25.778228082552957,25.2579337032231,25.63632934207925,41344800
2012-03-29,25.320995330810547,25.37617783407155,25.076615029107334,25.27369776071305,37038500
2012-03-30,25.431358337402344,25.549608267788646,25.25792891531525,25.541726342465864,31749400
2012-04-02,25.455013275146484,25.589027072748223,25.186982672721978,25.399830769402115,35853600
2012-04-03,25.179094314575195,25.376174009255244,24.958362831190417,25.35252522777095,42752100
2012-04-04,24.60362434387207,24.982021514539657,24.477492454853117,24.958371221494584,49455900
2012-04-05,24.848003387451172,24.934718111598926,24.47748968965518,24.556322487289044,50368600
2012-04-09,24.516904830932617,24.75340170084096,24.41442175132469,24.61150297745178,31056400
2012-04-10,24.020254135131836,24.587848906665496,23.886238870031956,24.485365849089646,54131300
2012-04-11,23.925661087036133,24.06755981003675,23.83106143716558,23.988727019079693,43014000
2012-04-12,24.42230796813965,24.46960855040811,23.98084639224153,24.028145470899393,38304000
2012-04-13,24.288291931152344,24.564205971675076,24.2173425634862,24.351357868676637,39749200
2012-04-16,24.501142501831055,24.587858738514708,24.2567621572625,24.430193127019102,38124800
2012-04-17,24.784927368164062,24.91894261854434,24.59572963297013,24.650912117783783,34361500
2012-04-18,24.548437118530273,24.682452412841247,24.46960583073241,24.65880362794606,40552900
2012-04-19,24.445960998535156,24.974138864165827,24.39077848331581,24.54055916645096,54781200
2012-04-20,25.557497024536133,25.928010765377568,25.2658175940979,25.344651904501106,106045000
2012-04-23,25.320995330810547,25.620559639385206,25.250045968443413,25.470778988708318,61398200
2012-04-24,25.163331985473633,25.636327247198157,25.092382621034428,25.391945434747353,40871100
2012-04-25,25.384065628051758,25.478663786128973,25.123918437923496,25.163334086520567,62495500
2012-04-26,25.31311798095703,25.407716145474307,25.163335799592176,25.32099990832454,40308100
2012-04-27,25.21062660217285,25.39982587629198,25.131793821891588,25.320991592400492,41419100
2012-04-30,25.242170333862305,25.31311971391287,25.16333752229381,25.210636607790576,35697200
2012-05-01,25.23427963256836,25.494428302382307,25.18698206149015,25.265813351434467,43832300
2012-05-02,25.068729400634766,25.171212472224784,24.942597546070363,25.108146544942585,37385300
2012-05-03,25.03719711303711,25.14756210954442,24.918948687692087,25.131795251869004,31501300
2012-05-04,24.42230796813965,24.887419835171997,24.375008889481784,24.79282167785627,57927200
2012-05-07,24.16215705871582,24.327706063936834,24.099091129015047,24.201574204535284,48641400
2012-05-08,24.043907165527344,24.264638657854835,23.783760033389,24.028140308158893,46328300
2012-05-09,24.248876571655273,24.3040590796922,23.728582205006326,23.799531573513963,50309300
2012-05-10,24.233108520507812,24.453840045420588,24.004495069357528,24.327708175073433,43839200
2012-05-11,24.564205169677734,24.86376949084555,24.193692986770703,24.193692986770703,43459300
2012-05-14,24.185810089111328,24.469607556755363,24.15427636887953,24.296175102701547,40528900
2012-05-15,23.971559524536133,24.439723185769587,23.92395009676831,24.31276370273778,61822800
2012-05-16,23.725576400756836,24.058845431712278,23.59861691405728,24.050910274609,60083700
2012-05-17,23.58275032043457,23.971563998978546,23.574815162079382,23.796995055594525,48484000
2012-05-18,23.225679397583008,23.654167393579772,23.146329320257134,23.63829858889607,56205300
2012-05-21,23.606550216674805,23.63829084259444,23.059036527371827,23.090777153291466,38787900
2012-05-22,23.61448860168457,23.70970746550894,23.408179045429698,23.558944012207597,39504900
2012-05-23,23.098712921142578,23.328826411245153,22.725768124097556,23.289152141271863,65171000
2012-05-24,23.066972732543945,23.249476799449994,22.820988924388995,23.138387630633513,52575000
2012-05-25,23.059040069580078,23.297090260116335,23.019365794562322,23.17013076388763,29507200
2012-05-29,23.455787658691406,23.582747148343813,23.185998364810914,23.31295785446332,37758800
2012-05-30,23.28122901916504,23.39231824329584,23.10666002217704,23.289164179956835,41585500
2012-05-31,23.16219711303711,23.344701211554355,22.963822698089665,23.249480826449844,39134000
2012-06-01,22.57501220703125,22.979694738680784,22.567077047698156,22.820996092449583,56634300
2012-06-04,22.65436553955078,22.836871215654636,22.471861376924135,22.709911666568516,47926300
2012-06-05,22.622623443603516,22.81306274226957,22.527403037531986,22.622623443603516,45715400
2012-06-06,23.28916358947754,23.30503391065875,22.86067399844762,22.916218609104728,46860500
2012-06-07,23.19393539428711,23.56688024953668,23.1463259601936,23.519269301966553,37792800
2012-06-08,23.527204513549805,23.55100998738916,23.051105631099098,23.17806513128907,42551100
2012-06-11,22.932083129882812,23.654165912737064,22.868603374691563,23.590686157545814,46361900
2012-06-12,23.241552352905273,23.249485999408915,22.884477721160888,23.090787340226864,35337900
2012-06-13,23.114580154418945,23.360565454705736,23.05110041867829,23.185995046311717,32984600
2012-06-14,23.28122901916504,23.37644792171225,22.91621919012828,23.273293858373243,39458900
2012-06-15,23.82080078125,23.868410218405266,23.40024646486113,23.47959653577105,62314400
2012-06-18,23.677968978881836,23.82873394967213,23.574813441270788,23.796993318568237,58679900
2012-06-19,24.360382080078125,24.685716043841076,23.84460732015829,23.955698036829286,75725800
2012-06-20,24.54288673400879,24.63810562066871,24.312771649872968,24.54288673400879,36257100
2012-06-21,23.91602325439453,24.709521055944204,23.852543490809634,24.566691209508953,48456600
2012-06-22,24.360382080078125,24.384186044490075,23.828738515042616,24.04298176213457,45098100
2012-06-25,23.7017822265625,24.05885536274423,23.503407757524734,24.042985041986707,42217200
2012-06-26,23.82080078125,24.01917520178644,23.757321027217408,23.804930464372674,38421300
2012-06-27,23.939823150634766,24.20167730354388,23.828733968635927,23.955693466199342,33781700
2012-06-28,23.73351287841797,23.844602057092082,23.344699239582027,23.789057467755025,45328400
2012-06-29,24.273088455200195,24.35243850727148,23.916013977617595,24.161999290386213,55227200
2012-07-02,24.249286651611328,24.29689759813787,23.971562184112848,24.29689759813787,30589100
2012-07-03,24.40798568725586,24.40798568725586,23.939821995035775,23.987431425954753,20938100
2012-07-05,24.360382080078125,24.423861840971462,24.106461523027903,24.27309684129596,28801900
2012-07-06,23.95570182800293,24.360385935296133,23.765262515184443,24.288971003804562,38294800
2012-07-09,23.804931640625,23.987435753302027,23.630362686778728,23.900152033117287,30680800
2012-07-10,23.598613739013672,23.979492147867557,23.41610969062238,23.868402990320906,37534100
2012-07-11,23.249486923217773,23.598626408854418,23.098723418025852,23.574820927966552,39184900
2012-07-12,22.71784210205078,23.154266814621412,22.646428690079436,23.130461334979636,63523600
2012-07-13,23.320894241333008,23.392309147212362,22.789250782829246,22.820991413654106,39085000
2012-07-16,23.360578536987305,23.431993468873536,23.043179680535808,23.39231766589389,27900600
2012-07-17,23.53514289855957,23.6938430522958,23.170134663833796,23.51927258049058,33771300
2012-07-18,24.162010192871094,24.162010192871094,23.37644598772376,23.48753671614093,41090400
2012-07-19,24.33657455444336,24.439728589661534,24.10645949464448,24.209615043339408,46663200
2012-07-20,23.90015411376953,24.638105787551535,23.844607997118608,24.59843150342066,64021700
2012-07-23,23.23361587524414,23.47166460725493,23.01937110834827,23.463729447724315,55151900
2012-07-24,23.130456924438477,23.297092223202732,22.932082505680896,23.20187183626934,47723300
2012-07-25,22.87653350830078,23.273282269466925,22.836859237574732,23.201867371378906,45579500
2012-07-26,23.138391494750977,23.40818081848281,23.082846901066777,23.193936088435176,45301400
2012-07-27,23.61448860168457,23.685903506291126,23.154260057262643,23.39230873030012,44242600
2012-07-30,23.519277572631836,23.662107438615777,23.37644770664789,23.606562827061392,28905000
2012-07-31,23.38437271118164,23.574811945290556,23.273283536320566,23.392307868454076,37620900
2012-08-01,23.33676528930664,23.52720453980411,23.178065157153767,23.4795951055489,31721800
2012-08-02,23.16219711303711,23.43198643844377,22.987626659258286,23.178065915990633,39520500
2012-08-03,23.606550216674805,23.75731516284039,23.39230553214629,23.431981314545837,35859400
2012-08-06,23.765256881713867,23.892216393497552,23.65416617379557,23.80493116159248,27471800
2012-08-07,24.011234283447266,24.08264917878726,23.70177074595819,23.860469336232125,28002900
2012-08-08,24.066791534423828,24.177880757440345,23.89222253918685,23.97157111935456,26257600
2012-08-09,24.201677322387695,24.3207016622615,24.042977193571566,24.114392100191164,24920800
2012-08-10,24.138195037841797,24.296895149986497,24.00330039656173,24.20167478000439,27810300
2012-08-13,24.114391326904297,24.16993591616579,23.9318872440518,24.08265221024482,23049100
2012-08-14,24.066471099853516,24.27414744132809,23.97062141825185,24.202259418375228,34551400
2012-08-15,24.12238311767578,24.186283407750953,23.978607084130868,24.050495100903326,24351000
2012-08-16,24.585657119750977,24.71345768180208,24.17030453133346,24.250180263491117,35787200
2012-08-17,24.681503295898438,24.697478744775708,24.43388993231136,24.697478744775708,32589900
2012-08-20,24.553709030151367,24.641572497939972,24.425908453460515,24.617609318496793,23737700
2012-08-21,24.60163688659668,24.729437478981346,24.44987463532941,24.56968750025213,28822700
2012-08-22,24.393966674804688,24.569692141653668,24.338052572008465,24.433903796155608,33437400
2012-08-23,24.170307159423828,24.282132282501816,24.026531130607538,24.274144556067238,28355600
2012-08-24,24.40993309020996,24.46584565227982,24.10640710032943,24.162319662399288,22943300
2012-08-27,24.51376724243164,24.72942972224565,24.433891516369567,24.70546807087896,34691100
2012-08-28,24.465843200683594,24.60163149074791,24.37798126487932,24.52175728065364,23947900
2012-08-29,24.481821060180664,24.561696801634557,24.314083374280234,24.481821060180664,23346800
2012-08-30,24.21823501586914,24.44987454086087,24.138359265061535,24.38597424491543,23982100
2012-08-31,24.61760711669922,24.72943223042632,24.26615480048173,24.44188172034193,36590100
2012-09-04,24.27414321899414,24.489807250339325,24.082442365632737,24.322069574961706,48556700
2012-09-05,24.27414321899414,24.385969859415507,24.130367198097346,24.138354924091942,33650000
2012-09-06,25.04095458984375,25.048942317890674,24.330062028701114,24.362012940888803,48371700
2012-09-07,24.72144317626953,24.817292827406035,24.54571627668138,24.793331176373275,42649100
2012-09-10,24.537729263305664,24.681505267681928,24.369991607201875,24.625592715647333,40524000
2012-09-11,24.593643188476562,24.68949284180619,24.44986718497935,24.513767461700024,25191800
2012-09-12,24.585657119750977,24.905158524878733,24.545718491920713,24.71345768180208,32775800
2012-09-13,24.713462829589844,24.905163712597584,24.282134700195034,24.673524193440404,45047300
2012-09-14,24.929122924804688,24.961073830589303,24.609621484473752,24.76937296639074,51422800
2012-09-17,24.929122924804688,24.969061557035456,24.793336145729203,24.913148995415423,36488500
2012-09-18,24.905162811279297,24.929124468598598,24.785349954173387,24.841262519255938,34542700
2012-09-19,24.801321029663086,24.913147670458915,24.793334827144704,24.833271933748456,48871900
2012-09-20,25.12082862854004,25.144790287538477,24.689500484529233,24.721451394531474,45543000
2012-09-21,24.913148880004883,25.248625771674025,24.833273139416413,25.104849743315388,102348900
2012-09-24,24.585657119750977,24.817295067155023,24.47383048532911,24.761382511695526,46825900
2012-09-25,24.27414321899414,24.76138384014372,24.250181564513312,24.7214467336737,54266400
2012-09-26,24.098417282104492,24.44188187472478,23.994579893488158,24.186280742589567,54672000
2012-09-27,24.090435028076172,24.28213592071962,23.87477095253856,24.098422755707556,47129900
2012-09-28,23.770931243896484,24.17030844586349,23.754955790177057,24.106408154488893,54229300
2012-10-01,23.555273056030273,23.946662628619716,23.499360477589427,23.81087428519044,54042700
2012-10-02,23.691057205200195,23.87477036569659,23.5632566132459,23.70703266007029,43338900
2012-10-03,23.85081672668457,23.95465417124886,23.699052901394847,23.76295321885835,46655900
2012-10-04,23.986591339111328,23.986591339111328,23.61916358173169,23.93866498586429,43634900
2012-10-05,23.842817306518555,24.1623187371857,23.754953841771464,24.14634328477659,41133900
2012-10-08,23.786907196044922,23.89873232741786,23.603192521428188,23.675080541168832,29752000
2012-10-09,23.387531280517578,23.754957603086638,23.307655529327665,23.707032761773984,45121100
2012-10-10,23.147907257080078,23.411496206336555,23.123945594831685,23.283695596000292,47227100
2012-10-11,23.123943328857422,23.36356906888052,23.060043029951043,23.33960588547689,41488500
2012-10-12,23.323623657226562,23.41947330974101,23.004120752837704,23.13990903015214,46464700
2012-10-15,23.571247100830078,23.738984826098157,23.363570733710027,23.45942195065136,42440200
2012-10-16,23.555273056030273,23.75496170674959,23.419484712600998,23.523323664137003,47739400
2012-10-17,23.635143280029297,23.675080391408958,23.235766072220084,23.403503768218446,44206100
2012-10-18,23.563255310058594,23.74696846039457,23.371554432729344,23.683068167951483,59238500
2012-10-19,22.876325607299805,23.227777971091612,22.764500478435505,23.203814790547924,90470800
2012-10-22,22.36512565612793,23.028091819994447,22.22933733227559,22.948216066521905,83374000
2012-10-23,22.40506362915039,22.52487802569933,22.17342561106268,22.181413339066165,64414800
2012-10-24,22.285245895385742,22.524873112714282,22.26128424010499,22.492922207669274,53320400
2012-10-25,22.269271850585938,22.524874536594567,22.25329792055667,22.51688680982838,54084300
2012-10-26,22.53285789489746,22.63669680624425,22.237319659378265,22.2532951108936,57790000
2012-10-31,22.796451568603516,23.068026666093793,22.76450066095576,22.804437772012324,69464100
2012-11-01,23.579227447509766,23.611176827485895,23.02009882464964,23.03607427638917,72047900
2012-11-02,23.563255310058594,23.77891936836768,23.42746699817915,23.63514332949496,57131600
2012-11-05,23.667097091674805,23.75496058134986,23.42747133156538,23.659110886707463,38070800
2012-11-06,23.85081672668457,24.122393456780394,23.651128044173156,23.818865806200947,43401500
2012-11-07,23.227783203125,23.826849140128054,23.20382001718363,23.587223374728218,57871800
2012-11-08,23.012113571166992,23.45941712691389,23.004125844439038,23.259728529224308,49841800
2012-11-09,23.02808380126953,23.315635804239438,23.01210835143726,23.068020902347463,43291200
2012-11-12,22.540847778320312,23.171864462052426,22.53286005179804,23.115951899899567,61112300
2012-11-13,21.816055297851562,21.985171267343944,21.542247173512116,21.75968330802077,131689200
2012-11-14,21.614730834960938,21.977124475466397,21.58251738423962,21.93685766206475,76086100
2012-11-15,21.469770431518555,21.719418496251095,21.445610346794115,21.646939778099444,50955600
2012-11-16,21.357025146484375,21.501982573997864,21.212067718970882,21.477822490738426,64083300
2012-11-19,21.526151657104492,21.582523676279287,21.316768774439318,21.582523676279287,57179300
2012-11-20,21.510047912597656,21.58252667188867,21.30871836701652,21.550314743327405,47070400
2012-11-21,21.703323364257812,21.880492792921174,21.477833743758858,21.51004566896021,66360300
2012-11-23,22.30730628967285,22.363678296518305,21.90464734246592,21.928805896244267,57845700
2012-11-26,22.057655334472656,22.210666155465685,21.880485961127288,22.178454240321933,85198700
2012-11-27,21.808013916015625,22.04960872971735,21.775801990999167,22.0335035352203,45018600
2012-11-28,22.033496856689453,22.057655409123555,21.558359202541403,21.75163530212371,53018400
2012-11-29,21.703323364257812,22.03350366168912,21.630844612526804,21.832174137107963,69551400
2012-11-30,21.43756675720215,21.848277603154322,21.33287455253022,21.783852221826308,83690200
2012-12-03,21.284557342529297,21.59863090577848,21.260397246886146,21.566418980943304,53173800
2012-12-04,21.23622703552246,21.445608272125195,21.21206695313529,21.340917653823826,49777500
2012-12-05,21.47782325744629,21.68720604510452,21.147643121221822,21.244280385666162,68283800
2012-12-06,21.526151657104492,21.72748117474151,21.429514348811225,21.590577041307444,39182300
2012-12-07,21.308713912963867,21.598628889528452,21.236236704844934,21.598628889528452,46162100
2012-12-10,21.69526481628418,21.719423370408492,21.357031234345783,21.389243151852195,47031100
2012-12-11,22.00128746032715,22.138191581432583,21.7838512322146,21.7838512322146,52282800
2012-12-12,21.93686294555664,22.242884657026973,21.80801218368142,22.17040591146938,43966300
2012-12-13,21.832170486450195,22.162350728670546,21.703319735145772,22.001286521528957,45080100
2012-12-14,21.590574264526367,21.84827576819498,21.50199033265411,21.832170576232283,42077500
2012-12-17,21.82411766052246,21.920754958372125,21.48588404600432,21.57446951571831,42046100
2012-12-18,22.194557189941406,22.25092918777016,21.856323666947144,21.944909112690464,50486900
2012-12-19,21.993236541748047,22.331470199972916,21.94491788657945,22.299258275201304,53519900
2012-12-20,22.29120635986328,22.29120635986328,21.86438719271627,22.033504800839594,52607300
2012-12-21,22.105974197387695,22.138186110616985,21.743580573421944,22.105974197387695,98776500
2012-12-24,21.791908264160156,21.944919139623632,21.74358960623259,21.9046538473544,20842400
2012-12-26,21.63083267211914,21.90464079728684,21.501981970395697,21.767736734702993,31631100
2012-12-27,21.71137237548828,21.816064574854366,21.397298849434375,21.655000361686007,39394000
2012-12-28,21.381187438964844,21.66304898227771,21.381187438964844,21.510038166875553,28239900
2012-12-31,21.510047912597656,21.558368109473353,21.236241143748043,21.41341059089133,42749500
2013-01-02,22.24288558959961,22.33146953208896,21.864385116702376,21.944917230256404,52899300
2013-01-03,21.944915771484375,22.267042668265027,21.872437027705953,22.250935939420444,48294400
2013-01-04,21.534198760986328,22.017389770030096,21.526145398299715,21.961017767245668,52521100
2013-01-07,21.493934631347656,21.646943922498384,21.45366781576434,21.558360000259004,37110400
2013-01-08,21.381187438964844,21.57446506685275,21.308708712512338,21.54225161686415,44703100
2013-01-09,21.501983642578125,21.54224891399001,21.38923811778589,21.51808882952989,49047900
2013-01-10,21.308713912963867,21.727479648885552,21.171811325166384,21.461724765708755,71431300
2013-01-11,21.60668182373047,21.68721393073055,21.163757539263298,21.332873581543502,55512100
2013-01-14,21.654996871948242,21.808007696198022,21.5503062254754,21.663050234911065,48324400
2013-01-15,21.91269874572754,21.977125650615175,21.606678627621047,21.606678627621047,48244500
2013-01-16,21.775794982910156,21.92880426553461,21.751634894906463,21.864378900213296,41077400
2013-01-17,21.944915771484375,22.122085180708183,21.79190491950524,21.896597120972828,51685900
2013-01-18,21.944915771484375,21.977129229173542,21.775799726682862,21.82411837719441,52167700
2013-01-22,21.864383697509766,22.105980022490098,21.743586303030703,21.985181091988828,58650600
2013-01-23,22.234825134277344,22.258983685424123,21.904644956415602,21.904644956415602,50387700
2013-01-24,22.25093650817871,22.605276871705854,22.122085746172882,22.307310060575723,101739300
2013-01-25,22.45226287841797,22.73412445692774,22.057657282913095,22.210668117422177,81847700
2013-01-28,22.476421356201172,22.734122825711996,22.355623984370716,22.556953449428786,56056500
2013-01-29,22.556955337524414,22.65359262866889,22.2267751100737,22.403944501186604,49242600
2013-01-30,22.428110122680664,22.7019184084803,22.355631368438264,22.556960899995502,43580500
2013-01-31,22.105974197387695,22.524738285499254,22.06570738582383,22.379782371934752,50530000
2013-02-01,22.492528915405273,22.58916620204131,22.186507257006546,22.28314607966456,55565900
2013-02-04,22.09792137145996,22.56500564478574,22.08181464644346,22.444208279205625,50540000
2013-02-05,22.146242141723633,22.2750928822119,22.033498127801895,22.24288096510083,35410400
2013-02-06,22.01738929748535,22.178453475717085,21.944910570883255,22.049601211518596,41889600
2013-02-07,21.969072341918945,22.057656264314943,21.824114877606632,22.0254443478133,38028300
2013-02-08,22.186508178710938,22.31535892359321,21.99323206138753,22.02544551561912,33318500
2013-02-11,22.436153411865234,22.484472047652094,22.146238525100596,22.267035882578618,32247700
2013-02-12,22.45226287841797,22.548901704429504,22.347572224925667,22.45226287841797,35990900
2013-02-13,22.57305908203125,22.637484446288738,22.45226018002935,22.49252699270393,41715600
2013-02-14,22.581117630004883,22.597222822751206,22.44421350751687,22.48447879341597,32663200
2013-02-15,22.556955337524414,22.67775271946603,22.452263146758842,22.581115428321556,49650900
2013-02-19,22.77619743347168,22.808677603680263,22.5732010158873,22.63815980756471,38781400
2013-02-20,22.630027770996094,22.897982819902367,22.597547620224994,22.841142556052937,44110200
2013-02-21,22.32147979736328,22.524476159524177,22.110363394867232,22.524476159524177,49078500
2013-02-22,22.54071617126465,22.54071617126465,22.313359688793543,22.47575739752138,31425900
2013-02-25,22.224040985107422,22.776189753822667,22.224040985107422,22.711230984047976,48011800
2013-02-26,22.224040985107422,22.41079725461725,22.1996808656647,22.232159476182424,49923300
2013-02-27,22.581317901611328,22.735595591054842,22.19156520603359,22.26464403004686,36394700
2013-02-28,22.573190689086914,22.711228251844357,22.524472004801655,22.638149451046942,35840200
2013-03-01,22.69499397277832,22.719352545112816,22.34583998108337,22.508236142024256,34849700
2013-03-04,22.85738754272461,22.85738754272461,22.4919950604721,22.61379255455627,38157500
2013-03-05,23.0197811126709,23.174058736884113,22.865503488457684,22.971062433507367,41432200
2013-03-06,22.808670043945312,22.922347504518438,22.55695500321657,22.90610742479678,51448500
2013-03-07,22.84927749633789,22.962956549440857,22.743720034963538,22.824918916111418,29196700
2013-03-08,22.735595703125,23.003550876247964,22.70311553729698,22.938592093331476,37667800
2013-03-11,22.630027770996094,22.71122505044619,22.467630114618245,22.686866486106695,36627500
2013-03-12,22.66250991821289,22.69499007406499,22.44327351242844,22.60567119421079,39255200
2013-03-13,22.670637130737305,22.751835997321848,22.532599522165448,22.630038471814814,29093400
2013-03-14,22.84927749633789,22.865517582315434,22.678761239793204,22.735599991974766,55914800
2013-03-15,22.768075942993164,22.865513343314984,22.7193556940927,22.759955901509752,92710300
2013-03-18,22.816791534423828,22.962949163732503,22.581315009706667,22.638153743606853,44809400
2013-03-19,22.881750106811523,22.914228719293916,22.759952599708715,22.833031413718267,51901600
2013-03-20,22.995424270629883,23.13346183851634,22.88174682016072,23.01166434890808,35447800
2013-03-21,22.82491111755371,23.027907476695983,22.77619087626726,22.82491111755371,34233200
2013-03-22,22.938594818115234,23.01167365116947,22.81679727927142,22.889876112325656,28720900
2013-03-25,22.865507125854492,23.019784774609874,22.70310943782366,22.979184578232598,44154000
2013-03-26,22.865507125854492,23.011664735334417,22.82490847821635,22.930465891319,27824300
2013-03-27,23.03603172302246,23.100990507859137,22.80055516002727,22.849273861469875,36047400
2013-03-28,23.23090362548828,23.2715022774534,22.946708415514554,22.995427107620557,55453800
2013-04-01,23.23090362548828,23.2715022774534,23.02790726818409,23.255262197171636,29201100
2013-04-02,23.385183334350586,23.425783541291956,23.15782837043705,23.214667111415434,28456500
2013-04-03,23.190303802490234,23.50697917818527,23.174065270683286,23.344581470201184,35062800
2013-04-04,23.222776412963867,23.230896450596866,22.954821366030156,23.05225872014851,45263200
2013-04-05,23.30398178100586,23.36894055156224,22.824910267375326,22.914227608928318,50927300
2013-04-08,23.214656829833984,23.32833426144395,23.11721792506912,23.32833426144395,34759500
2013-04-09,24.042890548706055,24.213406756042417,23.287743804812116,23.328342459299993,77733800
2013-04-10,24.586917877197266,24.619396487070382,23.96980880221597,24.010407451742168,71116700
2013-04-11,23.498855590820312,23.709971959836423,23.328337868302302,23.628773118101137,130923200
2013-04-12,23.37706184387207,23.5638181256345,23.271502868100722,23.42578053721459,62886300
2013-04-15,23.29586410522461,23.531339091610946,23.149706469455445,23.263383942280612,56332900
2013-04-16,23.523210525512695,23.66124807051782,23.303975700054192,23.46637180969979,52797300
2013-04-17,23.40953826904297,23.58005600291695,23.222782004731762,23.425778348219385,52840700
2013-04-18,23.37706184387207,23.5313379642466,23.141585320027783,23.50697939194501,56906600
2013-04-19,24.172809600830078,24.554442242400164,24.04289203992369,24.051012081072773,99790700
2013-04-22,25.033512115478516,25.317707341285423,24.5788006834311,24.603159256471525,137904000
2013-04-23,24.846755981445312,25.090351005789728,24.66811818476931,24.927954839139915,59126900
2013-04-24,25.788654327392578,25.918571856599463,24.8467514662731,24.86299154460874,90946600
2013-04-25,25.934814453125,26.665601013055614,25.610020598571314,25.748056631609774,110700200
2013-04-26,25.813016891479492,25.967293004073166,25.536941728563402,25.902334233312867,47799300
2013-04-29,26.478845596313477,26.535684329105504,25.79677770533055,25.821136277247522,59116400
2013-04-30,26.876708984375,26.88483057099376,26.210881365612487,26.438239328771743,75165200
2013-05-01,26.568161010742188,26.8604762253802,26.470720540877373,26.738677186788287,54330900
2013-05-02,26.925437927246094,26.933556419015023,26.3002087467615,26.495086621481903,46059500
2013-05-03,27.193397521972656,27.2177560973596,26.860483569275118,26.982279543688907,46784600
2013-05-06,27.404504776000977,27.534422304373262,26.998512112652815,27.136548131401653,40978300
2013-05-07,27.047237396240234,27.43699005411201,26.99039866055969,27.323312582750923,43078300
2013-05-08,26.787397384643555,26.990393717030287,26.511322248698473,26.852354600318638,51595700
2013-05-09,26.519439697265625,26.795514822364872,26.462600974228554,26.67371578872652,46417800
2013-05-10,26.543794631958008,26.56815629383816,26.243360980242624,26.527554556530465,36394900
2013-05-13,26.819883346557617,26.852363513916004,26.430130630694713,26.478850881732292,36027600
2013-05-14,27.416786193847656,27.416786193847656,26.81988067342581,26.868942554808065,56870100
2013-05-15,27.678438186645508,27.719324639809763,27.335014438294543,27.35136839572056,46303900
2013-05-16,27.866512298583984,27.923749600576695,27.43314014452615,27.50673140697378,59382900
2013-05-17,28.512481689453125,28.512481689453125,27.882868135528344,27.907400640205648,60666700
2013-05-20,28.684194564819336,28.700545407761773,28.35712156038243,28.398004906137206,54020800
2013-05-21,28.496124267578125,28.839551218583466,28.389828197275765,28.700544106281555,48702400
2013-05-22,28.299875259399414,28.487941085467625,28.09545547638636,28.447057752704684,66047500
2013-05-23,27.923748016357422,28.250817849302866,27.719328201066954,27.989160735266974,51102700
2013-05-24,28.021865844726562,28.030041264070984,27.719325421806367,27.735676260495218,33174400
2013-05-28,28.6351318359375,28.765960410023368,28.136346922485366,28.144522343716062,48212100
2013-05-29,28.52065086364746,28.635125450545818,28.267169193230696,28.4061762767491,38412200
2013-05-30,28.643306732177734,28.823197187948388,28.463419395606273,28.49612419912887,51131000
2013-05-31,28.537002563476562,28.847718383556444,28.44705736111722,28.471586736597658,56165700
2013-06-03,29.1012020111084,29.13390992677009,28.479767209528806,28.55335534096984,51252600
2013-06-04,28.610591888427734,29.223851187855725,28.430701495785463,29.125727454124615,65529500
2013-06-05,28.438875198364258,28.528820389259266,28.152688790241882,28.291692725844776,46025100
2013-06-06,28.586069107055664,28.708722256289946,28.20176193657328,28.48794845918773,37618500
2013-06-07,29.16661262512207,29.25655782712223,28.667830983554616,28.823188892974155,40757300
2013-06-10,29.003082275390625,29.150264781196725,28.733246641679898,29.035787072859726,35994500
2013-06-11,28.487943649291992,28.765954703977798,28.35711510115742,28.659655533868882,39435900
2013-06-12,28.6187744140625,28.839548190989134,28.49612127603697,28.73324901264693,37372700
2013-06-13,28.389820098876953,28.635123211506762,28.283520939697986,28.61059383600327,45654900
2013-06-14,28.128164291381836,28.36528887668269,28.00551116996538,28.25081429359984,53192600
2013-06-17,28.6187744140625,28.74960297233026,28.316233957918094,28.36529271776921,49670100
2013-06-18,28.602418899536133,28.757776829284108,28.537006183557562,28.594243479738324,28616500
2013-06-19,28.28352165222168,28.692361223303696,28.28352165222168,28.58606206144682,30816200
2013-06-20,27.384077072143555,28.07092770714574,27.285953324858582,28.013687294963574,54493700
2013-06-21,27.204179763793945,27.580311342182746,27.02428939186985,27.523074063697393,85338500
2013-06-24,27.572141647338867,27.96462726092396,26.631809387009017,26.934349795964497,56109000
2013-06-25,27.531253814697266,28.111808346602377,27.35954195221183,27.866505240309152,44073400
2013-06-26,28.087276458740234,28.193575617467566,27.711144813026053,27.899210635883144,48665900
2013-06-27,28.30805206298828,28.438880605748306,28.209931435717884,28.226285393462703,28993100
2013-06-28,28.242637634277344,28.447057414862677,28.079101185969414,28.111809099470662,65545500
2013-07-01,28.095457077026367,28.61059583294303,28.070927699810795,28.41435145762289,31055400
2013-07-02,27.752031326293945,28.160870932204457,27.498552766916568,28.136341553993393,37630000
2013-07-03,27.809268951416016,28.103633970234668,27.474020595361146,27.523082471563818,15994400
2013-07-05,27.972803115844727,27.99733561152502,27.457667494535034,27.874682490718847,26085900
2013-07-08,28.07093048095703,28.283525716018218,27.784740868560668,28.08728132125503,32396900
2013-07-09,28.087276458740234,28.29169623826294,27.915564592548755,28.275345400795626,25318500
2013-07-10,28.373472213745117,28.46341743543625,28.062753207684562,28.07910716791922,29658800
2013-07-11,29.182973861694336,29.2483897046305,28.537009568294632,28.618776252765763,53638300
2013-07-12,29.16661262512207,29.215674495085327,28.847718268356637,29.093024498974625,35501200
2013-07-15,29.57546615600586,29.616352626556747,29.09303824318298,29.15845098150482,34142600
2013-07-16,29.6572208404541,29.78804936952086,29.403739200738055,29.444622531221757,36378500
2013-07-17,29.223844528198242,29.755333928398848,29.019424808306304,29.714450608259938,37285100
2013-07-18,28.978553771972656,29.34651008719785,28.798666443906264,29.207506101001133,49547100
2013-07-19,25.67512321472168,26.713574477796897,25.36440584552733,26.492803867525925,248428500
2013-07-22,26.173912048339844,26.173912048339844,25.83866523215982,25.920433471042493,79040700
2013-07-23,26.018556594848633,26.198447049490312,25.928611367527793,26.09214786091121,65810400
2013-07-24,26.133024215698242,26.321090041074992,26.075786926200898,26.198440043237113,52803100
2013-07-25,25.66695213317871,25.8795489334044,25.552477532903133,25.855019553116467,63213000
2013-07-26,25.855012893676758,25.855012893676758,25.519763039963404,25.56064792924506,38633600
2013-07-29,25.789609909057617,25.83867023805222,25.675133728603893,25.732371039030888,28870700
2013-07-30,26.04308319091797,26.263855392665793,25.797778491776914,25.985845895664852,45799500
2013-07-31,26.0349063873291,26.20661827424711,25.928607215770906,26.141203999287963,43898400
2013-08-01,25.895898818969727,26.239324125362725,25.838661527837427,26.21479474893415,42557900
2013-08-02,26.07578468322754,26.083961660966537,25.81412763397581,25.912249807244727,29199900
2013-08-05,25.920427322387695,26.16573042124726,25.871365454936527,26.08396220176105,30984000
2013-08-06,25.822307586669922,25.895898835200207,25.65877113224725,25.79777665062676,36331500
2013-08-07,26.214797973632812,26.24750277316114,25.55247665580283,25.789604387776393,38078600
2013-08-08,26.893465042114258,27.04064752933371,26.206614474822878,26.36197549977576,59034400
2013-08-09,26.738107681274414,26.901644128095324,26.55004185914977,26.79534496978199,26800700
2013-08-12,26.87711524963379,26.95888504364467,26.54186689218592,26.54186689218592,25493700
2013-08-13,26.539508819580078,26.803009745539477,26.523039619060263,26.770071344499847,39464100
2013-08-14,26.63831329345703,27.469990406316587,26.103078564332147,26.465391449024896,48519600
2013-08-15,26.17719078063965,26.498332275862875,25.394921183375413,26.3501126409632,33338000
2013-08-16,26.185420989990234,26.34187520671938,26.070139762183988,26.17718796279459,32866300
2013-08-19,25.847816467285156,26.325412257998593,25.83958186754656,26.15249037525599,27902500
2013-08-20,26.03721046447754,26.26777298670568,25.831350172151335,25.88899080270837,22979600
2013-08-21,26.028976440429688,26.358351030734607,25.97133580859686,26.028976440429688,37409100
2013-08-22,26.671253204345703,26.753599188178633,26.432454562997357,26.506564377857945,31169900
2013-08-23,28.614580154418945,28.985129302639972,27.99699928777681,28.960423931972755,225493800
2013-08-26,28.12051773071289,28.548704382774357,28.021702526841317,28.32637802701041,72786800
2013-08-27,27.387643814086914,28.079334317509506,27.297067950824758,27.60174021388654,58522300
2013-08-28,27.190025329589844,27.667619531202348,27.173556130751,27.494697655162224,44257400
2013-08-29,27.62644386291504,27.66761528310142,27.00886313658529,27.115911342012293,45284700
2013-08-30,27.5029354095459,27.5688090675176,27.247667524606214,27.47823003927517,42790200
2013-09-03,26.25130271911621,26.407756974688418,25.765473893920262,26.14425606251796,154507000
2013-09-04,25.69135856628418,25.913686431715814,25.617248754277306,25.84781121777515,142320600
2013-09-05,25.7160587310791,25.88898213544731,25.48549628603997,25.609012105966485,71644900
2013-09-06,25.650192260742188,25.847817954068134,25.633723060317678,25.781942722959485,75434900
2013-09-09,26.070146560668945,26.177194789195223,25.69136438733435,25.707832016608947,49628500
2013-09-10,26.671253204345703,26.679489373318045,26.17718986606052,26.267767307098644,56881200
2013-09-11,26.959463119506836,27.115915798398625,26.78653810041972,26.819476498453316,39087500
2013-09-12,26.918285369873047,26.99239518610025,26.835942525699778,26.94299073606755,32860200
2013-09-13,27.198253631591797,27.23119202354507,26.770063959733104,26.984160366251423,40899000
2013-09-16,27.008865356445312,27.58527470996379,26.95122473521129,27.486462665159507,52839700
2013-09-17,27.115909576416016,27.560568424303117,27.091207354148224,27.51939386561972,84716500
2013-09-18,27.43705940246582,27.502936203517965,27.033574990147102,27.16532545107263,64099900
2013-09-19,27.700557708740234,27.733496106156156,27.43705681176979,27.568807260255014,42026600
2013-09-20,27.000627517700195,27.568800600570462,26.918281544052377,27.511159989605844,102904900
2013-09-23,26.959463119506836,27.14885419643222,26.761835872483786,26.794774270517383,39826100
2013-09-24,26.720661163330078,27.066504876665945,26.473629490779008,27.066504876665945,40685000
2013-09-25,26.770069122314453,27.008867798260844,26.679493238742406,26.753603064340304,28907500
2013-09-26,26.98416519165039,27.173556267482333,26.83594554253348,26.877116969248508,28504000
2013-09-27,27.395877838134766,27.7911290747003,27.066500237074685,27.07473640474887,55348000
2013-09-30,27.404115676879883,27.42882104306317,26.926521526771097,27.173553200356892,39839500
2013-10-01,27.651147842407227,27.675850065045655,27.420582246796407,27.461753664919744,36718700
2013-10-02,27.93111801147461,28.021697026655,27.412352428278552,27.46999304863367,46946800
2013-10-03,27.881715774536133,27.996997024400994,27.519399685042604,27.89818497325661,38703800
2013-10-04,27.898189544677734,27.988768581893474,27.684093067407986,27.74173370178546,33008100
2013-10-07,27.42058563232422,27.7581963285038,27.33824278591095,27.667617312742262,35069300
2013-10-08,27.181785583496094,27.44528958907204,27.008863730205885,27.42882039239991,41017600
2013-10-09,27.231199264526367,27.46176178715169,27.140620233158195,27.231199264526367,35878600
2013-10-10,27.79936981201172,27.90641803322525,27.387649267074956,27.42882383451141,42875100
2013-10-11,28.10403823852539,28.112271265243713,27.733489212647072,27.733489212647072,30033300
2013-10-14,28.3675537109375,28.408725148133716,27.815846400734415,27.914661619420503,27757900
2013-10-15,28.40047836303711,28.812198817964898,28.384009167898665,28.54869483692755,47097800
2013-10-16,28.523990631103516,28.73808701183616,28.45811699630871,28.491052243117327,35111600
2013-10-17,28.75456428527832,28.812208057336726,28.301672267861896,28.36754906954076,31359200
2013-10-18,28.787494659423828,28.81220002375431,28.268729126152508,28.67221342980798,41811700
2013-10-21,28.81220054626465,28.98512239382437,28.746323761759246,28.803964377612488,27433500
2013-10-22,28.474592208862305,28.902778778476538,28.42518461643994,28.836905129758286,40438500
2013-10-23,27.79936981201172,28.40048457185645,27.725259988275962,28.28520018068424,58600500
2013-10-24,27.76642417907715,28.079329414644263,27.642906805284607,27.84876700082064,53209700
2013-10-25,29.42154312133789,29.88267115837617,29.207449868428046,29.54506051340211,113494000
2013-10-28,29.289796829223633,29.421547266772535,29.042765151466714,29.32273522390541,38383600
2013-10-29,29.248634338378906,29.413323220902114,29.03453784874499,29.33921338082563,31702200
2013-10-30,29.265113830566406,29.470974220807566,29.174534756271452,29.25687765589581,36997700
2013-10-31,29.15805435180664,29.388616895166113,29.100413715966774,29.363914663000187,41682300
2013-11-01,29.25685691833496,29.388607349056034,29.14157568410128,29.372138152568645,40264600
2013-11-04,29.594459533691406,29.62739791769582,29.27331814259136,29.306256526595774,28060700
2013-11-05,30.170867919921875,30.228508519871582,29.454475362563258,29.470944554145618,51681900
2013-11-06,31.438980102539062,31.47191849901092,30.51672698957571,30.66494663252069,88948800
2013-11-07,30.87903594970703,31.29898945650474,30.821395333895147,31.25781803680739,60437400
2013-11-08,31.10961151123047,31.10961151123047,30.7472984676977,31.019032465052454,36737800
2013-11-11,30.953153610229492,31.109606301221326,30.75552634792196,31.03549647050335,26872500
2013-11-12,30.76375961303711,30.961383715500386,30.632009164335432,30.780228811772126,31651600
2013-11-13,31.422510147094727,31.422510147094727,30.384975812660382,30.450849462838317,44957600
2013-11-14,31.307228088378906,31.39780710354654,31.060196409580588,31.183710678390636,46183700
2013-11-15,31.159029006958008,31.30724874024598,31.06021689849279,31.249608081876247,50601300
2013-11-18,30.63200569152832,30.94491414966172,30.52495748247619,30.755519956270213,53277500
2013-11-19,30.4826602935791,30.88920459797472,30.424579370807876,30.573923080790063,44275000
2013-11-20,30.7647647857666,31.038559576804154,30.582232815073855,30.632011959807095,32229900
2013-11-21,31.03025245666504,31.138109339757445,30.9140937775649,30.922392408572243,23064700
2013-11-22,31.171300888061523,31.26256684896094,30.97217803246345,31.1381126904616,27982000
2013-11-25,31.22939682006836,31.486600753603323,31.17131902298023,31.47000664514921,30646800
2013-11-26,30.988780975341797,31.237689388799925,30.9887809753418,31.17131296787724,34465300
2013-11-27,31.196197509765625,31.328947165190105,31.104934693224966,31.171307938436485,26002100
2013-11-29,31.63592529296875,31.768674914731772,31.378721516115117,31.378721516115117,22090400
2013-12-02,31.90142250061035,32.175217193335776,31.57784551602556,31.602735079455023,42950400
2013-12-03,31.785266876220703,31.93461058628912,31.594439505577824,31.644218632267012,52109800
2013-12-04,32.3079719543457,32.34116015420658,31.627629682202382,31.702301549388892,51983600
2013-12-05,31.528076171875,32.25820092731891,30.84773372873468,32.23330818866625,116305000
2013-12-06,31.826759338378906,31.984398558156645,31.51977636723224,31.876538478834348,36457300
2013-12-09,32.11714172363281,32.249891346382235,31.835048379665203,31.992690732618097,30286000
2013-12-10,31.61933135986328,32.274784005431314,31.544659499418813,32.03417432566574,37828600
2013-12-11,31.204492568969727,31.776974798970375,31.02196062679514,31.577851921144532,39853400
2013-12-12,30.880916595458984,31.229383226304535,30.847728392997166,31.229383226304535,36012800
2013-12-13,30.441181182861328,31.071744377036854,30.383103410371636,31.04685164239754,40066100
2013-12-16,30.60712242126465,30.69838840671188,30.31673352666125,30.474372760160012,31734200
2013-12-17,30.300113677978516,30.789628230808628,30.14247457842264,30.648580055417465,45687700
2013-12-18,30.349916458129883,30.36650739350795,29.47874359573333,30.167384518960926,63192100
2013-12-19,30.076112747192383,30.32501787485872,29.93506766868161,30.291829680503096,34160100
2013-12-20,30.532442092895508,30.640302151768704,30.02633316087593,30.03463179271271,62649100
2013-12-23,30.38309669494629,30.60711226717971,30.325018935293237,30.540739041147877,25128700
2013-12-24,30.7647647857666,30.839433502866466,30.399700844381105,30.46607725736086,14243000
2013-12-26,31.063444137573242,31.104930971493125,30.839428527410323,30.864321260762466,17612800
2013-12-27,30.938980102539062,31.212774734110347,30.839415541058845,31.179589711950005,14563000
2013-12-30,30.938980102539062,31.013651941149366,30.61540319022767,30.880902357508802,16290500
2013-12-31,31.038551330566406,31.17959958817428,30.880912139123,31.03025586364864,17503500
2014-01-02,30.83112335205078,31.03024933116524,30.78134106602215,30.988762510308014,30632200
2014-01-03,30.623703002929688,30.8809067424423,30.366499263417072,30.864312646505986,31134800
2014-01-06,29.9765682220459,30.60712844514497,29.959974115516687,30.573940232086546,43603700
2014-01-07,30.20886993408203,30.275246339436265,30.042932085697654,30.142496693729004,35802800
2014-01-08,29.66957664489746,29.984858282055672,29.520236043087394,29.868702722313603,59971700
2014-01-09,29.478748321533203,29.79402994927731,29.370891399279895,29.769140377219088,36516300
2014-01-10,29.901880264282227,29.99314621867107,29.661270596348093,29.785724745969333,40548800
2014-01-13,29.02241325378418,29.885287374703015,28.897962264132822,29.86039780977287,45901900
2014-01-14,29.686166763305664,29.769137269841618,28.732029675651216,28.814997017185966,41623300
2014-01-15,30.499252319335938,30.524145048559102,29.744238276244392,29.78572510328282,44812600
2014-01-16,30.60712242126465,30.69838840671188,30.125906086635933,30.44118455363346,38018700
2014-01-17,30.183988571166992,30.55734804029261,29.993161101392136,30.55734804029261,46267500
2014-01-21,30.009742736816406,30.549039932217198,29.918479930441872,30.549039932217198,31567300
2014-01-22,29.81062889099121,30.13420604027523,29.661285104398274,30.084423723076902,21904300
2014-01-23,29.91847801208496,29.97655577832715,29.470446816787305,29.943367579045645,43954000
2014-01-24,30.540739059448242,31.15470485186282,30.30842485569631,31.071737528023185,76395500
2014-01-27,29.893585205078125,30.607115662834786,29.85210153858083,30.590521563235693,44420800
2014-01-28,30.09269905090332,30.192260443185166,29.661262131015867,29.96824493680132,36205500
2014-01-29,30.41628646850586,30.598818388314353,29.785726545986673,29.85209977546205,52745900
2014-01-30,30.582229614257812,30.59882371576597,30.059526494255234,30.52415184147989,35036300
2014-01-31,31.39531707763672,31.436800742933386,30.333320054038264,30.65689707435337,93162300
2014-02-03,30.266952514648438,31.519780462230795,30.225468837212308,31.312358910048445,64063100
2014-02-04,30.159082412719727,30.8560187233672,30.07611508538101,30.67348997022189,54697900
2014-02-05,29.719350814819336,30.25864795447158,29.702756715829953,30.109304228567904,55814400
2014-02-06,30.018037796020508,30.076115559072452,29.61149028965618,29.702756250166583,35351800
2014-02-07,30.333324432373047,30.35821400214347,29.876994553240355,30.13419837920594,33260500
2014-02-10,30.532442092895508,30.532442092895508,30.109303654240197,30.391397001677305,26767000
2014-02-11,30.839426040649414,30.9140979046825,30.582225415091646,30.59881951432131,32141400
2014-02-12,31.08833885192871,31.19619576499027,30.947290570615596,30.988774242177833,27051800
2014-02-13,31.204492568969727,31.411914079622274,30.972181489839215,30.972181489839215,37635500
2014-02-14,31.212785720825195,31.34553535119284,30.97217919172192,31.021958324984258,31407500
2014-02-18,31.2796630859375,31.580590353536188,31.271305412386273,31.455206117859845,32834000
2014-02-19,31.354890823364258,31.55551003857309,31.104119195903905,31.11248005710199,29750400
2014-02-20,31.555496215820312,31.65580418511812,31.26292997672969,31.40503266750718,27526100
2014-02-21,31.747766494750977,32.05705137717236,31.64745848750994,31.714329429425945,38021300
2014-02-24,31.505352020263672,31.7477659566604,31.379967810521023,31.505352020263672,32085100
2014-02-25,31.379968643188477,31.639097930106345,31.22114417573911,31.43848191370116,30736500
2014-02-26,31.32145881652832,31.54715425135035,31.08740252000856,31.413409162796675,41041800
2014-02-27,31.6474609375,31.67253714406802,31.120838278431453,31.304738963221745,33903400
2014-02-28,32.023624420166016,32.14900865912651,31.61402825326503,31.7477733547304,41215000
2014-03-03,31.580591201782227,31.873160803688034,31.33818039746967,31.69761776705065,29717500
2014-03-04,32.107215881347656,32.16572916753037,31.82300712471664,31.93167602279951,26802400
2014-03-05,31.85643768310547,31.99018276541349,31.705974066917157,31.973464231533203,20520100
2014-03-06,31.889867782592773,31.965099574247986,31.672530078373892,31.881506923112422,23582200
2014-03-07,31.680896759033203,32.06541345870872,31.50535375376031,31.998539325512535,26591600
2014-03-10,31.614025115966797,31.77284641171628,31.530435631621685,31.7561310658348,19006600
2014-03-11,31.78120231628418,31.95674211926956,31.530430713628785,31.655814920589517,25216400
2014-03-12,31.990175247192383,32.1239202980681,31.588940094565224,31.59729776517403,30494100
2014-03-13,31.67253303527832,32.140642359138766,31.46355617103,32.11556296708992,32169700
2014-03-14,31.51371955871582,31.881517782793253,31.354895061825253,31.47192481327845,27195600
2014-03-17,31.806270599365234,32.10719772310683,31.58893611484805,31.68088642362833,20479600
2014-03-18,33.060142517089844,33.35271206886874,31.948387148785795,31.981821026895044,64063900
2014-03-19,32.82609939575195,33.06015255726831,32.52517208023939,32.993281592007285,35597200
2014-03-20,33.71214294433594,33.979633025274914,32.80100385965839,32.809361529616915,59269800
2014-03-21,33.57005310058594,34.22206008611574,33.444665670106446,34.038162560476586,80721800
2014-03-24,33.8542594909668,33.97128605061458,33.319279110442885,33.72051439583582,46098400
2014-03-25,33.720516204833984,34.26385747661532,33.40287039108175,33.98800640944594,43193100
2014-03-26,33.26076889038086,34.02980246094614,33.10194438304703,33.837544068304815,41977500
2014-03-27,32.90131759643555,33.41122164887395,32.88459906486155,33.21896331887377,35369200
2014-03-28,33.68706512451172,33.97127374732577,33.168803467168495,33.26075378465737,43472700
2014-03-31,34.26385498046875,34.69016646653234,33.770669353756624,33.79574556213256,46886300
2014-04-01,34.623287200927734,34.76539313440403,34.33072085073251,34.397594981482314,32605000
2014-04-02,34.56476593017578,34.82389834374874,34.414302359550625,34.63999771548836,28666700
2014-04-03,34.28056335449219,34.5146196104223,34.02979175553425,34.5146196104223,30139600
2014-04-04,33.327632904052734,34.59821275425252,33.1353745514792,34.48118620822813,51409600
2014-04-07,33.26911163330078,33.66198910513751,33.218959233480575,33.40285668071043,37559600
2014-04-08,33.285831451416016,33.37778177295735,32.767569771231805,33.227318190204905,35918600
2014-04-09,33.829193115234375,33.89606408786994,33.33600733569694,33.37780209218611,27398700
2014-04-10,32.90131759643555,34.013072841868556,32.675622203287375,33.80409598029438,45960800
2014-04-11,32.775943756103516,33.2607718060132,32.600403885095595,32.600403885095595,34330200
2014-04-14,32.750850677490234,32.94310898798029,32.51679763667338,32.69233741728602,32006600
2014-04-15,33.227333068847656,33.40287293108479,32.64219700598887,32.884611018831585,33968700
2014-04-16,33.77066421508789,33.78737955897203,33.36106813777755,33.4864555380469,30615800
2014-04-17,33.444664001464844,33.603488497312675,33.02671017236577,33.444664001464844,36688400
2014-04-21,33.38614273071289,33.561685720362924,33.26075852523018,33.54496718855178,22221200
2014-04-22,33.427940368652344,33.55332457306247,33.29419530404122,33.402860976783224,27056700
2014-04-23,33.17716598510742,33.427940774439605,32.993268511993435,33.427940774439605,24602800
2014-04-24,33.31928634643555,33.41123671719481,32.85117681744987,33.21897830048693,42381600
2014-04-25,33.36105728149414,34.00470622853607,33.22731225280575,33.67870292040394,56876800
2014-04-28,34.16352844238281,34.51461114580897,33.511521807248215,33.55331653203552,50610200
2014-04-29,33.862613677978516,34.43103107094679,33.76230566414125,34.35579926338527,29636200
2014-04-30,33.77066421508789,33.854253689444754,33.578402684345825,33.77066421508789,35458700
2014-05-01,33.4362907409668,33.737217867832804,33.394496015287224,33.63690988845519,28787400
2014-05-02,33.17716598510742,33.72050711034861,33.15208978166776,33.69543090690896,43416600
2014-05-05,32.95982360839844,33.1353633681898,32.85115477145148,33.03505538955662,22460900
2014-05-06,32.650550842285156,32.892961614222365,32.55860049935911,32.84280920079675,27112400
2014-05-07,32.95146560668945,33.02669739436957,32.19079005958313,32.78428669071891,41744500
2014-05-08,33.13536834716797,33.35270605371942,32.57531192785005,32.88459676853706,32120400
2014-05-09,33.051788330078125,33.310917653604726,32.9096823753754,33.051788330078125,29647600
2014-05-12,33.41122055053711,33.45301528373125,33.14373043161415,33.218962226857094,22782600
2014-05-13,34.02574157714844,34.093087488887164,33.545913195314334,33.60483926247082,27004800
2014-05-14,33.87422180175781,34.051000014205044,33.71427685706078,33.92472802746844,18818700
2014-05-15,33.3354606628418,34.00890690752926,33.259698120875946,33.74794632715138,37793200
2014-05-16,33.52907943725586,33.53749607048495,33.05766769568252,33.394387615752244,29867100
2014-05-19,33.46173858642578,33.52066466162924,33.21761443987987,33.343886436018856,24537400
2014-05-20,33.40281295776367,33.621680781269546,33.21761488394542,33.40281295776367,21320900
2014-05-21,33.96681213378906,33.96681213378906,33.45331405835564,33.503820275909696,22398700
2014-05-22,33.75636291503906,33.96681406341519,33.54591176666293,33.91630784299191,20201800
2014-05-23,33.773197174072266,33.98364830862621,33.672181528630624,33.98364830862621,18020000
2014-05-27,33.83211898803711,33.8910450414171,33.51223561575403,33.8910450414171,26160600
2014-05-28,33.680599212646484,33.83212429115459,33.52065750143441,33.79003470517558,25711500
2014-05-29,33.95838928222656,33.96680591320101,33.59641313697613,33.798447603880824,19888200
2014-05-30,34.46348190307617,34.488738226716784,33.88263783902145,34.05099941462904,34567600
2014-06-02,34.337215423583984,34.58975619825059,34.244616390252524,34.47190405082152,18504300
2014-06-03,33.91630554199219,34.24460879738896,33.88263258984137,34.17726289308734,18068900
2014-06-04,33.94156265258789,33.98365224212452,33.55433329088316,33.8489636288694,23209000
2014-06-05,34.69076919555664,34.7244421525816,34.00890947756583,34.168851206589494,31865200
2014-06-06,34.918060302734375,35.06958541314906,34.71602896300163,34.918060302734375,24060500
2014-06-09,34.74127197265625,34.918050146311465,34.53082084842976,34.842287613140755,15019200
2014-06-10,34.6065788269043,34.64866840396417,34.39612773037604,34.53923293462539,15117700
2014-06-11,34.39613723754883,34.57291543679955,34.32037469340855,34.45506330396574,18040000
2014-06-12,34.160430908203125,34.41297163633779,33.9163068128068,34.35404557348068,29818900
2014-06-13,34.70759963989258,34.99381330238448,34.39613286963736,34.59816415420261,26310000
2014-06-16,34.93489074707031,35.027489766461706,34.547661403460566,34.547661403460566,24205300
2014-06-17,35.086402893066406,35.28001749347519,33.95838502151589,34.75809973536331,22518600
2014-06-18,35.061161041259766,35.13692357974758,34.66551187235345,35.027488088325285,27097000
2014-06-19,34.943302154541016,35.16217311514075,34.79178030419479,34.993811578809236,19828200
2014-06-20,35.086402893066406,35.21267482044229,34.833862249543145,34.89278829265762,47764900
2014-06-23,35.347381591796875,35.35579822605228,35.09483760691237,35.128510566394326,18743900
2014-06-24,35.145328521728516,35.30527017812048,34.98538686533655,35.21267440519575,26509100
2014-06-25,35.381046295166016,35.39788277250633,34.90121793027108,35.10325244712512,20049100
2014-06-26,35.120094299316406,35.30528915594303,34.875970157365174,35.29687252159963,23604400
2014-06-27,35.566246032714844,35.599918989003115,34.943309186301306,35.027491577021976,74640000
2014-06-30,35.1032600402832,35.532579066022855,35.1032600402832,35.49890610405846,30793100
2014-07-01,35.2463493347168,35.48205675039167,35.09482428579328,35.23793270365613,26917000
2014-07-02,35.2716178894043,35.2716178894043,34.960147841189354,35.128509421883635,20208100
2014-07-03,35.18743133544922,35.3473762632621,34.98540003147356,35.28003035445043,15969300
2014-07-07,35.347381591796875,35.456813893267984,35.11167408665335,35.145347046135306,21952400
2014-07-08,35.17058181762695,35.35577978696129,35.0274766313075,35.246344331333866,31218200
2014-07-09,35.077999114990234,35.34737956416323,34.96014697479391,35.33895971916065,18445900
2014-07-10,35.0948486328125,35.35580933393956,34.55609395675898,34.82547129478574,21854700
2014-07-11,35.43155288696289,35.43155288696289,34.91805160855004,35.103249633218134,24083000
2014-07-14,35.473636627197266,35.73459714521661,35.389457472341434,35.540982520065064,21881100
2014-07-15,35.7346076965332,35.75144417472144,35.38104807703995,35.633592038633644,28748700
2014-07-16,37.106746673583984,37.30036133770115,35.75985744622215,35.78511055551539,63318000
2014-07-17,37.485557556152344,38.47888723431324,37.249853297344565,38.26001945273883,82180300
2014-07-18,37.62025451660156,37.74652651827646,37.249861568908464,37.586584765887935,43407500
2014-07-21,37.74652099609375,38.01589822977623,37.22460300723769,37.510816719429066,37604400
2014-07-22,37.738094329833984,38.00747149190291,37.53605985266775,37.88119954227038,43095800
2014-07-23,37.77177429199219,38.26002253743559,37.561323126452095,38.26002253743559,52362900
2014-07-24,37.376121520996094,37.88120294240306,37.3087756188195,37.82227688361322,30725300
2014-07-25,37.460304260253906,37.594992866223606,37.29194269998436,37.29194269998436,26737700
2014-07-28,37.01414108276367,37.468713025440735,36.98046813553456,37.342444290175045,29684200
2014-07-29,36.946800231933594,37.1151617798333,36.736349099866324,36.963636707846504,27763100
2014-07-30,36.68584060668945,37.12357610834228,36.44171653794633,37.0983230016548,31921400
2014-07-31,36.3322868347168,36.77844225036883,36.26494413576448,36.517484876487714,31537500
2014-08-01,36.079742431640625,36.40804568237866,35.86087145699565,36.37437273070568,31170300
2014-08-04,36.509063720703125,36.593246105406884,36.03765521128057,36.172343815576966,34277400
2014-08-05,36.26494216918945,36.58482559151836,36.05449102812748,36.45855683361892,26266400
2014-08-06,35.978729248046875,36.34070226397989,35.53257063594544,35.978729248046875,24634000
2014-08-07,36.39120864868164,36.57640666881463,35.902963701825634,36.06290540297634,30314900
2014-08-08,36.36595153808594,36.46696716920804,36.12182748591427,36.39120464305921,28942700
2014-08-11,36.36595153808594,36.57640264280724,36.21442648578828,36.41645774803248,20351600
2014-08-12,36.635337829589844,36.694263896705635,36.197599037279815,36.23127199312593,21431100
2014-08-13,37.106746673583984,37.19092584538116,36.63533496232291,36.770023563936135,22889500
2014-08-14,37.26668167114258,37.39295040609187,37.04781072593077,37.106739989048556,19313200
2014-08-15,37.70443344116211,37.79703247234565,37.37613012058782,37.527655224119044,41611300
2014-08-18,37.97380828857422,37.97380828857422,37.611832032049264,37.830699828184635,26891100
2014-08-19,38.397342681884766,38.40581188467864,37.973811453880494,38.09239968071579,28139500
2014-08-20,38.07544708251953,38.45662572424541,38.03309461816908,38.40580082825333,24770500
2014-08-21,38.304161071777344,38.329571908644326,37.973807267360606,37.98227646922078,22285500
2014-08-22,38.244873046875,38.51593278751701,38.177106496071,38.41428296131101,18294500
2014-08-25,38.261802673339844,38.490509882891324,38.15168690048214,38.45662984655078,16910000
2014-08-26,38.12626647949219,38.4566234368624,38.06697238667116,38.3803877130517,14873100
2014-08-27,38.0076904296875,38.117809450638525,37.91451304513562,38.03310449992958,21287900
2014-08-28,38.01616668701172,38.10087164623988,37.78745941955122,37.906047654985464,17657600
2014-08-29,38.48204803466797,38.49051723754981,37.999222688231136,38.19404666738224,21607600
2014-09-02,38.19404220581055,38.50745437641797,37.99074581623845,38.48204353945389,22976800
2014-09-03,38.083927154541016,38.21098781514977,37.71969004083519,37.71969004083519,33684500
2014-09-04,38.33803939819336,38.346511830961596,37.8806281985848,37.89756983283495,26475500
2014-09-05,38.88862991333008,38.905571547018894,38.210980722208426,38.210980722208426,36939400
2014-09-08,39.36296844482422,39.64249719807384,38.95637911109807,38.98178993467946,45736700
2014-09-09,39.60863494873047,39.786520501980505,39.320633614047686,39.36298931752267,40302400
2014-09-10,39.67639923095703,39.76110417051275,39.20204316810055,39.65945759678862,27302400
2014-09-11,39.81192398071289,39.81192398071289,39.362982042175915,39.59168922726624,29216400
2014-09-12,39.55780792236328,39.82886758523842,39.473099758161005,39.73569022025895,38244700
2014-09-15,39.16815948486328,39.566276541257814,39.04956805672417,39.42227751116077,37667600
2014-09-16,39.60863494873047,39.684870691184344,39.21051783261493,39.29522277699189,27910600
2014-09-17,39.405338287353516,39.54933732625298,39.15968944669255,39.18510028148982,38311900
2014-09-18,39.54087448120117,39.66793513818469,39.35451971263514,39.46463873326841,35556600
2014-09-19,40.252410888671875,40.29476336794153,39.47311169870472,39.65099728169652,202522400
2014-09-22,39.86275863647461,40.13381835229015,39.794992091877376,40.066051807692915,38686100
2014-09-23,39.4392204284668,39.79498503061495,39.362984694965604,39.68486603082742,33430300
2014-09-24,39.87969970703125,39.90511054525148,39.25287210354359,39.49852097729461,26582700
2014-09-25,38.998748779296875,39.8881635414666,38.990276346839195,39.7102812352899,33077400
2014-09-26,39.31216049194336,39.49004279616859,38.7615687145382,38.90557098316304,27078800
2014-09-29,39.33757781982422,39.43922763726302,38.76157511281785,38.94792988016894,26091000
2014-09-30,39.26981735229492,39.371463945814014,38.97334354354106,39.278286555385286,33033100
2014-10-01,38.88016128540039,39.41380821367859,38.83780558491071,39.19357343504912,38088400
2014-10-02,38.761573791503906,39.04957513518963,38.65992720881677,38.82087113196522,25119400
2014-10-03,39.041114807128906,39.21899717508608,38.634525152675074,38.94793740545019,32453200
2014-10-06,39.041114807128906,39.21899717508608,38.897112486910714,39.066525650754976,20604000
2014-10-07,38.566741943359375,38.905568124759064,38.47356458191016,38.84627402770701,25723700
2014-10-08,39.625572204589844,39.71874957187878,38.40580369141878,38.524391892955194,33031000
2014-10-09,38.83781814575195,39.64252824601931,38.744643975884784,39.38841011732628,34422800
2014-10-10,37.29616165161133,39.066522444341174,37.22839833040775,38.62604954701316,51978100
2014-10-13,36.974273681640625,37.745100307809665,36.83874383191705,37.11827273328408,37100200
2014-10-14,37.04202651977539,37.592618196234156,36.89802750883775,37.16061470085006,38115700
2014-10-15,36.610023498535156,36.754022498628075,35.6613116588152,36.42366881014635,60218700
2014-10-16,36.20344543457031,36.49144675624932,35.762972634867936,36.02555988935214,49040400
2014-10-17,36.957340240478516,37.2199275649386,36.245807563851294,36.59310308272368,40683300
2014-10-20,37.33850860595703,37.38933027711928,36.26273907210982,36.474504652049355,34527900
2014-10-21,38.01616668701172,38.10087164623988,37.43169148196141,37.57569379019375,36433800
2014-10-22,37.59264373779297,38.177115840748215,37.46558303957811,38.117821709924684,33570900
2014-10-23,38.13474655151367,38.49898361255804,37.71968458731671,37.795920326402424,45451900
2014-10-24,39.07498550415039,39.72722387459563,38.270275658469316,39.66792977103573,61076700
2014-10-27,38.88862991333008,39.049570586444524,38.71921680772811,38.71921680772811,30371300
2014-10-28,39.37992477416992,39.38839397476425,38.77003893022657,38.84627466071949,29049800
2014-10-29,39.49003601074219,39.557802532871264,39.25285964586168,39.3375645672374,30276100
2014-10-30,39.00722885131836,39.235936122120485,38.770052376984495,39.235936122120485,30073900
2014-10-31,39.76957321166992,39.78651484439354,39.37145292088003,39.76110077966509,35849700
2014-11-03,40.18464660644531,40.20158824536745,39.58323296550203,39.71876284559188,23130400
2014-11-04,40.29473876953125,40.43026855923056,40.02367919013263,40.06603164354772,21530800
2014-11-05,40.540409088134766,40.57429236140467,40.03216968294653,40.489584178229904,22449600
2014-11-06,41.25193786621094,41.38746771550552,40.481111242481745,40.54040534959272,33037800
2014-11-07,41.2349967956543,41.438289956736064,40.90464298543153,41.438289956736064,28000600
2014-11-10,41.41288375854492,41.63312181088913,41.12488238867804,41.209590574690004,36370100
2014-11-11,41.39592361450195,41.4636901330152,41.20957215116142,41.37898198487364,23445200
2014-11-12,41.319698333740234,41.43828653980711,41.09946355551407,41.133346823329255,22722100
2014-11-13,42.022769927978516,42.056653202508514,41.26041240748803,41.345120593813036,26210400
2014-11-14,41.997344970703125,42.39546200310308,41.83640108642888,42.13287479197912,29081700
2014-11-17,41.89570236206055,42.107467946055536,41.62464267304986,41.853349891518825,30318600
2014-11-18,41.546226501464844,42.049145646544495,41.512129516657,41.87866397417272,23995500
2014-11-19,41.102962493896484,41.55473601931683,40.8557643094842,41.4780194535222,26177500
2014-11-20,41.51211929321289,41.51211929321289,40.804621665193395,40.91543521269443,21510600
2014-11-21,40.89838409423828,41.81045701873083,40.5488982376726,41.784885913900744,42884800
2014-11-24,40.56596374511719,40.91544974831735,40.39548205416564,40.90692712702028,35434200
2014-11-25,40.463653564453125,40.88985592935643,40.446605079657076,40.62560929251662,28008000
2014-11-26,40.702335357666016,40.906913971348914,40.301704000523166,40.48071150687073,27163600
2014-11-28,40.753482818603516,41.08592023690032,40.583001174135,40.8728189942314,21534400
2014-12-01,41.44394302368164,41.58032773584988,40.668254363537024,40.81316494927904,31191600
2014-12-02,41.30754089355469,41.810459917299305,41.085917049107906,41.63145566774613,25773500
2014-12-03,40.983619689941406,41.34162810447954,40.75347002988151,41.29048265168871,23534800
2014-12-04,41.631465911865234,41.81899607754205,41.08592715898806,41.247882960102395,30320400
2014-12-05,41.2734375,41.742262725939284,41.239343780385816,41.614400709471084,27313400
2014-12-08,40.659725189208984,41.21378657049924,40.446623907558696,41.137069979038436,26663100
2014-12-09,40.56596374511719,40.847255771269616,40.105664155048345,40.15680963783415,24330500
2014-12-10,39.97779846191406,40.62562487430516,39.80731680023201,40.55743416063269,30431800
2014-12-11,40.207942962646484,40.69381681231809,39.79026632658431,40.13122963296195,29060400
2014-12-12,40.020408630371094,40.68528337736561,39.781733059612534,39.8754981140177,34248400
2014-12-15,39.78173828125,40.6341432489391,39.67945059559404,40.23351512525871,29247800
2014-12-16,38.49460220336914,39.50044016840622,38.46903109886246,39.12538321175387,47801400
2014-12-17,38.98900604248047,39.168010311675204,38.272985714034526,38.400844512744904,34970900
2014-12-18,40.50628662109375,40.50628662109375,39.50044844529425,39.7050270792141,40105600
2014-12-19,40.625614166259766,41.00067112176947,40.20793436781359,40.600043061830995,64551200
2014-12-22,40.89838409423828,41.017720252333916,40.66823439576823,40.72790247481605,26566000
2014-12-23,41.299015045166016,41.59735543775418,41.026245757180725,41.23082109733649,23648100
2014-12-24,41.03477478027344,41.46097726573812,40.9836325630845,41.46097726573812,11437800
2014-12-26,40.81314468383789,41.26491820888289,40.76199922279516,41.26491820888289,13197800
2014-12-29,40.446617126464844,40.72790908021601,40.28465809849673,40.65971837238756,14439500
2014-12-30,40.080081939697266,40.59152361924528,39.92664878549949,40.438090465047495,16384700
2014-12-31,39.594215393066406,40.438094575260976,39.594215393066406,39.83288776755906,21552500
2015-01-02,39.85845947265625,40.42104668639275,39.670932569188935,39.77322026668631,27913900
2015-01-05,39.4919319152832,39.83289202216725,39.423737942905845,39.5260256498043,39673900
2015-01-06,38.912288665771484,39.84993284378193,38.818523597637046,39.534543911420876,36447900
2015-01-07,39.40667724609375,39.602729978462385,38.77589945528449,39.19357602591046,29114100
2015-01-08,40.56596374511719,40.702348447544864,39.82437212889592,39.84994324445492,29645200
2015-01-09,40.22499465942383,40.762010771690115,39.97779965684682,40.5830064848238,23944200
2015-01-12,39.722068786621094,40.52333150893356,39.51749342255559,40.42104057523402,23651900
2015-01-13,39.51750564575195,40.83873305720661,39.261784735739404,40.03747333872255,35270600
2015-01-14,39.17653274536133,39.41520835482416,38.886714917323395,39.17653274536133,29719600
2015-01-15,38.767372131347656,39.53453779589711,38.70770405206786,39.398153150162365,32750800
2015-01-16,39.415199279785156,39.44929300042975,38.50312315463444,38.62246255772239,35695300
2015-01-20,39.543052673339844,39.764679711568185,38.84408109431042,39.4663361219017,36161900
2015-01-21,39.142433166503906,39.32996329327436,38.76737616462978,39.15948165545275,39081100
2015-01-22,40.17383575439453,40.182358370944314,39.27881144003168,39.53453220818307,35898000
2015-01-23,40.21647262573242,40.3954769152088,39.89255777929846,40.36990580290286,26211600
2015-01-26,40.071556091308594,40.17384702860842,39.415207127802645,40.06303347236706,42525500
2015-01-27,36.36360168457031,36.8239012221178,35.89477952669821,36.610799945660716,169164000
2015-01-28,35.11056900024414,36.47441927057842,35.084997884790326,36.4317996609328,84507100
2015-01-29,35.80952453613281,35.90328958523435,34.769592882005796,34.888929034801826,63585300
2015-01-30,34.43716049194336,35.44299857003973,34.39453764408609,35.41742421099202,78004900
2015-02-02,35.18727493286133,35.263991507637435,34.292250394917936,34.599116694022364,50352500
2015-02-03,35.46004867553711,35.74134390201399,34.991226549742855,35.48562303809596,52082400
2015-02-04,35.66462707519531,35.980016030161046,35.25547304537478,35.7498662786994,41614800
2015-02-05,36.18458938598633,36.346545149656606,35.68167035476453,35.988536645227555,36548200
2015-02-06,36.15048599243164,36.474400713946245,35.92886218402657,36.3806356694289,34616600
2015-02-09,36.107879638671875,36.43179447890723,35.98001757625422,36.005591939738146,31381100
2015-02-10,36.31246566772461,36.45737626433452,35.95445699080884,36.43180514503147,29670700
2015-02-11,36.12492370605469,36.355073439218586,35.98001316961804,36.355073439218586,38262500
2015-02-12,36.73012924194336,36.73012924194336,36.23573281261489,36.36359485514241,33268800
2015-02-13,37.3950080871582,37.3950080871582,36.781278671250845,36.977331439688896,40264900
2015-02-17,37.41218185424805,37.77273823825068,37.07737528720647,37.74698514648141,33695700
2015-02-18,37.369239807128906,37.51518157309671,37.249054396806486,37.45508886793551,27111700
2015-02-19,37.34349060058594,37.369243684096325,36.957177973894304,37.068780127117925,27603400
2015-02-20,37.65254592895508,37.66971574528128,37.16321762548502,37.35207905545799,29721100
2015-02-23,37.90149688720703,37.93583323919379,37.47226137670551,37.51518427279425,32518800
2015-02-24,37.850006103515625,38.030284320832806,37.704064255109806,37.90151556909568,25271700
2015-02-25,37.76414489746094,37.84999069700958,37.60103329358825,37.72980526771855,29759800
2015-02-26,37.82423400878906,37.97017250908042,37.678292233690684,37.764141299868264,28957300
2015-02-27,37.643951416015625,37.944418225918675,37.480843107650145,37.884325518899445,33807700
2015-03-02,37.66972732543945,37.935851373286475,37.386430181179385,37.48944583599731,31924000
2015-03-03,37.154632568359375,37.626794349225996,36.991524218937656,37.39500673174813,31748600
2015-03-04,36.96575927734375,37.09452795144631,36.811234248575325,36.92283311116953,25748700
2015-03-05,37.008697509765625,37.1202996934285,36.75974005190538,36.97435787251427,23193500
2015-03-06,36.36484146118164,37.008694877208775,36.18456329064792,36.914262518888876,36248800
2015-03-09,36.785484313964844,37.02585844222675,36.21889353453086,36.21889353453086,32108000
2015-03-10,36.081539154052734,36.66529976191774,36.081539154052734,36.3562496430707,39159700
2015-03-11,36.03861999511719,36.37342323368623,35.918434553047035,36.321917058403415,32215300
2015-03-12,35.21449279785156,35.75533062886587,35.07713752209645,35.48062007735564,59992500
2015-03-13,35.523529052734375,35.600791569715554,34.86250602407469,34.93976854105587,58007700
2015-03-16,35.678062438964844,35.746738428577004,35.437688288303356,35.60079990389643,35273500
2015-03-17,35.79825210571289,35.90985428617466,35.32609356887801,35.514955018727186,31673400
2015-03-18,36.48501968383789,36.768316702702194,35.48061012562556,35.566455920841136,44194800
2015-03-19,36.30475616455078,36.5622969286853,36.24466342874634,36.278999795771384,33879100
2015-03-20,36.811256408691406,36.89710224310503,36.476453069746135,36.536545808797406,71904500
2015-03-23,36.794071197509766,37.02585878325043,36.725391938857435,36.81124101217285,26246100
2015-03-24,36.82841873168945,37.06020309237302,36.69964673148036,36.72539982159898,25513300
2015-03-25,35.59221649169922,36.8541702506399,35.57504667408279,36.84558370442776,43469900
2015-03-26,35.37759017944336,35.72097989961028,35.128632796062696,35.386176723591426,37495600
2015-03-27,35.17156219482422,35.56645811689016,35.051376764178706,35.30033089559839,34401400
2015-03-30,35.16298294067383,35.66089785636695,35.12006003151602,35.28316839623891,35049700
2015-03-31,34.90542984008789,35.22306318505292,34.80241423965729,35.008445440518486,34887200
2015-04-01,34.95695495605469,34.99129132172697,34.604981828149,34.85393603461276,36865300
2015-04-02,34.587806701660156,34.97411941078077,34.4418648894111,34.905440140355836,37487500
2015-04-06,35.66947937011719,35.86692736235728,34.49337468816188,34.63072995558142,39223700
2015-04-07,35.65229797363281,35.97851785586158,35.46343658902191,35.720977222441746,28809400
2015-04-08,35.5578727722168,35.7896603712032,35.231656099398144,35.592212403505336,24753400
2015-04-09,35.609378814697266,35.72956423790927,35.41193086587651,35.41193086587651,25723900
2015-04-10,35.8154182434082,36.01286621943795,35.549291001903256,35.73815570715242,28022000
2015-04-13,35.8497428894043,36.10728677599034,35.53210957736981,35.540696120152845,30276700
2015-04-14,35.75532531738281,36.0815420020864,35.53212098068288,35.88409402719498,24244400
2015-04-15,36.27899932861328,36.45069426076157,35.78108762767253,35.849763635646774,27343600
2015-04-16,36.19314193725586,36.34766699934208,35.90126162829382,36.01286378975773,22509700
2015-04-17,35.72956466674805,35.832583552000955,35.33466876436686,35.77248756486649,42387600
2015-04-20,36.83700180053711,37.060202888220935,35.781082538986425,35.824005447217004,46057700
2015-04-21,36.60520553588867,37.04302761111578,36.51077319516097,36.9142556419767,26013800
2015-04-22,36.90568161010742,37.02586706482357,36.52795215264749,36.63096778886018,25064300
2015-04-23,37.20613479614258,37.437922368620825,36.74255965118607,36.81982217534549,46309500
2015-04-24,41.09502029418945,41.326807938618416,39.18921623134264,39.197799503443804,130933700
2015-04-27,41.23236846923828,41.31821754950315,40.53700893053438,40.545592201157085,59248200
2015-04-28,42.20244598388672,42.245368890880876,40.94907876073314,41.01775475696221,60730800
2015-04-29,42.116600036621094,42.331217845720616,41.635854965307324,41.82471968525343,47804600
2015-04-30,41.756038665771484,42.52866405609686,41.72169903179975,41.80754811672909,64725500
2015-05-01,41.77320861816406,41.96207333081308,41.550007546239755,41.70453262480572,38937300
2015-05-04,41.41264724731445,41.953481681700914,41.36113780245545,41.52424613229793,34039500
2015-05-05,40.86322021484375,41.343965176418635,40.61426610197065,41.052084891678014,50369200
2015-05-06,39.73005676269531,41.0091806352845,39.50685563164125,40.83748569419212,52433000
2015-05-07,40.09061050415039,40.42541378834348,39.627035214586975,39.72146758188413,32971700
2015-05-08,40.99199676513672,41.189444733541634,40.79454879673181,40.82030188288669,35364900
2015-05-11,40.66579055786133,41.129365914142525,40.66579055786133,40.820315676621725,24609400
2015-05-12,40.64860534667969,40.93190238208625,39.85022696028875,40.21936979592358,29928300
2015-05-13,40.888980865478516,41.48132476663364,40.83747141871427,41.36972260271486,34184600
2015-05-14,41.82472610473633,41.910571931629065,41.23237876482796,41.23237876482796,32980900
2015-05-15,41.46415710449219,41.98782504529923,41.2495393107062,41.95348541233964,28642700
2015-05-18,41.21519088745117,41.39547228463515,40.871804455514955,41.18943780562787,24136500
2015-05-19,41.111515045166016,41.310246219549,40.76589360514062,41.09423364355571,28574800
2015-05-20,41.111515045166016,41.41393133312049,40.84365826434182,40.947343377913306,25047900
2015-05-21,40.9732666015625,41.12879593047673,40.61900608483355,40.85230007820489,22410700
2015-05-22,40.52396774291992,40.912787811612596,40.45484212425132,40.86958594799018,25720600
2015-05-26,40.25612258911133,40.50669808531627,39.910500987718855,40.463496209165186,29581900
2015-05-27,41.137428283691406,41.275676176233674,40.28201718252441,40.45482787222469,27335600
2015-05-28,40.999183654785156,41.49169201717748,40.94733945492123,41.042385506626765,19283700
2015-05-29,40.4893913269043,41.10286615401744,40.256097386433844,40.98189965808975,36519600
2015-06-01,40.8090934753418,41.27568140784471,40.28202228819112,40.662206512937274,28837300
2015-06-02,40.54124069213867,40.912782604971966,40.28202624730139,40.549883041417864,21498300
2015-06-03,40.48074722290039,41.24975460638176,40.45482677378057,40.93005368548547,28002200
2015-06-04,40.057369232177734,40.74860875768454,39.919121327076375,40.42891109515453,27745500
2015-06-05,39.867279052734375,40.195619079246946,39.60806463015717,40.01416931305192,25438100
2015-06-08,39.51301574707031,40.1178515538899,39.46117154782635,40.00552410357298,22121600
2015-06-09,39.443904876708984,39.69447700545641,39.27973317956409,39.538947658735424,24406100
2015-06-10,40.27338790893555,40.46348004336578,39.47845986175592,39.56486687562901,28417400
2015-06-11,40.12649154663086,40.54123526203776,39.85863808448122,40.31658365222612,27347800
2015-06-12,39.72038650512695,40.15241158072384,39.659903258230564,39.936399042925395,23931000
2015-06-15,39.2970085144043,39.44389878410327,38.899546154661905,39.27108805931818,33254500
2015-06-16,39.59944152832031,39.953702150959316,39.14149245801267,39.18469432982883,27070300
2015-06-17,39.72038650512695,39.80679020181043,39.193315385524386,39.513013018560954,28704100
2015-06-18,40.368438720703125,40.43756104383507,39.89320832877312,39.9364134888329,32658300
2015-06-19,39.83271789550781,40.46347752114713,39.737675130307565,40.4289147177523,63837000
2015-06-22,39.94504165649414,40.36842771861655,39.8845584042038,40.031448656973225,20318100
2015-06-23,39.668556213378906,39.98825395847024,39.41798079064393,39.858648368017974,25896500
2015-06-24,39.43525695800781,39.962328192351684,39.35749229562773,39.46117741343769,34890900
2015-06-25,39.443904876708984,39.798165433997696,39.31429598907785,39.77224167881691,20616000
2015-06-26,39.10691452026367,39.988246208104584,38.90818334988145,39.443896900745116,49835300
2015-06-29,38.33790588378906,39.08098957216766,38.329266832196474,38.916821223189324,34081700
2015-06-30,38.1478157043457,38.64032402955928,37.96636266656457,38.63168168218935,35945400
2015-07-01,38.407047271728516,39.08100564010098,38.10462760421149,38.41568632687301,28343900
2015-07-02,38.36383056640625,38.66624682087093,38.07005336374486,38.43295286910248,21752000
2015-07-06,38.355186462402344,38.432951109431336,37.975005574754945,37.98364462616269,23034000
2015-07-07,38.27743148803711,38.44160317107866,37.430662504238185,38.311994294581716,36435800
2015-07-08,38.22557830810547,38.795851248733975,38.04412528001808,38.39838569319503,39785900
2015-07-09,38.467529296875,39.072365316177255,38.45024789105595,38.666260519657385,32424700
2015-07-10,38.545291900634766,39.003237593875525,38.51072909085672,38.89091011014236,25465800
2015-07-13,39.348846435546875,39.41796873676587,38.83905669170841,38.8649771426543,28178300
2015-07-14,39.41796875,39.71174594648164,39.150115300562845,39.27108179980413,22880300
2015-07-15,39.538936614990234,39.65126406648996,39.25380175637096,39.469814311360416,26629600
2015-07-16,40.316593170166016,40.34251362847011,39.720399556536115,39.75495906891129,26271700
2015-07-17,40.28203201293945,40.42027995637971,39.970973316176135,40.22154874369003,29467100
2015-07-20,40.54124069213867,40.72269377000622,40.126496921180916,40.30794999904846,30631900
2015-07-21,40.85228729248047,40.895492433949414,40.1610478781412,40.420262246507235,42781900
2015-07-22,39.348846435546875,40.54987567202481,39.05506923916386,39.262439438910754,59152400
2015-07-23,39.84136199951172,39.94504711817342,38.968669303845076,39.11555957669878,33934000
2015-07-24,39.69447708129883,40.02281718012503,39.57351054386047,39.66855662215945,32333200
2015-07-27,39.18467712402344,39.75495015143062,39.098273418330564,39.694466898227596,39701400
2015-07-28,39.17604064941406,39.43525507963736,38.7008136446563,39.38341417124688,34328900
2015-07-29,39.996891021728516,40.42027384243388,39.10691693036352,39.22788674665552,40945900
2015-07-30,40.50667953491211,40.95598609252153,39.68583107958895,39.97096596847952,39777900
2015-07-31,40.35114669799805,40.93005877424703,40.178335991504746,40.86093646930375,31201500
2015-08-03,40.446205139160156,40.61037354776044,40.135146431419756,40.59309214220919,24125900
2015-08-04,41.07695007324219,41.2238370350392,40.333866323682756,40.39434957808037,33403900
2015-08-05,41.111515045166016,41.82867508349676,41.076952241945406,41.45713318910108,26959700
2015-08-06,40.28203201293945,41.27569137247884,40.031459881516525,41.223847157654625,27368000
2015-08-07,40.38571548461914,40.42027499416827,39.970968409124,40.08329587940771,19163000
2015-08-10,40.895503997802734,41.03375191976239,40.472117882750425,40.56716394711464,23079900
2015-08-11,40.1005744934082,40.558520099969,39.659910288465404,40.454834986351344,29237400
2015-08-12,40.38571548461914,40.52396341108734,39.49574136789524,39.91048514729982,30181400
2015-08-13,40.37706756591797,40.6967652337625,40.16969735286373,40.6622057289802,22627200
2015-08-14,40.610374450683594,40.69677818426987,40.195630596505424,40.20426965142759,21473400
2015-08-17,40.88686752319336,40.999195005952885,40.23882967788143,40.446203238661255,21099700
2015-08-18,41.11298751831055,41.25214706275488,40.617231433863545,40.73899562052418,23574100
2015-08-19,40.53895568847656,40.947738319030364,40.2693326082224,40.68681125912133,31485500
2015-08-20,39.71270751953125,40.41720484181383,39.71270751953125,40.06930419228075,36238200
2015-08-21,37.46003723144531,39.55612928279223,37.46003723144531,39.39957441440744,70053100
2015-08-24,36.251094818115234,37.12953878769195,34.54638963254895,35.18130523785195,88753700
2015-08-25,35.1987190246582,37.60792250551009,35.129137559676394,37.02518934868146,70616600
2015-08-26,37.146942138671875,37.26001032548431,35.71185970317521,36.53811777914639,63408000
2015-08-27,38.18195724487305,38.22544400262627,37.33830020958733,37.59922407393362,50943200
2015-08-28,38.20803451538086,38.39938016017159,37.738369742435815,37.7470690814676,28246700
2015-08-31,37.851444244384766,38.20804089423056,37.48614825405483,37.88623497066881,34441700
2015-09-01,36.37287139892578,37.04257794679116,36.2337118122152,36.67728195803448,49688900
2015-09-02,37.7122802734375,37.7296756345575,36.42505341099021,36.84253212439263,37671500
2015-09-03,37.83404541015625,38.25152413378438,37.64269975097529,37.75576794211185,28285200
2015-09-04,37.05997848510742,37.43397054871074,36.70338178700039,37.23392882224355,37138800
2015-09-08,38.17323684692383,38.26890965190561,37.57311195816326,37.660085425696636,32469800
2015-09-09,37.46003723144531,38.616803390308,37.32087771708378,38.45154918599931,33469500
2015-09-10,37.65140151977539,38.0862756330059,37.181736681208164,37.50354259600741,31366600
2015-09-11,37.816646575927734,37.912319396732634,37.34698181079042,37.52093209245154,27132500
2015-09-14,37.4339599609375,37.781857218984214,37.27740503357745,37.77316119760901,23656000
2015-09-15,38.251529693603516,38.52115286001831,37.468758217210514,37.56442774288049,28882200
2015-09-16,38.529842376708984,38.59942382125688,38.12975902403627,38.24282721251365,23372200
2015-09-17,38.48634719848633,39.1386581679522,38.33849163796348,38.52113791313588,32768200
2015-09-18,37.816646575927734,38.26021996005486,37.68618635305114,37.834041935876414,63143700
2015-09-21,38.36459732055664,38.67770723350575,37.9210238379366,37.93841920174782,26177200
2015-09-22,38.18195724487305,38.31241751813272,37.66880554060033,37.729687665020236,28085900
2015-09-23,38.15584182739258,38.416765550126044,37.842732032982354,38.20802789906933,17145200
2015-09-24,38.19065475463867,38.382000477587184,37.63401627096344,37.79057125922549,27905600
2015-09-25,38.216739654541016,38.90384161765318,38.06018469287428,38.686404539541215,29384600
2015-09-28,37.65140151977539,38.34719943737896,37.581820069101944,38.121066358342624,27613800
2015-09-29,37.781856536865234,37.894924719656316,37.44265530631772,37.720974434860594,32763600
2015-09-30,38.49505615234375,38.529846878682775,37.973208528563454,38.164554205601824,34958900
2015-10-01,38.799476623535156,38.921240868584576,38.0514924692866,38.921240868584576,28657900
2015-10-02,39.63441848754883,39.63441848754883,38.19933287377371,38.503746682848245,41839000
2015-10-05,40.55635070800781,40.7824837311701,39.7474847918315,39.7909715288444,34369300
2015-10-06,40.660728454589844,41.034720446977936,40.19976296910847,40.29543580220674,27017200
2015-10-07,40.70420455932617,41.18256528192759,39.964920107835376,40.96512828821556,27711500
2015-10-08,41.26953887939453,41.33042096750084,40.44327770360535,40.495463772478594,33772700
2015-10-09,40.97383117675781,41.34782310377883,40.808576923807514,41.26954564654593,28600600
2015-10-12,40.878170013427734,40.93905212887268,40.44329586434871,40.8607746493254,19769100
2015-10-13,40.782493591308594,40.99123462439413,40.49547840337041,40.49547840337041,19987800
2015-10-14,40.59983825683594,40.965130836438945,40.46937472536319,40.57374687767156,24697800
2015-10-15,40.88685989379883,40.904255255287715,40.46938117154338,40.88685989379883,27189400
2015-10-16,41.32174301147461,41.347837718325856,40.79119930029065,40.89556817421558,26450300
2015-10-19,41.417415618896484,41.64355204853945,40.895567934503994,41.24346528482343,29387600
2015-10-20,41.54785919189453,41.58264990552131,40.8955482416053,41.260840781211236,30802200
2015-10-21,41.0521240234375,41.73922603696802,40.97384653686027,41.678340598228615,25144300
2015-10-22,41.77400588989258,42.57417597650861,40.95644375858646,41.339131780465166,56637100
2015-10-23,45.98359298706055,47.02729164001988,45.44434995486506,45.4878367075245,135227100
2015-10-26,47.183841705322266,47.24472381629013,45.66178229547316,45.68787368079476,64633300
2015-10-27,46.6967887878418,47.28821794482942,46.60111925412247,46.957715953086186,50999900
2015-10-28,46.94900894165039,46.94900894165039,45.97489185544046,46.56632091581018,47000800
2015-10-29,46.40976333618164,46.81854604178598,46.28799912204231,46.56631827373964,30202100
2015-10-30,45.78354263305664,46.95770464030381,45.76614727170936,46.374971647560564,46619800
2015-11-02,46.305381774902344,46.40975059868756,45.76613566339103,45.96617729140648,30285000
2015-11-03,47.096866607666016,47.305604318793804,46.00968135188265,46.03577273631709,36596900
2015-11-04,47.31430435180664,47.73178309800288,47.018589825189366,47.12295868228189,37087800
2015-11-05,47.29690933227539,47.57522849842434,46.9664040782887,47.3925821677315,31468500
2015-11-06,47.76656723022461,47.81875331410601,46.93160979507767,47.04467798457442,32851200
2015-11-09,47.105567932128906,47.72308843064445,46.58372027774352,47.44476923926205,32513100
2015-11-10,46.540225982666016,47.0794722701059,46.3314882669951,47.02728618227509,55283700
2015-11-11,46.66200256347656,47.140363515568055,46.496748245567765,46.705489319516374,36516300
2015-11-12,46.37498092651367,46.94901469452604,46.261912714046005,46.514140527309806,35361100
2015-11-13,45.957496643066406,46.34888401044805,45.68787349713101,46.15753833798898,36848200
2015-11-16,46.766353607177734,46.87072244543755,45.96618366631768,46.16622863990185,32165200
2015-11-17,46.38109588623047,46.871435698626776,46.27602020626887,46.55621533912089,31551300
2015-11-18,47.151641845703125,47.265472188823274,46.38986135907807,46.4073739764958,29710000
2015-11-19,47.230430603027344,47.86087125104908,47.090333052376856,47.274213801509255,28149200
2015-11-20,47.449337005615234,47.54565470562754,46.64377686040203,47.501874843855404,37147600
2015-11-23,47.449337005615234,47.685752267411985,47.06406954575535,47.501874843855404,28235900
2015-11-24,47.501869201660156,47.66823399270947,46.915211775179195,47.21291613594462,24600000
2015-11-25,47.011531829833984,47.48436235465773,47.011531829833984,47.36177740530106,21005100
2015-11-27,47.221675872802734,47.353018787607056,47.099090933752876,47.107845569318265,9009100
2015-11-30,47.58944320678711,48.12356630186417,47.28298077855762,47.75581138798879,56241400
2015-12-01,48.35122299194336,48.35997762909132,47.545659426554394,47.64197713613033,39952800
2015-12-02,48.34245681762695,48.99916471863138,48.21111724153953,48.43877451087119,47274900
2015-12-03,47.458099365234375,48.83280786101918,47.22168408160271,48.587637940300255,38627800
2015-12-04,48.955387115478516,49.23558223226816,47.37053077223331,47.38804338455632,43963700
2015-12-07,48.86781692504883,49.00791445343041,48.41249912276155,48.85030431647756,30709800
2015-12-08,48.85032272338867,49.12175990805006,48.14983481753535,48.57012756104734,32878000
2015-12-09,48.141056060791016,48.92034872844957,47.729518132400756,48.48254355873682,36373200
2015-12-10,48.3950080871582,48.73649575605096,48.16734741443634,48.5000804452352,31775800
2015-12-11,47.335506439208984,48.246138851575566,47.291723240571635,47.904651279414466,39549500
2015-12-14,48.281166076660156,48.342458549067366,47.002775451896575,47.57192365589408,46768900
2015-12-15,48.333709716796875,48.94663785465602,48.23739200853748,48.73648982389102,39843000
2015-12-16,49.148014068603516,49.25308638430386,47.94842538195217,48.63140378447616,37503300
2015-12-17,48.77151870727539,49.725934543984756,48.622663145122246,49.349421659949606,41280900
2015-12-18,47.396812438964844,49.03420366170056,47.3092493568835,48.83281358319852,84684200
2015-12-21,48.009735107421875,48.46504972089371,47.484366696186456,48.05351497331075,37246300
2015-12-22,48.46503448486328,48.57886477254106,47.72076697816008,48.149817545444876,28322200
2015-12-23,48.87657928466797,48.929117118685895,48.54384634959927,48.7715069568212,27279800
2015-12-24,48.7452392578125,48.99916712699376,48.53509458966815,48.9116074052985,9558500
2015-12-28,48.99040985107422,48.99040985107422,48.14106656760164,48.465041528644015,22458300
2015-12-29,49.51578903198242,49.77847159842728,49.086741619500174,49.288131698447565,27731400
2015-12-30,49.30563735961914,49.717172097593384,49.288124745634555,49.445734931306255,21704500
2015-12-31,48.578880310058594,49.200563093573955,48.5263424665908,49.069223495188986,27334100
2016-01-04,47.98345184326172,47.98345184326172,46.74884124619532,47.563159229386855,53778000
2016-01-05,48.20235824584961,48.500065954947125,47.755798352297866,48.09728591916491,34079700
2016-01-06,47.326751708984375,47.633217419517166,46.9677515007866,47.56316696904476,39518900
2016-01-07,45.680599212646484,46.83640817170509,45.593039496745995,46.14467505944843,56564900
2016-01-08,45.82070541381836,46.65253283186365,45.663095234776435,45.85572730012478,48754000
2016-01-11,45.79443359375,46.27601875446898,45.05892055804105,45.9783110176299,36943800
2016-01-12,46.214717864990234,46.49491293803342,45.584280620737445,46.19720525540144,36095500
2016-01-13,45.21652603149414,47.344259829987266,44.918818325609,47.10784459235592,66883600
2016-01-14,46.5036735534668,46.7751106670338,45.15523260026212,45.53174537732822,52381900
2016-01-15,44.64739227294922,45.50549038138709,44.07824396644531,44.92758743732935,71820700
2016-01-19,44.2708740234375,45.251556979788205,43.83306871468582,45.07643418824965,43564500
2016-01-20,44.472267150878906,44.988877584664635,42.99248296688455,43.76302129901352,63273000
2016-01-21,44.20082092285156,45.16399454851902,44.0432107539276,44.65613881749976,40191200
2016-01-22,45.78567886352539,45.82070408900857,44.88379767837494,45.01514060384219,37555800
2016-01-25,45.347877502441406,46.10090321475714,45.22529254279738,45.479217099121584,34707700
2016-01-26,45.680599212646484,45.917014453804676,45.13772162564753,45.34786962007338,28900800
2016-01-27,44.84877014160156,45.7068680166728,44.67364737644257,45.540499886686746,36775200
2016-01-28,45.58428955078125,45.71562913814373,44.875043754342,45.4091667607752,62513800
2016-01-29,48.23738479614258,48.23738479614258,47.282969173659296,47.92216446722125,83611700
2016-02-01,47.90465545654297,48.23738842210328,47.72077803091334,48.053510996473655,44208500
2016-02-02,46.407379150390625,47.51064744918774,46.10091666188882,47.43184233211719,56313800
2016-02-03,45.67185592651367,46.748856732630095,44.883804926823665,46.626271763831625,57559800
2016-02-04,45.53175354003906,46.24099936495791,44.98011789843552,45.61931326846333,46987100
2016-02-05,43.92063522338867,45.53175914202165,43.39527010782594,45.4792212943894,62009000
2016-02-08,43.26392364501953,43.40402122047044,42.195677544587795,43.38650860601537,59290500
2016-02-09,43.15007781982422,43.99066631074443,42.61595496148786,42.92242059407172,46740500
2016-02-10,43.52660369873047,44.12201919548205,43.360238881181154,43.68421387964644,38237000
2016-02-11,43.50907897949219,43.87683707936917,42.47585845438391,42.62471395724962,48878600
2016-02-12,44.21833801269531,44.37594819757949,43.561630022407755,43.99943534926613,34243300
2016-02-16,45.05614471435547,45.05614471435547,44.20952389723931,44.888585395605,37291200
2016-02-17,46.229061126708984,46.53772724211258,45.373622917221226,45.40889962141107,40789000
2016-02-18,46.026222229003906,46.696466109768444,45.94685133165473,46.14969068590266,27176000
2016-02-19,45.69992446899414,46.10559647864308,45.44417340736566,45.83221042891831,33559100
2016-02-22,46.431915283203125,46.7405781327503,46.10561071177012,46.10561071177012,25008300
2016-02-23,45.135498046875,46.184954482422846,44.9591179376292,46.15849864349575,28895300
2016-02-24,45.29425811767578,45.41772323480382,44.27125710753641,44.70338501748456,33014500
2016-02-25,45.94685363769531,45.94685363769531,44.63282838295173,45.62055253851472,26939500
2016-02-26,45.2413330078125,46.458352282710166,45.064952866437686,46.38779888049169,35975900
2016-02-29,44.870948791503906,45.55001031635517,44.67693025178291,45.285438357036654,31654000
2016-03-01,46.370155334472656,46.37897282603662,44.90620278621804,44.95030033655015,33024500
2016-03-02,46.69646453857422,46.70528203168457,45.99976483685894,46.22023917050266,29289900
2016-03-03,46.16731643676758,46.714095115419646,45.6646353088432,46.714095115419646,24427800
2016-03-04,45.88512420654297,46.255522892658306,45.60291728577502,46.211428692070534,33034200
2016-03-07,45.00322341918945,45.6822848235114,44.60637227899478,45.47063133063046,38407800
2016-03-08,45.55000305175781,45.97331340931419,44.62400807017084,44.800388226862246,33835100
2016-03-09,46.59946060180664,46.60827809592143,45.735201519173124,45.76165736568922,28251600
2016-03-10,45.90275192260742,46.687639949372574,45.11786389584227,46.67882245696704,38387800
2016-03-11,46.80229949951172,46.80229949951172,46.19379144284717,46.74056694437932,32275700
2016-03-14,46.890480041503906,47.26087867437215,46.414258033775276,46.48480807173932,24083600
2016-03-15,47.26087951660156,47.26087951660156,46.511268108496495,46.52008560183487,21104800
2016-03-16,47.93112564086914,48.15160000603261,47.09332574458543,47.13741994478376,31691700
2016-03-17,48.20450210571289,48.504347296293176,47.622450072724206,47.807647682272666,28223900
2016-03-18,47.172698974609375,48.47790687697852,47.137422267044045,48.43380931043587,67625500
2016-03-21,47.498992919921875,47.56072546673163,46.6788280961105,46.961034985575544,23925700
2016-03-22,47.68418502807617,47.84292680550462,47.14622715614321,47.27851309205729,23124100
2016-03-23,47.59601593017578,47.834128692788525,47.393179879988445,47.71948105949221,20129000
2016-03-24,47.807640075683594,47.9134701478765,47.384329879423134,47.4813390968481,19950000
2016-03-28,47.21678161621094,47.87820458234107,47.03158399309558,47.807651184485024,17025100
2016-03-29,48.24860763549805,48.38089359579724,47.137418352837365,47.32261600591886,23924300
2016-03-30,48.54844665527344,49.068766207162426,48.41616407615194,48.44261991914198,23008300
2016-03-31,48.707183837890625,49.02466738044863,48.380882803226434,48.46025368886594,26360500
2016-04-01,49.00703048706055,49.04230718487455,48.125133226736736,48.548443507991635,24399200
2016-04-04,48.883567810058594,49.08640378619591,48.504351700358455,48.883567810058594,18928800
2016-04-05,48.11632537841797,48.76892759792413,48.0281336162065,48.67191834157739,19272300
2016-04-06,48.61018753051758,48.6807409428128,47.807660968604736,47.93994693457233,21188700
2016-04-07,48.02812957763672,48.424984063788436,47.825293587863946,48.38970736187019,19225100
2016-04-08,47.99285125732422,48.75128350213387,47.90466286967389,48.21332559062138,22167200
2016-04-11,47.89584732055664,48.636641245069036,47.88702646293078,48.05458911610726,21414200
2016-04-12,48.19569778442383,48.31034203261421,47.410806215052105,47.94876420670735,24944300
2016-04-13,48.81301498413086,48.89238587695755,48.4073430270928,48.61017900561183,20818000
2016-04-14,48.821834564208984,49.01585304474859,48.5660835424379,48.69836948174603,20877100
2016-04-15,49.07758712768555,49.31569644324616,48.60136176822174,48.768921047660655,28793800
2016-04-18,49.791927337646484,49.90657494378132,48.689555566812096,48.93648913111573,23786000
2016-04-19,49.730194091796875,50.065316047409624,49.104047742125076,49.941850949071146,29596800
2016-04-20,49.02467346191406,49.82719990996793,48.936485073228695,49.64200227522582,36195700
2016-04-21,49.192237854003906,49.58909237263858,48.87475423909616,49.20987620640675,38909100
2016-04-22,45.664649963378906,46.23788466509138,44.77393499806966,45.77929757655578,126834100
2016-04-25,45.95567321777344,45.973311569153736,45.53236287716078,45.66464546625575,33226900
2016-04-26,45.36479949951172,46.167325971606175,45.056136765695186,46.087955073743146,33532600
2016-04-27,44.923858642578125,45.417722466912515,44.5799191466302,45.40008411273928,43369300
2016-04-28,44.006675720214844,44.7739254136348,43.70683050974928,44.64163947565809,43134800
2016-04-29,43.9802131652832,44.315335048914484,43.52162620983273,43.52162620983273,48411700
2016-05-02,44.6328239440918,44.75628903073677,43.90084755302334,44.09486604013475,33114500
2016-05-03,43.900848388671875,44.45644465332126,43.742106598772054,44.394712108823704,26460200
2016-05-04,43.9802131652832,44.14777578918429,43.61863544173949,43.95375732537077,24257600
2016-05-05,44.04194259643555,44.3594261096871,43.85674500176236,43.98021006487782,25390700
2016-05-06,44.43880844116211,44.43880844116211,43.79502375744488,44.024315596015754,24787300
2016-05-09,44.1566047668457,44.61519184158106,44.09487221487861,44.52700344282,17951600
2016-05-10,44.99440383911133,45.06495387874321,44.26242741342328,44.38589587007912,22891000
2016-05-11,45.0208740234375,45.66465889942884,44.97677981410132,45.091427449713414,24039100
2016-05-12,45.42652130126953,45.69109314101322,44.90620184150201,45.15313533431807,24102800
2016-05-13,45.047325134277344,45.770480802613626,45.0120484274873,45.36480540287197,22592300
2016-05-16,45.70874786376953,45.823392113616045,44.75629697347244,44.800391174503545,20032000
2016-05-17,44.85618591308594,45.93962688296459,44.72297812368016,45.930747718751256,27803500
2016-05-18,45.12261962890625,45.415679549550475,44.669704222862705,44.829556320560215,24907500
2016-05-19,44.68745422363281,44.95387318735643,44.243421488193135,44.82066539934508,23842400
2016-05-20,44.953880310058594,45.48672170963263,44.7585081791461,44.829551666468426,23905800
2016-05-23,44.4299201965332,45.00716418268288,44.385517594760465,44.93611730968541,26118700
2016-05-24,45.815311431884766,45.92187837159272,44.758514426167906,45.02493346928875,34757900
2016-05-25,46.285987854003906,46.614574634226706,45.99292790599955,46.10837401912441,24040200
2016-05-26,46.08172607421875,46.16165211829229,45.611052363397675,46.11724951329624,24335200
2016-05-27,46.463592529296875,46.463592529296875,45.97515712044244,46.108364929565575,17721400
2016-05-31,47.067501068115234,47.067501068115234,46.250481920954904,46.41033069468801,37653100
2016-06-01,46.934261322021484,47.023069906538275,46.570154594755415,46.570154594755415,25324800
2016-06-02,46.605682373046875,46.83658132661334,46.037320929962384,46.747772733818,22840800
2016-06-03,45.992916107177734,46.552394970124,45.824181482862706,46.516874922421955,23368300
2016-06-06,46.294857025146484,46.490229138099956,46.081719807368614,46.17052839298488,18243300
2016-06-07,46.26822280883789,46.82770516283144,46.26822280883789,46.3925548557157,20866800
2016-06-08,46.21493148803711,46.57015567121185,46.06395858471942,46.19716977072319,21149400
2016-06-09,45.841941833496094,46.17940768436121,45.72649575343002,46.17940768436121,20305700
2016-06-10,45.717620849609375,46.2238180167439,45.32687316955692,45.33575233577782,25833200
2016-06-13,44.527618408203125,45.04269819527217,43.56850911144657,44.03030373125608,83217800
2016-06-14,44.25232696533203,44.49210178551016,44.021427926171555,44.314491309482314,42577100
2016-06-15,44.12797927856445,44.5098477647989,44.12797927856445,44.207905319583325,33757600
2016-06-16,44.7496337890625,44.82068067704653,43.968134959748554,43.9770175145976,31188600
2016-06-17,44.51873779296875,44.78515684519741,44.24343618596797,44.76739512335523,45710500
2016-06-20,44.465457916259766,45.14038987573243,44.42993446835016,44.97165519201304,35607900
2016-06-21,45.46007537841797,45.67321260613328,44.545368923980135,44.58089235988291,34097800
2016-06-22,45.282474517822266,45.699863120692044,45.246951074432744,45.362400571597675,28816800
2016-06-23,46.099483489990234,46.23269468024364,45.42455514903616,45.540001233707734,29028800
2016-06-24,44.25232696533203,45.2380773030162,43.977025307164595,44.234565240188715,133503000
2016-06-27,43.00901794433594,43.648426270291594,42.662672897010445,43.60402027944353,50216300
2016-06-28,43.905967712402344,43.93261198747891,43.22215670560262,43.444173134263494,38140700
2016-06-29,44.88283157348633,45.04268363589297,44.22566160718112,44.32334935506307,31304000
2016-06-30,45.44230651855469,45.557755973243495,44.847304305352324,45.04267978441019,28527800
2016-07-01,45.433441162109375,45.9307591746192,45.35351511345068,45.40680027512374,21400400
2016-07-05,45.44230651855469,45.53999425808362,45.06044149957006,45.14036752393912,24806400
2016-07-06,45.62880325317383,45.77089358805776,44.74961697703523,45.0959619565835,28167500
2016-07-07,45.62880325317383,45.833057897838174,45.35350174721712,45.66432329611921,19585200
2016-07-08,46.445831298828125,46.499116455658445,45.77978208310583,45.9396341658953,28391000
2016-07-11,46.703369140625,46.916506371111446,46.59680221923245,46.62344310265525,22269200
2016-07-12,47.253971099853516,47.422705736756235,46.88098516339774,47.01419297454559,27317600
2016-07-13,47.5203971862793,47.83122223398001,47.22733724795225,47.56480318430941,25356800
2016-07-14,47.72465133666992,47.94666775761373,47.582560962773954,47.81345654996675,24545500
2016-07-15,47.68912887573242,47.95554790879649,47.2539751911564,47.91114530123611,32024400
2016-07-18,47.920021057128906,48.257486948433076,47.55591428072495,47.689125481627045,31433900
2016-07-19,47.14740753173828,47.86674195890079,47.00531715710515,47.69800730997898,53336500
2016-07-20,49.651756286621094,50.4776577107866,49.314290350756195,49.86489355866787,89893300
2016-07-21,49.55406951904297,49.93593807293603,49.51854607502918,49.713921629402954,32776700
2016-07-22,50.237876892089844,50.29116205420778,49.53630416886192,49.80272659174977,32157200
2016-07-25,50.37997817993164,50.38886073605908,49.962586122208535,50.14908253615661,25610600
2016-07-26,50.40659713745117,50.877274164006536,50.184580758715974,50.19346331097799,28079000
2016-07-27,49.90041732788086,50.4421380214339,49.829373823712835,50.27340673479535,32327500
2016-07-28,49.91817855834961,50.06026895298605,49.483028206895256,49.73168555058346,37550400
2016-07-29,50.33555603027344,50.40659951321255,49.77607378093494,49.96256673481402,30558700
2016-08-01,50.246761322021484,50.3977308721053,49.85601022730675,50.26451965568856,26003400
2016-08-02,50.246761322021484,50.530942088522046,50.00698316509252,50.48653609124849,35122000
2016-08-03,50.59309768676758,50.7174263271889,50.16682661059387,50.33555785292262,22075600
2016-08-04,50.96608352661133,51.081533001547285,50.32667521952157,50.442124694457526,26587700
2016-08-05,51.472286224365234,51.69430264533407,51.01937421617758,51.196988030492996,29335200
2016-08-08,51.561092376708984,51.587733261895494,51.312431693395745,51.561092376708984,19473500
2016-08-09,51.6854362487793,51.95185534222455,51.52558411517163,51.65879196804297,16920700
2016-08-10,51.52556610107422,51.79198510137546,51.34795230497293,51.64989474203471,15756900
2016-08-11,51.774234771728516,51.907445995032184,51.53445660240318,51.53445660240318,18162300
2016-08-12,51.45451736450195,51.67653375466451,51.17033665610998,51.534443400468525,21655200
2016-08-15,51.61438751220703,51.95185349199377,51.47229710824985,51.51669972429226,19283900
2016-08-16,51.32842254638672,51.4892709437306,51.17651206490423,51.480336436685334,20523500
2016-08-17,51.43565368652344,51.54288480806475,51.140763841264956,51.417781264797235,18856400
2016-08-18,51.471405029296875,51.5607671551299,51.17651853608926,51.310556611613976,14214300
2016-08-19,51.4892692565918,51.58756587494954,51.11395861429787,51.31948635776588,17271000
2016-08-22,51.533958435058594,51.60544813797523,51.167582229652474,51.47140664941487,15221900
2016-08-23,51.73054885864258,51.98969390421017,51.694804009153984,51.73948677542296,18732400
2016-08-24,51.784156799316406,51.864580991761876,51.57862906502595,51.65011534230201,18151500
2016-08-25,51.98074722290039,52.08798175328524,51.632243521189366,51.72160562984341,18552600
2016-08-26,51.85565948486328,52.454373864473915,51.55183504046765,52.07905971136546,20971200
2016-08-29,51.91819381713867,52.36499411989827,51.91819381713867,51.98968350181179,16417200
2016-08-30,51.73054885864258,51.998628412174085,51.48034172985537,51.810973065583674,16930200
2016-08-31,51.34629821777344,51.65012260877632,51.20332223429069,51.51608454172043,20860300
2016-09-01,51.462459564208984,51.66798729664105,50.944169571176616,50.944169571176616,26075400
2016-09-02,51.533958435058594,51.99863127756676,51.310558226669094,51.533958435058594,18900500
2016-09-06,51.480342864990234,51.650125790580034,51.1229011798557,51.632253365441656,16278400
2016-09-07,51.5250129699707,51.685861358512575,51.30161280908654,51.35523007487248,17493400
2016-09-08,51.31950378417969,51.64120067756415,51.09610354253127,51.49822465926185,20146100
2016-09-09,50.22929382324219,51.39991195097067,50.22929382324219,50.74758385819278,35113900
2016-09-12,50.97992706298828,51.12290306053851,49.69314308503621,50.041646866013856,29303000
2016-09-13,50.51524353027344,50.62247806235896,50.0863156283792,50.48843660166003,30130200
2016-09-14,50.27397537231445,50.60461009546257,50.06844761428025,50.390144421226395,24062500
2016-09-15,51.10502243041992,51.247998405017,50.02376640947846,50.17568029994693,26847000
2016-09-16,51.15864944458008,51.49821872723987,50.71184901274968,51.49821872723987,44607000
2016-09-19,50.8726921081543,51.60544446683961,50.801202410323334,51.17651650630307,20937100
2016-09-20,50.76544952392578,51.24799124021843,50.71183226264186,51.24799124021843,17384000
2016-09-21,51.614376068115234,51.69480026923795,51.00673071485226,51.39097588819836,33707300
2016-09-22,51.66798782348633,51.828836208563,51.49820493204578,51.757346522388545,19822200
2016-09-23,51.31950378417969,51.748431839086585,51.27482441761344,51.71268698230672,19955300
2016-09-26,50.845882415771484,51.06034467998973,50.78333063797314,51.006730818343286,21688700
2016-09-27,51.784156799316406,51.88245341328486,50.64928359872628,50.87268375453971,28065100
2016-09-28,51.85565948486328,51.88246983003906,51.53396261328944,51.72162139425214,20536400
2016-09-29,51.29267883300781,51.980748335889146,51.12289252733769,51.65905496429433,25463500
2016-09-30,51.471405029296875,51.62331893880474,51.2390703197641,51.44459809595524,29910800
2016-10-03,51.310550689697266,51.42671973546448,50.9888573002757,51.3016161825534,19189500
2016-10-04,51.14970779418945,51.47140119678571,50.90843518563003,51.176514725535064,20085900
2016-10-05,51.507144927978516,51.79309688552104,51.16757570009069,51.19438603967145,16726400
2016-10-06,51.596500396728516,51.70373151478559,51.18544152801413,51.596500396728516,16212600
2016-10-07,51.65010070800781,51.81094904732475,51.31053161291486,51.6947800447481,20089000
2016-10-10,51.86458206176758,52.17734092283249,51.7126681800961,51.7484130238795,18196500
2016-10-11,51.10502243041992,51.84671264220338,50.8369429041524,51.73054359758821,26497400
2016-10-12,51.033531188964844,51.176507149669966,50.39907557638682,51.033531188964844,22177500
2016-10-13,50.86376190185547,51.203331200394366,50.327602722113575,50.66717202065247,25313700
2016-10-14,51.310550689697266,51.59650605054337,51.042471160771214,51.042471160771214,27402500
2016-10-17,51.13182830810547,51.34629054688179,50.819066047400916,51.25693184886096,23830000
2016-10-18,51.5250129699707,51.78415797471216,51.30161280908654,51.40884393184248,19149500
2016-10-19,51.40884780883789,51.68586525639925,51.29268217076497,51.3552339478246,22878400
2016-10-20,51.15864944458008,51.3999220868265,50.631424798667545,51.38204966049528,49455600
2016-10-21,53.31222915649414,54.018174680298245,53.16031864086932,53.86626075585654,80032200
2016-10-24,54.50963592529297,54.50963592529297,53.553483567833254,53.56241807384372,54067000
2016-10-25,54.50071716308594,54.84028303062704,54.33093082049867,54.375610181089165,35137200
2016-10-26,54.179019927978516,54.688372134489754,54.036043929814255,54.3398683520154,29911600
2016-10-27,53.70539855957031,54.357730044251205,53.69646405280658,54.16113680728896,28479900
2016-10-28,53.49986267089844,54.080704377776705,53.24072110841037,53.62496619944071,33574700
2016-10-31,53.54453659057617,53.9913368094247,53.54453659057617,53.75900219550213,26434700
2016-11-01,53.43730926513672,53.63390246613019,52.945829671468445,53.58922312285405,24533000
2016-11-02,53.106693267822266,53.55349364637785,52.99052421492923,53.455197017685,22147000
2016-11-03,52.91008758544922,53.29433609347844,52.82072889424894,53.196039487868795,21600400
2016-11-04,52.46329116821289,52.972643244889454,52.29350827892597,52.40967731307797,28697000
2016-11-07,53.9913444519043,54.08070655361231,53.41944063623557,53.41944063623557,31664800
2016-11-08,54.036033630371094,54.313047656555206,53.75008168854593,54.10751991141937,22935400
2016-11-09,53.76795196533203,54.14326602830459,52.901161612668574,53.61604148402569,49632500
2016-11-10,52.454349517822266,54.05389521526582,51.49819726489575,54.04495730141678,57822400
2016-11-11,52.740318298339844,52.829677012565355,51.83777960410656,52.034372865982405,38767800
2016-11-14,51.93607711791992,52.79393646962344,51.18545231568966,52.740319194886816,41328400
2016-11-15,52.9616584777832,53.51943619674933,52.46685854089268,52.47585683769406,35904100
2016-11-16,53.66337966918945,53.672374534416036,52.907684011898574,53.0246344190682,27332500
2016-11-17,54.55401611328125,54.8329049669072,53.95126065034582,54.347099905176044,32132700
2016-11-18,54.293113708496094,55.00382805184334,54.2481325265292,54.67995805073097,27686300
2016-11-21,54.75193786621094,54.85089853861996,54.35609517657484,54.428067822634006,19652600
2016-11-22,54.985836029052734,55.11178471390065,54.70695063598787,54.85988734420483,23206700
2016-11-23,54.33810806274414,54.96785158685445,54.20316106080918,54.886884072062436,21848900
2016-11-25,54.45505905151367,54.45505905151367,54.09520609558867,54.24814282969171,8409600
2016-11-28,54.52702713012695,54.89587835233548,54.16717077252833,54.28412460352457,20732600
2016-11-29,54.95885467529297,55.246738398980234,54.44606157798474,54.56301541318416,22366700
2016-11-30,54.212154388427734,55.03982267525324,54.17617149653119,54.75193894901256,34655400
2016-12-01,53.258548736572266,54.113205177125316,53.02464102938331,54.07721884804313,34542100
2016-12-02,53.30352020263672,53.50144154461737,52.898682653969296,53.150583479720474,25515700
2016-12-05,54.17616653442383,54.509031418930945,53.58240597445559,53.7083546641694,23552700
2016-12-06,53.93325424194336,54.39206773298869,53.798307280659785,54.36507971346949,19907000
2016-12-07,55.21075439453125,55.21975269168706,53.79832374341397,53.98724680154803,30809000
2016-12-08,54.88688278198242,55.399679318175444,54.73394605310597,55.147778482607265,21220800
2016-12-09,55.75053787231445,55.768531034426005,54.99484222285308,55.03982341220958,27349400
2016-12-12,55.93045425415039,56.047408074439254,55.52562017872108,55.615582543962205,20198100
2016-12-13,56.65916442871094,57.05500365894772,55.99343465822889,56.22733887794962,35718900
2016-12-14,56.389278411865234,57.08199969423118,56.2543314149953,56.677162135466055,30352700
2016-12-15,56.29929733276367,56.81209025957002,56.04739658440993,56.40725283529039,27669900
2016-12-16,56.04741668701172,56.632182446470296,55.885481659218414,56.632182446470296,42453100
2016-12-19,57.23493957519531,57.36988657950222,56.15537383627472,56.28132597515544,34338200
2016-12-20,57.162960052490234,57.39686426170287,56.70414306602553,57.29790360062836,26028400
2016-12-21,57.162960052490234,57.30690189627746,56.78511056764611,57.06399939141572,17096300
2016-12-22,57.17196273803711,57.666762679259406,57.04601403647268,57.43285843804614,22176600
2016-12-23,56.89307403564453,57.162964585165724,56.49723135995855,57.08199707712491,12403800
2016-12-27,56.92906188964844,57.63977636310777,56.866087536997085,56.866087536997085,11763200
2016-12-28,56.66816711425781,57.03701834859445,56.52422525285436,57.03701834859445,14653300
2016-12-29,56.58720016479492,56.857090728626574,56.434260005122006,56.551213841125445,10250600
2016-12-30,55.90346908569336,56.668162956669505,55.804508419768084,56.64117150024343,25579900
2017-01-03,56.29929733276367,56.533201493545484,55.89445990848404,56.48822032014632,20694100
2017-01-04,56.04741668701172,56.45225425649498,55.885481659218414,56.209351714805024,21340000
2017-01-05,56.04741668701172,56.37128674259833,55.80451414532176,55.94845601093305,24876000
2017-01-06,56.533226013183594,56.81211490016805,55.813516631113266,56.04742089334423,19922900
2017-01-09,56.353294372558594,56.74913708243749,56.26333199222875,56.46124991532337,20382700
2017-01-10,56.33529281616211,56.74013033101525,56.029415964033554,56.43425347888669,18593000
2017-01-11,56.84809112548828,56.88407744833084,56.1643681507029,56.32630317164977,21517300
2017-01-12,56.326297760009766,57.03701212456635,55.732537217532645,56.73113527348151,20968200
2017-01-13,56.40727615356445,56.56021289271305,56.0924009459165,56.33530350089807,19422300
2017-01-17,56.25432205200195,56.40726218512211,55.80450337976309,56.389269026411256,20664000
2017-01-18,56.22734832763672,56.40727652865416,55.88548508888809,56.3802850678023,19670100
2017-01-19,56.04741668701172,56.659170473820915,55.95745430794645,55.99344063231047,18451700
2017-01-20,56.44325637817383,56.5152255912151,56.11038804334358,56.38027859797639,30213500
2017-01-23,56.64117431640625,56.78511617440578,56.290316252022684,56.40727008409874,23097600
2017-01-24,57.14496994018555,57.342891272888366,56.62317858373064,56.85708623726023,24672900
2017-01-25,57.28891372680664,57.666759812717686,57.08199752282994,57.53181625282569,23672700
2017-01-26,57.8196907043457,58.06259663771994,57.171954132109846,57.68475058990271,43554600
2017-01-27,59.17815017700195,59.295107437895716,58.37747339811104,58.8272921216987,44818000
2017-01-30,58.593379974365234,59.187143938579396,58.296504855946644,59.09718157349229,31651400
2017-01-31,58.16156005859375,58.611378764594185,57.810702017008516,58.35048309147128,25270500
2017-02-01,57.19894027709961,58.134563877952075,57.099979626568924,57.90065626181701,39671500
2017-02-02,56.83010482788086,57.046019359169236,56.45225868793251,56.90207748225867,45827000
2017-02-03,57.28891372680664,57.306906887827815,56.74013432711669,57.1269787094606,30301800
2017-02-06,57.252933502197266,57.26193179958845,56.80311472429585,57.126984793480055,19796400
2017-02-07,57.064002990722656,57.37887472141639,56.88407481667861,57.34289183208316,20277200
2017-02-08,56.983036041259766,57.40586673962167,56.875080508515374,57.189952242288385,18096400
2017-02-09,57.630775451660156,57.972642090850556,56.96504563044681,57.144973814936385,22644400
2017-02-10,57.576805114746094,57.84669913419748,57.558811951326334,57.80171450972557,18170700
2017-02-13,58.22453689575195,58.35048558972943,57.6937472308277,57.792707899479865,22920100
2017-02-14,58.441768646240234,58.57753377731396,57.94396546740372,58.29695757031597,23108400
2017-02-15,58.405540466308594,58.44174494693337,58.07066110480202,58.37838883216467,17005200
2017-02-16,58.3964958190918,59.04816275123894,58.32409375297512,58.59561703783671,20546300
2017-02-17,58.48701477050781,58.55037089881333,58.19738576892545,58.35124966548168,21248800
2017-02-21,58.369346618652344,58.785687863732946,58.33314213143231,58.47796008031245,20655900
2017-02-22,58.2516975402832,58.278849184186356,57.97112134621578,58.22454589638004,19292700
2017-02-23,58.48701477050781,58.58657538717363,58.09782515225963,58.30599232870628,20273100
2017-02-24,58.48701477050781,58.649931515479146,58.052567815484224,58.4055529453721,21796800
2017-02-27,58.134029388427734,58.41460554037783,57.97111264416315,58.41460554037783,15871500
2017-02-28,57.90775680541992,58.106874598104504,57.70863556008509,57.99826803177678,23239800
2017-03-01,58.77663040161133,58.821880822793105,57.94394116934419,58.04350176336202,26937500
2017-03-02,57.93491744995117,58.60468332590577,57.81725457074001,58.550380037539526,24539600
2017-03-03,58.152130126953125,58.179281767689645,57.58192150293512,57.916807851052916,18135900
2017-03-06,58.170223236083984,58.4327005797282,57.75388545908079,57.89869994994487,18750300
2017-03-07,58.28789520263672,58.63182749393668,58.097826812289355,58.097826812289355,18521000
2017-03-08,58.821895599365234,58.90335742643397,58.15212981205674,58.161182660686656,21510900
2017-03-09,58.58657455444336,59.01196174970545,58.360301684382684,59.00291580671902,19846800
2017-03-10,58.7675895690918,59.06627141220469,58.60467282787567,58.930506310307926,19538200
2017-03-13,58.568458557128906,59.00290542956896,58.44174632460447,58.83998871556629,20100000
2017-03-14,58.29695129394531,58.42366356122497,58.06162555243994,58.40555786287035,14280200
2017-03-15,58.60468292236328,58.75854684187559,58.15213710829098,58.42366735885481,24833800
2017-03-16,58.5051155090332,58.61372897772867,58.19738770567984,58.604676129012304,20674300
2017-03-17,58.71328353881836,59.04816294846279,58.54131395745526,58.74948802464741,49219700
2017-03-20,58.7675895690918,58.99386243715309,58.5775211885563,58.74949077797886,14598100
2017-03-21,58.115936279296875,59.28350538186599,58.043527287206956,59.0029291691445,26640500
2017-03-22,58.85810089111328,58.957661511499104,58.03447119236731,58.03447119236731,20680000
2017-03-23,58.71328353881836,59.04816294846279,58.62276887159592,58.7766396626943,19269200
2017-03-24,58.8128547668457,59.23824201521418,58.61373351148551,59.156787086367295,22617100
2017-03-27,58.921451568603516,59.03006502769051,58.24263298623412,58.49605748547074,18614700
2017-03-28,59.093421936035156,59.25633867417596,58.51416395715672,58.794740098560396,20080400
2017-03-29,59.25634765625,59.28349929917248,58.78569616125756,58.93956697998635,13618400
2017-03-30,59.47357177734375,59.71795039098141,59.15679107938875,59.21109436895209,15122800
2017-03-31,59.609336853027344,59.90801875596014,59.23824596054091,59.41926843442502,21040300
2017-04-03,59.32875061035156,59.681735743065765,59.00291711779996,59.564069428627604,20400900
2017-04-04,59.49167251586914,59.564074594148245,59.08437716220807,59.18393778830517,12997400
2017-04-05,59.337799072265625,60.05282221653239,59.22919250700514,60.007571782774,21448600
2017-04-06,59.49167251586914,59.7903474888597,59.265399621157684,59.37400619122671,18103500
2017-04-07,59.4464111328125,59.69983565280989,59.229191102143346,59.600275033482305,14108500
2017-04-10,59.31064224243164,59.57311959435026,59.156778351572406,59.38305121647123,17952700
2017-04-11,59.265403747558594,59.38306317509242,58.69519159379177,59.37401032518944,18791500
2017-04-12,59.03912353515625,59.29254805868641,58.93051006565746,59.21108623023722,17108500
2017-04-13,58.78569793701172,59.609334625477864,58.78569793701172,59.09343267846426,17896500
2017-04-17,59.265403747558594,59.27444969216035,58.84000957103453,58.86716121544224,16689300
2017-04-18,59.183929443359375,59.47355843154027,58.97576227654486,59.129626165981634,15155600
2017-04-19,58.867149353027344,59.509763460620114,58.73138425304581,59.41925569573237,26992800
2017-04-20,59.28349685668945,59.50976974545544,58.95766334444238,59.247292365850825,22299500
2017-04-21,60.09808349609375,60.36960683234861,59.23824233470114,59.43736359113524,32522600
2017-04-24,61.120819091796875,61.238485389250876,60.73162952660879,61.07556866649077,29770000
2017-04-25,61.47380828857422,61.582421746117845,61.184179307090815,61.45570949830008,30242700
2017-04-26,61.39235305786133,61.82679307519672,61.20228468711465,61.61862591426922,26190800
2017-04-27,61.790584564208984,61.890145166966576,61.16607621681029,61.68197801960005,34971000
2017-04-28,61.96257019042969,62.5780327554668,61.26565269582781,62.36986555415624,39548800
2017-05-01,62.82241439819336,62.949126676077725,61.99877768664371,62.16169445896665,31954400
2017-05-02,62.72285842895508,63.093942440267455,62.568987589823834,63.093942440267455,23906100
2017-05-03,62.52371597290039,62.79523925147362,62.18882966683072,62.79523925147362,28928000
2017-05-04,62.279354095458984,62.523732707412314,62.125490172555786,62.47847536288725,21749400
2017-05-05,62.45130157470703,62.478453209674306,61.98970306436683,62.36079382304983,19128800
2017-05-08,62.397010803222656,62.49657142157774,61.92635935185312,62.42416244362855,18566100
2017-05-09,62.48751449584961,62.70473451022389,62.16168102163831,62.324597758743955,22858400
2017-05-10,62.73188018798828,62.95815302883983,62.378895108683786,62.44225122791026,17977800
2017-05-11,61.96257019042969,62.2069487897258,61.65484236056159,61.87206241136853,28789400
2017-05-12,61.8901481628418,62.09832222558439,61.58242039782171,62.09832222558439,18714100
2017-05-15,61.93540954589844,61.980666881502025,61.15703032955613,61.672932191057434,31530300
2017-05-16,63.1825065612793,63.20981383645223,62.04465712986207,62.108376420226165,34956000
2017-05-17,61.42567443847656,62.900323041173415,61.38015767757838,62.70916514618985,30548800
2017-05-18,61.63502883911133,62.017344591663964,61.11616976210934,61.35284439482943,25201300
2017-05-19,61.616844177246094,61.99005529779447,61.380169475871526,61.443888786447296,26961100
2017-05-22,62.30864334106445,62.3541601044954,61.44388039494073,61.79888892607641,16237600
2017-05-23,62.51799011230469,62.58170939316432,62.24490351154585,62.55440212206458,15425800
2017-05-24,62.59989547729492,62.70002674160466,62.30860642063358,62.69092895021572,14593900
2017-05-25,63.37364959716797,63.6103172231861,62.72735210480125,62.781966642362335,21854100
2017-05-26,63.68315124511719,63.91982585321182,63.28262605370799,63.53751014043827,19827900
2017-05-30,64.09276580810547,64.09276580810547,63.51018069443448,63.52839016870398,17072800
2017-05-31,63.57389450073242,64.39314715045917,63.54658723655469,64.2019893563361,30436400
2017-06-01,63.81059265136719,64.27483714886662,63.218909577280705,63.93803122795424,21603600
2017-06-02,65.3216323852539,65.41265890937837,63.93800421699917,64.1200642101267,34770300
2017-06-05,65.79499053955078,66.35026150060533,65.3671581323566,65.51280616241432,33316800
2017-06-06,66.01346588134766,66.1044993866972,65.7858960077366,65.8132102262703,31511100
2017-06-07,65.8951187133789,66.24102235111695,65.49459359450748,66.12268854094131,22301800
2017-06-08,65.49459075927734,66.01344966586326,65.0849678653494,66.00435187346821,24588300
2017-06-09,64.0108413696289,65.61293491401709,62.436055093602334,65.57652290790826,49187400
2017-06-12,63.519325256347656,63.66497336230245,62.01736215188759,63.03687805891931,47761700
2017-06-13,64.31123352050781,64.46597933374174,63.68313858518437,63.73775312047167,25258600
2017-06-14,63.965328216552734,64.7208617597437,63.20069687998389,64.54791340211814,25510700
2017-06-15,63.62855529785156,63.910739795256454,62.62724897152403,63.05507461617932,26068700
2017-06-16,63.719573974609375,63.74688125227445,63.00955697578777,63.473801530741284,48345100
2017-06-19,64.51152038574219,64.57523968254814,64.03817108528439,64.174714419835,23798300
2017-06-20,63.63764190673828,64.51150937588818,63.601229894080205,64.46599262384525,21512200
2017-06-21,63.965328216552734,64.2839315516702,63.66494130283237,63.910713676763656,19891100
2017-06-22,63.95622634887695,64.25661324346133,63.45556994976966,64.21110344482976,22965700
2017-06-23,64.82099151611328,64.85740352340679,63.6467303241986,63.80147614653581,27617300
2017-06-26,64.20201110839844,65.27614118087827,64.1200892881096,64.99395676226385,19607000
2017-06-27,63.00043869018555,63.88341085089495,62.97313141839139,63.81969156841493,25215100
2017-06-28,63.53749465942383,63.573899718062464,62.618110669008175,63.00042628862989,25806200
2017-06-29,62.345035552978516,63.25531497329601,61.98092239587535,63.15518368147062,28918700
2017-06-30,62.74557113647461,63.15519416566538,62.57261579554065,62.60902781178369,24161100
2017-07-03,62.05376434326172,63.35546456816497,61.91722100179131,63.10969210942451,16165500
2017-07-05,62.88209915161133,63.20980027313317,62.09925835518474,62.135670362562756,21176300
2017-07-06,62.4178581237793,62.60901596422081,62.00823517210186,62.144771526073896,21117600
2017-07-07,63.22801971435547,63.573923459636156,62.53620527891194,62.53620527891194,16878300
2017-07-10,63.701358795166016,63.94713119025636,62.9913349923784,63.228009593307604,15014500
2017-07-11,63.7104606628418,64.33855574417103,63.491995526028724,63.7195654024661,17460000
2017-07-12,64.7663803100586,64.88471413119096,64.22021406231443,64.34765262195872,17750900
2017-07-13,65.33075714111328,65.57653649705969,64.91202940141063,65.08498473004836,20269800
2017-07-14,66.25012969970703,66.6961646347412,65.50370091368075,65.75857801941456,25868100
2017-07-17,66.76898956298828,66.86001610987037,66.19551606723877,66.26834008269658,21803900
2017-07-18,66.72347259521484,66.8053943951454,66.14089442388777,66.532307838951,26435300
2017-07-19,67.23326110839844,67.39711173685048,66.86004308724755,66.90555985149435,22416200
2017-07-20,67.56090545654297,67.63372944004256,66.70524101261606,67.52449346479317,42361000
2017-07-21,67.1695327758789,67.62467257763045,66.60515692154938,66.8600340993491,46717100
2017-07-24,66.99657440185547,67.13311772518816,66.5687418963579,66.93285511028446,21394800
2017-07-25,67.53362274169922,67.6428518117668,66.90552780929126,67.17861437421989,22018700
2017-07-26,67.40621185302734,67.70659886383986,67.18773973349482,67.67018684391776,16252200
2017-07-27,66.5960464477539,67.74299352950507,65.83140811503888,67.14221271690411,36844200
2017-07-28,66.48680877685547,66.73258116120566,66.03166907297081,66.15000289582376,18306700
2017-07-31,66.17729949951172,66.85091115299318,65.91332462530475,66.72347261203822,23600100
2017-08-01,66.06806945800781,66.83270069245461,65.98614071438593,66.54141161101589,22132300
2017-08-02,65.77680206298828,66.04988176037592,65.03037311165117,66.04078396521359,26499200
2017-08-03,65.6766586303711,65.94064048385384,65.40357203852535,65.71307063894255,18214400
2017-08-04,66.15911102294922,66.48681218212054,65.75858584065513,65.90423388690066,22579000
2017-08-07,65.90425872802734,66.35939862677769,65.77682011196794,66.26837203600437,18705700
2017-08-08,66.25922393798828,66.56871553308436,65.31253273465104,65.62202432974712,22044600
2017-08-09,65.96794891357422,66.0043609227857,65.58563323417467,65.76768633535141,22213400
2017-08-10,65.00306701660156,65.71308396553508,64.94844552022688,65.44910205851689,24734500
2017-08-11,65.99525451660156,66.17730761317793,64.8847125707965,65.18510643053992,21443700
2017-08-14,66.98746490478516,67.10580568421483,66.40488658182518,66.50501788216657,20096600
2017-08-15,67.00574493408203,67.34433818778047,66.84102143864928,67.34433818778047,19181400
2017-08-16,67.39924621582031,67.81105143622192,66.95998126309631,67.1155515035254,18150400
2017-08-17,66.25537872314453,67.60062023624529,66.25537872314453,67.33523183730368,22977500
2017-08-18,66.33773040771484,66.65802431175096,65.82526016125705,66.13640081606829,18761500
2017-08-21,66.02658081054688,66.32857515711589,65.614768433803,66.31942190913068,17734800
2017-08-22,66.95087432861328,67.02407937883584,66.20961472183424,66.20961472183424,14343700
2017-08-23,66.54821014404297,66.94171605975373,66.37433332629912,66.76783924200988,13766500
2017-08-24,66.52075958251953,66.6763299078197,65.95337683027475,66.5665118642578,17098300
2017-08-25,66.63971710205078,67.1247345267252,66.32857648315876,66.6763231128409,12794300
2017-08-28,66.64889526367188,66.88682394992175,66.39266007424263,66.85937117703794,14569700
2017-08-29,66.85020446777344,66.95086925882583,65.93507508139396,66.1180981659166,11478400
2017-08-30,67.72869110107422,67.91171408631504,66.64883873164293,66.8135622111114,16897800
2017-08-31,68.42422485351562,68.59810168054773,67.53655516543195,67.74703102584434,27652800
2017-09-01,67.6646499633789,68.39674907670276,67.39010843220673,68.36929631996178,21736200
2017-09-05,67.3626708984375,67.61890599510026,66.78614193094627,67.11558206816787,21556000
2017-09-06,67.17050170898438,67.7561839869469,67.12474244462838,67.48164236457794,16535800
2017-09-07,68.03070068359375,68.26863622809651,67.35350703741994,67.42671904832567,17471200
2017-09-08,67.7012710571289,68.12222971204623,67.57314652730973,68.02156492697006,14703800
2017-09-11,68.41507720947266,68.5798007839034,68.00326478245412,68.00326478245412,17910400
2017-09-12,68.34182739257812,68.8542973488353,68.05813966420426,68.41503938115187,14394900
2017-09-13,68.82686614990234,68.84517264371773,68.22288450974688,68.57063109154053,13380800
2017-09-14,68.42422485351562,69.08311916449678,68.19544249452959,68.63470769581153,15733900
2017-09-15,68.91838073730469,68.99159275205768,67.78362243616115,68.47912261255068,38578400
2017-09-18,68.78111267089844,69.52236507412145,68.67129465558031,68.8451714343636,23307000
2017-09-19,69.03736114501953,69.2844430001639,68.64385524098743,68.82687832021416,16093300
2017-09-20,68.57978057861328,69.13800991738918,68.00324474702563,68.95497989867829,21587900
2017-09-21,67.91175079345703,68.85433294249536,67.8202392513735,68.73536863597508,19186100
2017-09-22,68.09477233886719,68.18628386949996,67.5822951999356,67.71041273919793,14111400
2017-09-25,67.04236602783203,67.94834196578228,66.73121847444732,67.80191794492322,24149200
2017-09-26,67.04236602783203,67.54568289030146,66.79527723810277,67.41756536299057,18019600
2017-09-27,67.58229064941406,67.8751317168504,66.9600025083766,67.30775607600098,19565100
2017-09-28,67.6006088256836,67.69212036596898,67.08813163269606,67.29861445904714,10883800
2017-09-29,68.16797637939453,68.21373563498422,67.60974697423453,67.6646594773186,17079100
2017-10-02,68.27779388427734,68.64384698056384,67.9941060510493,68.36930541287845,15304800
2017-10-03,67.95750427246094,68.52487997422675,67.89344550026536,68.33270365764002,12190400
2017-10-04,68.35100555419922,68.37845831445249,67.45417582192748,67.80192242160562,13317700
2017-10-05,69.52239227294922,69.65966310033012,68.5981094825944,68.836045117929,21195300
2017-10-06,69.5498275756836,69.57728033788858,69.12886893081458,69.24783322766369,13959800
2017-10-09,69.81521606445312,70.05315164054846,69.42171018093809,69.5223749638291,11386500
2017-10-10,69.81521606445312,70.12635667929254,69.6779452712488,69.85182207476646,13944500
2017-10-11,69.93416595458984,69.97077195736205,69.50405414936778,69.8792604413721,15388900
2017-10-12,70.57479095458984,70.7303612970262,69.8884438159639,69.99825488973819,16876500
2017-10-13,70.91336822509766,71.2611218310481,70.73034515598457,71.0048797596542,15335700
2017-10-16,71.05979919433594,71.2062162675258,70.78525758201552,70.84931636063918,12380100
2017-10-17,71.0048828125,71.03234255774188,70.69374218525378,70.89507175906385,16824000
2017-10-18,71.02320098876953,71.24283011364169,70.80357186389737,71.07810652451657,13300700
2017-10-19,71.29773712158203,71.31603663812224,70.78525989397116,70.98658948533078,15092800
2017-10-20,72.12132263183594,72.26774664014384,71.58139981043279,71.67291132468473,22866400
2017-10-23,72.1396484375,72.60635937970002,72.07558966218532,72.28606550312661,20627200
2017-10-24,72.16709899902344,72.47823961766348,71.80104587330136,72.20370500978392,17517200
2017-10-25,71.95664978027344,72.38676188018154,71.3892738032763,71.9108974818724,20410800
2017-10-26,72.07559204101562,72.67957380221928,72.06643879227347,72.47824422119037,32120700
2017-10-27,76.69699096679688,78.88414962254511,76.51396788387656,77.2094681663633,71066700
2017-10-30,76.77020263671875,77.17286179553592,76.05640284200325,76.5963258214326,31756700
2017-10-31,76.12047576904297,77.2003289105199,76.05641698022164,77.2003289105199,27086600
2017-11-01,76.12047576904297,76.6512525803536,75.84593411301765,76.57804054116227,22307400
2017-11-02,76.91661071777344,77.29181005268292,76.06554029726951,76.27601609976269,23992900
2017-11-03,76.99897003173828,77.36502310669931,76.32177638128348,76.94406451415273,17633500
2017-11-06,77.30097198486328,77.5114478110052,76.94407212150755,77.05388316753555,19860900
2017-11-07,77.11796569824219,77.69450179504832,76.80682499612452,77.57553048268666,17939700
2017-11-08,77.38331604003906,77.4290752887247,76.71527569326764,76.99896348585158,18034200
2017-11-09,76.95323944091797,77.11796303690876,75.86424003920287,76.97154594151932,21178400
2017-11-10,76.75191497802734,76.96239085673604,76.1662326466614,76.67870294113557,19397800
2017-11-13,76.80680084228516,76.81595409002324,76.37668896306538,76.55971900841546,14196900
2017-11-14,76.91661071777344,76.96236298785033,75.93742277004368,76.41328687375653,18801300
2017-11-15,76.31880187988281,76.97180594436432,76.05208072392053,76.76946527315523,19383100
2017-11-16,76.5211181640625,76.72345878934082,76.281994713229,76.42914706628461,20962800
2017-11-17,75.78536987304688,76.44757324452247,75.63821044963117,76.44757324452247,22079000
2017-11-20,75.9049301147461,75.96011138894303,75.64740814589717,75.78536834833692,16315000
2017-11-21,76.99939727783203,77.10975981444216,76.09806346615169,76.09806346615169,21237500
2017-11-22,76.43836975097656,77.16495357532041,76.37398926107,77.10057308541384,20553100
2017-11-24,76.57630920410156,76.73266077766972,76.134838095088,76.34637794287362,7425600
2017-11-27,77.13735961914062,77.23852995848891,76.61311650476624,76.6223087051093,18265200
2017-11-28,78.06625366210938,78.231804438945,77.27528961911078,77.3212786748214,21926000
2017-11-29,76.64989471435547,78.10306221280146,76.50274233133176,77.9099207630505,27381100
2017-11-30,77.41325378417969,77.7351561400147,76.64988032823875,76.80623891559726,33054600
2017-12-01,77.49604797363281,78.00189262775271,76.53953291549144,76.88902596835317,29532100
2017-12-04,74.57132720947266,77.65240548677033,74.2218271130561,77.643206269247,39094900
2017-12-05,75.04035949707031,76.04286339742072,74.47933370179831,74.81042824671732,26152300
2017-12-06,76.13484954833984,76.46595117567259,74.89322195431525,75.00359150240826,26162100
2017-12-07,75.86812591552734,76.15324548451561,75.41746255524698,75.9141149799614,23184500
2017-12-08,77.40406799316406,77.79035085214026,76.64069447403561,76.91660779461333,24489100
2017-12-11,78.38818359375,78.51694456320362,77.36728803812012,77.5236396414643,22857900
2017-12-12,78.71006774902344,79.14233962483733,78.2502052457227,78.46173806775187,23924100
2017-12-13,78.49854278564453,79.09636555661282,78.33299197240632,78.85723504483626,22062700
2017-12-14,77.89153289794922,78.97680896289891,77.74437349126946,78.5721276114763,19306000
2017-12-15,79.87812042236328,80.09885247302653,78.06626092317842,78.41576093841938,53936700
2017-12-18,79.44585418701172,80.47594885850104,79.3079010310967,80.1264558352732,22283800
2017-12-19,78.94003295898438,79.41828708069606,78.42498196220107,79.41828708069606,23524800
2017-12-20,78.65489959716797,79.37229118006093,77.90992439667716,79.28031304231666,23674900
2017-12-21,78.63652038574219,79.18835421312976,78.5445492506689,79.14237215406702,17990700
2017-12-22,78.64569091796875,78.75605343302234,78.1030494901559,78.5445206012061,14145800
2017-12-26,78.54452514648438,78.6640868836931,78.20422433250401,78.46174623845859,9891200
2017-12-27,78.82963562011719,79.07796532075099,78.37897229648888,78.774454360841,14678000
2017-12-28,78.83883666992188,79.03197809882766,78.68248508703799,79.00438746854765,10594300
2017-12-29,78.67330169677734,79.1423635567285,78.636511843355,78.75607360426734,18717400
2018-01-02,79.05038452148438,79.38148618159725,78.63651095481676,79.21593535154082,22483800
2018-01-03,79.41825866699219,79.5654180468372,79.06876566527848,79.15153755373221,26061400
2018-01-04,80.11726379394531,80.62311546742032,79.62061133733707,79.63900275412412,21912000
2018-01-05,81.11058044433594,81.31292114300582,80.4115872171893,80.62312713405713,23407100
2018-01-08,81.19334411621094,81.4692644985637,80.5679306642319,81.11976441199062,22113000
2018-01-09,81.13814544677734,81.60720718940996,80.80704386573612,81.5336275009685,19484300
2018-01-10,80.7702865600586,81.11058749348254,80.39320278454115,80.80707641910021,18652200
2018-01-11,81.00940704345703,81.05538909881966,80.23683413372385,81.05538909881966,17808900
2018-01-12,82.40737915039062,82.57292997235957,81.3496937331972,81.55203440637554,24271500
2018-01-16,81.25772857666016,83.50186054648982,80.94502534385289,82.86724784621406,36599700
2018-01-17,82.9040298461914,83.03279081420175,81.62561236598411,81.92912336927127,25621200
2018-01-18,82.86723327636719,83.3914763227422,82.46255898841102,82.59131994598062,24159700
2018-01-19,82.77526092529297,83.33629381069784,82.46255775215363,82.9040218809322,36875000
2018-01-22,84.25601959228516,84.26521880831598,82.53613107570501,82.77526157388553,23601600
2018-01-23,84.52274322509766,84.89063469082292,84.19164160763953,84.52274322509766,23412800
2018-01-24,84.44915008544922,85.92990791199175,84.22841804792992,85.120552429791,33277500
2018-01-25,84.91822814941406,85.75517442027561,84.55033667144298,85.04698911416199,26383200
2018-01-26,86.50934600830078,86.50934600830078,85.1481567056461,85.644809132381,29172200
2018-01-29,86.38058471679688,87.7877630786822,86.19664249290906,87.50265052657227,31569900
2018-01-30,85.2952880859375,86.14144035483663,84.70666469179987,85.81033881851619,38635100
2018-01-31,87.38309478759766,87.74178706069002,86.00350696279733,86.22423905002036,48756300
2018-02-01,86.69329833984375,88.35799868766227,86.06788493021335,87.18075156763948,47227900
2018-02-02,84.41236877441406,86.4265689940653,84.15484686845686,86.12305802621047,47867800
2018-02-05,80.93582916259766,85.7551879343525,80.93582916259766,83.29032376554096,51031500
2018-02-06,83.99851989746094,84.13648010663182,78.40658795239018,79.91493700091026,67998600
2018-02-07,82.41658020019531,84.4031830910537,82.03948947962336,83.22593589396033,41107600
2018-02-08,78.18582916259766,82.66488570520217,77.95589789804686,82.5085341293745,55628700
2018-02-09,81.10136413574219,81.79115799933142,77.10056113031386,79.37228337711242,63499100
2018-02-12,81.9751205444336,82.57294344446679,80.8714528958706,81.61642820780324,35720300
2018-02-13,82.6189193725586,82.77527097811672,80.75187827209699,81.7911652593881,26407700
2018-02-14,83.91256713867188,84.07889560579135,81.69486364362217,81.78726678093133,34960900
2018-02-15,85.6220703125,85.67751079358638,83.73701640656893,84.28219993700782,27823900
2018-02-16,85.01217651367188,86.39824460900348,84.82737025425709,85.4279941223086,30596900
2018-02-20,85.67750549316406,85.99167759976208,84.09738843077885,84.53169097217695,30911700
2018-02-21,84.54095458984375,86.26892290302567,84.54095458984375,85.91778801073603,26922500
2018-02-22,84.76271057128906,85.6867562212327,84.42081114284275,85.05840489727467,24392800
2018-02-23,86.91571807861328,86.92496050765173,85.3448435376494,86.4906579916455,26329200
2018-02-26,88.17240905761719,88.20012929121759,87.09127764776055,87.22988586566939,30199800
2018-02-27,87.04508972167969,88.56052388983453,87.04508972167969,88.4681207429779,25869100
2018-02-28,86.64775848388672,88.44040932124332,86.51839265540829,87.63648705863406,31167300
2018-03-01,85.7976303100586,87.38698982854977,84.86434230445002,86.851041702564,37135600
2018-03-02,85.98243713378906,86.07484027438659,83.95877522013691,84.62408911229147,32830400
2018-03-05,86.52764129638672,87.10978756632235,85.25246073132844,85.3263790315437,23901600
2018-03-06,86.23193359375,87.31306523476196,85.8807988098912,87.17445698721748,22175800
2018-03-07,86.73091888427734,86.80484422281003,85.40953342011602,86.08408979688717,26716100
2018-03-08,87.25762176513672,87.87673059305398,86.64774831680646,87.10977109284765,25887800
2018-03-09,89.20736694335938,89.20736694335938,87.78433581158257,88.05230989320697,36937300
2018-03-12,89.41988372802734,89.82646602125318,88.74533443234772,89.17039453439838,26073700
2018-03-13,87.23914337158203,89.85418690852516,86.83256107541916,89.63241795148544,35387800
2018-03-14,86.7216567993164,88.16317237435584,86.39824232892211,87.8951983703415,32132000
2018-03-15,87.02662658691406,87.39624628657492,85.77916626922935,86.42599545620382,27611000
2018-03-16,87.4146957397461,88.13545004280522,86.78634456914712,87.48862106567705,49081300
2018-03-19,85.83457946777344,86.76786732647221,85.11382516003054,86.62001667364949,33344100
2018-03-20,86.05635833740234,86.64774691718975,85.93623495553888,85.98244005235989,23075200
2018-03-21,85.45574951171875,86.90650097997455,85.20625322455425,85.87156725711397,24457100
2018-03-22,82.97005462646484,84.78118314242853,82.84993123736358,84.337638155909,38604700
2018-03-23,80.55830383300781,83.58917257938937,80.46590067364919,82.70208955971007,44068900
2018-03-26,86.65697479248047,86.86026590449737,83.53370393941286,83.72775262363622,56396800
2018-03-27,82.67435455322266,87.91369100722773,81.78727169195523,87.72888472151247,56569000
2018-03-28,82.60041809082031,84.30066529995187,82.11991758275025,82.9977578964945,52501100
2018-03-29,84.33763122558594,85.28016160077323,81.68562510402134,83.3304249961197,45867500
2018-04-02,81.79649353027344,83.97724118025862,80.86321277703146,83.59838624228767,48515400
2018-04-03,82.89613342285156,83.21031260604194,81.21437064198659,82.7760100277572,37213800
2018-04-04,85.31713104248047,85.71447092829698,81.06652273717663,81.17740369606881,35560000
2018-04-05,85.36332702636719,86.00092072420175,84.4577663177554,85.4187745543799,29771900
2018-04-06,83.37664794921875,85.43726594529464,82.68361366311164,84.54094047394396,38026000
2018-04-09,83.8756103515625,86.09332105193137,83.73700916083968,84.12510659467954,31533900
2018-04-10,85.82535552978516,86.194975191566,84.67954092318236,85.37257514530569,26812000
2018-04-11,84.8828125,86.2041977272226,84.5316777797945,85.02142072241773,24872100
2018-04-12,86.47216796875,87.00811597874993,85.40951437648303,85.40951437648303,26758900
2018-04-13,86.01017761230469,87.02662649790037,85.41878891341595,86.90650309184494,23346100
2018-04-16,87.0173568725586,87.47014421138465,86.32432279670215,86.9249537390925,20288100
2018-04-17,88.7730484008789,89.20735090162304,87.67343203090184,87.78432002574316,26771000
2018-04-18,89.11495971679688,89.37369135622164,88.26483240880466,88.91166855727501,21043300
2018-04-19,88.81002044677734,89.69710334948749,88.0985014087263,89.11495717737064,23552500
2018-04-20,87.7843246459961,88.810015740063,86.90648421949928,88.62520945550824,31154400
2018-04-23,88.10774230957031,88.97634738773681,87.44242838160518,88.4681195122334,22331800
2018-04-24,86.04711151123047,89.14266223892555,85.39104011311476,88.93012869169314,34524800
2018-04-25,85.29864501953125,86.21345521736691,83.42283362482922,86.21345521736691,33729300
2018-04-26,87.10053253173828,87.92293247905914,86.02863634651999,86.44446105971308,42529000
2018-04-27,88.54202270507812,90.46403867187422,86.7770998013643,90.18682225458208,48272800
2018-04-30,86.416748046875,89.07800409120175,86.07485566055897,89.01332117623042,41523600
2018-05-01,87.7843246459961,88.05229869353596,85.74218488706238,86.13028231457206,31408900
2018-05-02,86.40750885009766,87.9414209302083,86.11181453044328,87.7750924347834,27471000
2018-05-03,86.92496490478516,87.71964464450473,85.42800857068147,85.89927377677286,31142500
2018-05-04,87.93218231201172,88.12623104121072,85.86231510073881,86.23193474917386,22531300
2018-05-07,88.91167449951172,89.36445489876574,87.87674082273648,87.94142373691562,24242000
2018-05-08,88.53280639648438,88.8562279953753,87.83977219870397,88.56976906635501,23484600
2018-05-09,89.57698822021484,89.60470846193158,87.83054249297152,88.71762547745155,27327400
2018-05-10,90.47329711914062,90.51025273474403,89.67861743542318,90.0574724195726,22388100
2018-05-11,90.27924346923828,90.4363365638024,89.66937709884566,90.3716536601258,16778300
2018-05-14,90.58417510986328,91.19404849603221,89.91886125219075,90.48252954550179,19454100
2018-05-15,89.92811584472656,90.41785887567221,89.02254807153602,89.85419050611748,24594000
2018-05-16,90.16014099121094,90.39215370241814,89.66827517632625,90.35503081896907,17384700
2018-05-17,89.25991821289062,90.522067754004,88.93510187814786,89.79818932787296,17246700
2018-05-18,89.42696380615234,89.9559524088474,89.10214748528078,89.10214748528078,17865800
2018-05-21,90.57772064208984,90.95822471739086,89.83528454562837,90.02089179962802,19422500
2018-05-22,90.48494720458984,91.1067395014533,90.20652915023577,90.65199662110923,15441200
2018-05-23,91.56149291992188,91.62645619099568,89.38985042316152,89.75178965921067,21251200
2018-05-24,91.2366714477539,91.82134798046754,89.8445952543834,91.62645816305155,26649300
2018-05-25,91.28307342529297,91.85846744612398,90.8190480447579,91.22739264537769,18363900
2018-05-29,90.95825958251953,91.76565923541081,90.23438110180366,90.80048556763445,28671000
2018-05-30,91.83063507080078,92.10905317707429,90.86546835144352,91.23668305251944,22158500
2018-05-31,91.72855377197266,92.79581379537267,91.51510601557283,92.14618095354672,34140900
2018-06-01,93.53824615478516,93.60320943115933,92.03480122666954,92.13688738675268,28655600
2018-06-04,94.35492706298828,94.53125898807482,93.59392565854009,93.97442990099718,27281600
2018-06-05,94.83751678466797,94.96744333470636,94.22499983694473,94.66118486084474,23514400
2018-06-06,95.11593627929688,95.21802244636648,94.56838963816595,95.10666086808442,21122900
2018-06-07,93.62173461914062,95.30151088780389,93.15770935561908,95.26438801706652,28232200
2018-06-08,94.3177719116211,94.61474779515831,93.3062002422318,93.81662378056511,22165100
2018-06-11,93.779541015625,94.28068224269767,93.4268771619129,93.74241813205184,23490900
2018-06-12,94.02080535888672,94.15073187829944,93.50109928123587,93.82591557976765,18325200
2018-06-13,93.59391784667969,94.67046012824623,93.32478227628805,94.4013245578546,29492900
2018-06-14,94.12289428710938,94.6890057444134,93.73311471729942,94.33634904988978,25691800
2018-06-15,92.92572784423828,94.2250004333115,92.87004705971682,94.20644253195967,65738600
2018-06-18,93.60319519042969,93.83520786796288,92.26679990208967,92.81435350290982,23586000
2018-06-19,93.60319519042969,93.73312172341107,92.3410456582119,92.48025468082483,28653100
2018-06-20,94.54051208496094,95.14373927813772,93.84447417240577,94.07648680992415,26180800
2018-06-21,93.86305236816406,95.08807907598434,93.62175719042914,94.73542233965279,23198200
2018-06-22,93.1855697631836,93.51966148530039,92.46168430394751,93.1855697631836,38923100
2018-06-25,91.31090545654297,92.90715375233557,90.29933361820042,92.80506761152571,35433300
2018-06-26,91.95125579833984,92.87930640491058,91.64499739886008,91.70996065810147,26897200
2018-06-27,90.52204895019531,92.82361028439077,90.39212244328736,92.41527286859301,31298400
2018-06-28,91.53363800048828,91.979105451934,90.26221307286839,90.37357462538111,26650700
2018-06-29,91.51509094238281,92.72155982759345,91.2552378484521,91.81206691837018,28053200
2018-07-02,92.81434631347656,92.86074459711017,90.94896254807279,91.04176619580446,19564500
2018-07-03,91.92341613769531,93.38973072648396,91.8213300037306,93.25052879877232,14670300
2018-07-05,92.58234405517578,92.7308284921352,91.90486389773987,92.3410488795933,18977400
2018-07-06,93.88160705566406,94.13217761550088,92.49880649065771,92.70297876632118,19234600
2018-07-09,94.52194213867188,94.89316375527419,93.96511325400012,94.33633487060243,18212000
2018-07-10,94.77253723144531,95.13447642730901,94.53124207404792,94.66116860177004,19293100
2018-07-11,94.64261627197266,94.97670801972511,93.82592710056733,93.87233246911178,19644600
2018-07-12,96.693603515625,96.89777580000118,95.33865035985974,95.37576615659646,24335900
2018-07-13,97.84439849853516,98.00216543904696,96.60080671455381,96.86066689244286,24635200
2018-07-16,97.36183166503906,98.20635437460251,96.99988526897809,97.81657466249631,21786900
2018-07-17,98.32696533203125,98.83739603104411,96.81424529385673,97.08338083693036,25901700
2018-07-18,97.55667877197266,98.41976608798608,97.18545712672078,98.3176799585302,29493900
2018-07-19,96.88849639892578,97.73301887066994,96.41518855010011,97.38036214671135,40171600
2018-07-20,98.62394714355469,100.4150853208148,98.4476223210337,100.3037237656363,56004000
2018-07-23,100.20164489746094,100.35941183239926,98.49402776255927,98.6518017779632,29707000
2018-07-24,99.91393280029297,100.99046783390702,99.54271113749132,100.75845517971403,26316600
2018-07-25,102.85586547851562,103.15284143286216,99.8582584651877,100.19235729888571,30702100
2018-07-26,101.7329330444336,103.01364062211927,101.62156439749603,102.77234542732081,31372100
2018-07-27,99.93250274658203,102.25262956826116,98.50330377477187,102.25262956826116,37005300
2018-07-30,97.78871154785156,99.79329751617173,97.22260001539631,99.47776365504738,34668300
2018-07-31,98.44761657714844,99.04156843833019,97.79797686116142,98.82811366925017,27655200
2018-08-01,98.63324737548828,98.79101432734706,97.83512304430509,98.40123465317843,23628700
2018-08-02,99.83039093017578,100.3129740695917,97.296809976968,97.81652306610438,26104300
2018-08-03,100.26658630371094,100.27586879211408,99.13436345430625,100.04385614528407,18659600
2018-08-06,100.35013580322266,100.6192713992222,99.82114710224867,100.34086039266361,20265900
2018-08-07,101.04615020751953,101.25032247932135,100.3872351088183,100.74917428866173,16080200
2018-08-08,101.61228942871094,101.85358464137143,100.93481624763815,101.46380496893504,15487500
2018-08-09,101.77932739257812,102.23407737293354,101.71436412116529,101.81645027345196,13677200
2018-08-10,101.15752410888672,101.7978813437651,100.58213013838261,101.54730369513234,18183700
2018-08-13,100.42436218261719,101.69579414988421,100.32227604244791,101.38025324014336,18472500
2018-08-14,101.67723846435547,101.85357037357572,100.26660443198952,100.74918770924316,16788300
2018-08-15,100.2984390258789,101.53749102107155,99.51587276330781,101.0716799695474,29982800
2018-08-16,100.2798080444336,101.41638820905453,99.96305992391325,100.89468207750905,21384300
2018-08-17,100.22390747070312,100.52202625912889,99.39476436827795,100.0189494709643,18061500
2018-08-20,99.56249237060547,100.52206234318842,99.19916018890348,100.15873016148643,17914200
2018-08-21,98.73332214355469,100.0096399861274,98.61220671075242,99.60904216287804,22881900
2018-08-22,99.73946380615234,100.00031686752256,98.54698860690971,98.61220187225227,18000600
2018-08-23,100.20526885986328,100.78287710944753,99.56245445656357,99.82330750227504,18167700
2018-08-24,100.98783874511719,101.13689458759158,100.20527247206044,100.30775147338589,17234000
2018-08-27,102.10578155517578,102.14304729239936,101.09031686975536,101.79834455386565,19662300
2018-08-28,102.72065734863281,102.94424466815975,102.28279381326271,102.42253855335933,19151500
2018-08-29,104.36032104492188,104.36963925755737,102.7299821116818,102.89767440055219,20818000
2018-08-30,104.29510498046875,104.90997905910777,103.8199827644806,104.0342518953662,22798700
2018-08-31,104.64910125732422,105.06832831540716,103.8944826019784,104.0528637442805,23222700
2018-09-04,104.0715103149414,104.30441585421244,102.68339529104571,103.27031469123203,22634600
2018-09-05,101.0716781616211,103.80133115903418,100.7083461165484,103.41936979962729,32872400
2018-09-06,101.30459594726562,101.53750149705739,100.1587046226096,100.8481030598335,23477600
2018-09-07,100.8108139038086,101.28594310518618,99.89782834100173,100.82945032378275,22498600
2018-09-10,101.90082550048828,102.14304924321148,100.9505740601323,101.39774869993062,20727900
2018-09-11,103.63365173339844,103.95971808247107,101.44434098080984,101.45365919298715,24301800
2018-09-12,104.0715103149414,104.20193684831615,102.95356656952566,103.81065724819193,18891100
2018-09-13,105.18944549560547,105.95337526628593,104.45346324823947,104.45346324823947,26055600
2018-09-14,105.6180191040039,105.95340368917108,104.75161011027434,105.60870089116209,19122300
2018-09-17,104.47209167480469,105.92541973652146,104.21123864913366,105.91610863397027,20736500
2018-09-18,105.46894073486328,105.92543358948787,104.08082574802609,104.51868928740005,22170900
2018-09-19,104.06219482421875,105.5714253169349,103.44732788047651,105.31989045533881,21728400
2018-09-20,105.80433654785156,106.01861278849196,104.27647665679847,104.60254301628294,23714500
2018-09-21,106.44713592529297,107.40670548605648,105.74841939762493,106.204912205542,71229700
2018-09-24,106.82910919189453,107.04338541169668,104.5466377897588,105.30124944942493,27334500
2018-09-25,106.62415313720703,107.22970896143369,105.9720204697094,106.95022657866885,22668000
2018-09-26,106.18627166748047,107.19241795910375,105.96267728470967,106.6427644271427,19352000
2018-09-27,106.5869140625,107.05272522695589,106.39126711863993,106.9316097752602,19091300
2018-09-28,106.54962158203125,106.7359431579779,105.90680006190402,106.38192932059425,21647800
2018-10-01,107.7048110961914,107.77002434649874,106.8849863626548,106.90361567372352,18883100
2018-10-02,107.27629089355469,107.91910533721561,106.61484002676569,107.41603563616371,20787200
2018-10-03,107.29491424560547,108.2358545453158,107.07132693448554,107.52781976777152,16648000
2018-10-04,105.07768249511719,106.91297960571008,103.99699719047223,106.77323483594195,34821700
2018-10-05,104.46280670166016,105.43169475364815,103.07469145470202,104.92861785505549,29068900
2018-10-08,103.27029418945312,104.36960840087909,101.86354302137234,104.02491282012511,29640600
2018-10-09,104.58391571044922,105.347845670668,103.22374807921645,103.54049623231789,26198600
2018-10-10,98.90101623535156,103.87587537525322,98.55631346232504,103.633651612918,61376300
2018-10-11,98.66812133789062,101.48161756029424,97.0750409479518,98.1464080159408,63904300
2018-10-12,102.07783508300781,103.63364231266301,99.79536373927236,101.55612897191689,47742100
2018-10-15,100.2425308227539,101.99398481982422,99.63697507073942,101.46296053741106,32068100
2018-10-16,103.41006469726562,103.79203321280478,101.50023633499656,102.04989713165062,31610200
2018-10-17,103.1398696899414,104.16465245769682,102.05919187723751,104.04354415773784,26548200
2018-10-18,101.08102416992188,102.97221638812482,100.45683890624478,102.57161849650687,32506200
2018-10-19,101.23006439208984,103.279630241779,100.81083016757651,101.4815992406276,32785500
2018-10-22,102.13372039794922,102.9814998553558,100.83876634730275,101.84491984366046,26545600
2018-10-23,100.7083511352539,101.5188649495755,97.92280294831062,100.40091412557543,43770400
2018-10-24,95.3235855102539,101.0716929165259,94.64349816051799,100.99716854059726,63897800
2018-10-25,100.89468383789062,101.79835137216658,98.89169475116951,99.26434504065232,61646800
2018-10-26,99.64629364013672,101.3138979629816,97.59672797270609,98.46313676373249,55523100
2018-10-29,96.74896240234375,101.26732857392436,94.68076001629859,100.7176748969787,55162000
2018-10-30,96.63717651367188,97.24272527366979,93.26470150084772,96.57196324223918,65350900
2018-10-31,99.50654602050781,100.74560501717713,98.18364445345479,98.23022839769816,51062400
2018-11-01,98.67740631103516,99.98167860893372,98.3140742783815,99.73014378160126,33384200
2018-11-02,98.90101623535156,99.98169429212354,97.80170175424662,99.19913505525899,37680200
2018-11-05,100.15867614746094,100.37294521203313,98.65876426461043,99.09662771096833,27922100
2018-11-06,100.3543472290039,101.39775957222082,99.01280895033814,100.03759197644627,24340200
2018-11-07,104.30439758300781,104.56525060406315,101.91944755311697,101.95671328579799,37901700
2018-11-08,104.10875701904297,104.53730228002146,103.32619796187662,104.15534096146503,25644100
2018-11-09,102.07783508300781,103.8292821043221,101.32322344264949,103.27031025562287,32039200
2018-11-12,99.56249237060547,102.44120228835433,98.84513911401376,101.93812531960194,33621800
2018-11-13,99.62767028808594,101.30458581422434,99.34818081320657,100.19596034135141,35374600
2018-11-14,98.21484375,101.29312251629713,97.74702035947007,101.14341560488671,39495100
2018-11-15,100.37620544433594,100.86274586452976,97.22307973517997,98.23357303400589,38505200
2018-11-16,101.3211898803711,101.87321804986729,99.9270781876941,100.18905814192404,33502100
2018-11-19,97.88737487792969,101.57381856991371,96.88623304561455,101.30248012996041,44773900
2018-11-20,95.16462707519531,96.34354394165537,92.9565002439797,95.24883899200859,64052500
2018-11-21,96.47453308105469,97.7095864558145,95.66051787148334,96.93299797134713,28130600
2018-11-23,96.43710327148438,97.12947981771816,95.43596160683177,95.59501982962291,13823100
2018-11-26,99.61831665039062,99.76801642748327,97.84994475682075,98.04642972961533,32336200
2018-11-27,100.24519348144531,100.42296865046923,98.5797433877001,99.4311782289034,29124500
2018-11-28,103.9690933227539,104.16557832879754,100.91888221803408,100.94695048483747,46788500
2018-11-29,103.09890747070312,103.96905914768516,102.01355392159974,103.22989743167525,28123200
2018-11-30,103.75386047363281,103.82871392175771,102.32232218572824,103.5760853189406,33665600
2018-12-03,104.87664794921875,106.12105992499279,103.6041748495919,105.72808997635425,34732800
2018-12-04,101.53639221191406,105.391259773024,101.24634397501964,104.73630983861113,45197000
2018-12-06,102.16329193115234,102.21006999522339,98.24292895796405,99.01015916524184,49107400
2018-12-07,98.07450103759766,102.40654331728139,97.58796782391285,101.40540148856749,45044900
2018-12-10,100.6662368774414,101.0311457007445,97.20434653525923,98.05578855893538,40801500
2018-12-11,101.60187530517578,103.81000216602375,100.52588727301165,102.7340141338596,42381900
2018-12-12,102.06035614013672,104.10941780778454,102.02292941098268,103.75387458844925,36183000
2018-12-13,102.40653228759766,103.73515607645926,101.63930225045524,102.52817093173192,31333400
2018-12-14,99.20662689208984,102.22876913089628,98.71073524108253,101.28376388480744,47043100
2018-12-17,96.26869201660156,98.9914274425576,95.16462858349503,98.62652578689186,56957300
2018-12-18,97.27922058105469,97.78447082207417,95.92252813616344,97.07337709711118,49319200
2018-12-19,97.01722717285156,100.0019358628918,94.82780976389968,96.97980044107932,68198200
2018-12-20,94.97750854492188,97.59731529851008,92.42318964329434,96.41840547168374,70334200
2018-12-21,91.9085922241211,96.371624509532,91.18814015988477,95.08978576904043,111242100
2018-12-24,88.07244110107422,91.66532894878243,87.9320997752578,91.39399048817165,43935200
2018-12-26,94.08866119384766,94.21029987393378,87.91339234551998,89.01745610464677,51634800
2018-12-27,94.66876983642578,94.67812830578552,90.19637803082402,92.90975593308391,49498500
2018-12-28,93.9295654296875,95.81957563620148,93.11555028469377,95.52016185912277,38196300
2018-12-31,95.03363037109375,95.81021880721444,93.97635222179446,94.77165045009339,33173800
2019-01-02,94.61262512207031,95.20208014923192,92.57291442154259,93.1436596500219,35329300
2019-01-03,91.13199615478516,93.74245148047763,90.9448625191118,93.65823955982005,42579100
2019-01-04,95.3704833984375,95.91316028290775,92.56354285749075,93.302704723217,44060600
2019-01-07,95.49211883544922,96.62425071012335,94.48162562446007,95.09914885681903,35656100
2019-01-08,96.18450164794922,97.27920677896326,95.16464284176976,96.40905489929126,31514400
2019-01-09,97.55986785888672,98.13061285606416,96.5961530028577,97.17625646479362,32280800
2019-01-10,96.93299865722656,97.0733470927551,95.79150851794078,96.57745547384982,30067600
2019-01-11,96.18450164794922,96.78331507714078,95.09914784602752,96.54940335828722,28314200
2019-01-14,95.48274993896484,96.24997995826448,94.74358817891479,95.342401504299,28437100
2019-01-15,98.25226593017578,98.28969265629607,95.32368707242202,95.91314908579385,31587600
2019-01-16,98.59844207763672,99.4218157038228,98.20547219518473,98.48616904746042,29853900
2019-01-17,99.29085540771484,99.76803020536256,98.01837500381502,98.24292826967393,28393000
2019-01-18,100.77851867675781,100.95629385782408,99.09435867459821,100.54460697047853,37427600
2019-01-22,98.879150390625,100.20776708343436,98.11192032901778,99.88029214343463,32371300
2019-01-23,99.84286499023438,100.15163013452457,98.56102635808371,99.29083682779277,25874300
2019-01-24,99.36567687988281,100.11419709672076,98.56102014522827,99.9832071295368,23164800
2019-01-25,100.27325439453125,100.9375626900766,99.36567596000296,100.3387493775169,31225600
2019-01-28,98.31777954101562,99.62768664969413,97.92480954993792,99.42184318624786,29476700
2019-01-29,96.31549072265625,98.21485271952099,95.59503863793019,98.13064078955732,31490500
2019-01-30,99.53410339355469,99.53410339355469,97.61603174856539,97.88737017548377,49471900
2019-01-31,97.7095947265625,98.44875654849314,96.54003623713147,97.12013981771993,55636400
2019-02-01,96.16576385498047,97.40081717711266,95.7634355002789,97.1014105274569,35535700
2019-02-04,98.93529510498047,98.99143876964271,96.15642284123234,96.24999323619645,31315100
2019-02-05,100.320068359375,100.36684642440053,99.14115118906636,99.23471445753725,27325400
2019-02-06,99.20662689208984,100.11420541038703,98.73880350232167,100.11420541038703,20609800
2019-02-07,98.49554443359375,98.79495115122825,97.57861448389652,98.42069810799954,29760700
2019-02-08,98.86978912353516,98.97271083582223,97.55053093450164,97.67216244065085,21461100
2019-02-11,98.47682189941406,99.72123380860805,98.21484194767181,99.36568346974217,18914100
2019-02-12,100.01129913330078,100.24521086429614,98.69204068246512,99.30956394031472,25056600
2019-02-13,99.9364242553711,100.84400271933686,99.84286101070222,100.58202277889684,18394900
2019-02-14,100.02063751220703,100.38553916819592,98.86043755825307,99.46860222595582,21784700
2019-02-15,101.25570678710938,101.33056025094537,100.45104989692045,100.9656585377689,26606900
2019-02-19,101.20893096923828,101.66740312391774,100.844029222237,100.85338769068879,18038500
2019-02-20,100.68270874023438,101.42502727453088,99.87461550891942,101.3498541439657,21607700
2019-02-21,102.8062973022461,102.87207199556747,100.41960430773598,100.44779243788744,29063200
2019-02-22,104.27214050292969,104.48825428641365,103.1915500787975,103.40767103118559,27763200
2019-02-25,104.85474395751953,105.40913697619372,104.54466726016246,105.01448869308025,23750600
2019-02-26,105.57825469970703,106.40513769767531,104.4600775889062,104.54464916002046,21536700
2019-02-27,105.39970397949219,105.57823835950917,104.1875642197583,104.94867956637025,21487100
2019-02-28,105.26815795898438,106.06685272479392,104.98626948400077,105.27755639215503,29083900
2019-03-01,105.73799133300781,106.19841424631532,104.92989804170614,106.07626327675757,23501200
2019-03-04,105.48426818847656,106.4145122485217,104.11239101004436,106.1983913209843,26608000
2019-03-05,104.95808410644531,105.60643984733515,104.51645807033258,105.4748904461263,19538300
2019-03-06,105.00507354736328,105.86015186027751,104.70438816490108,105.11783325412598,17687000
2019-03-07,103.72715759277344,104.8171465712415,103.23854654067372,104.67619873176305,25339000
2019-03-08,103.83992004394531,104.02784572228255,102.233131836775,102.57140379290612,22818400
2019-03-11,106.0198745727539,106.13262709484117,104.28153722450332,104.29092848874126,26491600
2019-03-12,106.76220703125,107.10987024500496,105.8507524577428,106.01048999751697,26132700
2019-03-13,107.58908081054688,108.05890212413006,106.91253697196241,107.24141045768977,35513800
2019-03-14,107.67366790771484,108.24685060464786,107.42936593475434,107.62669006779436,30763400
2019-03-15,108.91397094726562,110.17308851782413,107.67363590440567,108.37836781390135,54681100
2019-03-18,110.4737777709961,110.51136433443979,109.04552420465565,109.15827672608276,31207600
2019-03-19,110.54894256591797,111.29126100794915,109.92877506919443,110.96238039483025,37588700
2019-03-20,110.42681121826172,111.58257493825623,109.66570289589042,110.3046602433457,28113300
2019-03-21,112.9638442993164,113.52762847434744,110.0227581185816,110.06974312021117,29854400
2019-03-22,109.98515319824219,112.37183874642021,109.9757547663162,112.2872743657956,33624500
2019-03-25,110.55836486816406,110.88723838338427,109.2992399070146,109.52475215046488,27067100
2019-03-26,110.79325866699219,111.54496842027402,109.79723266976055,111.46040403020267,26097700
2019-03-27,109.72207641601562,111.07516421645624,108.54752302505119,110.76508040070445,22733400
2019-03-28,109.8724136352539,110.48318278199572,109.12069665943253,110.35163338656264,18334800
2019-03-29,110.82145690917969,111.17851853690169,109.900603953922,110.94360787339667,25399800
2019-04-01,111.83627319335938,111.9208447658488,110.97180361293991,111.7704984898254,22789100
2019-04-02,111.99600982666016,112.26850705562119,111.36644380234803,111.873851693975,18142300
2019-04-03,112.72895050048828,113.16118533833239,111.95844367321733,112.62558921655753,22860700
2019-04-04,112.15574645996094,112.9732381403075,111.23489351535545,112.85108000859908,20112800
2019-04-05,112.65376281738281,112.97324506346261,112.16515176731973,112.18394146701624,15826200
2019-04-08,112.69135284423828,112.77591724882525,111.47921286282273,112.57859313588389,15116200
2019-04-09,112.08056640625,112.32487548567467,111.42281946422666,111.46979729214033,17612000
2019-04-10,112.93565368652344,113.08599278440897,112.32488452327162,112.53160705565573,16477200
2019-04-11,113.06722259521484,113.5558337087832,112.68196559676768,113.26454672774663,14209100
2019-04-12,113.64979553222656,113.67799083853892,113.10480814825199,113.35850855381725,19745100
2019-04-15,113.7437515258789,114.24176100908055,113.29271987626137,113.64039025552707,15792600
2019-04-16,113.48065185546875,114.30754206424058,112.85109293299404,114.29814362943947,14071800
2019-04-17,114.42028045654297,114.49545358784515,113.26452403061568,113.92227100724874,19300900
2019-04-18,115.92371368408203,116.06465434326424,113.97865372941985,114.81493509545452,27991000
2019-04-22,116.2901840209961,116.5156962645373,115.17200689989167,115.2189919030442,15648700
2019-04-23,117.86876678466797,118.00031617152464,116.35594166691222,116.60964200759184,24025500
2019-04-24,117.46473693847656,118.25403337214976,117.00430684992892,118.19765710371738,31257000
2019-04-25,121.35484313964844,123.44085098045554,121.05416494575493,122.20992139664241,38033900
2019-04-26,122.05018615722656,122.64216562899917,121.23270162025247,121.87165175540248,23654900
2019-04-29,121.93744659423828,122.32268923420278,121.54279835035042,122.05959040494422,16324200
2019-04-30,122.71733856201172,122.81129422642175,121.58036462151854,121.97501282278304,24166500
2019-05-01,120.16151428222656,122.76432158857914,119.99237829766501,122.65156904480835,26821700
2019-05-02,118.59231567382812,120.27427712831305,117.94395985463353,120.2554874268302,27350200
2019-05-03,121.11993408203125,121.6179435486845,119.56952941608199,119.67289068299922,24911100
2019-05-06,120.41522979736328,120.80048682071157,118.49836462347037,118.7614634838515,24239800
2019-05-07,117.94392395019531,119.50373394794111,116.72239299631214,118.8271901980226,36017700
2019-05-08,117.93455505371094,118.74264833393927,117.22042460792444,117.86878035271118,28419000
2019-05-09,117.92515563964844,118.19765287549865,116.1116449912626,116.7881888638694,27235800
2019-05-10,119.4567642211914,120.20848118803416,116.34654942946551,117.37076361756615,30915100
2019-05-13,115.90493774414062,117.97215620187986,115.61365077069829,116.61906827818913,33944900
2019-05-14,117.20162963867188,118.2822129395221,116.23379169761566,116.39353639477913,25266300
2019-05-15,118.85209655761719,119.50285230254299,116.66405628553342,117.19220889978928,24722700
2019-05-16,121.5965805053711,122.02099645719915,119.26707773925698,119.54058368569899,30112200
2019-05-17,120.78550720214844,123.0395657012684,120.64403042485117,121.0118470204102,25770500
2019-05-20,119.04071044921875,120.3327813609976,118.60687573766724,119.32364237652237,23706900
2019-05-21,119.68204498291016,120.27620856617303,119.38024657936435,120.18189791421024,15293300
2019-05-22,120.40821838378906,120.94580409193694,119.32362813662323,119.41794596324281,15396500
2019-05-23,119.00299072265625,119.10673459317054,117.64489437806272,119.02184997391286,23603800
2019-05-24,119.05958557128906,120.17246856943227,118.8049460832259,119.69148207026386,14123400
2019-05-28,118.98413848876953,120.7194775243704,118.8803946121367,119.75749735384237,23128400
2019-05-29,117.83352661132812,118.257928134776,116.98471636899103,118.24849491112741,22763100
2019-05-30,118.57859802246094,118.60689049916843,117.68262881922088,118.13533003286577,16829600
2019-05-31,116.64517974853516,117.53171559484292,116.30565568805305,117.16389906189409,26646800
2019-06-03,113.02359771728516,117.29594115552322,112.24081289065998,116.80551429055417,37983600
2019-06-04,116.15479278564453,116.2679627073542,113.78755691883471,114.38172059413834,29382600
2019-06-05,118.67289733886719,118.71062303602017,117.14503898365604,117.84294639238365,24926100
2019-06-06,120.54972076416016,120.69119034718373,118.45599108264857,119.24821643031544,21459000
2019-06-07,123.92609405517578,124.72775266419167,120.96469468097705,121.84180469714961,33885600
2019-06-10,125.05784606933594,126.45366107203938,124.49196773238064,124.86921036309491,26477100
2019-06-11,124.5862808227539,126.60455904077563,123.81291475120523,126.26503492975873,23913700
2019-06-12,124.0109634399414,124.46365741007185,123.27533034189874,123.92607162795045,17092500
2019-06-13,124.79376220703125,125.43507750016029,124.07698112543689,124.47309016958411,17200800
2019-06-14,124.9164047241211,126.18018372547657,124.15247882615081,124.73720938689092,17821700
2019-06-17,125.29359436035156,126.12353081445904,124.99178882003594,125.08610664910462,14517800
2019-06-18,127.47220611572266,127.54765750386655,125.97264755242516,126.55737782193921,25934500
2019-06-19,127.97209930419922,128.19843914908748,126.19902710118595,127.32134346837475,23744400
2019-06-20,129.160400390625,129.83002254094734,128.00036574887366,129.63196082607152,33042600
2019-06-21,129.17933654785156,129.8961036158089,128.698349824854,128.81151978534987,36727900
2019-06-24,129.94320678710938,130.52793718653945,129.2075735778638,129.2075735778638,20628800
2019-06-25,125.84062957763672,129.76401643682027,125.18044774817903,129.44335874692433,33327400
2019-06-26,126.31221008300781,128.01927147138298,126.0009927641098,126.70833363428807,23657700
2019-06-27,126.5196762084961,127.04783605606607,125.91607934501478,126.51025017922827,16557500
2019-06-28,126.34049224853516,126.94408909740405,125.58599258972802,126.91579661940112,30043000
2019-07-01,127.9626235961914,128.92461084434316,127.29301588520211,128.85859987141586,22613500
2019-07-02,128.81149291992188,128.82091895103386,127.6420174721111,128.37765084368795,15237800
2019-07-03,129.6414031982422,129.90547589480042,128.53793909869498,129.0189399602624,13629300
2019-07-05,129.26412963867188,129.51877627445242,128.00035126845566,128.20783898785004,18141100
2019-07-08,129.1698455810547,129.30188193222187,127.67027240386963,128.64168578550303,16779700
2019-07-09,128.69830322265625,129.17928977148654,128.0758398835453,128.26446121303454,19953100
2019-07-10,130.00924682617188,130.6977211861397,129.22645460171066,129.33019849629915,24204400
2019-07-11,130.5279083251953,131.30127426133595,130.02805547022865,130.33928705007443,22327900
2019-07-12,130.99951171875,131.2164399276986,130.16013453662558,130.95236717765172,18936800
2019-07-15,130.99951171875,131.60310863184077,130.58455053359464,131.50880515875863,16651500
2019-07-16,129.28297424316406,131.140922986038,128.75482900697463,131.05604558541006,22726100
2019-07-17,128.5191192626953,130.08468938739023,128.4719603284407,129.86777555888253,20211000
2019-07-18,128.66055297851562,128.8491742825783,127.01009138392182,127.84004239085728,30381800
2019-07-19,128.84918212890625,132.66882493002737,128.68885329114553,132.24442337232145,48992400
2019-07-22,130.55618286132812,131.27296375555042,129.51875879524255,129.59421017310166,25074900
2019-07-23,131.36727905273438,132.02747507092565,130.17895212357436,131.8105469434033,18034600
2019-07-24,132.7159881591797,132.73485460861139,130.95235649575224,130.99950103300492,20738300
2019-07-25,132.2161102294922,132.61221924749916,131.3955997201122,132.44245001642093,18356900
2019-07-26,133.3007049560547,133.62136260921432,132.31986554907147,132.38587652901236,19037600
2019-07-29,133.00836181640625,133.4610558953359,131.44277740445477,133.45162986546342,16605900
2019-07-30,132.36700439453125,133.18751485047696,131.84828509846412,132.16894270298536,16846500
2019-07-31,128.5191192626953,132.49909154689573,127.39680282551225,132.34818871363547,38598800
2019-08-01,130.20730590820312,132.92349947205085,129.14157438527096,129.20759977453332,40557500
2019-08-02,129.11325073242188,130.4524951291536,127.56653296881987,130.23556695184885,30791600
2019-08-05,124.69003295898438,126.31218782918423,123.34136245419361,125.7180313887167,42749600
2019-08-06,127.02900695800781,127.96268781101314,125.63319149907524,126.18962959806267,32696700
2019-08-07,127.58539581298828,127.93434594531534,124.331631545048,126.18014047351265,33414500
2019-08-08,130.9900665283203,131.0843843784918,128.1984222193159,128.83032591187458,27496500
2019-08-09,129.877197265625,131.45220758475168,128.69829603356456,130.72600039635486,23466700
2019-08-12,128.06637573242188,130.01864282763896,127.54767077016326,129.27358367740547,20484300
2019-08-13,130.71658325195312,130.90520458372646,127.3213417164926,128.31162169690901,25154600
2019-08-14,126.78011322021484,129.56212437318712,126.48677446196896,129.03222023715523,32527300
2019-08-15,126.49624633789062,127.34789045854782,125.14309915291345,127.16809844067109,28074400
2019-08-16,128.81455993652344,129.12682790920258,127.48032799111316,127.6317332697701,24449100
2019-08-19,130.9720458984375,131.10452191896815,129.53372450495954,130.44214181631492,24355700
2019-08-20,129.88385009765625,131.25594084277455,129.86493526333263,130.78281008619717,21170800
2019-08-21,131.33164978027344,131.99404449504377,130.58410942000216,131.10455622211867,14970300
2019-08-22,130.3759002685547,131.71958978297036,128.96596552260124,131.20861495757995,18697000
2019-08-23,126.22180938720703,130.91527235190958,125.66351861847524,129.81760564678032,38508600
2019-08-26,128.17111206054688,128.2752013988544,126.70440390759687,127.73583987402743,20312600
2019-08-27,128.44554138183594,129.3728736102259,127.42357722779603,129.06060558214665,23102100
2019-08-28,128.2751922607422,128.46444165178204,126.37321205676666,127.63174144344607,17393300
2019-08-29,130.69760131835938,131.0004118538232,129.55263327328925,129.8743586381188,20168700
2019-08-30,130.4515838623047,131.70064127459696,128.9470318552338,131.67225459059952,23940100
2019-09-03,128.7294158935547,129.82708276526384,128.40769042940715,129.26879191180686,18869300
2019-09-04,130.2339630126953,130.29073638731955,129.14575372345155,129.9216950134586,17995900
2019-09-05,132.52391052246094,132.8361785137353,131.30322524395183,131.63442250588605,26101800
2019-09-06,131.62496948242188,132.64691911131047,130.77332553994347,132.50498567363243,20824500
2019-09-09,130.12985229492188,132.24001085823917,129.12681767125,132.08860559158657,25773900
2019-09-10,128.7672882080078,129.53375784110435,127.28165047368921,129.44859775716185,28903400
2019-09-11,128.8050994873047,128.947047363165,127.83045138270464,128.60639267542496,24726100
2019-09-12,130.12985229492188,130.98148165194115,129.51477381369602,130.44212024284252,27010000
2019-09-13,129.9406280517578,130.6408522774952,129.2309319707729,130.3759002290318,23363100
2019-09-16,129.0038299560547,129.35394208501495,128.3698364938922,128.53069921365244,16731400
2019-09-17,130.00689697265625,130.12991561652285,129.09847936950285,129.60001136418668,17814200
2019-09-18,131.0761260986328,131.21805952545353,129.19306081626476,129.97845946854483,23982100
2019-09-19,133.48915100097656,134.7192797156948,132.5428892580805,132.76052541608027,35772100
2019-09-20,131.94668579101562,134.0379153020489,130.8206324671658,133.43230861176025,39167300
2019-09-23,131.66281127929688,132.1264845655933,131.00043118373284,131.74797134041157,17139300
2019-09-24,129.99742126464844,133.1295448031249,129.52429047179567,132.81727674718536,29773200
2019-09-25,131.87100219726562,132.43876486839468,128.71994969398878,130.11095524333092,21382000
2019-09-26,132.0413360595703,132.64694290027873,131.0004569727184,131.9467185637507,17456600
2019-09-27,130.32858276367188,132.81725494599414,129.3066186862027,132.61853369254032,22477700
2019-09-30,131.55873107910156,131.7385230686924,130.37590424106116,130.63139888094307,17280900
2019-10-01,129.70408630371094,132.7131913042607,129.63784106013344,132.15490041756343,21466600
2019-10-02,127.41410827636719,129.04167925077533,126.4016159550952,128.9281324884508,30521700
2019-10-03,128.95651245117188,129.40125649881327,126.06095465252228,127.69798295878286,24132900
2019-10-04,130.69760131835938,130.8206199032417,129.08896005541064,129.40122800555733,22897700
2019-10-07,129.75137329101562,130.75440817878032,129.65675580354625,129.7703025640314,15303700
2019-10-08,128.37925720214844,130.35693967458047,128.3319412536768,129.71348897952709,25550500
2019-10-09,130.8112030029297,131.24647523396857,129.60944678115573,130.07312014264156,19749900
2019-10-10,131.62496948242188,132.16433098440177,130.82064149877064,131.0477494378589,17654600
2019-10-11,132.1737518310547,133.45121017192574,132.00343175296493,132.59010905145118,25446000
2019-10-14,132.05078125,132.75100544512486,132.02239456310593,132.1832572684401,13304300
2019-10-15,133.96226501464844,134.17042928818657,132.29683531589126,132.53340072184594,19695700
2019-10-16,132.86456298828125,133.41339631785604,132.03184835874671,133.2241324920144,20751600
2019-10-17,132.18325805664062,133.82028624544105,131.5492646475538,133.37554222971096,21460600
2019-10-18,130.02578735351562,132.47660100682907,129.22145935759556,132.24949306427663,32273500
2019-10-21,130.99093627929688,131.05718149659816,129.64724705364847,131.0098655469259,20078200
2019-10-22,129.04168701171875,132.4860785845,128.9375976603927,131.50197289462216,27431000
2019-10-23,129.8649139404297,130.06362073983522,128.3225033068228,129.52425927407486,29844600
2019-10-24,132.41983032226562,132.8740317777983,131.21807423155636,131.89938363425736,37029300
2019-10-25,133.16734313964844,133.55531372174337,131.71956456627072,131.85204056518106,25959700
2019-10-28,136.4414520263672,137.84191504487853,135.79798667917763,136.6401588615074,35280100
2019-10-29,135.15452575683594,136.7347806587827,134.98419118624554,136.33735257914375,20589500
2019-10-30,136.83885192871094,137.20789327099118,135.11664937220178,135.80743054115874,18496600
2019-10-31,135.6654815673828,137.14164692441986,135.30591208220838,137.1132602397693,24605100
2019-11-01,135.9967041015625,136.65908426461232,135.28700797569383,136.5076789591139,33128400
2019-11-04,136.7821502685547,137.20796520383917,136.4131087328002,137.0471024255677,16912000
2019-11-05,136.69692993164062,137.22683401215616,136.17648326727598,137.17951805379514,18250200
2019-11-06,136.3184051513672,136.75369171707595,135.50461982845238,136.61174385402217,16575800
2019-11-07,136.50765991210938,137.09435177935313,136.04400108207145,136.11023186973287,17786700
2019-11-08,138.1163330078125,138.14471969732065,136.03454618518478,136.24272486744755,16732700
2019-11-11,138.25827026367188,138.5516090225391,136.95242475510946,137.52964485568222,14362600
2019-11-12,139.16668701171875,139.63981776605712,138.21095364712016,138.41913233413342,18641600
2019-11-13,139.39376831054688,139.53571618768487,138.41912019717392,138.85440680607223,16919200
2019-11-14,140.10348510742188,140.43468243093935,139.10045015798815,139.11937943216773,19729800
2019-11-15,141.91082763671875,141.92975690816033,140.3021860954687,140.92670766500572,23485700
2019-11-18,142.2609405517578,142.45966180601263,140.9740244236987,142.00546036046342,21534000
2019-11-19,142.30825805664062,143.19774612465324,142.12846607198227,142.77193136240143,23935700
2019-11-20,142.06138610839844,143.21975444233186,140.9599988217842,142.71653051718937,25696800
2019-11-21,141.928466796875,142.2323077802058,140.99797913931158,141.8525065510423,18576100
2019-11-22,142.0329132080078,142.7070513485023,141.30182299190173,142.48867469225863,15901800
2019-11-25,143.59007263183594,143.70402025525647,142.3462542763498,142.42221452931787,22420900
2019-11-26,144.3496856689453,144.71998291132417,143.67556185002096,143.71353473911188,24620100
2019-11-27,144.62501525878906,144.79591495830078,143.86542723355166,144.63450485722754,15184400
2019-11-29,143.7324676513672,144.60598861049,143.6375137368814,144.4160952694517,11977300
2019-12-02,141.99493408203125,144.15975032921867,140.82707611687533,144.14075664622644,27418400
2019-12-03,141.76702880859375,141.88096191095372,139.24140546144153,140.0389806417593,24066000
2019-12-04,142.27975463867188,142.59307066552327,141.6625832048495,142.55509779460965,17574700
2019-12-05,142.3557586669922,142.7260703716664,141.9284948765952,142.46970630225286,17869100
2019-12-06,144.0838165283203,144.197749671313,142.6785879756387,143.36221580947037,16403500
2019-12-09,143.7135009765625,144.52056593755012,143.28623725695448,143.4381577535063,16687400
2019-12-10,143.49513244628906,144.21673311388275,143.14381446711988,143.64703846350994,16476100
2019-12-11,144.03627014160156,144.19768017903314,142.7354857595213,143.88434969886686,18856600
2019-12-12,145.49851989746094,145.6884132602261,143.39067024851747,143.98883361683096,24612100
2019-12-13,146.7233428955078,147.06515674014935,145.10922759667514,145.27063767776494,23845400
2019-12-16,147.67283630371094,148.02413977443967,146.99871264431604,147.27405586689932,24144200
2019-12-17,146.875244140625,147.84371898824114,146.64736344473508,147.59684461237717,25425600
2019-12-18,146.5714569091797,147.62538197088486,146.39105310316756,146.50500073682363,24129200
2019-12-19,147.84375,147.9007165639386,145.98276014636912,146.22013048807054,24958900
2019-12-20,149.45785522460938,150.4832967693194,148.3944263145759,149.4008886645591,53477500
2019-12-23,149.45785522460938,150.1319788357844,149.32492842184706,150.1319788357844,17718200
2019-12-24,149.4293975830078,149.7427282049792,149.1825231298524,149.52433703673594,8989200
2019-12-26,150.65419006347656,150.71115662111214,149.4483448044312,149.60026528341558,14520600
2019-12-27,150.92955017089844,151.48974064724007,150.22692881024204,151.39478672436357,18412800
2019-12-30,149.62875366210938,150.98651944641657,148.8121991696551,150.95803616662798,16348400
2019-12-31,149.73321533203125,149.79968598488423,148.54636357054093,148.850204575692,18369400
2020-01-02,152.5057373046875,152.6101808652379,150.33143071060707,150.75869455360782,22622100
2020-01-03,150.6067352294922,151.86954723170166,150.07502796286428,150.32190239946755,21116200
2020-01-06,150.9960174560547,151.06248810455452,148.6033204049661,149.1445317269712,20813700
2020-01-07,149.61927795410156,151.60369056590727,149.3724180103726,151.27138077488013,21634100
2020-01-08,152.00247192382812,152.67661008398238,149.97058233307885,150.9010700366723,27746500
2020-01-09,153.90139770507812,154.02483489198275,152.89494999382345,153.66402741514324,21385000
2020-01-10,153.18930053710938,154.97432991321804,153.03738006085885,154.59454321052573,20725900
2020-01-13,155.0312957763672,155.059779054545,153.11333961410193,153.58808023431078,21626500
2020-01-14,153.93942260742188,155.33516141166606,153.55013175988464,155.13576394480137,23477400
2020-01-15,154.93637084960938,155.65798599963676,154.35720109299407,154.40466357354921,21417900
2020-01-16,157.7753143310547,157.84178497982282,155.74342481976777,156.04726580624668,23865400
2020-01-17,158.65835571289062,159.00965921241536,157.07270894577653,158.9621822424408,34371700
2020-01-21,158.088623046875,159.69324862590065,158.0221524073018,158.259522712177,29517200
2020-01-22,157.3290252685547,159.02860465770164,157.31003158873907,158.94314034249766,24138800
2020-01-23,158.2975311279297,158.37349137414458,156.92078607413185,157.7943071736997,19680800
2020-01-24,156.702392578125,159.06660630924776,156.14220206963714,159.0476126259956,24918100
2020-01-27,154.08181762695312,155.12625280753838,152.1068948687137,153.00889916761867,32078100
2020-01-28,157.1011962890625,157.386029114127,154.83193635911937,155.50606002902032,24899900
2020-01-29,159.55081176757812,160.2249497828365,157.31953967817702,159.3609184283851,34754500
2020-01-30,164.05136108398438,165.2572062683325,162.16188827448875,165.2572062683325,51597500
2020-01-31,161.63015747070312,163.6905296410646,161.0130005742657,163.51014040876393,36142700
2020-02-03,165.570556640625,165.68448976248862,161.7916105688836,161.82009384934952,30107000
2020-02-04,171.02056884765625,171.51430318526613,167.40304737617856,168.1911186016925,36433300
2020-02-05,170.81167602539062,174.89444841618726,169.39695819420768,174.733038337566,39186300
2020-02-06,174.35324096679688,174.5336447165649,170.96358605909285,171.82761744591156,27751400
2020-02-07,174.60011291503906,176.2522155665568,173.26134082611614,173.61265875335346,33529100
2020-02-10,179.16714477539062,179.30007159743232,173.99247382656716,174.30580444022337,35844300
2020-02-11,175.12232971191406,181.06607731281295,174.22981499008063,181.01860035119606,53159900
2020-02-12,175.37867736816406,176.46108534764494,172.66316057923015,176.20472136915564,47062900
2020-02-13,174.42921447753906,176.8218969013737,173.63163918165944,173.83103662761303,35295800
2020-02-14,175.98634338378906,176.0433099368032,173.42273259468743,173.99242710069515,23149500
2020-02-18,177.77137756347656,178.2176349280417,176.12877899123126,176.23322251246853,27792200
2020-02-19,178.30453491210938,179.1613962650694,177.53335678894416,179.04715195867632,29997500
2020-02-20,175.58163452148438,178.2760079740867,172.42075371010682,177.99038262590284,36862400
2020-02-21,170.03103637695312,174.70572716816383,168.75525962156425,174.39154073840234,48572600
2020-02-24,162.70004272460938,166.18463956657936,155.40714713360293,159.72957434916313,68311100
2020-02-25,160.01519775390625,166.46073285003268,159.61531360581694,165.8514056385486,68073300
2020-02-26,162.01455688476562,164.95646434698395,160.14849852836164,161.5766106394394,56206100
2020-02-27,150.5991668701172,159.02503365288237,150.40875483840358,155.49284470294847,93174900
2020-02-28,154.24560546875,155.8641439606252,144.7153436590033,145.1056977436323,97012700
2020-03-02,164.5089874267578,164.63276179137975,154.53124824993384,157.38747246115315,71030800
2020-03-03,156.62583923339844,166.6131103341917,154.48367067195883,165.4706233402593,71677000
2020-03-04,162.37637329101562,162.51917871166128,157.6826365898294,160.41510136743034,49814400
2020-03-05,158.3014678955078,162.6810028946942,157.74926281414156,158.0920102947307,47817300
2020-03-06,153.82669067382812,155.29287907592652,148.52362850342044,154.81684180508222,72821100
2020-03-09,143.4014892578125,150.1897866403432,142.8112075819428,143.76328229915575,70419300
2020-03-10,153.2078857421875,153.31261455858123,145.26758484382228,150.5801643410945,65354400
2020-03-11,146.26722717285156,150.14216328627552,143.90607167718443,149.59948831217446,56371600
2020-03-12,132.3955078125,146.1149079701268,131.93851601607352,138.33645927607344,93226400
2020-03-13,151.21804809570312,154.15044033680311,133.98548773594624,140.43103844978467,92727400
2020-03-16,128.9299774169922,142.1923879376455,128.5301077140718,133.29048207385222,87905900
2020-03-17,139.54559326171875,140.43101574371315,128.53008220611034,133.29045562115147,81059800
2020-03-18,133.67129516601562,139.00291981940723,128.54914265685554,131.38632147313834,81593200
2020-03-19,135.87062072753906,142.95404605968085,132.33841631718434,135.9277428993894,85922700
2020-03-20,130.76744079589844,140.05016734196866,129.34884453485387,139.00287956166673,84866200
2020-03-23,129.46310424804688,133.8331378449838,126.1689341603844,130.4437399557186,78975200
2020-03-24,141.23074340820312,142.43036670801416,134.4995835056753,136.8607244581916,82516700
2020-03-25,139.87881469726562,146.9336917873563,137.5176734833681,141.77344860070977,75638200
2020-03-26,148.62840270996094,149.15204677343388,141.25933827515485,141.28789935793438,64568100
2020-03-27,142.52557373046875,147.4668435414475,142.0495364003553,144.47732968943524,57042300
2020-03-30,152.5509033203125,152.90318078769192,142.82070011414092,145.1342488589376,63420300
2020-03-31,150.15171813964844,156.8828791989714,149.05682343931457,151.76071229538607,77927200
2020-04-01,144.82009887695312,150.18980018520003,143.5919287730892,145.6674448705902,57969900
2020-04-02,147.81907653808594,148.02853408305677,143.15391746010667,144.582029160815,49630700
2020-04-03,146.4576416015625,149.83750943261026,144.89623979452293,147.6667804454456,41243300
2020-04-06,157.34939575195312,158.5204436100187,150.02793870466274,152.63662871229192,67111700
2020-04-07,155.6547088623047,161.8527103645991,155.43572120612328,161.46235622358842,62769000
2020-04-08,157.21609497070312,158.68228357100458,155.66420860916136,157.73020890061215,48318200
2020-04-09,157.22561645507812,159.34873898293552,155.502363560662,158.38714875924393,51385100
2020-04-13,157.57789611816406,157.6350328097064,154.5217441222941,156.4735003826598,41905300
2020-04-14,165.37535095214844,165.4229575864513,159.94852877423781,160.90060335027493,52874300
2020-04-15,163.64263916015625,165.25164807243422,161.1291619945149,162.99522067108416,40940800
2020-04-16,168.5552978515625,168.78380100859152,164.61370918973023,165.94662248113914,50479600
2020-04-17,170.0405731201172,171.37347209205166,167.44139833358108,170.89743466957376,52765600
2020-04-20,166.67022705078125,170.18338570098211,166.60358936313355,168.1649915934995,36669600
2020-04-21,159.7771759033203,165.34680393000076,158.14912184782517,165.18495298161926,56203700
2020-04-22,165.20396423339844,165.6609559061282,162.63336609897644,163.17604098643613,34620200
2020-04-23,163.20462036132812,166.67017120048723,162.7190675625672,165.76570326828318,32790800
2020-04-24,166.18463134765625,166.19414686415578,162.52866821599432,163.81396026372389,34277600
2020-04-27,165.70860290527344,168.42200705863056,164.9945468868889,168.12686622876606,33194400
2020-04-28,161.67181396484375,167.25097268418668,161.27194430574508,167.17480495947623,34392700
2020-04-29,168.92660522460938,169.16462389704049,163.64260231864407,164.91837891627318,51286600
2020-04-30,170.62132263183594,171.7542793831699,167.78412941217093,171.37345529352075,53875900
2020-05-01,166.20372009277344,170.07865733079598,165.67054595263724,167.37476813675693,39370500
2020-05-04,170.26905822753906,170.42139368615116,165.470607501329,166.12754145502342,30372900
2020-05-05,172.0970001220703,174.8484951454578,171.27821538184918,171.96371025866247,36839200
2020-05-06,173.79173278808594,175.37218048986895,172.92535573512856,173.35378650241677,32139300
2020-05-07,174.8009490966797,175.70541730295008,173.82982867738997,175.34362420943816,28316000
2020-05-08,175.82913208007812,176.13380292861683,174.57240114862012,176.11475736870673,30877800
2020-05-11,177.79043579101562,178.5235228546766,174.08686576655347,174.3724765562878,30892700
2020-05-12,173.76315307617188,178.0760504243352,173.56322551904262,177.84756178761603,32038200
2020-05-13,171.1354217529297,175.2293457351353,168.0792556733336,173.8012337316338,44711500
2020-05-14,171.8780517578125,172.03038720290988,167.26048345491301,169.03134305352413,41873900
2020-05-15,174.3820037841797,178.0950892658203,168.5172202045824,170.47849174244934,46610400
2020-05-18,176.04815673828125,177.2763268520163,175.14368857359156,176.84789609269052,35264500
2020-05-19,174.82949829101562,177.6571615787806,174.69620840155065,176.16239718566547,26799100
2020-05-20,177.25450134277344,177.43590168394044,175.61237082100766,176.44297810112155,31261300
2020-05-21,175.1254425048828,178.21876103710082,174.99178140232837,177.0062545273779,29119500
2020-05-22,175.2018280029297,176.10882969373282,174.27574227398085,174.89632314494972,20826900
2020-05-26,173.3496856689453,178.0564799974318,172.90096307938558,177.90372027163076,36073600
2020-05-27,173.57876586914062,173.75062415828282,168.60465058887516,172.04165612409858,39517100
2020-05-28,173.18734741210938,175.8128447737856,172.2135370614424,172.55723911696234,33810200
2020-05-29,174.95362854003906,175.92745363468237,172.2422088164135,174.45716668834268,42130400
2020-06-01,174.55262756347656,174.71492930155677,173.24465707143892,174.27574875242263,22622400
2020-06-02,176.5384521484375,176.62437402327166,173.13962868729698,175.90832926371786,30794600
2020-06-03,176.9680633544922,177.52180634351802,175.26865174622563,176.45251757462225,27311000
2020-06-04,174.63853454589844,177.42633361765618,174.04660889657038,175.95606151294973,28761800
2020-06-05,178.7247772216797,179.2307810427363,173.76974492872102,174.35212860910278,39893600
2020-06-08,179.83226013183594,180.0136604735111,176.0897344992715,177.52182405822072,33211600
2020-06-09,181.2070770263672,182.06632497526755,178.78206376690073,179.48856656059746,29783900
2020-06-10,187.9283447265625,189.53229268503193,182.3622879583932,182.4768650348354,43872300
2020-06-11,177.83689880371094,186.89724343381124,177.64595642850398,184.38632279229915,52854700
2020-06-12,179.2403564453125,183.04016379580764,176.79624439425064,181.91357896246276,43373600
2020-06-15,180.38597106933594,182.18086099216418,175.6791633146743,176.22336424283785,32770200
2020-06-16,184.806396484375,186.7253913064373,182.79192319499927,184.15717495617497,42556700
2020-06-17,185.446044921875,187.43187740792754,184.9209425343185,186.20027230184343,25687800
2020-06-18,187.431884765625,187.59418649761048,185.2169126322436,185.2169126322436,23061600
2020-06-19,186.3148651123047,190.26743212215314,185.57017962986728,189.5991265056029,44441100
2020-06-22,191.48947143554688,191.67085720535485,186.39122164361794,186.92586606992526,32818900
2020-06-23,192.768798828125,194.7164341520456,192.3105196959349,192.94064257672042,30917400
2020-06-24,188.883056640625,194.04812966453954,187.6610080841898,192.47283702212528,36740600
2020-06-25,191.26986694335938,191.52764712810412,186.62035443908522,188.84486850692002,27803900
2020-06-26,187.4414520263672,190.8402759726296,186.05710154056524,190.68751623914207,54675800
2020-06-29,189.45591735839844,189.54183924181,184.78730564276714,186.91634152801396,26701600
2020-06-30,194.2963409423828,195.1460467529927,188.78758076895292,188.92124186608368,34310300
2020-07-01,195.43243408203125,197.00774092267696,192.63509353973882,193.94306366394036,32061200
2020-07-02,196.921875,198.6022028982619,195.7189249011741,196.36813190334274,29315800
2020-07-06,201.1608428955078,201.57138280923724,198.66900649142337,199.37550924846306,31897600
2020-07-07,198.82174682617188,204.95108776528608,198.57352323906824,200.92214171818512,33600700
2020-07-08,203.1943817138672,203.60490699294047,199.2418157737364,200.5593426097686,33600000
2020-07-09,204.61695861816406,206.58369257111062,201.8959826895734,206.53595333994855,33121700
2020-07-10,203.99635314941406,204.3877944025847,201.5236156938623,203.94861392400875,26177600
2020-07-13,197.69517517089844,206.02993140575356,197.1509742058901,204.7696857402396,38135600
2020-07-14,198.91725158691406,199.39461478768135,192.8833737365906,196.7977578100698,37591800
2020-07-15,198.6212615966797,201.76231941702616,195.7475405543772,200.07244971421295,32179400
2020-07-16,194.68780517578125,196.3872169974201,193.1506950935159,196.10079616465617,29940700
2020-07-17,193.6948699951172,195.75706766321048,192.2723226107304,195.2128812655641,31635300
2020-07-20,202.0200958251953,202.6884013378712,193.81898563689114,195.71889626461106,36884800
2020-07-21,199.29910278320312,204.2541343042326,198.61169872433393,203.98681212222417,37990400
2020-07-22,202.16329956054688,202.68840195351845,198.9554185219914,199.7287445152915,49605700
2020-07-23,193.3702392578125,201.37084952188934,192.99789662037506,197.80972485429893,67457000
2020-07-24,192.18641662597656,193.67578739689662,188.5679956116307,191.3462527785989,39827000
2020-07-27,194.6209259033203,194.7354883762743,191.76628955251192,192.348673069969,30160900
2020-07-28,192.87384033203125,195.43250020980508,192.60651809309874,194.39185188196288,23251400
2020-07-29,194.8214874267578,195.3847725659296,192.8642951864797,193.33211641635154,19632600
2020-07-30,194.66873168945312,195.20339077799187,190.53477867578488,191.90003060738064,25079600
2020-07-31,195.72842407226562,195.81436050677323,190.00006654872823,195.146040474654,51044000
2020-08-03,206.7364501953125,207.78665507240189,200.91262784118373,201.9437341110618,78983000
2020-08-04,203.6335906982422,205.04659628174622,200.78851005983583,204.4737546054101,49280100
2020-08-05,203.29942321777344,205.2661570897117,201.9914528320211,205.17067863132021,28806400
2020-08-06,206.55508422851562,206.57416826958868,201.97239411211882,202.7266216376732,32656800
2020-08-07,202.86026000976562,205.93448016224156,201.38043118626211,205.12297146855607,27820400
2020-08-10,198.82174682617188,202.2874078671722,197.00777273033472,202.08690893945885,36716500
2020-08-11,194.17225646972656,198.24892763690127,193.94311689329845,197.78112103265053,36446500
2020-08-12,199.7191925048828,200.75984065200336,195.48020549800736,195.99575127842633,28013100
2020-08-13,199.2513885498047,201.78142214625402,198.72628613786478,199.9578913011391,22588900
2020-08-14,199.4423065185547,200.10106995770388,198.1152376222854,199.30864542713067,17958900
2020-08-17,200.7598876953125,201.62869230853275,199.46145906974309,200.11068066651296,20184800
2020-08-18,201.9150390625,202.74564615270964,199.73826460211512,200.99849554698613,21336200
2020-08-19,200.69007873535156,202.9869696907495,200.25941624470937,202.40317821577736,27627600
2020-08-20,205.3604278564453,205.76238052182669,199.9340449690193,200.5369666654989,26981500
2020-08-21,203.867431640625,206.95864805211912,203.70473757719722,204.67133687280338,36249300
2020-08-24,204.5086212158203,206.2599953887606,203.30274889169465,205.56134997446563,25460100
2020-08-25,207.169189453125,207.303173653771,203.9439889498141,203.9439889498141,23043700
2020-08-26,211.64810180664062,212.5477162669981,208.0209487114188,208.5186105709494,39600800
2020-08-27,216.84481811523438,221.21845696335774,209.97330473340136,213.31335946140254,57602200
2020-08-28,219.0746612548828,220.73032602234508,216.84477023354054,218.3760159052534,26292900
2020-08-31,215.83990478515625,218.8737012054003,214.6723219857965,217.24674611548022,28774200
2020-09-01,217.50518798828125,217.67744715159515,214.78719949612562,215.8207982855621,25725500
2020-09-02,221.69699096679688,222.85500890153446,217.58175513682696,218.1751117330546,34080800
2020-09-03,207.96351623535156,219.4574907062767,205.7240599096668,219.4192157670536,58400300
2020-09-04,205.04454040527344,208.97795084268267,196.37381445206572,205.85802516997373,59664100
2020-09-08,193.9525909423828,201.005929649484,193.512348702211,197.62759945656845,52924300
2020-09-09,202.2117462158203,205.60922048804156,197.81896281811265,198.6803023452128,45679000
2020-09-10,196.54612731933594,205.5135485401882,195.34026937197157,204.23111149411383,35461500
2020-09-11,195.2637176513672,199.66608151141432,192.59359823494768,198.2975147945307,33620100
2020-09-14,196.5843963623047,200.21154951496803,195.2636845078276,195.46466811301522,30375800
2020-09-15,199.80960083007812,200.76663503832762,198.03908170354327,199.46506793098098,21823900
2020-09-16,196.23985290527344,201.5992353158293,195.84746540395426,201.57052545994566,26328100
2020-09-17,194.19183349609375,195.55082045095958,191.368585229138,191.45471481145282,34011300
2020-09-18,191.78005981445312,194.89998567612304,187.81793928450222,194.08651546533457,55225300
2020-09-21,193.83770751953125,194.00041619027272,187.94238773071473,188.71758312450748,39839700
2020-09-22,198.508056640625,199.15884757102415,193.3974968833189,196.2494550642717,33517100
2020-09-23,191.97149658203125,199.1588331410497,191.43555973887763,198.96741460862307,30803800
2020-09-24,194.45977783203125,196.73752385885328,190.6412061876266,191.26328716801197,31202500
2020-09-25,198.89085388183594,200.05842216755153,193.8376998854324,194.80431377069104,29437300
2020-09-28,200.4412384033203,203.43676002099645,199.12052657898317,201.8193699412056,32004900
2020-09-29,198.35491943359375,201.04419802460012,197.92425692862588,200.35513217537783,24221900
2020-09-30,201.29302978515625,202.87213056801622,197.66586154345316,198.80473471797444,33829100
2020-10-01,203.3314971923828,204.7957583835063,202.24047876364014,204.3172412725984,27158400
2020-10-02,197.3308868408203,201.92465398678647,196.7088058400637,199.06311643094566,33154800
2020-10-05,201.34085083007812,201.36956068656312,198.0869259310169,198.31661938607914,21331600
2020-10-06,197.06292724609375,201.14945300675393,196.01976341135008,199.84790043706676,28554300
2020-10-07,200.81448364257812,201.08245204459112,197.83810676012118,198.16349487639658,25681100
2020-10-08,201.5323028564453,202.11609441632297,199.36941040015702,201.46530343986282,19925800
2020-10-09,206.5375518798828,206.5854065113337,202.1543334169171,202.1543334169171,26458000
2020-10-12,211.88734436035156,214.24165467688056,207.49456133654485,209.38948476978237,40461400
2020-10-13,213.28463745117188,215.5336736103017,210.95903680543523,213.15065325040558,28950800
2020-10-14,211.37057495117188,214.58621046182856,209.71490986658227,213.41862756429836,23421700
2020-10-15,210.22213745117188,210.8920584755525,206.72895383310072,207.77213221733243,22733100
2020-10-16,210.22213745117188,212.73912748585784,209.89674932549886,210.69107486664674,26057900
2020-10-19,205.01585388183594,212.74869145685682,204.5373368136033,210.94946260728395,27625800
2020-10-20,205.42738342285156,208.03051759272938,203.93441242019458,206.5279815053005,22753500
2020-10-21,205.57093811035156,207.59984583306044,203.96311314649793,203.96311314649793,22724900
2020-10-22,205.65707397460938,206.77680221075053,202.6041326095629,204.73831473811316,22351500
2020-10-23,206.93946838378906,206.9873230068885,204.00138144619794,205.7910304453066,18879600
2020-10-26,201.05372619628906,207.04475442647643,199.15880276043248,204.6617488550272,37111600
2020-10-27,204.08753967285156,205.4465264613158,201.29300160884554,202.49885942315484,36700300
2020-10-28,193.97169494628906,199.8670294360928,193.41662793161626,198.74730111501765,51195600
2020-10-29,195.924072265625,198.45064235215534,194.63207005867363,195.3020057826841,31432600
2020-10-30,193.77069091796875,195.5124853460683,191.0431379547193,194.75643484993753,36953700
2020-11-02,193.63673400878906,196.45998201562932,191.52168197331255,195.51251288790638,30842200
2020-11-03,197.56056213378906,199.1779522620544,194.39278128052757,195.12970170057392,27512000
2020-11-04,207.0926055908203,208.93968897317853,203.29317909554265,204.82443947667338,42311800
2020-11-05,213.69615173339844,214.49049184070802,211.6480992096399,212.49985903019407,36080100
2020-11-06,214.10768127441406,214.72018254648174,208.66215462267135,212.71040498956907,25231900
2020-11-09,209.00669860839844,218.31863729684716,208.51861642294992,214.7967584460861,44395000
2020-11-10,201.94378662109375,207.1979097750766,200.70921889587157,205.28384132449852,44045100
2020-11-11,207.24575805664062,208.6717296625899,203.08265346292407,203.2644922966665,29440800
2020-11-12,206.18344116210938,209.6957547666248,205.24555177695154,207.87739570923154,21593900
2020-11-13,207.20748901367188,208.0783937229368,204.95846719253126,207.0639397113466,18621100
2020-11-16,207.89651489257812,208.38461163299147,205.30296064141453,205.63791381682324,24953300
2020-11-17,205.24554443359375,208.32718087457053,204.88186679385396,206.81507981110704,24154100
2020-11-18,202.53964233398438,206.46415620662827,202.39570259363785,205.0056517579843,28372800
2020-11-19,203.82542419433594,204.41074400525517,201.4361650366989,202.82750933447096,24792700
2020-11-20,201.87754821777344,204.6602073715696,201.5033283365193,203.61431265747638,22843100
2020-11-23,201.60888671875,203.70067623444444,199.73778723420364,202.41489655187553,25683500
2020-11-24,205.20713806152344,205.58135791735012,200.40944009379064,201.1098998974842,33979700
2020-11-25,205.21678161621094,206.5793264368259,203.86384156453596,206.4066162928991,21012900
2020-11-27,206.521728515625,207.51965801723676,205.37987391349907,206.15711338051779,14512200
2020-11-30,205.40866088867188,206.07073095156065,202.30933726248776,205.43744590699689,33064800
2020-12-01,207.46209716796875,208.52718688320113,204.71781287908087,205.83086786900017,30904500
2020-12-02,206.6560821533203,206.75204198993873,204.190072479513,206.18591702157005,23724500
2020-12-03,205.57179260253906,207.62520699489636,205.00565304654657,205.9268176097469,25120900
2020-12-04,205.6869354248047,206.66567004098926,204.5546709391374,205.55260044936085,24666000
2020-12-07,205.61978149414062,206.81920626860725,204.3723914418279,205.69654643667639,24620000
2020-12-08,207.27017211914062,208.17214180932788,204.27641284227593,205.31271750920934,23284100
2020-12-09,203.23052978515625,206.52174422620556,202.6644048248487,206.45458405466127,32440600
2020-12-10,202.00230407714844,204.45872339489904,201.8487742094355,203.2017287160043,26733300
2020-12-11,204.6314697265625,204.68905441820556,200.64938507745762,201.5513549081159,30979400
2020-12-14,205.53341674804688,207.46210106509508,204.2668318593756,204.47793178105667,28798400
2020-12-15,205.4662628173828,206.70406272172727,203.65273317434787,206.46417777084216,27000600
2020-12-16,210.4078826904297,211.20430246821877,206.0323836174708,206.06116863968117,35023300
2020-12-17,210.54225158691406,211.95277646807847,209.10294167890282,210.9740416310339,32515800
2020-12-18,209.74578857421875,210.80128814640273,207.2797790521737,209.74578857421875,63354900
2020-12-21,213.58395385742188,214.9369084468528,208.48880002213403,208.74787985959026,37181900
2020-12-22,214.8793487548828,216.50097338667925,212.87391405322188,213.6799239847867,22612200
2020-12-23,212.07754516601562,214.51477044177466,211.86644518448307,214.0829803491559,18699600
2020-12-24,213.73745727539062,214.56266196096558,212.25016788795264,212.46126778250064,10550600
2020-12-28,215.85809326171875,216.88479329797272,213.9965835914347,215.36871856280752,17933500
2020-12-29,215.080810546875,217.9882145671855,214.53388055010456,217.15341974197162,17403200
2020-12-30,212.71075439453125,216.50094793560592,212.5092592560349,216.11712326944684,20272300
2020-12-31,213.42083740234375,213.97737223508196,210.79169311832163,212.7299675852491,20942100
2021-01-04,208.8822021484375,213.97735567410496,206.11872309394096,213.5263708383666,37130100
2021-01-05,209.08370971679688,209.678634329478,206.97272515420607,208.46960485056292,23823000
2021-01-06,203.66232299804688,207.73077702990682,203.36486800201897,203.58555805690816,35930700
2021-01-07,209.45791625976562,210.46543588069164,205.06323728487098,205.3798725038288,27694500
2021-01-08,210.73411560058594,211.65528020451683,208.24891115741627,209.83214589128676,22956200
2021-01-11,208.69032287597656,210.0528676774654,207.961063234746,209.63066780968265,23031300
2021-01-12,206.2338409423828,208.3160547764162,204.68899622908782,207.7403251549875,23249300
2021-01-13,207.58685302734375,207.9898580178423,205.27435841483444,205.36072813105426,20087100
2021-01-14,204.40118408203125,208.66154338232383,204.13251409385208,207.1742536782788,29480800
2021-01-15,204.046142578125,205.83088727894048,203.45123255832522,204.8809522010558,31746500
2021-01-19,207.68275451660156,208.2008994612492,204.02691096298452,205.10159063568324,30480900
2021-01-20,215.26315307617188,216.65448284404494,208.49839462519878,208.89180945322397,37777300
2021-01-21,215.86764526367188,217.14383480853698,213.42081612551442,215.60856544773637,30709400
2021-01-22,216.80801391601562,220.76132783056934,216.66408880322285,217.89229857043895,30172700
2021-01-25,220.24317932128906,220.48306428239718,215.1480250899788,219.84976447113186,33152100
2021-01-26,222.9298858642578,224.7050257283065,220.7709212912737,222.47890098214344,49169600
2021-01-27,223.476806640625,230.71174470769552,220.8284821455737,228.37046532559663,69870600
2021-01-28,229.26283264160156,232.8227316681534,225.57820339979344,226.07716818506384,49111200
2021-01-29,222.5748748779297,228.38968415248007,221.98955497107204,226.44181938602617,42503100
2021-02-01,229.95370483398438,232.68839909225326,223.02582637835746,225.54942071149748,33314200
2021-02-02,229.81935119628906,232.50606531871057,229.03253624582663,231.53693548030532,25916300
2021-02-03,233.1681671142578,235.1736017454573,229.57948305731,229.87695268863132,27158100
2021-02-04,232.2181854248047,233.39842973611815,230.64454098446654,232.84189498215045,25296100
2021-02-05,232.40057373046875,233.43687863686682,230.69259378513237,232.42935875775055,18054800
2021-02-08,232.6595916748047,233.82062650984076,231.0667522626685,233.31207164136814,22211900
2021-02-09,233.90701293945312,234.85694793762076,231.61371348356542,232.08387859856478,23565000
2021-02-10,232.9954376220703,235.97000191539507,231.14351838244667,235.08722714593918,22186700
2021-02-11,234.59788513183594,235.23117025659255,232.3525509282651,234.87614522468496,15751100
2021-02-12,235.07762145996094,235.37507640546337,232.90905250503582,234.06049714370232,16561100
2021-02-16,233.83985900878906,236.17154846273206,233.0914190955274,235.1160487689445,26728500
2021-02-17,234.85928344726562,234.96507650561446,231.72398457959287,232.0894541766409,21653500
2021-02-18,234.4649658203125,234.5996101987233,231.64704608816618,232.55109320398296,16925600
2021-02-19,231.75282287597656,234.53227887991062,230.99303240639816,234.4264858275061,25262600
2021-02-22,225.53993225097656,228.82911468835837,223.51063965852657,228.33862759094472,36446900
2021-02-23,224.34735107421875,225.84767822105573,219.98099932623367,221.5198046781942,30228700
2021-02-24,225.57839965820312,226.20353110586373,220.24068577960895,221.2120477133172,26339700
2021-02-25,220.23104858398438,225.6168375975213,219.16350592936016,223.20285135829647,39542200
2021-02-26,223.49139404296875,226.36701617746488,220.76001381444942,222.67390094963855,37819200
2021-03-01,227.87698364257812,228.3867098260675,224.2319439435093,226.87675570412392,25324000
2021-03-02,224.92440795898438,228.22321721235295,224.5204748274745,227.9443015684846,22812500
2021-03-03,218.85574340820312,224.64548028860872,218.56721558423757,223.2797975753155,34029500
2021-03-04,218.0575408935547,223.59722946005738,215.68201757357087,218.06716778420983,44727800
2021-03-05,222.74124145507812,224.3473617295842,217.7978484716733,220.7408002725728,41872800
2021-03-08,218.69229125976562,224.443551081611,218.44224158929848,222.5200514391749,35267400
2021-03-09,224.83786010742188,226.37666560982453,222.8085675052576,223.97229118428092,33080500
2021-03-10,223.52987670898438,227.9346923560373,223.16440710536557,227.9346923560373,29746800
2021-03-11,228.0597381591797,230.0217013232755,225.34759663880936,225.97274282318187,29907600
2021-03-12,226.73252868652344,226.7998582205497,224.3089149389268,225.0590786530408,22653700
2021-03-15,225.8284912109375,226.1939608682374,222.9432415168151,225.9727625007269,26034900
2021-03-16,228.6175079345703,230.87761072964167,226.91520700329045,227.24219835106737,28092200
2021-03-17,227.97314453125,229.42539598371647,224.30888048851298,227.11718787736953,29562100
2021-03-18,221.89491271972656,225.23218566499116,221.51983088863727,223.66452881126907,34833000
2021-03-19,221.53903198242188,223.57793649132006,220.5772823574496,222.18340247013717,46430700
2021-03-22,226.96331787109375,227.83849894840333,221.33707623409987,221.4621083916309,30127000
2021-03-23,228.49249267578125,231.8297652677323,228.0020056178648,228.40593872587874,31638400
2021-03-24,226.45362854003906,228.89646672788933,226.31898414661643,228.75221011891443,25620100
2021-03-25,223.45294189453125,227.8769967829049,222.71240512495487,226.29972771990109,34061900
2021-03-26,227.43460083007812,227.65581386207742,222.6931811050737,222.6931811050737,25479900
2021-03-29,226.2419891357422,227.74231621643258,223.01050977920332,227.54034233627743,25227500
2021-03-30,222.9816436767578,224.90514281677682,222.26033149925067,224.59737591030955,24792000
2021-03-31,226.75173950195312,229.95436788577308,223.50102069627698,224.00113466833557,43623500
2021-04-01,233.08001708984375,233.55126499298265,228.944490951825,229.3484240152872,30338000
2021-04-05,239.5430145263672,240.39897120703446,233.41665871011114,233.4743613464268,36910600
2021-04-06,238.37925720214844,239.86034513380605,237.43674670018453,238.13881980138274,22931900
2021-04-07,240.3412628173828,241.33186391127126,237.73492914613195,238.3312093103771,22719800
2021-04-08,243.56312561035156,244.41908230584644,242.3609384158286,243.10148983669302,23625200
2021-04-09,246.0636749267578,246.1983193023005,242.7841048169457,243.19765015784952,24326800
2021-04-12,246.1213836669922,247.81407263023797,244.8807182632371,244.96728689441156,27148700
2021-04-13,248.6027069091797,249.27594353772244,247.0061986517212,247.41977338939648,23837500
2021-04-14,245.8135986328125,248.92965822222618,245.40005331204884,247.63131962681794,23070900
2021-04-15,249.57408142089844,249.98762680462028,247.8717947842424,248.06412714049006,25627500
2021-04-16,250.76663208007812,251.01669641879005,247.74675298683772,249.54522040689776,24878600
2021-04-19,248.8430938720703,251.47830785879137,247.958300634406,250.23764259808317,23209300
2021-04-20,248.38148498535156,250.247281736885,247.015787507837,247.95831277261587,19722900
2021-04-21,250.61276245117188,250.7089433060169,247.41014837179262,249.03550796276252,24030400
2021-04-22,247.3332061767578,251.76685861637338,245.86171549830988,250.25690440342183,25606200
2021-04-23,251.1609649658203,251.50721017052902,247.42937088879512,248.0160535536186,21462600
2021-04-26,251.54566955566406,252.4016410376156,250.21847937453774,251.6514773046846,19763300
2021-04-27,251.94956970214844,253.1229055083856,250.17032688978372,251.57447323158507,31014200
2021-04-28,244.8230438232422,246.7273191262176,243.2746259501912,246.28489305514825,46903100
2021-04-29,242.85140991210938,246.30410246614957,239.47567376972953,245.68858324908823,40589000
2021-04-30,242.53404235839844,243.39962592937061,240.05274094363295,240.18738532021044,30945100
2021-05-03,242.22628784179688,244.62104995508665,241.51458775779273,243.70737597050828,19626600
2021-05-04,238.31195068359375,241.60114755760276,236.35959997498009,241.3703223475441,32756100
2021-05-05,237.04248046875,239.95658126359143,236.41734895274763,239.53340899269972,21901300
2021-05-06,240.1777801513672,240.3028123249024,235.3305674810805,237.02324189329505,26491100
2021-05-07,242.8033447265625,244.57296071817902,241.56267934946032,242.5051899813875,27032900
2021-05-10,237.72528076171875,242.10124477578267,237.66757812847843,241.2741394573549,29299900
2021-05-11,236.81163024902344,237.16748762572186,233.29163741499903,235.1958977580137,33641600
2021-05-12,229.858154296875,235.0323718385966,228.96373421334073,232.90689876649108,36684400
2021-05-13,233.73402404785156,236.20572777471372,232.18560647279034,232.55107604800216,29624300
2021-05-14,238.65818786621094,239.64878890678136,236.0999447564151,236.18649870944293,23901100
2021-05-17,235.80181884765625,237.15788964478247,234.2053252655451,237.1194261082235,24970200
2021-05-18,233.78213500976562,236.9847634933357,233.6090124207186,236.85011911302658,20168000
2021-05-19,234.3605194091797,234.46655675985048,230.00338303930883,230.6877939044373,25739800
2021-05-20,237.59945678710938,239.01649467079037,235.07385865574315,235.17026159424762,21800700
2021-05-21,236.33663940429688,239.38278963306004,235.92213916070435,238.65017736788573,21863100
2021-05-24,241.74453735351562,242.11085087546613,238.59234948431563,238.8622600660612,21411500
2021-05-25,242.65066528320312,243.64355376177159,241.78309768160725,242.6988667519636,17704300
2021-05-26,242.42897033691406,243.8267247584653,241.71562680105612,242.37111974560884,17771600
2021-05-27,240.32749938964844,242.41931375220793,240.26966350914816,242.12048523027423,24426200
2021-05-28,240.6841278076172,242.99766564489747,240.56845606391062,241.95657582447453,18270200
2021-06-01,238.486328125,242.23617328964423,238.06219340311984,242.1783374052526,23213300
2021-06-02,238.38992309570312,240.28894628092957,236.98251960220148,239.19002042782085,19406700
2021-06-03,236.85723876953125,237.46453028685806,234.24487179319985,236.38488784803258,25307700
2021-06-04,241.75416564941406,242.58318090352876,238.59234344977264,238.8333360851662,25281100
2021-06-07,244.66537475585938,244.9352853461703,240.80949236967595,240.97336560600587,23079200
2021-06-08,243.47003173828125,246.78609255033888,243.41218115377325,245.966711756898,22455000
2021-06-09,244.45327758789062,246.3233827268109,244.0869787969945,244.6653522763675,17937600
2021-06-10,247.97178649902344,248.1838612066924,244.5304191228026,245.1280761849475,24563600
2021-06-11,248.59835815429688,249.17671690075727,247.3644477137305,248.69473166667757,18999700
2021-06-14,250.52630615234375,250.58414202862005,247.54761143389015,248.60798486236368,19150500
2021-06-15,249.0513916015625,250.62266814359123,248.39589875520807,250.4105934676479,18038900
2021-06-16,248.10670471191406,251.1913923218555,245.25334587373584,250.05391431727787,27220000
2021-06-17,251.49986267089844,252.31924336581875,246.78606287731947,246.84389874585116,27565500
2021-06-18,250.08285522460938,252.84944580260748,249.42736235681394,250.27566108833486,37202200
2021-06-21,253.1676025390625,254.02552107281122,248.62730926528494,250.45884751555622,26696100
2021-06-22,255.94384765625,256.2137582519957,252.9458837432416,253.2543614006792,24694100
2021-06-23,255.71243286132812,257.21622442270666,254.9027012065892,256.40649276796773,19518700
2021-06-24,257.081298828125,258.1995081549481,255.9052536238839,256.570395632236,21446900
2021-06-25,255.47145080566406,257.62111560683655,255.22083848043877,256.63787628931044,25611100
2021-06-28,259.0381774902344,259.21168513568006,256.3294224923796,256.59933308019987,19590000
2021-06-29,261.62158203125,261.86257465092103,258.3248194682553,259.1827378969011,19937800
2021-06-30,261.1396484375,261.58306670833707,259.88649833459294,260.93722283399507,21656500
2021-07-01,261.8144226074219,262.04576613920506,259.8864813944336,259.89610109622566,16725300
2021-07-02,267.6464538574219,267.98384947958544,262.6820107308886,262.99048840932676,26458000
2021-07-06,267.65606689453125,269.304448300758,264.417110543685,268.0127312917453,31565600
2021-07-07,269.8442687988281,270.5768958300537,267.16443184855945,269.33336558443307,23260000
2021-07-08,267.4247131347656,268.687512155592,264.96657067142803,266.92342963956736,24618600
2021-07-09,267.9259948730469,268.0320175199491,265.40039657064716,265.7859789327302,23916700
2021-07-12,267.3282775878906,269.689987409994,266.61491948975805,269.10197958841474,18931700
2021-07-13,270.8564453125,272.6590654647847,267.3957947012604,267.52108615678264,26120100
2021-07-14,272.3313293457031,273.43988959398905,270.44192588774035,272.1770905276217,23113700
2021-07-15,270.9046325683594,272.33131952060614,269.7478561835057,271.83968514433656,22604200
2021-07-16,270.6347351074219,273.86404237165414,269.3912048461886,271.9071833087747,26186800
2021-07-19,267.029541015625,270.26846854393375,264.56177830318444,268.8803483409294,32935600
2021-07-20,269.2562255859375,270.84677090012093,266.306478445294,268.0126955033391,26259700
2021-07-21,271.2612609863281,271.3769327258679,267.29935681688346,268.8513350191112,24364300
2021-07-22,275.83056640625,276.1004770022266,273.20856515188495,273.61341633682554,23384100
2021-07-23,279.2333068847656,279.5417550419891,276.1775079022582,277.01615740784973,22768100
2021-07-26,278.6356201171875,279.25257526675557,276.3124774430795,278.58743336652026,23176100
2021-07-27,276.21612548828125,279.14657473530417,272.7554747958883,279.00198503858365,33604100
2021-07-28,275.9076232910156,279.69602009802213,273.6037197955621,278.5778108462002,33566900
2021-07-29,276.1775817871094,278.2211947883845,275.7727011840036,275.92694001289874,18168300
2021-07-30,274.64483642578125,276.3317847869034,273.6808659337114,274.8954781674937,20944800
2021-08-02,274.55816650390625,276.43789188697247,273.51706158025235,276.042660334294,16267400
2021-08-03,276.7751770019531,276.88122904351155,273.7675940558321,275.13644497004975,17879000
2021-08-04,276.18719482421875,277.2282700106873,274.3941944133545,275.90763514474173,16191300
2021-08-05,279.0887145996094,279.19476664668434,275.7919521287353,276.5438479043771,13900200
2021-08-06,279.03094482421875,279.0695118884768,277.2572423030038,278.11519032895563,16589300
2021-08-09,277.9416198730469,281.04560626695286,277.44036577008546,279.31047101835446,16117600
2021-08-10,276.1197814941406,278.82853692377614,274.9244671886936,278.3947383229659,18616600
2021-08-11,276.6113586425781,278.2597400314421,275.56060486449303,276.86197097908934,13955900
2021-08-12,279.3682556152344,279.5224944073813,276.0232771942792,276.30283684367316,14561300
2021-08-13,282.29876708984375,282.3469538476738,278.87665416060753,279.05019120849465,18249000
2021-08-16,283.9856872558594,284.1977619217253,279.5706863259346,282.6264854543607,22507600
2021-08-17,282.52044677734375,282.85784231873345,280.5925058757382,281.8553342308899,20075300
2021-08-18,280.7916564941406,284.7418398373569,280.3473599755678,282.0568729168721,21813000
2021-08-19,286.6251525878906,287.3012354570532,278.77309466681965,278.82137366846274,29850500
2021-08-20,293.95574951171875,295.3851678311773,287.8711203793521,289.47437850845176,40817600
2021-08-23,294.23583984375,294.9602018470455,291.53156682119305,292.88370333247155,22830200
2021-08-24,292.2752990722656,295.2017210327995,291.67649773321614,294.5932520997744,18175800
2021-08-25,291.6860656738281,294.1778576953558,290.1504219493204,293.8977628351036,20006100
2021-08-26,288.86590576171875,292.0917276855508,288.7307068475188,290.7009502786529,17666100
2021-08-27,289.47430419921875,290.5849864415194,286.68308247202424,288.76924807528826,22605700
2021-08-30,293.2120666503906,293.82053542708803,290.76855342647343,290.82650002669567,16348100
2021-08-31,291.56048583984375,294.09091858434346,291.1934711106061,294.0136662870955,26285300
2021-09-01,291.5122375488281,294.7573947160675,291.1838636375992,292.5166944665886,18983800
2021-09-02,290.8554992675781,292.9899444977672,289.9186565146118,291.86962381064285,16285600
2021-09-03,290.8458251953125,292.25590820944143,289.9959024554989,290.70092922538174,14747900
2021-09-07,289.918701171875,290.7975974548307,288.00640395070184,290.7203451271997,17180400
2021-09-08,289.9476318359375,290.33395236601825,287.3013052567986,289.5323380029598,15046800
2021-09-09,287.08880615234375,291.8116605425452,286.8473521522156,290.5367763480211,19927000
2021-09-10,285.6014404296875,289.66754700158504,285.2827341191642,288.21882300502165,19633400
2021-09-13,286.837646484375,288.3346787710662,284.02711875904106,287.3785010149175,23652900
2021-09-14,289.54193115234375,291.0872423497249,287.9097000686196,289.3197829043386,21853400
2021-09-15,294.4000244140625,294.88293238817874,291.50257656936515,292.89335389276897,28356300
2021-09-16,294.7864074707031,294.87332738757027,290.478875680079,293.3763241397972,19550800
2021-09-17,289.6192626953125,294.0909958539162,289.2908887656017,293.77228951678643,41372500
2021-09-20,284.2396545410156,288.5085744930262,279.6230549552569,286.2002599629633,38278700
2021-09-21,284.7225036621094,287.3688591603671,284.0174769480889,285.58209392497275,22364100
2021-09-22,288.3733215332031,289.9572738836684,284.44247290611344,286.5865855546917,26626300
2021-09-23,289.3198547363281,290.61404471157635,287.35924932596714,288.63413359091027,18604600
2021-09-24,289.1170349121094,289.5516344416462,286.7797471472576,288.0353256727739,14999000
2021-09-27,284.11407470703125,286.3354394750528,282.9261105458033,286.01673319852733,23571700
2021-09-28,273.8280334472656,280.83986426683146,273.084366032057,279.8933543502767,43186200
2021-09-29,274.2917175292969,276.9670169803439,273.3355692133675,275.354120921642,26353700
2021-09-30,272.2828674316406,277.99081421651636,271.99310493878147,275.9432889541892,32343600
2021-10-01,279.2174072265625,280.06733000946844,271.6743867398195,272.4760010388448,30086300
2021-10-04,273.4321594238281,277.91355990677107,270.66993975281525,277.5755184047133,31350700
2021-10-05,278.88909912109375,280.4730223838734,274.3400835359342,274.3400835359342,24993000
2021-10-06,283.09027099609375,283.5925141040802,275.75009408057105,276.010853750545,28002600
2021-10-07,284.7708435058594,286.49966233803923,283.8726417312136,285.0895498059593,20430500
2021-10-08,284.7708435058594,286.49966233803923,283.7181076397104,286.0940066635479,17685700
2021-10-11,284.1719970703125,287.7841387766023,282.74257905730633,282.90678071411924,19298600
2021-10-12,282.8681945800781,285.3406811802425,282.35631327944327,285.24409368544315,17974100
2021-10-13,286.1809387207031,287.11778142661336,283.4573305066921,284.82880220556603,23416300
2021-10-14,292.4007568359375,292.90297048133476,287.64892975117283,288.9817603776688,27262900
2021-10-15,293.81085205078125,294.0426679135802,290.2469889567608,292.0047810007027,25384800
2021-10-18,296.7855529785156,297.67408703145924,292.34279429071773,293.19271693221856,22729300
2021-10-19,297.6934509277344,298.72685155917264,296.7179674190472,297.809344121962,17682100
2021-10-20,296.9014587402344,299.11318532497563,295.64588043051015,298.6399155083311,16537100
2021-10-21,300.136962890625,300.38805498571867,295.8873492891924,296.66968729600904,16918100
2021-10-22,298.5916748046875,300.4556925902874,297.27814973250037,299.789277199686,17449300
2021-10-25,297.5968017578125,298.8233771083047,295.98387654082376,298.78473622678376,17554500
2021-10-26,299.50909423828125,301.72082045635165,298.05073256576554,300.3686843637334,28107300
2021-10-27,312.1227722167969,314.9526060458698,305.197858471987,305.197858471987,52588700
2021-10-28,313.26239013671875,313.764603789262,310.3745805800996,313.24305495530734,26297900
2021-10-29,320.28387451171875,320.65088928161384,312.82777434101513,313.0499226160472,34766000
2021-11-01,318.11077880859375,320.1583038041811,315.2133311036617,320.03274302106945,27073200
2021-11-02,321.74224853515625,322.05131669032914,318.71924011753754,319.01864068212325,26487100
2021-11-03,322.5824890136719,323.45171737063305,319.3470000703094,322.48590153526277,21500100
2021-11-04,324.9391784667969,325.0357659738775,318.2460798147082,321.5105430232,23992200
2021-11-05,324.5721435546875,327.20883201566943,322.98822053910783,326.93840469718674,22570100
2021-11-08,325.4703063964844,326.10774845813177,323.0074875225243,325.7697069819661,20897000
2021-11-09,324.46588134765625,327.141180927912,323.09440972505246,325.5862019162056,21307400
2021-11-10,319.49188232421875,323.1909736619546,318.6419891055958,323.13302706692036,25500900
2021-11-11,321.066162109375,322.36035183631327,319.21181214739465,319.9265064583286,16849800
2021-11-12,325.20953369140625,325.7021092362378,322.3797001550684,322.5052609389951,23831000
2021-11-15,324.5817565917969,326.3298810128746,322.6114839029454,326.001507143793,16723000
2021-11-16,327.9042053222656,329.02455543876874,324.04094125475103,324.2051134719756,20886800
2021-11-17,328.126708984375,331.0971955801469,327.04302085871814,327.95255114881303,19053400
2021-11-18,330.20703125,331.34880160200635,326.1915678093843,327.21720340062717,22463500
2021-11-19,331.9873352050781,333.91284514256006,331.10686080252884,331.53259961586156,21963400
2021-11-22,328.8137512207031,338.33479489049444,328.5428291343785,333.44848252832435,31031100
2021-11-23,326.7333679199219,328.4460084531874,322.7469313241808,326.12378600321955,30427600
2021-11-24,326.9559326171875,327.1978283357766,323.08560111976163,325.3787678074607,21661300
2021-11-26,318.9927673339844,326.9753273587702,317.4833401642881,323.51139309197777,24217200
2021-11-29,325.7174072265625,328.0396000732596,323.8886615355074,324.08218990951724,28563500
2021-11-30,319.8731994628906,326.8301222692539,318.32506105228794,324.44987681081915,42885600
2021-12-01,319.37982177734375,328.28159825141586,318.712216593667,324.2661342276797,33337600
2021-12-02,318.80889892578125,322.6792307522383,317.17368136684007,319.59263875837576,30766000
2021-12-03,312.5389099121094,321.9147890134421,307.7203372426535,321.22778400852394,41779300
2021-12-06,315.6158447265625,316.83500853773074,308.8814765180251,313.4484686429607,30032600
2021-12-07,324.0628356933594,324.914283730808,319.39907963541896,320.8891653754491,31021900
2021-12-08,324.11126708984375,324.6240848803563,320.07643313181967,324.4402417546736,24761000
2021-12-09,322.3018798828125,325.5819706607434,321.35363798124615,323.5694111588265,22214200
2021-12-10,331.43585205078125,331.8809319131235,323.93708463875004,324.1209277504692,38095700
2021-12-13,328.3976135253906,332.64531641229195,328.0879799264692,329.63611839279116,28899400
2021-12-14,317.6961364746094,323.7919258980835,313.60325055577465,322.41794531464876,44438700
2021-12-15,323.8016357421875,324.3241388150982,313.9806744799815,317.9574263221584,35381100
2021-12-16,314.3676452636719,325.8431926062779,312.5485848783329,324.82721295108735,35034800
2021-12-17,313.3033447265625,314.38706242508175,306.9656882694308,310.4780190725008,47750300
2021-12-20,309.5394287109375,312.33572775319794,307.2752884173399,309.6748749533144,28326500
2021-12-21,316.6802062988281,317.10594512457476,309.4329905116543,312.8098748126121,24740600
2021-12-22,322.3985900878906,322.79527303785596,315.19008665544754,317.6574109023736,24831500
2021-12-23,323.84033203125,325.48523481760844,321.9438777632381,321.9632187915845,19617800
2021-12-27,331.3487854003906,331.37781170708996,324.55633434986925,324.5853606565686,19947000
2021-12-28,330.1876220703125,332.6646316128118,329.28777717607363,332.0260234377214,15661500
2021-12-29,330.8649597167969,333.1387557390819,328.6685277999919,330.2360072562147,15042000
2021-12-30,328.3202819824219,332.0067709774389,327.83649046571844,330.8263184955509,15994500
2021-12-31,325.4175109863281,328.35894194960014,324.96274581009436,327.536520049174,18000800
2022-01-03,323.8983459472656,327.04299008267594,319.0894581959837,324.47890153945974,28865100
2022-01-04,318.344482421875,324.333823368685,315.54815346488107,323.9757928660076,32674300
2022-01-05,306.12396240234375,315.49984550895914,305.73693504714186,315.29663178663526,40054300
2022-01-06,303.7049560546875,308.3687131905766,301.39241851651343,302.9986098361541,39646100
2022-01-07,303.8597106933594,306.2399561127619,300.0377468231346,303.9661306277529,32720000
2022-01-10,304.0823059082031,304.5177300797264,294.8128735433539,299.45726024091306,44289500
2022-01-11,304.769287109375,306.3464225083594,299.84429345523614,303.221148489365,29386800
2022-01-12,307.9526062011719,312.9259965978094,306.8011801608075,309.3072459156857,34372200
2022-01-13,294.9193115234375,310.47806401473673,294.14525686930887,310.0813514078008,45366000
2022-01-14,300.144287109375,300.7441839022073,293.90336435133815,294.3871558975955,39846400
2022-01-18,292.8389587402344,299.7571705686531,291.95845475795755,294.21293945049706,42333200
2022-01-19,293.49688720703125,303.7339300973706,292.8873348271103,296.3609536478612,45933900
2022-01-20,291.82305908203125,301.54725709970177,291.37797913887493,299.050905777843,35380700
2022-01-21,286.4336242675781,294.25168273283816,286.02722637262457,292.8777312649759,57984400
2022-01-24,286.7625427246094,287.4785446299873,267.1012508783427,282.7277385199471,85731500
2022-01-25,279.1380310058594,285.42732097416655,275.9256776481644,282.0698065330309,72848600
2022-01-26,287.0915222167969,298.4993332025726,283.5308241295649,298.0058564603818,90428900
2022-01-27,290.12005615234375,297.3382163920615,288.2719692510956,292.848647044969,53481300
2022-01-28,298.2671203613281,298.4799897848547,284.9048025987013,290.49743069503995,49743700
2022-01-31,300.8989562988281,302.2535665226197,296.4383835464321,298.9347640922584,46444500
2022-02-01,298.7509765625,300.56035229043493,295.2386450773116,300.3474828207783,40950400
2022-02-02,303.2985534667969,304.90474476135483,298.8670363988058,299.59272363577713,36636000
2022-02-03,291.484375,301.1408638459518,290.2361846781371,299.4572493683748,43730000
2022-02-04,296.0223693847656,298.7896428155665,290.245897225258,290.4781077150337,35096500
2022-02-07,291.1941223144531,297.8607539820601,290.17814242426635,296.24490687098387,28533300
2022-02-08,294.6870422363281,295.65462512508105,290.2264992927546,291.48434523681885,32421200
2022-02-09,301.1214904785156,301.81815140418445,297.4253459420539,299.8249328306882,31284700
2022-02-10,292.5777282714844,299.0992277076315,290.95219605157683,294.18391946316234,45386200
2022-02-11,285.4757080078125,294.4258511158453,284.68228282928357,293.3615038676102,39175600
2022-02-14,285.4369201660156,287.13987530826006,281.9052489238554,284.24678271615846,36359500
2022-02-15,290.7296142578125,291.04890359942823,287.3914416813156,290.2845344237078,27058300
2022-02-16,290.3902587890625,291.7185834522339,284.74727570714555,289.2946246977342,29982100
2022-02-17,281.8870849609375,287.7724356407643,281.17927819469634,287.3458164377349,32461600
2022-02-18,279.17218017578125,284.9218034378094,277.6014595831245,284.13644314148104,34264000
2022-02-22,278.9686584472656,282.6724757487211,275.8465973568757,276.33138926787194,41736100
2022-02-23,271.7452087402344,282.8275727475832,271.5803960838196,281.35378660921566,37811200
2022-02-24,285.6296081542969,286.1822778670693,263.2613090468984,264.2212168610139,56989700
2022-02-25,288.26690673828125,288.57718060139933,282.7790598404249,286.16292683070213,32546700
2022-02-28,289.7018737792969,290.04123393567045,284.087976805865,285.35812887426613,34627500
2022-03-01,285.97869873046875,290.84599781965625,283.26384685818056,287.3845772168943,31217800
2022-03-02,291.0592956542969,292.30036144633044,284.76670772312764,286.37619041849695,31873000
2022-03-03,286.9192199707031,293.90991012485733,285.1060736064637,293.67721950670733,27314500
2022-03-04,281.04351806640625,286.6671212997695,278.43536512644255,285.33879636039853,32356500
2022-03-07,270.42657470703125,280.8786850901457,270.0581281920922,279.75396452482715,43157200
2022-03-08,267.4596252441406,275.3229335452845,261.7875556211475,269.35029539224405,48159500
2022-03-09,279.72491455078125,280.7914626038532,272.2397267456058,274.8188230959986,35204500
2022-03-10,276.90338134765625,277.88267026842374,272.04575796281966,274.41154435304935,30628000
2022-03-11,271.55133056640625,280.70420362127237,270.93078275757216,279.2013310407606,27209300
2022-03-14,268.0317077636719,276.7191690212427,267.43057063229696,271.81307809759875,30660700
2022-03-15,278.4159851074219,279.06561927939794,270.25210599773294,271.8228270355456,34245100
2022-03-16,285.4356994628906,285.6102173906511,274.58605778034723,280.3162702005297,37826300
2022-03-17,286.240478515625,286.6186007423343,280.56840840023403,284.369189223697,30816600
2022-03-18,291.2920227050781,291.8446925132739,283.826245999044,286.38593157017544,43390600
2022-03-21,290.06060791015625,291.01081040705833,285.93017266749587,289.79883101325805,28351200
2022-03-22,294.8115539550781,295.72296480391606,289.6824490018245,290.6811188141461,27599700
2022-03-23,290.3805847167969,294.0068475242957,288.66443238619604,291.36957893217993,25715400
2022-03-24,294.85040283203125,294.9473671178432,289.2462103485092,290.0412760670834,24484500
2022-03-25,294.4430847167969,296.2077336356417,290.1866289063279,295.94595676544117,22566500
2022-03-28,301.24969482421875,301.3466295315579,295.07342123843944,295.07342123843944,29578200
2022-03-29,305.81640625,306.21393912796776,299.64983837259945,304.36203066251414,30393400
2022-03-30,304.3135070800781,306.3399629265181,302.10285756421536,304.21657238754335,28163600
2022-03-31,298.93231201171875,305.55458445151703,298.5251034770213,304.3522806882295,33422100
2022-04-01,300.008544921875,300.6969409340958,296.2465561407123,299.9600479924089,27110500
2022-04-04,305.3897399902344,305.52546630436024,300.28972091399,300.6581674070127,24289600
2022-04-05,301.4241943359375,305.29282394515957,300.4449053012834,303.74148406124976,23156700
2022-04-06,290.3902587890625,297.66213505256155,287.68511253402556,295.907191281451,40110400
2022-04-07,292.203369140625,294.4140182952895,287.3360707147367,287.63663922691137,31411200
2022-04-08,287.93719482421875,291.9609601748586,287.2681798847174,291.30165053832746,24361900
2022-04-11,276.58349609375,283.7099136572653,276.3313948263688,282.914877395145,34569300
2022-04-12,273.4807434082031,281.89672181810613,271.95849007947834,280.44234644172155,30966700
2022-04-13,278.8716735839844,279.8024656994452,272.74389717939255,274.13042443050927,21907200
2022-04-14,271.31854248046875,279.5406213549025,270.824075007664,279.3273117976379,28221600
2022-04-18,271.98760986328125,273.8686046152855,269.8739244910196,270.42659430347726,20778000
2022-04-19,276.6221618652344,277.46572436879006,269.94174690889537,270.88224409138223,22297700
2022-04-20,277.64996337890625,280.88839885014346,276.6900850216622,280.59750599779863,22906700
2022-04-21,272.2687683105469,284.37885800425323,271.5415806106492,279.8024222293234,29454600
2022-04-22,265.6950378417969,274.58613398289475,265.06481431264797,273.1123477234531,29405800
2022-04-25,272.1815185546875,272.5596407849809,262.5341495736,264.9775192651805,35678900
2022-04-26,262.0008850097656,269.89328023075717,261.7875754313959,269.0594525267125,46518400
2022-04-27,274.6054382324219,282.1197103075881,270.66893161567555,273.5195094539181,63477700
2022-04-28,280.820556640625,282.12950066944165,272.89904409061813,276.5156022641407,33646600
2022-04-29,269.078857421875,281.0629273247488,268.0898927013259,279.83153709016864,37073900
2022-05-02,275.8174743652344,276.27317988457435,267.81840889699976,269.26307913115687,35151100
2022-05-03,273.209228515625,275.4877555840114,271.6288027279923,275.32291337509014,25978600
2022-05-04,281.15985107421875,282.0324703593983,268.31286891823476,273.99461437075183,33599300
2022-05-05,268.9140319824219,277.64028485633924,265.99557571933246,276.85492446483426,43260400
2022-05-06,266.37371826171875,270.7562255668046,263.0189376361337,266.4512719319163,37780300
2022-05-09,256.5323181152344,264.07567446521136,255.310663365508,261.8456448707172,47726000
2022-05-10,261.30279541015625,265.4235259500196,257.00754691357685,263.426185984904,39336400
2022-05-11,252.62496948242188,263.10616476658646,251.41299010553567,257.59893757945724,48975900
2022-05-12,247.58319091796875,251.9754036684089,242.41530828868,249.8520131079963,51033800
2022-05-13,253.1776885986328,255.0393023042166,247.58320135507512,249.52236873660797,34925100
2022-05-16,253.54608154296875,257.73468930316983,248.00006282048204,252.0529146897847,32550900
2022-05-17,258.704345703125,260.1683970586015,254.47694512701054,258.015919929837,28828800
2022-05-18,246.92559814453125,256.17753742497484,245.6524875951275,255.59442633817832,31356000
2022-05-19,246.01206970214844,250.41452736184803,244.7875541882532,246.75066424287598,32692300
2022-05-20,245.44839477539062,251.26002017736235,239.50072692589913,249.99660787697098,39199300
2022-05-23,253.3105926513672,254.13666422198204,246.2938927434967,248.29589957204047,33175400
2022-05-24,252.30958557128906,253.9714268912015,246.36191797727767,250.62831809064022,29043900
2022-05-25,255.12789916992188,257.1298909092702,249.8896872797265,250.8712569903347,28547900
2022-05-26,258.4127197265625,259.58863995946916,254.06858584488728,254.88492936958542,25002100
2022-05-27,265.5460510253906,265.643241139635,260.0259965721128,260.92010410159867,26910800
2022-05-31,264.214599609375,267.03293462239833,261.35738262383785,264.8560186937053,37827700
2022-06-01,264.7491760253906,269.8707720178327,262.4361876229135,267.4508952453175,25292200
2022-06-02,266.84832763671875,266.9163636856067,254.23383914437693,257.00359440575477,44008200
2022-06-03,262.4167175292969,265.75015751179075,260.8520664352407,262.69855996137693,28059000
2022-06-06,261.1824951171875,266.4595892028753,259.6955782848042,264.3992892425282,22400300
2022-06-07,264.8268737792969,265.4391388199608,258.45159434648144,259.13189542683165,22860700
2022-06-08,262.79583740234375,265.3129049932879,262.0183458931166,264.05922032471864,17372300
2022-06-09,257.3339538574219,265.03092296873166,257.1784556374228,260.2397508443813,26439700
2022-06-10,245.86630249023438,253.24256456925144,245.41924866437776,253.24256456925144,31422800
2022-06-13,235.43838500976562,242.00804495345096,234.72894466033569,238.2081400229515,46135800
2022-06-14,237.60560607910156,238.82040832428856,234.7095068496029,236.99334100220605,28651500
2022-06-15,244.6708984375,248.11122688546928,239.4812665255515,241.31804702603347,33111700
2022-06-16,238.07208251953125,240.4530919195721,236.17699401048355,239.05363738085111,33169200
2022-06-17,240.67662048339844,243.44637559850622,237.15855784482125,237.8096900838926,43084800
2022-06-21,246.59518432617188,247.57673936751254,242.48428215744224,243.21316362761155,29928300
2022-06-22,246.00234985351562,249.92859951301043,243.32005666477755,244.79726053472527,25939900
2022-06-23,251.5709991455078,252.06664804287598,246.48828460294135,248.37366040510122,25861400
2022-06-24,260.1620178222656,260.43413229401733,254.35039416197512,254.43785635022536,33923200
2022-06-27,257.43121337890625,260.74516813613343,255.86653250823528,260.65770592471864,24615100
2022-06-28,249.25799560546875,259.39429846410957,249.10249735843755,256.54680910735476,27295500
2022-06-29,252.9315643310547,254.59340555712373,248.558261264079,250.33673359363198,20069800
2022-06-30,249.59812927246094,252.22211413062385,245.77879792014835,249.81193566577983,31730900
2022-07-01,252.27072143554688,252.4553737795161,247.4406805657067,249.17057288707923,22837700
2022-07-05,255.4486541748047,255.57499836951445,247.56701562367115,248.94702936825868,22941000
2022-07-06,258.7139892578125,260.4438664218845,255.01127448719635,256.3232668081978,23824400
2022-07-07,260.8424072265625,261.4838265556157,257.55757626486593,257.65476640410424,20859900
2022-07-08,260.1231994628906,260.55081225996196,255.87625522031703,257.3340180308074,19658800
2022-07-11,257.0619201660156,259.0250302011665,254.79751184488788,258.1698045515523,19455200
2022-07-12,246.52713012695312,258.45163425345476,244.9430231030509,258.3933261127936,35868500
2022-07-13,245.6038818359375,246.41051237825036,241.12369016254638,243.14512305849968,29497400
2022-07-14,246.92559814453125,247.95574821262494,239.01480546624109,243.5144383254252,25102800
2022-07-15,249.4912567138672,253.03847375929305,247.5961679522132,248.5194148023389,29774100
2022-07-18,247.09078979492188,253.4952240127195,246.16754300536857,252.4359199576439,20975000
2022-07-19,252.22210693359375,252.40675925247564,246.53682634197378,250.32700351696752,25012600
2022-07-20,254.88494873046875,257.4117434464244,251.61957438364064,252.58168831471335,22788300
2022-07-21,257.3825988769531,257.4312087657086,249.7925161981688,252.47480926653154,22404700
2022-07-22,253.02874755859375,257.85880307784385,251.77509283820282,257.77134086420693,21881300
2022-07-25,251.5417938232422,254.13662441470044,249.57868411276664,253.65070352671822,21056000
2022-07-26,244.80694580078125,252.56225411501038,242.5425674350256,252.54279829754145,39348000
2022-07-27,261.1727600097656,262.4458704154243,251.56125987665692,253.80621209782652,45994000
2022-07-28,268.6268005371094,270.01652721920226,260.32726310507684,262.1543304686785,33459300
2022-07-29,272.8348388671875,274.059368942466,268.840583577074,269.88046135026275,32152800
2022-08-01,270.1817626953125,273.3596748735574,268.0728528273835,269.9971103708195,21539600
2022-08-02,267.0815734863281,270.0651349626204,264.71027709598764,268.22833970476506,22754200
2022-08-03,274.5161437988281,275.5171396277238,268.82113564913254,268.9669356400914,23518900
2022-08-04,275.6629333496094,275.8087036946795,272.2809427109455,273.8650200050531,18098700
2022-08-05,274.9438171386719,275.66297071065867,270.83291490098145,271.2896818162804,16774600
2022-08-08,272.4267272949219,277.86904784198094,271.4548853993135,276.0516785842541,18739200
2022-08-09,274.35089111328125,275.10892642826786,269.7929513160365,271.7658183747208,23405200
2022-08-10,281.017822265625,281.6495136024719,278.8603319468809,280.05570822424676,24687800
2022-08-11,278.93804931640625,283.0100692187593,278.44243011883435,282.6602203734145,20065900
2022-08-12,283.6903381347656,283.6903381347656,278.8602832920289,280.3569279405796,22619700
2022-08-15,285.2063903808594,285.8963896968433,281.940986783647,282.80594014927584,18085700
2022-08-16,284.4678955078125,285.7604621218064,282.24239843147654,283.76816800278846,18102900
2022-08-17,283.7178955078125,285.69492065907355,281.91616605164813,282.1791095942932,18253400
2022-08-18,282.597900390625,284.2924848210628,281.5363182612863,282.61736778226833,17186200
2022-08-19,278.682861328125,281.7019722471869,278.1082610446249,281.36109961223826,20570000
2022-08-22,270.5020446777344,275.0891277344879,269.985876348386,274.7190391735939,25061100
2022-08-23,269.2262268066406,271.58305961695726,268.2133575622362,269.2262268066406,17527400
2022-08-24,268.59320068359375,269.9956259083875,267.9309228621196,268.2231121213267,18137000
2022-08-25,271.5732727050781,271.73881982433454,267.35624962378307,270.0929188602087,16583400
2022-08-26,261.0940856933594,273.024417273925,260.9869704514699,271.79728794342236,27549300
2022-08-29,258.30877685546875,260.4221335952859,256.96478349661675,258.9125930668451,20338500
2022-08-30,256.1077575683594,260.081276247606,253.8580397603448,259.71121737335454,22767100
2022-08-31,254.64683532714844,260.1396417810957,254.51047441783726,258.46455441213783,24791800
2022-09-01,253.60476684570312,254.08200033825852,248.74499211600758,252.11469390871204,23263400
2022-09-02,249.3780059814453,257.83149065713957,247.8295012558283,254.87084211416317,22855400
2022-09-06,246.64137268066406,251.10184326326072,245.36555986305348,249.5144035204149,21328200
2022-09-07,251.3550567626953,252.07573671931658,246.61214569878825,248.05352047263693,24126700
2022-09-08,251.77383422851562,253.63399578598168,248.14117383130036,250.79021068457934,20319900
2022-09-09,257.558837890625,258.30876355813575,253.49767178964203,253.70218346204774,22084700
2022-09-12,259.6916809082031,260.47082249672275,258.24057242382844,258.84438857917326,18747700
2022-09-13,245.4142303466797,253.60475690024708,245.0246595826292,252.08546807196308,33353300
2022-09-14,245.63824462890625,247.59578772613622,243.3398289424253,246.91405740824067,23913000
2022-09-15,238.9767608642578,244.83965696947544,237.65224976242436,243.2522022753674,31530900
2022-09-16,238.3534393310547,238.89882358010237,235.74336703268992,237.88595437992277,39791800
2022-09-19,238.1392059326172,238.74302215341444,234.56497709875475,236.1426981198614,26826900
2022-09-20,236.12318420410156,237.15552077631924,233.38651445985508,235.7531105348159,26660300
2022-09-21,232.71453857421875,241.19725554129616,232.66584036427636,237.89571901145976,28625600
2022-09-22,234.69155883789062,237.49640922958957,231.37055498618827,231.66271451815115,31061200
2022-09-23,231.71141052246094,234.83765123018225,229.0623884800835,233.28913142247737,34176000
2022-09-26,231.253662109375,235.14928080942127,230.71801156599744,230.8641061836128,27694200
2022-09-27,230.24081420898438,235.49015995931182,228.38065266127452,233.71764626825262,27018700
2022-09-28,234.77920532226562,236.00631985347113,228.60463843638797,230.6303619280171,29029700
2022-09-29,231.3023681640625,233.68843172668625,228.29300618270508,232.65609511384054,27484200
2022-09-30,226.82241821289062,234.2630501670301,226.65685618291016,232.0717644033824,35694800
2022-10-03,234.45782470703125,235.30511704742838,228.53648230029808,229.2669108311526,28880400
2022-10-04,242.3854217529297,243.8267966387145,238.58718426741393,238.6943143855835,34888400
2022-10-05,242.69705200195312,244.04104526402548,237.73014687189743,239.57082618879338,20347100
2022-10-06,240.34996032714844,243.8073253575935,239.65849623742423,241.4602112106083,20239900
2022-10-07,228.12745666503906,235.02270415917158,227.08537143722725,234.61365108204038,37769600
2022-10-10,223.26763916015625,228.43907043105446,220.81339530154835,226.96847977157327,29743600
2022-10-11,219.52786254882812,223.08260876857707,218.26178346350437,221.68018361933272,30474000
2022-10-12,219.8590087890625,221.91394851325393,218.1157257342309,219.51813616452623,21903900
2022-10-13,228.12745666503906,229.93892011570614,213.4117551255457,214.1129677426173,42551800
2022-10-14,222.5956573486328,231.04915792889818,222.38139712434594,229.39350803929838,30198600
2022-10-17,231.3315887451172,232.72428023302328,229.00395704070687,229.66621998295358,28142300
2022-10-18,232.27627563476562,237.56457112933387,229.22794910689007,236.89258935569006,26329600
2022-10-19,230.30897521972656,233.35730163218065,228.17612158677025,230.854359464379,19985700
2022-10-20,229.987548828125,235.01289976975104,228.74095221850357,229.61747521191486,21811000
2022-10-21,235.8018035888672,236.65884448891248,228.3806544553497,228.61439693552748,26299700
2022-10-24,240.79794311523438,241.37254333610227,235.00321297699924,237.3990102771564,24911200
2022-10-25,244.11895751953125,244.4890312031249,239.41499599959158,240.8076725980602,34775500
2022-10-26,225.28363037109375,232.0814806550544,224.05650100348495,225.13753575748976,82543200
2022-10-27,220.8328857421875,227.59178658537854,219.8881970156547,225.01093027224846,40424600
2022-10-28,229.71487426757812,230.4258353283735,220.15113878058648,220.33618303310567,40647700
2022-10-31,226.0724639892578,228.7896510975248,225.11802684733127,227.65991827275695,28357300
2022-11-01,222.21583557128906,229.5883013482599,221.3977591826353,228.47805057491365,30592300
2022-11-02,214.3564453125,225.26417573849062,214.29799854352845,223.47219453248943,38407000
2022-11-03,208.65908813476562,214.6583448304135,208.3961296970331,214.34668818412212,36633900
2022-11-04,215.61276245117188,215.80754042041704,207.86047444612015,211.87297194348153,36789100
2022-11-07,221.92367553710938,222.44959243568516,215.5056466591579,216.1971255856238,33498000
2022-11-08,222.8975830078125,225.6050371166513,219.9466527031385,222.73202097791747,28192500
2022-11-09,218.65133666992188,222.66383409917907,218.4760409587585,221.43670467861034,27852900
2022-11-10,236.63937377929688,236.98024638861136,228.8676179766348,229.2863898892027,46268000
2022-11-11,240.6615753173828,241.51861615288743,235.61674157285157,236.64909297043917,34620200
2022-11-14,235.24667358398438,237.5450891758998,232.96774024623764,235.675194012061,31123300
2022-11-15,235.65573120117188,240.5544708560725,233.76635362727728,239.24944207060548,31390100
2022-11-16,236.08544921875,238.10712057795988,234.80604092204587,237.1206951717324,24093300
2022-11-17,236.0365753173828,237.56992173935555,232.08115791544682,232.2276493368206,23123500
2022-11-18,235.58734130859375,238.0485016751928,233.44847699378025,237.82386161024547,27613500
2022-11-21,236.39794921875,238.95676543381867,235.5580302844358,235.7924165621614,26394700
2022-11-22,239.3083953857422,239.58185601879657,235.08927783112682,237.90201790004144,19665700
2022-11-23,241.79881286621094,242.48246433177005,238.5661063699723,239.38648812864324,19508500
2022-11-25,241.71095275878906,242.89269012573502,240.9686897159274,241.53514812666896,9200800
2022-11-28,236.11474609375,240.89056091224674,235.17717104486601,240.33387852118813,24778200
2022-11-29,234.71812438964844,237.1206732847148,232.64763267479685,235.76313137502686,17956300
2022-11-30,249.1823272705078,249.36789304086898,234.25912563366484,234.95255326462177,47594200
2022-12-01,248.74281311035156,250.13941445901602,245.06084106912186,247.9419535295198,26041500
2022-12-02,249.06509399414062,250.08080264924362,243.85955174333637,243.98652091365602,21528500
2022-12-05,244.357666015625,247.89314681984325,242.26763698881598,246.12539896649085,23435300
2022-12-06,239.39627075195312,245.97889237423144,238.08756427144374,244.9631836631235,22463700
2022-12-07,238.66378784179688,240.41199845740607,236.5542366516699,239.11305308285705,20481500
2022-12-08,241.62303161621094,242.93175300820135,237.38437721752427,239.12281178477338,22611800
2022-12-09,239.68930053710938,242.51181678446366,238.4587276242361,238.9861117576139,20609700
2022-12-12,246.61370849609375,246.6430067827901,241.39840482934278,241.6718654401659,30665100
2022-12-13,250.9207763671875,257.7573221509762,247.16067022510887,255.57938326434993,42196900
2022-12-14,251.21372985839844,256.4583317412534,248.3716768672205,251.1258349994924,35410900
2022-12-15,243.1954345703125,248.26424677465207,241.56443204275277,247.7954592877002,35560400
2022-12-16,238.976318359375,244.00605626723987,237.82386444207205,242.74618523388142,86102000
2022-12-19,234.83534240722656,239.48420303255193,233.13598200938617,239.14236978569437,29696400
2022-12-20,236.15380859375,237.23788993522047,232.85272912283375,233.8098412838887,25150800
2022-12-21,238.72238159179688,239.88459664487903,234.5032643589745,236.04637204350925,23690600
2022-12-22,232.6280975341797,236.33936782887625,228.40896543431774,235.62640311504308,28651700
2022-12-23,233.155517578125,233.29224790417652,228.47737329876662,230.596700803809,21207000
2022-12-27,231.4268341064453,233.35081959548367,230.32321558372178,233.1261944200352,16688600
2022-12-28,229.0535430908203,234.12235498713048,228.70194877135125,231.35843587345414,17457100
2022-12-29,235.3822479248047,236.27100238515564,230.14740695846007,230.14740695846007,19770700
2022-12-30,234.22003173828125,234.35676203802836,231.13381651257768,232.64762583994687,21938500
2023-01-03,233.9856414794922,240.011565882423,231.85653825258547,237.40391403529475,25740000
2023-01-04,223.75035095214844,227.43230792474532,220.683672878356,226.85608843916458,50623400
2023-01-05,217.11891174316406,222.2365596343891,216.58175162726957,221.89472640541456,39585600
2023-01-06,219.677734375,220.48835513572715,214.2280440359925,217.79280825495562,43613600
2023-01-09,221.8165740966797,225.840379162237,221.12316147080284,221.16222088392175,27369800
2023-01-10,223.50621032714844,225.90875938940619,222.0216991383432,222.4416512068121,27033900
2023-01-11,230.26461791992188,230.44040764705468,225.71342844154773,225.88921816868051,28669300
2023-01-12,232.94061279296875,234.2981546866577,228.10620187098192,229.7665026549743,27269500
2023-01-13,233.64382934570312,233.78055966417364,229.43447286012528,231.4659053791777,21333300
2023-01-17,234.7376708984375,235.28459213527947,231.55378456577233,232.41324073937315,29831300
2023-01-18,230.30368041992188,236.72027379093637,230.0204586660314,235.9291902032741,30028700
2023-01-19,226.51425170898438,230.02043381620862,225.29344015559448,228.32105876899536,28623000
2023-01-20,234.61068725585938,235.11854904554423,229.03401340452106,229.37584660771927,35389800
2023-01-23,236.91558837890625,239.44510648286737,234.0539981879018,235.47015159128358,31934000
2023-01-24,236.38821411132812,238.25361804107612,234.82558401353157,236.83747939221803,40234400
2023-01-25,234.9915771484375,237.61876602103504,225.50830635326923,229.00471246415324,66526600
2023-01-26,242.20901489257812,242.51177377679628,236.3491193709835,237.96058467842803,33454500
2023-01-27,242.36529541015625,243.99629796325885,241.06635004457462,243.17591612262385,26498900
2023-01-30,237.0425567626953,239.86507262695676,236.54445608504085,238.80051357034338,25867400
2023-01-31,242.02346801757812,242.16019832764178,237.2769516789598,237.765276343828,26541100
2023-02-01,246.84812927246094,249.22138009802924,239.73812302211383,242.20904474607445,31259900
2023-02-02,258.42138671875,258.5092815709829,251.24300907004084,252.77635548169766,39940400
2023-02-03,252.3173370361328,258.03074104934103,251.0965254865144,253.47955201576713,29077300
2023-02-06,250.77420043945312,252.26847249992778,248.83067809938268,251.42856850742402,22518000
2023-02-07,261.3122863769531,262.49402369384705,254.00693882575916,254.44644293620124,50841400
2023-02-08,260.5016784667969,270.2974697516429,259.9938017557166,266.82060062873455,54686000
2023-02-09,257.46435546875,267.58246053588874,256.66349566630674,267.40664096109856,42375100
2023-02-10,256.9564514160156,257.9233247404557,254.57342460398476,255.42310477455004,25818500
2023-02-13,264.9845275878906,268.1879364908774,260.9118863953709,261.39046487819326,44630900
2023-02-14,265.81463623046875,268.54924217498206,262.9921056261591,266.3029608494868,37047900
2023-02-15,263.69000244140625,265.07053065688496,260.61562828503037,262.7109069591907,28922400
2023-02-16,256.6698913574219,261.16393632712175,256.42511747097006,258.5007952473413,29603600
2023-02-17,252.66542053222656,254.65298350247923,250.64848588771906,253.96763447665674,30000100
2023-02-21,247.38807678222656,250.14913347081608,246.33065176998883,249.16023738002588,28397400
2023-02-22,246.2523193359375,249.0231615682259,245.10677932156742,248.77838767780975,22491100
2023-02-23,249.4441680908203,251.470888034521,245.24383997273418,250.2176469727612,29219100
2023-02-24,244.0102081298828,245.75299711343044,242.91362583186992,244.73474425667752,24990900
2023-02-27,244.93055725097656,247.53495511519347,244.17664946084787,247.18248010394746,21190000
2023-02-28,244.2060089111328,246.23274385931393,243.53043059507243,243.86333443445264,22491000
2023-03-01,241.12185668945312,245.6844304356118,240.6518800855354,245.51798599082042,27565300
2023-03-02,245.86068725585938,246.14461839541934,240.47566166300976,241.3960138819759,24808200
2023-03-03,249.9532928466797,250.27639616638209,246.1348262316736,246.91810564854498,30760100
2023-03-06,251.50027465820312,254.68233526542298,250.62888019720313,251.06947021639408,24109800
2023-03-07,248.83714294433594,252.30314976499983,248.09303566014898,250.94219252685468,21473200
2023-03-08,248.39651489257812,249.2189514923591,245.56692961443244,248.72940376299266,17340200
2023-03-09,247.04541015625,254.1340527730051,246.32087403041797,250.47224477280037,26653400
2023-03-10,243.3933563232422,247.50555459686285,242.4240613016346,245.8313095923703,28333900
2023-03-13,248.6119384765625,252.51853507132006,240.5931435893199,242.2282313532918,33339700
2023-03-14,255.3383331298828,255.61247868470284,250.51138437002095,251.38277879923007,33620300
2023-03-15,259.8911437988281,260.9094116100634,253.79136732872547,254.54529007919024,46028000
2023-03-16,270.42620849609375,270.7786685592172,257.7762805795016,259.6659278592618,54768800
2023-03-17,273.58868408203125,277.4071510542046,270.54371102205045,272.4431589301929,69527400
2023-03-20,266.5392150878906,271.6794671642192,264.2089626992146,271.189919347426,43466600
2023-03-21,268.0567321777344,269.2512297375731,263.8857762937758,269.13374307260864,34558700
2023-03-22,266.597900390625,275.16498531924117,266.49018435697667,267.6846819650657,34873300
2023-03-23,271.8556213378906,275.1845395871269,269.44705511774464,272.12976684360143,36610900
2023-03-24,274.7048645019531,274.76360784861777,269.52544032042374,271.44445936393123,28172000
2023-03-27,270.60235595703125,275.5761467899391,269.76031848601895,274.63622369545584,26840200
2023-03-28,269.4764709472656,270.3674514567512,266.3629244825979,270.02476204854537,21878600
2023-03-29,274.6461181640625,275.26295317695,272.590011414313,273.12850204608293,25087000
2023-03-30,278.112060546875,278.51349328125735,275.59580785907895,278.28832044267864,25053400
2023-03-31,282.2732238769531,283.22294771783334,277.0840296203647,277.79878010007826,32766000
2023-04-03,281.2256164550781,282.243854280698,278.01418435050056,280.5304371238125,24883300
2023-04-04,281.1766357421875,284.37829711852913,279.6982218699312,281.2256084444779,25824300
2023-04-05,278.3960266113281,281.14728273137956,277.00572765537777,279.87447046132644,22064800
2023-04-06,285.5042724609375,285.9742192087345,276.1343207416053,277.2896463361067,29770300
2023-04-10,283.34051513671875,283.5461168646444,278.758324614115,283.16425520458193,23103000
2023-04-11,276.9175720214844,280.00174680479614,275.75247584510697,279.77654407914395,27276600
2023-04-12,277.5637512207031,281.01018622412647,276.06573642239,278.83659319523866,27403400
2023-04-13,283.78106689453125,283.8398102405288,277.2505159342496,277.66171935623237,24222700
2023-04-14,280.1584167480469,282.4494967636299,277.7596206838942,281.0004245840228,20987900
2023-04-17,282.7628173828125,285.50430318502544,280.1780203528942,283.8692002700218,23836200
2023-04-18,282.341796875,285.6609453421748,281.01024118479097,285.47491478550927,20161800
2023-04-19,282.42010498046875,283.00753836856154,278.591838043408,280.01150857079625,17150300
2023-04-20,280.12896728515625,282.9879389668503,279.12050023010096,279.2869595931928,23244400
2023-04-21,279.7863464355469,280.28566483452795,277.14277656950355,279.0520247927153,21676400
2023-04-24,275.8797302246094,278.9932766450886,272.8935008803915,276.19304795792937,26611000
2023-04-25,269.6625671386719,275.71337175925413,269.6135944229344,273.66706520813676,45772200
2023-04-26,289.1954345703125,293.30764764371935,286.61063797416637,290.49764832472823,64599200
2023-04-27,298.4576721191406,298.81996255788124,289.0779502504288,289.7829002150644,46462600
2023-04-28,300.8368835449219,302.47195624653347,296.96944448822813,297.6548232687838,36469600
2023-05-01,299.1723937988281,302.1488522384796,298.77096109153786,300.55292192498604,21294100
2023-05-02,299.0255126953125,302.7166913867483,297.55686967882764,301.3263927303958,26404400
2023-05-03,298.0367126464844,302.1586970048939,297.7331953825414,300.2103062048158,22360800
2023-05-04,299.0255126953125,301.3263927303958,297.0575214917448,299.8381486840685,22519900
2023-05-05,304.1560363769531,305.448449715473,297.9094017870665,299.32910233190466,28197100
2023-05-08,302.19781494140625,303.7154308682789,299.69133289455476,303.6468870133391,21318600
2023-05-09,300.58233642578125,303.5587952895824,299.90675810012203,301.5614319841714,21340800
2023-05-10,305.78131103515625,306.4568893157109,301.23832348494085,302.1684462755373,30078000
2023-05-11,303.62725830078125,304.6161542102312,299.8577649374575,303.61748766498266,31680200
2023-05-12,302.51116943359375,304.1560428743244,300.1907176369154,304.0581273381705,19774700
2023-05-15,302.99090576171875,303.42171020151784,301.16000183238515,302.6384456998606,16336500
2023-05-16,305.2232666015625,307.15208621607525,303.35319033533926,303.35319033533926,26730300
2023-05-17,308.1080322265625,308.5299564214886,304.90919402934566,306.4301274420136,24315000
2023-05-18,312.5431823730469,313.0534440985238,307.83326302132343,308.62806153761505,27276000
2023-05-19,312.3666076660156,312.7689179460215,310.43357190083395,310.7966243634161,27546700
2023-05-22,315.1533508300781,316.53689709363704,312.04284968121516,312.62177529023154,24115700
2023-05-23,309.3444519042969,316.664463629214,309.33462996251853,314.0249365560636,30797200
2023-05-24,307.96087646484375,310.56114546951807,306.7441236524187,308.82436880109975,23384900
2023-05-25,319.8044738769531,320.76606606309167,313.9955431528481,317.17473844488717,43301700
2023-05-26,326.64361572265625,327.14402564243557,317.80267115227514,317.940028599587,36630600
2023-05-30,324.99517822265625,329.44017625595285,324.31812296404604,328.93976624150633,29503100
2023-05-31,322.22802734375,329.6363453938655,321.1878898831773,326.0548408394715,45950600
2023-06-01,326.3394470214844,327.2716331746607,318.62694664026094,319.81423378408647,26773900
2023-06-02,329.10650634765625,331.16710767327845,326.30997811609336,327.9780910808691,25873800
2023-06-05,329.6363525390625,332.20718550871004,328.3803719300385,328.92986157492777,21307100
2023-06-06,327.41876220703125,329.0770531433708,325.93711647697336,329.0377953258703,20396200
2023-06-07,317.31207275390625,328.2135893193703,316.4485803635837,325.42688293374783,40717100
2023-06-08,319.15679931640625,320.51090965341575,317.28263514872793,317.8615607379673,23277700
2023-06-09,320.65814208984375,323.7980795311089,318.3227954637779,318.8918992057431,22529000
2023-06-12,325.6231689453125,325.86847794256755,319.0586977831723,322.41450809645136,24260300
2023-06-13,328.017333984375,330.6568607625825,324.1905202364905,328.19394924698327,22951300
2023-06-14,331.01007080078125,332.67818358645866,326.56507396393835,328.06636349307234,26003800
2023-06-15,341.5682067871094,343.2755475907916,330.87274196684893,331.1474868081879,38899100
2023-06-16,335.9065246582031,344.8750365511383,335.5336801120297,344.7278571322609,46552000
2023-06-20,331.7067565917969,335.66113574405455,329.55784775287134,332.943123305957,26375400
2023-06-21,327.3010559082031,331.39282293074336,325.83902394821615,330.058326488485,25117800
2023-06-22,333.33563232421875,333.7379426283081,327.0851645614221,327.85052734982696,23556800
2023-06-23,328.733642578125,331.6184785385029,327.19312496325193,328.08602328651534,23146900
2023-06-26,322.4341125488281,329.8031735626045,322.326161031866,327.4580354070177,21520600
2023-06-27,328.2920837402344,329.8424231990491,323.1209516740261,325.6329130408029,24354100
2023-06-28,329.5480651855469,331.63810233073093,327.54633567319496,328.38039213208674,20259500
2023-06-29,328.7630615234375,329.8031691350396,326.37866558051627,328.4294449258427,16997000
2023-06-30,334.15008544921875,336.2989944894714,330.8727611005321,331.41242887349597,26832800
2023-07-03,331.6479187011719,334.5033188190337,330.25458046527325,332.8254137820231,12508700
2023-07-05,331.804931640625,335.23925747739463,328.4491214492935,328.80235201893055,18172400
2023-07-06,334.8663635253906,336.5540904646997,329.20464318433727,330.97085581956964,28161200
2023-07-07,330.89239501953125,335.3766505894666,330.6765219083215,332.9529965456345,21214800
2023-07-10,325.6034851074219,328.9397110166737,321.4430546068671,328.32152762825416,32791400
2023-07-11,326.23150634765625,326.61417278371005,320.86414468674985,324.8479601120357,26698200
2023-07-12,330.8727111816406,335.23919235897233,329.3714216624109,330.28396373499504,29995300
2023-07-13,336.2303466796875,337.2900684322161,332.65863310330485,333.188508952043,20567200
2023-07-14,338.7618713378906,344.8357239330472,337.84932914089796,341.06778168374007,28352700
2023-07-17,339.24273681640625,340.479073827532,335.778974895852,339.19365704889503,20363900
2023-07-18,352.7445068359375,359.8977253924033,335.74952271110794,339.3408199849451,64738600
2023-07-19,348.4172668457031,355.65879334061907,345.8268193685884,354.96212416292167,39732900
2023-07-20,340.3612976074219,351.25302227091294,338.88944373248916,346.9355902267656,33778400
2023-07-21,337.3194274902344,343.72689620518594,333.4533559589221,342.59848099973897,69405400
2023-07-24,338.6342468261719,340.4103110385252,335.8867987729707,339.3603816255406,26678100
2023-07-25,344.3941650390625,345.2870932446145,338.5950576458234,340.59675719404197,41637700
2023-07-26,331.4320068359375,338.2025578415129,326.85944439453834,335.0331554134673,58383700
2023-07-27,324.51434326171875,334.92524195448044,322.87566610660525,334.0912153820297,39635300
2023-07-28,332.0207824707031,333.630023699817,326.91837382253794,327.4089917663005,28484900
2023-07-31,329.6167907714844,331.36338955022967,327.10479921092735,330.5980267133625,25446000
2023-08-01,330.02886962890625,332.1876005255044,327.43842249793084,328.9004543649791,18311900
2023-08-02,321.354736328125,327.3697167947092,320.23611310138045,327.3697167947092,27761300
2023-08-03,320.53045654296875,323.6900366867579,319.8337875823169,319.88283738921774,18253700
2023-08-04,321.6294860839844,328.85139751963476,321.0996103397931,325.6525590625856,23741500
2023-08-07,323.9157409667969,324.8969767831622,321.37434379580344,322.20840022870215,17741500
2023-08-08,319.93194580078125,322.5812946473448,316.9391883531327,320.82487404247576,22327600
2023-08-09,316.1836853027344,320.97209180236405,315.02580407101107,320.34411633722664,22373300
2023-08-10,316.87054443359375,322.1005492501325,315.1533813786417,319.9025601772297,20113700
2023-08-11,314.986572265625,316.3602966518782,313.22032953048887,314.25064527888804,24355500
2023-08-14,317.95965576171875,317.9792696974629,314.0739404486972,315.35938689096906,18836100
2023-08-15,315.820556640625,318.9899592196478,314.87857860821487,316.9391798843772,16966300
2023-08-16,315.0535888671875,319.0065277085212,314.46359486014677,315.4469082024341,20698900
2023-08-17,311.59234619140625,316.4990703161301,310.93351302834594,315.19127673474406,21257200
2023-08-18,311.1990661621094,313.06735580371077,306.3513078182269,309.24225189848187,24755000
2023-08-21,316.50897216796875,317.3841056283608,311.74973815851166,312.62487161890374,24040000
2023-08-22,317.0792236328125,320.638813261693,316.09591025429995,320.06850470582657,16084600
2023-08-23,321.54345703125,323.70675834794656,318.0625194610532,318.4165278621223,21166400
2023-08-24,314.63079833984375,327.42371562381226,314.62095560290663,327.29588007700687,23281400
2023-08-25,317.590576171875,319.93083688219207,313.4803033090538,316.1057633191369,21684100
2023-08-28,318.2986145019531,320.7077147426084,316.3516428310228,320.2259006961471,14808500
2023-08-29,322.929931640625,323.4904274361002,316.5088968490621,316.5088968490621,19284600
2023-08-30,323.3036193847656,324.30658824416685,321.0026696426028,323.1856265787588,15222100
2023-08-31,322.29083251953125,325.38826394826276,321.3271745159577,323.7068063169535,26411000
2023-09-01,323.17578125,326.45020162379865,321.32714728180537,325.78155572289427,14942000
2023-09-05,327.98419189453125,329.26251739486815,323.17580468951513,323.51012766421536,18553900
2023-09-06,327.3253173828125,328.87893910427783,324.67035962133593,327.81697400469045,17535800
2023-09-07,324.4049377441406,327.5220245169093,323.5396171232003,325.7619150807658,18381000
2023-09-08,328.6921081542969,330.55058459446576,323.9623738385832,324.58186598530614,19530100
2023-09-11,332.3009033203125,332.7729045134479,329.83277730257475,331.6125719980327,16583300
2023-09-12,326.23388671875,331.1701393555617,325.9487474293145,330.2163241256409,17565500
2023-09-13,330.4522705078125,331.2290964296317,325.64388399787714,325.78153225775213,16544400
2023-09-14,333.0483093261719,335.1722401736746,330.95384667630464,333.4907824159233,20267000
2023-09-15,324.7097473144531,331.7699302193474,324.1492514827947,331.29795899971333,37679800
2023-09-18,323.5690612792969,324.88669745624287,320.91410345472514,322.3300769600515,16834200
2023-09-19,323.1659240722656,323.89359635152607,319.095022437881,320.7273261877417,16505900
2023-09-20,315.4173889160156,324.0902192171902,315.1617478697836,324.0115673587357,21436500
2023-09-21,314.1980895996094,319.9209800628248,309.74368166363735,313.93260581832857,35560400
2023-09-22,311.72015380859375,316.0860671908524,310.87448877989465,315.9582316625795,21447900
2023-09-25,312.2413330078125,312.36916854605823,309.7437086689083,311.3071733116646,17836000
2023-09-26,306.93145751953125,310.60904001416407,304.8468079151213,309.87155496791354,26297600
2023-09-27,307.5705871582031,309.055369891766,304.52230981108517,307.08874321728234,19410100
2023-09-28,308.406494140625,310.2157875767209,304.2864077261309,305.8006890750814,19683600
2023-09-29,310.481201171875,314.1391281627372,309.7240606687745,312.4478279409763,24147300
2023-10-02,316.43023681640625,316.51876142882526,309.9207069776333,311.0023577080208,20570000
2023-10-03,308.1606140136719,316.02712155021527,306.0169679036218,315.47643841498,21033500
2023-10-04,313.6376953125,314.69969079792565,308.7604682921341,308.7899664995987,20720100
2023-10-05,314.03094482421875,314.6406243233155,309.64537557701226,313.76546101615116,16965600
2023-10-06,321.79913330078125,323.6969208452724,311.0219974867104,311.2678258217484,25673600
2023-10-09,324.31640625,324.78837743803706,317.78719140430474,319.33100051797163,19891200
2023-10-10,322.9102783203125,325.5750490379659,322.2022915235242,325.4373707679848,20557100
2023-10-11,326.873046875,327.2663662252011,323.64778019000204,325.6832160795872,20063200
2023-10-12,325.6340637207031,328.062848978579,323.23477666400214,325.0539124253683,19313100
2023-10-13,322.2613220214844,328.25950995278436,320.91415741201166,326.8337234807313,21072400
2023-10-16,327.0893859863281,330.5309829095428,325.083418234461,325.52589126243953,22158000
2023-10-17,326.5190124511719,327.8956450714172,321.9466116014847,324.0902273964624,18338500
2023-10-18,324.6015319824219,329.9900995519493,322.82173734889005,326.94182238673613,23153600
2023-10-19,325.7914123535156,331.2586326156587,325.38825024680347,326.60754929555145,25052100
2023-10-20,321.2190246582031,326.38142037907215,320.01938102368644,326.1847456816056,25027700
2023-10-23,323.82476806640625,327.1778702783257,318.9770403265237,320.0390055685396,24374700
2023-10-24,325.01458740234375,326.3027255972939,322.13348624926266,325.77172794180206,31153600
2023-10-25,334.98541259765625,340.4231348794275,331.98628851300685,339.2628021799774,55053800
2023-10-26,322.4186706542969,335.9293882372037,321.4845108470067,334.8575801473551,37828500
2023-10-27,324.3066101074219,331.1013097225857,322.92013452668544,324.9162596517857,29856500
2023-10-30,331.6814270019531,333.78573199598327,326.2928589871081,327.84651090030354,22828100
2023-10-31,332.4680480957031,333.3432113436472,329.1051333877035,333.1957203491456,20265300
2023-11-01,340.2953186035156,341.6227978631735,333.98243257296474,334.12011087039247,28158800
2023-11-02,342.50775146484375,343.00922092358684,339.016970678104,341.4457561237559,24348100
2023-11-03,346.9129943847656,348.47648927328174,341.53426828379986,343.7959073621998,23637700
2023-11-06,350.5807189941406,351.57387511294206,347.4537896404017,347.5521269803011,23828300
2023-11-07,354.5139465332031,356.4117340199255,351.66234393523393,353.40279769132025,25833900
2023-11-08,357.13946533203125,357.7982685541479,354.53366062237825,355.6448096480016,26767800
2023-11-09,354.67132568359375,358.7029167734547,354.3468154449931,356.2544459117808,24847300
2023-11-10,363.50146484375,363.92428238869843,355.0449639030692,355.45793871169803,28042100
2023-11-13,360.56134033203125,362.3214796716584,359.79435710159004,362.0756513284613,19986500
2023-11-14,364.0914611816406,365.7434505878538,361.22020270558585,364.8191335420203,27683900
2023-11-15,364.2392578125,367.64841915601704,361.71683864791095,365.8255911591098,26860100
2023-11-16,370.6437683105469,370.8211167467286,364.74174586188934,365.51028582126,27182300
2023-11-17,364.4166259765625,368.87021288647435,361.6084886476014,368.12136824695096,40157000
2023-11-20,371.8951721191406,373.30415730578983,365.54977735201794,365.7665466168298,52465100
2023-11-21,367.5893249511719,370.69304303967186,365.66795990773056,370.15113498600977,28423100
2023-11-22,372.2990417480469,374.2105437680483,369.4613467876635,372.44683209614044,23345300
2023-11-24,371.88519287109375,372.4172681851317,369.6288567640138,371.786655950828,10176600
2023-11-27,373.04791259765625,375.0481191981454,370.67334381773094,371.24480993983406,22179200
2023-11-28,377.0778503417969,377.3734310799554,372.60453806574077,372.79174922299154,20453100
2023-11-29,373.28436279296875,378.65427940747446,371.89507333786327,378.12223413728344,28963400
2023-11-30,373.343505859375,374.5061634778247,369.9540398668522,372.9296627723548,30554400
2023-12-01,369.0081481933594,372.6045206628206,365.85514681042775,371.22509383375666,33040500
2023-12-04,363.717041015625,364.0914332416113,357.568691355028,363.6776202294819,32063300
2023-12-05,367.0473327636719,367.59910345060933,360.24870603092694,361.0665294174841,23065000
2023-12-06,363.38201904296875,368.6829873224875,362.6233417878435,368.05240507377636,21182100
2023-12-07,365.5004577636719,365.99311236097066,360.93847138160504,362.82041555159645,23118900
2023-12-08,368.73223876953125,368.95884062033406,362.820384114192,363.7761351529084,20154400
2023-12-11,365.8453063964844,366.140917208106,360.72171642347627,363.0667572104508,27708800
2023-12-12,368.88006591796875,368.91948670565927,365.0176405940666,365.4019256182351,24838300
2023-12-13,368.8702392578125,372.092219925607,365.32311975023094,370.4959935952551,30955500
2023-12-14,360.5542297363281,368.26921849690297,358.78068500039916,367.8258172782938,43277500
2023-12-15,365.28363037109375,366.92907962527363,360.8989931256348,361.46062649374215,78502300
2023-12-18,367.1754150390625,367.52027922376516,363.2637368697555,364.02244408995057,21802900
2023-12-19,367.7765197753906,367.7765197753906,364.4067490977682,366.03250325578983,20603700
2023-12-20,365.17529296875,370.5058193793613,365.086618748556,369.49095210036234,26316700
2023-12-21,368.0523681640625,368.9095822665608,364.6037863278298,367.0867544249883,17708000
2023-12-22,369.0771179199219,369.66830947141494,367.23459447201543,368.190345627308,17107500
2023-12-26,369.15594482421875,371.4024485751995,368.01298255522846,369.4909463405908,12673100
2023-12-27,368.5746154785156,369.55006195328735,367.3331162784424,368.20019317568403,14905400
2023-12-28,369.7668762207031,370.92953398851967,368.66333460587697,369.85555045018873,14327000
2023-12-29,370.51568603515625,371.6192275460888,367.9932968475244,370.4762652471226,18730800
2024-01-02,365.421630859375,370.3777351043963,361.3818569854959,368.36769584733304,25258600
2024-01-03,365.15557861328125,367.7765045721429,363.09628608901477,363.58894066618615,23083500
2024-01-04,362.53466796875,367.61886702823733,361.7759907127874,365.22457289866344,20901500
2024-01-05,362.34747314453125,366.5941535649678,361.115836594074,363.5495516205476,21004600
2024-01-08,369.1854553222656,369.6879725666923,363.5889070595098,363.8746250380008,23134000
2024-01-09,370.26934814453125,370.4663919405634,365.73691986628984,366.54488061699703,20830000
2024-01-10,377.14678955078125,378.52624647847034,370.7915632878579,370.84081671988235,25514200
2024-01-11,378.9794921875,384.9406009736396,374.79192797943045,380.3293610152563,27850800
2024-01-12,382.7630310058594,382.9699374994843,378.99914299059964,379.82679903434695,21661200
2024-01-16,384.5365905761719,388.24136259684576,381.925527346388,387.8768030229654,27202300
2024-01-17,383.74835205078125,384.3789342645235,379.15680784896807,382.280251053988,22234100
2024-01-18,388.0837097167969,388.2019420036005,384.3888004079398,385.9653010602353,23392100
2024-01-19,392.8132019042969,392.8132019042969,387.7191405000406,389.9459487436234,29331100
2024-01-22,390.6849670410156,394.73457348742886,387.8078508984798,394.14338194370225,27016900
2024-01-23,393.039794921875,393.5127541159421,388.14280748032206,389.9360772632564,20525900
2024-01-24,396.6461181640625,399.6710249985012,394.567129928381,395.64111348079405,24867000
2024-01-25,398.92205810546875,401.030633841449,396.6164386070409,398.38015017218146,21021200
2024-01-26,397.9959411621094,400.2030542350716,396.51797735014173,398.42947961915996,17803300
2024-01-29,403.70086669921875,403.9570567007328,398.39003594013263,400.0946315969203,24510200
2024-01-30,402.5874938964844,406.98196463436994,400.47894778438507,406.2035919940408,33477600
2024-01-31,391.73919677734375,409.2186014629223,391.3746372046445,400.9814013717962,47871100
2024-02-01,397.84814453125,402.00615052622754,395.89722150523676,395.9267795782407,30657700
2024-02-02,405.1788635253906,406.58784851032016,397.63139120108593,397.8777185090492,28256700
2024-02-05,399.690673828125,405.11973718115985,398.05505693610314,403.87823795810993,25352300
2024-02-06,399.53302001953125,401.97659767351126,396.99093550042556,399.9173050428237,18382600
2024-02-07,407.96728515625,408.21361247009133,401.41498462192203,401.45440541152726,22340500
2024-02-08,408.0263366699219,409.455046891578,406.46956152352715,407.96722052950486,21225300
2024-02-09,414.37176513671875,414.6378178606117,408.9919854136341,409.1496384913206,22032800
2024-02-12,409.15948486328125,414.5589597294503,408.6569675775543,414.381611300105,21202900
2024-02-13,400.350830078125,404.04573947399683,397.4638814201037,398.9910986093642,27824900
2024-02-14,404.2203674316406,404.5658693954015,399.3636985334278,402.81865792132635,20401200
2024-02-15,401.3280944824219,403.86502912534854,399.08731730113595,402.8877787891035,21825500
2024-02-16,398.86029052734375,403.03586697919485,398.24827391084835,402.71009676405504,22296500
2024-02-20,397.60662841796875,399.284733568485,392.8881419655763,398.0508194321391,24307900
2024-02-21,397.00439453125,397.112994621539,392.10823251333755,395.0202814253688,18518900
2024-02-22,406.3526306152344,407.5174384253154,403.3122791893712,404.911427220984,27009900
2024-02-23,405.0594177246094,410.5083711673126,403.70705278478863,410.3208439519873,16295900
2024-02-26,402.2955322265625,406.8560743956345,402.1178256827456,406.165070377653,16193500
2024-02-27,402.2362365722656,403.06542317425317,398.6529454575257,402.7396530048111,14835800
2024-02-28,402.47314453125,404.03279861285756,400.10403561463596,402.9272164600946,13183100
2024-02-29,408.3170166015625,408.8698077347499,400.69636155135646,403.38135996606263,31947300
2024-03-01,410.15301513671875,410.5182488621106,405.5924737956083,405.9774393001269,17823400
2024-03-04,409.58050537109375,411.97922704270553,407.0139581345592,408.11954029802524,17596000
2024-03-05,397.46844482421875,408.919174877132,395.48433123186754,408.6328983414729,26919200
2024-03-06,396.9156494140625,399.9461499534846,393.263281415692,397.7843298406592,22344100
2024-03-07,403.8749084472656,404.5066568048068,397.0636784801651,400.8937526863445,18718500
2024-03-08,400.9925231933594,405.1384871716947,399.12683036565045,402.71012220945204,18002200
2024-03-11,399.3143310546875,400.45940694447387,396.09630359488256,398.5641317733387,16120800
2024-03-12,409.9358825683594,410.22215907857986,401.5551475222323,402.37445324131755,22457000
2024-03-13,409.7581481933594,412.7984988938054,406.1551255049725,412.7195416563928,17115900
2024-03-14,419.7479553222656,422.31450262164736,412.6109854719372,414.8320308055619,34157300
2024-03-15,411.0611877441406,417.16165133292435,407.4778966665496,413.8942494694405,45079900
2024-03-18,411.9496154785156,415.3157366151304,408.45516246098214,408.9191153478435,20106000
2024-03-19,415.98699951171875,416.2436632864421,410.20239450160744,412.4530526322829,19837900
2024-03-20,419.7578430175781,420.4784295685996,415.24664585974097,416.5693981535872,17860100
2024-03-21,423.8445739746094,425.27592645181124,421.66302217216105,424.29864595105556,21296200
2024-03-22,423.2226867675781,424.32826906328035,420.58706292422704,424.1703545566299,17648500
2024-03-25,417.4183349609375,421.90980053588714,416.18442081257615,419.76771231939466,18060500
2024-03-26,416.223876953125,420.5080228747841,415.9277496341745,420.1329081875438,16725600
2024-03-27,416.0066833496094,418.98783877442725,413.61784277890195,418.97795782273624,16705000
2024-03-28,415.3058776855469,416.4410726444904,413.7264615959985,415.5427795552794,21871200
2024-04-01,419.1063537597656,422.3836369877504,416.78658912173853,418.494337158426,16316000
2024-04-02,416.0166015625,416.94450735898084,412.4629229935154,414.7037001138204,17912000
2024-04-03,415.0393371582031,417.8131735008708,413.6968230222425,414.3286014685427,16502300
2024-04-04,412.5024108886719,423.1535654935394,412.1964026116657,419.52089960464946,19370900
2024-04-05,420.04412841796875,421.0214089561493,412.93680065087176,414.6050550709994,16554800
2024-04-08,419.1260681152344,421.7814536782747,417.85266032435015,419.698621129678,14272400
2024-04-09,420.7943115234375,422.23551472539157,416.1942762454294,420.9522561397257,12496900
2024-04-10,417.8132019042969,418.5732821571219,414.29901690120346,416.75696418781513,16216600
2024-04-11,422.4230651855469,423.8445365841043,416.92473693729744,420.3402327247268,17966400
2024-04-12,416.470703125,419.70849269035864,414.3681085669582,418.59302946474156,19253800
2024-04-15,408.3170166015625,421.3274002627743,408.1096973329742,421.110230165818,20273500
2024-04-16,409.244873046875,413.0157217686464,408.4058355582689,409.23502221897127,16765600
2024-04-17,406.5401611328125,413.4895740933759,405.0495831926222,411.8805452142036,15855500
2024-04-18,399.0675048828125,406.58946965845195,398.7516458051748,405.34567475168,21029900
2024-04-19,393.98382568359375,400.2619961941858,392.6511924508159,398.8306438099327,30565800
2024-04-22,395.80010986328125,397.66580225513326,390.6571648456916,394.93142960410273,20286900
2024-04-23,402.3251037597656,402.94700128728675,397.8731320388209,399.0379397213986,15734500
2024-04-24,403.7958984375,407.16201954597966,401.54524043863097,404.28946405238224,15065300
2024-04-25,393.9048156738281,394.743883161692,383.0364922615723,388.95927905846787,40586500
2024-04-26,401.0911865234375,407.68521620447916,400.53839541992835,406.8659105019104,29694700
2024-04-29,397.07354736328125,401.0911788014965,394.05292813266897,400.0349411285761,19582100
2024-04-30,384.3197937011719,396.9847044226994,384.16187921211525,396.32331323474864,28781400
2024-05-01,389.8576354980469,396.55038446355206,385.287212788776,387.5576027140766,23562500
2024-05-02,392.7202453613281,394.7833458091865,389.5712946448992,392.54256898779425,17709400
2024-05-03,401.4267883300781,401.9104729912864,396.68854036623503,397.1031487364524,17446700
2024-05-06,408.21826171875,408.603227237703,401.1405174679132,403.49977559314374,16996600
2024-05-07,404.07232666015625,409.3337534102894,403.82554383275414,409.3238724572391,20018200
2024-05-08,405.2568664550781,406.92512065552296,401.4761369476161,402.917370243468,11792300
2024-05-09,407.0140075683594,407.4088540854312,403.8354433999152,405.2865276969193,14689700
2024-05-10,409.4028015136719,410.0345799682454,406.5006332532913,407.6259773286798,13402300
2024-05-13,408.39593505859375,412.96635748889184,405.53326050690544,412.63073648454196,15440200
2024-05-14,411.1994323730469,412.1174572977483,406.25389467407797,406.7178476131515,15109300
2024-05-15,418.3887939453125,419.1107104287916,412.64321876209584,413.26623802905556,22239500
2024-05-16,416.32196044921875,420.7028625691673,415.6890726034355,417.1229765763839,17530100
2024-05-17,415.5505676269531,418.2305400024772,413.39474741262023,417.8547487362892,15352200
2024-05-20,420.62371826171875,422.0378548149535,415.33303438679826,415.55059617800293,16272100
2024-05-21,424.28271484375,428.1691308622737,420.1391721073256,422.09719809997813,21453300
2024-05-22,425.74627685546875,427.6153345538536,422.39388170740824,425.3210520448661,18073700
2024-05-23,422.26531982421875,428.792143449846,420.7028525285379,428.1691242148773,17211700
2024-05-24,425.3902893066406,426.28030386108634,419.704046646492,422.45322015153533,11855300
2024-05-28,425.54852294921875,426.0429788375184,421.8697699331016,424.86617140902985,15718000
2024-05-29,424.41131591796875,426.1616790443509,420.9698917832297,420.9698917832297,15517100
2024-05-30,410.0720520019531,419.5952468817441,409.64679700979286,419.5952468817441,28394500
2024-05-31,410.5269775390625,412.1290098934204,400.0247386123212,412.1290098934204,47995300
2024-06-03,408.9347839355469,411.81252080542527,404.38581394057536,410.92250624898264,17484700
2024-06-04,411.4565124511719,411.82240496411936,405.1373519842431,407.85685925302585,14348900
2024-06-05,419.3084716796875,419.37767256450087,411.68394052355205,413.17720689100315,16988000
2024-06-06,419.8128356933594,420.5940844826949,415.91652070143505,419.3085111861324,14861300
2024-06-07,419.1502990722656,421.5533476557977,418.30971795306937,421.4742479856217,13621700
2024-06-10,423.12567138671875,423.33333440686357,419.1898218829819,419.9908379970184,13982900
2024-06-11,427.8823547363281,428.0208168757502,420.53474723054455,420.76220781136936,14551100
2024-06-12,436.16943359375,438.4834835709838,428.4460348943523,430.4930895516259,22366200
2024-06-13,436.6836242675781,438.4735822465715,434.4981378154063,435.9617380262819,15960600
2024-06-14,437.6626892089844,438.2263761607837,431.877549319742,433.42024926631433,13582000
2024-06-17,443.39837646484375,445.9398870196781,435.8332072728674,437.68246749988464,20790000
2024-06-18,441.390869140625,445.14875191744164,439.95696520327493,444.7234969265718,17112500
2024-06-20,440.7580261230469,441.5788096843686,436.37712366644695,441.3513490930651,19877400
2024-06-21,444.7927551269531,445.58387250760194,441.5590243550793,442.4193728058131,34187100
2024-06-24,442.7061767578125,447.72983562691786,441.4601381818841,444.8125336268041,15913700
2024-06-25,445.94976806640625,446.4145577985047,441.79632662300793,443.27969425576566,16413400
2024-06-26,447.1463928222656,448.5704283232279,443.2204115082174,444.0214277051093,16507000
2024-06-27,447.8287048339844,451.11189918090986,446.76066321308457,447.1661206636861,14806300
2024-06-28,441.99407958984375,450.3305976610305,441.46005884196455,448.0462141351777,28362300
2024-07-01,451.66571044921875,452.29859832649356,440.718449260987,443.6851847474979,17662800
2024-07-02,454.1873779296875,454.4939381515054,448.085779279666,448.1748078930114,13979800
2024-07-03,455.6608581542969,455.9080860928665,452.80291887761234,453.10947910710325,9932800
2024-07-05,462.3755798339844,463.15682857412344,453.88083144181417,454.5137192746822,16000300
2024-07-08,461.0702209472656,462.5140538822785,459.30995917726233,461.37678118625774,12962300
2024-07-09,454.4444885253906,462.1480888962693,452.92155606573874,461.82176131593883,17207200
2024-07-10,461.080078125,461.287741130926,453.77200620768855,456.105853502744,18196100
2024-07-11,449.6582336425781,459.6264518865709,446.5431371483352,457.84642261488483,23111200
2024-07-12,448.5209045410156,451.2997440970952,445.653066550447,449.2922544857781,16324300
2024-07-15,448.9263916015625,452.18981864416236,446.4244459584992,448.2737061930426,14429400
2024-07-16,444.5356140136719,449.26261113120097,441.70734079913353,449.18351146737297,17175700
2024-07-17,438.6021423339844,439.9174119033302,434.3102688250729,437.6824616204732,21778000
2024-07-18,435.4870910644531,439.71963242472316,429.5832863227986,439.41307217646386,20794800
2024-07-19,432.2632141113281,436.2485575608238,427.20988939637874,428.2976983913284,20940400
2024-07-22,438.028564453125,439.6701615477493,434.04325138518465,436.89132199854777,15808800
2024-07-23,439.91741943359375,443.41817564914504,438.1868237868677,438.97794115369385,13107100
2024-07-24,424.1442565917969,436.58478368998954,422.8487845737653,435.5662057633114,26805800
2024-07-25,413.7607116699219,425.03430071497604,412.8805958173141,424.0453888657749,29943800
2024-07-26,420.55450439453125,424.1640565570156,412.64321010602674,413.5629210032518,23583800
2024-07-29,421.9983215332031,427.3582063126635,419.9908318898155,426.7945193727036,15125800
2024-07-30,418.2305908203125,424.2925947905347,412.732213459478,422.97735537825565,32687600
2024-07-31,413.7112731933594,417.1032335524809,407.63934002598563,415.83742760783406,42891400
2024-08-01,412.4849853515625,422.72022849108816,408.5095707902921,416.1242037023935,30296400
2024-08-02,403.9605712890625,410.3983967606497,399.8565933572946,407.91621848675555,29437900
2024-08-05,390.7684631347656,396.5931676964823,381.3045706583986,384.85479031825656,40709200
2024-08-06,395.17901611328125,401.1718491768835,394.0813385396222,395.5647061878266,24946500
2024-08-07,394.01214599609375,405.53296315438047,393.0627990585979,404.10895783773424,20650900
2024-08-08,398.2248840332031,401.3597174512935,395.50537665916386,397.97765609010867,20203000
2024-08-09,401.5179748535156,403.52546468375385,397.7996868528818,399.55004994709526,19276700
2024-08-12,402.2991638183594,404.2275536933188,399.75765352179553,402.54639174185724,16762900
2024-08-13,409.41937255859375,410.34895203900766,405.0286018746959,405.0483692456352,19414300
2024-08-14,412.23773193359375,413.08821172004394,407.87665773392825,410.2005761710246,18267000
2024-08-15,417.1119689941406,417.191211225686,413.77333444813155,415.89340426982346,20752100
2024-08-16,414.5757751464844,417.4190624715108,413.41664970781534,416.6859584876603,22775600
2024-08-19,417.6073303222656,417.8252842584304,412.5845034071879,415.0612389392474,15234000
2024-08-20,420.8468933105469,421.8970267669262,417.7163261753405,417.7757654099591,16387600
2024-08-21,420.19305419921875,422.4320025414326,417.79556092274566,420.1335847320776,16067300
2024-08-22,411.6829528808594,422.8183759816575,410.7516979364214,420.4109661556474,19361900
2024-08-23,412.91143798828125,415.3584538355035,408.255163223579,413.0996723021897,18493800
2024-08-26,409.64215087890625,413.3968905070922,407.5121643134923,412.4953551222988,13152800
2024-08-27,409.9888916015625,410.5040417108967,406.43230298651787,409.01800038370646,13492900
2024-08-28,406.7790222167969,411.13807041057737,403.5196300124752,411.019191950483,14882700
2024-08-29,409.2756042480469,418.12249665584295,406.77906561893394,411.078675041423,17045200
2024-08-30,413.2581787109375,413.60489748199507,408.29479126700903,411.7325012306554,24308300
2024-09-03,405.6298522949219,415.97270258559973,403.24227554701594,414.02103372225025,20313600
2024-09-04,405.0948791503906,407.41310010382534,400.60703533664076,402.13271297104455,15135800
2024-09-05,404.5896301269531,409.2557914736051,402.3506514977997,403.82677622219455,14195500
2024-09-06,397.96185302734375,406.8285475492744,397.0702041035056,405.2533474753259,19609500
2024-09-09,401.9444885253906,404.84721553886465,398.4077026542291,403.45033296201285,15295100
2024-09-10,410.3455505371094,412.45570379102855,403.90603822449737,404.4013853254675,19594300
2024-09-11,419.103271484375,420.044412808737,405.7685061452882,411.6334289532487,19266900
2024-09-12,423.02642822265625,423.39298024346107,415.84389519077274,419.37076416429335,17395700
2024-09-13,426.5830078125,427.8114589338371,421.5007417784194,421.8672937914901,15874600
2024-09-16,427.3260192871094,429.49564193620427,424.2350583167788,426.5929152766965,13834700
2024-09-17,431.1005554199219,437.7382183505998,428.2473514166882,436.1332986571775,18874200
2024-09-18,426.8009948730469,431.9724201576507,426.4047232128483,430.9520062716843,18898000
2024-09-19,434.607666015625,437.3915144590669,432.83431483021604,437.12403789377305,21706600
2024-09-20,431.21942138671875,435.1524782767089,430.17920464774005,433.1512870260625,55167100
2024-09-23,429.4758605957031,432.3983904018878,426.38489946949306,430.23868426031646,15128900
2024-09-24,425.17626953125,429.3173642884583,422.1348308922367,428.97061525019865,17015800
2024-09-25,428.0888366699219,429.08944744090394,424.58180113051003,425.8300552065777,13396400
2024-09-26,427.2962951660156,431.2491551844422,425.1365891561316,431.0411178765214,14492000
2024-09-27,424.03692626953125,427.8313020370733,423.49205654568107,427.5043560158928,14896100
2024-09-30,426.29571533203125,426.4146240359172,421.4116000312542,424.2251680181162,16807300
2024-10-01,416.775146484375,424.49266278755016,414.91263654622963,424.4629431708175,19092900
2024-10-02,413.248291015625,418.88534363054407,412.8321861342137,418.6475564553425,16582300
2024-10-03,412.66375732421875,415.64572621192764,410.43469544557,413.7436103396226,13686400
2024-10-04,412.188232421875,415.8438964916741,411.1083793562167,414.34793855319174,19169700
2024-10-07,405.7289123535156,413.22844449254166,405.1939290185023,412.12878843935687,20919800
2024-10-08,410.8507995605469,411.79197118142247,404.37168100298584,407.0762569270798,19229300
2024-10-09,413.5751953125,416.46803570058375,410.4445979894132,411.99007853410836,14974300
2024-10-10,411.97027587890625,413.46623380792397,409.3053060403614,411.3659669240718,13848400
2024-10-11,412.44580078125,413.2482606337857,409.4043624478393,412.2674830881502,14144900
2024-10-14,415.23956298828125,420.0939583051494,413.63461305961806,413.8822865985765,16653100
2024-10-15,414.84326171875,418.54847842558434,411.39566540112634,418.2512520382671,18900200
2024-10-16,412.2476501464844,412.48540707078536,406.660150790306,411.3065088320687,15508900
2024-10-17,412.8420715332031,418.56828256822496,411.72258229511425,418.429570873714,14820000
2024-10-18,414.2687072753906,415.7448320191293,412.38639426497724,413.2582100340754,17145300
2024-10-21,414.8829040527344,415.0612217475957,409.89971357797583,412.24765392774344,14206100
2024-10-22,423.53167724609375,426.57308539168537,414.14980218140033,414.59559642085827,25482200
2024-10-23,420.64874267578125,427.068421426513,418.59799852659256,426.85046750389023,19654400
2024-10-24,420.77752685546875,422.0158945124843,418.4691926119839,421.3719191439679,13581600
2024-10-25,424.16571044921875,428.4950392124222,422.6004269353124,422.78866124967664,16899100
2024-10-28,422.6202392578125,427.9204593260478,422.33292947161533,427.64306615669506,14882400
2024-10-29,427.93035888671875,429.1390069836367,421.8375655534697,424.01710482121905,17644100
2024-10-30,428.5050048828125,434.419451070239,428.07901358936414,433.36931752966865,29749100
2024-10-31,402.5686340332031,412.2873426777555,402.51908117814946,411.49476909921253,53971000
2024-11-01,406.5511779785156,411.63344411141696,403.7078904341815,405.20384836550784,24230400
2024-11-04,404.658935546875,406.6007179042562,401.79584509345045,405.9864621175824,19672300
2024-11-05,407.63104248046875,411.0390330760231,404.28249112047496,404.5698009147436,17626000
2024-11-06,416.2698974609375,416.53740425456203,406.69978749855915,408.5821307366994,26681800
2024-11-07,421.4710388183594,422.8778379270892,415.9726979378319,417.3596638124742,19901800
2024-11-08,418.60791015625,422.5310504831396,417.8549729355068,421.36203865462784,16891400
2024-11-11,414.1200866699219,420.8567950462537,412.1287816798458,418.58809689323664,24503300
2024-11-12,419.0933837890625,420.4902662976637,413.317649663667,414.3578665238478,19401200
2024-11-13,421.2431945800781,425.3347363138495,414.31822142109314,417.7163255743709,21502200
2024-11-14,422.91748046875,424.1855678921326,416.0915826132808,421.04505383486753,30246900
2024-11-15,411.1380920410156,418.86549468955633,409.79076244428035,415.91324532993855,28247600
2024-11-18,411.89105224609375,414.50646935219214,408.2651076525754,411.0093198489206,24727000
2024-11-19,413.90216064453125,414.0507587358417,407.7202079437107,409.2656885605185,18133500
2024-11-20,411.6235046386719,413.4067722571845,406.75919271133495,412.9906674094557,19191700
2024-11-21,409.8466491699219,416.70605256605285,407.28555520801666,416.4281041493026,20780200
2024-11-22,413.9464111328125,414.3434759719605,408.0499058744426,408.3576333968402,24814600
2024-11-25,415.7232971191406,417.99650611752486,411.812146489521,415.3162958278843,27691100
2024-11-26,424.8559265136719,425.89825580258685,415.78287220202776,416.5174436728799,23458900
2024-11-27,419.89251708984375,424.10148899734514,418.929618998767,421.9969878965425,18332400
2024-11-29,420.3591003417969,421.76871536801127,414.7405434642979,417.0137828520631,16271900
2024-12-02,427.8240051269531,429.82920204586304,418.22480384423756,418.482909595006,20207200
2024-12-03,428.04241943359375,429.30310856781665,424.6077345204632,426.69236269283573,18302000
2024-12-04,434.21685791015625,436.45038152660425,429.46192581768037,429.8589906240061,26009400
2024-12-05,439.3787841796875,441.4038541812057,432.9760343176013,434.71321944433936,21697800
2024-12-06,440.32183837890625,442.8333105145372,438.5350012201072,439.0611189309198,18821000
2024-12-09,442.7538757324219,445.0469576507044,437.2743084708553,439.35893665859504,19144400
2024-12-10,440.0835876464844,446.32753597079886,438.3662754088612,441.1358533918597,18469500
2024-12-11,445.7021789550781,447.05223585940473,440.79835058458633,440.79835058458633,19200200
2024-12-12,446.26800537109375,452.8196816217572,445.8212884676435,445.8212884676435,20834800
2024-12-13,443.9947204589844,448.124261247401,442.3170935669994,445.15616611270633,20177800
2024-12-16,448.2831115722656,448.86878750909034,442.01932060586137,443.99473862109255,23598800
2024-12-17,451.132080078125,451.9560191338881,446.2779042343056,447.70736185197006,22733500
2024-12-18,434.18707275390625,449.33530544806223,433.8197567617204,448.015058169262,24444500
2024-12-19,433.8297424316406,439.9347015317489,433.12495005824394,438.38612742715867,22963700
2024-12-20,433.40289306640625,440.4905928728717,425.4912541783927,429.93842886665163,64263700
2024-12-23,432.0627746582031,434.44519400818086,429.6604823749245,433.54185407205193,19152500
2024-12-24,436.1128845214844,436.3809267682004,431.0105391906017,431.4671622449362,7164500
2024-12-26,434.90179443359375,437.7110878799943,433.43265156283826,435.8646925313124,8194200
2024-12-27,427.3773193359375,432.0329778888151,423.2279358558446,431.4175228637617,18117700
2024-12-30,421.7190246582031,424.4191077458383,418.810487849265,422.9400284711836,13158700
2024-12-31,418.4134521484375,423.6051649635355,417.5796069111211,422.97977346202197,13246500
