Price,Close,High,Low,Open,Volume
Ticker,NVDA,NVDA,NVDA,NVDA,NVDA
Date,,,,,
2010-01-04,0.42383041977882385,0.42681030099877143,0.41512000826102485,0.4242888567375872,800204000
2010-01-05,0.4300192892551422,0.4346037121596761,0.42222575392224504,0.42222575392224504,728648000
2010-01-06,0.4327699840068817,0.43368685775612287,0.42566411681164656,0.4297901033338696,649168000
2010-01-07,0.42428869009017944,0.4323114566814021,0.4210796053139409,0.4304776822412744,547792000
2010-01-08,0.42520561814308167,0.4281854983830361,0.4183289840471783,0.4208504001538206,478168000
2010-01-11,0.41924580931663513,0.42933155455608224,0.4132860495239931,0.4274977802102453,556612000
2010-01-12,0.4050341844558716,0.4146614954555674,0.3963237745313138,0.4130569527307244,627432000
2010-01-13,0.4105355143547058,0.4119108523229243,0.3919685884103521,0.407784865743588,508868000
2010-01-14,0.4041171967983246,0.4084723868703551,0.39724056363702726,0.40549253436070853,608524000
2010-01-15,0.39219775795936584,0.40457571658553576,0.38692566598851474,0.4011373992991525,818192000
2010-01-19,0.39953288435935974,0.4020543008154239,0.38807179861924374,0.38921790446072346,545328000
2010-01-20,0.39792826771736145,0.3995328375677676,0.3892178588771779,0.3944899505956034,719728000
2010-01-21,0.3908223807811737,0.40480487962439826,0.3871548320377768,0.3976990141810588,608632000
2010-01-22,0.3772983253002167,0.3933438035139907,0.3750061141268204,0.38623793794633715,1067916000
2010-01-25,0.3837166428565979,0.3910517154557101,0.38073676192796196,0.3834874107369639,643676000
2010-01-26,0.37156787514686584,0.38440427133504723,0.3713386430514161,0.3818828275863736,714636000
2010-01-27,0.38165363669395447,0.3830289747644966,0.3672126962545473,0.37133868314085233,812504000
2010-01-28,0.36881718039512634,0.38600879423828666,0.3635450883979243,0.3846334563867324,687764000
2010-01-29,0.35277166962623596,0.377069120767337,0.34727034601346796,0.37294313488908964,774700000
2010-02-01,0.37981969118118286,0.3805073599077122,0.3511670279613938,0.3541469075594815,949832000
2010-02-02,0.3837166428565979,0.38853029876634215,0.37729844408537927,0.37844455003290683,849812000
2010-02-03,0.38692569732666016,0.3885302673838509,0.37844451946506485,0.38027829429805493,562296000
2010-02-04,0.3644619584083557,0.38348731800164443,0.3603359725299426,0.38348731800164443,783480000
2010-02-05,0.37179696559906006,0.37271386637361736,0.3575852358585558,0.3640034593045273,604856000
2010-02-08,0.3711093068122864,0.3800489461463372,0.36377423704545975,0.37065087007535547,445160000
2010-02-09,0.3681294620037079,0.3789028766341837,0.3644619404345638,0.37706910218695505,930144000
2010-02-10,0.37523534893989563,0.37867366597571606,0.3679002780618751,0.37042172148493596,535828000
2010-02-11,0.3924270272254944,0.39655301382516667,0.3784445246725271,0.38119517329720215,695980000
2010-02-12,0.3976990580558777,0.40572179790749224,0.3853211001753404,0.3896763182042631,780212000
2010-02-16,0.4050341844558716,0.4066387545060335,0.39815754935627107,0.402971204856119,457024000
2010-02-17,0.4089308977127075,0.410306208107081,0.3972406090713043,0.41007700337067593,876560000
2010-02-18,0.382112056016922,0.3885302540494547,0.3715678715830956,0.3864672471861488,1515508000
2010-02-19,0.38004904985427856,0.38463347312520835,0.378215275080843,0.3805074867163079,510548000
2010-02-22,0.38073670864105225,0.387384138601548,0.3782152649792577,0.3816535823406226,458084000
2010-02-23,0.37156787514686584,0.38348737027856666,0.36767109347613053,0.3818828275863736,489764000
2010-02-24,0.3793613016605377,0.38302885044135976,0.3736307737688236,0.3747768793471664,445868000
2010-02-25,0.37592294812202454,0.3768398488901201,0.3612527817602827,0.3706508575127315,576972000
2010-02-26,0.37133854627609253,0.37683986920530954,0.36904633522024655,0.3740891940780454,393396000
2010-03-01,0.38623809814453125,0.38807187330889725,0.3685880702538218,0.37156795148025107,555868000
2010-03-02,0.3860087990760803,0.39448997639944644,0.3832581506638153,0.38967634850931193,538648000
2010-03-03,0.38119518756866455,0.3903640348777309,0.37798610194061943,0.38830105516331914,399300000
2010-03-04,0.3818827271461487,0.3857794804666679,0.377069073010306,0.38279960063616103,557396000
2010-03-05,0.3935730755329132,0.3963237237552833,0.379132138208826,0.379132138208826,632832000
2010-03-08,0.38784247636795044,0.3949483413628729,0.3862379068156509,0.39380223586855057,439312000
2010-03-09,0.40228357911109924,0.40618033395456027,0.3915101611037421,0.39173939322849,830832000
2010-03-10,0.40320029854774475,0.40755551597280465,0.40090808747939055,0.4011373195163505,418520000
2010-03-11,0.3940316140651703,0.40136671431874127,0.39242707113169756,0.3999913761898661,540660000
2010-03-12,0.3954067826271057,0.399532767919014,0.3933437763184962,0.39838666241155674,520352000
2010-03-15,0.39334386587142944,0.39884518995490187,0.3896763438077647,0.394948435807432,358904000
2010-03-16,0.40709710121154785,0.40938931240370463,0.39288536995992557,0.3931146020092664,664988000
2010-03-17,0.4148906171321869,0.4203919405052021,0.4093893210844851,0.4093893210844851,651168000
2010-03-18,0.4002206027507782,0.41557841745801133,0.3965530526750261,0.41557841745801133,740964000
2010-03-19,0.3954067826271057,0.4073262744395991,0.3903638965340452,0.40618016893214187,584612000
2010-03-22,0.4018250107765198,0.4034295531490496,0.39036392746840376,0.39036392746840376,435336000
2010-03-23,0.4100770354270935,0.41214001484257745,0.4020542678688471,0.4048049435232477,493612000
2010-03-24,0.3963238000869751,0.4077848866506594,0.39563613106760914,0.406638780726823,436252000
2010-03-25,0.39746981859207153,0.4045756846871349,0.3965529449847861,0.402054241279128,495184000
2010-03-26,0.39746981859207153,0.4050341214907776,0.3942607336412579,0.4009081356073639,344676000
2010-03-29,0.40251272916793823,0.40342960282934565,0.3944899616667003,0.3999912856110935,394456000
2010-03-30,0.4041171967983246,0.40916005565154706,0.39724056363702726,0.4070970766332823,324104000
2010-03-31,0.3988451063632965,0.40434642929377895,0.39678210001737385,0.4025126549836181,389840000
2010-04-01,0.39471912384033203,0.405263305705734,0.3905931384440743,0.40067888355996123,339664000
2010-04-05,0.40067896246910095,0.4013666313914577,0.39678218101751844,0.39724064518263413,413636000
2010-04-06,0.3908223807811737,0.3965529086144113,0.38394572005597644,0.395636007765906,809260000
2010-04-07,0.39334386587142944,0.399991295723294,0.3850918934088792,0.3883010059555674,817468000
2010-04-08,0.38692569732666016,0.3938023597817028,0.3848627177178707,0.3908224790937588,1037600000
2010-04-09,0.38944706320762634,0.3908224008884876,0.3839457398094949,0.3860087463307868,817572000
2010-04-12,0.39655303955078125,0.3981575824088234,0.38921793964203816,0.389905608674148,546460000
2010-04-13,0.40480488538742065,0.40618019569179004,0.3965529142599541,0.39815745661104135,648696000
2010-04-14,0.4098478853702545,0.41557841525491174,0.40342968643437405,0.4135154354265639,900720000
2010-04-15,0.4128277003765106,0.41534914405278495,0.40709717140799395,0.4112231577303895,957596000
2010-04-16,0.3910515308380127,0.3976989585905761,0.38234112428397243,0.39609441648661536,1917736000
2010-04-19,0.38921788334846497,0.39036398912777676,0.3761522829293742,0.38807177756915323,1094492000
2010-04-20,0.3905932605266571,0.39609458521624774,0.385550400055189,0.39196859853038474,678188000
2010-04-21,0.3805074393749237,0.393114629126757,0.3759230166743715,0.3926561923217647,895908000
2010-04-22,0.382112056016922,0.38325816183254147,0.36904642785860553,0.37431852007551875,656932000
2010-04-23,0.3768399953842163,0.3818828559305372,0.3701925647012893,0.38096595480600226,752916000
2010-04-26,0.3805074393749237,0.3850918620754759,0.37661068554451727,0.37729835441466303,491092000
2010-04-27,0.3697340488433838,0.381653542314316,0.36858794317646115,0.377756788511842,606704000
2010-04-28,0.37042176723480225,0.3756938594725994,0.362857436031368,0.36950486618348377,672164000
2010-04-29,0.38165363669395447,0.38211210093434933,0.3660665903042026,0.3715679152610498,987128000
2010-04-30,0.3601067066192627,0.3777567541443598,0.35987750190191947,0.3770690853417059,1068048000
2010-05-03,0.35621002316474915,0.3640035589173627,0.3507086989878483,0.3619405521040308,1078972000
2010-05-04,0.3381015360355377,0.35139636866781493,0.33305864869806473,0.3507086997285852,1311376000
2010-05-05,0.3323710560798645,0.3408522347130845,0.3282450691615808,0.33122495012063685,1330840000
2010-05-06,0.3254944384098053,0.336955526926371,0.2989047655159975,0.33007889021162673,1002888000
2010-05-07,0.3199930489063263,0.3284742263092536,0.3085319636512915,0.3284742263092536,1153712000
2010-05-10,0.3337463140487671,0.3433736244438329,0.3300787919545052,0.33924763817813575,979156000
2010-05-11,0.3300788402557373,0.33672624381047317,0.3275573962451431,0.3305372771689396,829124000
2010-05-12,0.3364969789981842,0.3383307263239221,0.330307986135212,0.3323709928646415,901236000
2010-05-13,0.3358093798160553,0.35047955274529646,0.33260026667903914,0.3351217107634574,1252000000
2010-05-14,0.29707083106040955,0.31403320892852127,0.2888188604948081,0.31311633545470363,2493068000
2010-05-17,0.2977586090564728,0.3014261589477475,0.28836052953840685,0.29752937694127285,856060000
2010-05-18,0.2879020869731903,0.3021137947031672,0.286297516848978,0.30028001979358176,674112000
2010-05-19,0.2924865484237671,0.2929449853791418,0.28446380606607585,0.2865267860279241,826520000
2010-05-20,0.2856099009513855,0.292486536989139,0.2752949195694326,0.28400533068231826,1129136000
2010-05-21,0.29179883003234863,0.29982157103470003,0.27735789076305234,0.27735789076305234,1069600000
2010-05-24,0.2833176553249359,0.29432030553151295,0.28240078147038217,0.2908819875889534,664564000
2010-05-25,0.29088202118873596,0.2922573321294287,0.2716273947657852,0.2743780712978211,966652000
2010-05-26,0.29225724935531616,0.3083027577215355,0.2913403756545344,0.3025722287783562,995028000
2010-05-27,0.30944883823394775,0.30944883823394775,0.2989046549096349,0.29959232379171014,713560000
2010-05-28,0.30119675397872925,0.3089902861937272,0.29661233290824984,0.3089902861937272,545116000
2010-06-01,0.288360595703125,0.3005093267645289,0.2881313635353275,0.2970710081995275,527492000
2010-06-02,0.2915695309638977,0.2920279950618458,0.2869851085869192,0.2888188830027732,649088000
2010-06-03,0.29111114144325256,0.2917988103764816,0.28469294360864406,0.2856098446280551,586360000
2010-06-04,0.2773578464984894,0.2876727975695971,0.2757532766938431,0.28262993806656295,671456000
2010-06-07,0.26360464096069336,0.2803378223053367,0.26245853489533344,0.2785040471356961,577248000
2010-06-08,0.2562694251537323,0.26245838900132173,0.2496219972745883,0.26245838900132173,967636000
2010-06-09,0.250080406665802,0.26452136627504497,0.24916353335345603,0.2576447071312268,697152000
2010-06-10,0.2601662278175354,0.2613123334646266,0.25443569958207923,0.2551233684353968,611768000
2010-06-11,0.2661260664463043,0.26727217243074997,0.25672798644372125,0.25741565549945306,442104000
2010-06-14,0.26039549708366394,0.27048121728903823,0.25970782813208887,0.27002278042976086,375080000
2010-06-15,0.2732318937778473,0.27460720435911484,0.26291691412909146,0.263375378314832,528632000
2010-06-16,0.2697935402393341,0.27391952608173137,0.26612599119602226,0.2713980826987902,366480000
2010-06-17,0.2801085412502289,0.28079621023443047,0.2695643563599894,0.2791916674881729,859068000
2010-06-18,0.2819422483444214,0.2853805651138274,0.2796500371648174,0.28171301629633594,932832000
2010-06-21,0.2752949893474579,0.28858982785530723,0.27277357188971396,0.28790218593749584,579836000
2010-06-22,0.26497989892959595,0.2821714847041393,0.2636045611375062,0.2787331675492306,818164000
2010-06-23,0.2679598331451416,0.2707104819571216,0.2599370641784414,0.2675013962306985,614060000
2010-06-24,0.2546648383140564,0.26773046116489085,0.2537479649641379,0.26635512381470605,725028000
2010-06-25,0.25397732853889465,0.2567279773389489,0.2498513416761527,0.2564987452200606,507220000
2010-06-28,0.2544356882572174,0.2581032370947934,0.24985126587290385,0.2558110259026366,372008000
2010-06-29,0.2402239739894867,0.2491636146661205,0.23861943150659798,0.24893438260057293,660808000
2010-06-30,0.23403503000736237,0.2432038762551468,0.23403503000736237,0.2406824326068792,623072000
2010-07-01,0.2379317581653595,0.2395363006181044,0.22761679360250947,0.23472267325986962,737008000
2010-07-02,0.23495186865329742,0.23930708636650003,0.2269291293832704,0.2388486495875611,737096000
2010-07-06,0.23243044316768646,0.24159928767143413,0.23036743675915602,0.2340349854907799,712020000
2010-07-07,0.24366237223148346,0.2450377104325283,0.23288898074104503,0.2333474176996187,608412000
2010-07-08,0.23632726073265076,0.2454961077239201,0.23334737999542432,0.24526690294433004,783272000
2010-07-09,0.2372441589832306,0.2388487292325363,0.23426427793850577,0.2374733911117949,571516000
2010-07-12,0.24159935116767883,0.2445792318796204,0.23701492771094385,0.23724413248858905,565396000
2010-07-13,0.2503097951412201,0.25191433810358105,0.24412082810050062,0.24549613892881442,723316000
2010-07-14,0.25283122062683105,0.26314617404072455,0.24916367070509612,0.2613123990798571,1355664000
2010-07-15,0.24572539329528809,0.2532896991740379,0.24274551190968055,0.2530604670192506,953088000
2010-07-16,0.2303675413131714,0.24641305380241652,0.2294506673767914,0.24572538468746932,1288604000
2010-07-19,0.23976567387580872,0.2406825480100859,0.23197213443313142,0.23357670515611198,798440000
2010-07-20,0.24572539329528809,0.2471007042480355,0.23151365550628678,0.23357666292339604,1160988000
2010-07-21,0.23770254850387573,0.24824673245893458,0.23541033697671657,0.24801752770140875,624940000
2010-07-22,0.24159935116767883,0.24412079499901077,0.2388487025587017,0.24022401320053063,462612000
2010-07-23,0.23747330904006958,0.24159929465101432,0.2351810978479128,0.2413700626016735,817604000
2010-07-26,0.2418285757303238,0.2427454768918778,0.23311816498482862,0.2367857149804018,683548000
2010-07-27,0.23976567387580872,0.24297476067110918,0.23678579195141242,0.24251632360397057,683472000
2010-07-28,0.23220130801200867,0.23999484548726996,0.23151363892223215,0.2358688582739344,1320808000
2010-07-29,0.2092791050672531,0.22005250723119396,0.20790378091046396,0.21546808426679143,2664476000
2010-07-30,0.21065445244312286,0.21432198824849247,0.20446547296281906,0.2076745719160145,984288000
2010-08-02,0.21042519807815552,0.21523885282969063,0.20950831080821278,0.2143219655597479,917020000
2010-08-03,0.20492394268512726,0.20904992966714483,0.20331939978248761,0.20882071120429074,955444000
2010-08-04,0.21363431215286255,0.2143219810707522,0.20584079028829896,0.2067576776245991,855496000
2010-08-05,0.21638499200344086,0.21684342887806143,0.21042523065741664,0.21432199874232935,800504000
2010-08-06,0.2189064472913742,0.2211986592531696,0.21363435431418043,0.21546812934868115,739904000
2010-08-09,0.22096939384937286,0.22142784434194068,0.2156973019921205,0.22119861226432772,466456000
2010-08-10,0.21180056035518646,0.217760307806369,0.21088367297900631,0.2173018709496084,772560000
2010-08-11,0.20354855060577393,0.20744530416737786,0.20286088178306433,0.20744530416737786,796148000
2010-08-12,0.2053823471069336,0.20996676998415673,0.1982764807171114,0.19988102325907636,1343584000
2010-08-13,0.21523883938789368,0.21821871941344798,0.21157129053716336,0.21202974097483288,1797392000
2010-08-16,0.20973755419254303,0.21661418859426998,0.20698689223425742,0.21225898407397797,814008000
2010-08-17,0.21248817443847656,0.21638494161598704,0.20973752650595076,0.21180051928667323,481224000
2010-08-18,0.21363431215286255,0.21546808682546278,0.21042521330714128,0.2118005511429206,352920000
2010-08-19,0.2264707386493683,0.22715840766173317,0.21478044741512628,0.21592655332729432,1615100000
2010-08-20,0.22853365540504456,0.23403497833425618,0.2246369020751725,0.22486612044822576,1305308000
2010-08-23,0.22509543597698212,0.23495195323644275,0.224407766898355,0.2292214231234218,748620000
2010-08-24,0.22280317544937134,0.22509538699579004,0.21730186500543475,0.21776030184965509,641332000
2010-08-25,0.22738754749298096,0.22922132178349117,0.21913557684834045,0.22028169602690092,757532000
2010-08-26,0.22463694214820862,0.23288891435144166,0.22463694214820862,0.2303674708100882,657596000
2010-08-27,0.23197199404239655,0.23380576852647075,0.2202817192787299,0.2260122474631407,1060416000
2010-08-30,0.22096939384937286,0.23105514073396782,0.22096939384937286,0.22922136608901272,602804000
2010-08-31,0.2138635218143463,0.22463692297683138,0.21317585296854585,0.2177602755067973,931488000
2010-09-01,0.21546807885169983,0.21982328329095993,0.21432197313940285,0.21707263504651028,851440000
2010-09-02,0.21936482191085815,0.22005247706365128,0.21409273075949609,0.21615572354318804,596292000
2010-09-03,0.22692912817001343,0.2276167833347453,0.22188625531536374,0.2246369169622608,566484000
2010-09-07,0.2289920598268509,0.23426413599894197,0.22578296226060035,0.22624139891464207,899820000
2010-09-08,0.23655635118484497,0.2381609204930863,0.22692907196192835,0.22945051459604507,1224156000
2010-09-09,0.23334737122058868,0.23976556933819007,0.2303674905954182,0.23953633724190063,697748000
2010-09-10,0.23082593083381653,0.23563958632364904,0.22876295123835622,0.234951917350056,609292000
2010-09-13,0.24389144778251648,0.24687132708799453,0.2349518098660823,0.2349518098660823,1015792000
2010-09-14,0.24159935116767883,0.24480843665726562,0.23953634421695655,0.24182855594532404,698536000
2010-09-15,0.24205778539180756,0.24228701749225628,0.23609802403333022,0.2393071368130176,555572000
2010-09-16,0.24228695034980774,0.24434992938087868,0.2388486337478153,0.2388486337478153,365280000
2010-09-17,0.2418285757303238,0.24480845668606183,0.2411409340158101,0.2445792518896644,416884000
2010-09-20,0.2454959899187088,0.24641289057303783,0.23953623130414226,0.24182844195200534,443168000
2010-09-21,0.25879091024398804,0.26291689635956755,0.24412076775005676,0.24412076775005676,1779624000
2010-09-22,0.26108318567276,0.2633753974668749,0.2562695299749907,0.25787407276580715,999996000
2010-09-23,0.2663552761077881,0.27460725027648697,0.26177085208636036,0.2640630640970742,1240872000
2010-09-24,0.28102537989616394,0.28194228086896583,0.2702519915742816,0.27231497094378315,1086976000
2010-09-27,0.27506566047668457,0.28331760569819964,0.2713981110502442,0.28308840093737037,999504000
2010-09-28,0.2743779718875885,0.2782747257957013,0.26956431702589223,0.2752948455158567,723192000
2010-09-29,0.27231502532958984,0.28033779431129346,0.269335144392155,0.2718565884142894,974904000
2010-09-30,0.26773059368133545,0.2789624480663659,0.2654383818466746,0.27575333510264843,787632000
2010-10-01,0.2601662278175354,0.2720857484075354,0.2581032485828968,0.2716272842884477,999120000
2010-10-04,0.2576447129249573,0.2619999295698023,0.2523726229471483,0.2576447129249573,749500000
2010-10-05,0.2594786286354065,0.2636046155378439,0.2587909595974467,0.26314617862097783,753588000
2010-10-06,0.2471005618572235,0.26062462271399683,0.24457914623414723,0.25947851725115045,1057604000
2010-10-07,0.2452668994665146,0.24847598493782716,0.2379318001172532,0.2482467528361681,761488000
2010-10-08,0.24893440306186676,0.25099740984542057,0.2409116626626751,0.2443499799766144,706932000
2010-10-11,0.24778836965560913,0.25214358925370395,0.24664226354958285,0.2500805818676617,442680000
2010-10-12,0.2526019513607025,0.25374805712702697,0.24366230998818147,0.24572531676275566,605208000
2010-10-13,0.25993698835372925,0.26360453725007726,0.2539772555538053,0.2567279035634097,968732000
2010-10-14,0.2558111250400543,0.2606247540138767,0.2546649916744889,0.26016631706284454,599172000
2010-10-15,0.25879091024398804,0.26291689635956755,0.25581105718997926,0.25993701598024255,639940000
2010-10-18,0.26039549708366394,0.2615416028945164,0.25443573593710406,0.2590201591805138,448156000
2010-10-19,0.25879091024398804,0.2606246848870585,0.2526019447332769,0.2546649241284086,866136000
2010-10-20,0.25879091024398804,0.2658967767388925,0.25443571937634735,0.25902014232136544,763532000
2010-10-21,0.2542065382003784,0.25947863110787744,0.25030978338190407,0.2590201941866431,1014428000
2010-10-22,0.270481139421463,0.2725441456822788,0.25306032518157706,0.25581100019599806,1322676000
2010-10-25,0.273002564907074,0.27506557103562806,0.2700226853827014,0.27254412820916474,673136000
2010-10-26,0.27208566665649414,0.2762116512113893,0.26750124544556747,0.2697934560510308,675248000
2010-10-27,0.27598246932029724,0.27689934279880185,0.26887660422329857,0.26956427299483243,496796000
2010-10-28,0.27621182799339294,0.28056702000107525,0.27369038378347793,0.27965014610219163,704448000
2010-10-29,0.2755240797996521,0.2785039601034426,0.2727734315674284,0.27575328454590337,554664000
2010-11-01,0.27598246932029724,0.2817129968742282,0.27369025829872484,0.277357806863365,473920000
2010-11-02,0.28171300888061523,0.28629743111914446,0.2755240443236632,0.277128586642086,581036000
2010-11-03,0.28377604484558105,0.28560981939708907,0.27621174189893233,0.2835468127796495,671748000
2010-11-04,0.28423449397087097,0.28950658578795624,0.283776057144454,0.28652670542827186,700016000
2010-11-05,0.2890481650829315,0.29156958143151257,0.28492217876442366,0.2862974893203813,735116000
2010-11-08,0.29019418358802795,0.29271559917819223,0.2865266352246681,0.2888188461204407,605156000
2010-11-09,0.288589745759964,0.2924865279207987,0.28698520286596707,0.29019431597928264,633964000
2010-11-10,0.2920280396938324,0.2920280396938324,0.2865267156054779,0.29065270184041453,521016000
2010-11-11,0.2890481650829315,0.2938617930167594,0.2812546292979017,0.2851513835277578,1089980000
2010-11-12,0.30394744873046875,0.31357475634560655,0.2986753582091574,0.30005069567569403,2142560000
2010-11-15,0.30028003454208374,0.30967811433697845,0.2995923928268702,0.30532292262245936,733548000
2010-11-16,0.29134035110473633,0.29936309094915103,0.29088191429297566,0.29523710499267475,739356000
2010-11-17,0.29615405201911926,0.2995923696302532,0.28836051570535737,0.29111116432920064,551764000
2010-11-18,0.3053227961063385,0.3083026758303411,0.30005070541392004,0.30005070541392004,993120000
2010-11-19,0.31517937779426575,0.3163254835295959,0.3041767572700332,0.304635194099102,716484000
2010-11-22,0.3154086768627167,0.317242424568471,0.3103657886959264,0.3131164649052018,462668000
2010-11-23,0.3080734312534332,0.31495006387854835,0.30578122037839484,0.31174097958361824,457832000
2010-11-24,0.31563785672187805,0.3167839626100713,0.311053433169105,0.31128266527687154,397784000
2010-11-26,0.31174108386039734,0.31724238087053885,0.31174108386039734,0.31540863341737047,143104000
2010-11-29,0.31517937779426575,0.3163254835295959,0.30899041228854623,0.3103657227757527,468192000
2010-11-30,0.3119703233242035,0.31357489351215045,0.3062397935824536,0.3103657804615778,720936000
2010-12-01,0.3257235586643219,0.32778653803989677,0.31770081858659477,0.31815925541168744,626536000
2010-12-02,0.32962027192115784,0.33168327836704004,0.325494286354706,0.3257235184015749,529316000
2010-12-03,0.33901840448379517,0.33901840448379517,0.32732811467400913,0.3280157836025819,606044000
2010-12-06,0.3326001763343811,0.34085214807341707,0.3312248659280848,0.3401644792076116,438424000
2010-12-07,0.34337353706359863,0.3513962754676831,0.33970598857732165,0.3403936573341624,1026812000
2010-12-08,0.34635356068611145,0.35002108337075566,0.34039379875124737,0.34291524279876406,613252000
2010-12-09,0.3406229317188263,0.34291517048566444,0.33328786057101784,0.33810151552834117,942408000
2010-12-10,0.34268587827682495,0.3458949628016994,0.3397059984606924,0.34062287194628194,451900000
2010-12-13,0.33397552371025085,0.34474891183459194,0.3330586227542613,0.34406127027424394,609108000
2010-12-14,0.3344339430332184,0.3465826682934543,0.33397550624185957,0.3403937032968251,755160000
2010-12-15,0.32709890604019165,0.3392476325500182,0.3266404418763623,0.33512164635277114,624176000
2010-12-16,0.32755735516548157,0.33237101046371764,0.32664045412874637,0.330537235715565,631872000
2010-12-17,0.32939109206199646,0.33122486659942285,0.32388976844971734,0.32778652226342675,593156000
2010-12-20,0.3280157744884491,0.3321417606199255,0.32778654241018856,0.3305372180480503,344088000
2010-12-21,0.3408522307872772,0.3408522307872772,0.3309957141863791,0.33122494630571303,466952000
2010-12-22,0.3445197641849518,0.3449782010762631,0.3369554598396951,0.3401645454041944,477988000
2010-12-23,0.34199830889701843,0.3445197527031787,0.3406229709436003,0.3445197527031787,273784000
2010-12-27,0.3438320755958557,0.3463535193423913,0.3348924337606718,0.34108142707938305,255500000
2010-12-28,0.3424566686153412,0.34612421744792105,0.3403936894753355,0.3438320062588868,194260000
2010-12-29,0.3424566686153412,0.34497811185340393,0.3392475838808184,0.34222746389162545,177660000
2010-12-30,0.34360265731811523,0.34566566308161045,0.3408520102920918,0.34199811549671016,174488000
2010-12-31,0.3530009090900421,0.35345937326352483,0.34337362597729915,0.3438320628254646,391252000
2011-01-03,0.362628310918808,0.3660666291345601,0.3552932101982774,0.3557516744873037,817448000
2011-01-04,0.3614822328090668,0.3649205512907873,0.3534594896850521,0.36331600813104964,651384000
2011-01-05,0.38921788334846497,0.38967634752044344,0.3644619930502673,0.3681295151488746,1428216000
2011-01-06,0.44308486580848694,0.4433140978718066,0.3981574854470526,0.3993035911130218,3493312000
2011-01-07,0.45546281337738037,0.4568381510764161,0.4281854827321402,0.43804199670772587,2579984000
2011-01-10,0.4728836417198181,0.47380051532493167,0.4437725358657154,0.44721085287286316,1750348000
2011-01-11,0.465548574924469,0.4838863215146231,0.45546285528785885,0.47930189852974275,2711088000
2011-01-12,0.5352316498756409,0.5356900591672423,0.46417307252036105,0.46577761434218007,3431896000
2011-01-13,0.536148726940155,0.546463705031189,0.5129973547438772,0.5295012978292805,2695192000
2011-01-14,0.5407330989837646,0.549672738540709,0.5237707480172211,0.5269798325810607,1595352000
2011-01-18,0.5281259417533875,0.5370655818344638,0.5150603433698436,0.5333980329819228,1813348000
2011-01-19,0.5136851072311401,0.5409624423147299,0.5125390287292149,0.5283553055403681,1197896000
2011-01-20,0.5141435265541077,0.5171234069099572,0.4994733295251158,0.5086422299935517,1111408000
2011-01-21,0.5093296766281128,0.5269797482044608,0.5084128032781943,0.5196446521038847,739244000
2011-01-24,0.5668643116950989,0.5741994084890962,0.5267505933258455,0.5327102979890219,2056900000
2011-01-25,0.5494436025619507,0.570302709486906,0.5457760534656456,0.5643429490367389,1086856000
2011-01-26,0.5625092387199402,0.5730534225696315,0.5512773859539096,0.5551741400460767,1074660000
2011-01-27,0.5609049201011658,0.5719075178546613,0.550131527194427,0.5705322341234655,657396000
2011-01-28,0.5446300506591797,0.5716781838910827,0.5317936530788394,0.5622801314887991,1094796000
2011-01-31,0.5482975840568542,0.5558618885692626,0.5366073201061509,0.5455469626482046,750160000
2011-02-01,0.5609049201011658,0.5650308805960629,0.5494438580035016,0.5531114088048852,654104000
2011-02-02,0.586348295211792,0.5998723597848513,0.557695623441837,0.557695623441837,1606616000
2011-02-03,0.5753455758094788,0.5872650962847762,0.5627383864874812,0.5872650962847762,1030776000
2011-02-04,0.5884112119674683,0.5929956348028887,0.581076168221174,0.5833683796388843,872900000
2011-02-07,0.5638844966888428,0.5829098549446187,0.5618214902320116,0.5803884390422419,934236000
2011-02-08,0.547151505947113,0.5682398766851787,0.5446300346736654,0.5645723268197793,1076584000
2011-02-09,0.5338565111160278,0.5547156718535333,0.5239999972253733,0.5492143211047942,1277520000
2011-02-10,0.5230832695960999,0.5320229124064207,0.5180403815529501,0.5219371363201212,1042352000
2011-02-11,0.5379824638366699,0.5549448707148239,0.512768140223943,0.5212493163377067,1359276000
2011-02-14,0.5297307968139648,0.5615925644301326,0.5276677893325191,0.5444009447193898,1287828000
2011-02-15,0.5168941617012024,0.5324811765111848,0.5146018957755405,0.5306474293514083,886980000
2011-02-16,0.5359196662902832,0.5434839710172191,0.5219371354598588,0.5237709377682737,1318364000
2011-02-17,0.5886403322219849,0.5962046335774436,0.5182693544963604,0.5207908247152586,3470096000
2011-02-18,0.5874943137168884,0.5948294118065028,0.5783254684301847,0.5854313071321915,1394412000
2011-02-22,0.5320227742195129,0.569844288092819,0.5301889723843848,0.5682397456437245,1396648000
2011-02-23,0.5068085789680481,0.537065801037705,0.4992442734506339,0.5320229671265276,1491604000
2011-02-24,0.5191863179206848,0.5281259026899079,0.5056622564369124,0.5093297503675569,1246120000
2011-02-25,0.5299597978591919,0.5386701794580413,0.5258337844829226,0.5331688829403137,775652000
2011-02-28,0.5194154977798462,0.5388993179447422,0.5074959791236163,0.5386700585970783,903696000
2011-03-01,0.4962644577026367,0.5269801481137184,0.4962644577026367,0.5203327156436997,988448000
2011-03-02,0.4756343364715576,0.5049746755792726,0.46417327931634816,0.49557657045655884,1718140000
2011-03-03,0.47838494181632996,0.4893875891173282,0.4639440048060775,0.48663691362942124,1593704000
2011-03-04,0.475863516330719,0.4836570238585168,0.470591424850002,0.47884339650028196,959760000
2011-03-07,0.4692160487174988,0.4809063637027138,0.45729655634043437,0.47930182138133604,1019140000
2011-03-08,0.4481278955936432,0.47678054638574496,0.43827135093077235,0.47425912951123395,1947184000
2011-03-09,0.4387296438217163,0.451107600523868,0.43483286297594054,0.44675238290956343,1318976000
2011-03-10,0.4107646942138672,0.4318530339840305,0.41030623006589223,0.4286439489001006,1722736000
2011-03-11,0.41374462842941284,0.4252057151972525,0.4048050129943769,0.4142030926673705,1486832000
2011-03-14,0.4171828329563141,0.4274977829774397,0.4103061722835851,0.41695360091460876,1003360000
2011-03-15,0.40480488538742065,0.4116815188852052,0.3899054854835748,0.3967821189813594,1256280000
2011-03-16,0.4018250107765198,0.4206211644485672,0.3965529195593678,0.401137341952489,1476520000
2011-03-17,0.4093894362449646,0.41328619098534597,0.3942608268701651,0.4125985219546149,1238516000
2011-03-18,0.4038880169391632,0.4171828755588766,0.40342958013424907,0.41580753781881946,886960000
2011-03-21,0.40709710121154785,0.41672438275354373,0.40297111560060306,0.41259839714259894,751832000
2011-03-22,0.3999912440776825,0.40984775787827626,0.3981574696199629,0.4059510042339429,718332000
2011-03-23,0.4082432985305786,0.4093894043841608,0.3905932465251573,0.3993036564774459,782396000
2011-03-24,0.44079267978668213,0.4458355668667589,0.4160367905152108,0.4169536641705069,1780592000
2011-03-25,0.42703938484191895,0.44583553955174937,0.4263517159799203,0.44468943389018967,1196392000
2011-03-28,0.44285568594932556,0.450190757158537,0.43322837595408725,0.43712512997223246,1204284000
2011-03-29,0.43941736221313477,0.44446022188652196,0.4334576015739309,0.44285567935298725,715764000
2011-03-30,0.42291343212127686,0.44468946872190246,0.41741210811969304,0.44285569405470787,1176320000
2011-03-31,0.4231427013874054,0.428185589322343,0.41534919202029924,0.42360116561808747,655112000
2011-04-01,0.4171828329563141,0.4291023252934413,0.41145227784148797,0.4286438885353425,850072000
2011-04-04,0.40228357911109924,0.418329090059761,0.39930369811598604,0.41718298408666526,924328000
2011-04-05,0.40297117829322815,0.41145235555861287,0.40205427727853,0.40824327032046204,821076000
2011-04-06,0.4002206027507782,0.4064095695939531,0.39678225747643436,0.4059511326658146,856984000
2011-04-07,0.4148906171321869,0.41741206042714973,0.39953280728414875,0.401137349687619,1021208000
2011-04-08,0.40228357911109924,0.4180998579350131,0.4011374731380035,0.4180998579350131,746552000
2011-04-11,0.39701133966445923,0.40595097935088825,0.39265614950397887,0.4038879729654146,546208000
2011-04-12,0.3981574475765228,0.4009080954481597,0.385779491166189,0.39311458859096987,840756000
2011-04-13,0.40709710121154785,0.40961851712773256,0.39724058762021114,0.40228344677789346,749588000
2011-04-14,0.42428869009017944,0.4245179221421878,0.4011373458498582,0.4034295570686895,1254704000
2011-04-15,0.4288730323314667,0.4341451222780887,0.4190164937712246,0.42107949974614955,969720000
2011-04-18,0.4146614670753479,0.42153810170429845,0.40801403720550544,0.4187874533177816,743584000
2011-04-19,0.4130568504333496,0.4164951671316187,0.4018249994904832,0.41489059747884344,659860000
2011-04-20,0.42566412687301636,0.4343745369979698,0.4187874916152088,0.4281855707310069,650516000
2011-04-21,0.4245178997516632,0.43299910267426184,0.423601026242615,0.4302484274964938,421300000
2011-04-25,0.4311653673648834,0.4382712060165883,0.42612248063264324,0.4263517126933139,619612000
2011-04-26,0.4423972964286804,0.4467525153339394,0.43047780028724647,0.4348329918671848,676000000
2011-04-27,0.4423972964286804,0.4446895356014045,0.4332284490390665,0.4446895356014045,450004000
2011-04-28,0.4472109079360962,0.4561505496505703,0.43735439250361763,0.44239725260327795,684000000
2011-04-29,0.458442747592926,0.4685284674913319,0.44950310614517264,0.45019077507581784,836000000
2011-05-02,0.45225390791893005,0.4682993932546659,0.4499616957281107,0.4680701884307788,613824000
2011-05-03,0.4307069480419159,0.4483569987899322,0.425205651266766,0.44698168825880324,808000000
2011-05-04,0.42749786376953125,0.4368959420505861,0.4194751233480073,0.4320822868675449,639356000
2011-05-05,0.4277270436286926,0.4327699029557065,0.41832896649515167,0.424059494667966,544000000
2011-05-06,0.44285568594932556,0.4469816720436683,0.43322837595408725,0.4366666931451535,841080000
2011-05-09,0.45271211862564087,0.4550043296708088,0.44308481037568676,0.44423091589827074,706328000
2011-05-10,0.45339980721473694,0.45683812393271983,0.44881535759878083,0.4563796871687179,690976000
2011-05-11,0.45546281337738037,0.46027644067337764,0.44927384838234735,0.4556920454356576,616000000
2011-05-12,0.46990373730659485,0.47036220141084695,0.4527121531565369,0.4538582587665408,1224000000
2011-05-13,0.4185582101345062,0.44125112020348856,0.41534912498955096,0.4401050144623879,2025192000
2011-05-16,0.4057219624519348,0.4183291575141849,0.40549275761555015,0.4174122561926674,728188000
2011-05-17,0.4041171967983246,0.40457563354401554,0.39242690949399467,0.40434642883382566,1420364000
2011-05-18,0.4135153591632843,0.41695367645996106,0.40434651303881297,0.4057218235622935,658844000
2011-05-19,0.40755560994148254,0.4169536884187417,0.40136664409502004,0.41672445632892846,650884000
2011-05-20,0.4146614670753479,0.4155783407624145,0.40480495197545535,0.4066387266749056,575820000
2011-05-23,0.4142029881477356,0.41718286831591417,0.40342957313006583,0.4087016646083334,588000000
2011-05-24,0.4158075451850891,0.4325406938007534,0.4151198763028781,0.41626598199812476,720372000
2011-05-25,0.42085039615631104,0.4236010716287966,0.409618544177834,0.41374453006124773,545312000
2011-05-26,0.43139466643333435,0.4350622162541625,0.4197043752890998,0.4208504811924436,706436000
2011-05-27,0.44698166847229004,0.4476693100447562,0.43276993566918165,0.4332283724925977,658824000
2011-05-31,0.45935961604118347,0.459588875449205,0.44468947320632046,0.45569209399512617,1200716000
2011-06-01,0.4387296438217163,0.45798423402773697,0.43781274295934625,0.45729656521228756,762208000
2011-06-02,0.4366667568683624,0.44262651846605083,0.4313946642743026,0.4394174328828771,607592000
2011-06-03,0.4231427013874054,0.43552066178408777,0.42107972165061863,0.4316239071005347,549300000
2011-06-06,0.4142029881477356,0.4263517135562702,0.4137445240254664,0.42245495979418174,435988000
2011-06-07,0.4139738082885742,0.41970433728641476,0.41214003354420176,0.41741212568727853,433956000
2011-06-08,0.4027419686317444,0.41443225911147896,0.39953288321492086,0.4119108426626372,569288000
2011-06-09,0.3981574475765228,0.4034295386035921,0.3837165120937893,0.4025126650881505,741632000
2011-06-10,0.3924270272254944,0.4013666694123375,0.389217914392274,0.3988452255666158,493548000
2011-06-13,0.3896763026714325,0.3974698101436476,0.386925627257414,0.392426950760137,574760000
2011-06-14,0.39288538694381714,0.40159579531561435,0.39128084450500783,0.3931146190030673,534576000
2011-06-15,0.38440433144569397,0.38990562934356127,0.37638156207954343,0.38761341733189614,935916000
2011-06-16,0.3711093068122864,0.39059312772230154,0.3656080113184941,0.3846333681662677,1024908000
2011-06-17,0.36239904165267944,0.37569390351547766,0.35093798210749616,0.37546467139444545,1467884000
2011-06-20,0.35804376006126404,0.3667541685937374,0.3552930846007776,0.3591898657280286,745960000
2011-06-21,0.3658372461795807,0.3685879214785205,0.35598073255921414,0.35941904935757596,704276000
2011-06-22,0.3607944846153259,0.36812955697117755,0.360106815604551,0.36331592854639383,651720000
2011-06-23,0.37156787514686584,0.3740892915702212,0.3530009225003063,0.3562100352100108,744024000
2011-06-24,0.3607944846153259,0.37294321272128156,0.35850227279628977,0.3697341271047591,529052000
2011-06-27,0.3532301187515259,0.363086633325257,0.3406229286127978,0.3607944219046365,1142152000
2011-06-28,0.3552931249141693,0.35941911124774023,0.3507087017269389,0.35323014541004266,692200000
2011-06-29,0.3607944846153259,0.36446203445591185,0.34520743878081606,0.35758537167348314,960544000
2011-06-30,0.36537879705429077,0.36927555049565314,0.35620995256858534,0.36171124832988377,652300000
2011-07-01,0.37019258737564087,0.37156792548402273,0.35804385850267423,0.36537893132162624,540804000
2011-07-05,0.3640035092830658,0.3731723543356836,0.3607943971194614,0.3697340374409519,535296000
2011-07-06,0.35918983817100525,0.36446192929871046,0.3548346205762434,0.36377426048634676,529580000
2011-07-07,0.36056530475616455,0.36285751690738643,0.3541471052676783,0.36102376904666833,986136000
2011-07-08,0.3536885380744934,0.3580437559534198,0.350708657910031,0.3555223125853406,619516000
2011-07-11,0.34131067991256714,0.348416547962309,0.3403938060530685,0.347041237173061,714388000
2011-07-12,0.33672624826431274,0.3429152423130286,0.3309957184601844,0.3397061292275238,867604000
2011-07-13,0.33603858947753906,0.34360289451489034,0.3328295036194251,0.3413106825232883,634368000
2011-07-14,0.3227437436580658,0.339476896101721,0.32113920078271724,0.3374139163084616,1088996000
2011-07-15,0.3232022225856781,0.32664054090490263,0.3165548180986407,0.3245775608434979,827736000
2011-07-18,0.3163255751132965,0.32251454241086774,0.31219958780647433,0.32068079456367926,818200000
2011-07-19,0.32595282793045044,0.32664046958389076,0.31724239063325743,0.31724239063325743,602224000
2011-07-20,0.3218267858028412,0.3289326244886391,0.3209098848810737,0.3270988772957327,662956000
2011-07-21,0.3369555175304413,0.3392477297047716,0.3174716867233096,0.32228534321953295,1143420000
2011-07-22,0.3438320755958557,0.34497818142149583,0.3355801027211195,0.33993532125374293,737192000
2011-07-25,0.3383307456970215,0.3399353156868955,0.33351711770335285,0.33855997778852287,566920000
2011-07-26,0.3300788402557373,0.3369554759297349,0.3252651843538106,0.32870350219080935,698276000
2011-07-27,0.3177008330821991,0.3270989113893223,0.3167839320648628,0.3254943414403131,652212000
2011-07-28,0.3170132339000702,0.32366063794306965,0.31151190856159733,0.3165547969531949,648176000
2011-07-29,0.3170132339000702,0.31999311504274425,0.3121995776445718,0.31380412062129687,677656000
2011-08-01,0.33397552371025085,0.3348923973409251,0.3215975657442568,0.3243482139615948,1019620000
2011-08-02,0.3305372893810272,0.3525425352809575,0.3305372893810272,0.33168339536903774,1356432000
2011-08-03,0.33947691321372986,0.34062301922893934,0.328015853061635,0.3312249662994152,765236000
2011-08-04,0.30715668201446533,0.33328791294973026,0.30715668201446533,0.33328791294973026,979732000
2011-08-05,0.2968416213989258,0.3181592181874163,0.28881888225985014,0.3142624646420707,1270588000
2011-08-08,0.2734610438346863,0.2924864293263776,0.2716272694345571,0.2824006837883236,1084180000
2011-08-09,0.29638317227363586,0.2968416090259834,0.2750656036990162,0.278733125043108,1329832000
2011-08-10,0.28285908699035645,0.2959247109624686,0.28125454482764545,0.28767274080379873,1140052000
2011-08-11,0.30738580226898193,0.31151178784257777,0.2828591208746728,0.2828591208746728,1078792000
2011-08-12,0.29523706436157227,0.34062287631141214,0.2904234101872619,0.3401644395627424,3195784000
2011-08-15,0.30646881461143494,0.30715648317185407,0.29661230477956724,0.29821684653701025,864152000
2011-08-16,0.2977586090564728,0.3071566885745387,0.29225728421956076,0.30303070177818486,716868000
2011-08-17,0.29363250732421875,0.30371825191472385,0.289735754168362,0.2986753659568163,553328000
2011-08-18,0.27369022369384766,0.28308829862414375,0.27048111227421384,0.28033765121110577,802564000
2011-08-19,0.2688766419887543,0.28400524778616637,0.2670428674488688,0.26910587405323294,761332000
2011-08-22,0.27369022369384766,0.27964998252651946,0.2707103442775118,0.27644087110688564,611876000
2011-08-23,0.3032599091529846,0.3034891412701385,0.2798793262161288,0.28033779045043655,938312000
2011-08-24,0.2989047169685364,0.3034891407004403,0.2911111802291072,0.30257226688418787,687500000
2011-08-25,0.28606829047203064,0.2982170175900996,0.28560985361056573,0.2929449253699582,690968000
2011-08-26,0.29821696877479553,0.3011968488745162,0.27987925139004866,0.2849221380166437,732660000
2011-08-29,0.30623966455459595,0.3073857700200577,0.2995922637850418,0.3066981286010284,601528000
2011-08-30,0.313574880361557,0.31609629694699193,0.30211379403338706,0.30417680104909206,684760000
2011-08-31,0.30509358644485474,0.3190760853073298,0.30257217058994607,0.3158670006464234,705808000
2011-09-01,0.30440592765808105,0.31586701104287784,0.3041767229320792,0.30921958213318945,762312000
2011-09-02,0.29615405201911926,0.3016553492668058,0.2938618129530439,0.2975293626683812,471356000
2011-09-06,0.3021136224269867,0.3028012910416126,0.2837759384385873,0.2865265855717863,696248000
2011-09-07,0.32664039731025696,0.3355800374054734,0.31770078454035355,0.32664039731025696,1606620000
2011-09-08,0.32503581047058105,0.33122480173811486,0.3197637199548678,0.3234312683115316,880164000
2011-09-09,0.31815919280052185,0.33099558532891293,0.31540854506595534,0.3222851780650269,869828000
2011-09-12,0.3257235586643219,0.3284742069401937,0.31380403726001743,0.31380403726001743,916480000
2011-09-13,0.33305877447128296,0.33466334504385986,0.3234314876624602,0.32847434957895516,853836000
2011-09-14,0.350250244140625,0.3546054623058824,0.3415398351354262,0.3417690672113456,1547192000
2011-09-15,0.3552931249141693,0.35987757542671733,0.3520840396132351,0.35804380068676167,752908000
2011-09-16,0.3543761968612671,0.36904636520584216,0.35254242240253103,0.3559807392656686,1391588000
2011-09-19,0.34704121947288513,0.35093797416499095,0.3381015768347733,0.348416530191988,968204000
2011-09-20,0.3381015360355377,0.3527717065462744,0.33649699339421335,0.35139636866781493,792436000
2011-09-21,0.33168336749076843,0.345895075082528,0.3314541353823046,0.3399353408409875,715252000
2011-09-22,0.3096781373023987,0.3190762177942456,0.3037184022682109,0.31861778084166553,1314632000
2011-09-23,0.3160962164402008,0.32503585658077183,0.30601049801656044,0.307844272455035,1011440000
2011-09-26,0.3167840242385864,0.3209100117038333,0.30257231392524725,0.3199931377450341,972124000
2011-09-27,0.3172423839569092,0.32755736377058314,0.3147209675216134,0.32480671523875204,781388000
2011-09-28,0.30761510133743286,0.3259528220293083,0.3025722411266934,0.3179300538561211,1236532000
2011-09-29,0.3000507652759552,0.31838848400708347,0.29225723003329546,0.3131163922628492,866416000
2011-09-30,0.28675577044487,0.2968414840515341,0.28629730656023067,0.29523694243119664,677784000
2011-10-03,0.27071040868759155,0.2920280063553235,0.27071040868759155,0.28308836597930875,949896000
2011-10-04,0.29569560289382935,0.29569560289382935,0.2629169405386313,0.2640630464674709,1361548000
2011-10-05,0.30623966455459595,0.3089903395319519,0.28904808257266995,0.29500781459788517,856708000
2011-10-06,0.3183886408805847,0.3193055149725028,0.3073859878255931,0.3078444521968812,773192000
2011-10-07,0.32434824109077454,0.3291618963677269,0.31311641521164235,0.3197638179033218,806976000
2011-10-10,0.3387891948223114,0.3387891948223114,0.3291618846122307,0.32984955353085316,534376000
2011-10-11,0.335121750831604,0.3415399505476933,0.3339756447153497,0.3360386247944774,816080000
2011-10-12,0.33489251136779785,0.34176917524053724,0.33466330654474546,0.3415399430921602,612064000
2011-10-13,0.3543761968612671,0.3550638656989573,0.3323709580070612,0.3332878315737725,854832000
2011-10-14,0.36033594608306885,0.3642326996112787,0.35162553816245634,0.3605651508051326,702452000
2011-10-17,0.3424566686153412,0.3562099630748593,0.34062289419905123,0.3562099630748593,611780000
2011-10-18,0.3548347055912018,0.35575160666913813,0.33855999154235067,0.3406229711483993,590916000
2011-10-19,0.34772881865501404,0.36148211544175274,0.34681194495437956,0.35529312232385923,557568000
2011-10-20,0.3303080201148987,0.33970609909003446,0.3172423914603638,0.33833076112893,990308000
2011-10-21,0.3319125771522522,0.3399353458372433,0.3264112797214632,0.33443402108113396,628428000
2011-10-24,0.34429046511650085,0.3495625566545259,0.33260017637241546,0.3332878452382995,535256000
2011-10-25,0.33122485876083374,0.34222747839969525,0.3305371899099085,0.3394768029959944,577996000
2011-10-26,0.335121750831604,0.3394769431432404,0.32549443759480745,0.33764319521749364,503116000
2011-10-27,0.34956255555152893,0.3530008725447855,0.33970604137246374,0.3474995762857008,577732000
2011-10-28,0.35758522152900696,0.3607943331233937,0.345665730539892,0.3465826039523975,490156000
2011-10-31,0.3392476439476013,0.34818728556286477,0.3392476439476013,0.34612427873227275,519984000
2011-11-01,0.3222852945327759,0.32778659198997273,0.3190761815783107,0.32686971818888005,790824000
2011-11-02,0.3167840242385864,0.32709900656436625,0.31013661972397905,0.3254944361484799,961608000
2011-11-03,0.3358093798160553,0.3364970488686532,0.3117411269270609,0.320222305708243,749372000
2011-11-04,0.3397061228752136,0.34085222881460775,0.3275573944525714,0.3328294872388487,654840000
2011-11-07,0.3378722667694092,0.34291515355198554,0.33007875918321483,0.3371845979058474,613536000
2011-11-08,0.3456658124923706,0.3477287918222655,0.3367261716370903,0.34222749539233555,549728000
2011-11-09,0.3282449543476105,0.3419982210477053,0.3268696167474762,0.33764303085613334,532244000
2011-11-10,0.33168336749076843,0.33970610873252366,0.32343139414054944,0.3362677910574857,990484000
2011-11-11,0.34337353706359863,0.34612418476565127,0.3225143789575448,0.3410813260910031,1751560000
2011-11-14,0.33672624826431274,0.3468119971147716,0.3358093744257808,0.34337367923229456,500292000
2011-11-15,0.3410813808441162,0.34360279692354306,0.3326001770237938,0.3335170779552064,505660000
2011-11-16,0.33420470356941223,0.34360278054793403,0.33305859795375414,0.33466316767592613,512420000
2011-11-17,0.3222852945327759,0.334434022686516,0.31632553284971227,0.33351714888542333,657504000
2011-11-18,0.31930533051490784,0.3241189850300291,0.31586701366848213,0.3241189850300291,501352000
2011-11-21,0.3353508412837982,0.33855992612319397,0.30944882121085737,0.31426247579526473,1330788000
2011-11-22,0.3456658124923706,0.3474995870774524,0.3371846084520319,0.3390183830371137,1287480000
2011-11-23,0.3309957683086395,0.34451983707832023,0.33076653615182305,0.3419983926546419,825340000
2011-11-25,0.3218267858028412,0.3342047159815306,0.3209098848810737,0.32664041317219183,406620000
2011-11-28,0.3399352431297302,0.34497810213853186,0.3323709409538718,0.3323709409538718,690616000
2011-11-29,0.3417690694332123,0.3461242603014671,0.33626774550322514,0.33947683063506384,623440000
2011-11-30,0.35827308893203735,0.35918999017832093,0.3491042404211459,0.3520841216522504,730324000
2011-12-01,0.362628310918808,0.36354518484621223,0.3536886671626579,0.3552932101982774,529760000
2011-12-02,0.36033594608306885,0.36790024841742475,0.35689762932429914,0.36652491078379185,546464000
2011-12-05,0.3548347055912018,0.36675422832714183,0.3518548249072168,0.36629579145083313,644696000
2011-12-06,0.34979182481765747,0.3575853332344811,0.3461242753713185,0.35689769162294527,573832000
2011-12-07,0.34772881865501404,0.3502502623197349,0.3403937470739862,0.34749961389251416,510016000
2011-12-08,0.33672624826431274,0.35002108287495487,0.3355801423034871,0.3442905530708265,491488000
2011-12-09,0.34153980016708374,0.34429044816991367,0.3296202799459655,0.33420470239245303,555840000
2011-12-12,0.33305877447128296,0.3355802190921943,0.32686980633170604,0.3342048806943649,573208000
2011-12-13,0.32388991117477417,0.3415399681341833,0.32182693098942,0.33741398043814835,516596000
2011-12-14,0.3112826943397522,0.32297298642091443,0.3078443763541542,0.321139211363531,636020000
2011-12-15,0.3085319697856903,0.3186177173595623,0.30784432815648927,0.31655473782132293,435148000
2011-12-16,0.3096781373023987,0.3170132378449736,0.3083028264446585,0.31105347548546236,619116000
2011-12-19,0.30165547132492065,0.3147211053942007,0.30050936499079645,0.3110535541948711,463276000
2011-12-20,0.31861767172813416,0.3197637773797517,0.30853192559871123,0.30853192559871123,445208000
2011-12-21,0.31449177861213684,0.3202223085592698,0.3083028117342977,0.31678399059099005,548424000
2011-12-22,0.3280157744884491,0.3289326481508589,0.3154086113410757,0.3154086113410757,576560000
2011-12-23,0.32480669021606445,0.3300787821023547,0.3220560145708234,0.3296203179446036,248948000
2011-12-27,0.3222852945327759,0.32732815508942636,0.3213683934063628,0.3234314004468019,195712000
2011-12-28,0.3142624795436859,0.32297288791562984,0.31403324748443184,0.3222852190631817,233960000
2011-12-29,0.3202221095561981,0.3209097781875646,0.31288704124733446,0.3174714623560374,211112000
2011-12-30,0.3177008330821991,0.32251446095327524,0.3172423689108724,0.3190761436202278,186956000
2012-01-03,0.3218267858028412,0.330078757472177,0.32113911694284414,0.32778651883041543,468044000
2012-01-04,0.3254944384098053,0.32686977668288425,0.3190762386776456,0.32205612005243317,347372000
2012-01-05,0.3371846675872803,0.33878923770895747,0.3225144956590954,0.32388983367044155,563548000
2012-01-06,0.33328792452812195,0.33718467926142415,0.32939116979481975,0.3369554744684776,533252000
2012-01-09,0.33328792452812195,0.3397061232610838,0.33099571264672994,0.3335171566463896,508244000
2012-01-10,0.3319125771522522,0.33856000781688583,0.3296203653352034,0.3383307757050529,546328000
2012-01-11,0.32526516914367676,0.331912572387565,0.3238898311430627,0.32893269160311445,484272000
2012-01-12,0.3232022225856781,0.3261821039274043,0.31609635379581746,0.3259528991013177,652364000
2012-01-13,0.314721018075943,0.3215976541727892,0.3131164751184101,0.32090998509804,504300000
2012-01-17,0.3099072277545929,0.3195345359838741,0.30944879101160594,0.3195345359838741,627176000
2012-01-18,0.32045137882232666,0.32297282165557417,0.314262415070629,0.3158669571802827,632676000
2012-01-19,0.32893267273902893,0.3293911369298209,0.3197638261282825,0.3232021436073124,608312000
2012-01-20,0.32595282793045044,0.33237102619000597,0.32480672207429123,0.32847424441880935,546272000
2012-01-23,0.33489251136779785,0.33512174351617485,0.3220561122158272,0.32618209960934097,562792000
2012-01-24,0.3424566686153412,0.3438320062588868,0.3323709503137157,0.33260015503743146,730920000
2012-01-25,0.3403937518596649,0.3413106255731899,0.3236605743226323,0.33328788494123385,1274152000
2012-01-26,0.3371846675872803,0.34933342292842406,0.33535092000591227,0.34543664100471677,799672000
2012-01-27,0.3417690694332123,0.34360281675122517,0.33237099146447346,0.335121639766809,449996000
2012-01-30,0.3392476439476013,0.34085218659896116,0.3307664391862525,0.33580932655526563,399076000
2012-01-31,0.3385600447654724,0.34039381988430367,0.3326002824606017,0.34016458774745356,357900000
2012-02-01,0.3422274887561798,0.34612424259559427,0.3376430660450299,0.34245669349654845,428020000
2012-02-02,0.35506394505500793,0.356439255712454,0.340622978211928,0.34406132316884197,696236000
2012-02-03,0.362628310918808,0.365608192170858,0.359648429666758,0.36033609877497325,495232000
2012-02-06,0.35987767577171326,0.36125298671617095,0.35666856225066157,0.36079454973468505,278868000
2012-02-07,0.3607944846153259,0.36285746432233035,0.35437628605696064,0.36033604771658273,410296000
2012-02-08,0.37386006116867065,0.3809659004113056,0.3589606591188827,0.36079443378080406,847612000
2012-02-09,0.37363091111183167,0.38050754710967166,0.37294324204698315,0.3784445672404486,561944000
2012-02-10,0.3644619584083557,0.371338592430606,0.36239895180649184,0.3699632546960301,440268000
2012-02-13,0.37019258737564087,0.37500624342965544,0.3626282824301845,0.3736309053212736,610668000
2012-02-14,0.37225550413131714,0.3754646167319586,0.3669834120430127,0.37019252464365415,453756000
2012-02-15,0.3706509470939636,0.38738412373411674,0.369734073429582,0.3756938342240114,1110856000
2012-02-16,0.37706902623176575,0.38004890569259386,0.3438319427998313,0.34520728018953895,1888588000
2012-02-17,0.36331576108932495,0.37981967311444853,0.35987744494553636,0.37729825767085484,1020360000
2012-02-21,0.3651496171951294,0.37408923024713725,0.3623989418019142,0.36308661065021797,518176000
2012-02-22,0.362628310918808,0.3722555964578491,0.36216987395510586,0.36331598002702326,492432000
2012-02-23,0.3646911084651947,0.3667541147577299,0.35758524344420206,0.3633157982621484,323968000
2012-02-24,0.3619404733181,0.3662956907591161,0.36033593102943573,0.3658372266835165,366668000
2012-02-27,0.35460546612739563,0.35896065701427204,0.34956257900534965,0.3573561144414921,745268000
2012-02-28,0.35139644145965576,0.3587315418971503,0.3477288912409085,0.3546055547323904,699884000
2012-02-29,0.3472703695297241,0.35850222225472944,0.3470411647753259,0.35254246143531304,689196000
2012-03-01,0.34956255555152893,0.35368854140849976,0.3472703442226912,0.34864568195011963,449944000
2012-03-02,0.3525424003601074,0.3575852593123459,0.3484164149172535,0.3484164149172535,684076000
2012-03-05,0.3406229317188263,0.3507086784567143,0.33810151552834117,0.35002100955919435,514848000
2012-03-06,0.33741384744644165,0.33947682681867225,0.33145408675395077,0.3367261785472595,471400000
2012-03-07,0.33947691321372986,0.3408522513621104,0.3346632843450437,0.33924770840588164,441984000
2012-03-08,0.3406229317188263,0.3440612762064257,0.3385599523515825,0.34039372696986353,430852000
2012-03-09,0.3397061228752136,0.34406134184010395,0.3378723479071188,0.34153989784330846,367836000
2012-03-12,0.3344339430332184,0.34337358342862845,0.3335170694505007,0.34108137214652035,299948000
2012-03-13,0.33901840448379517,0.34085217918488353,0.33420474930910277,0.33580931925087826,553288000
2012-03-14,0.32939109206199646,0.33970604309404084,0.3282449863917693,0.3390183742268416,735708000
2012-03-15,0.33420470356941223,0.33603847801952785,0.32916184432557927,0.33030794994123736,382380000
2012-03-16,0.3346632122993469,0.33603852282633023,0.33260020552089653,0.33443398021552456,428340000
2012-03-19,0.33558014035224915,0.33810158438153326,0.33397559748148714,0.33649704151077126,405400000
2012-03-20,0.3300788402557373,0.33374636288667664,0.32709895933194083,0.33374636288667664,449616000
2012-03-21,0.3314540386199951,0.3344339185335006,0.3264111796338461,0.33007872834667007,467840000
2012-03-22,0.3309957683086395,0.3337464175638087,0.3280158868966539,0.3289327608732684,425372000
2012-03-23,0.3335171341896057,0.33443400795029804,0.3277865775466615,0.3300788165990307,315456000
2012-03-26,0.33741384744644165,0.33901838999432277,0.33351709345149727,0.3367261785472595,288600000
2012-03-27,0.3397061228752136,0.34383210972209677,0.338101580025126,0.3387892490538267,419968000
2012-03-28,0.34749963879585266,0.3520840622781995,0.34153987733867397,0.3440613211840925,892448000
2012-03-29,0.3491041660308838,0.3518548145329535,0.34268596797584244,0.34704118648566107,372700000
2012-03-30,0.3530009090900421,0.35506391589476244,0.3470411754132571,0.35208403539371125,527240000
2012-04-02,0.35139644145965576,0.355063991678403,0.3463535804028706,0.35208411054133626,407776000
2012-04-03,0.3456658124923706,0.35437622127752244,0.34383203790728883,0.3539177844625809,430476000
2012-04-04,0.3358093798160553,0.344748995523862,0.3337463726582616,0.3403938037329453,495896000
2012-04-05,0.3353508412837982,0.3403937005994117,0.3342047083265126,0.3362677148592502,369424000
2012-04-09,0.3309957683086395,0.3321418744420705,0.324577568496361,0.330078894332025,365504000
2012-04-10,0.3245774805545807,0.33420476400189697,0.32297293786758097,0.32962034071028745,470360000
2012-04-11,0.32870346307754517,0.3358093300252592,0.32778656203492385,0.32893266784421205,372960000
2012-04-12,0.3364969789981842,0.3383307263239221,0.327786542574348,0.3291618803939677,384868000
2012-04-13,0.3245774805545807,0.33535089715011757,0.3243482484598729,0.33351712236841013,311324000
2012-04-16,0.3206806778907776,0.32778651652663354,0.31540858643493985,0.3268696429366244,463468000
2012-04-17,0.32136833667755127,0.32549432270477885,0.3202222309658389,0.32159756875001994,460696000
2012-04-18,0.31793010234832764,0.32090998343996247,0.31403334737864647,0.3193054404907199,400764000
2012-04-19,0.3131164610385895,0.3257236266492379,0.311511890827886,0.3138041027570948,667188000
2012-04-20,0.3069273829460144,0.3158670234178345,0.3062397140904415,0.31495012250196586,509592000
2012-04-23,0.3032599091529846,0.30463524720526586,0.29592483663323343,0.30165536630887047,706244000
2012-04-24,0.2938617765903473,0.3066981990056384,0.29225723403542936,0.3041767554726845,730440000
2012-04-25,0.29982155561447144,0.30211376721153743,0.2927156887334398,0.29821701296158876,727112000
2012-04-26,0.3000507652759552,0.3025722087743807,0.2975293217775297,0.29959232845587297,539208000
2012-04-27,0.29752930998802185,0.30142609111760077,0.2943202250492899,0.2995923165846191,475356000
2012-04-30,0.297987699508667,0.2995922690487528,0.293861714295451,0.2959247205647141,262268000
2012-05-01,0.3032599091529846,0.30646902216653393,0.2963832735422202,0.2963832735422202,408680000
2012-05-02,0.29454943537712097,0.30325984408009127,0.2929448928773063,0.30211373839089295,684008000
2012-05-03,0.28950661420822144,0.2970709182252797,0.28767283939721966,0.29523714341427787,419536000
2012-05-04,0.28102537989616394,0.2892773520248017,0.28102537989616394,0.2876728094790432,545092000
2012-05-07,0.2858390808105469,0.29088196865836763,0.2835468689980175,0.2860683129219279,604440000
2012-05-08,0.2856099009513855,0.287443648701195,0.27827480065085697,0.2833176616134784,462312000
2012-05-09,0.28675577044487,0.2890479805668664,0.27781613457390403,0.28056678125523965,520608000
2012-05-10,0.2846929132938385,0.2899650047867858,0.28010849066089555,0.28950656798855434,597092000
2012-05-11,0.30280137062072754,0.31357478465551275,0.301655265070245,0.30830269365823076,1435140000
2012-05-14,0.30096766352653503,0.3055520867528609,0.29409102868704623,0.3002799945775226,437472000
2012-05-15,0.297987699508667,0.3076150074479411,0.29661238932113515,0.3009675792362847,599940000
2012-05-16,0.2920280396938324,0.3018845547758152,0.29111113868311483,0.29844623746758747,470484000
2012-05-17,0.28996503353118896,0.29592479447493514,0.28996503353118896,0.2931741460875588,335364000
2012-05-18,0.27689942717552185,0.29202806278332843,0.2755241165386806,0.29065272482116805,567288000
2012-05-21,0.28171300888061523,0.28308834648229875,0.2755240443236632,0.2773578186841372,416260000
2012-05-22,0.27827465534210205,0.28194220357725525,0.27414867040888174,0.2814837668791882,410140000
2012-05-23,0.28515133261680603,0.28560979671225517,0.27116883351311016,0.27529481909496406,496000000
2012-05-24,0.27758702635765076,0.2872143350213589,0.27552404725846313,0.28675589825768527,520420000
2012-05-25,0.28423449397087097,0.28652670542827186,0.27735785959866827,0.27735785959866827,391752000
2012-05-29,0.2915695309638977,0.2934033053797517,0.28767277740852853,0.2888188830027732,310000000
2012-05-30,0.28813132643699646,0.2904235385185305,0.2830884653226863,0.28836055857527926,379792000
2012-05-31,0.28492218255996704,0.28927737369982603,0.2812546330445884,0.28813126789193494,358192000
2012-06-01,0.27460724115371704,0.28171310908099384,0.2741488042318686,0.2789624602245815,440984000
2012-06-04,0.2688766419887543,0.27758705055922445,0.2665844306452261,0.27598250808381763,432856000
2012-06-05,0.2766702473163605,0.27735791635937396,0.2675013996103718,0.2675013996103718,365224000
2012-06-06,0.28400519490242004,0.28469286364249274,0.27667012543403374,0.2787331043289422,368968000
2012-06-07,0.2725442051887512,0.2897358184812067,0.2723149731123963,0.2881312485973542,526780000
2012-06-08,0.2778163254261017,0.27873319917464734,0.27300266993293987,0.2734611068072127,370308000
2012-06-11,0.28102537989616394,0.2917987955433621,0.2803377383232073,0.2867559358315572,839080000
2012-06-12,0.28675577044487,0.2895064171262057,0.28377589182121465,0.28423432838055396,496128000
2012-06-13,0.27919161319732666,0.2872143526938532,0.27781627549636795,0.2865266838433739,494276000
2012-06-14,0.2757531702518463,0.281025259784869,0.2730025231597097,0.2787330493205378,589884000
2012-06-15,0.28171300888061523,0.28194224092266645,0.2752948122816119,0.27781625544292776,385288000
2012-06-18,0.28423449397087097,0.28652670542827186,0.27735785959866827,0.2796500710560692,304424000
2012-06-19,0.30348899960517883,0.30784421652089344,0.2945493610889066,0.29592469849919717,960476000
2012-06-20,0.30830276012420654,0.31403328911204503,0.30463521064186283,0.3064689853830347,972720000
2012-06-21,0.29432016611099243,0.30807343136625953,0.29363249738316727,0.30807343136625953,516376000
2012-06-22,0.297987699508667,0.30142604329077216,0.293861714295451,0.297987699508667,865360000
2012-06-25,0.288589745759964,0.29913393162106666,0.28744363978920595,0.29821705777458896,494616000
2012-06-26,0.29179883003234863,0.2938618096456828,0.2860683007449548,0.2901942872969422,437152000
2012-06-27,0.30119675397872925,0.30325973253032296,0.29202791183777044,0.29202791183777044,506064000
2012-06-28,0.30348899960517883,0.3053227737104635,0.29592469849919717,0.2984461413096271,545896000
2012-06-29,0.3167840242385864,0.3174716933703484,0.3103658245510163,0.31059505670337867,616508000
2012-07-02,0.30830276012420654,0.3186177123023159,0.3057813164394305,0.3183885075379929,581684000
2012-07-03,0.3163255751132965,0.3170132442186542,0.3080736004996521,0.30830283264321273,219284000
2012-07-05,0.3131164610385895,0.31563787776552615,0.3083028050571223,0.3142625670031939,280076000
2012-07-06,0.30715668201446533,0.3117411056179869,0.3037183643118242,0.31082420450209053,382760000
2012-07-09,0.30303066968917847,0.3066982191920831,0.30050922599026675,0.30532288129716445,306336000
2012-07-10,0.2938617765903473,0.30876117838691625,0.29156956513323146,0.2998215373089749,512028000
2012-07-11,0.2890481650829315,0.29844624351257065,0.2876728272016564,0.2947786940460487,485216000
2012-07-12,0.28423449397087097,0.2862974733524054,0.2817130504376036,0.2858390365259884,472160000
2012-07-13,0.2879020869731903,0.28927739766138927,0.28262999435512726,0.2844637692647127,324260000
2012-07-16,0.28881892561912537,0.2911111371458393,0.28331760155982183,0.286068277252132,334460000
2012-07-17,0.28354671597480774,0.2913402483266213,0.2787330628361786,0.28973570638884677,447476000
2012-07-18,0.29936307668685913,0.3034890624467647,0.2814838232774775,0.2828591336472368,616008000
2012-07-19,0.3023429214954376,0.30623967474258285,0.2993630417210405,0.3014260480226896,403036000
2012-07-20,0.29363250732421875,0.3025721464379831,0.29042339559415853,0.3005091401846636,451000000
2012-07-23,0.29752930998802185,0.2995923165846191,0.28262993631118216,0.2858390212499141,451584000
2012-07-24,0.29432016611099243,0.29982146128297565,0.29088184979717563,0.2979876871172115,351164000
2012-07-25,0.3000507652759552,0.30303064559446286,0.29202802528591215,0.29340333574615873,415044000
2012-07-26,0.3014260530471802,0.30899035496202876,0.2991338146764793,0.30555201106863294,338440000
2012-07-27,0.30899038910865784,0.30990726269801333,0.3002799533832102,0.3025721920072271,376516000
2012-07-30,0.30555200576782227,0.31288710284606697,0.3030305900568224,0.3089903496015686,363552000
2012-07-31,0.3103657066822052,0.31472092464581614,0.3050936151079997,0.305552051913297,387788000
2012-08-01,0.3069273829460144,0.31517935456226154,0.3055520452348685,0.3121994744049882,335912000
2012-08-02,0.3080734312534332,0.31265785300350996,0.3002798978831173,0.305322783668449,367912000
2012-08-03,0.31449177861213684,0.31770089177772465,0.3055521354994161,0.31288723569200405,326548000
2012-08-06,0.3211391568183899,0.32274369947407466,0.3170131704714021,0.3174716073265524,360324000
2012-08-07,0.32434824109077454,0.32778655848136407,0.3225144663507299,0.32503591003395593,407340000
2012-08-08,0.32618191838264465,0.3296202347460232,0.323202038735988,0.3241189394947413,517064000
2012-08-09,0.3371846675872803,0.33787233659295335,0.32618204547247165,0.3266404823678137,822300000
2012-08-10,0.335121750831604,0.348875024226656,0.33076653119464244,0.34612437501271065,1278744000
2012-08-13,0.33947691321372986,0.33970614534690086,0.33420482007870167,0.33558015822708215,447244000
2012-08-14,0.3344339430332184,0.34108137214652035,0.3330586053338279,0.34062290802984757,388828000
2012-08-15,0.3319125771522522,0.3383307757050529,0.3303080343453821,0.3355801269896584,594404000
2012-08-16,0.3387891948223114,0.3399353005782432,0.33374630763595803,0.33489241339188985,371008000
2012-08-17,0.3358093798160553,0.3387892608270982,0.33282949880501245,0.3387892608270982,309864000
2012-08-20,0.3358093798160553,0.3362678167426799,0.3307664916472188,0.3346632738368328,314392000
2012-08-21,0.33489251136779785,0.3390184987613116,0.33145419309409047,0.3369555187272171,340248000
2012-08-22,0.33558014035224915,0.3369554784273716,0.3316833855731639,0.33282949152732555,313556000
2012-08-23,0.3280157744884491,0.33512164101073155,0.3266404366695182,0.33489240893247096,379040000
2012-08-24,0.3346632122993469,0.33626775491015254,0.32732811352083485,0.328015782446985,347724000
2012-08-27,0.32893267273902893,0.3353508981569334,0.3287034679689513,0.3344339971006678,340944000
2012-08-28,0.32755735516548157,0.3307664404807605,0.3257235804173289,0.32641124936355087,310764000
2012-08-29,0.3282449543476105,0.3303079334224999,0.3266403847056832,0.32732805350575034,250412000
2012-08-30,0.3220559358596802,0.32870336394394567,0.3204513936756539,0.32755725848031125,307488000
2012-08-31,0.3215976655483246,0.32664052673265637,0.31838857951974725,0.3243483146192943,485064000
2012-09-04,0.30440592765808105,0.31747155342614297,0.3014260749428658,0.3163254478201946,694452000
2012-09-05,0.3053227961063385,0.3099072180431702,0.3021136843553702,0.305552000807994,480256000
2012-09-06,0.314721018075943,0.32297299232228754,0.3073859177123821,0.30761514984573946,657296000
2012-09-07,0.30715668201446533,0.309219661705922,0.29684170158122175,0.3066982451191772,781064000
2012-09-10,0.30440592765808105,0.3108241245164546,0.3037182861547625,0.30646893414397597,371108000
2012-09-11,0.3080734312534332,0.31288708502113743,0.3030305727934106,0.3041766782309298,382808000
2012-09-12,0.3115118145942688,0.31311638441229966,0.30761506073329736,0.31059494097709256,322608000
2012-09-13,0.313574880361557,0.315408655267077,0.307615118749947,0.314262549366792,433836000
2012-09-14,0.3172423839569092,0.32274370834588983,0.3133456295930386,0.3133456295930386,339468000
2012-09-17,0.3085319697856903,0.3179300484050432,0.3050936523384127,0.3179300484050432,493348000
2012-09-18,0.3105948865413666,0.3142624350179167,0.3048643591250759,0.30509356382654146,359952000
2012-09-19,0.3142624795436859,0.31861767006700087,0.3076150504037724,0.31128259939995323,451936000
2012-09-20,0.3119703233242035,0.3151794363747762,0.3094489066330263,0.31357489351215045,320596000
2012-09-21,0.3133455812931061,0.31517935580677003,0.31128260204355557,0.3124287076989312,340136000
2012-09-24,0.3131164610385895,0.3135748979593669,0.30784436813634486,0.3083028050571223,357832000
2012-09-25,0.30738580226898193,0.31861765340406567,0.30692736549976296,0.31724231577109624,481544000
2012-09-26,0.3021136224269867,0.30646883876941433,0.29844610202448957,0.3062396067894375,436812000
2012-09-27,0.30440592765808105,0.30486439176071084,0.3002799420116043,0.302801385274816,558888000
2012-09-28,0.3057813048362732,0.3101365230969582,0.29913387506743283,0.30303065649155014,485508000
2012-10-01,0.3007383942604065,0.3089903652281024,0.2995922886996327,0.307156590865802,504236000
2012-10-02,0.30188459157943726,0.3028014653766166,0.2984462738520343,0.3028014653766166,295492000
2012-10-03,0.2989047169685364,0.3034891407004403,0.2973001741274342,0.30257226688418787,430872000
2012-10-04,0.31219953298568726,0.31403330783619743,0.2979877983882227,0.29959236846074366,502608000
2012-10-05,0.3048642873764038,0.31632533951166936,0.30371818216287727,0.31311625584391645,483068000
2012-10-08,0.30188459157943726,0.3050936771948852,0.29959237976116865,0.3037183664991162,240596000
2012-10-09,0.2954663038253784,0.30234293720420863,0.2945494029796805,0.30142606368382274,366360000
2012-10-10,0.2904234230518341,0.2954663094865143,0.28927731746673635,0.29409097185427197,326568000
2012-10-11,0.2920280396938324,0.2940910191486422,0.2897358281550139,0.2931741454632416,320516000
2012-10-12,0.28950661420822144,0.2922572627620648,0.28767283939721966,0.2899650510796422,260696000
2012-10-15,0.293174147605896,0.2934033523662628,0.28652671769954974,0.28996503503290627,249580000
2012-10-16,0.30165547132492065,0.3025723727874183,0.29294505772051077,0.29569570745734275,367696000
2012-10-17,0.29936307668685913,0.3007384143819323,0.2950078588693367,0.297987738991786,391752000
2012-10-18,0.29477861523628235,0.29867536842433223,0.29363250975007293,0.29867536842433223,254772000
2012-10-19,0.27758702635765076,0.29248642611688663,0.2759824840221368,0.2904234196923868,709412000
2012-10-22,0.2743779718875885,0.28033773244727767,0.2720857604916027,0.2787331626098354,480840000
2012-10-23,0.2826297879219055,0.2844635614921,0.2711687099395152,0.2718563784440006,573948000
2012-10-24,0.27896231412887573,0.2856097416529714,0.2762116667130084,0.28446363628591775,332916000
2012-10-25,0.27919161319732666,0.284234472558652,0.2780455075549657,0.2812545924234508,307356000
2012-10-26,0.27621182799339294,0.2812546890878997,0.27621182799339294,0.27965014610219163,389376000
2012-10-31,0.27460724115371704,0.279650129270015,0.2739195994336052,0.27735791733545107,347112000
2012-11-01,0.2876727879047394,0.2879020199620773,0.2757532674294419,0.27598249948677983,473220000
2012-11-02,0.2862975597381592,0.29111121618127206,0.2844638118791869,0.290652779216529,256700000
2012-11-05,0.2984462380409241,0.2995923438125351,0.28560984246875426,0.28560984246875426,444840000
2012-11-06,0.29821696877479553,0.2991338423476418,0.29317410947351413,0.2991338423476418,350804000
2012-11-07,0.2890481650829315,0.2977585745719331,0.2876728272016564,0.2959247998386721,324620000
2012-11-08,0.2906527817249298,0.2998216304002175,0.2899651126092183,0.29225732477804023,839024000
2012-11-09,0.2794208526611328,0.29569556573564376,0.2785039789634071,0.29225724838119643,846280000
2012-11-12,0.2732318937778473,0.2810254023809842,0.2704812179646761,0.2798792965672689,643624000
2012-11-13,0.27116891741752625,0.27804558039858457,0.2709397126241943,0.2718565864481642,492120000
2012-11-14,0.2645215094089508,0.27552413173720547,0.26429227729417276,0.27277348298647197,619300000
2012-11-15,0.26566752791404724,0.27300259794416504,0.2638337535751899,0.26612596466743366,466688000
2012-11-16,0.26085397601127625,0.2665845059897101,0.2555818829660526,0.26566763212328964,624552000
2012-11-19,0.268189013004303,0.2691059140732598,0.262458483793268,0.26566759654663885,404092000
2012-11-20,0.26507458090782166,0.2683043701130023,0.2623061587301113,0.26715087003949334,336976000
2012-11-21,0.27268752455711365,0.2733796021879229,0.2648437122258603,0.26507442310385987,422312000
2012-11-23,0.274533212184906,0.27776300044507507,0.27245689615913754,0.2738411068429832,276932000
2012-11-26,0.27937787771224976,0.28006998301239794,0.27453319561441525,0.2749945899806469,364600000
2012-11-27,0.28053155541419983,0.28468416234888355,0.27591755382046657,0.2782245546173332,451404000
2012-11-28,0.28283846378326416,0.28422267480969016,0.27591746365435393,0.279377963718809,398332000
2012-11-29,0.2777629792690277,0.2846839771574079,0.2768401905512174,0.28329979408069245,488688000
2012-11-30,0.27614814043045044,0.2796086400659731,0.27453324610086116,0.27753232378369563,460504000
2012-12-03,0.2710726857185364,0.2796086057739056,0.27038060787759555,0.2796086057739056,391380000
2012-12-04,0.279147207736969,0.27960860212544336,0.2699191824594674,0.27153410407153183,528068000
2012-12-05,0.2759174108505249,0.27868580487196426,0.27199551702835206,0.2768402271920744,633024000
2012-12-06,0.27637889981269836,0.2782245056255277,0.2743026104617741,0.2752253996173818,412896000
2012-12-07,0.2759174108505249,0.27799372699280783,0.27268762240911304,0.2766095162312859,338288000
2012-12-10,0.28514546155929565,0.28722177808242766,0.2752253559530683,0.27591746146077895,513644000
2012-12-11,0.291835755109787,0.29552696585865085,0.285376150050079,0.28606825550319187,816724000
2012-12-12,0.28883659839630127,0.2943734135339516,0.28768309868032443,0.2927585194319045,399404000
2012-12-13,0.2890673875808716,0.29460417671554023,0.28629899301353723,0.2883752820636355,377556000
2012-12-14,0.29045161604881287,0.2934507220864138,0.288144615635522,0.2902209325084523,338660000
2012-12-17,0.28929802775382996,0.2913743439945429,0.2849147393038903,0.2897594496972812,445232000
2012-12-18,0.28975945711135864,0.29298924578852265,0.2883752462487989,0.28929803515610103,416436000
2012-12-19,0.291835755109787,0.29529625487374406,0.29068225518846796,0.291835755109787,458544000
2012-12-20,0.29160505533218384,0.2932199496314719,0.2883752392320017,0.2929892386594568,334332000
2012-12-21,0.28491470217704773,0.2876830959689801,0.2816848865017913,0.2876830959689801,462172000
2012-12-24,0.2826077342033386,0.28560683927054514,0.2816849178356414,0.28468402290284794,127376000
2012-12-26,0.2823770344257355,0.2865296394909143,0.28122353454660837,0.28191563997440594,196740000
2012-12-27,0.28053155541419983,0.2832999783717348,0.27730176529923406,0.28283855621106646,299804000
2012-12-28,0.279147207736969,0.28353049567987987,0.2775322861249045,0.27799370801498163,220600000
2012-12-31,0.28283846378326416,0.28399196380474917,0.277532358184111,0.278224463697324,326460000
2013-01-02,0.2934506833553314,0.2936813943668558,0.2886059996278147,0.2897594996822154,478836000
2013-01-03,0.2936815023422241,0.29691129268137134,0.2902210009067289,0.29345079124587614,298888000
2013-01-04,0.30337077379226685,0.3042935627042465,0.2932199582524571,0.2941427471644368,524968000
2013-01-07,0.2946041226387024,0.30406283213428714,0.29252783396972276,0.30314004328176397,610732000
2013-01-08,0.28814464807510376,0.2962191779322737,0.28606835847003714,0.2952963611620973,466424000
2013-01-09,0.281684935092926,0.2918357507498477,0.27983935724767395,0.2904515398643016,695020000
2013-01-10,0.2821463644504547,0.28560686425340714,0.280531442541124,0.2842226533315831,506368000
2013-01-11,0.281684935092926,0.28353054043978515,0.27891654082344086,0.28329985695993215,513172000
2013-01-14,0.2814542353153229,0.28353052402180645,0.2782244192699418,0.28353052402180645,305684000
2013-01-15,0.27637889981269836,0.280070111438357,0.274764005039578,0.280070111438357,375888000
2013-01-16,0.2789166271686554,0.2812236276910139,0.2759175209892662,0.2759175209892662,337376000
2013-01-17,0.2826077342033386,0.2837612340367561,0.27914723470308617,0.2798393401034577,580736000
2013-01-18,0.28076210618019104,0.282607711264173,0.277301606960826,0.282607711264173,397088000
2013-01-22,0.27937787771224976,0.2830690876453058,0.2779936946135548,0.2805313773786296,308224000
2013-01-23,0.27983933687210083,0.2805314147628755,0.2768402318395255,0.280300731299819,421808000
2013-01-24,0.28122350573539734,0.2823770054963489,0.2775322954997107,0.2789165062134941,396980000
2013-01-25,0.2862990200519562,0.28652970357841423,0.2803008083382452,0.28168499200183134,393920000
2013-01-28,0.290912926197052,0.2927585313178668,0.2869910050022192,0.2876831103602252,422492000
2013-01-29,0.28468403220176697,0.290451531557244,0.28353053233067155,0.2897594536358718,388872000
2013-01-30,0.2842226028442383,0.28883660176190923,0.28329981406134525,0.2849147081822095,287592000
2013-01-31,0.28283846378326416,0.28745249137081413,0.28099288575017595,0.28422267480969016,470544000
2013-02-01,0.28537604212760925,0.2862988582166417,0.2828383322597663,0.2851453312299519,288816000
2013-02-04,0.28053155541419983,0.289528875022951,0.28030087183548447,0.2837613730307844,511744000
2013-02-05,0.2869909703731537,0.28860589184750834,0.28099278883126616,0.2819155775295257,367296000
2013-02-06,0.28468403220176697,0.2869910319439578,0.27845513839817304,0.28007003271738534,530688000
2013-02-07,0.28353044390678406,0.2860681538324076,0.2807620505798478,0.28376115480969444,440000000
2013-02-08,0.28537604212760925,0.28768304109779486,0.28353043745114137,0.28537604212760925,307232000
2013-02-11,0.2886059880256653,0.2916050935468633,0.28491477699932777,0.28768317151827616,408308000
2013-02-12,0.2867604196071625,0.28999020904679873,0.28560691944991906,0.28606831401249383,277804000
2013-02-13,0.28537604212760925,0.292297039038166,0.2844532535401738,0.2869909359064198,856396000
2013-02-14,0.2936815023422241,0.2939122134385721,0.27799389033432176,0.28145439176981696,882096000
2013-02-15,0.2936815023422241,0.2950657139170705,0.2872218941623089,0.29298939655480094,733860000
2013-02-19,0.28975945711135864,0.29414274567345355,0.28791385179514783,0.2939120621974313,433552000
2013-02-20,0.2856067419052124,0.2952961317024176,0.2846839258521096,0.2906821339416917,713012000
2013-02-21,0.28353044390678406,0.2883751528551207,0.2828383386996506,0.2851453377223637,580408000
2013-02-22,0.28883659839630127,0.28906730934013763,0.28376120514632375,0.2853760992483708,370148000
2013-02-25,0.28376123309135437,0.29183573189837514,0.28329983865984565,0.28952873223922637,644444000
2013-02-26,0.2871268689632416,0.28875167036899774,0.2834130134612357,0.284341491171899,487504000
2013-02-27,0.29246559739112854,0.2945546519982398,0.2864305876421365,0.28712693917784027,476980000
2013-02-28,0.2938583195209503,0.2982685000825492,0.2903765892869516,0.29153716603161783,591392000
2013-03-01,0.29501885175704956,0.2959473019445773,0.289215968909181,0.29176922076004635,389396000
2013-03-04,0.2938583195209503,0.29664369817408287,0.2906086880336855,0.292929841523018,353680000
2013-03-05,0.2971079349517822,0.2975721601337288,0.29409042976362976,0.29548313297980267,366168000
2013-03-06,0.29687580466270447,0.30175021006089814,0.29548310159446034,0.29896483159474024,342928000
2013-03-07,0.2961794435977936,0.30151810162716236,0.29455464185068037,0.2985005968566209,314824000
2013-03-08,0.29757216572761536,0.29896486896996893,0.2954831385344189,0.2968758417767724,246464000
2013-03-11,0.29478681087493896,0.2959473877811263,0.29223353061319246,0.29455471209590317,299748000
2013-03-12,0.2957152724266052,0.29664372283137896,0.2915371902644543,0.29432256914911004,310856000
2013-03-13,0.2957152724266052,0.3008218049935299,0.2929298658716149,0.2957152724266052,485840000
2013-03-14,0.2959473431110382,0.29850062298739444,0.29409041480735476,0.29757214500038676,383304000
2013-03-15,0.2933940291404724,0.2959472808089929,0.29223342498345717,0.2959472808089929,355776000
2013-03-18,0.29130497574806213,0.2940903537905209,0.2892159491337996,0.2915371021142362,298312000
2013-03-19,0.289448082447052,0.2929298123341148,0.2873590555829461,0.29153713698148737,355480000
2013-03-20,0.2929297983646393,0.2938582762257757,0.2896801950264822,0.292233446886369,340588000
2013-03-21,0.2882874310016632,0.2917691599851476,0.28782320600459643,0.2913049349880808,339032000
2013-03-22,0.28968021273612976,0.29084078938075625,0.2880554109677187,0.2892159876123452,232476000
2013-03-25,0.2880553901195526,0.2915371198014399,0.2859663357082235,0.29130499342118293,362076000
2013-03-26,0.2901444137096405,0.2903765400873766,0.2875911342358535,0.2887517107838789,232540000
2013-03-27,0.29362621903419495,0.29525102108614854,0.2882875600032035,0.2889839116455649,254944000
2013-03-28,0.2978043854236603,0.29803651192686054,0.29084092237176234,0.29292995021919477,349276000
2013-04-01,0.2880553901195526,0.29710787622432844,0.2859663357082235,0.29710787622432844,442828000
2013-04-02,0.2850379943847656,0.2889839506638122,0.28318106564452655,0.2882875989274303,371524000
2013-04-03,0.28155621886253357,0.28619852614406904,0.2794671639836422,0.2845736964592644,353156000
2013-04-04,0.2843415439128876,0.28526999412544046,0.2796992375094655,0.2806276877220184,294676000
2013-04-05,0.28921589255332947,0.28921589255332947,0.27946702980644383,0.2801633810984101,551352000
2013-04-08,0.28851962089538574,0.2894480710940542,0.28318096307722124,0.2894480710940542,326660000
2013-04-09,0.29316189885139465,0.2952509254313456,0.2866626650788544,0.28875169165880543,380584000
2013-04-10,0.2978043854236603,0.2982686107597183,0.29269785138633697,0.2933942032255953,384688000
2013-04-11,0.2964116334915161,0.2982685622037964,0.28550221535358405,0.2936262542582646,969220000
2013-04-12,0.30383917689323425,0.30708877955331726,0.29525088990384474,0.2978041689012831,770548000
2013-04-15,0.29757216572761536,0.3038393026478725,0.2957152649649224,0.30291082459619223,430420000
2013-04-16,0.30082181096076965,0.30291083824811676,0.29873275600308746,0.3003575857491742,468844000
2013-04-17,0.29687580466270447,0.3012859849282602,0.2950188764618224,0.29850060646210236,532948000
2013-04-18,0.291072815656662,0.2994289764861757,0.291072815656662,0.29757204878291454,402548000
2013-04-19,0.29176920652389526,0.2926976843364483,0.28712690047211015,0.29084075638166895,303028000
2013-04-22,0.29223358631134033,0.29478686705972845,0.28921610791640706,0.2915372621711812,245568000
2013-04-23,0.2998933494091034,0.3029108270076685,0.2943225640656739,0.29478678926004287,376948000
2013-04-24,0.3101062774658203,0.31265955641317,0.3005895406660498,0.3008216669959259,556556000
2013-04-25,0.3126596212387085,0.3133559727023935,0.3089457652126066,0.3117311710673468,353224000
2013-04-26,0.3112669587135315,0.3126596618216733,0.30964215686758684,0.31219543667573646,324332000
2013-04-29,0.31498077511787415,0.31614135167011564,0.31033846890890826,0.3117311718397291,269712000
2013-04-30,0.31962308287620544,0.31962308287620544,0.31358807370716413,0.31567712811352205,276712000
2013-05-01,0.3168376684188843,0.3217121004723266,0.31567709199380983,0.31962304630499794,341316000
2013-05-02,0.3205516040325165,0.32148005433611665,0.3147486927888552,0.316605621066387,323480000
2013-05-03,0.3219442665576935,0.3242654198938011,0.3207836898896397,0.3226406180925918,293864000
2013-05-06,0.32101577520370483,0.3238011533164598,0.3191588472384259,0.3219442253511809,217116000
2013-05-07,0.3168376684188843,0.3217121004723266,0.3138201641796259,0.32101574908321706,448068000
2013-05-08,0.32264062762260437,0.32449755588040563,0.31614139255546553,0.3173019692577999,334032000
2013-05-09,0.3228728175163269,0.3242654932307654,0.31637358117127057,0.3168378064094168,566800000
2013-05-10,0.3374960422515869,0.33888874542952346,0.32960410369383386,0.32960410369383386,861136000
2013-05-13,0.33053258061408997,0.3365675908048312,0.3291398774407397,0.3351748876314809,289812000
2013-05-14,0.33540692925453186,0.3381923072267142,0.3312288484610957,0.33447845148358746,454140000
2013-05-15,0.34120994806289673,0.3423705249881309,0.33378223360512854,0.33378223360512854,313172000
2013-05-16,0.3395850956439972,0.34422740265788565,0.33842449122019264,0.34074567239746933,308368000
2013-05-17,0.3451557755470276,0.3474769285331552,0.338656541651805,0.34120982100467584,312116000
2013-05-20,0.34445953369140625,0.3458522369942391,0.34260260517774077,0.3437631820399898,236380000
2013-05-21,0.34807562828063965,0.34947540602743077,0.34247657291525657,0.3464425727833105,357784000
2013-05-22,0.33594417572021484,0.3494752526958635,0.3345443985875732,0.3494752526958635,480404000
2013-05-23,0.341310054063797,0.34247652608967183,0.33104508354956635,0.33197825004591147,393884000
2013-05-24,0.3392104506492615,0.3422432840412596,0.33547772834974193,0.3394437562220659,283304000
2013-05-28,0.33897703886032104,0.34270975999021797,0.3357109287298237,0.34177659361318535,279300000
2013-05-29,0.3368774652481079,0.33897710390476093,0.33547768760308017,0.3368774652481079,335052000
2013-05-30,0.341310054063797,0.34480947014142155,0.33547766612353597,0.33641086043076796,284504000
2013-05-31,0.33757737278938293,0.34434290022342734,0.33757737278938293,0.33944373381594733,577508000
2013-06-03,0.337110698223114,0.34061011377147926,0.3301118393155008,0.338043864578325,444468000
2013-06-04,0.33757737278938293,0.34527609464215464,0.33547770620541423,0.339210428258543,363676000
2013-06-05,0.33034512400627136,0.3396768982142439,0.3294119298989456,0.33711067699358,464520000
2013-06-06,0.3324448764324188,0.335011126346697,0.33011193207794426,0.33034523763774787,341044000
2013-06-07,0.337110698223114,0.33921033642778015,0.33337797718050466,0.3347777267133212,274584000
2013-06-10,0.3368774652481079,0.33897710390476093,0.3343112155025199,0.33617757642559404,224148000
2013-06-11,0.33057838678359985,0.3371106334475586,0.33057838678359985,0.3324447191354076,296336000
2013-06-12,0.3277789056301117,0.3350110424420254,0.3259125450517904,0.3322115154799852,312588000
2013-06-13,0.3352443277835846,0.33687738276233115,0.32637913642782657,0.3266124141042865,236256000
2013-06-14,0.33477768301963806,0.33687734876114783,0.3324447396252132,0.33641076564443867,236012000
2013-06-17,0.3380438983440399,0.341076731017736,0.33547764889455434,0.33734400960228156,255336000
2013-06-18,0.33594417572021484,0.3434095888689208,0.3331446214549315,0.33967686838912864,486772000
2013-06-19,0.34620925784111023,0.3611401180957212,0.3378106472097109,0.3389771193634669,1159588000
2013-06-20,0.3368774652481079,0.34387629785146945,0.3345445210469874,0.34340971457342306,628696000
2013-06-21,0.3364107310771942,0.3399101458092558,0.33081165081937,0.33874367423190194,714228000
2013-06-24,0.32941198348999023,0.335710954353837,0.3245128179203026,0.33151164971490094,580772000
2013-06-25,0.3317450284957886,0.33361136180447204,0.32824558401477816,0.33291150071916153,457360000
2013-06-26,0.3298785090446472,0.33594417281921063,0.3284787319240931,0.33547756190510714,579752000
2013-06-27,0.3268458843231201,0.3312784683295964,0.3233464671145665,0.33081188493063507,808036000
2013-06-28,0.3275456130504608,0.3308117230558937,0.3226464202314293,0.3268457243890446,431536000
2013-07-01,0.3289453685283661,0.3305784513715833,0.3268457303169192,0.32987856269747345,199524000
2013-07-02,0.32871201634407043,0.33361118033071424,0.3256791846508854,0.32707893387097947,256392000
2013-07-03,0.3296452760696411,0.333611275035413,0.3259125548013357,0.3259125548013357,140388000
2013-07-05,0.3322114944458008,0.3329113830947178,0.3284787735254978,0.3305784394722489,184684000
2013-07-08,0.33057838678359985,0.33477766238604445,0.32871202662091487,0.3331446076727741,262084000
2013-07-09,0.3322114944458008,0.3343111325816701,0.3303451339856493,0.3312783003102842,157364000
2013-07-10,0.3366440236568451,0.33757721764669796,0.3312782486005425,0.33221144259039537,208468000
2013-07-11,0.341310054063797,0.34177663731196956,0.3378106101752857,0.33851049895298796,239832000
2013-07-12,0.3415432870388031,0.34480942496990663,0.33944364879164474,0.34061012066470675,216360000
2013-07-15,0.34084346890449524,0.34224324656626504,0.33547769161556296,0.34224324656626504,201332000
2013-07-16,0.34270980954170227,0.3445761703765028,0.34061017098435625,0.34224322628572396,162560000
2013-07-17,0.34084346890449524,0.34387630196440383,0.33991030233724134,0.34270982984989196,166100000
2013-07-18,0.33944371342658997,0.3415433520735496,0.33501110277839186,0.34037687997837457,344488000
2013-07-19,0.3322114944458008,0.33897701982660794,0.3287120790120974,0.33734396485305607,480532000
2013-07-22,0.3319781720638275,0.3378105308231734,0.33057842264811266,0.3347776987061375,292384000
2013-07-23,0.3315117061138153,0.336177594770672,0.3298786506460935,0.336177594770672,246792000
2013-07-24,0.3315117061138153,0.3354777059099655,0.3310451228103077,0.3345445393029502,284252000
2013-07-25,0.3326782286167145,0.33711084019797605,0.328945506002062,0.3312784506834962,243320000
2013-07-26,0.33127832412719727,0.3333779902249016,0.3287121026445146,0.3287121026445146,227360000
2013-07-29,0.33057838678359985,0.33477766238604445,0.32964519279681875,0.33057838678359985,179540000
2013-07-30,0.3361774981021881,0.3406101077381306,0.33151161078701624,0.3317449162771277,266076000
2013-07-31,0.3368774652481079,0.3401435760053212,0.3343112155025199,0.3345445210469874,270160000
2013-08-01,0.3415432870388031,0.34224317572481694,0.33407787261338284,0.33804387141961706,277648000
2013-08-02,0.34434282779693604,0.3450427165110496,0.33851046819746355,0.34084341203725255,209628000
2013-08-05,0.34597593545913696,0.347142407462395,0.3415433251602248,0.34340968592761484,185188000
2013-08-06,0.34084346890449524,0.3469091350243124,0.34014358007361034,0.3462092461934275,206608000
2013-08-07,0.3406102955341339,0.34410971294992193,0.3387439340168675,0.3389772118247149,244380000
2013-08-08,0.34294310212135315,0.3445761573610365,0.3385104918297713,0.3424765188829988,345696000
2013-08-09,0.3380438983440399,0.34317636943212576,0.3291787058404997,0.3294119835471622,906224000
2013-08-12,0.3352443277835846,0.3401434927198243,0.30584919911173725,0.3242794704743966,257568000
2013-08-13,0.3364107310771942,0.3378104802834932,0.33361117704284404,0.33571084256860667,197468000
2013-08-14,0.35064181685447693,0.3527414552963602,0.3354776532874311,0.33571095880803403,828508000
2013-08-15,0.35297471284866333,0.3557742396610215,0.34550927093453215,0.34690904824615226,723616000
2013-08-16,0.3543744385242462,0.35927360277929343,0.3515748843089302,0.3522747728627592,660456000
2013-08-19,0.3487754166126251,0.3534413040090403,0.3485421111184513,0.3522748321599365,393432000
2013-08-20,0.35053396224975586,0.3528786687837791,0.3481892557157326,0.3486581914323159,234192000
2013-08-21,0.3488926291465759,0.35287862416014093,0.34748579422362214,0.34842366553818926,261540000
2013-08-22,0.35076838731765747,0.3540509647536176,0.3486581350078813,0.3486581350078813,129016000
2013-08-23,0.35076838731765747,0.3540509647536176,0.3500649698810654,0.35123732295835147,245120000
2013-08-26,0.35147184133529663,0.3524097407399902,0.3500650341549172,0.3510029056085035,300152000
2013-08-27,0.34701693058013916,0.3505339906662895,0.34584457721808903,0.3481892839421893,277464000
2013-08-28,0.34701693058013916,0.3502995088134359,0.34561009536523546,0.347720348187591,318824000
2013-08-29,0.3463134169578552,0.3495960222321639,0.3449065821329942,0.3458444813332686,276216000
2013-08-30,0.345844566822052,0.3474858558893634,0.3442032777547405,0.3465479844083592,378120000
2013-09-03,0.3460789620876312,0.35100285640651846,0.34396873763731006,0.34678237955477276,284680000
2013-09-04,0.3493616282939911,0.3514718531108137,0.3456100864517417,0.3460790221942458,222080000
2013-09-05,0.3502994477748871,0.3517062827446543,0.3477202875984526,0.3479547414593444,174904000
2013-09-06,0.3488926291465759,0.35240968850285737,0.3463134411048616,0.35053391792261995,226756000
2013-09-09,0.35475438833236694,0.35475438833236694,0.3507683933908019,0.351706264688428,246408000
2013-09-10,0.36225754022598267,0.3624920220891534,0.3556923555194147,0.3573336726593893,292132000
2013-09-11,0.36835378408432007,0.36929168357297587,0.35920941081325203,0.3617885994681683,396164000
2013-09-12,0.36811938881874084,0.3728088031557377,0.3664780714399005,0.3664780714399005,303808000
2013-09-13,0.370464026927948,0.37210531604971653,0.3667124849772408,0.36929167356224063,159696000
2013-09-16,0.37069839239120483,0.37609122217708835,0.36929158545864976,0.3735120621585196,231412000
2013-09-17,0.37187090516090393,0.3749190300836439,0.37046409762425697,0.37210538705923557,168608000
2013-09-18,0.37515345215797424,0.37609132369951415,0.370229556687115,0.3721053277213047,268168000
2013-09-19,0.3735121786594391,0.3774981748049238,0.3718708614662003,0.3767947571436945,227572000
2013-09-20,0.3702295124530792,0.37679469631279755,0.3695260949054118,0.3744499897879772,356036000
2013-09-23,0.3667125701904297,0.3730432742460967,0.36460231687113037,0.3699951491967413,271244000
2013-09-24,0.36811938881874084,0.3695261963491714,0.36483678201217445,0.3669470352344916,229732000
2013-09-25,0.36858826875686646,0.3714019113420846,0.3657745982205383,0.36741591535043305,233156000
2013-09-26,0.3674158751964569,0.37022951747417904,0.3653056225248351,0.3695260999169718,148816000
2013-09-27,0.36530572175979614,0.36765042895335326,0.36319549646604055,0.3646023040115061,151920000
2013-09-30,0.3648366630077362,0.36741585123223636,0.35944383268903013,0.36155408522301347,226640000
2013-10-01,0.36460229754447937,0.36694703264756195,0.3624920722881533,0.36530571528029276,226976000
2013-10-02,0.3643677532672882,0.36577456043903067,0.3608506934112714,0.3608506934112714,162036000
2013-10-03,0.3606162369251251,0.3678848389856529,0.3589749478004892,0.36460223278527204,436768000
2013-10-04,0.36554011702537537,0.36858824124480694,0.35920938674228364,0.36014728616808994,246228000
2013-10-07,0.36554011702537537,0.36811930550745775,0.3622575109617152,0.3641332818622199,169952000
2013-10-08,0.36249202489852905,0.3697606272998319,0.35967838227422516,0.3646022498789793,290712000
2013-10-09,0.35686469078063965,0.36507119220974743,0.3549889477751269,0.36483671035850396,275860000
2013-10-10,0.36085066199302673,0.3617885333591972,0.3568646388090404,0.3594438269926663,223484000
2013-10-11,0.3578026294708252,0.3596784006331421,0.3540510871461913,0.35522344062875044,213704000
2013-10-14,0.36319535970687866,0.36319535970687866,0.35686463030718324,0.35686463030718324,166628000
2013-10-15,0.3613196611404419,0.3653056570734475,0.36108517928216116,0.3631954321533591,208820000
2013-10-16,0.3657744824886322,0.3671813173116704,0.3629608407936569,0.3634297764176359,210072000
2013-10-17,0.36647799611091614,0.3674158955562003,0.3629609360810947,0.3629609360810947,213324000
2013-10-18,0.37069839239120483,0.37187074547721855,0.36436769131695124,0.3657744982495063,255068000
2013-10-21,0.3716363310813904,0.3753878445842113,0.37046397787092655,0.37515339071278175,195008000
2013-10-22,0.3697606921195984,0.3718709174699753,0.3664780851898712,0.37163646351499746,179452000
2013-10-23,0.36342984437942505,0.36905715677279055,0.3622574911246955,0.36905715677279055,252216000
2013-10-24,0.36085066199302673,0.366712427909354,0.3601472444928465,0.3643677215428231,236436000
2013-10-25,0.35733363032341003,0.362960914861699,0.3561612770486743,0.36272646097741595,330492000
2013-10-28,0.35663026571273804,0.3585060368210087,0.35170637004741645,0.3568647196318275,394024000
2013-10-29,0.3570992052555084,0.3578026229223924,0.3528787272053156,0.3561613336670706,387952000
2013-10-30,0.35686469078063965,0.35991281509126105,0.3538165664700183,0.35827152598588297,204032000
2013-10-31,0.3561612367630005,0.3599127500471543,0.35545781928750175,0.3573335899051305,293368000
2013-11-01,0.3578026294708252,0.3594439187561856,0.35522344062875044,0.3580370833966699,206136000
2013-11-04,0.34748581051826477,0.35897488839153635,0.34678239302380254,0.35897488839153635,410264000
2013-11-05,0.34701693058013916,0.3486582196967875,0.34162409952448686,0.3453756414634908,422368000
2013-11-06,0.3493616282939911,0.3495961101407972,0.343499861634919,0.34701692163036224,198044000
2013-11-07,0.34115511178970337,0.3491271022565462,0.3404516942894279,0.34818923089024867,553076000
2013-11-08,0.3648366630077362,0.3660090162095808,0.35029946094397935,0.3517062959666349,734532000
2013-11-11,0.36788487434387207,0.36882274594777376,0.3627265246201894,0.3634299143475598,297624000
2013-11-12,0.36858826875686646,0.3716363932038153,0.36436779090348426,0.36952614030156916,316032000
2013-11-13,0.37867051362991333,0.37867051362991333,0.3669469795659665,0.3676503692489153,332792000
2013-11-14,0.38031190633773804,0.38265661378880733,0.3772637810611245,0.3774982629866785,307980000
2013-11-15,0.37913939356803894,0.3821875175660031,0.3753878520396051,0.3817185818627254,450332000
2013-11-18,0.3699949383735657,0.37421541465622077,0.3690570671779088,0.37093283752032213,316948000
2013-11-19,0.3639836013317108,0.3715272899545415,0.36351212606199845,0.3682269349640774,206716000
2013-11-20,0.35856157541275024,0.36516231367912133,0.3578543484373393,0.36421933501108056,204776000
2013-11-21,0.36139047145843506,0.3620976984656398,0.35738288922091466,0.3590330668360725,213568000
2013-11-22,0.3578543961048126,0.361861978695994,0.3571471690351965,0.361861978695994,158668000
2013-11-25,0.3656339645385742,0.3661054400477569,0.3578545202783381,0.3578545202783381,248208000
2013-11-26,0.3686985373497009,0.37270612067766384,0.3672840829504258,0.36964148821422604,753176000
2013-11-27,0.37011295557022095,0.37129165808690223,0.3661053445315169,0.3684627495648794,181272000
2013-11-29,0.36775559186935425,0.3710559764006897,0.3653981863908961,0.37011302545030245,116964000
2013-12-02,0.3712916672229767,0.3738847959619917,0.3656338781421991,0.366341105290107,373872000
2013-12-03,0.37105593085289,0.3762422166483738,0.3686985256638077,0.3712916826127929,290560000
2013-12-04,0.37624213099479675,0.37694935801101465,0.3691699170375779,0.37011289576002854,493176000
2013-12-05,0.37011295557022095,0.37694941892597844,0.3696414520815607,0.37694941892597844,271812000
2013-12-06,0.3646909296512604,0.37459202547708303,0.3637479507472624,0.37459202547708303,281000000
2013-12-09,0.35856157541275024,0.36586954065453225,0.3578543484373393,0.3646908383963402,385220000
2013-12-10,0.3668125867843628,0.3684627647552504,0.35809019342182596,0.35856166882743873,524268000
2013-12-11,0.3632763922214508,0.36799120135513946,0.3625691652309017,0.3675197260622664,414156000
2013-12-12,0.3562043011188507,0.36398374448745147,0.355497073884889,0.3620978145643833,258724000
2013-12-13,0.3540824353694916,0.35950447054157547,0.35361096015941346,0.3569113428349087,184588000
2013-12-16,0.35455405712127686,0.3576186894071475,0.35408258171633195,0.3543183334700473,237620000
2013-12-17,0.3562043011188507,0.3571472520291404,0.3512537385836078,0.3543183711957825,274104000
2013-12-18,0.3611548840999603,0.3618621114289912,0.3524324886485592,0.35691157633076,426232000
2013-12-19,0.36256933212280273,0.3630408076326975,0.35832599632876516,0.36068340198073134,258544000
2013-12-20,0.3698771297931671,0.3701128814903104,0.3623334127143312,0.3632763914004253,382080000
2013-12-23,0.37199875712394714,0.37506338846406134,0.3689341538863101,0.37199875712394714,168568000
2013-12-24,0.37294185161590576,0.3741205541819743,0.3691699921634921,0.3741205541819743,79600000
2013-12-26,0.36940571665763855,0.3755349807898842,0.3684627378128787,0.3743562783107972,168920000
2013-12-27,0.37152737379074097,0.37223460090613614,0.36916996880774644,0.37129165015393195,210976000
2013-12-30,0.37647801637649536,0.3767137681664361,0.37129172992021087,0.37176320539760216,248180000
2013-12-31,0.3776565492153168,0.3795424783789014,0.3748276695211785,0.37718507395004,235776000
2014-01-02,0.37388479709625244,0.37671370569646606,0.3705844411993172,0.3752992513963592,260092000
2014-01-03,0.36940571665763855,0.3752992290530732,0.36822701417855164,0.3745920019451243,259332000
2014-01-06,0.3743561804294586,0.3771850600191152,0.3696413436433956,0.3731774501560855,409492000
2014-01-07,0.38048550486564636,0.3818999590463213,0.37553497143825054,0.378128099966177,333288000
2014-01-08,0.38567185401916504,0.38755778373475197,0.3804855402756796,0.38189999458799123,308192000
2014-01-09,0.3712916672229767,0.38048553583832284,0.37011296467729204,0.37977830869041496,292172000
2014-01-10,0.37082019448280334,0.3750635296197562,0.36751983832211105,0.3724704006656373,218492000
2014-01-13,0.362097829580307,0.37317762969688145,0.36139060231701714,0.3708202242209086,243332000
2014-01-14,0.3734133541584015,0.37412058136993515,0.3623335267501791,0.363983732944587,241828000
2014-01-15,0.3774208724498749,0.37883532662895336,0.3734132897457966,0.3750634675530661,175044000
2014-01-16,0.3785995841026306,0.37930681120936366,0.37577070377818217,0.37742088162557014,220652000
2014-01-17,0.37694934010505676,0.3830786031511511,0.3745919355646326,0.3785995176628579,340400000
2014-01-21,0.3783639073371887,0.3807213125833249,0.37435632403925473,0.3774209283772419,246076000
2014-01-22,0.3778923451900482,0.3795425228631647,0.3734132593887539,0.37907104754262866,337940000
2014-01-23,0.37647801637649536,0.38072135187799727,0.37364913540965744,0.3767137681664361,185028000
2014-01-24,0.3668125867843628,0.3748277810897234,0.3668125867843628,0.3734133267703992,246696000
2014-01-27,0.36445510387420654,0.37199879306154404,0.36233342284801545,0.36681250850165453,233812000
2014-01-28,0.36799126863479614,0.36822702037557464,0.36233347977847163,0.36374793401817385,167996000
2014-01-29,0.36445510387420654,0.3686984378241089,0.3642193521704698,0.36657675679791774,162944000
2014-01-30,0.37058448791503906,0.37129171515424525,0.36539817356251986,0.36657687626036717,202896000
2014-01-31,0.37011295557022095,0.37223460885925336,0.3651623937591657,0.36539811740101114,335348000
2014-02-03,0.3651624619960785,0.37317762936628973,0.3637480074707518,0.3727061538920108,431728000
2014-02-04,0.36728405952453613,0.3679912866790658,0.363040724699844,0.3649266544110945,280692000
2014-02-05,0.3639836013317108,0.36586953051303794,0.36115469350848123,0.3646908282875182,214676000
2014-02-06,0.3686985373497009,0.36964148821422604,0.36398372682210045,0.364455202254363,168380000
2014-02-07,0.3741205036640167,0.37459197900628305,0.3663410621579348,0.3696414176562813,157248000
2014-02-10,0.3752993047237396,0.38024986737506794,0.37341337475644837,0.37364912654079335,324372000
2014-02-11,0.3830786943435669,0.3840216451432158,0.3755350036389193,0.3774209052382171,235384000
2014-02-12,0.39675173163414,0.3995806408233078,0.38425747639028673,0.38425747639028673,744528000
2014-02-13,0.4092457890510559,0.4116032216032909,0.39958044766853795,0.4066526610178096,902836000
2014-02-14,0.422211617231369,0.4231545679391322,0.40523827967177006,0.40547403139995225,817536000
2014-02-18,0.42197588086128235,0.42386181044793114,0.41843977342474736,0.42244738433480744,428988000
2014-02-19,0.4276336431503296,0.4314055020901457,0.42008992527069733,0.4219758547406054,450340000
2014-02-20,0.44272109866142273,0.4436640494470605,0.42786944112147424,0.42857664015946,398088000
2014-02-21,0.4394206702709198,0.4476716152720682,0.43659179009758786,0.44201382682292206,451052000
2014-02-24,0.4457857012748718,0.44908605690799425,0.43447015208597844,0.4384777348126223,403112000
2014-02-25,0.4437728822231293,0.44708816841424454,0.43903678328957285,0.4451937231949467,242184000
2014-02-26,0.4430624544620514,0.44945618186411973,0.44164161360409215,0.4428256382426002,360884000
2014-02-27,0.4380894899368286,0.44756168596918033,0.4369054654327847,0.44306240414556164,388848000
2014-02-28,0.4352479577064514,0.43998405703855037,0.4288542010246148,0.4357215619937856,321692000
2014-03-03,0.4331165850162506,0.4331165850162506,0.42174994388779763,0.4255388336737391,375948000
2014-03-04,0.4376159906387329,0.440457644483456,0.4345375205447088,0.435247941063234,260344000
2014-03-05,0.4414047598838806,0.44164157608321253,0.4352478492243409,0.437142265901509,241472000
2014-03-06,0.4352479577064514,0.4444833401122929,0.4345375371607608,0.4421152904462434,290144000
2014-03-07,0.4347742795944214,0.4378527494833185,0.4314590217013788,0.43714232901213057,268452000
2014-03-10,0.4283805191516876,0.43524787887708527,0.4264860741160823,0.4333534338414799,300888000
2014-03-11,0.43264296650886536,0.43643185616921065,0.42909089303830555,0.4305117054889071,297220000
2014-03-12,0.4338270425796509,0.4364319080595195,0.4288541278378558,0.43051175667532954,239428000
2014-03-13,0.4200923442840576,0.4364319008594095,0.4179610830458604,0.43477424381990937,385172000
2014-03-14,0.42198678851127625,0.4257756788059076,0.4158298770692195,0.4158298770692195,460048000
2014-03-17,0.42198678851127625,0.4262492830353927,0.4215131842817912,0.42317081319967664,299656000
2014-03-18,0.43193262815475464,0.4347742818247075,0.42175000996049555,0.4236444551502561,293904000
2014-03-19,0.43951043486595154,0.44779863712157075,0.43406391485997525,0.43524796795024606,366168000
2014-03-20,0.4397472143173218,0.4435361048467466,0.4352479315143347,0.43714234854967005,191800000
2014-03-21,0.4390367567539215,0.44708814139196257,0.4366687074302697,0.4435360674064848,566116000
2014-03-24,0.43690553307533264,0.4428256565121172,0.430511777180105,0.43927358245004644,306096000
2014-03-25,0.43690553307533264,0.442115236053828,0.43359024701310805,0.4416416318247603,304424000
2014-03-26,0.4269597828388214,0.4492194680550255,0.42317089184007756,0.44093129369598133,557756000
2014-03-27,0.42127639055252075,0.4295645632586071,0.41654026363395363,0.426012489241713,540728000
2014-03-28,0.4238812029361725,0.4264860683536058,0.4193819207381039,0.42056594534068753,398820000
2014-03-31,0.4241180121898651,0.4283805063351055,0.4217499630235508,0.42459161637725346,273404000
2014-04-01,0.441641628742218,0.44685133168435104,0.4324062193076696,0.43761595047917773,656272000
2014-04-02,0.4387999176979065,0.442588779237231,0.43690547281355857,0.4416415709097427,239948000
2014-04-03,0.44353604316711426,0.454192264541182,0.43951033695341235,0.43974715316458535,599548000
2014-04-04,0.4298013746738434,0.4485089812243743,0.42790692957349696,0.4459041156827262,368032000
2014-04-07,0.431222140789032,0.43951031250787487,0.4276700671952422,0.4300381162577687,428576000
2014-04-08,0.446614533662796,0.44779855831531573,0.4305117645132788,0.43122218495066555,470692000
2014-04-09,0.44614091515541077,0.45253467106225304,0.44258884108688745,0.448745780764078,421968000
2014-04-10,0.4352479577064514,0.45040346427741657,0.43382711661507023,0.4442465520833152,372748000
2014-04-11,0.4290909767150879,0.4385631744837484,0.4234076411162659,0.43193263039981084,353112000
2014-04-14,0.4338270425796509,0.43548467141712455,0.42909094405579806,0.43193259752423496,290184000
2014-04-15,0.43690553307533264,0.43927358245004644,0.4300381729510373,0.4343006674713973,304636000
2014-04-16,0.43785274028778076,0.4395103691994895,0.4324062210955592,0.43903676497176913,235136000
2014-04-17,0.43951043486595154,0.44353614197648583,0.43524796795024606,0.4361951765472074,153532000
2014-04-21,0.4430624544620514,0.44424647910055937,0.4369055150500602,0.43974716853660456,117004000
2014-04-22,0.4468512535095215,0.4496929348257034,0.44140473529266633,0.4437727842365711,255120000
2014-04-23,0.4520609974861145,0.4532450219939928,0.44685126706795325,0.44756168741855445,261580000
2014-04-24,0.4560866951942444,0.4608227934337243,0.4551394868380973,0.4551394868380973,391492000
2014-04-25,0.44353604316711426,0.4594019953520025,0.44258880655179544,0.4551395011565008,313600000
2014-04-28,0.441641628742218,0.4494561972701051,0.4361951095725164,0.44708814791191964,226788000
2014-04-29,0.44258880615234375,0.4442464631703123,0.43761591978655756,0.4432992265558484,171300000
2014-04-30,0.4373791217803955,0.4423520365825398,0.43643191335587955,0.44187843237028185,305740000
2014-05-01,0.4397472143173218,0.4449569176232481,0.4361951400320024,0.44400970910558046,198104000
2014-05-02,0.43643200397491455,0.44187852412021095,0.43382713792257016,0.44187852412021095,156376000
2014-05-05,0.44116804003715515,0.4444832979634986,0.43548470443994,0.4359583086823639,239260000
2014-05-06,0.4321694076061249,0.44921935640404065,0.43098538299197275,0.445430494576378,416188000
2014-05-07,0.43264296650886536,0.4361950399794251,0.427906868548119,0.4321693623586648,293900000
2014-05-08,0.4380894899368286,0.4449568207685352,0.4288540818676632,0.43098534291256485,432728000
2014-05-09,0.4274332523345947,0.4288540930683048,0.419381896788562,0.4248284152952884,539532000
2014-05-12,0.43998387455940247,0.4409310827412251,0.4281436029104169,0.4283804190705561,299856000
2014-05-13,0.432879775762558,0.44116797583092976,0.43145896324206695,0.43406380031098657,221104000
2014-05-14,0.42861729860305786,0.43477423778883345,0.4283805106216807,0.433116609001701,214320000
2014-05-15,0.426249235868454,0.4300381257438228,0.4219867418160071,0.4276700766290603,325896000
2014-05-16,0.4253021478652954,0.4283806182314993,0.4229340980804278,0.4229340980804278,283960000
2014-05-19,0.4390367567539215,0.4414048060775734,0.4279069305786328,0.4298013756834292,360076000
2014-05-20,0.43392202258110046,0.4403451986144936,0.43178097335643434,0.4391557205209247,256200000
2014-05-21,0.43392202258110046,0.4393936274833964,0.43130515943149095,0.435587286240218,216712000
2014-05-22,0.4358251988887787,0.4382041551069541,0.43297045709884724,0.43297045709884724,130364000
2014-05-23,0.43986937403678894,0.44201045143095696,0.43558724760784506,0.4382041105253642,182656000
2014-05-27,0.4477199912071228,0.4477199912071228,0.4410589079573128,0.4424862930677706,209680000
2014-05-28,0.4515262544155121,0.4543809957827452,0.44510307924938985,0.449385205479935,224676000
2014-05-29,0.4508126378059387,0.45509476475669386,0.4498610666432801,0.45128842338726805,171884000
2014-05-30,0.4520021677017212,0.45319164597095996,0.44843373289400484,0.45081268943248237,239128000
2014-06-02,0.45057475566864014,0.4562842393186991,0.4467684143290038,0.4534294974936696,181500000
2014-06-03,0.4486715495586395,0.4520020766981992,0.44272413105046604,0.45152629115817544,243212000
2014-06-04,0.44914737343788147,0.45247790086173495,0.4472442027559385,0.44748210972595476,161236000
2014-06-05,0.45105046033859253,0.45247781681537597,0.4472441196817226,0.4498609824282445,188696000
2014-06-06,0.45271557569503784,0.45675979359581087,0.4515260981736704,0.4531913610317086,161052000
2014-06-09,0.45319148898124695,0.4574736149390184,0.44914726993866966,0.45223991803924846,247456000
2014-06-10,0.4555705189704895,0.4577115964781447,0.44962312871488136,0.4515262992685547,217608000
2014-06-11,0.4615180492401123,0.4627075275790033,0.4539053651836895,0.4539053651836895,266228000
2014-06-12,0.46437275409698486,0.46651380359040096,0.45747376327266953,0.4615180119859639,337148000
2014-06-13,0.46484848856925964,0.4693685224104296,0.4603284547280897,0.46913061544427503,227852000
2014-06-16,0.4634210169315338,0.46651366511691,0.459376797778068,0.4627073528851615,198620000
2014-06-17,0.4665137529373169,0.4684169235911546,0.46151796187531235,0.4638969181027608,157608000
2014-06-18,0.46603792905807495,0.46817900650243144,0.4610421100473028,0.4653242365766228,215536000
2014-06-19,0.4553326666355133,0.45985267214669245,0.45200211088465914,0.4574737159072518,474592000
2014-06-20,0.4503368139266968,0.4581873746088814,0.4467683798311031,0.4565221110361497,353148000
2014-06-23,0.44510307908058167,0.44534095765144954,0.43915566105863113,0.44438938664919636,414200000
2014-06-24,0.43820416927337646,0.4479579014269757,0.4363009985654307,0.444389466984351,275780000
2014-06-25,0.4427241086959839,0.44296201563367976,0.4353493622995056,0.43939358172459264,215420000
2014-06-26,0.4367768168449402,0.44296211501887905,0.43534945997669144,0.4427242080278052,256908000
2014-06-27,0.4372525215148926,0.43986935596551124,0.43368405933788334,0.43630092214789307,302820000
2014-06-30,0.441058874130249,0.44224835217793806,0.43558726943900067,0.43558726943900067,180512000
2014-07-01,0.44605469703674316,0.4486715601074896,0.4391557072863179,0.44058309229934217,321180000
2014-07-02,0.4443894922733307,0.4462926630895806,0.44177262885606233,0.4443894922733307,179284000
2014-07-03,0.44843363761901855,0.4496231156355388,0.4403451700910453,0.4403451700910453,136892000
2014-07-07,0.44486522674560547,0.4493852604594983,0.4441515342266335,0.44914735350004287,127496000
2014-07-08,0.4412968158721924,0.4455789428533236,0.43701468889106115,0.4436757721551102,221940000
2014-07-09,0.4546188712120056,0.4565220414447517,0.4417724934105112,0.4451030484076641,387668000
2014-07-10,0.4522400200366974,0.45414319070932135,0.44248628806412155,0.44605472244051825,266308000
2014-07-11,0.45319148898124695,0.4546188737536338,0.45105044018205576,0.4527157035102477,191188000
2014-07-14,0.4589010775089264,0.46009055556777134,0.45342947276636086,0.455094736376865,272636000
2014-07-15,0.46080416440963745,0.4619936422525164,0.45652203850339557,0.4596146865667585,395440000
2014-07-16,0.4603284001350403,0.4662758183490079,0.4577115656146621,0.4627073844362624,319728000
2014-07-17,0.4591389298439026,0.4638968701665386,0.45509471034702387,0.45509471034702387,324832000
2014-07-18,0.43867993354797363,0.45319157758671497,0.437966241022243,0.44962314331745673,567816000
2014-07-21,0.4412968158721924,0.44438946471186475,0.43701468889106115,0.43701468889106115,243364000
2014-07-22,0.43939363956451416,0.44700629390078594,0.43844206840725347,0.4446273376482388,298816000
2014-07-23,0.4301157593727112,0.4398694928533287,0.429639973720842,0.43963161420709407,297352000
2014-07-24,0.4308292269706726,0.43368396775000834,0.42773657930998177,0.432494490062003,254576000
2014-07-25,0.42321667075157166,0.43035353848689134,0.4225029783061614,0.42940193910654717,266132000
2014-07-28,0.42155134677886963,0.4251197803744054,0.414414479587798,0.4251197803744054,330352000
2014-07-29,0.42297884821891785,0.42868836056209914,0.4215514630432733,0.42178937002567973,217972000
2014-07-30,0.4301157593727112,0.43130523768208406,0.4244062748314813,0.4255957531408542,246184000
2014-07-31,0.4163176715373993,0.4282124508089973,0.41560397910922525,0.42488192395670615,401880000
2014-08-01,0.42083775997161865,0.4232167161385178,0.4148903411949763,0.4163177262388736,219884000
2014-08-04,0.41988605260849,0.4239302713812642,0.41774500395213515,0.420361838047748,241724000
2014-08-05,0.42012402415275574,0.4263093208930103,0.4151282053733661,0.4186966392559611,298136000
2014-08-06,0.4196483790874481,0.42488207819498075,0.4141767729643636,0.41726939401013213,223456000
2014-08-07,0.41536620259284973,0.427023077799296,0.41251143217875064,0.42321676451282675,407696000
2014-08-08,0.4520021677017212,0.4543811242401987,0.4334463010297164,0.4334463010297164,894348000
2014-08-11,0.44962310791015625,0.45438101989448715,0.44843362991407354,0.4524778494288763,344624000
2014-08-12,0.44962310791015625,0.45200206390232167,0.4446272889828518,0.44938522932657515,296152000
2014-08-13,0.4522400200366974,0.4560463613819454,0.44748210753483514,0.45033684936407337,256596000
2014-08-14,0.44724419713020325,0.4539052802535183,0.4453410264721996,0.4539052802535183,255992000
2014-08-15,0.4529538154602051,0.45557065091493626,0.4443895596679531,0.4486716875640791,369796000
2014-08-18,0.4591389298439026,0.45961474372774075,0.45033679838378016,0.45485680340510476,284076000
2014-08-19,0.46284258365631104,0.4652320629211321,0.45758570648583285,0.4592583647590794,248260000
2014-08-20,0.4599752128124237,0.46332050107089073,0.4587804731097229,0.4611699525151245,221468000
2014-08-21,0.45567408204078674,0.461169889620659,0.4549572611047996,0.4587804105411352,272796000
2014-08-22,0.45591312646865845,0.45973630510367774,0.4523289071801439,0.45519627691398695,251224000
2014-08-25,0.4566299319267273,0.4609310003545605,0.4556741231178532,0.4578246715741899,153380000
2014-08-26,0.46475425362586975,0.46571003410415474,0.45615211538192635,0.4578247454613474,269636000
2014-08-27,0.4594973921775818,0.46547109159526157,0.45878054255049106,0.46188687194465367,182972000
2014-08-28,0.4633205831050873,0.4642763636425391,0.45710792415711127,0.4585416234481354,179704000
2014-08-29,0.46475425362586975,0.46571003410415474,0.4599752657799109,0.4649931845030187,207932000
2014-09-02,0.4659489691257477,0.4659489691257477,0.4616479002284567,0.4659489691257477,192636000
2014-09-03,0.47025009989738464,0.4719227301095108,0.46523218077615924,0.46833851030430607,259456000
2014-09-04,0.4786132276058197,0.48148062592730245,0.46929424003068837,0.4695331993857599,491832000
2014-09-05,0.47717949748039246,0.48028582647052986,0.474073168490255,0.4781352778689692,253792000
2014-09-08,0.47287848591804504,0.4776574454082366,0.47096689642499934,0.4767016649041365,319288000
2014-09-09,0.46690478920936584,0.4738342976004408,0.46642689895459927,0.47072796821718965,198588000
2014-09-10,0.46857744455337524,0.47025010326231725,0.4642763750593833,0.4695332535991774,172376000
2014-09-11,0.46379849314689636,0.4669048227533163,0.4587805738992298,0.4652321924990433,250720000
2014-09-12,0.456868976354599,0.46666585529348203,0.4563910860737663,0.46666585529348203,262536000
2014-09-15,0.4506562650203705,0.45901944313404125,0.448744675754563,0.4583025935987582,294152000
2014-09-16,0.4573468863964081,0.45973636623983966,0.448027897916117,0.4494615972161146,219936000
2014-09-17,0.45758578181266785,0.46188685089434695,0.45400156232540934,0.4561521111086711,173584000
2014-09-18,0.4645152688026428,0.46499315901559096,0.4590194601416314,0.460453159265319,219604000
2014-09-19,0.45591312646865845,0.4664268534725401,0.45519627691398695,0.46594896326437335,601316000
2014-09-22,0.4513731300830841,0.4652321171308907,0.4508952113865601,0.4652321171308907,221464000
2014-09-23,0.4494614899158478,0.4544793792982217,0.4473109414792534,0.448983571273378,196144000
2014-09-24,0.45208999514579773,0.4535236944051803,0.44874473485369953,0.44922262511187844,159592000
2014-09-25,0.4422929883003235,0.45280671335298783,0.44133720806137106,0.45161197381187856,298440000
2014-09-26,0.4432489275932312,0.44659418789982525,0.4418152283276361,0.44372681785348095,241188000
2014-09-29,0.4425320327281952,0.4456383618295821,0.43536359410261444,0.43966466297493145,208540000
2014-09-30,0.44085946679115295,0.4439657963438079,0.4356025882474997,0.4406205074083152,277204000
2014-10-01,0.4365583062171936,0.4446825247509049,0.4353635665219513,0.44157622433114785,350976000
2014-10-02,0.4346468150615692,0.43799207556898206,0.4246109765696354,0.43584155502633776,288996000
2014-10-03,0.4356025159358978,0.44324887309921684,0.4356025159358978,0.43727517436840035,239140000
2014-10-06,0.4329741299152374,0.4408594183799794,0.43010673157544466,0.4372751989400825,199032000
2014-10-07,0.42843419313430786,0.4353637026238982,0.4279563028037827,0.4310626326794714,301896000
2014-10-08,0.4363193213939667,0.43846986981067027,0.4246108559737083,0.42795614401585624,260172000
2014-10-09,0.42795616388320923,0.4348856711233843,0.4243719448404831,0.4344077524631481,306956000
2014-10-10,0.40262770652770996,0.4260446421635437,0.4023887756445966,0.42461094292548196,691376000
2014-10-13,0.4011939764022827,0.41338033266782764,0.400716086221933,0.4052560856625173,397628000
2014-10-14,0.4105129837989807,0.42174353178522994,0.40430032568666785,0.4066898051937355,376620000
2014-10-15,0.41672560572624207,0.4188761543337709,0.401910838753137,0.40453924907143834,404428000
2014-10-16,0.416964590549469,0.42174354976736766,0.40836245256331394,0.4093182614978,351116000
2014-10-17,0.41624781489372253,0.4267615441312011,0.41457518456737447,0.4219825840645787,290716000
2014-10-20,0.41983193159103394,0.4236551100970956,0.41338034278629154,0.41624771242341685,200336000
2014-10-21,0.4377531111240387,0.4382310013763582,0.4217435740349954,0.42293831390821685,351092000
2014-10-22,0.4274783134460449,0.43846993092611825,0.4274783134460449,0.4370362317818153,239512000
2014-10-23,0.4370362460613251,0.4401425753189138,0.4317793965018603,0.4348857257594491,214476000
2014-10-24,0.441576212644577,0.444204622813643,0.437036184831906,0.43966462348581237,210156000
2014-10-27,0.44181519746780396,0.4434878275042714,0.4365583480025446,0.44133730724093384,145092000
2014-10-28,0.4523289203643799,0.45280681058647587,0.44014256303429206,0.44062045325638804,192580000
2014-10-29,0.4494614899158478,0.4530457088253319,0.44539935236389383,0.4504172702311076,168340000
2014-10-30,0.4465941786766052,0.4501783982817245,0.4408594387023525,0.44826683728020383,170260000
2014-10-31,0.46690478920936584,0.46714374857917196,0.45447947167636127,0.45686895143503975,256316000
2014-11-03,0.4747900068759918,0.4793300348272361,0.4724005274758132,0.47765737645923795,308732000
2014-11-04,0.48100271821022034,0.48267534827941644,0.47001110035291244,0.4778963889475164,360196000
2014-11-05,0.48100271821022034,0.48410904747292427,0.4774184987112953,0.48387011659723594,335652000
2014-11-06,0.4831533133983612,0.4838701630639552,0.47455114589608083,0.4819585449658064,394088000
2014-11-07,0.47287848591804504,0.4943838321087526,0.46809952642785346,0.48864909211446084,450800000
2014-11-10,0.4783743619918823,0.48148069160733525,0.47120589369514987,0.47240063366379736,293388000
2014-11-11,0.4726395308971405,0.47813531124231956,0.4685773927500513,0.4755069007478522,212992000
2014-11-12,0.4695332944393158,0.47216170545298564,0.46308167539474065,0.4709669654054494,204584000
2014-11-13,0.467143714427948,0.47192267359593215,0.4633205356996232,0.4712058240237658,225328000
2014-11-14,0.47287848591804504,0.47287848591804504,0.4630816075692141,0.46762163617580343,160248000
2014-11-17,0.47072792053222656,0.4757458389110721,0.46762159146364807,0.47072792053222656,158732000
2014-11-18,0.48195844888687134,0.4831532170812478,0.46977209245567886,0.47096683216521373,207772000
2014-11-19,0.4801587462425232,0.48375816244700987,0.47511962076702147,0.4823183959652152,240300000
2014-11-20,0.4880775213241577,0.48855746266971395,0.47535967638024734,0.4767994432061227,220968000
2014-11-21,0.4907170534133911,0.49311664542865613,0.4866377527085191,0.492396762102998,198976000
2014-11-24,0.4938364326953888,0.4959960250415023,0.48999707477562265,0.4919167251301181,136004000
2014-11-25,0.49359655380249023,0.49719597060796206,0.4919168450301998,0.4928766704413958,190240000
2014-11-26,0.5019950866699219,0.5024750279157062,0.4904770116681332,0.490717010896416,219264000
2014-11-28,0.5031946897506714,0.5060742218640789,0.49911539073051925,0.5036746308398269,124832000
2014-12-01,0.4938364326953888,0.5039146828726526,0.4931165495097592,0.5010352073409094,190060000
2014-12-02,0.4945562779903412,0.49671587017099644,0.488797212946538,0.4933564537026252,245952000
2014-12-03,0.5072741508483887,0.5075140928371873,0.4955161352356364,0.4969559015899775,284424000
2014-12-04,0.502714991569519,0.5084740007128842,0.499355574336788,0.5065543500686904,185332000
2014-12-05,0.5055946111679077,0.5082341455575459,0.5027150774986343,0.5029550195674759,165680000
2014-12-08,0.49911555647850037,0.5099137482789158,0.49503625610368035,0.5048746226178056,226944000
2014-12-09,0.4974358081817627,0.49863563260185095,0.48855732487406317,0.4959960417619677,239448000
2014-12-10,0.48639774322509766,0.4979158189824888,0.4859178591586138,0.49599611108419767,204364000
2014-12-11,0.48615771532058716,0.49263660676001814,0.48519789014637055,0.48927719004487247,135652000
2014-12-12,0.47104036808013916,0.4839981533024395,0.47056042680084503,0.4796788820265418,323964000
2014-12-15,0.4696005880832672,0.4851979640814414,0.4681608214971613,0.4765593931701979,254696000
2014-12-16,0.46432146430015564,0.47655939450002976,0.46408152227206306,0.46912067673210345,185308000
2014-12-17,0.48327815532684326,0.483998038469593,0.45832238754563076,0.4736797897045429,345596000
2014-12-18,0.4851980209350586,0.4950363317416242,0.4806387786150836,0.48927732193316603,226156000
2014-12-19,0.48999708890914917,0.4919167393190152,0.48399808125945826,0.4885573224963612,325528000
2014-12-22,0.49863559007644653,0.49863559007644653,0.487837400059669,0.4895171083359193,148976000
2014-12-23,0.4955161511898041,0.50487457558356,0.49503620998597947,0.50247498398599,109280000
2014-12-24,0.49359655380249023,0.49743591265806375,0.4931166697022868,0.4967160292969694,45644000
2014-12-26,0.49407652020454407,0.49671605452207607,0.49239681134695173,0.4935965788691782,52636000
2014-12-29,0.49335652589797974,0.4967159428579514,0.4902370509463548,0.4926366426621602,82944000
2014-12-30,0.4887973666191101,0.4923967834031045,0.4880774832623112,0.48999719128403785,112120000
2014-12-31,0.48111864924430847,0.4921567831282716,0.47967885409565575,0.4895171920620312,166300000
2015-01-02,0.4830383360385895,0.48663775266657,0.4753596187060886,0.4830383360385895,113680000
2015-01-05,0.4748796820640564,0.48447807824539446,0.47272006080162515,0.4830383116668458,197952000
2015-01-06,0.46048209071159363,0.47607943666802344,0.46000217809555055,0.47559952405198036,197764000
2015-01-07,0.4592823088169098,0.46792085058958915,0.4578425423196665,0.46384152171586324,321808000
2015-01-08,0.4765594005584717,0.4794389337753259,0.4643214702030182,0.46456144083955353,283780000
2015-01-09,0.4784790277481079,0.48207844387734894,0.47176016531584,0.47823908574308466,209540000
2015-01-12,0.47247999906539917,0.4799187439445585,0.4681607287679965,0.47967877335927483,190732000
2015-01-13,0.47176024317741394,0.48567788295441955,0.46840082570952024,0.47607951463998727,236720000
2015-01-14,0.4736798405647278,0.47511960700481853,0.46552124035191766,0.4667210361835303,155260000
2015-01-15,0.47032052278518677,0.47991889146067385,0.4700805521261416,0.4770393865791067,188932000
2015-01-16,0.47895899415016174,0.47943890679082884,0.468160802405503,0.46960056893289503,181512000
2015-01-20,0.4803988039493561,0.48495798874905627,0.47439979528179055,0.4823184546849365,140308000
2015-01-21,0.48711755871772766,0.48831738313846484,0.47439971735395536,0.4777591628001645,144780000
2015-01-22,0.4955161511898041,0.49695591759050134,0.4830382519981295,0.48807737718979355,159712000
2015-01-23,0.49695587158203125,0.49791569669004276,0.4919166896461212,0.4959959892632485,120416000
2015-01-26,0.49479636549949646,0.4971959575699566,0.49167689008681953,0.49479636549949646,133240000
2015-01-27,0.47104036808013916,0.4875975698701815,0.4700805141269437,0.4871176285908874,357948000
2015-01-28,0.46336162090301514,0.47871902571219466,0.4631216502788909,0.4767993465353733,272728000
2015-01-29,0.47463977336883545,0.4772793074743434,0.46144198841972073,0.4636016384392022,235340000
2015-01-30,0.46072205901145935,0.4767993471068918,0.4600022043490055,0.47128028019393675,298200000
2015-02-02,0.47080039978027344,0.472720079090812,0.4544831685487848,0.4636016238197984,259604000
2015-02-03,0.48255836963653564,0.4830383108988834,0.4717602061307636,0.47415979802093516,183468000
2015-02-04,0.4837580919265747,0.4892771578283859,0.47967876369128887,0.48111855856858554,181516000
2015-02-05,0.49167680740356445,0.49191674940702407,0.48375814918161525,0.48423803318853453,140448000
2015-02-06,0.4895172119140625,0.496955986952328,0.4873575620115869,0.4911969205457265,210524000
2015-02-09,0.48903727531433105,0.49047698455052186,0.48351820874146834,0.486637683639642,273944000
2015-02-10,0.502714991569519,0.5029549335973472,0.4873575575728333,0.4895172074556392,226204000
2015-02-11,0.49935540556907654,0.5039145886108605,0.49599593226096655,0.5039145886108605,320832000
2015-02-12,0.5351094603538513,0.5399086437211773,0.5247912103930227,0.5279106853028623,676904000
2015-02-13,0.5353494882583618,0.5360693716000473,0.525751119983606,0.533909721574991,310084000
2015-02-17,0.5370292663574219,0.5396688580215068,0.5310303140161641,0.5343897319041321,203340000
2015-02-18,0.5307901501655579,0.53726909906894,0.5298303249538344,0.5363092166464393,170948000
2015-02-19,0.5322300791740417,0.5384690307722834,0.5298304868063176,0.5375092052673527,169432000
2015-02-20,0.5360692739486694,0.5363092159485937,0.5279106738434703,0.5317500318961456,157752000
2015-02-23,0.5317501425743103,0.5358294434759732,0.5291105511826308,0.5358294434759732,125008000
2015-02-24,0.5374107360839844,0.5374107360839844,0.5289798556667605,0.5337975180283357,149356000
2015-02-25,0.5333157777786255,0.5376517087607249,0.530906946376705,0.5352428199277336,123820000
2015-02-26,0.5347611904144287,0.5378926775791364,0.5304252586027957,0.5337976691555375,152864000
2015-02-27,0.5313888788223267,0.534520366231769,0.529461778722854,0.5333159214907129,157492000
2015-03-02,0.5443963408470154,0.547286961114843,0.5292206993030466,0.5299433543700035,301512000
2015-03-03,0.5342795252799988,0.5429513334882254,0.5325933483271624,0.5403016350524961,160344000
2015-03-04,0.5403015613555908,0.5415059486871553,0.5301844435874478,0.5323524097015686,226840000
2015-03-05,0.5506594181060791,0.5516229392353328,0.5388561263372689,0.5403014367466863,323056000
2015-03-06,0.5431919693946838,0.5501775395211813,0.542710180192724,0.5475278424880639,257392000
2015-03-09,0.5446372032165527,0.5487322677132784,0.5422283721525708,0.5434328164000931,222388000
2015-03-10,0.5540316104888916,0.5576448854670901,0.5460824629679122,0.5470459838184127,527212000
2015-03-11,0.5511412620544434,0.5612583210617375,0.5496959515016643,0.5540318257289217,262120000
2015-03-12,0.5460826754570007,0.5499368177897656,0.5357246930637928,0.5458418095084154,406972000
2015-03-13,0.5468051433563232,0.5482504534147206,0.5359653753494033,0.5434327915074362,359288000
2015-03-16,0.5533092021942139,0.55668161282119,0.5475280170825281,0.5511412936717586,236956000
2015-03-17,0.5600540041923523,0.560294870171025,0.5482507097710889,0.5521048525852859,299900000
2015-03-18,0.5509002208709717,0.5629443771834874,0.5458416924490352,0.5600538141271241,413844000
2015-03-19,0.5593310594558716,0.5612581011504735,0.548732215273447,0.5528272219477688,310756000
2015-03-20,0.5653533935546875,0.5687258043712448,0.5586086867837455,0.563908140268833,462084000
2015-03-23,0.5470461249351501,0.5557179296887594,0.5468052590181554,0.5484914352992638,426012000
2015-03-24,0.5395790934562683,0.5492144251808452,0.5371702605251241,0.545360281004793,330480000
2015-03-25,0.5068187117576599,0.5393379694937137,0.50513247782418,0.5393379694937137,542552000
2015-03-26,0.5051324963569641,0.507300462267196,0.4928474710611469,0.49646074757820013,311920000
2015-03-27,0.5150085687637329,0.5169356106177126,0.49983292751269137,0.508022941538698,318288000
2015-03-30,0.5171766877174377,0.5198263854123754,0.5106727903062795,0.5174175536630469,253252000
2015-03-31,0.504168689250946,0.5162128417607273,0.5036869576091844,0.5157311101189657,357276000
2015-04-01,0.5060960650444031,0.507782241575335,0.4974242590059813,0.5060960650444031,330768000
2015-04-02,0.5073001980781555,0.510431683618443,0.5029643259467855,0.5089863737643023,192204000
2015-04-06,0.5219942331314087,0.5236804092313867,0.4998329630784411,0.505132357269496,515864000
2015-04-07,0.5265709757804871,0.5323521585934303,0.5191035596090026,0.5219941797310044,413964000
2015-04-08,0.5304250717163086,0.5323521709861913,0.5219941918826392,0.5270527197828409,366432000
2015-04-09,0.5427102446556091,0.5443964209161549,0.5260892905331376,0.526330156447195,379432000
2015-04-10,0.5482504367828369,0.5484913026415761,0.5412648099998745,0.5431919091629632,258728000
2015-04-13,0.5431919693946838,0.5501775395211813,0.5407830808159492,0.547046053286104,236724000
2015-04-14,0.5386155843734741,0.543192384279076,0.5333161288285083,0.5410244173609843,220276000
2015-04-15,0.5451189875602722,0.5492139945895652,0.5374107052515665,0.5400604596001566,243560000
2015-04-16,0.5417467355728149,0.5465643985471488,0.5378925937071333,0.5419876014922098,155284000
2015-04-17,0.5347611904144287,0.540060643484953,0.5301843926458433,0.5304252586027957,293636000
2015-04-20,0.5321112871170044,0.540542166665524,0.5311477087991224,0.5371698148461161,231624000
2015-04-21,0.5313888788223267,0.5386153749754046,0.5287391233644376,0.5386153749754046,230456000
2015-04-22,0.5374107360839844,0.5381333911813272,0.5263301011661483,0.5345201731256786,207420000
2015-04-23,0.5352429747581482,0.5403015623672349,0.5215126375385163,0.5275347465008761,259380000
2015-04-24,0.5306660532951355,0.5352427925227007,0.5246439463831375,0.5350019266241625,240960000
2015-04-27,0.5347611904144287,0.5441556519085519,0.5277755607830744,0.5323523585516599,248456000
2015-04-28,0.5374107360839844,0.5393378354872538,0.5287389323469359,0.5337975180283357,234484000
2015-04-29,0.5333157777786255,0.5388560957461498,0.5311478122875758,0.5335566436894963,195156000
2015-04-30,0.5347611904144287,0.53741088823415,0.5294617373439044,0.5306661819908297,218844000
2015-05-01,0.5480096340179443,0.5496958100853696,0.536688075887844,0.5390969070457465,256968000
2015-05-04,0.5446372032165527,0.5511410987772603,0.5429510272148717,0.5475278234657561,200720000
2015-05-05,0.5306660532951355,0.5434328648147462,0.5282572220165498,0.5427102096880637,292928000
2015-05-06,0.5323522686958313,0.5386152419681185,0.5253666402435824,0.5335566557083862,316484000
2015-05-07,0.5417467355728149,0.5434329118707245,0.5284981336778605,0.53018430997577,534564000
2015-05-08,0.501759946346283,0.5260891788651753,0.4935699326960283,0.5060958764654009,1146552000
2015-05-11,0.49694234132766724,0.5020009270450977,0.4909202920483379,0.494774376020197,544144000
2015-05-12,0.501759946346283,0.5058549531714104,0.4930881435391065,0.4933290668330971,388800000
2015-05-13,0.5046506524085999,0.5092274491704484,0.4998329897427811,0.5053733075515796,308524000
2015-05-14,0.512840747833252,0.5154905029165042,0.5048915974456514,0.5060960420164167,293052000
2015-05-15,0.5130816698074341,0.5174175439019978,0.5099501828492744,0.5150087121981117,215824000
2015-05-18,0.5123589038848877,0.515490390166654,0.5094682834921602,0.5118771146757446,324972000
2015-05-19,0.5091646313667297,0.5147305947616965,0.5081965925787175,0.513036555731131,253808000
2015-05-20,0.5091646313667297,0.5154565950042497,0.5086806119727236,0.5094066122152768,196824000
2015-05-21,0.5055346488952637,0.511584631908523,0.5050506294833139,0.50940663110012,239692000
2015-05-22,0.5048084855079651,0.5086804664616753,0.5035985239144343,0.5067445048332679,212592000
2015-05-26,0.50166255235672,0.5057765144814829,0.4977905710343252,0.5023885524607252,259732000
2015-05-27,0.5285243988037109,0.5309443799899333,0.5033565483094761,0.5050505293701415,432332000
2015-05-28,0.5357843637466431,0.5374783448749187,0.527556438924474,0.5285244198982165,327656000
2015-05-29,0.535542368888855,0.5391723118694614,0.534816368753353,0.5357843497017212,335168000
2015-06-01,0.5415922403335571,0.54691622157634,0.5355423167228881,0.5389302785606146,372660000
2015-06-02,0.5309443473815918,0.5411082908182607,0.5304603280953127,0.5382042904943841,224304000
2015-06-03,0.525136411190033,0.5365103164434503,0.5241683726050146,0.5323963543962716,250788000
2015-06-04,0.5345743298530579,0.5362683107528581,0.5219904058009447,0.5219904058009447,323712000
2015-06-05,0.5386885404586792,0.541108522532565,0.5273145727841845,0.5328805373238142,313320000
2015-06-08,0.5263463854789734,0.5406242914355212,0.5202964615106962,0.5369943485939351,342812000
2015-06-09,0.5290083289146423,0.5328802520021654,0.5258623481333602,0.526830328905241,256888000
2015-06-10,0.5195705890655518,0.526104533943369,0.5166665879212262,0.5227165710729327,529460000
2015-06-11,0.525136411190033,0.5287663539447024,0.5195704489622266,0.5195704489622266,283052000
2015-06-12,0.5108586549758911,0.5248945262006477,0.509648635239198,0.5217485441215456,323728000
2015-06-15,0.5098904967308044,0.5123104776668672,0.5043245348081704,0.5081964581483536,306548000
2015-06-16,0.5161826610565186,0.5169086614727814,0.5038407693739027,0.5089227145908165,256892000
2015-06-17,0.522232711315155,0.525136713347338,0.514730782994593,0.5159407453767139,233544000
2015-06-18,0.5309443473815918,0.5343323092948484,0.5251364044307377,0.5265884045926761,299404000
2015-06-19,0.5292503833770752,0.5353003073164009,0.5244104211468543,0.5309443643879624,355656000
2015-06-22,0.527072548866272,0.5331225324056494,0.5190866029045684,0.5302185310752412,514236000
2015-06-23,0.5135206580162048,0.5321545133911306,0.50940669444228,0.5280405498172058,414064000
2015-06-24,0.5084386467933655,0.5154566108897201,0.5060186651425791,0.5127945906860154,253368000
2015-06-25,0.5123106837272644,0.5154566659792053,0.508438701132805,0.508438701132805,350460000
2015-06-26,0.5019046068191528,0.5086805895520194,0.4997266638844005,0.508196570179347,421296000
2015-06-29,0.4869007170200348,0.5011786238467981,0.48617471686808883,0.4960966227831762,391724000
2015-06-30,0.4866587817668915,0.4919827647785344,0.48327081880353556,0.48980476386055544,315916000
2015-07-01,0.4936767816543579,0.5057766914602154,0.4893208372030176,0.4987587841606628,302892000
2015-07-02,0.4941607415676117,0.4973067235076635,0.49101475962755986,0.4934347412970679,145764000
2015-07-06,0.4881106913089752,0.49682263565853146,0.4844807481531887,0.4900467109960467,214776000
2015-07-07,0.478914737701416,0.4871426912311184,0.46366885011114417,0.48520672931679026,594252000
2015-07-08,0.4755268394947052,0.479156811845235,0.471654857448091,0.47625283973450233,332492000
2015-07-09,0.4697188436985016,0.48520677113561006,0.46681487172827096,0.48302877052159626,357588000
2015-07-10,0.47794675827026367,0.48230273028831383,0.47455876721246815,0.4757687578370125,216708000
2015-07-13,0.4810926616191864,0.4837546232522798,0.4779466807360329,0.48278664244905445,212472000
2015-07-14,0.48133474588394165,0.4823027557437389,0.4750428116133005,0.48181876523806705,249216000
2015-07-15,0.47794675827026367,0.4832707112485685,0.47359078625221346,0.4801247298550627,265732000
2015-07-16,0.4885947108268738,0.4885947108268737,0.4791567663034584,0.4808507474696756,282848000
2015-07-17,0.4856908321380615,0.4873848137297679,0.4793988675420545,0.48690085195894933,220372000
2015-07-20,0.47673678398132324,0.4876267288238237,0.47552679331531794,0.48569070914007156,188412000
2015-07-21,0.478914737701416,0.48569069094692036,0.47576875631795484,0.47576875631795484,149720000
2015-07-22,0.4697188436985016,0.47552681648741724,0.46391089975804034,0.47552681648741724,356472000
2015-07-23,0.4755268394947052,0.4825447744996806,0.4697188664247839,0.47068687636066536,169916000
2015-07-24,0.46996092796325684,0.4793988455763689,0.46802493672638645,0.47891485497926606,188844000
2015-07-27,0.46729883551597595,0.47262278863157575,0.46197488240037615,0.4658468351896975,192420000
2015-07-28,0.4774627983570099,0.48060875110346557,0.46366888127536426,0.4685088440833932,198308000
2015-07-29,0.48327070474624634,0.48714268623207235,0.47455876082736365,0.47649475157027665,232680000
2015-07-30,0.4844808280467987,0.4893207915172553,0.4820608174631125,0.4820608174631125,190180000
2015-07-31,0.48278674483299255,0.4866586977154612,0.4798827729590277,0.486416716887562,218340000
2015-08-03,0.4910147786140442,0.49149874034851104,0.48036684154740195,0.4866587768223441,397132000
2015-08-04,0.4929506778717041,0.4944026782831511,0.4873847147590968,0.4893207345399957,260100000
2015-08-05,0.49803292751312256,0.5055348564484062,0.4970648882917833,0.5050508368377367,234628000
2015-08-06,0.4948866665363312,0.5004526292989756,0.48665868395444034,0.4968226284985965,655676000
2015-08-07,0.5561124682426453,0.565550358516125,0.5294926061163291,0.543528537615436,1405248000
2015-08-10,0.5754722952842712,0.5795862590703798,0.5488524345792235,0.5522404556650694,662304000
2015-08-11,0.5725681185722351,0.5781340814503348,0.5670021556941353,0.5670021556941353,435008000
2015-08-12,0.5740201473236084,0.5781341100549863,0.5633722403896357,0.5633722403896357,384048000
2015-08-13,0.5691802501678467,0.5759562336885777,0.5677282495779103,0.5747462139646587,276884000
2015-08-14,0.5696641206741333,0.5730520827003533,0.5653081200430781,0.5686960820692981,214652000
2015-08-17,0.566034197807312,0.5686961600935735,0.5590162342923584,0.5686961600935735,273880000
2015-08-18,0.5608823299407959,0.5681728209336895,0.5565080005812566,0.5642845474828785,287084000
2015-08-19,0.5586950778961182,0.5664716235816972,0.5526196407155728,0.5601531874546221,249248000
2015-08-20,0.538524866104126,0.5550499578416196,0.535851645192718,0.5523767948698907,426932000
2015-08-21,0.5217567682266235,0.543628245977303,0.5212707122118457,0.5346366442515477,382664000
2015-08-24,0.5032873153686523,0.530505167064499,0.4860331156598289,0.4925945506697868,682284000
2015-08-25,0.49283772706985474,0.5273460769163301,0.49283772706985474,0.5254019110724901,622684000
2015-08-26,0.5300193428993225,0.5305053989397772,0.504988644579505,0.5088769190840793,614976000
2015-08-27,0.5499463081359863,0.5501893070072459,0.5324491147331131,0.5356083318180664,463764000
2015-08-28,0.5523767471313477,0.5557789647903659,0.5460583097990713,0.549946583383524,320944000
2015-08-31,0.5463013052940369,0.5535918544305012,0.5441141984927712,0.5497035808709447,219352000
2015-09-01,0.5239438414573669,0.5394969376451632,0.5200556253500989,0.530505336502664,353408000
2015-09-02,0.539739727973938,0.5399827269017653,0.5292900208618033,0.5382816185276572,344044000
2015-09-03,0.5411979556083679,0.5504326121583948,0.5402259017451206,0.5477593916098759,262556000
2015-09-04,0.5285610556602478,0.5404688742354726,0.5283180566912642,0.5319632729846925,287972000
2015-09-08,0.5511617660522461,0.5533489313221323,0.539254001442137,0.5414411087723355,238448000
2015-09-09,0.5402258634567261,0.5574800066104124,0.5390107527590343,0.5528627366023182,289392000
2015-09-10,0.5487315058708191,0.5555359995418482,0.5346365784531576,0.5370667423485943,357076000
2015-09-11,0.5504326820373535,0.5540778989722189,0.5404689693400524,0.5426561342647788,301584000
2015-09-14,0.551404595375061,0.5548068124303661,0.5484883762192774,0.5531057039027136,192460000
2015-09-15,0.5574801564216614,0.5603963765280616,0.5499466650663708,0.5516477741485435,327976000
2015-09-16,0.5613681077957153,0.5645273251145311,0.5523765115574126,0.556507782372868,173508000
2015-09-17,0.5664716362953186,0.5761922896506266,0.565256525656073,0.5710889060813249,268712000
2015-09-18,0.5659856796264648,0.5708460071557692,0.5552929706499301,0.5586951883325083,326412000
2015-09-21,0.571817934513092,0.5730330450963146,0.5637983900707402,0.566714609118745,281840000
2015-09-22,0.5562648773193359,0.5633123677531929,0.553348658397834,0.5594240951710767,228356000
2015-09-23,0.558938205242157,0.5623404230337831,0.5545639335014487,0.5567510404019647,161632000
2015-09-24,0.5696306824684143,0.5754630611329752,0.5467871076277769,0.5555357045944416,382440000
2015-09-25,0.5737619400024414,0.5849406993190628,0.5681725603441307,0.576678100298313,369692000
2015-09-28,0.5662285685539246,0.5774073312862605,0.5625833525853637,0.5737621153176997,395584000
2015-09-29,0.5761922001838684,0.5771642537805333,0.5642843842906722,0.5723039278575538,380736000
2015-09-30,0.5990357398986816,0.5997647946047836,0.5781363261628448,0.5815385428315492,556380000
2015-10-01,0.5873709321022034,0.6007367987540075,0.570359734280476,0.5990356905597652,489296000
2015-10-02,0.6026811599731445,0.6026811599731445,0.5781364667386731,0.5842119047869002,386144000
2015-10-05,0.6177482604980469,0.6252817511396243,0.6034102762327452,0.6065694950688177,482024000
2015-10-06,0.6257677674293518,0.628440930144417,0.6087566213577422,0.6111867850822579,453216000
2015-10-07,0.6323291063308716,0.6386475426296874,0.6170190714297658,0.6272257806770578,310152000
2015-10-08,0.6359742879867554,0.6376753962910364,0.6189630890646326,0.6296558526053365,460068000
2015-10-09,0.6335442066192627,0.6386475321896519,0.6216363890153577,0.6325720949432864,423248000
2015-10-12,0.6403486132621765,0.6439938870416603,0.6296559067417928,0.6342731762762575,227588000
2015-10-13,0.6415637135505676,0.645451928266805,0.6330581134945631,0.6352452777271916,298444000
2015-10-14,0.6648932695388794,0.675342976607126,0.641563692315344,0.6422926890957642,612148000
2015-10-15,0.6665945649147034,0.6802034936079688,0.6593040736082763,0.6661085089850718,526048000
2015-10-16,0.6770442128181458,0.6833626496254767,0.6670805017220974,0.668781668349945,448396000
2015-10-19,0.6758289933204651,0.6823904859842765,0.6680525059887144,0.6792312680889947,294712000
2015-10-20,0.674856960773468,0.6780161787676521,0.6678094700218528,0.6729128533645833,264824000
2015-10-21,0.6661084890365601,0.683119692848449,0.664893436158381,0.678988362419491,386280000
2015-10-22,0.6901669502258301,0.6923541143739269,0.6729128097854876,0.6738848634269781,306884000
2015-10-23,0.6947843432426453,0.6994016709015518,0.6857927448129654,0.6962424528127908,381776000
2015-10-26,0.69162517786026,0.6969715607116688,0.6853067412012317,0.6952704520634178,247436000
2015-10-27,0.6911392211914062,0.6955134925566978,0.6877369457521003,0.6882230016547644,208268000
2015-10-28,0.6967285871505737,0.6967285871505737,0.685306766190633,0.6955134763919901,217036000
2015-10-29,0.6726697087287903,0.6925970677986597,0.6714546562416657,0.6855496359060977,327168000
2015-10-30,0.6894381046295166,0.6942984901905319,0.6748571217654972,0.6799605063256768,301160000
2015-11-02,0.697457492351532,0.6981865471228661,0.6874938403760701,0.6916251121205217,190088000
2015-11-03,0.6925972104072571,0.6972145382762964,0.6848207222453481,0.6933262652255089,376768000
2015-11-04,0.6811754703521729,0.6957564513130403,0.6780162520166848,0.6906531253586371,442264000
2015-11-05,0.6733988523483276,0.6865217801685786,0.6714547449362632,0.6845776148168524,478800000
2015-11-06,0.7667171955108643,0.7761948491461186,0.7246753673622658,0.7399854009501152,1172272000
2015-11-09,0.7633152008056641,0.7655023656516695,0.7526224335183106,0.759183928056327,492568000
2015-11-10,0.7487340569496155,0.7574826565155333,0.7326949674020434,0.753351326713565,552260000
2015-11-11,0.7414435744285583,0.7545664449396488,0.7387703541839551,0.7492200623901067,619896000
2015-11-12,0.7387705445289612,0.7465470924338099,0.7356113255638463,0.7397425985321474,291080000
2015-11-13,0.724189281463623,0.7426585321623828,0.7205440079324468,0.739499314415249,292940000
2015-11-16,0.7387705445289612,0.7392566005003941,0.7278347776589976,0.733667217557474,344280000
2015-11-17,0.7387705445289612,0.7450889824591909,0.7356113255638463,0.7407147104750131,257048000
2015-11-18,0.7569437623023987,0.7579195652704458,0.7337695177652038,0.7418195142137273,350216000
2015-11-19,0.759139358997345,0.7667014552294972,0.7535287527090767,0.7596272605631565,254072000
2015-11-20,0.7657255530357361,0.770116491747432,0.7601149478994597,0.7647498082641379,239744000
2015-11-23,0.7542605996131897,0.7720681640079476,0.7515772863163455,0.7720681640079476,242552000
2015-11-24,0.760358989238739,0.7669453396795671,0.7508453460865767,0.7542604821433506,195428000
2015-11-25,0.7593831419944763,0.767921039798753,0.7566998292718388,0.7588952986774534,138300000
2015-11-27,0.7657255530357361,0.7681649440445663,0.7569437337720134,0.7608467710180756,86996000
2015-11-30,0.7737756371498108,0.777190831478175,0.7657256400895165,0.766457463291332,327244000
2015-12-01,0.7989014387130737,0.7996332619216131,0.7798741516104036,0.7806059748189429,409496000
2015-12-02,0.7928030490875244,0.8084151441487393,0.7910954807339294,0.8001212240999394,294240000
2015-12-03,0.7910955548286438,0.8074394747378547,0.7871925161578567,0.7991455539122387,246656000
2015-12-04,0.8232952356338501,0.8247588818444119,0.7910952516401637,0.7910952516401637,458756000
2015-12-07,0.8076834678649902,0.8230516428980734,0.8052440759257657,0.8230516428980734,333588000
2015-12-08,0.8186604380607605,0.8220755740405492,0.7925589585585574,0.7976816625282405,314488000
2015-12-09,0.797925591468811,0.8232953062006033,0.7896316731109588,0.8184165238536699,372676000
2015-12-10,0.804512083530426,0.8089029648347952,0.7976817526395772,0.800365065761154,236596000
2015-12-11,0.792559027671814,0.8020726714391312,0.790851459533015,0.7964620654860731,227320000
2015-12-14,0.7945103049278259,0.7989012431039509,0.784996663705884,0.7932906386520104,275892000
2015-12-15,0.8042678833007812,0.8098784878610441,0.7991451801560616,0.803536060257298,307296000
2015-12-16,0.8091468811035156,0.8118302523667772,0.7989014720754659,0.805975666453973,236356000
2015-12-17,0.7969499230384827,0.81866052401173,0.7964620796528216,0.810366604858703,254160000
2015-12-18,0.7840210795402527,0.7993892499831879,0.7830453346879356,0.7913392531721422,395896000
2015-12-21,0.8025604486465454,0.8032922718113614,0.7854847105067413,0.7925589623268477,284216000
2015-12-22,0.8032922744750977,0.8113422711550953,0.7984134921332612,0.8049998424787731,130012000
2015-12-23,0.8064635992050171,0.8096348139772659,0.8030484627301895,0.8045121092650245,122524000
2015-12-24,0.8091468811035156,0.8110984291276766,0.8028044518044303,0.8040241765894908,52448000
2015-12-28,0.8084150552749634,0.8084150552749634,0.7893878255983328,0.8006090376823595,142024000
2015-12-29,0.821587860584259,0.8240272521211135,0.8067075314976694,0.808903001328743,203660000
2015-12-30,0.8145136833190918,0.8279303670975694,0.8142697615906592,0.8208561135358381,180344000
2015-12-31,0.8040241003036499,0.8169528793682781,0.8040241003036499,0.8132938216796258,148528000
2016-01-04,0.7896316647529602,0.7947543687151162,0.7815816681497594,0.787680175098712,358076000
2016-01-05,0.802316427230835,0.8157331060382144,0.7928027854306751,0.8045118964523332,490272000
2016-01-06,0.7691407203674316,0.7928028065185285,0.7601149216033047,0.7891436910520356,449344000
2016-01-07,0.7386481761932373,0.7549920867268636,0.7288905560338238,0.7498693259652315,645304000
2016-01-08,0.7227924466133118,0.7488939313435063,0.7213287999974779,0.7481621080355895,398472000
2016-01-11,0.7240119576454163,0.7291347196991197,0.7110831789188559,0.7235241143181781,409372000
2016-01-12,0.7362090349197388,0.7469424041286526,0.7310863301789036,0.7369408581912411,469356000
2016-01-13,0.7137663960456848,0.7466981980842323,0.7130345730528584,0.7418193587455038,481672000
2016-01-14,0.6993741989135742,0.7074241962624483,0.6786393431580674,0.6991302190644388,600236000
2016-01-15,0.6613196730613708,0.6793712171013649,0.6498545385655058,0.6713212191515563,841452000
2016-01-19,0.6666862368583679,0.6940074405920622,0.6640028659218826,0.6749801550119163,457140000
2016-01-20,0.6703453660011292,0.6788832648891191,0.6452196290354598,0.6540014496129222,481180000
2016-01-21,0.6781514883041382,0.688640877748721,0.6637590607611579,0.6776636448916398,481456000
2016-01-22,0.6940075159072876,0.6986423769735913,0.689616576530891,0.6910802229896899,257996000
2016-01-25,0.6932757496833801,0.7018136492886279,0.691812103104231,0.6937636512629908,270728000
2016-01-26,0.7001060843467712,0.7030333777622431,0.6876652036503917,0.6947394572979901,227944000
2016-01-27,0.6918120980262756,0.7013257425612309,0.6786393952299883,0.6991302727086223,231700000
2016-01-28,0.6842498779296875,0.699861969464235,0.6708331976911562,0.6974225783444722,276776000
2016-01-29,0.7144983410835266,0.7159619874383276,0.6874211161584031,0.6901044290357556,310504000
2016-02-01,0.7147423028945923,0.7184013605296632,0.7076680511312035,0.7137665580692183,289884000
2016-02-02,0.684493899345398,0.711083283873598,0.6796151163948849,0.7074242257405534,341908000
2016-02-03,0.6879091262817383,0.6940076348520536,0.6720531086863567,0.689860674614502,326772000
2016-02-04,0.6881528496742249,0.7037649397187157,0.6813225202949895,0.6888846145966075,348140000
2016-02-05,0.6447318196296692,0.6910803205139863,0.6427803295156646,0.6835182236226103,600428000
2016-02-08,0.6152151226997375,0.638145390479726,0.6061893220768646,0.6349741758089175,608852000
2016-02-09,0.6218016743659973,0.6476592434651937,0.6049698506422322,0.6078971445627819,425372000
2016-02-10,0.6203378438949585,0.6437560138526082,0.6169227074377281,0.6257045284418068,335800000
2016-02-11,0.6171666979789734,0.6235091281982368,0.6044818375404466,0.6044818375404466,340144000
2016-02-12,0.6276558637619019,0.6288755882874196,0.6037497981306847,0.6269240406785245,340816000
2016-02-16,0.6583924293518066,0.6593682325750833,0.6347303353012387,0.6366818254284186,485352000
2016-02-17,0.6747363209724426,0.6810787503228112,0.6640029521519669,0.6666863234369255,771468000
2016-02-18,0.7327940464019775,0.7557243778335451,0.7293789092184547,0.7301107326377372,1068660000
2016-02-19,0.7425514459609985,0.7491378552400827,0.723280235998487,0.7288908421668091,525628000
2016-02-22,0.7688968777656555,0.7774347766045355,0.7518211382475731,0.7532847846953442,449668000
2016-02-23,0.7708484530448914,0.7781666273832052,0.7591393392077814,0.7627984554567782,369380000
2016-02-24,0.7762149572372437,0.7774346818482816,0.7464543630120323,0.7676771175986609,336852000
2016-02-25,0.7779226303100586,0.7818256681693809,0.7640181051909612,0.7791423550859561,349616000
2016-02-26,0.7728001475334167,0.7835334611059396,0.7649940695753845,0.7815819706962791,361964000
2016-02-29,0.7677808403968811,0.783939489974705,0.7672912197257731,0.7739015657582351,323344000
2016-03-01,0.8018121123313904,0.8018121123313904,0.7685154498864618,0.7697396184986832,348700000
2016-03-02,0.8064638376235962,0.8094017957280273,0.7959362322448176,0.7974052112970331,233812000
2016-03-03,0.7993636131286621,0.808911857162721,0.7885911424482758,0.8054842793878508,302004000
2016-03-04,0.796915590763092,0.8062190274772515,0.7907948641675747,0.8054845379509264,175304000
2016-03-07,0.7917741537094116,0.7978948802247694,0.7814913588471033,0.7925086432261176,239968000
2016-03-08,0.7773290872573853,0.7883463687557885,0.7748808089656911,0.7836946224901019,274940000
2016-03-09,0.7768394947052002,0.785408439850123,0.7668015124862838,0.784184329845803,222788000
2016-03-10,0.7756155133247375,0.7858983083493151,0.7599465395880851,0.7814913711795354,286084000
2016-03-11,0.7888361215591431,0.7890809902894309,0.7778188965863841,0.787122332304971,277400000
2016-03-14,0.7907946109771729,0.7939773784483565,0.7814911188701575,0.7851635653259678,190312000
2016-03-15,0.7868773341178894,0.7917738903528738,0.7729221546853394,0.7866325238176066,226216000
2016-03-16,0.8103810548782349,0.8130742024623611,0.7773292613521308,0.781001708797952,363644000
2016-03-17,0.8035259246826172,0.8113603822130284,0.7925086403436741,0.8074431826336097,353680000
2016-03-18,0.8277639746665955,0.8385363911788938,0.8079328728265869,0.813074299866667,545512000
2016-03-21,0.8302121758460999,0.8304569862249715,0.8116052445056626,0.8204190602323511,337780000
2016-03-22,0.8287431597709656,0.8346190172021505,0.818460365487714,0.8275190495597721,242012000
2016-03-23,0.8429431319236755,0.8490637991428058,0.8287430812413384,0.8324155282700688,429008000
2016-03-24,0.8441672921180725,0.8456362710167448,0.832660388031087,0.8353534770976072,244956000
2016-03-28,0.8527363538742065,0.8564087429952033,0.8417190697680709,0.8426983696422319,265388000
2016-03-29,0.8664467930793762,0.8684053929765568,0.8471053710155154,0.849063970912696,261812000
2016-03-30,0.8755052089691162,0.8875017909729098,0.8691396732784681,0.8696293523206575,376700000
2016-03-31,0.872322678565979,0.881381305525478,0.8654675203387621,0.8794227055667243,379884000
2016-04-01,0.8850534558296204,0.8855431348404527,0.8603258040279955,0.8669361496306555,348292000
2016-04-04,0.8764845728874207,0.89705016022087,0.8730569944557015,0.8923984132797842,393940000
2016-04-05,0.8752607107162476,0.8833400383779747,0.8652227245589473,0.8686503623333042,339568000
2016-04-06,0.8764845728874207,0.8769742519654807,0.8478397185527335,0.8642431796515899,453376000
2016-04-07,0.8674259185791016,0.8786880116519021,0.8637535299175513,0.8708534968956325,378104000
2016-04-08,0.873056948184967,0.8801569733969281,0.8644879441882465,0.8745259269697264,255936000
2016-04-11,0.8784432411193848,0.8928881028183622,0.8755052833597392,0.8781983723917023,387524000
2016-04-12,0.8774637579917908,0.8826051246253989,0.8603257524699857,0.8813809563574603,292764000
2016-04-13,0.8994985222816467,0.8997433326575953,0.8813812119152826,0.8813812119152826,350716000
2016-04-14,0.9019465446472168,0.9058638014062107,0.8933775418386954,0.8970499882913635,416564000
2016-04-15,0.9090467095375061,0.9171260346119874,0.8987639162504667,0.9017018738672109,436972000
2016-04-18,0.9051293730735779,0.907332841093576,0.8963155593651452,0.907332841093576,307320000
2016-04-19,0.8889709115028381,0.9102709317326991,0.8833398642916416,0.9085571423690617,309152000
2016-04-20,0.892398476600647,0.8977847133552243,0.8865226191048354,0.8875019189588754,200172000
2016-04-21,0.8914190530776978,0.8968052890850283,0.8875017958334176,0.8926431631325309,178280000
2016-04-22,0.8879915475845337,0.900477751349671,0.8850535898178811,0.8943570838312356,223540000
2016-04-25,0.892398476600647,0.8972950342424185,0.8857881296214126,0.8882364084422983,191972000
2016-04-26,0.8931328654289246,0.9080674054133206,0.8892156080826639,0.8977846121758319,214536000
2016-04-27,0.9134537577629089,0.9139434369141128,0.8892157780240512,0.8909295674959006,352396000
2016-04-28,0.8862777352333069,0.9132088601748898,0.8840743251922234,0.9078226235122592,381224000
2016-04-29,0.8698743581771851,0.8845640322859039,0.860326052495045,0.8826054324200384,321904000
2016-05-02,0.8813812136650085,0.8867674505475781,0.8740363770278169,0.8781984452850682,256076000
2016-05-03,0.8708534240722656,0.8750154914473752,0.8632637786672495,0.8713431030929211,224024000
2016-05-04,0.8510226011276245,0.8610605274200362,0.8422087851377039,0.8603260378899116,525764000
2016-05-05,0.8561639189720154,0.8662019030439811,0.849798382334079,0.8581225770606883,246884000
2016-05-06,0.8649775981903076,0.8671810663036336,0.8529810162909497,0.854694805366349,183240000
2016-05-09,0.8637535572052002,0.8708535244075831,0.8566535316312501,0.867181135630015,333336000
2016-05-10,0.8804018497467041,0.8818708286416025,0.8608156201389081,0.8691397560479077,269676000
2016-05-11,0.8828502297401428,0.8926433456676389,0.8781984821631096,0.8830950984984329,328176000
2016-05-12,0.8708534240722656,0.8931327980097797,0.8551844542415777,0.8892155409592177,670540000
2016-05-13,1.0033055543899536,1.0037951750944034,0.9548296023554116,0.9594812909055188,2110256000
2016-05-16,1.0329298973083496,1.0478644989569432,0.9925332632243575,0.9957160318716768,973032000
2016-05-17,1.0351336002349854,1.0424783803654911,1.0150576266090405,1.0282783242384912,628392000
2016-05-18,1.061574935913086,1.0735715806762587,1.028278266526463,1.028278266526463,541072000
2016-05-19,1.0662261247634888,1.073815827667457,1.0559433918560022,1.057412253634408,398880000
2016-05-20,1.0853227376937866,1.08972967329444,1.0711226896981985,1.0728364785301567,391084000
2016-05-23,1.0870369672775269,1.0941369357825315,1.080426619567859,1.0899749255358584,413636000
2016-05-24,1.1134244203567505,1.116861017716222,1.0874052548032682,1.0903508427991968,415788000
2016-05-25,1.1087599992752075,1.1215240106737963,1.099923240945888,1.1168603025539554,458076000
2016-05-26,1.1205428838729858,1.1286431919026116,1.1075333017965059,1.1107243357792775,309964000
2016-05-27,1.126679539680481,1.128397779796396,1.1180882220545765,1.121770265485534,277416000
2016-05-31,1.1468075513839722,1.1492622470530236,1.1308523806741333,1.1315888361933815,412524000
2016-06-01,1.1490164995193481,1.1600622759938828,1.1379706059985124,1.1414070853967633,387132000
2016-06-02,1.1571170091629028,1.1669355568964992,1.1438618643808585,1.1551532059791263,329208000
2016-06-03,1.140915870666504,1.147297936126971,1.1207878900888952,1.1458252598326601,461076000
2016-06-06,1.135024905204773,1.152698309660271,1.1291337313708438,1.1438615489093773,322512000
2016-06-07,1.1372339725494385,1.1482798643401753,1.1367430804398049,1.1418977987298067,193400000
2016-06-08,1.133552074432373,1.1416523796642375,1.1242244218511264,1.137479445494853,234616000
2016-06-09,1.1630074977874756,1.1647257369467285,1.1271698044130405,1.1296244986669814,472168000
2016-06-10,1.134042739868164,1.1595709978102593,1.1325699467525614,1.1492615630473033,400024000
2016-06-13,1.1485252380371094,1.1708624662661389,1.135270215541814,1.135270215541814,475588000
2016-06-14,1.1507344245910645,1.1561345883052188,1.133061023199151,1.1458251529292145,298344000
2016-06-15,1.1625168323516846,1.172580823252723,1.1475435690321185,1.1603077007295475,301036000
2016-06-16,1.1671805381774902,1.1691442235328642,1.1426341786196288,1.1539255157208725,246456000
2016-06-17,1.1468075513839722,1.1688993442201079,1.14214372324984,1.168653898062469,471000000
2016-06-20,1.167426586151123,1.1823998556448212,1.1644809980761546,1.1652174536180644,293768000
2016-06-21,1.1603080034255981,1.1755267167793386,1.1585896464368635,1.1723356830225184,212508000
2016-06-22,1.1593260765075684,1.1703719713508085,1.1573623904800916,1.1627625563172315,202620000
2016-06-23,1.1902542114257812,1.1914815587755452,1.1696352207256324,1.1703716759540048,297880000
2016-06-24,1.1225059032440186,1.162516527332556,1.1119510229843852,1.1414066497670328,1017684000
2016-06-27,1.1104786396026611,1.1217699790727427,1.0940324640546495,1.1131786636403918,449088000
2016-06-28,1.126679539680481,1.1328160446394178,1.1112152615909165,1.131588813875428,381920000
2016-06-29,1.1450889110565186,1.1539256719212962,1.133552126354968,1.1364977133098937,318932000
2016-06-30,1.1539256572723389,1.1610440614511335,1.1377250462722022,1.1470525821160011,430940000
2016-07-01,1.145334243774414,1.1625167546133979,1.1414068729207327,1.1475434922951042,218488000
2016-07-05,1.1622720956802368,1.1642357824369263,1.1298708545326066,1.1389529496746795,371084000
2016-07-06,1.169635534286499,1.1765086110599692,1.1482801996792342,1.154171374900404,273104000
2016-07-07,1.2000726461410522,1.2042455799292735,1.172089807999602,1.1774899719788223,395400000
2016-07-08,1.2481839656829834,1.254075140600426,1.2081733229690261,1.2128371502709498,481932000
2016-07-11,1.2769030332565308,1.2862305691005078,1.264629793448676,1.2661025869074702,448776000
2016-07-12,1.2960494756698608,1.3078317085166025,1.2749394711269113,1.2911402022298593,436760000
2016-07-13,1.295557975769043,1.3058675280212642,1.293594290545947,1.2985035621268204,324604000
2016-07-14,1.3088133335113525,1.3205956819688476,1.291630937088001,1.3024313841586057,316892000
2016-07-15,1.293594479560852,1.299485653137202,1.2724845969739773,1.2921216861667646,428616000
2016-07-18,1.3002221584320068,1.3115134978737928,1.2953128855028084,1.3095498121113733,252992000
2016-07-19,1.3137224912643433,1.3188772092805086,1.2970308729144053,1.2994855674247372,382652000
2016-07-20,1.3309049606323242,1.3380234814816587,1.3127406649947273,1.3181408293609633,296460000
2016-07-21,1.3063589334487915,1.3321326486387033,1.3019405521757548,1.3279597134842274,361308000
2016-07-22,1.3419510126113892,1.3419510126113892,1.3014494824155765,1.3110225820115229,315768000
2016-07-25,1.3667429685592651,1.3699340020979973,1.3441602876768999,1.3500514625318856,312528000
2016-07-26,1.3900612592697144,1.3971796603508881,1.3768062409551212,1.3787699256968686,514508000
2016-07-27,1.376070499420166,1.4045443525990557,1.367724747156367,1.4020896576146036,446676000
2016-07-28,1.3790158033370972,1.3893252392431499,1.3748428695391568,1.3792612493758687,221916000
2016-07-29,1.4015986919403076,1.4052806171776169,1.3593789236105296,1.3841707330127277,409588000
2016-08-01,1.3925162553787231,1.4126443519216254,1.3834341668201628,1.4074896340295333,301120000
2016-08-02,1.3755797147750854,1.3998806351986037,1.3623246885524951,1.3991441798271775,282748000
2016-08-03,1.3792613744735718,1.3819615152375084,1.3662517968685262,1.3738612099919842,299828000
2016-08-04,1.4047898054122925,1.4111718719468571,1.3831890278586967,1.3858890518989588,272712000
2016-08-05,1.4285995960235596,1.429335934173078,1.4141172256665104,1.4209901832471357,371588000
2016-08-08,1.4418548345565796,1.4516733802951267,1.4266360067294233,1.448236900991265,305064000
2016-08-09,1.445536732673645,1.4595282127579277,1.4418548073527322,1.4489732119126697,372344000
2016-08-10,1.4362088441848755,1.4605097580083106,1.4315450182535565,1.4583006265866443,375740000
2016-08-11,1.4654186964035034,1.4715553142344613,1.4408723421259215,1.4438179280484813,681064000
2016-08-12,1.547404170036316,1.5557499217254873,1.4882474529489678,1.5194213280087903,1425744000
2016-08-15,1.5459312200546265,1.5586953508916435,1.5250667844207546,1.5491222527638806,573304000
2016-08-16,1.5366038084030151,1.5461767902531665,1.5319399819883683,1.5437222125354142,287652000
2016-08-17,1.5010114908218384,1.54004034306513,1.4889838137731812,1.5366038639083708,595212000
2016-08-18,1.524330735206604,1.5267853131925158,1.4929112942535623,1.498802468693833,331684000
2016-08-19,1.5282583236694336,1.5397951110468355,1.516966982420823,1.523594496083451,291560000
2016-08-22,1.5346399545669556,1.5368492031901342,1.5147574192360567,1.5329217151079748,244748000
2016-08-23,1.5470589399337769,1.5571414779257327,1.542632416939018,1.5502558536641036,339764000
2016-08-24,1.523205280303955,1.5532071179501814,1.51607375649876,1.5524694226304767,298448000
2016-08-25,1.5131226778030396,1.5244348264024092,1.4941872088355346,1.523697131113367,406032000
2016-08-26,1.5254182815551758,1.5340253114605562,1.505007190908716,1.5170571500382364,300024000
2016-08-29,1.5244343280792236,1.537713777037121,1.5219752273242648,1.5315659665187393,274652000
2016-08-30,1.515581727027893,1.5305825849178705,1.5114011024051153,1.5224673513364737,285544000
2016-08-31,1.5084500312805176,1.5227131934366243,1.5040236256812352,1.5185326862304143,388544000
2016-09-01,1.552960991859436,1.5586170069340857,1.5084500974258235,1.5096797067070935,428492000
2016-09-02,1.537713885307312,1.5578790757752539,1.5202539286580412,1.5561576699469881,323148000
2016-09-06,1.5522230863571167,1.5522230863571167,1.5352549248881187,1.5431242596498236,306812000
2016-09-07,1.5293529033660889,1.5549282121743775,1.5204999749965984,1.5473047757576017,397988000
2016-09-08,1.540419340133667,1.5428785588637823,1.5104176221030807,1.5278775825864859,315808000
2016-09-09,1.463693380355835,1.5320580596932278,1.4509057256219353,1.5234510294923307,697760000
2016-09-12,1.4939409494400024,1.4968919646387935,1.409591704194832,1.4442659568876441,598260000
2016-09-13,1.472300410270691,1.507466460782083,1.463939278468302,1.4902522831216412,471768000
2016-09-14,1.4853339195251465,1.490252239102568,1.4634474384473168,1.4757431787598765,319048000
2016-09-15,1.541648507118225,1.5433699128305423,1.4843499701257534,1.487792898812357,515212000
2016-09-16,1.545337200164795,1.5554197359795054,1.5276312292712204,1.5470586058584779,902444000
2016-09-19,1.565748929977417,1.6048495975459962,1.5544367805213617,1.561568304570216,417128000
2016-09-20,1.551485300064087,1.5837003323861263,1.5428782706405584,1.5837003323861263,331112000
2016-09-21,1.5950123071670532,1.597963321870206,1.5559116555052006,1.5561575538534687,336212000
2016-09-22,1.5989466905593872,1.6092752405689255,1.5898478666423097,1.6043569225088437,308732000
2016-09-23,1.5972256660461426,1.6055867970162494,1.5900941441998109,1.600914493417468,276132000
2016-09-26,1.5822246074676514,1.5886184333785691,1.562305434712238,1.5790276945121926,230040000
2016-09-27,1.6363264322280884,1.6387856506419927,1.5753392930643133,1.5760769882312917,402752000
2016-09-28,1.642228603363037,1.6434582126753758,1.621325714101271,1.6387857910980872,319788000
2016-09-29,1.657475233078003,1.6626395683415118,1.6242766050239543,1.6395233606372972,336684000
2016-09-30,1.6850178241729736,1.701494187640952,1.6567374008074756,1.6665740392140889,429932000
2016-10-03,1.6832964420318604,1.709363664980737,1.6803455440723172,1.6850179652960786,242596000
2016-10-04,1.6796077489852905,1.7140359866474835,1.6670659927952234,1.6857556778833225,281624000
2016-10-05,1.6778862476348877,1.7110849914408546,1.6727220298682661,1.6938708149567994,305440000
2016-10-06,1.655999779701233,1.668049621246147,1.629440761006875,1.6577211856362206,360212000
2016-10-07,1.6439495086669922,1.671492115657747,1.6392770885131542,1.6670655938390642,286260000
2016-10-10,1.6500979661941528,1.6614101140791053,1.634605193482631,1.6525570675976642,287876000
2016-10-11,1.6262437105178833,1.6471465956206408,1.613701956003834,1.644687494747244,388540000
2016-10-12,1.633621335029602,1.6422283644397642,1.6060787236551024,1.6196040723370688,419920000
2016-10-13,1.6070626974105835,1.618128947706101,1.5664865245016926,1.6144402366949313,390116000
2016-10-14,1.6228011846542358,1.6378020426827875,1.6132104433092613,1.626735793649202,330636000
2016-10-17,1.6134557723999023,1.6378014647785257,1.61124257027892,1.6225547137254102,195328000
2016-10-18,1.6380480527877808,1.6473928963655562,1.6291951233144173,1.6358348497349409,269372000
2016-10-19,1.634605050086975,1.6422284865668948,1.6186204819493963,1.626981730869045,199060000
2016-10-20,1.6655906438827515,1.6710008781143144,1.6304247076876006,1.6537866990118897,312084000
2016-10-21,1.66091787815094,1.6638687756026196,1.6451792111861268,1.6596882691432582,279508000
2016-10-24,1.7388731241226196,1.7408404279975236,1.6719838542802146,1.6722298698687912,339836000
2016-10-25,1.767399787902832,1.7779742395598894,1.7275614342349157,1.735922565846874,397460000
2016-10-26,1.774531364440918,1.793958743801399,1.7509233607921624,1.752644766731573,333792000
2016-10-27,1.7381359338760376,1.7914997594931614,1.7310044108042468,1.7880569471645729,388664000
2016-10-28,1.735185146331787,1.77305620162418,1.7319882322138704,1.7464972949596458,290856000
2016-10-31,1.7499397993087769,1.7614978443313347,1.7398571446081739,1.7408408554181312,252388000
2016-11-01,1.69805109500885,1.7659239591431664,1.6793614147710123,1.7563332206940592,473224000
2016-11-02,1.6909198760986328,1.7342011590089186,1.6879688608812515,1.7110850685760794,295848000
2016-11-03,1.6712465286254883,1.7002646482943389,1.6387855970992464,1.698789140746602,309664000
2016-11-04,1.6616559028625488,1.690182227738006,1.6373102025378368,1.6601803952129912,328780000
2016-11-07,1.7526448965072632,1.7637111453725876,1.7091177135100502,1.7103473227755293,487580000
2016-11-08,1.7499397993087769,1.764940656273204,1.7337093331473998,1.7592845243244277,429884000
2016-11-09,1.7204300165176392,1.74354622720566,1.6899365013548955,1.7024781417597319,456532000
2016-11-10,1.666574239730835,1.758301027033849,1.641736742355067,1.758055128633395,869280000
2016-11-11,2.163325548171997,2.182998832263844,1.9304428190738165,1.9552804399124926,2175344000
2016-11-14,2.0568430423736572,2.168734887364251,2.0563512456531545,2.166275669237789,1348796000
2016-11-15,2.119551658630371,2.1505369621700132,2.0639744088005125,2.0728274531792437,626092000
2016-11-16,2.2533304691314697,2.276200545589681,2.123486728133123,2.147832429570313,987984000
2016-11-17,2.272019624710083,2.3310394505564305,2.229230028173738,2.270052203372295,832988000
2016-11-18,2.2958741188049316,2.319727789510866,2.257511151704664,2.272020213574996,576060000
2016-11-21,2.286529064178467,2.3202196064860505,2.2722657847794716,2.313825779226772,436436000
2016-11-22,2.3030059337615967,2.3052191371559347,2.2717746014716096,2.2943989013813693,330368000
2016-11-23,2.3143341541290283,2.345858380486744,2.284780059801447,2.308176904347201,443236000
2016-11-25,2.319014310836792,2.3421650137119476,2.300542790465531,2.325417711730461,195564000
2016-11-28,2.317782163619995,2.33329801058671,2.3052215147540256,2.3118712976683704,278736000
2016-11-29,2.2966017723083496,2.3259097203223504,2.2788694079963707,2.3150730536385606,444568000
2016-11-30,2.270742177963257,2.3190139436040256,2.268279277653755,2.3052218427958766,440500000
2016-12-01,2.1584367752075195,2.270003641271714,2.0877532155813583,2.268279657741201,1035524000
2016-12-02,2.1783852577209473,2.187005172850767,2.0963725196999676,2.1242026320655594,478292000
2016-12-05,2.2628612518310547,2.2808400037614107,2.1919313104174183,2.21631346309866,602284000
2016-12-06,2.300049304962158,2.308423069923302,2.255225517265825,2.2709877463911874,498796000
2016-12-07,2.341425895690918,2.347090378913831,2.2682794422903187,2.286504577078309,480804000
2016-12-08,2.3022665977478027,2.3795999357170454,2.2916765483257557,2.344381350935324,381544000
2016-12-09,2.2613840103149414,2.3217236764078235,2.234046419508044,2.3199996926587456,382312000
2016-12-12,2.2064616680145264,2.215327967692655,2.1559733889551813,2.212865067525105,601332000
2016-12-13,2.245374917984009,2.2729588870646413,2.217791183778497,2.2187762500358024,387796000
2016-12-14,2.375413417816162,2.3916681862857416,2.255226402897015,2.2791160224470226,983980000
2016-12-15,2.4310731887817383,2.4613662032526538,2.3791070755684016,2.3864955412106705,746548000
2016-12-16,2.4729411602020264,2.4800832407448508,2.406936808318839,2.458656529366276,1089528000
2016-12-19,2.502987861633301,2.523183123731566,2.4382149576823897,2.4554550218029108,744656000
2016-12-20,2.590172529220581,2.6138157570366527,2.564312550620924,2.575641748972932,848056000
2016-12-21,2.6064281463623047,2.609383580167024,2.5542158739374825,2.6017487290777597,576136000
2016-12-22,2.6379520893096924,2.6812980516490423,2.6236674562986515,2.630809772804172,718612000
2016-12-23,2.7037103176116943,2.705188151921194,2.6172645265100734,2.619973576243985,647692000
2016-12-27,2.889409065246582,2.890394131580241,2.7391754102320123,2.75986344736483,1194272000
2016-12-28,2.690656900405884,2.9536885789756253,2.676865035244009,2.9455611963087938,2295764000
2016-12-29,2.744347095489502,2.745824929722262,2.53180367022833,2.5835234057477128,2175368000
2016-12-30,2.6288387775421143,2.7564142036690837,2.6180023482654144,2.742375957978227,1212932000
2017-01-03,2.512347459793091,2.6197274366267562,2.447574536077695,2.571209281124141,1501996000
2017-01-04,2.570962429046631,2.598300007645883,2.500525041091569,2.546580283393925,1199220000
2017-01-05,2.5056962966918945,2.6061802844448967,2.488702620670247,2.5744096826544256,984296000
2017-01-06,2.539191484451294,2.5675141253487177,2.492397331348996,2.5330342354246578,822856000
2017-01-09,2.6421382427215576,2.659870838680282,2.549042936000904,2.549042936000904,916248000
2017-01-10,2.62218976020813,2.689178950904246,2.601501728478383,2.6551918225179927,880920000
2017-01-11,2.5899267196655273,2.615540320011317,2.565052036411472,2.6106147541083393,525664000
2017-01-12,2.5475656986236572,2.5785976313785404,2.502741900144425,2.567022281949162,625616000
2017-01-13,2.5473198890686035,2.585986442021343,2.5382072038216776,2.5515065382393454,457820000
2017-01-17,2.4901812076568604,2.5416545492973515,2.476881876490777,2.536728984175688,580612000
2017-01-18,2.5354974269866943,2.5423933587905356,2.4409242788732026,2.468754390028017,654424000
2017-01-19,2.5899267196655273,2.621943720097765,2.5362368534600126,2.5384533698601084,644872000
2017-01-20,2.5616040229797363,2.6303174393769737,2.5396847736182893,2.6125848387502204,492024000
2017-01-23,2.588202476501465,2.6081515918495644,2.553968963106325,2.5564318632480822,369904000
2017-01-24,2.643371105194092,2.6495283577237023,2.5835239728822517,2.5983011440781487,428052000
2017-01-25,2.6546993255615234,2.6918882715141215,2.6187418296586897,2.685731021265299,522760000
2017-01-26,2.7005083560943604,2.7078968219805355,2.627854442734199,2.657408541153996,458800000
2017-01-27,2.7527213096618652,2.755676743731671,2.6808062953386185,2.707404967091716,471996000
2017-01-30,2.7096211910247803,2.7340033433086877,2.6576553035712633,2.7317868267147194,496004000
2017-01-31,2.6889333724975586,2.710360090894472,2.66479736950296,2.6832688890435175,362756000
2017-02-01,2.806410312652588,2.8105969606287755,2.7056799146581,2.7234122771971325,590004000
2017-02-02,2.841876268386841,2.8504964217620468,2.7598637331756053,2.7904029065579223,483240000
2017-02-03,2.8170006275177,2.8544359579266114,2.8051791296583737,2.8433531422068725,372744000
2017-02-06,2.889162302017212,2.8896548351193956,2.807642084290557,2.807642084290557,506768000
2017-02-07,2.933985710144043,2.9780705877070464,2.9036926970979393,2.923395427800676,746224000
2017-02-08,2.9211788177490234,2.9384186478406824,2.8662572756533433,2.9160068687215257,449580000
2017-02-09,2.866257429122925,2.9322617897759415,2.847047465920832,2.927335989557397,842568000
2017-02-10,2.798283100128174,2.972652242662127,2.7731620363764327,2.953688429027275,1651092000
2017-02-13,2.669229745864868,2.8071488445107917,2.664796479311039,2.7926180647163963,1180724000
2017-02-14,2.6790812015533447,2.712822177899903,2.6177562636104885,2.6596246215624206,850632000
2017-02-15,2.684499740600586,2.704202472889849,2.6539605760147573,2.68203707522075,373020000
2017-02-16,2.641399621963501,2.695335858224007,2.602240314469547,2.69410440834762,647176000
2017-02-17,2.6409080028533936,2.6453412713117777,2.5808147259466634,2.6278550512610095,563740000
2017-02-21,2.735481023788452,2.7394215236089225,2.6652897697592226,2.6655361537558653,551952000
2017-02-22,2.731288433074951,2.756934355936829,2.7123004506648085,2.7475637121856424,433772000
2017-02-23,2.4780352115631104,2.623526423028995,2.4580611538340773,2.601579511433562,1592888000
2017-02-24,2.501955032348633,2.5152711495196094,2.35991613562952,2.393699700827348,1029904000
2017-02-27,2.5747008323669434,2.5897431096455534,2.5044212283607377,2.5202033553074137,715400000
2017-02-28,2.5024478435516357,2.5941814222749273,2.485186256101429,2.5843173892502476,625360000
2017-03-01,2.534752368927002,2.5737144123118973,2.4933243168688968,2.559411750144506,504804000
2017-03-02,2.4412922859191895,2.5359850307398712,2.4385798178479376,2.521929065406887,754332000
2017-03-03,2.427236557006836,2.4356206561275187,2.3727388544506502,2.430688874616205,864692000
2017-03-06,2.408496141433716,2.41909979300164,2.346847321619084,2.3909878521485157,883568000
2017-03-07,2.4348809719085693,2.4543621098882653,2.395672471372718,2.408495433412855,603400000
2017-03-08,2.4304425716400146,2.498009705992648,2.428223257843468,2.483213888729775,638712000
2017-03-09,2.4299492835998535,2.452389350448135,2.4018373499286123,2.4144138527048895,478060000
2017-03-10,2.444251537322998,2.468171301710419,2.426003639357394,2.456334884558232,499740000
2017-03-13,2.5115721225738525,2.5214359208021357,2.4538687971112196,2.4546086466505033,774136000
2017-03-14,2.5098459720611572,2.533765500585914,2.477541874015964,2.52439509213384,522016000
2017-03-15,2.5288338661193848,2.5396839742859663,2.473843005358689,2.52143607578633,615036000
2017-03-16,2.5599045753479004,2.5603979651562607,2.5253813990527236,2.5394373644749746,523100000
2017-03-17,2.6156351566314697,2.616868160750082,2.559904452259046,2.5774127344689575,1119688000
2017-03-20,2.698984146118164,2.702929853337925,2.6171146016376707,2.6331434198927943,748568000
2017-03-21,2.611689329147339,2.7115605416136948,2.6037983853572877,2.681722454762825,913484000
2017-03-22,2.664954662322998,2.6696399848137355,2.5966476789686,2.600593151810396,616764000
2017-03-23,2.6407883167266846,2.6770378938941204,2.631171211552298,2.6570635986922198,533940000
2017-03-24,2.650158166885376,2.6950385262988146,2.624265787515012,2.6871475826349345,439500000
2017-03-27,2.669393539428711,2.6733390126393597,2.554233555572444,2.6035525586344472,506644000
2017-03-28,2.6555840969085693,2.685175496865965,2.645227142199212,2.6706263742490464,432444000
2017-03-29,2.6469533443450928,2.675311740368802,2.644734030467232,2.6629819313932406,349992000
2017-03-30,2.697751522064209,2.712547338294009,2.6484325265840765,2.6541041581506994,525532000
2017-03-31,2.686161518096924,2.7098348236600076,2.6730920962245284,2.6881343719510196,440808000
2017-04-03,2.6725986003875732,2.703916152105134,2.6489252978464672,2.6866545649784834,445232000
2017-04-04,2.4851858615875244,2.5749465724224065,2.474335756222878,2.549793809579661,1271280000
2017-04-05,2.466691493988037,2.5243948132670315,2.4536218392711024,2.466444799110879,747048000
2017-04-06,2.4846935272216797,2.4967766405071927,2.426743499129757,2.4718705642982486,635120000
2017-04-07,2.4740896224975586,2.5086130349189992,2.4590473473855865,2.49110475138303,429068000
2017-04-10,2.4109609127044678,2.481486953272912,2.406768746193947,2.4748290139663176,756332000
2017-04-11,2.4195923805236816,2.4388268247285505,2.3759450150401173,2.380876797179773,618148000
2017-04-12,2.399618625640869,2.43389535406894,2.394440147403959,2.4195929239629383,414092000
2017-04-13,2.3547375202178955,2.3971518778313805,2.3547375202178955,2.3754516619547665,506892000
2017-04-17,2.4469642639160156,2.4472107236583884,2.3623820083231806,2.3675604849711283,497292000
2017-04-18,2.44844388961792,2.4546089111571225,2.4067693787676245,2.432661763717698,370116000
2017-04-19,2.4580607414245605,2.490117906381561,2.4514025665176358,2.465951685223196,380828000
2017-04-20,2.497022867202759,2.5017081887450967,2.4514026558875197,2.472609950273152,404016000
2017-04-21,2.5073812007904053,2.5100936702196868,2.4748306269525573,2.486667049602564,341896000
2017-04-24,2.5386977195739746,2.5517671416045093,2.5179838121271563,2.5389441793265206,371820000
2017-04-25,2.5828380584716797,2.59738717869259,2.5317929078307837,2.5532466633875153,388440000
2017-04-26,2.5650827884674072,2.5988661086561193,2.563109935131871,2.5964003359510177,327004000
2017-04-27,2.605032205581665,2.6134163065889173,2.5544801990652437,2.572481640699451,319700000
2017-04-28,2.571988821029663,2.6050325449617175,2.566316952794936,2.5981279072897885,348248000
2017-05-01,2.6296913623809814,2.6348700746854905,2.5756870421329077,2.582838373247199,307732000
2017-05-02,2.5517661571502686,2.604044530618321,2.5290794045778795,2.6028115268167156,629972000
2017-05-03,2.57075572013855,2.5803728264866677,2.530067510258871,2.5448630946669866,336904000
2017-05-04,2.56089186668396,2.5880172609944343,2.5530006846782207,2.576920455328429,209788000
2017-05-05,2.561138391494751,2.5682897239251847,2.533766301513395,2.5493019709430667,228428000
2017-05-08,2.534259796142578,2.5744546179220693,2.522916294744041,2.572975153481348,365240000
2017-05-09,2.5384511947631836,2.5875237335332,2.531546558484866,2.5399308940637004,847672000
2017-05-10,2.990953207015991,3.0040228640439013,2.8116786676084446,2.818336608411273,2129096000
2017-05-11,3.1194303035736084,3.2163424005240633,2.9569241458904005,2.960376464876335,1939792000
2017-05-12,3.1537058353424072,3.195873732155107,3.101674375321812,3.1226349762744743,962620000
2017-05-15,3.3120198249816895,3.314485833239678,3.190448392886438,3.194887254785116,1087540000
2017-05-16,3.373669385910034,3.389205053323315,3.288594198248727,3.3630657361318383,1120700000
2017-05-17,3.1495141983032227,3.325583121695016,3.14532203068571,3.3068418324672133,1271368000
2017-05-18,3.281442880630493,3.2903203713082796,3.132992488622277,3.1934082938784187,1156032000
2017-05-19,3.3572261333465576,3.4120277060535504,3.3379714376422656,3.382652106278745,1018372000
2017-05-22,3.4288148880004883,3.4431323771610103,3.3900585322442156,3.4009203030465924,836608000
2017-05-23,3.382652997970581,3.4507849617875856,3.3500681559458916,3.4485633108166653,681248000
2017-05-24,3.4206690788269043,3.482382815425602,3.408573003768243,3.4796672546968956,815996000
2017-05-25,3.4130165576934814,3.4567098947116603,3.3680889176871975,3.4559692658349523,608228000
2017-05-26,3.501390218734741,3.586308278034391,3.3846279460525226,3.4048699950468997,779140000
2017-05-30,3.5761876106262207,3.611240825457789,3.5312599722475344,3.547305439673172,989652000
2017-05-31,3.5633506774902344,3.6287670770183564,3.5065739265999114,3.6211145410195473,887316000
2017-06-01,3.563598155975342,3.5801375342787787,3.518176839754312,3.579149950591028,503340000
2017-06-02,3.545823574066162,3.586801339112305,3.5398990155146537,3.5606347350257743,487456000
2017-06-05,3.6536991596221924,3.666535625276969,3.517929157667893,3.529531320615191,817376000
2017-06-06,3.637159824371338,3.695170635967488,3.623829685439013,3.649008705967206,758728000
2017-06-07,3.681100606918335,3.6998616341498263,3.6460473936511644,3.6615991862892248,612612000
2017-06-08,3.94819712638855,3.94967814834304,3.747010263872595,3.788234984345446,1161744000
2017-06-09,3.6929492950439453,4.159505138473683,3.5238535858007762,4.066687832136906,3692928000
2017-06-12,3.7020835876464844,3.744789576477959,3.5080557719691847,3.601120051494095,1697532000
2017-06-13,3.737382650375366,3.8205727114995356,3.595440918101213,3.8114389197472773,1672504000
2017-06-14,3.7452828884124756,3.8030469914548806,3.66579571403556,3.7403459123525233,1184640000
2017-06-15,3.7613279819488525,3.791690933041821,3.6164239560057294,3.627779399319648,963824000
2017-06-16,3.7428150177001953,3.818846488559915,3.7087491463970266,3.7709565636518216,924960000
2017-06-19,3.8835220336914062,3.8887059648725115,3.7832988933516036,3.78700156681284,778176000
2017-06-20,3.8778433799743652,3.9926309415910484,3.8736470332927047,3.9257332889432326,1095444000
2017-06-21,3.936595916748047,3.9402988258808604,3.8435316330669527,3.9054923275416558,682652000
2017-06-22,3.9094414710998535,3.9580720162511627,3.8854965129334693,3.944741639194244,469132000
2017-06-23,3.7973697185516357,3.9328930308844106,3.782311363475353,3.917094282356891,1088588000
2017-06-26,3.7558979988098145,3.8657483732100397,3.661599418031923,3.830201248202406,1063960000
2017-06-27,3.6183996200561523,3.7470110180474268,3.612722014959109,3.7383711330260105,999492000
2017-06-28,3.7460238933563232,3.7507141505647867,3.597910829978519,3.686038133292812,994948000
2017-06-29,3.620868682861328,3.720597923030915,3.556686335431923,3.717635878151933,1064424000
2017-06-30,3.5685346126556396,3.6517246898562945,3.5423680057258617,3.6381475946520716,731060000
2017-07-03,3.4394290447235107,3.5954413257833293,3.420914975281248,3.580630164397186,709072000
2017-07-05,3.531259536743164,3.5601414687150372,3.4838632983229973,3.5028710433847343,820188000
2017-07-06,3.541874647140503,3.5887772185484184,3.4500446715892026,3.5021311742444317,746284000
2017-07-07,3.622842788696289,3.6411101416533906,3.5756935018151457,3.5986511115280218,654972000
2017-07-10,3.7941601276397705,3.801565709391666,3.6702389924243466,3.6964056010056305,958492000
2017-07-11,3.8479740619659424,3.8556265973831083,3.7558971530929197,3.797862502825066,757956000
2017-07-12,4.011640548706055,4.023736391211265,3.864761990304237,3.9077147084194674,1145208000
2017-07-13,3.9652304649353027,4.105197063540204,3.9188218083287363,4.023734959743914,1369132000
2017-07-14,4.071872711181641,4.0733534981489825,3.974611609800453,3.981523518442927,941948000
2017-07-17,4.054593563079834,4.134821633863365,3.99287980735053,4.105939453047119,930792000
2017-07-18,4.096805572509766,4.111370020660645,3.9817707744696578,3.993619896836225,776640000
2017-07-19,4.075573921203613,4.132350427759158,4.063478085423241,4.105936870287648,687044000
2017-07-20,4.134819984436035,4.135066703759019,4.0461992511293134,4.096063862999431,699596000
2017-07-21,4.149630546569824,4.179253340378105,4.100012661214913,4.114330384125443,648332000
2017-07-24,4.101494789123535,4.166417759155565,4.090880207460141,4.156790525688948,652524000
2017-07-25,4.081745147705078,4.096062869217245,4.0380518253792035,4.078535913931296,496556000
2017-07-26,4.128896236419678,4.194806563169188,4.094089500662578,4.139264100083815,640404000
2017-07-27,3.9926319122314453,4.16543056572546,3.8894464884194577,4.153828164595767,782856000
2017-07-28,4.058048725128174,4.082487597389271,3.931906147594088,3.9568382231822925,513348000
2017-07-31,4.011640548706055,4.107667130537605,3.9649851561859597,4.0716263224253515,559672000
2017-08-01,4.060517311096191,4.062245288376806,3.9743651664374187,4.002259522299195,431384000
2017-08-02,4.058048725128174,4.095570786745193,3.9810303760702115,4.091621393420348,478444000
2017-08-03,4.109640598297119,4.113343271170345,4.0405210560206015,4.057554104578822,442420000
2017-08-04,4.127661228179932,4.1982615610928065,4.109640830559625,4.132351249361858,589096000
2017-08-07,4.254544258117676,4.255037696703875,4.147162039987842,4.15678974247887,717412000
2017-08-08,4.203940391540527,4.309100286898325,4.164690352601766,4.29256114295022,755336000
2017-08-09,4.248620510101318,4.251089116018505,4.13901685573808,4.1577778840379525,530784000
2017-08-10,4.066688060760498,4.262197106378586,4.056566918940891,4.2498540782430725,1328088000
2017-08-11,3.8499484062194824,3.92499226072247,3.774657832452835,3.879077287833212,1497196000
2017-08-14,4.157037258148193,4.1607399316074005,3.929930692827564,3.9415328581435687,1279020000
2017-08-15,4.121984004974365,4.188387765274117,4.087671181481958,4.162221388788483,764532000
2017-08-16,4.076809406280518,4.160493408783442,4.044471750143238,4.1370423577033835,596632000
2017-08-17,3.9859652519226074,4.085447730012162,3.983743836926836,4.068415155304229,525444000
2017-08-18,3.9867050647735596,4.057305837603797,3.940790102390366,4.040272795542891,601204000
2017-08-21,3.9286961555480957,4.02250105610042,3.884756102823752,4.011145846221258,623672000
2017-08-22,4.016158103942871,4.02208787777061,3.9459897419850107,3.9652613891119652,450456000
2017-08-23,4.096458911895752,4.107577184779863,3.9741579101705193,3.9828058746386383,579520000
2017-08-24,4.081385612487793,4.133024085123888,4.054949270573526,4.128576400803826,469700000
2017-08-25,4.047292232513428,4.115731377992328,4.040868110228686,4.105601321314453,357200000
2017-08-28,4.075949668884277,4.079161727848846,4.010722628772191,4.066313963243351,389496000
2017-08-29,4.069280624389648,4.091023296001304,4.008995111177272,4.017148730844897,324096000
2017-08-30,4.0934929847717285,4.1046112541948085,4.058655614911975,4.089045300000185,384400000
2017-08-31,4.186392784118652,4.190345654087682,4.106341512210096,4.1137533790285135,612684000
2017-09-01,4.211593151092529,4.247171801332961,4.190344829803346,4.19899279147865,445432000
2017-09-05,4.099175453186035,4.1651437905558195,4.041113796992022,4.160202232634188,695364000
2017-09-06,4.096704006195068,4.1458716983678245,4.061867112409928,4.132035715445746,397672000
2017-09-07,4.115729808807373,4.1480959307570755,4.075457005328979,4.113505966267506,352868000
2017-09-08,4.0443267822265625,4.118942636101425,4.020113799802648,4.104118428469874,498856000
2017-09-11,4.175520420074463,4.186144815816874,4.08459783565444,4.090033737401556,567444000
2017-09-12,4.190593719482422,4.200229430610173,4.125366642228338,4.200229430610173,411488000
2017-09-13,4.209370136260986,4.238277261868502,4.13302480631779,4.165390928387039,580960000
2017-09-14,4.1854047775268555,4.26347961838505,4.1458732483267315,4.170333164064796,513712000
2017-09-15,4.450019836425781,4.450019836425781,4.265703799161264,4.270892295680947,1364792000
2017-09-18,4.6338396072387695,4.724021388634218,4.567377397778655,4.574295390268884,1684460000
2017-09-19,4.628898620605469,4.690666681318099,4.561447721116184,4.58343732415095,874280000
2017-09-20,4.591590881347656,4.6800427031894,4.551318075770664,4.6326049678098995,724920000
2017-09-21,4.466078281402588,4.514010360773237,4.388250386560858,4.487820478448399,1075600000
2017-09-22,4.422593116760254,4.504374347008947,4.41271047195476,4.4547127726971585,491232000
2017-09-25,4.224936008453369,4.392945231319217,4.204182027776452,4.391709606039134,874580000
2017-09-26,4.248655319213867,4.414688133617618,4.208876849905051,4.359591112912613,1125620000
2017-09-27,4.341801166534424,4.355143280780073,4.268173544130083,4.339083450624045,713720000
2017-09-28,4.340564727783203,4.352918149629695,4.293126532286321,4.348964809587343,435244000
2017-09-29,4.416913032531738,4.440631675078313,4.3793579260998845,4.424572310060686,619092000
2017-10-02,4.422593116760254,4.496220729135472,4.373178950226963,4.467066196517253,503480000
2017-10-03,4.43173360824585,4.461629412629051,4.387507478424213,4.428768485826216,390332000
2017-10-04,4.468794345855713,4.491030879022409,4.401343465749698,4.437910324374498,427848000
2017-10-05,4.4663262367248535,4.496716403465546,4.4364304144344615,4.493257406072593,437364000
2017-10-06,4.4794182777404785,4.4927603861697705,4.422591791195744,4.438651614350655,318800000
2017-10-09,4.580472946166992,4.613580824367152,4.497456549730889,4.516234096023161,563492000
2017-10-10,4.667935848236084,4.767258996502951,4.6266748284715415,4.729703909620547,974876000
2017-10-11,4.717597484588623,4.719080046262195,4.638534440374236,4.684489610978713,529508000
2017-10-12,4.719824314117432,4.77072107500939,4.6926461987487755,4.721059468791819,528292000
2017-10-13,4.807778358459473,4.817908410212779,4.735139440648965,4.782082824318199,628728000
2017-10-16,4.8903021812438965,4.8932673054045965,4.7744252986948466,4.837675939921929,576640000
2017-10-17,4.885855197906494,4.914268459110769,4.851265222745301,4.8695484280086365,478596000
2017-10-18,4.88165283203125,4.895488816179775,4.776400389400583,4.894748006674274,567316000
2017-10-19,4.887089252471924,4.892030339297282,4.7549056370220475,4.804072867518001,570772000
2017-10-20,4.864852428436279,4.93131463707422,4.855957530163952,4.904137011735762,451620000
2017-10-23,4.857934474945068,4.913031478109982,4.8376743705960825,4.886594662100638,428696000
2017-10-24,4.908832550048828,4.910562048639118,4.841134697191034,4.867077176045384,407244000
2017-10-25,4.784802436828613,4.922175059977512,4.723281763652444,4.869301409192585,828160000
2017-10-26,4.834956645965576,4.846568788464492,4.78850713346413,4.812473170513148,322744000
2017-10-27,4.987401008605957,4.987647945153264,4.861146687495084,4.887089633803852,572192000
2017-10-30,5.03632116317749,5.091912044929746,4.971587974399415,4.987400866783506,504056000
2017-10-31,5.109699726104736,5.136383472700747,5.062508943200652,5.068191780567116,411908000
2017-11-01,5.11933708190918,5.1877762038155035,5.055098237453148,5.172457655762187,502576000
2017-11-02,5.088204860687256,5.134407430018648,5.031625304180192,5.089687422070302,342308000
2017-11-03,5.156151294708252,5.156151294708252,5.0733823069239685,5.119337483435389,353640000
2017-11-06,5.179375648498535,5.188023139938753,5.106983656941007,5.119337081497623,389944000
2017-11-07,5.238672256469727,5.260167985270396,5.189999374164988,5.202105860614087,427700000
2017-11-08,5.167763710021973,5.237932332997157,5.120325973487224,5.234225928480643,522988000
2017-11-09,5.0728864669799805,5.097840718488779,4.950585988063459,5.071651313292662,978564000
2017-11-10,5.340219497680664,5.40272883876204,5.228789864177285,5.264615452233287,1253256000
2017-11-13,5.253497123718262,5.365667565526518,5.23817857708294,5.340219437893034,582376000
2017-11-14,5.291794776916504,5.307113328640442,5.2189084235545735,5.262640235571731,529292000
2017-11-15,5.188023090362549,5.237932074951522,5.134161707407578,5.236696449755905,501948000
2017-11-16,5.228296279907227,5.29228819191815,5.219401851356777,5.262145438216103,441768000
2017-11-17,5.2221198081970215,5.320701692734073,5.207048666277056,5.285370442205148,515664000
2017-11-20,5.289324760437012,5.301431252023637,5.200872442615172,5.23768626185439,396100000
2017-11-21,5.337996006011963,5.349608620766741,5.297229328607871,5.329101578169999,399176000
2017-11-22,5.314013957977295,5.3651936341434645,5.281377765761867,5.3651936341434645,356640000
2017-11-24,5.364202976226807,5.365192351640797,5.3058534058150375,5.330330779915697,180752000
2017-11-27,5.2944817543029785,5.374094429473339,5.291267462277927,5.372858417237767,422896000
2017-11-28,5.209676265716553,5.309068424112533,5.1486070835026965,5.299673129034991,512752000
2017-11-29,4.856364727020264,5.195088605529066,4.728044894079748,5.192369001857821,1396788000
2017-11-30,4.962432861328125,5.011140041542623,4.862052260268358,4.925099256874031,823768000
2017-12-01,4.887516975402832,4.948091934022829,4.758702935442953,4.927817754600396,811548000
2017-12-04,4.615054607391357,4.952295357407622,4.561650024475069,4.946113882804839,1240844000
2017-12-05,4.641756057739258,4.7643890783943705,4.4647295601302766,4.509727744423542,981488000
2017-12-06,4.679338455200195,4.7010957573699805,4.570056313413401,4.5913193993863395,467032000
2017-12-07,4.746836185455322,4.786642757234774,4.700601501463887,4.746094389511558,542600000
2017-12-08,4.73447322845459,4.815816584140031,4.726066838217135,4.796778416279813,466876000
2017-12-11,4.812849998474121,4.8158171820229105,4.732743116362026,4.74856652335441,372748000
2017-12-12,4.718403339385986,4.792576805575623,4.694915334461821,4.76933590878044,455016000
2017-12-13,4.603187084197998,4.7606812384681305,4.595769597193094,4.759445226424145,554280000
2017-12-14,4.610356330871582,4.681315484484455,4.564121658818408,4.5967578424347355,438164000
2017-12-15,4.736205101013184,4.756479285832513,4.589342229880667,4.654367508917875,670036000
2017-12-18,4.892956733703613,4.895923445297067,4.747082803135675,4.776751805391361,477704000
2017-12-19,4.848701000213623,4.88875468135982,4.820268003247146,4.883562581172387,373100000
2017-12-20,4.865759372711182,4.897159072155744,4.810129408380745,4.888011358443356,288820000
2017-12-21,4.843260765075684,4.894192852056237,4.834854374674348,4.8692212605089535,300904000
2017-12-22,4.8279314041137695,4.837326698066805,4.728539257613863,4.806421212722924,466276000
2017-12-26,4.8815836906433105,4.889248285901101,4.742632543611491,4.772549128768632,355080000
2017-12-27,4.874909400939941,4.9441378862618,4.853646780479646,4.868234179315219,329488000
2017-12-28,4.880595684051514,4.929549976515091,4.874414679405287,4.898644481703533,240248000
2017-12-29,4.784168243408203,4.906801255757627,4.784168243408203,4.906801255757627,279964000
2018-01-02,4.928808689117432,4.932517669552245,4.808895677549236,4.840542500056476,355616000
2018-01-03,5.253192901611328,5.283604183491921,5.037596210151095,5.046249711926757,914704000
2018-01-04,5.280883312225342,5.39115437359114,5.258631319129386,5.3345354867372725,583268000
2018-01-05,5.325634956359863,5.36296856300811,5.218825293614257,5.2957183664656124,580124000
2018-01-08,5.488815784454346,5.562988779549512,5.404258117328671,5.449256790859537,881216000
2018-01-09,5.487331867218018,5.533813658357433,5.4057413888179005,5.494254667107702,497000000
2018-01-10,5.530351638793945,5.533813038350973,5.340468407753612,5.394861896732671,582664000
2018-01-11,5.540242671966553,5.5943890631259245,5.5187320031195535,5.562988881489202,406032000
2018-01-12,5.513045310974121,5.562741394413743,5.4724974152956465,5.52837450275534,359916000
2018-01-16,5.4420857429504395,5.625046183767104,5.357528557782727,5.539500094617948,702348000
2018-01-17,5.556066036224365,5.565955548934279,5.3627213705205055,5.456673863376516,538408000
2018-01-18,5.549142360687256,5.603535850964295,5.505627285517425,5.536779882274066,408632000
2018-01-19,5.689329624176025,5.713559422106991,5.612437034801993,5.639386436560671,609380000
2018-01-22,5.777841567993164,5.779572267447488,5.639632248108963,5.697240017765859,550944000
2018-01-23,5.906904220581055,5.929650425557398,5.8127041660791585,5.831247175696332,475228000
2018-01-24,5.83001184463501,5.9459692137338385,5.77438186612525,5.910118730740841,579972000
2018-01-25,5.843609809875488,5.927672776145058,5.828775307469191,5.88440480938789,409884000
2018-01-26,6.01618766784668,6.016434776005641,5.87451688198648,5.88737357995932,516356000
2018-01-29,6.103216171264648,6.1343692416548095,5.948936297458724,6.001599091386767,455116000
2018-01-30,6.001102924346924,6.092583361762932,5.894540879044813,5.961296835679718,570832000
2018-01-31,6.077254772186279,6.1630484318423635,6.043876790584777,6.0765129763844286,478576000
2018-02-01,5.946215629577637,6.104452046869892,5.885888246012008,5.8972613485044825,519224000
2018-02-02,5.773640155792236,5.883664102289417,5.715538152114375,5.8596814105670205,718464000
2018-02-05,5.283601760864258,5.766468824864752,5.068499384373576,5.612436092304309,1165204000
2018-02-06,5.577328205108643,5.580294916958085,5.043775618806802,5.0536656014656005,1114800000
2018-02-07,5.656940937042236,5.809490585917517,5.6050199378609165,5.6762262164384225,802932000
2018-02-08,5.378049850463867,5.815671222543195,5.377802270783136,5.782540817038322,1144000000
2018-02-09,5.738037109375,5.906410163484203,5.378050105946915,5.890586755861583,1674604000
2018-02-12,5.637904167175293,5.822101133750463,5.563731164231727,5.819133949547668,1093172000
2018-02-13,5.751636505126953,5.79787119470342,5.569170243072175,5.601559330906888,625524000
2018-02-14,5.968961715698242,5.99788939261007,5.7002076483426425,5.711333641648709,744988000
2018-02-15,6.09456205368042,6.14079673098658,5.9714347911679075,6.05228346364218,698900000
2018-02-16,6.028794288635254,6.181096309291465,6.019646103873906,6.067364363559009,637656000
2018-02-20,6.158350944519043,6.227331822695804,6.047585223362366,6.051294202325834,686240000
2018-02-21,5.97118616104126,6.229803590124746,5.967477654091459,6.2228807923089935,892292000
2018-02-22,5.990731239318848,6.07682547424057,5.925171044730219,6.005080435763582,534364000
2018-02-23,6.084247589111328,6.084247589111328,5.999885129088712,6.0506016041296595,415300000
2018-02-26,6.100329875946045,6.134965386795255,6.037985484544022,6.130512317096563,469312000
2018-02-27,6.087464332580566,6.157972596517644,6.064456258526492,6.073609658319369,455436000
2018-02-28,5.987022399902344,6.137934622367345,5.975394493187579,6.098351042192247,523116000
2018-03-01,5.744819641113281,6.03872791200836,5.643633927990919,5.9847951351104784,1040120000
2018-03-02,5.85194206237793,5.858374640915502,5.488515059334415,5.6372009601159245,913428000
2018-03-05,5.8299241065979,5.869507681660066,5.678269174837483,5.801720703194585,620776000
2018-03-06,5.990979194641113,6.0102764571802885,5.872228479490515,5.915275601935772,636808000
2018-03-07,5.983060836791992,6.03526181608823,5.886823229329762,5.88806000914206,581208000
2018-03-08,5.966734409332275,6.010523789141998,5.922450034324109,6.010523789141998,411912000
2018-03-09,6.069404602050781,6.082268814682797,5.998154078011048,6.014234579737767,505524000
2018-03-12,6.179001331329346,6.259157992433033,6.1025554825747,6.110719835990662,605060000
2018-03-13,6.128284454345703,6.296267595779285,6.0869691103734835,6.221800788848863,619772000
2018-03-14,6.153767108917236,6.198546007354628,6.091422723058542,6.171332124465136,505496000
2018-03-15,6.168610572814941,6.249756751019984,6.126552970049063,6.167373792677732,401952000
2018-03-16,6.196815013885498,6.215864545562468,6.147335306365466,6.184939846330813,399456000
2018-03-19,5.962281703948975,6.168858454378961,5.8633227674593575,6.139913266275061,713772000
2018-03-20,6.174548149108887,6.213389462854483,5.965249653983795,5.965249653983795,554696000
2018-03-21,6.1493144035339355,6.2344191361425105,6.118884229729706,6.16811620038342,438688000
2018-03-22,5.983308792114258,6.132489652806176,5.945951997473816,6.085978987749653,551196000
2018-03-23,5.7636213302612305,5.999390992373062,5.752488420884983,5.996916960081295,735620000
2018-03-26,6.048376083374023,6.049612863661747,5.836109006743211,5.888062272549538,611424000
2018-03-27,5.579310417175293,6.184939701412658,5.439036124421795,6.129275149725253,1409000000
2018-03-28,5.476146221160889,5.675053641567088,5.3685283916151185,5.544922727384795,945904000
2018-03-29,5.729480743408203,5.826212911809296,5.460064600904916,5.544427078860994,916628000
2018-04-02,5.468721389770508,5.805182126343683,5.380895394285772,5.658970308262385,922092000
2018-04-03,5.575104713439941,5.698803509783182,5.476145770740041,5.635717331272452,667432000
2018-04-04,5.597121238708496,5.607511888525261,5.294306465036249,5.319293571291797,789168000
2018-04-05,5.4768877029418945,5.668620731530452,5.405389912369593,5.655508784470132,701240000
2018-04-06,5.300492286682129,5.482329635788593,5.27129936841566,5.374216839168416,662988000
2018-04-09,5.329190731048584,5.491483558307645,5.309151212339888,5.363578975501228,499524000
2018-04-10,5.638437271118164,5.665403417269104,5.502368344701402,5.5595173976085785,761676000
2018-04-11,5.597121238708496,5.664908195994027,5.5644647758920085,5.623592858330236,460244000
2018-04-12,5.803946495056152,5.821759243840106,5.645859470297879,5.690143844662138,593920000
2018-04-13,5.727254390716553,5.875940307962306,5.679011933836491,5.867528691346398,503036000
2018-04-16,5.727005958557129,5.760404684619031,5.63274736312954,5.733933059796038,350792000
2018-04-17,5.876682281494141,5.897958583710081,5.7235433016243675,5.7792078537524585,447224000
2018-04-18,5.847737789154053,5.918988335748476,5.758674959816186,5.826214220944434,391364000
2018-04-19,5.666392803192139,5.766836233321943,5.610975998636846,5.733437510487993,471996000
2018-04-20,5.658231258392334,5.742098756603937,5.627059292961837,5.65773626305875,386200000
2018-04-23,5.5387372970581055,5.727254043126844,5.512760663679757,5.676043033305734,427508000
2018-04-24,5.4724345207214355,5.660456260895691,5.4071215765692315,5.5644663536746855,414596000
2018-04-25,5.360115051269531,5.481834781197824,5.202770299242397,5.442745736856673,588492000
2018-04-26,5.571887969970703,5.58005232391341,5.45585854242903,5.52191374336937,375824000
2018-04-27,5.5993499755859375,5.697567140288768,5.557045101210614,5.677775350321626,400848000
2018-04-30,5.563971519470215,5.665404489554887,5.544674727172917,5.6156775231081255,327844000
2018-05-01,5.619387149810791,5.622108443114125,5.4971724377819795,5.555805998037285,253788000
2018-05-02,5.598855495452881,5.66045716497622,5.572631125810074,5.615925991110968,268248000
2018-05-03,5.764116287231445,5.7903406539983155,5.585495200439473,5.6307690982253,443144000
2018-05-04,5.914286136627197,5.917502425724892,5.7181000516422245,5.7354178054399645,400660000
2018-05-07,6.152283668518066,6.209432738181536,6.009040337736786,6.0189364684679525,687616000
2018-05-08,6.1948347091674805,6.197556002868368,6.103544672189014,6.152529374425088,506616000
2018-05-09,6.3279337882995605,6.330160558588573,6.187659528798603,6.214873408033171,596760000
2018-05-10,6.435553073883057,6.44470647437385,6.363065295596938,6.38087804511374,994080000
2018-05-11,6.29701042175293,6.427141791195974,6.198299217102088,6.253716033748175,1214456000
2018-05-14,6.3175435066223145,6.394979341777317,6.2937936481847085,6.335108992711204,523140000
2018-05-15,6.075093746185303,6.256683821894912,5.974650314039973,6.253962056439454,963528000
2018-05-16,6.086226940155029,6.1483235878172104,5.999637705355659,6.036499980947029,553828000
2018-05-17,6.128284454345703,6.222048050489886,6.071877656550564,6.087958628810937,519784000
2018-05-18,6.084496021270752,6.243572577672963,6.0795479564433075,6.1802391410007225,483716000
2018-05-21,6.042438507080078,6.185681824489535,5.949664413566579,6.181971011748496,640624000
2018-05-22,6.004340171813965,6.081033299605123,5.94372754909493,6.055798920541154,518264000
2018-05-23,6.127866744995117,6.129104762259063,5.947402356595501,5.948145072520821,442956000
2018-05-24,6.131580829620361,6.173912338953063,6.070931194648297,6.124154613514167,437372000
2018-05-25,6.170940399169922,6.187278732787186,6.108557928357771,6.144204987083967,292112000
2018-05-29,6.153860092163086,6.221936883920191,6.107073233408672,6.152869961546394,352684000
2018-05-30,6.262782573699951,6.27144680692283,6.1627722975471295,6.187527451969053,390996000
2018-05-31,6.242977142333984,6.317490003479386,6.220202726453676,6.230847218546508,493868000
2018-06-01,6.377396583557129,6.383585724582937,6.279119181101094,6.2877834119390235,421968000
2018-06-04,6.556377410888672,6.578409114599225,6.379378704406597,6.41156007278276,642024000
2018-06-05,6.56182336807251,6.599451162866667,6.514788624579813,6.559595220157617,391712000
2018-06-06,6.563803195953369,6.567021474229579,6.455376114557788,6.471714448359386,371356000
2018-06-07,6.508105278015137,6.571973187092142,6.417748896600514,6.560090675597517,369448000
2018-06-08,6.492755889892578,6.535334330794576,6.416510181837358,6.4353240762470305,360456000
2018-06-11,6.451663970947266,6.521720554575841,6.438791328084576,6.480132234018834,265372000
2018-06-12,6.50018310546875,6.51231303122899,6.4278983801092044,6.478151401852612,319160000
2018-06-13,6.495728015899658,6.576676983093034,6.486568480811498,6.5016692721507185,338208000
2018-06-14,6.607372283935547,6.664061387334042,6.525928029014673,6.540781403227245,430016000
2018-06-15,6.566524982452393,6.621481229109812,6.519242836050344,6.5501866516127585,432260000
2018-06-18,6.562317371368408,6.57989324794771,6.495231198572889,6.522461436543148,356268000
2018-06-19,6.440523624420166,6.526423707705365,6.313035224131755,6.459089635011484,594932000
2018-06-20,6.493498802185059,6.546474322311019,6.443245786663021,6.481616292496833,369780000
2018-06-21,6.364772319793701,6.543751262218643,6.357098218724655,6.525432668778922,359516000
2018-06-22,6.212282180786133,6.398935734897283,6.196934447651503,6.385567790873052,434160000
2018-06-25,5.91942834854126,6.109547065900802,5.830805309212608,6.105833959098381,665816000
2018-06-26,5.990476608276367,6.081080404164454,5.938986039986265,6.032808114433804,478884000
2018-06-27,5.835261344909668,6.100387756784404,5.829814919613369,6.034044300177764,453892000
2018-06-28,5.962503433227539,5.974385944275852,5.817686097094783,5.825360199139932,338012000
2018-06-29,5.864473342895508,6.040234027171733,5.863235325589192,6.027609272504962,392300000
2018-07-02,5.9966654777526855,6.000378585358202,5.774364879474336,5.794911622933348,357572000
2018-07-03,5.862987041473389,6.037262740167131,5.85457022483364,6.031321485607614,222732000
2018-07-05,6.008794784545898,6.013745436788388,5.879325667059274,5.9181910021127795,306216000
2018-07-06,6.12266731262207,6.1310841289943445,5.962997104760155,5.984286560241444,296352000
2018-07-09,6.1701979637146,6.2065882121743305,6.091477155707027,6.196933849181037,303880000
2018-07-10,6.2692179679870605,6.291249668881382,6.142224412929585,6.182575179666857,360016000
2018-07-11,6.127619743347168,6.211044264712955,6.116974777253885,6.17638733363081,367508000
2018-07-12,6.219212055206299,6.26723692070448,6.163018259808164,6.172920508109524,345508000
2018-07-13,6.171930313110352,6.237778946600178,6.129846699380959,6.237778946600178,246988000
2018-07-16,6.1442060470581055,6.1971820512032325,6.131828705459678,6.1442060470581055,197036000
2018-07-17,6.2801103591918945,6.295211148123128,6.069444863079724,6.094942730751054,362136000
2018-07-18,6.230847358703613,6.286546326853731,6.179852100303943,6.2726835564990715,277640000
2018-07-19,6.239016532897949,6.272683801836292,6.196933391055463,6.212033706997306,235752000
2018-07-20,6.21079683303833,6.275407456734712,6.199904452371621,6.236542116675809,222352000
2018-07-23,6.174159049987793,6.186041561001983,6.022410328206835,6.184308714485967,301584000
2018-07-24,6.156830787658691,6.308826929044948,6.139254435156297,6.22218412822448,354620000
2018-07-25,6.235055923461914,6.247681149136494,6.108309781901584,6.166236899095952,319112000
2018-07-26,6.3085784912109375,6.345463567401592,6.198171149388678,6.215004784437119,325124000
2018-07-27,6.238768577575684,6.352146769343901,6.184802458286698,6.3452153844962496,295420000
2018-07-30,6.04345178604126,6.258820978795881,6.008546972348735,6.252879723865979,340340000
2018-07-31,6.061522960662842,6.136283240293311,5.994189367730245,6.033054703235489,283988000
2018-08-01,6.101379871368408,6.148167205962868,6.037511956005215,6.092963524382847,283556000
2018-08-02,6.2041120529174805,6.208072574705401,5.971166985359112,6.030083760358723,269668000
2018-08-03,6.240751266479492,6.2645162935837,6.211788170882274,6.228621338276618,214288000
2018-08-06,6.288527488708496,6.291993181793711,6.181585832270276,6.2281252743189555,207508000
2018-08-07,6.360812187194824,6.379378669880959,6.310559637673302,6.337295051668954,258132000
2018-08-08,6.397202968597412,6.442257457750689,6.3271463802244226,6.362051203173836,262100000
2018-08-09,6.348681449890137,6.417747887869633,6.341007348762948,6.415024911114542,204280000
2018-08-10,6.307339668273926,6.339768914547929,6.2556017006882385,6.266741492880408,256396000
2018-08-13,6.34026575088501,6.461070657173897,6.314273051595952,6.316005898215223,375208000
2018-08-14,6.471714019775391,6.485824677039945,6.362544229686885,6.445721325031748,466220000
2018-08-15,6.4135422706604,6.5264252086042935,6.334820970040271,6.492510513773659,591136000
2018-08-16,6.372941970825195,6.485825352028727,6.312787172635112,6.48334978958143,801260000
2018-08-17,6.060532569885254,6.262286397608648,6.033549273224314,6.261543681754241,1143188000
2018-08-20,6.135293483734131,6.267980416765601,5.909527199311317,6.019935015221856,854388000
2018-08-21,6.270951747894287,6.275407571650586,6.1318282478631865,6.151632276241956,673988000
2018-08-22,6.5061235427856445,6.511074667173534,6.234808442209184,6.238274134847665,749856000
2018-08-23,6.605639457702637,6.670992793509114,6.45364332738539,6.4675060989606745,720684000
2018-08-24,6.738821506500244,6.753426993603575,6.6096002702973085,6.614056093586163,531512000
2018-08-27,6.829921245574951,6.904186238381191,6.737089768484497,6.768528423425246,505776000
2018-08-28,6.792293071746826,6.846754504144084,6.672230883596816,6.823979611720709,475384000
2018-08-29,6.897807598114014,6.922823842372359,6.763809382310624,6.784614915465261,420108000
2018-08-30,6.880964756011963,6.977810166582687,6.844059500674693,6.866598828266459,346608000
2018-08-31,6.95205020904541,6.964929891206251,6.850994095960806,6.860901761818458,306592000
2018-09-04,7.026852130889893,7.064500036841186,6.910439406832044,6.938923240558831,391720000
2018-09-05,6.896071910858154,7.04468357373262,6.815078689232254,7.009264570192305,393156000
2018-09-06,6.754891395568848,6.882201964893648,6.7219493062462226,6.879725048583329,322796000
2018-09-07,6.733590126037598,6.859166889258967,6.617920554692938,6.662751649077188,295420000
2018-09-10,6.8046770095825195,6.834399535865086,6.71229033681303,6.756130767815111,220140000
2018-09-11,6.756872653961182,6.846039271650189,6.737552897305878,6.758358425685865,243112000
2018-09-12,6.642938613891602,6.736563988529842,6.487391737673576,6.716996676869585,419092000
2018-09-13,6.720711708068848,6.8113645858075245,6.691484754287333,6.708822697645261,305536000
2018-09-14,6.846783638000488,6.912915845529068,6.77421182536549,6.811117078927837,386936000
2018-09-17,6.7848639488220215,6.870315939280817,6.765544655932692,6.821274112226765,205528000
2018-09-18,6.712784290313721,6.891613572480644,6.70609713641271,6.788824151171714,299520000
2018-09-19,6.7365641593933105,6.754397677020433,6.644177477000604,6.6942099683995275,224860000
2018-09-20,6.595382213592529,6.656808135150557,6.541386568941393,6.614453950541359,430584000
2018-09-21,6.5252861976623535,6.652844783453233,6.492096559960824,6.607270564769188,435128000
2018-09-24,6.581018447875977,6.584486037550609,6.407142919299862,6.49432823358649,293912000
2018-09-25,6.648139476776123,6.673155719882226,6.5614492868678465,6.647148804636801,280388000
2018-09-26,6.611233234405518,6.693465151176857,6.595381537700021,6.653092314890422,268548000
2018-09-27,6.623123645782471,6.667707201790778,6.591667795601727,6.646406095987588,214428000
2018-09-28,6.960470199584961,6.982761972271351,6.727150180880644,6.755138907893004,709396000
2018-10-01,7.167040824890137,7.2339156720833415,6.999604975957422,7.038244018018817,622060000
2018-10-02,7.09570837020874,7.251254762681929,7.073416593468615,7.1395488014745165,383964000
2018-10-03,7.101901054382324,7.173482201735628,6.997872911190085,7.166051451356335,320552000
2018-10-04,6.9176225662231445,7.090011812087,6.840592015461616,7.065738689697317,391220000
2018-10-05,6.684053421020508,6.955021830867939,6.626590190606501,6.892852790134913,426636000
2018-10-08,6.582749366760254,6.716251983331009,6.441816001665867,6.600830429653313,408612000
2018-10-09,6.577053546905518,6.65680808260747,6.509187548645453,6.562192048362027,273500000
2018-10-10,6.085395812988281,6.516864856474209,6.083166446818843,6.471042618237604,684940000
2018-10-11,5.823840618133545,6.131714301446629,5.802291964146281,5.998211194271729,725436000
2018-10-12,6.106450080871582,6.18075615949684,5.9357946420488155,6.080938738218708,608236000
2018-10-15,5.8300323486328125,6.0930749150113614,5.829041676567927,6.0930749150113614,449760000
2018-10-16,6.088864326477051,6.100010214171558,5.893440203161957,5.942729564448399,408712000
2018-10-17,6.0202555656433105,6.189177685404752,5.97121375134293,6.151033737110992,329668000
2018-10-18,5.932821273803711,6.12799782664403,5.872386031188875,6.089606807180809,524020000
2018-10-19,5.676219940185547,6.007623641207655,5.6398102574103195,5.988056802733743,613608000
2018-10-22,5.726994514465332,5.828545716930651,5.624205090107078,5.728480758675624,368844000
2018-10-23,5.475345611572266,5.552871242748401,5.367601887548083,5.459740992960799,626436000
2018-10-24,4.939106464385986,5.4835202746729905,4.925236109018616,5.436955375247235,884288000
2018-10-25,5.147905349731445,5.195213366690619,4.797181922032398,4.84151792274725,951720000
2018-10-26,4.911365985870361,5.073600019290349,4.783312270183127,4.911861085772006,664784000
2018-10-29,4.59754753112793,5.056014268683854,4.359521179092843,5.052546679853374,758016000
2018-10-30,5.028024673461914,5.037932338377751,4.597546742730939,4.620581638479142,807192000
2018-10-31,5.2219624519348145,5.265555322546708,5.053040373578361,5.192735504947273,745772000
2018-11-01,5.402278423309326,5.411690515801922,5.131805129621694,5.258372569855793,566528000
2018-11-02,5.323266983032227,5.498628694228273,5.2066067254789345,5.392866774252923,452960000
2018-11-05,5.245246887207031,5.333423333820817,5.084498617724282,5.310140409397098,379332000
2018-11-06,5.227660179138184,5.32153308768528,5.190506906599606,5.23731982213188,299012000
2018-11-07,5.295278072357178,5.384940269026942,5.230632116099306,5.29428740032455,483812000
2018-11-08,5.102084159851074,5.236825026786725,5.0485836095310965,5.236081904534893,511352000
2018-11-09,5.094157695770264,5.184563026836369,4.979479243129281,5.013164458926352,413240000
2018-11-12,4.694638729095459,5.024804083602299,4.672842059691678,5.002759864353107,617116000
2018-11-13,4.936626434326172,5.057992439671918,4.786281041979523,4.792473565940395,644712000
2018-11-14,4.884120941162109,5.12412867756934,4.776130097110828,5.109762747551906,526580000
2018-11-15,5.0129170417785645,5.084993758604828,4.842261119155634,4.8781757025975505,840708000
2018-11-16,4.072700023651123,4.227008160769705,4.002852219636861,4.045206869762628,1963520000
2018-11-19,3.5840160846710205,4.008054206504337,3.5822822904240104,4.007311556761476,1697820000
2018-11-20,3.692502737045288,3.820803992939878,3.301902013960245,3.3204784159679672,1692032000
2018-11-21,3.584263324737549,3.846562750460198,3.557017955180987,3.829720145486411,1025496000
2018-11-23,3.5914463996887207,3.705134163980457,3.536707872756967,3.54958755394229,411968000
2018-11-26,3.7908337116241455,3.801236476641536,3.6300854812375754,3.712564951667009,814832000
2018-11-27,3.807676076889038,3.888917084037636,3.728911985886783,3.7648263251618577,738060000
2018-11-28,3.964709758758545,3.9699111420354014,3.79281561583539,3.9253275868488884,804524000
2018-11-29,3.90148663520813,4.004131127727471,3.87123877326063,3.96694114903452,549172000
2018-11-30,4.051981449127197,4.062642418971194,3.8608243107913096,3.9111548799441427,729564000
2018-12-03,4.215865135192871,4.330906561634638,4.14892291361091,4.279336299636333,890804000
2018-12-04,3.8952884674072266,4.1761973497602405,3.8801642996624546,4.17123855972298,812112000
2018-12-06,3.9245448112487793,3.929503365020712,3.739090265795116,3.7547100293816817,692308000
2018-12-07,3.6597506999969482,3.9389242558198987,3.6104120219115874,3.9287588793414794,681676000
2018-12-10,3.765122890472412,3.7899163666045963,3.6111559191484335,3.6148750115026944,629472000
2018-12-11,3.6741316318511963,3.865040565509055,3.5950406764388196,3.856858750688745,671912000
2018-12-12,3.6917338371276855,3.787932022330586,3.5905768631415937,3.679832933206476,654136000
2018-12-13,3.691486120223999,3.8028084789098706,3.655535844249827,3.738593671918811,471384000
2018-12-14,3.630990505218506,3.733634985617449,3.6074367287219022,3.649833289967699,471820000
2018-12-17,3.559833288192749,3.673138974747846,3.501816730576885,3.600990387903989,662868000
2018-12-18,3.6431398391723633,3.7271893469800497,3.5764456241853444,3.6037182609675544,564372000
2018-12-19,3.434131622314453,3.6629746429354886,3.3825613375042884,3.6094207946910335,745364000
2018-12-20,3.34958553314209,3.5157011900434547,3.2898334467184633,3.4257012457930607,749588000
2018-12-21,3.2124783992767334,3.4090899702342026,3.1849577305661634,3.376114680016277,863740000
2018-12-24,3.150742769241333,3.222643561633783,3.0867757562867943,3.1361146712886043,463840000
2018-12-26,3.2999989986419678,3.3009906619667357,3.085784114917529,3.1968584465269196,695100000
2018-12-27,3.2521474361419678,3.282147496661996,3.103635101360143,3.2476847149274546,637044000
2018-12-28,3.3136343955993652,3.406361751036066,3.230824616804402,3.272725337744362,628728000
2018-12-31,3.3099169731140137,3.3895035266504587,3.2791730396960395,3.357024300306913,465140000
2019-01-02,3.377354145050049,3.433387141998996,3.2243790837825164,3.2390071817040265,508752000
2019-01-03,3.173304796218872,3.3510733407203785,3.165866848089199,3.317106387782458,705552000
2019-01-04,3.3766109943389893,3.4147926383298968,3.215701894397472,3.2464455895710524,585620000
2019-01-07,3.555370807647705,3.5923129862711196,3.3825608204208364,3.4338832997362645,709160000
2019-01-08,3.466858386993408,3.6391725442839733,3.394213726416275,3.6369409470710212,786016000
2019-01-09,3.5350399017333984,3.5823952495793314,3.467601836518137,3.5181802080935256,617260000
2019-01-10,3.6007421016693115,3.609419745832442,3.455205004409772,3.515700952422563,523156000
2019-01-11,3.6899986267089844,3.712808536893921,3.550659770993849,3.578428233941729,874764000
2019-01-14,3.72991681098938,3.7552061226873756,3.6141316995048034,3.6376854817945126,730168000
2019-01-15,3.7157840728759766,3.802064931597008,3.697436882293088,3.7626433580066796,617012000
2019-01-16,3.690247058868408,3.776032093517072,3.6847926735360543,3.7430570380961385,470104000
2019-01-17,3.7616517543792725,3.801569160276129,3.629998867007829,3.6572717374787245,493436000
2019-01-18,3.8908257484436035,3.9168589248445116,3.7599167099425013,3.8114869945515752,651336000
2019-01-22,3.6885108947753906,3.872229873528204,3.6582630372268445,3.8605770026218598,661552000
2019-01-23,3.701403856277466,3.8325609128679687,3.670164332146747,3.743800657316724,591020000
2019-01-24,3.9133870601654053,3.930990147489875,3.781238351296663,3.7859491065723643,708972000
2019-01-25,3.9706597328186035,3.988758889220741,3.751238495256053,3.853882980738401,1154572000
2019-01-28,3.4217336177825928,3.511733548828465,3.247932241351229,3.385535312738956,2511528000
2019-01-29,3.2628085613250732,3.423965662878717,3.248180464278207,3.3756184141885828,1153932000
2019-01-30,3.406362533569336,3.4207425973968695,3.259337689062975,3.338924462891033,974228000
2019-01-31,3.5640482902526855,3.5997507698448317,3.3813209686109746,3.403139216263978,842852000
2019-02-01,3.5883452892303467,3.639419726362219,3.5350397281590817,3.582642871251719,625048000
2019-02-04,3.698676347732544,3.7358663217906254,3.582147399796821,3.604213444766,528592000
2019-02-05,3.7177672386169434,3.7544613817460473,3.676858171779204,3.7105770885521006,542424000
2019-02-06,3.7933881282806396,3.857850989018894,3.7455369327339127,3.750991318793811,702464000
2019-02-07,3.6550400257110596,3.749254899084934,3.6121476310741185,3.747023538367698,637120000
2019-02-08,3.6736350059509277,3.6842959771635266,3.5734696863550894,3.5878497494813453,461604000
2019-02-11,3.630990505218506,3.6838002403528782,3.582643254888836,3.6295027738355152,495180000
2019-02-12,3.7480149269104004,3.7636349236820656,3.6550397577399782,3.6694200572156017,591060000
2019-02-13,3.790412425994873,3.8635529248856213,3.763883419126661,3.777519855463347,605372000
2019-02-14,3.8313212394714355,3.8595857736749397,3.7462798392413776,3.7894205063014916,827264000
2019-02-15,3.9009902477264404,4.062890743591801,3.8781803374776587,4.040081069791104,1516748000
2019-02-19,3.8836355209350586,3.96421420728204,3.871239018218415,3.890329840476403,551892000
2019-02-20,3.930990219116211,3.998180255082452,3.9017342600920597,3.9128910633713883,540988000
2019-02-21,3.862064838409424,3.968180383235593,3.847436739975377,3.943635178401896,448548000
2019-02-22,3.9468581676483154,3.9657011898270236,3.900246680320439,3.9138831152836784,401740000
2019-02-25,3.934462070465088,4.097850326946329,3.9257841877669573,4.030412483833082,656020000
2019-02-26,3.895040273666382,3.985784094174763,3.861569151631238,3.929751093160025,488464000
2019-02-27,3.8531394004821777,3.9071888363174554,3.796114501695703,3.8806600682997003,500256000
2019-02-28,3.828568696975708,3.8692718758909628,3.8062318550385252,3.846934797261979,324944000
2019-03-01,3.882922410964966,3.925114381802306,3.8201304423834346,3.8784548531716965,357188000
2019-03-04,3.8911123275756836,3.944224780345682,3.834525002731368,3.9213913606782698,409992000
2019-03-05,3.884659767150879,3.9228807599762363,3.8211231655279687,3.8754765984634987,362924000
2019-03-06,3.77371883392334,3.8841630126720745,3.770988830756522,3.875724713478367,403524000
2019-03-07,3.7044734954833984,3.7598198414219204,3.6583103167185556,3.750140331612972,450104000
2019-03-08,3.7387242317199707,3.74939642820043,3.5937815120645666,3.6151259050254856,422416000
2019-03-11,3.999324083328247,4.022157273399578,3.7151471058492853,3.762303224540573,859728000
2019-03-12,4.033572196960449,4.079983185006449,3.9509248883194834,4.027119033599783,579576000
2019-03-13,4.1849684715271,4.214254820812788,4.063603806431297,4.071049656945547,768900000
2019-03-14,4.109023094177246,4.206065322115901,4.101329189726513,4.194152149199692,519384000
2019-03-15,4.214502811431885,4.257191118156183,4.148732323709363,4.1522069588309165,661484000
2019-03-18,4.19315767288208,4.299879130717905,4.166104755650299,4.246021822564041,486992000
2019-03-19,4.360934734344482,4.405360838823117,4.270842260344442,4.287718859214613,854972000
2019-03-20,4.328421592712402,4.443333077578124,4.293674768264406,4.389972339367104,719148000
2019-03-21,4.565194606781006,4.591502900893459,4.3465401375833475,4.351504038115299,824312000
2019-03-22,4.405359745025635,4.586537806842821,4.391461205859767,4.5378929197622835,747644000
2019-03-25,4.313033580780029,4.428937745346452,4.246766990583778,4.364656998961132,525212000
2019-03-26,4.389724254608154,4.510840376517785,4.33338498763759,4.454749635898403,703508000
2019-03-27,4.380541801452637,4.461699633153231,4.31104908850221,4.415288631311454,474372000
2019-03-28,4.399155616760254,4.464925632462409,4.346042930186937,4.4066009930987375,480264000
2019-03-29,4.45648717880249,4.480810098985009,4.415536188042693,4.465918399269128,456896000
2019-04-01,4.523995399475098,4.554274434246291,4.476591239836674,4.548317848493185,483824000
2019-04-02,4.541863918304443,4.586290014274835,4.505132197961692,4.548069029398765,440920000
2019-04-03,4.681347370147705,4.740416650952711,4.586539046596323,4.591502947178313,783504000
2019-04-04,4.672412395477295,4.714852653652392,4.609620430393742,4.665959230502972,457376000
2019-04-05,4.739173889160156,4.75654753551504,4.679112415942302,4.715596079182291,481744000
2019-04-08,4.76002311706543,4.785090196394378,4.684573352712793,4.708647746729242,424192000
2019-04-09,4.697233200073242,4.737688102813185,4.655040978934353,4.726519559765133,439972000
2019-04-10,4.767716407775879,4.793528118683609,4.692019066028412,4.696486386496377,444772000
2019-04-11,4.753818035125732,4.801718770475504,4.704428508489691,4.770198526343151,374600000
2019-04-12,4.715846538543701,4.79650828093836,4.707159947625348,4.792537065068383,471708000
2019-04-15,4.584056854248047,4.71311542226327,4.544346598456222,4.708151521943394,440092000
2019-04-16,4.671170711517334,4.690033151773582,4.5905094711774534,4.623270451962824,394964000
2019-04-17,4.6483378410339355,4.7270137160976615,4.626000764151662,4.706165903909824,351004000
2019-04-18,4.6237664222717285,4.689040328956429,4.595969342028883,4.655038610928449,380988000
2019-04-22,4.677623748779297,4.693259606449838,4.5686688510146265,4.600188619320266,279936000
2019-04-23,4.732227325439453,4.763499528050146,4.681100462410393,4.6907797395448725,346856000
2019-04-24,4.744636058807373,4.785339003334173,4.681844087408871,4.742650214485939,318204000
2019-04-25,4.638906002044678,4.726765033170298,4.5592374522633365,4.704427959264903,499296000
2019-04-26,4.420003414154053,4.4894965911925295,4.301120712248882,4.485028797343107,868988000
2019-04-29,4.450777530670166,4.478574602800334,4.355720727622582,4.427943883289399,391920000
2019-04-30,4.492226600646973,4.517789785221679,4.399403662476442,4.418514156009542,362920000
2019-05-01,4.479074478149414,4.586788685304841,4.478825951691516,4.544596466893407,354280000
2019-05-02,4.546581745147705,4.588277383173214,4.445568760133251,4.4887536633407334,394684000
2019-05-03,4.542112827301025,4.564946009612433,4.4805616041626095,4.555018683115511,336824000
2019-05-06,4.463685035705566,4.475846259268589,4.31849403851635,4.35572234153958,422176000
2019-05-07,4.29640531539917,4.415288016656609,4.24825652905285,4.415288016656609,555220000
2019-05-08,4.316510200500488,4.396675367316588,4.256944799837328,4.268857974646704,419168000
2019-05-09,4.223933696746826,4.257191257846926,4.105051466418007,4.247511984459782,660248000
2019-05-10,4.189932346343994,4.258680898184271,4.070304999758619,4.193158928885538,569500000
2019-05-13,3.9325602054595947,4.080977563202971,3.9166760553201314,4.057895852056923,656912000
2019-05-14,4.021660327911377,4.056903264695281,3.933552985951617,3.972270321780847,524880000
2019-05-15,3.9606051445007324,3.9970888148436092,3.906748061112328,3.9660651503880393,502320000
2019-05-16,3.9757449626922607,4.018433750418558,3.9127051766210523,3.9551454379489344,781088000
2019-05-17,3.884906768798828,4.0631067740555045,3.8454448115143696,3.9338001819226966,1022068000
2019-05-20,3.766273021697998,3.8412262085621105,3.7414539947355543,3.7861281485912404,572064000
2019-05-21,3.848423719406128,3.864307869031373,3.788361993137609,3.827079563469432,361848000
2019-05-22,3.777442216873169,3.8357666326753392,3.766521729499103,3.8097068628568667,325868000
2019-05-23,3.656325340270996,3.715146090996346,3.5965116674763187,3.715146090996346,591844000
2019-05-24,3.6024680137634277,3.710430233880253,3.595766796180836,3.6751873017096988,357584000
2019-05-28,3.5572969913482666,3.6528499208378,3.555311384327524,3.6200889434918735,428356000
2019-05-29,3.4830894470214844,3.544640205295166,3.4483428527061144,3.509645557963519,559800000
2019-05-30,3.4565019607543945,3.522098703630948,3.418237115089103,3.486318640519927,394300000
2019-05-31,3.365809440612793,3.4748889351182237,3.364070140141018,3.4075528888973117,389720000
2019-06-03,3.324066162109375,3.415752413082119,3.2947463907709222,3.376990657384309,478644000
2019-06-04,3.5531582832336426,3.558376185167301,3.3660583480395427,3.388172347229134,641836000
2019-06-05,3.51042103767395,3.632421130669849,3.474144059991226,3.6269546556211023,511616000
2019-06-06,3.5725393295288086,3.597138112772202,3.5121604763893934,3.514645259414856,408140000
2019-06-07,3.61527681350708,3.6495659208059865,3.5593703769782525,3.578502923037567,348856000
2019-06-10,3.6880791187286377,3.756657566005407,3.671431356879652,3.671431356879652,402780000
2019-06-11,3.74572491645813,3.785729073157379,3.7062179059714673,3.747961126566889,383872000
2019-06-12,3.63266921043396,3.7084534256499544,3.617512414783146,3.70224146876885,358892000
2019-06-13,3.6838552951812744,3.7022421220853547,3.6371422716474684,3.6547838531638472,308080000
2019-06-14,3.5939080715179443,3.6150282546272616,3.5491831590808935,3.5906780429530203,394428000
2019-06-17,3.603598117828369,3.6406205762717807,3.5693087783168838,3.592168259003896,276040000
2019-06-18,3.798649787902832,3.854059081062545,3.6540387648355384,3.664971479598743,581920000
2019-06-19,3.804612874984741,3.8453622752424192,3.7785231263264563,3.8339326521074457,331644000
2019-06-20,3.8289618492126465,3.9092184692169236,3.8145505384009897,3.895304067472995,350168000
2019-06-21,3.770819664001465,3.863251633304206,3.764359371441647,3.8140540754168044,434428000
2019-06-24,3.7931833267211914,3.8227516793697673,3.7449795731915354,3.7921895081830472,282948000
2019-06-25,3.7638630867004395,3.8731911692278533,3.7611299675739365,3.798152428653057,311868000
2019-06-26,3.957174777984619,4.0182993502821525,3.8784090992993048,3.8913296866554123,584072000
2019-06-27,4.0558180809021,4.074950386948419,4.006868855487333,4.042897494829749,445440000
2019-06-28,4.080665111541748,4.108991064217452,4.033952336500614,4.099797416072829,397668000
2019-07-01,4.128870010375977,4.322181694312389,4.0913503990194595,4.287892348606211,709756000
2019-07-02,4.030971050262451,4.1333419287237945,4.017802127034012,4.112221510410361,400228000
2019-07-03,4.043891429901123,4.060042281438798,3.9840097272590325,4.054327233500396,246636000
2019-07-05,3.9812772274017334,3.98997373175345,3.917916439783292,3.9855013115045588,396552000
2019-07-08,3.906237840652466,3.940527182235838,3.87617281969884,3.921643210752934,329788000
2019-07-09,3.9087233543395996,3.9368007437304042,3.851326183837442,3.8639982002478437,342860000
2019-07-10,3.977052688598633,4.034449610757717,3.9382909276666758,3.9522053330385747,452076000
2019-07-11,4.1316022872924805,4.172351682065839,4.012832230139886,4.050103023821908,682560000
2019-07-12,4.164649486541748,4.235712955080335,4.1594315842922205,4.1594315842922205,506392000
2019-07-15,4.156200408935547,4.201919364603071,4.127874930882114,4.185768989132838,289840000
2019-07-16,4.151480197906494,4.178563525212649,4.095822104880401,4.141292730431857,341444000
2019-07-17,4.216829299926758,4.2237865034490785,4.123900396965536,4.153220175787872,348204000
2019-07-18,4.2285075187683105,4.291371164389587,4.170613439945516,4.227265364030677,442192000
2019-07-19,4.185272216796875,4.273231535248465,4.17930883301,4.266771479268263,344896000
2019-07-22,4.256834030151367,4.269754621140427,4.199188280052174,4.206642631211875,315940000
2019-07-23,4.364669322967529,4.366656959528526,4.280436944204497,4.296091122374806,428176000
2019-07-24,4.439210414886475,4.44492546177037,4.33187046971464,4.407903009865319,366236000
2019-07-25,4.308017730712891,4.410388603872012,4.284661340679692,4.397716353540302,392700000
2019-07-26,4.350009441375732,4.396722218072964,4.335101219305598,4.335101219305598,274160000
2019-07-29,4.3437981605529785,4.359949012549675,4.255590499667116,4.342804342171069,248160000
2019-07-30,4.359452247619629,4.371627353229489,4.282922538433724,4.297334091041363,197772000
2019-07-31,4.192230224609375,4.328890457931536,4.149989857789644,4.327896165506087,359416000
2019-08-01,4.097809791564941,4.293109058279627,4.045630305131023,4.202664962671635,421212000
2019-08-02,4.005129337310791,4.074453493354114,3.9576713158860675,4.005129337310791,428348000
2019-08-05,3.7467193603515625,3.8227519337036453,3.69975799535116,3.821509541967318,589156000
2019-08-06,3.78548002243042,3.8669790532978916,3.737773422922886,3.8215086636169704,361272000
2019-08-07,3.8237452507019043,3.8356720202364767,3.7072116224882232,3.7246046305911715,372560000
2019-08-08,3.9323272705078125,3.9335696618957994,3.823993253271804,3.8813904084099957,309300000
2019-08-09,3.83095121383667,3.894808674656235,3.7805112509167436,3.8913300728660314,341816000
2019-08-12,3.763118028640747,3.8309509966663513,3.7412523636547284,3.77877173580928,279200000
2019-08-13,3.8774149417877197,3.9233824786221354,3.722616707640462,3.7616268048062644,351956000
2019-08-14,3.728827714920044,3.800387839019636,3.685096633286693,3.789206554818956,419880000
2019-08-15,3.6965274810791016,3.767590719673216,3.662238371915886,3.74771292715153,477200000
2019-08-16,3.9646286964416504,4.013826020539464,3.8980378930842976,3.9594107948409443,1007960000
2019-08-19,4.243414878845215,4.2593173945686855,4.061781656938408,4.077932508773906,815112000
2019-08-20,4.171109676361084,4.238445727843558,4.149989259036466,4.237948581702561,463188000
2019-08-21,4.2545952796936035,4.309756216215315,4.215585191647073,4.237202276992844,427244000
2019-08-22,4.260807991027832,4.306775285747749,4.221549088220325,4.264286591991244,303488000
2019-08-23,4.036188125610352,4.23869339420115,4.016310339817155,4.184277937820133,568056000
2019-08-26,4.110979080200195,4.139056699387173,4.072714467605773,4.114954827476076,318208000
2019-08-27,4.02028751373291,4.15197771364096,3.990967733735244,4.149244594136765,290968000
2019-08-28,4.009840488433838,4.062568795649351,3.9546249387354337,3.9939227058149274,255612000
2019-08-29,4.153601169586182,4.185934381654271,4.09788796685589,4.101370012376963,357976000
2019-08-30,4.166284084320068,4.249605041052564,4.148127642471125,4.199861143803943,290616000
2019-09-03,4.083212852478027,4.126489831949737,4.060330978584198,4.093410405266968,296140000
2019-09-04,4.1973748207092285,4.204836549248497,4.143900285493805,4.143900285493805,227728000
2019-09-05,4.470466613769531,4.476684481478948,4.297855911604464,4.299596933538817,695676000
2019-09-06,4.443356990814209,4.504044190055208,4.405303081723671,4.447087617386065,376976000
2019-09-09,4.4893717765808105,4.575926241346267,4.472956348255274,4.474448789301198,417524000
2019-09-10,4.556027412414551,4.582639914927239,4.446839679949437,4.456539595077907,352812000
2019-09-11,4.584630012512207,4.632881480774574,4.541601611985885,4.570701831882752,361512000
2019-09-12,4.583137035369873,4.6858578298799625,4.575178143712347,4.6311399160423266,327840000
2019-09-13,4.525184631347656,4.5535386211836935,4.481410025580112,4.5164795214496944,324592000
2019-09-16,4.4821577072143555,4.51672957619492,4.439626945787897,4.4500730810718325,231832000
2019-09-17,4.503546237945557,4.507774502037,4.442361411153915,4.488871841766872,223048000
2019-09-18,4.476436614990234,4.5122523394959275,4.389882659024344,4.49658313792207,258152000
2019-09-19,4.4008259773254395,4.500810938256271,4.3901307877096345,4.4824054396218065,245476000
2019-09-20,4.295121669769287,4.423460664993095,4.284924589552324,4.399832566627601,350244000
2019-09-23,4.348596572875977,4.394112225013774,4.291639980797513,4.295371083033834,249712000
2019-09-24,4.291141033172607,4.409531016411817,4.255574369257198,4.379933639200257,317268000
2019-09-25,4.432911396026611,4.452560282187876,4.2458748161388575,4.290644238017967,308432000
2019-09-26,4.410775184631348,4.431916510965021,4.359787893864674,4.423211398472641,234564000
2019-09-27,4.271989822387695,4.4197286020751365,4.211302152824442,4.368989901893488,362056000
2019-09-30,4.329444408416748,4.339641961724971,4.266518540414827,4.297857420629497,186184000
2019-10-01,4.327702522277832,4.50180569088614,4.322977093908212,4.352574471278015,366008000
2019-10-02,4.303825855255127,4.317754032858804,4.231448668584901,4.305815459371947,293372000
2019-10-03,4.509516716003418,4.5157345856427185,4.277959778078787,4.30830338040873,450588000
2019-10-04,4.5259318351745605,4.5552806333222104,4.446590552521761,4.511754599978452,265524000
2019-10-07,4.584630012512207,4.68436593783087,4.582142769629365,4.590847882522774,480984000
2019-10-08,4.408040523529053,4.492853484425291,4.389884073481611,4.492853484425291,444436000
2019-10-09,4.494594573974609,4.544089912393756,4.45604348630143,4.484894656549261,292412000
2019-10-10,4.552295207977295,4.603282488532227,4.487131168314969,4.492354234764321,309124000
2019-10-11,4.625916957855225,4.70923745186966,4.617460427723012,4.636363092350418,446404000
2019-10-14,4.639348030090332,4.66024030147284,4.586122074945585,4.61721190004377,200040000
2019-10-15,4.8840861320495605,4.956712380207494,4.71570365603876,4.729632309028545,664124000
2019-10-16,4.830362796783447,4.954971126937373,4.81892186123977,4.850011679699381,428944000
2019-10-17,4.832352638244629,4.919901384359584,4.777882838739244,4.874883390161161,263436000
2019-10-18,4.737841606140137,4.865434397604564,4.663474781424393,4.832852124763399,307440000
2019-10-21,4.875131607055664,4.888562619493663,4.780369723100446,4.799272383513151,261868000
2019-10-22,4.865182876586914,5.037295941461909,4.857472568783003,4.932087930454439,328720000
2019-10-23,4.852251052856445,4.866427814808763,4.751271273511901,4.783107316807916,279916000
2019-10-24,4.896273612976074,4.9298501999847515,4.859463088958182,4.893537314212813,232020000
2019-10-25,5.0872907638549805,5.108183036821627,4.969149324645292,4.976859636010571,423092000
2019-10-28,5.143251419067383,5.195730671957775,5.101714989853794,5.131063788119243,330792000
2019-10-29,5.046997547149658,5.135790170441866,5.027597717384836,5.129323244258218,211236000
2019-10-30,5.048986911773682,5.079579569924972,4.980837980085249,5.073858864295298,205960000
2019-10-31,4.999740123748779,5.048986385362047,4.919901681566824,5.0280941182036285,209732000
2019-11-01,5.038790225982666,5.071123434704472,4.939302408145876,4.964422944575674,283640000
2019-11-04,5.235525131225586,5.247961342989594,5.0967405184472465,5.119870970981655,376716000
2019-11-05,5.213390350341797,5.261392760018002,5.1653874662725405,5.235277422547031,300868000
2019-11-06,5.164144992828369,5.21488323617924,5.076595739781235,5.189265532501113,269012000
2019-11-07,5.181801795959473,5.265371332631213,5.137032384371292,5.250696935472552,280340000
2019-11-08,5.167873859405518,5.199461315529386,5.127332710304524,5.1648894532108,189100000
2019-11-11,5.177823066711426,5.2009535203637824,5.080822507835788,5.167127876638158,243436000
2019-11-12,5.213390350341797,5.26935212663177,5.181056668755122,5.21612617506832,283504000
2019-11-13,5.187522888183594,5.209658539332354,5.121114985951338,5.182050765082911,300188000
2019-11-14,5.217867851257324,5.220106512346602,5.136536947576906,5.196477940290079,518080000
2019-11-15,5.078583717346191,5.267360796972034,4.990288280436552,5.2156272982326515,1053628000
2019-11-18,5.27979850769043,5.3064110103194055,5.068139024545438,5.071123431369904,574588000
2019-11-19,5.173097610473633,5.272336364070725,5.114897649636158,5.248708270125907,414564000
2019-11-20,5.252438545227051,5.336256673182474,5.137530597345281,5.1502153918858475,472588000
2019-11-21,5.227566242218018,5.303674055547908,5.205927755573107,5.247961344882565,288388000
2019-11-22,5.2452263832092285,5.296710837779399,5.221597814159765,5.2502003943416495,224100000
2019-11-25,5.501904487609863,5.506878973703711,5.36038353667369,5.373316915881832,506476000
2019-11-26,5.39719295501709,5.488969974847671,5.390726029551983,5.484244071716554,385244000
2019-11-27,5.432040214538574,5.477091441603249,5.405656838074949,5.442743299117198,215784000
2019-11-29,5.394704818725586,5.429550965694259,5.3708100466652695,5.4011765173015664,141556000
2019-12-02,5.208275318145752,5.401174790830628,5.193092562423877,5.387733867157268,372036000
2019-12-03,5.168702125549316,5.172684271222683,4.9872524391837265,5.024587665958945,465232000
2019-12-04,5.2125067710876465,5.274732285742545,5.183883091315553,5.252331062487341,273424000
2019-12-05,5.195583343505859,5.2500928773173,5.164968107208451,5.2344121110522055,184884000
2019-12-06,5.280956745147705,5.313812296493604,5.254822133018993,5.264778447016511,232236000
2019-12-09,5.280956745147705,5.335715522647689,5.2493464451662675,5.258057982542505,211880000
2019-12-10,5.326007843017578,5.377779530532303,5.258306149867408,5.311073373720012,256388000
2019-12-11,5.40963888168335,5.415115043949299,5.333972893782707,5.336461972132111,233796000
2019-12-12,5.577149391174316,5.5953192335333926,5.371805438401658,5.380765739519553,404348000
2019-12-13,5.575158596038818,5.699360889940444,5.5211465970346065,5.580136752348934,454704000
2019-12-16,5.604030132293701,5.676460728117051,5.594571826747397,5.622697978034393,320976000
2019-12-17,5.682185649871826,5.704835640197259,5.613239668002575,5.622697973541322,321196000
2019-12-18,5.712552070617676,5.773035287670211,5.70856945097392,5.717032221002479,343548000
2019-12-19,5.860649585723877,5.8740905137739166,5.742172210579205,5.7471503672453785,445360000
2019-12-20,5.957968711853027,5.983356543611427,5.907939344342441,5.927104719514694,603044000
2019-12-23,5.944279193878174,6.01870085920795,5.93357658723119,5.986592564523979,355060000
2019-12-24,5.939301490783691,5.956475795589439,5.894499039071839,5.928847648683333,138864000
2019-12-26,5.953490257263184,5.981615939948392,5.923870557911135,5.9427871731341915,182852000
2019-12-27,5.895744323730469,5.982113385929475,5.869360476100034,5.968672459359743,254644000
2019-12-30,5.782494068145752,5.879068211053426,5.751132538137095,5.873841289385316,258056000
2019-12-31,5.856665134429932,5.86612343847469,5.727982731204513,5.747148104606454,231004000
2020-01-02,5.971407890319824,5.971407890319824,5.892008563609515,5.942535451038158,237536000
2020-01-03,5.875831127166748,5.919638038662146,5.826797295101701,5.851687596513701,205384000
2020-01-06,5.900473594665527,5.905700516480827,5.756359621904757,5.782494230981256,262636000
2020-01-07,5.971906661987305,6.017704641211749,5.883795316911701,5.928846525450018,314856000
2020-01-08,5.983107566833496,6.024425398714708,5.927602515447526,5.9676755712096945,277108000
2020-01-09,6.048818588256836,6.121249187426067,5.9950558356906445,6.069477507253272,255112000
2020-01-10,6.081175327301025,6.186460989072398,6.066988106452884,6.156095000345665,316296000
2020-01-13,6.271834373474121,6.296973440866973,6.141658411841688,6.1643088762984775,319840000
2020-01-14,6.15485143661499,6.254412184065293,6.141659275586218,6.229023873013879,359088000
2020-01-15,6.112288475036621,6.189945996094547,6.086402634683979,6.16754476983772,263104000
2020-01-16,6.195920944213867,6.20189463740964,6.142406945611476,6.165803712818602,284192000
2020-01-17,6.2046308517456055,6.222551926626451,6.157090558824123,6.2150846934070065,253792000
2020-01-21,6.171278476715088,6.2048803152981495,6.137178632668914,6.168042628062491,217916000
2020-01-22,6.225289344787598,6.311907155351384,6.197661200927459,6.2165778106644005,239240000
2020-01-23,6.293738842010498,6.302201612851046,6.1765062509303945,6.265364395269904,244516000
2020-01-24,6.234499454498291,6.459009239561232,6.180238697894959,6.4092286330962756,373512000
2020-01-27,5.9786272048950195,6.029652104874748,5.780252055742819,5.929842142261232,470536000
2020-01-28,6.17202615737915,6.204383224445831,5.991322783318394,6.0445880122860345,310976000
2020-01-29,6.111541271209717,6.193678930370734,6.071716505645805,6.1575880184570915,258848000
2020-01-30,6.118261814117432,6.131702738993476,5.9587158710105355,6.013722922529771,290504000
2020-01-31,5.884790897369385,6.084410346641112,5.842975536574068,6.072462965058745,370420000
2020-02-03,5.9818644523620605,6.001278596035723,5.8604000101128895,5.8666224677137775,255564000
2020-02-04,6.151116847991943,6.170282699054375,6.073708571920442,6.123737942425535,271544000
2020-02-05,6.241469860076904,6.282289699223964,6.158087399726927,6.272084620751414,208220000
2020-02-06,6.328335285186768,6.328335285186768,6.194675177734428,6.275817310153531,218284000
2020-02-07,6.26212739944458,6.310414462729095,6.2367390915720655,6.288262003363611,189752000
2020-02-10,6.545377731323242,6.546124027329759,6.279798897492714,6.284777052660866,529608000
2020-02-11,6.667839050292969,6.782583042361026,6.591675059281651,6.653651826376405,638556000
2020-02-12,6.783577919006348,6.790049616825319,6.681776858992175,6.720605621676727,374644000
2020-02-13,6.73976993560791,6.806973607493274,6.698203336082663,6.725582715312186,528016000
2020-02-14,7.21293306350708,7.341864247595499,7.11859925173715,7.1499607756319765,1041924000
2020-02-18,7.381689071655273,7.400108152666693,7.090224846302637,7.109638988755365,620164000
2020-02-19,7.832949638366699,7.850621951154439,7.504150146633085,7.504150146633085,694332000
2020-02-20,7.6836090087890625,7.87327221652146,7.376214724448871,7.784912073771598,810052000
2020-02-21,7.319464206695557,7.596492470112274,7.234588686390505,7.571353398915434,768180000
2020-02-24,6.801996231079102,7.015803419302738,6.6705759553181165,6.725085479935204,856916000
2020-02-25,6.522479057312012,6.939141090526179,6.420678006754452,6.877164335215975,1055496000
2020-02-26,6.661862850189209,6.856006609426337,6.521233541483293,6.52272660808834,747732000
2020-02-27,6.2910284996032715,6.6496620830203605,6.1986305037172595,6.3483101172593965,906416000
2020-02-28,6.726118564605713,6.7856418176156055,6.021802743910398,6.038489015874633,1133252000
2020-03-02,6.884515762329102,6.913405955586812,6.50023030439148,6.8962213781378505,890744000
2020-03-03,6.622015953063965,7.0000752116813985,6.536591373721847,6.940303040064496,652792000
2020-03-04,7.08574914932251,7.095213112715437,6.654641699163994,6.729357274638746,597408000
2020-03-05,6.806314468383789,7.053123800037345,6.7617341293777615,6.886259621539514,540328000
2020-03-06,6.625751495361328,6.684278620609011,6.4255143187867105,6.626747626957039,515412000
2020-03-09,6.11270809173584,6.4603832758508535,5.931897101861115,5.97473362059158,614160000
2020-03-10,6.502222061157227,6.502222061157227,6.1264044641429605,6.389152813651046,580648000
2020-03-11,6.138359069824219,6.390647822883888,6.041229343978403,6.362255932629581,499964000
2020-03-12,5.387220859527588,5.88059050685789,5.374519113739485,5.615102216149234,816540000
2020-03-13,5.998144626617432,6.002627457536674,5.469409516787547,5.740625775186454,634836000
2020-03-16,4.891361236572266,5.63104297256949,4.831589056647844,5.290091825274877,726972000
2020-03-17,5.411129951477051,5.500539533647419,4.756873362583326,5.003682666582242,833632000
2020-03-18,5.0512518882751465,5.228576159943391,4.499853317187117,4.983510181129494,874268000
2020-03-19,5.304039001464844,5.397682034196221,4.816397131506686,5.029833436158726,765512000
2020-03-20,5.124223709106445,5.736141627251314,5.1087824811310405,5.454215947191174,804636000
2020-03-23,5.2970662117004395,5.391456956298398,4.944160942540289,5.1232286015736355,643876000
2020-03-24,6.2058515548706055,6.292521656398445,5.679607141928256,5.703266811798288,1101644000
2020-03-25,6.117189407348633,6.520651674070698,6.068375159691463,6.320912803870535,793432000
2020-03-26,6.40658712387085,6.530614300481662,6.2262739971016074,6.3243998510831805,696108000
2020-03-27,6.2942657470703125,6.553029611288523,6.193399926742075,6.226274649289893,638828000
2020-03-30,6.61454439163208,6.623759440479443,6.315683052278373,6.359765083207099,602252000
2020-03-31,6.564984321594238,6.858864569074707,6.4192892438059745,6.654642355975329,949960000
2020-04-01,6.053681373596191,6.513429604344959,6.009101514807017,6.36698780602018,656912000
2020-04-02,6.362504482269287,6.375704056469888,6.034753454300469,6.0828200075317005,675764000
2020-04-03,6.0746026039123535,6.36649009615311,5.937126452354623,6.324898628338619,663212000
2020-04-06,6.684527397155762,6.721387115600285,6.299245365096051,6.356776357563796,727884000
2020-04-07,6.451167583465576,6.929843793294527,6.408081679793678,6.9061836458877455,784520000
2020-04-08,6.648416042327881,6.673321236109589,6.490268608095154,6.560251969858494,542444000
2020-04-09,6.548795223236084,6.797098973754002,6.485785263721914,6.774186520309044,525564000
2020-04-13,6.720640182495117,6.729356927930683,6.400609742855064,6.4890227180026585,398408000
2020-04-14,7.071803092956543,7.10592286254304,6.8212576636321245,6.848902339183879,530948000
2020-04-15,6.99434757232666,7.077281593572189,6.858365856196307,6.903692936564077,366148000
2020-04-16,7.339531898498535,7.446623891363686,7.136555700421312,7.149755276394696,745620000
2020-04-17,7.280256748199463,7.443135886414159,7.14626732355788,7.421717396595554,539120000
2020-04-20,7.149007797241211,7.309645780659861,7.104676851709789,7.153740016301722,449388000
2020-04-21,6.71217155456543,7.0922230355302505,6.652399389375535,7.030956910605142,735160000
2020-04-22,7.126594066619873,7.169431057581557,6.8588645357040905,6.904440532741369,483356000
2020-04-23,7.073296070098877,7.30067962276094,7.048141964987654,7.168682918221717,424160000
2020-04-24,7.21226692199707,7.214259185341389,6.9883700590037385,7.063085634739961,352328000
2020-04-27,7.398807048797607,7.558697837935552,7.322099201276166,7.346755481740124,479388000
2020-04-28,7.256349086761475,7.576130635658763,7.250870124951542,7.546244309815871,442904000
2020-04-29,7.433175563812256,7.485974343887676,7.315872387428984,7.391085793246775,379160000
2020-04-30,7.279262065887451,7.433175576227724,7.2653152720737095,7.379131275172438,375916000
2020-05-01,7.042662620544434,7.195081677888621,6.994346676217267,7.081763516460374,342096000
2020-05-04,7.254606246948242,7.268304127461941,6.995344074029371,6.995344074029371,317556000
2020-05-05,7.3156232833862305,7.478253535367416,7.254605587109694,7.3587091845288795,368896000
2020-05-06,7.4164886474609375,7.521339462754946,7.357214775183152,7.395070628922223,323464000
2020-05-07,7.5928168296813965,7.656075704098052,7.504403849001382,7.555708193207782,373732000
2020-05-08,7.782842636108398,7.789068815211882,7.630672481686343,7.664543333034148,339216000
2020-05-11,8.034881591796875,8.08170309957165,7.749219851501735,7.777860652267359,469060000
2020-05-12,7.772881031036377,8.141476375645489,7.763168152806162,8.092662595289598,493060000
2020-05-13,7.750466823577881,8.047833283961996,7.565919763396782,7.887444674634261,625852000
2020-05-14,8.000016212463379,8.005495174566661,7.658317847977399,7.811982451319024,602312000
2020-05-15,8.458518028259277,8.468230430422556,7.84410907327417,7.859799215280093,987660000
2020-05-18,8.717032432556152,8.882651547418833,8.647547382576075,8.727243613025756,774460000
2020-05-19,8.772073745727539,9.05300284387516,8.72948567045255,8.756881430566535,717320000
2020-05-20,8.935948371887207,9.00867120384634,8.85500662294641,8.956868560528548,587536000
2020-05-21,8.741938591003418,9.018135457385423,8.704331651062288,9.017139800729746,761068000
2020-05-22,8.991982460021973,9.058479573490999,8.680171012748838,8.791745327406055,1038764000
2020-05-26,8.68465518951416,9.146894447423765,8.639079200529823,9.121988782635464,770780000
2020-05-27,8.492887496948242,8.599978539188397,7.966393195519462,8.59225840000188,1175892000
2020-05-28,8.45478343963623,8.727244712419553,8.347441574108315,8.380316297061471,734896000
2020-05-29,8.84180736541748,8.84180736541748,8.452789677381746,8.522025817439461,745256000
2020-06-01,8.772820472717285,8.807189629886395,8.656513899580409,8.799718404433667,389876000
2020-06-02,8.791748046875,8.80370257715088,8.625133265614396,8.762858802924514,391320000
2020-06-03,8.73620891571045,8.832591890804517,8.666972782709411,8.788759250864498,365440000
2020-06-04,8.737208366394043,8.91336701155603,8.648505048612202,8.698836225871018,424280000
2020-06-05,8.890192031860352,8.966934385696657,8.678900580620533,8.7651116900788,481748000
2020-06-08,8.775581359863281,8.860047420661626,8.656729497054023,8.847589375302501,387736000
2020-06-09,9.01577091217041,9.079308147763598,8.722006602731252,8.77059362098267,468488000
2020-06-10,9.335450172424316,9.46825514478124,9.122912601202975,9.137115736706289,632180000
2020-06-11,8.766857147216797,9.230302523523088,8.756641306957437,9.119424348084378,583652000
2020-06-12,8.9026517868042,9.156550786318963,8.67416787516225,9.131883732185477,570908000
2020-06-15,9.143095016479492,9.151566711818699,8.714531595846257,8.78579344778855,400004000
2020-06-16,9.03819751739502,9.235785840524901,8.809215537679608,9.194175392191577,535716000
2020-06-17,9.20513916015625,9.267928380055611,9.039942490508217,9.083298038139,408304000
2020-06-18,9.187199592590332,9.25148392926587,9.084045060176823,9.19616934530287,254408000
2020-06-19,9.230301856994629,9.413437984243986,9.196416027557818,9.211615272979378,524160000
2020-06-22,9.494915962219238,9.499401313261167,9.242263048072369,9.268924225594319,398468000
2020-06-23,9.418421745300293,9.61027860248727,9.37606421928516,9.519084077006571,375108000
2020-06-24,9.204639434814453,9.524566895603112,9.113942960924875,9.444584317540274,449372000
2020-06-25,9.45828914642334,9.47323936643009,9.151567737181917,9.324488051594027,376072000
2020-06-26,9.124409675598145,9.468257176021824,9.09451018223149,9.468257176021824,592084000
2020-06-29,9.169258117675781,9.173743468777447,8.870260374063909,9.13910960070317,342248000
2020-06-30,9.466015815734863,9.494420194381577,9.235538672534776,9.282879620441916,367892000
2020-07-01,9.498154640197754,9.543752379614716,9.381545975638707,9.488935861413747,326648000
2020-07-02,9.580132484436035,9.704963844116856,9.546245694759786,9.606792715660907,364056000
2020-07-06,9.80637264251709,9.875640384097007,9.680046173855771,9.709198582083413,315892000
2020-07-07,9.838764190673828,10.036351571167572,9.817834451793358,9.913015338339745,357800000
2020-07-08,10.181863784790039,10.19083448771981,9.932201081128547,9.96035642783184,365480000
2020-07-09,10.473883628845215,10.53467966591517,10.199303925315359,10.345564003615122,494548000
2020-07-10,10.444233894348145,10.619645438907677,10.344069605250006,10.553367935360455,497676000
2020-07-13,10.018658638000488,10.756185576402736,9.991499409474397,10.559595305692305,457076000
2020-07-14,10.342325210571289,10.367989326877709,9.752801420745758,10.041334295021729,542676000
2020-07-15,10.193074226379395,10.398136195594192,10.022147113755791,10.379449611889603,403984000
2020-07-16,10.100885391235352,10.172644356689387,9.862434655691096,9.981535509582216,344964000
2020-07-17,10.167411804199219,10.214254686080869,10.054042392101053,10.19133177590211,266284000
2020-07-20,10.475629806518555,10.496061491500111,10.122812550358633,10.239920246823443,284852000
2020-07-21,10.293987274169922,10.524714344075875,10.252376826762578,10.477870511785147,277036000
2020-07-22,10.403871536254883,10.567074098388503,10.257113364045049,10.332859640087264,367292000
2020-07-23,10.095901489257812,10.511756920696598,9.997730378043748,10.415080926468928,411660000
2020-07-24,10.160431861877441,10.330112857465194,9.7443275248373,9.841999601392292,473292000
2020-07-27,10.386677742004395,10.406859447407754,10.183607945177902,10.198060110705999,292132000
2020-07-28,10.181364059448242,10.347307779118024,10.175135514559727,10.339584117319752,271636000
2020-07-29,10.430527687072754,10.481107877079305,10.3124239176571,10.356027529731712,284508000
2020-07-30,10.578535079956055,10.587504832788689,10.260849759593372,10.340333346631223,308880000
2020-07-31,10.579280853271484,10.73052434521715,10.398137872090295,10.527952620518944,386080000
2020-08-03,10.973459243774414,11.061663543055651,10.679444912836956,10.696637332641039,412720000
2020-08-04,11.190230369567871,11.190230369567871,10.869555864229119,11.013074716717343,310336000
2020-08-05,11.24903392791748,11.333749929119115,11.12893697967583,11.206427374833025,249924000
2020-08-06,11.297621726989746,11.320046580338172,11.141395787272014,11.31182391232998,244316000
2020-08-07,11.162077903747559,11.4663081040337,11.000619509567368,11.274700240183378,342516000
2020-08-10,11.127693176269531,11.37013027307293,10.820223710732987,11.296378130139873,427796000
2020-08-11,10.81374454498291,11.099536195370392,10.759675109392322,11.036746036376092,354512000
2020-08-12,11.402023315429688,11.428683543710854,10.921633546935348,10.95402521578607,464412000
2020-08-13,11.404763221740723,11.682582200872133,11.317805009675435,11.507418736974273,374460000
2020-08-14,11.525361061096191,11.665640701339301,11.402273843849128,11.491474270701731,366436000
2020-08-17,12.295778274536133,12.3682852862026,11.777765272632852,11.81165111334547,621300000
2020-08-18,12.219779014587402,12.454243369242976,12.045862614432307,12.408396604850482,503448000
2020-08-19,12.097939491271973,12.273849086504912,12.057574183040343,12.255411527658788,622624000
2020-08-20,12.100432395935059,12.333650724021918,11.839058719677544,11.934987646470855,921388000
2020-08-21,12.641119956970215,12.765951312859846,12.15450065342275,12.160979177808999,999868000
2020-08-24,12.67774486541748,12.869352704681733,12.465705345293538,12.840698355831849,490564000
2020-08-25,12.70739459991455,12.718606550680466,12.531733100681723,12.588542789163244,289076000
2020-08-26,12.730317115783691,12.825497982451198,12.635385276838319,12.756479283920212,321244000
2020-08-27,12.586053848266602,12.80706314715516,12.524509770273834,12.738791517285438,317604000
2020-08-28,13.103816986083984,13.104066013844308,12.600255290566448,12.632646958673693,537160000
2020-08-31,13.329809188842773,13.529638751359306,12.99418441341534,13.138699399567772,500840000
2020-09-01,13.778939247131348,13.951163045336086,13.395608877349849,13.438976442437339,511316000
2020-09-02,14.302838325500488,14.681931051636386,13.857696425651804,14.659000334746768,874012000
2020-09-03,12.975890159606934,13.84224502552326,12.839556108597575,13.786664795289532,945128000
2020-09-04,12.584086418151855,13.134904769082933,11.669129045305858,12.744844850038128,1463684000
2020-09-08,11.876744270324707,12.511805718247228,11.668629804964997,11.698787339465177,795728000
2020-09-09,12.676304817199707,12.770267714017038,12.194524867289132,12.362262918703752,736200000
2020-09-10,12.274280548095703,13.025487313682381,12.129970490287626,12.949718400854502,698684000
2020-09-11,12.127477645874023,12.613992336847094,11.859545394890223,12.4475007829915,636928000
2020-09-14,12.833074569702148,13.274477094290067,12.59280879798839,13.041189988553288,1201744000
2020-09-15,12.95146369934082,13.25827684989455,12.788710560620874,13.239583723008389,727556000
2020-09-16,12.476411819458008,13.052901848739102,12.47566451281434,12.917814288248492,556384000
2020-09-17,12.42557144165039,12.551437507331224,11.998126163853456,12.09532930240558,792512000
2020-09-18,12.152153015136719,12.594053723671006,11.952263684330296,12.55542196034771,698460000
2020-09-21,12.479156494140625,12.484390494072683,11.868271214150367,11.888709009343742,721044000
2020-09-22,12.599289894104004,12.609508792109303,12.118508237160457,12.536730994685263,646452000
2020-09-23,12.086853981018066,12.688268634970772,12.042490007083687,12.5372289894592,647012000
2020-09-24,12.310420989990234,12.531247296074222,11.977437815005485,12.035510969124187,731240000
2020-09-25,12.834569931030273,12.844290623103921,12.208481870197122,12.409617669119307,588016000
2020-09-28,12.995332717895508,13.012032080229208,12.711200160547982,13.000566718672497,573808000
2020-09-29,13.18549919128418,13.401838788789666,12.893889831776605,12.898126471531569,621460000
2020-09-30,13.489322662353516,13.581042683791333,13.110229910612453,13.117457679149188,689184000
2020-10-01,13.573068618774414,13.720867094062315,13.419786089955426,13.716132248953993,525004000
2020-10-02,13.022496223449707,13.47835426214465,13.011279967523814,13.184751150235252,552496000
2020-10-05,13.600982666015625,13.60272733275789,13.182509848608964,13.195719875702725,479820000
2020-10-06,13.694694519042969,14.098960842769742,13.623412295023178,13.787910100750363,784420000
2020-10-07,13.921500205993652,14.076278249051333,13.82130597204171,13.957141788504483,418084000
2020-10-08,13.79663372039795,14.041636242980116,13.71612995773893,14.032164652801438,378900000
2020-10-09,13.720867156982422,13.782180549100026,13.619178276251954,13.72510474829659,346892000
2020-10-12,14.18270492553711,14.303336967435383,13.870159568035136,13.946924894276616,434744000
2020-10-13,14.204888343811035,14.30483349663295,13.976086963138583,14.252991702466591,344604000
2020-10-14,14.052352905273438,14.299099135903342,13.917514431356263,14.24700824386432,276100000
2020-10-15,13.927485466003418,13.96312610542931,13.725850492780184,13.768719851769514,267224000
2020-10-16,13.769466400146484,14.07852338069987,13.750524170509511,13.994031129475207,242392000
2020-10-19,13.456672668457031,13.940943635695207,13.365949052902085,13.860688970694914,298068000
2020-10-20,13.603973388671875,13.757754110452392,13.465894667102834,13.54216179692203,229212000
2020-10-21,13.483591079711914,13.749529637673543,13.436485076829591,13.583536241140713,219596000
2020-10-22,13.320338249206543,13.570324725736768,13.191481073617357,13.481346730049394,290480000
2020-10-23,13.54888916015625,13.551880288502582,13.250799356069994,13.409065794613781,233484000
2020-10-26,13.101256370544434,13.65107828818675,12.998819248635527,13.38613712415436,336896000
2020-10-27,13.355978965759277,13.401091191687938,13.15135288296143,13.265504460887724,250520000
2020-10-28,12.58857250213623,13.219646485778258,12.570627630856183,13.15783489461272,376520000
2020-10-29,12.98436450958252,13.152600766199777,12.711198200525546,12.799428893206546,320080000
2020-10-30,12.495855331420898,12.897129593543116,12.262567264637163,12.810893624788754,416820000
2020-11-02,12.542463302612305,12.797683780905018,12.357278590415659,12.619228632831366,299652000
2020-11-03,12.979878425598145,13.06511799350483,12.564396738004714,12.669824999930903,272900000
2020-11-04,13.75227165222168,13.785421273951286,13.296413487129644,13.34850439160167,410228000
2020-11-05,14.116905212402344,14.29536034376572,13.948419875159624,14.119398136318457,319028000
2020-11-06,14.517683982849121,14.544352187106675,13.852714035338233,14.066809828518743,383348000
2020-11-09,13.58926773071289,14.6467895958849,13.569329090397103,14.508212670449465,582976000
2020-11-10,12.7311372756958,13.565090756109772,12.589818331459508,13.565090756109772,644068000
2020-11-11,13.377165794372559,13.394114256759353,12.908844961353317,13.014024118289205,404744000
2020-11-12,13.415796279907227,13.724105001386421,13.275474700255113,13.437978740251724,365812000
2020-11-13,13.256532669067383,13.627151186548398,13.019506169381641,13.585777393792211,346312000
2020-11-16,13.474117279052734,13.607958384645956,13.11596056838028,13.132409872341098,413776000
2020-11-17,13.381400108337402,13.554870338441075,13.26326099826044,13.511253678683955,312028000
2020-11-18,13.387884140014648,13.564345545499137,13.144876291720053,13.424273041684428,510924000
2020-11-19,13.3993501663208,13.446456173760343,13.060135571058629,13.17254251306195,565936000
2020-11-20,13.047918319702148,13.453430116342052,13.025236706647664,13.413053688542558,341088000
2020-11-23,13.10000991821289,13.34177124445545,12.975888549093485,13.131164811610757,361356000
2020-11-24,12.918317794799805,13.12194561298306,12.845789093517691,13.102505175209538,346500000
2020-11-25,13.194472312927246,13.229116542601327,12.980376526049833,12.992838294487676,259916000
2020-11-27,13.220890998840332,13.366696632376183,13.130417440912618,13.334295274837999,167276000
2020-11-30,13.360715866088867,13.371683021841918,12.932772409512914,13.224631860632945,286952000
2020-12-01,13.349250793457031,13.487578614111854,13.187992253312531,13.451189716731127,296948000
2020-12-02,13.503279685974121,13.631886804695778,13.193973604108402,13.30986985261737,283360000
2020-12-03,13.359175682067871,13.622449912344821,13.292360421202206,13.55014897913775,199520000
2020-12-04,13.520981788635254,13.522726970662992,13.351947356745299,13.411532721541958,202244000
2020-12-07,13.56934928894043,13.693507355428642,13.462893171861975,13.563864566313981,223244000
2020-12-08,13.313304901123047,13.561370889474263,13.244992671415567,13.547658608359344,271920000
2020-12-09,12.8952054977417,13.377126792285601,12.832877299434081,13.263939141754832,401300000
2020-12-10,12.936591148376465,13.032826279491063,12.814178288836267,12.833625416569115,207764000
2020-12-11,12.977478981018066,12.98421053285206,12.787751552582478,12.93160494842232,209264000
2020-12-14,13.272167205810547,13.351947226601784,13.041553053490475,13.052024145554842,270156000
2020-12-15,13.323772430419922,13.426987323924772,13.15050014382167,13.40280395654116,193016000
2020-12-16,13.206097602844238,13.400312081400758,13.176179385977136,13.38560214878319,223116000
2020-12-17,13.30457878112793,13.342723611361109,13.14227589521306,13.330008033914774,231384000
2020-12-18,13.235518455505371,13.368152289041408,13.034572396275758,13.34222373459072,342064000
2020-12-21,13.295600891113281,13.33324736437437,12.931853636282476,13.038809031971192,302332000
2020-12-22,13.24174976348877,13.300587596287624,13.018116353896726,13.282637425656816,185580000
2020-12-23,12.973490715026855,13.238510170383538,12.969252823219774,13.219562343078225,179144000
2020-12-24,12.95803165435791,13.096400326484508,12.903183488228189,13.001412025804129,97884000
2020-12-28,12.86453914642334,13.02659283483765,12.728165785336067,13.02659283483765,212564000
2020-12-29,12.907672882080078,13.036568140483066,12.806950665901793,12.889473532385182,170372000
2020-12-30,13.109617233276367,13.177430166610051,12.861302045573769,12.95454423449945,225396000
2020-12-31,13.019116401672363,13.114852247724388,12.879500873262884,13.100392438227601,192424000
2021-01-04,13.077451705932617,13.61497054888344,12.926866769728559,13.068227445369613,560640000
2021-01-05,13.367900848388672,13.406544022138833,13.051024350900295,13.063738974592605,322760000
2021-01-06,12.579824447631836,13.20859112644938,12.551403186013745,13.186152937941964,580424000
2021-01-07,13.307318687438965,13.34097644502276,12.851076798731109,12.931853514826674,461480000
2021-01-08,13.240253448486328,13.384106839169371,13.006148952979984,13.325768310454082,292528000
2021-01-11,13.584059715270996,13.922626985535272,13.32577178232407,13.38186679214094,518344000
2021-01-12,13.447683334350586,13.716692447420863,13.308317946514132,13.714697138465636,291476000
2021-01-13,13.494552612304688,13.58754655344523,13.348206512132624,13.452917423562095,210028000
2021-01-14,13.16396713256836,13.562368950268702,13.144271775512705,13.537687222212863,283120000
2021-01-15,12.824153900146484,13.28862346617221,12.813184454650736,13.191640785837246,277780000
2021-01-19,12.989446640014648,13.058007089454371,12.808694289194596,12.980470603146165,226188000
2021-01-20,13.329010963439941,13.393582699187647,13.020860317595421,13.07570848862872,258572000
2021-01-21,13.829380989074707,13.960768938045424,13.21657009570314,13.381614853404404,337780000
2021-01-22,13.67480754852295,13.803702799106055,13.589791977354604,13.702232110393947,246820000
2021-01-25,13.61571979522705,13.79048812266603,13.200115399995862,13.743866560222088,251112000
2021-01-26,13.398322105407715,13.607245633852308,13.350702879505837,13.543172239240057,163980000
2021-01-27,12.882240295410156,13.19637396224908,12.758580615611837,13.193631126183904,371272000
2021-01-28,13.01512622833252,13.303083185039084,12.924875108321336,12.960527229968816,228316000
2021-01-29,12.9540433883667,13.298095310812332,12.876008552222784,13.039058952317665,271552000
2021-02-01,13.200614929199219,13.234271739579091,12.867283258352058,13.017369864440333,217204000
2021-02-02,13.51948356628418,13.534690899280989,13.24897849422142,13.361917906856638,220440000
2021-02-03,13.493310928344727,13.893457951806974,13.479349469146728,13.598520224143064,245408000
2021-02-04,13.626690864562988,13.63591512674711,13.30108838994131,13.493806898674553,201340000
2021-02-05,13.553640365600586,13.699489073194439,13.508514810660003,13.68727279952196,169152000
2021-02-08,14.399060249328613,14.433963887267076,13.689515891627082,13.689515891627082,434624000
2021-02-09,14.224040985107422,14.543161007711365,14.183402503817735,14.30132733061468,287560000
2021-02-10,14.723666191101074,14.864029232450724,14.302078715343187,14.423493930171468,485352000
2021-02-11,15.208827018737793,15.23026850354119,14.883973069358756,14.939071360802533,450828000
2021-02-12,14.920127868652344,15.249220755804732,14.7343891099462,15.008633816608556,374756000
2021-02-16,15.288110733032227,15.330245229763257,14.908905968770373,15.022842106467083,321960000
2021-02-17,14.865028381347656,15.181655791032563,14.739374311202369,15.129299373691124,274756000
2021-02-18,14.788236618041992,14.83236451386316,14.534934183827595,14.68851113042338,233868000
2021-02-19,14.885469436645508,15.135280572907543,14.80593859749199,14.983199622135507,271724000
2021-02-22,14.316289901733398,15.09165291084258,14.285624151494561,14.734137853745677,325884000
2021-02-23,14.103127479553223,14.199611797390215,13.352695375792258,14.036560433142531,391780000
2021-02-24,14.45914363861084,14.466872844583449,13.718186023302337,14.083928588094082,448320000
2021-02-25,13.270919799804688,14.335236359591473,13.179921163343268,14.00689107786151,824436000
2021-02-26,13.676802635192871,13.816417200916694,13.32427395463442,13.714697337994409,500932000
2021-03-01,13.803703308105469,13.88672452437137,13.515996475820742,13.83686176922663,353184000
2021-03-02,13.369397163391113,13.882233328557609,13.359175248617808,13.861789499010998,264116000
2021-03-03,12.769553184509277,13.414524918178184,12.763569159730324,13.389344841883268,377592000
2021-03-04,12.336247444152832,12.939335789618218,12.050534974127624,12.765564152325203,573344000
2021-03-05,12.427247047424316,12.515503808915353,11.647146826988086,12.515503808915353,542840000
2021-03-08,11.561384201049805,12.436970172305145,11.534707165074408,12.415778809895029,543112000
2021-03-09,12.490142822265625,12.586410212706602,12.03025094944772,12.101080314395196,521824000
2021-03-10,12.438268661499023,12.948787357967568,12.427544694009546,12.809623139684142,384376000
2021-03-11,12.962255477905273,13.014879220865792,12.703878446520958,12.918860131645657,299916000
2021-03-12,12.825088500976562,12.857759885043306,12.559728286792936,12.61783770315858,243964000
2021-03-15,13.15953254699707,13.17499534699186,12.73655223404045,12.833817650903026,221988000
2021-03-16,13.25929069519043,13.48000826893051,13.085209825652294,13.324383242411827,272128000
2021-03-17,13.309171676635742,13.420901887993775,12.958267078826964,13.008396307085361,243864000
2021-03-18,12.691906929016113,13.152297359221292,12.68642031431901,13.104911921694212,293896000
2021-03-19,12.814859390258789,12.89042758263127,12.58217062668758,12.719339787056104,299208000
2021-03-22,13.154541015625,13.362290286581189,12.875713116208301,12.881699205676698,297804000
2021-03-23,13.03931999206543,13.312411079207246,12.989938556697368,13.222378081333801,222048000
2021-03-24,12.612597465515137,13.127606665897511,12.60636306550238,13.119625530279166,245840000
2021-03-25,12.505105972290039,12.684174903889058,12.242489615517123,12.46944250416805,295144000
2021-03-26,12.80837631225586,12.82533563189145,12.343746514897376,12.524311038193582,363968000
2021-03-29,12.917115211486816,13.031090675273532,12.669462131329421,12.78942273403669,273520000
2021-03-30,12.840797424316406,12.944048905153211,12.674448450555575,12.811119092966855,200204000
2021-03-31,13.316152572631836,13.438108208887822,12.951281759841349,12.984202398913382,314776000
2021-04-01,13.77853775024414,13.836647153223506,13.47875948504674,13.539613622347158,308276000
2021-04-05,13.953865051269531,13.98030107669591,13.699976648298353,13.834153724268559,255672000
2021-04-06,13.828168869018555,14.020455365723707,13.74038112554351,13.966086787615374,191744000
2021-04-07,14.109490394592285,14.209249360422294,13.678529036394863,13.847371587915674,251284000
2021-04-08,14.282576560974121,14.436705088435644,14.214739268778716,14.218481051430524,244416000
2021-04-09,14.365375518798828,14.37335665612881,14.140917091200215,14.179822876153391,195172000
2021-04-12,15.172429084777832,15.315584361496741,14.105251501924828,14.25538991646509,869324000
2021-04-13,15.641797065734863,15.66224795457644,15.08937856206101,15.194874361790076,676212000
2021-04-14,15.240266799926758,15.682699968030521,15.19088535866127,15.58742960589037,385500000
2021-04-15,16.09844970703125,16.175264229589,15.593915102451357,15.624840701538082,598480000
2021-04-16,15.874238014221191,16.126879184276163,15.82710088322032,16.014399292378307,335208000
2021-04-19,15.324810028076172,15.769488391580685,15.196369778898132,15.499140142881176,404420000
2021-04-20,15.134769439697266,15.459735537504109,14.92702015356022,15.286403414182217,334132000
2021-04-21,15.323564529418945,15.325559575615895,15.065935280538172,15.082395125198843,216776000
2021-04-22,14.814541816711426,15.401377489777921,14.747951796422132,15.338029776421406,277788000
2021-04-23,15.228543281555176,15.298125392787849,14.864421191368388,14.898338879130646,227500000
2021-04-26,15.44078254699707,15.441780545863962,15.088631654162862,15.148487801646603,197796000
2021-04-27,15.34476375579834,15.632819134469093,15.317578990856143,15.541040346437713,164572000
2021-04-28,15.24001693725586,15.494903383584008,15.17891447818189,15.327556377766147,209416000
2021-04-29,15.287899017333984,15.39937994562448,15.035257877620062,15.362967738824038,173196000
2021-04-30,14.973408699035645,15.328054107946565,14.960938945985912,15.138012864264331,201912000
2021-05-03,14.801074981689453,15.210088982164338,14.75194375369951,15.088631852500344,203912000
2021-05-04,14.316740989685059,14.6023027932816,13.976561346696622,14.602053531425085,405324000
2021-05-05,14.423731803894043,14.777878636254773,14.352902437421896,14.673629156880727,292024000
2021-05-06,14.488078117370605,14.536212294500968,14.183812159767982,14.460394829112328,193380000
2021-05-07,14.776632308959961,14.93475089512991,14.636470089527306,14.772642216658582,229328000
2021-05-10,14.2314453125,14.770396006982013,14.215733254770477,14.751690904528477,268904000
2021-05-11,14.27184772491455,14.320231159021995,13.716935706433956,13.79175516546557,285584000
2021-05-12,13.725418090820312,14.225961636461733,13.67628686146137,13.975814018891231,303408000
2021-05-13,13.632390022277832,14.04689153989146,13.426635785921249,14.00000367438786,285404000
2021-05-14,14.208752632141113,14.293548287070912,13.71544150119771,13.856601735291596,258616000
2021-05-17,14.131437301635742,14.135178132158144,13.820188214769972,14.122957641807114,216980000
2021-05-18,13.982047080993652,14.36961309097996,13.970325114807855,14.232693181267955,186256000
2021-05-19,14.031928062438965,14.045645075732622,13.510684411423444,13.53387813226448,344000000
2021-05-20,14.577363967895508,14.648442606942425,14.23618631019407,14.26810895417662,321592000
2021-05-21,14.955700874328613,15.185397577080348,14.833745230232525,15.127287217753507,672992000
2021-05-24,15.574458122253418,15.707137717302832,15.139505754085553,15.175917959315196,554816000
2021-05-25,15.610124588012695,15.780463681497867,15.445272109840682,15.728090147079744,435408000
2021-05-26,15.662250518798828,15.755775105039325,15.548774515545297,15.6964184264144,370440000
2021-05-27,15.450756072998047,15.712126127862431,15.422823526103063,15.661996910272391,581476000
2021-05-28,16.2054443359375,16.23836594142158,15.46373304650648,15.46373304650648,644536000
2021-06-01,16.22538948059082,16.34884259201486,15.865008231063197,16.230877046647862,472804000
2021-06-02,16.737903594970703,16.87806675878463,16.196459323010565,16.213169379682352,594168000
2021-06-03,16.928943634033203,17.217499421718536,16.543124351882874,16.660591375197946,580008000
2021-06-04,17.53598403930664,17.618533484108934,17.05439487096209,17.071352289643585,617120000
2021-06-07,17.57663345336914,17.769668687611166,17.15140984525968,17.528999702220645,575756000
2021-06-08,17.41502571105957,17.579129458545538,17.209519755427653,17.48510635484942,323848000
2021-06-09,17.320478439331055,17.53675789164765,17.218202467067403,17.47763694033858,381656000
2021-06-10,17.387086868286133,17.45394243316994,17.13862998406596,17.312251191139808,287772000
2021-06-11,17.786466598510742,17.900218878027967,17.405796419322247,17.441468071432727,416308000
2021-06-14,17.979543685913086,18.00024858332925,17.624319282646518,17.86703990790393,321376000
2021-06-15,17.74979591369629,17.97705115558562,17.689428355533973,17.876021758142812,243032000
2021-06-16,17.771493911743164,17.915680208021012,17.54623517817857,17.752037516457413,307124000
2021-06-17,18.616649627685547,18.79401246256897,17.717611212041124,17.735821011210202,809656000
2021-06-18,18.598190307617188,19.33283807847117,18.54355900750511,18.743124548949194,968856000
2021-06-21,18.387155532836914,18.496168844635832,17.7839709986262,18.39513754770597,672384000
2021-06-22,18.84564971923828,18.92248372739326,18.345989814876653,18.431304473506938,580144000
2021-06-23,19.01578140258789,19.111074543121184,18.866606814049042,18.966389599449883,332356000
2021-06-24,19.16371726989746,19.377751042365347,19.04672191070381,19.185919990772533,320924000
2021-06-25,18.989587783813477,19.303404223942387,18.853385408046595,19.23854513411133,278364000
2021-06-28,19.941511154174805,20.03505714434783,19.276960074571594,19.319117814405637,495436000
2021-06-29,19.983173370361328,20.05501530125652,19.61422695318376,19.83923638319187,367632000
2021-06-30,19.95897674560547,20.118628446569623,19.82052857801329,19.95573369553224,326568000
2021-07-01,20.16801643371582,20.41148494611878,19.975435630493404,20.081205861539434,480136000
2021-07-02,20.442419052124023,20.460630755436554,20.243603358233322,20.395771664916364,342764000
2021-07-06,20.653457641601562,20.796644746775126,20.30596603232523,20.692372332097793,446708000
2021-07-07,20.327425003051758,20.829580152975506,20.287762343776677,20.808127298112325,418428000
2021-07-08,19.85944366455078,20.089192070275907,19.657883530876774,19.81329490884924,503300000
2021-07-09,20.006616592407227,20.03655199282246,19.711261207129102,19.919058067929942,296624000
2021-07-12,20.467866897583008,20.48807125144117,20.14382263411727,20.19595885016762,321984000
2021-07-13,20.20594024658203,20.416730915394577,20.07023647379915,20.356112135442714,290708000
2021-07-14,19.798324584960938,20.373320751511894,19.70976876914669,20.313451843322152,380100000
2021-07-15,18.92498207092285,19.80381636054377,18.817466577851096,19.76864334794979,550564000
2021-07-16,18.12148094177246,19.115313933860246,18.033673084578535,18.989090020194087,688224000
2021-07-19,18.738889694213867,19.0005680837094,17.82662760193869,17.8762706344463,749060000
2021-07-20,18.57149887084961,18.79700691607629,18.12447378691028,18.689242127405016,434687000
2021-07-21,19.367761611938477,19.484507585998095,18.701215982205895,18.8409107182102,371017000
2021-07-22,19.551368713378906,19.84373049521619,19.234059802099882,19.599264613556734,323826000
2021-07-23,19.515443801879883,19.657135018315007,19.20811342375311,19.613230134811644,195672000
2021-07-26,19.252023696899414,19.399700513592304,18.872849376852447,19.268986908838272,203943000
2021-07-27,19.16620445251465,19.57930316589248,18.70021966396074,19.22307963138905,248863000
2021-07-28,19.4605655670166,19.60325407695573,18.953671453666907,19.276965899598764,202191000
2021-07-29,19.619216918945312,19.809801295260304,19.285942151974933,19.476526528289924,190781000
2021-07-30,19.45656967163086,19.587283223031676,19.221083159467003,19.375744653053818,183497000
2021-08-02,19.7070255279541,19.917566849820094,19.318872022761557,19.65713508536522,217444000
2021-08-03,19.77188491821289,20.17799891261404,19.178178365355716,19.697047350024675,301811000
2021-08-04,20.22988510131836,20.273789984080235,19.784854521282057,19.94650267323402,231309000
2021-08-05,20.59209442138672,20.687886201830914,20.297736245228386,20.455393391942923,211435000
2021-08-06,20.321683883666992,20.525240462439864,20.16602319439342,20.47934102800234,178497000
2021-08-09,20.25084114074707,20.463377029370942,20.099171444077207,20.401511658192522,146443000
2021-08-10,19.892621994018555,20.385546579623433,19.791840024636087,20.277781775220678,179238000
2021-08-11,19.656137466430664,20.005376301869095,19.387723666623643,19.999388839259684,185925000
2021-08-12,19.86168670654297,19.985415523113826,19.577307028801506,19.826763020027222,151652000
2021-08-13,20.144073486328125,20.170017888434185,19.807806857358848,19.86169021361081,183063000
2021-08-16,19.906591415405273,20.242858028146486,19.410671196851336,20.091188339703365,210876000
2021-08-17,19.41566276550293,19.726984178726454,19.225078365407622,19.642168135124585,204585000
2021-08-18,18.998573303222656,19.591280729189958,18.95865942248211,19.45757151254743,285913000
2021-08-19,19.754919052124023,20.450402853177355,18.721172228988664,19.45157971631027,766555000
2021-08-20,20.770702362060547,20.819595520178645,19.88962443375614,19.947496880313363,675741000
2021-08-23,21.91022300720215,21.949137707756602,20.904416836203,20.925371052132213,575807000
2021-08-24,21.74557876586914,21.911217923393153,21.488140739836844,21.705666793578075,297299000
2021-08-25,22.164663314819336,22.421104046091774,21.674732519315285,21.689699269925534,347701000
2021-08-26,22.019981384277344,22.29138887971176,21.742586427020587,22.151694125179088,237940000
2021-08-27,22.586746215820312,22.672559530752437,22.118766845641883,22.135730053430702,304722000
2021-08-30,22.63863182067871,22.992858902417474,22.50193079339526,22.780323034013886,262580000
2021-08-31,22.340232849121094,22.64961235242441,22.075763427227468,22.64961235242441,259850000
2021-09-01,22.3961181640625,22.651606683869026,22.312286528869905,22.44003078877317,201767000
2021-09-02,22.351211547851562,22.54781808239597,22.25041369895066,22.472967308795205,187834000
2021-09-03,22.797313690185547,22.940027335421902,22.155600060730343,22.280350056785053,280532000
2021-09-07,22.61667823791504,22.853203767166427,22.476956933731895,22.787335777784136,198107000
2021-09-08,22.294328689575195,22.564786670860503,21.93305117629355,22.467980523028647,254434000
2021-09-09,22.13265037536621,22.492928506758407,22.086742838462,22.267380630146775,196856000
2021-09-10,22.433042526245117,22.580745324525353,22.225458363061673,22.303301472488585,248376000
2021-09-13,22.107696533203125,22.91807281122728,21.814283907426397,22.638632124604968,297500000
2021-09-14,22.1975154876709,22.36517874847325,22.041827358268495,22.230448526671143,199755000
2021-09-15,22.296316146850586,22.32226511976402,21.92206617131034,22.26438056010112,166538000
2021-09-16,22.1975154876709,22.23244533367139,21.883144970132644,22.13863347533667,156033000
2021-09-17,21.856199264526367,22.27635678563001,21.78633957022575,22.25539887733983,294503000
2021-09-20,21.070772171020508,21.39013182557807,20.62067401543582,21.10370520742408,349440000
2021-09-21,21.20351219177246,21.382153173900004,20.9081046094801,21.374169751104997,204688000
2021-09-22,21.897117614746094,21.916078715957664,21.153606789755287,21.323266863029662,268726000
2021-09-23,22.437036514282227,22.48993001213596,21.846219550581797,22.095719552405832,248555000
2021-09-24,22.036836624145508,22.104701413701314,21.817277316905088,22.025858944313566,217655000
2021-09-27,21.61667823791504,21.75540016667128,21.28234917650894,21.66657747278545,245215000
2021-09-28,20.65760040283203,21.376161586195817,20.6096960701366,21.17157167227337,343069000
2021-09-29,20.475963592529297,20.974963529034678,20.426062456758544,20.898117873834778,218394000
2021-09-30,20.67456817626953,21.023868566643813,20.646624297322308,20.72646422339066,221009000
2021-10-01,20.70051383972168,20.81727849941255,20.16259044898202,20.708497259991052,240978000
2021-10-04,19.692535400390625,20.500914828409346,19.515889363226243,20.462990723640694,345635000
2021-10-05,20.410099029541016,20.606705539937668,19.814292883884313,19.910101557760328,279282000
2021-10-06,20.658601760864258,20.67856031514405,20.03984089337405,20.07976180900169,297202000
2021-10-07,21.032854080200195,21.279359860215873,20.930059424392763,21.049818377310597,256919000
2021-10-08,20.789339065551758,21.163589095973563,20.73345130466113,21.05879954430364,151258000
2021-10-11,20.653608322143555,21.020872328180136,20.469976319125266,20.533849396085518,163388000
2021-10-12,20.629655838012695,21.014883486662463,20.486942199953553,20.786341414014217,162134000
2021-10-13,20.89712142944336,20.948020023959177,20.67157359423693,20.876163520560485,180652000
2021-10-14,21.70250701904297,21.711487891625207,21.07975450727623,21.245422863057826,243589000
2021-10-15,21.818273544311523,21.887135781751308,21.618674704439137,21.766377503308625,226994000
2021-10-18,22.17755699157715,22.246419237930105,21.60071194866047,21.70550339945593,189494000
2021-10-19,22.24542236328125,22.33424316603566,21.992928087947277,22.23144851974982,161473000
2021-10-20,22.058794021606445,22.38813393623857,21.93803573565235,22.260389680936733,146276000
2021-10-21,22.646615982055664,22.665578987578353,22.038834713601,22.052806653024465,187590000
2021-10-22,22.680551528930664,23.083742924598237,22.515882491930803,22.77735766653415,249384000
2021-10-25,23.119667053222656,23.308288220189993,22.724459167024005,22.927052272285216,230235000
2021-10-26,24.667564392089844,25.208482098329455,23.876151144342302,23.941021675586263,485898000
2021-10-27,24.402097702026367,25.039819627754433,24.23343508120034,24.425052417274276,245990000
2021-10-28,24.89112091064453,24.900103688342274,24.47395759256533,24.828247177362808,234204000
2021-10-29,25.515867233276367,25.65758344122297,24.950001756876496,24.95099920872896,292503000
2021-11-01,25.77535057067871,25.84221601995885,25.176550076005057,25.597707039401616,265740000
2021-11-02,26.348196029663086,26.624642445128146,25.74839822088108,25.77035548395975,294112000
2021-11-03,26.5448055267334,26.730434362718334,26.182532535600384,26.616662034553446,239910000
2021-11-04,29.741397857666016,31.302268996700604,27.063763360503756,27.174541418674576,1153631000
2021-11-05,29.692495346069336,31.33719807733602,29.351178403482844,30.12662479171835,851260000
2021-11-08,30.742389678955078,31.03779717638095,29.847182507429263,30.088699061169535,503101000
2021-11-09,30.595685958862305,32.24538176052157,29.904073062161725,32.21743788200978,646746000
2021-11-10,29.40008544921875,30.788304375527165,28.720447604687248,29.297292699827796,636206000
2021-11-11,30.329221725463867,30.528822502241727,29.717448713895042,30.407066751750182,332172000
2021-11-12,30.329221725463867,30.618642661438358,29.570741438655702,29.949982533826823,413054000
2021-11-15,29.96494483947754,30.58270622317498,29.188501085157036,30.490891181973556,384909000
2021-11-16,30.14259147644043,30.329217740393364,29.64658576231302,29.699481160435496,264484000
2021-11-17,29.202476501464844,30.447981547626284,28.74239807841578,30.357162043693286,428508000
2021-11-18,31.611650466918945,32.6944795952981,31.258358361821458,32.30226783384212,781711000
2021-11-19,32.919029235839844,33.021823871138935,31.841189356945705,32.178512688057836,533867000
2021-11-22,31.892086029052734,34.5777039004289,31.83619827506484,33.44996288206681,754335000
2021-11-23,31.68250846862793,32.2952807918893,30.818239336844954,31.4719300258164,532163000
2021-11-24,32.608646392822266,32.789284119289604,30.866138391723283,31.39807324788574,435162000
2021-11-26,31.43999481201172,32.64457966062736,31.287300931151513,32.5347990495651,283069000
2021-11-29,33.30924987792969,33.345177180046036,31.97192962824051,32.30127147962138,454964000
2021-11-30,32.61064147949219,33.286289320748715,31.800267238407486,33.10265543132949,622066000
2021-12-01,31.375974655151367,33.22649543505956,31.32107762284537,33.15662717713092,484368000
2021-12-02,32.06568145751953,32.417021749810964,30.966748801531466,31.15539502696333,472890000
2021-12-03,30.6353702545166,32.0686747796848,30.073425738650123,31.939915381408817,544325000
2021-12-06,29.9805965423584,30.18421203522017,27.985349758462842,29.82388986771861,658938000
2021-12-07,32.36610794067383,32.388069797769525,30.593443775729348,30.898870840520747,593053000
2021-12-08,31.7662353515625,32.229364723806796,31.36199520064279,31.93891081636006,475551000
2021-12-09,30.4327449798584,32.14452657125806,30.370861130677735,31.67440845151027,488507000
2021-12-10,30.141294479370117,31.246216117140634,29.804927400904397,31.091506489093447,488825000
2021-12-13,28.108118057250977,30.237113995761902,28.063202482925423,30.19219842143635,598344000
2021-12-14,28.283784866333008,28.624144094719565,27.198826287635338,27.64698250111509,667035000
2021-12-15,30.40180015563965,30.44272352655923,27.78572188714868,28.346666771846056,698297000
2021-12-16,28.333696365356445,31.10149017055974,28.040249693631466,31.09350577104492,707366000
2021-12-17,27.748796463012695,28.867691762247915,27.707873086423973,27.932450966926798,713758000
2021-12-20,27.66694450378418,28.09114560642713,27.094023050649067,27.25372242367465,461847000
2021-12-21,29.020401000976562,29.065316571908873,27.349542904554657,28.320717191267374,524385000
2021-12-22,29.34479331970215,29.49950295143825,28.39557886127162,28.83675022926519,395184000
2021-12-23,29.584341049194336,30.002554870487856,29.37573387738273,29.699124872385887,343022000
2021-12-27,30.886892318725586,31.02862587436844,29.5843424948647,29.60430539650839,403686000
2021-12-28,30.265066146850586,31.271172888513288,29.95564685021903,31.253207036656327,420591000
2021-12-29,29.94466209411621,30.490635793883296,29.310854299985547,30.21615258320105,343139000
2021-12-30,29.53044319152832,30.399807897690028,29.484530043487673,29.770989859620535,308864000
2021-12-31,29.355772018432617,29.973611060798575,29.275922316693343,29.61827865061022,266530000
2022-01-03,30.06443977355957,30.65333203753287,29.729070264899562,29.759014616950886,391547000
2022-01-04,29.235000610351562,30.410788077798994,28.295767620650075,30.22014674983897,527154000
2022-01-05,27.552162170410156,29.360759665506105,27.481296355147737,28.89463569155659,498064000
2022-01-06,28.125083923339844,28.38459589679658,27.01417506594957,27.588094128988374,454186000
2022-01-07,27.195833206176758,28.368627842086806,27.006189469893535,28.088155388661864,409939000
2022-01-10,27.348548889160156,27.41741956713519,25.595845724694332,26.531086534088946,594681000
2022-01-11,27.7647647857666,28.012300188933875,26.788602534334327,27.27169293480433,404089000
2022-01-12,27.94642448425293,28.541304091564665,27.55615795137803,28.01429568316571,383413000
2022-01-13,26.52509880065918,28.426520414405754,26.448241820891543,28.32571023755515,540171000
2022-01-14,26.89140510559082,27.145927307682054,26.16077937671464,26.250610518186036,395832000
2022-01-18,25.854354858398438,26.587975160707902,25.721605206962767,26.21068477391351,424270000
2022-01-19,25.019929885864258,26.493158159840867,25.004958661314568,26.030030638861945,488315000
2022-01-20,24.104652404785156,25.530969979434104,24.03278709885486,25.256486736335646,435181000
2022-01-21,23.330110549926758,24.776389129065937,23.219318916738636,23.462860233448094,718958000
2022-01-24,23.328113555908203,23.336097955364192,20.848778570710763,22.288070327962895,913982000
2022-01-25,22.282079696655273,22.899918732655927,21.958688693508016,22.503662949858125,664616000
2022-01-26,22.729238510131836,24.011825408045205,22.25812470136362,23.196360119400378,755959000
2022-01-27,21.902795791625977,23.949945203903958,21.63429989022851,23.52374694006863,573353000
2022-01-28,22.797109603881836,22.815075451930607,21.25600841056538,21.970663459736492,543774000
2022-01-31,24.440021514892578,24.462979042497025,23.008714190792233,23.138469245849574,564680000
2022-02-01,24.591737747192383,25.09778572349941,23.845141169237973,25.056862343622143,518925000
2022-02-02,25.194602966308594,25.768522130396807,24.506895639622556,25.74556650609357,543419000
2022-02-03,23.903026580810547,25.02990607519112,23.735342809048703,24.412069049930476,410178000
2022-02-04,24.273332595825195,24.588739177218162,23.58762241066988,23.926984090983428,354829000
2022-02-07,24.681568145751953,25.134714224947395,24.156554856715452,24.326235718859127,376868000
2022-02-08,25.060853958129883,25.18262461713402,23.93497176962916,24.313259823620026,410359000
2022-02-09,26.65485382080078,26.67481672211375,25.305393294577186,25.573887273298517,524282000
2022-02-10,25.775510787963867,26.87444331991791,25.55193235789275,25.946191140225416,513200000
2022-02-11,23.90402603149414,26.10289007984374,23.728357848359828,25.86733319886346,605472000
2022-02-14,24.221431732177734,24.828289834461444,23.71039212787544,23.88905685535075,440424000
2022-02-15,26.445249557495117,26.495154907933625,24.73746196505149,24.902151144512242,699869000
2022-02-16,26.461214065551758,26.532081783903475,25.50401535915827,26.209688398698052,732676000
2022-02-17,24.460979461669922,25.736579445551385,24.11962263116749,25.581869827185127,810595000
2022-02-18,23.59760856628418,24.939084854514725,23.056626440628,24.621681158346668,761255000
2022-02-22,23.346078872680664,24.018813057525925,22.95681180347932,22.99174593000933,633422000
2022-02-23,22.344959259033203,24.109640738571336,22.259122217935253,23.757302986970867,566511000
2022-02-24,23.703407287597656,23.755309692262692,20.850773986561148,20.97553927255784,735801000
2022-02-25,24.11164093017578,24.171527737456387,23.33709892420911,23.676460671744685,528866000
2022-02-28,24.339210510253906,24.61868541660264,23.662484149159184,23.946948828939572,477319000
2022-03-01,23.432912826538086,24.331224277912092,23.08856137268932,24.24538533197261,412056000
2022-03-02,24.178640365600586,24.367318703881534,23.37501661218391,23.715433912186374,389642000
2022-03-03,23.673505783081055,24.284460221433296,23.428923316488405,24.220568428714543,365095000
2022-03-04,22.896833419799805,23.63956238620593,22.4436082353797,23.34406833240123,431415000
2022-03-07,21.315534591674805,22.993665460177365,21.293572802788578,22.778032834375527,450821000
2022-03-08,21.477258682250977,22.334790949716915,20.61473388741202,21.272608854056895,557467000
2022-03-09,22.974695205688477,23.180342761598634,22.209004937727432,22.348765227754615,492742000
2022-03-10,22.619308471679688,22.749085636286633,21.84463265164642,22.49252453891631,428066000
2022-03-11,22.0622615814209,23.105477175893597,22.00835294083889,22.982686118608612,367209000
2022-03-14,21.29357147216797,22.22397896337805,21.122863986822114,21.831650498986598,385354000
2022-03-15,22.933767318725586,22.99865684779859,21.285587751365572,21.48125217835996,491996000
2022-03-16,24.454166412353516,24.55499375860864,23.132428112457045,23.45986707580395,671422000
2022-03-17,24.723705291748047,24.799573807869955,23.865173393211837,24.078808624027396,471941000
2022-03-18,26.407827377319336,26.52363042032635,24.581952050830978,24.756652455248965,730719000
2022-03-21,26.688343048095703,27.10563036248749,25.922652729236027,26.461731433617647,591727000
2022-03-22,26.47870635986328,27.191487795801383,26.02747855447212,26.681358822656374,547007000
2022-03-23,25.590229034423828,26.566557770726742,25.53132976557497,26.081387586788416,502120000
2022-03-24,28.101932525634766,28.271642320949308,25.862762494843388,26.12132102030151,877379000
2022-03-25,27.64470672607422,28.30956968933886,27.224426186843033,27.83837565440713,579016000
2022-03-28,28.17081069946289,28.201757898322008,27.159540096935817,27.708602012632376,425494000
2022-03-29,28.60706329345703,28.896567060285996,27.932217127992292,28.64599625005715,488984000
2022-03-30,27.642709732055664,28.447332948581966,27.456028828751474,28.25566142240635,463487000
2022-03-31,27.23940086364746,28.19975787440117,27.223429345785988,27.734554095087923,523440000
2022-04-01,26.666383743286133,27.449045300550598,26.222143975568336,27.328251643135296,517235000
2022-04-04,27.31328010559082,27.510941950984133,26.56755595724749,26.682359352370252,397120000
2022-04-05,25.886716842651367,27.27234701333075,25.775906338753042,27.207457482051094,436615000
2022-04-06,24.365318298339844,25.256792918597675,23.96200890348851,24.891418735507823,703833000
2022-04-07,24.16666030883789,24.67978249281721,23.437907382970664,24.399262217940954,557992000
2022-04-08,23.07951545715332,23.88214319041251,23.022613597298893,23.87615291966221,524781000
2022-04-11,21.879573822021484,22.281885527688033,21.623012711854688,22.17606754119229,575207000
2022-04-12,21.4672794342041,22.68619512223395,21.245658400016854,22.498516425625077,662258000
2022-04-13,22.16507911682129,22.46157276076162,21.418357416375937,21.690891881811435,516943000
2022-04-14,21.221696853637695,22.73810384262481,21.12685977186601,22.466567076302507,569097000
2022-04-18,21.74580192565918,22.05027947506666,21.04300368037441,21.163797337042734,525701000
2022-04-19,22.160091400146484,22.334791782893344,21.27760027107761,21.682907063141688,512781000
2022-04-20,21.4453125,22.63128331015036,21.163794522576847,22.47854473175635,468974000
2022-04-21,20.148534774780273,22.353762178727116,19.965846713738475,21.671927949841855,656209000
2022-04-22,19.48167610168457,20.451018718446758,19.466702324590383,20.268330640712538,624713000
2022-04-25,19.868013381958008,19.91093921882449,19.063390048047005,19.16920802436078,641566000
2022-04-26,18.75591468811035,19.754206926852167,18.638116173473357,19.684326774794854,653143000
2022-04-27,18.3835506439209,19.13426523529515,18.25876412661193,18.56623676478106,499460000
2022-04-28,19.74822235107422,20.00278801166359,18.458428589424283,18.93461340870183,570327000
2022-04-29,18.51532554626465,20.093624824231693,18.48537609603833,19.368864884757247,500435000
2022-05-02,19.49964714050293,19.54057559196452,18.359596978011314,18.509340462928446,572049000
2022-05-03,19.568525314331055,19.791145978966046,19.100326353976588,19.366870601082905,475751000
2022-05-04,20.299272537231445,20.36515980495268,18.718975855709505,19.888975157723678,648855000
2022-05-05,18.811819076538086,19.890972377380162,18.468406678635336,19.833072767192327,626331000
2022-05-06,18.643104553222656,19.478674949861936,17.959274985127017,18.704001195024627,633297000
2022-05-09,16.921052932739258,18.223822606653048,16.798261899873843,18.003201272373538,644455000
2022-05-10,17.564950942993164,18.16692179202985,16.995924681678712,17.658790274672434,761474000
2022-05-11,16.60160255432129,17.722686068958623,16.53971005251536,17.317379198418354,670167000
2022-05-12,16.147377014160156,16.75933105562915,15.540416452473458,16.191302499421468,708728000
2022-05-13,17.675762176513672,17.89738318066595,16.564663924099527,16.759330610645957,670437000
2022-05-16,17.234512329101562,17.757617483476718,17.07678315915112,17.479094696996395,521446000
2022-05-17,18.14595603942871,18.339624955803732,17.603884145601317,18.043131310566,585830000
2022-05-18,16.909074783325195,18.087060007561064,16.835201746851723,17.67476517907851,545161000
2022-05-19,17.094758987426758,17.656797314100935,16.70542367073203,16.90807804119237,621310000
2022-05-20,16.66549301147461,17.380269949897603,15.728096349774141,17.302404028802552,739105000
2022-05-23,16.869142532348633,16.88611369799627,16.151370568247856,16.24620764301638,639889000
2022-05-24,16.126413345336914,16.568657631861445,15.753052424141993,16.48180630730602,588550000
2022-05-25,16.94601058959961,17.081778009823868,15.972675307246048,15.992641608362012,781132000
2022-05-26,17.820514678955078,18.06110233287457,15.994637692580088,16.00861372306428,996575000
2022-05-27,18.77887535095215,18.84875550012706,18.06908915673466,18.15494272747437,738379000
2022-05-31,18.640113830566406,19.167212018261754,18.318663222436633,18.947586503994447,664100000
2022-06-01,18.288715362548828,19.020463449679433,18.091053524944282,18.692026701724934,544514000
2022-06-02,19.558542251586914,19.585496570829648,18.166923651785705,18.26076299307135,648656000
2022-06-03,18.68802833557129,19.298984547133866,18.490366535854587,19.049411509993853,598779000
2022-06-06,18.753917694091797,19.303977323382476,18.532296690528412,19.106315501617136,422406000
2022-06-07,18.8936824798584,18.967555523082233,18.15694182338026,18.4404572598816,388914000
2022-06-08,18.62009048461914,19.151293835413707,18.50725874187541,18.77086355538955,363252000
2022-06-09,18.020986557006836,18.90466214050548,18.013997064897136,18.45333901757023,395574000
2022-06-10,16.948596954345703,17.670514456691603,16.843752654177802,17.573659508927918,465248000
2022-06-13,15.62358283996582,16.287587555558634,15.5826438353541,15.976054223944569,604153000
2022-06-14,15.812297821044922,16.041953110191248,15.38893170645206,15.707454485208673,469680000
2022-06-15,16.50226593017578,16.842755189557263,15.902164608969189,16.070911354071416,563936000
2022-06-16,15.57765007019043,15.918140257165103,15.377949597377393,15.836262253901836,545749000
2022-06-17,15.856233596801758,15.971061255573002,15.305059692003363,15.624580465017962,630334000
2022-06-21,16.541210174560547,16.982548190082284,16.38244771032371,16.45034674555525,483089000
2022-06-22,16.33551788330078,16.637065986264542,16.15578694842917,16.201717637153568,437135000
2022-06-23,16.200716018676758,16.56017590264097,15.82927210712029,16.49427470172325,463680000
2022-06-24,17.10036849975586,17.11434748626478,16.285589749175383,16.475305926435098,472153000
2022-06-27,16.843753814697266,17.304064337006075,16.601117451137988,17.286091625722822,427968000
2022-06-28,15.958080291748047,17.17625364745246,15.921135014037446,16.874705601351724,461149000
2022-06-29,15.518739700317383,15.79632352435148,15.147296693562826,15.790332938160558,482352000
2022-06-30,15.136311531066895,15.543700859358433,14.83975612716513,15.338008857282157,686070000
2022-07-01,14.501263618469238,15.04045537832044,14.370460116526674,14.876701274121674,577610000
2022-07-05,14.941604614257812,14.948594107580318,14.033965580495938,14.15378587413047,651397000
2022-07-06,15.107353210449219,15.296070440759674,14.76686307034518,14.987532943255419,529066000
2022-07-07,15.834264755249023,15.921134433623129,15.365966855854396,15.432866963873742,492903000
2022-07-08,15.814294815063477,16.01299732041697,15.36596649650815,15.406905495536062,467972000
2022-07-11,15.12932300567627,15.503761757468185,15.01549330517654,15.502762850377351,437321000
2022-07-12,15.059426307678223,15.407903930924364,14.854733210647337,15.245147788988149,458483000
2022-07-13,15.141303062438965,15.351987693110564,14.443349874690844,14.568162782764913,521918000
2022-07-14,15.348993301391602,15.449841972567967,14.705957087976035,15.085388476832787,456235000
2022-07-15,15.738409996032715,15.758379568003257,15.421884043363004,15.635564462603954,385935000
2022-07-18,16.076904296875,16.87171259132762,15.97805342786807,16.27760370882183,670517000
2022-07-19,16.96656608581543,17.08438948786267,16.14779380840067,16.461322974427713,702366000
2022-07-20,17.780345916748047,17.906158677551105,16.77585307121682,16.921634448859162,760538000
2022-07-21,18.02298355102539,18.116842722788554,17.518740229558066,17.858231499167427,557049000
2022-07-22,17.29307746887207,17.94010636545341,17.11134877104996,17.86621772155527,536671000
2022-07-25,16.998519897460938,17.09837060572029,16.624081169858755,16.99352631457635,480748000
2022-07-26,16.50825309753418,16.893674983532293,16.453335120982523,16.86371920418769,397865000
2022-07-27,17.76337432861328,17.90915571659671,16.887686141429516,17.00650751415031,569776000
2022-07-28,17.957082748413086,18.1128494016185,17.413898228562946,17.948097346099534,474646000
2022-07-29,18.135814666748047,18.21669280545941,17.66551896482929,17.78633814776451,435460000
2022-08-01,18.41339874267578,18.817793251673763,17.96307355568242,18.154785619332486,476469000
2022-08-02,18.498271942138672,18.90965597324655,18.064921477467074,18.09487726327631,489527000
2022-08-03,18.86471939086914,18.939607887838186,18.10985050231707,18.156781033376305,418146000
2022-08-04,19.18623924255371,19.24515094690345,18.731920360313563,18.820787846440595,409652000
2022-08-05,18.960580825805664,19.200221406229684,18.63806428278374,18.781847869240536,386068000
2022-08-08,17.766368865966797,18.211702398582386,17.21619484617893,17.475805938276682,981859000
2022-08-09,17.060428619384766,17.42088838839908,16.69897089551826,17.22618054055926,668263000
2022-08-10,18.069915771484375,18.090884251027468,17.29108245025368,17.671512755671564,597422000
2022-08-11,17.915145874023438,18.67900220334982,17.849244670616443,18.10386408188988,509327000
2022-08-12,18.680997848510742,18.689985155231977,17.926128836719883,18.132819750863113,478094000
2022-08-15,19.003517150878906,19.13531957512626,18.58514548730983,18.673013135310004,457666000
2022-08-16,18.85074234008789,19.11334917922351,18.473307857125373,18.89168133850733,451240000
2022-08-17,18.307554244995117,18.660026495004818,18.11784001872635,18.495274466456294,446799000
2022-08-18,18.744903564453125,18.83676492537196,18.155786452602086,18.273609874972294,415447000
2022-08-19,17.822288513183594,18.492283837200684,17.743406270511077,18.37845412710885,441588000
2022-08-22,17.008506774902344,17.531722707583775,16.94060775357587,17.463823686257303,409593000
2022-08-23,17.155284881591797,17.438860213737485,16.944600244332623,16.96357281252585,369986000
2022-08-24,17.19622230529785,17.379946910113844,16.86971209270248,16.98653564207085,522661000
2022-08-25,17.886186599731445,17.920136102144493,16.807803300009542,16.818786514438806,770691000
2022-08-26,16.23566246032715,17.8971713637303,16.2126961703549,17.83027221223721,769127000
2022-08-29,15.777351379394531,16.313547391578,15.743402820952463,15.996024432382622,496132000
2022-08-30,15.444849014282227,16.01499352907147,15.159276827252066,15.936112250558743,530181000
2022-08-31,15.071409225463867,15.516741812619589,14.936611046484066,15.36097515498697,573710000
2022-09-01,13.91614055633545,14.358477351582556,13.250139048117646,14.187732809926837,1178865000
2022-09-02,13.626575469970703,14.149790438422428,13.570658574144392,14.078897554096939,743157000
2022-09-06,13.444847106933594,13.758377273107302,13.331017410608663,13.710448779444814,535751000
2022-09-07,13.697543144226074,13.821394894652745,13.329984708493885,13.54672431921064,512657000
2022-09-08,13.973214149475098,13.991193154533821,13.352959906875688,13.44285112204903,624873000
2022-09-09,14.369733810424805,14.456629292412797,14.10904736446083,14.140009345058681,486612000
2022-09-12,14.487595558166504,14.529544979461525,14.180963767581938,14.351759064678815,484159000
2022-09-13,13.115243911743164,13.90529517065022,13.083282719468324,13.785439270824538,714956000
2022-09-14,13.1122465133667,13.274051814379163,12.897504363348427,13.238094763310873,588507000
2022-09-15,12.913485527038574,13.217120637994404,12.774652383419461,12.999382771846772,523625000
2022-09-16,13.18216323852539,13.196146378501451,12.601860071928924,12.726710080303743,670751000
2022-09-19,13.36594295501709,13.446846091073702,12.994389575590436,12.996387031012944,569685000
2022-09-20,13.160189628601074,13.466821416277371,13.04133293605915,13.199143342669851,524818000
2022-09-21,13.245086669921875,14.014163138166957,13.09426784489799,13.197144886473634,807679000
2022-09-22,12.545926094055176,13.133220764262274,12.413086279296454,13.054315095432624,759162000
2022-09-23,12.50097942352295,12.59586568134512,12.242290423014964,12.405094914451492,663309000
2022-09-26,12.213326454162598,12.643809975766143,12.199343314704796,12.476011349742599,547343000
2022-09-27,12.398104667663574,12.720717026131021,12.243290932361806,12.49199173171832,553854000
2022-09-28,12.720718383789062,12.807613887508177,12.339176768594774,12.395109331442937,542414000
2022-09-29,12.205338478088379,12.485002262049875,11.931667060858953,12.433064606918302,532763000
2022-09-30,12.124433517456055,12.617841167209532,12.060510185916865,12.072495870113585,565638000
2022-10-03,12.496987342834473,12.662788530616552,12.090475147831796,12.332185359057721,547478000
2022-10-04,13.151198387145996,13.204135232594234,12.86354390299101,12.86354390299101,584182000
2022-10-05,13.19314956665039,13.305015637695266,12.605855789387167,12.895507767366093,507131000
2022-10-06,13.11424446105957,13.639613297811657,13.087276433613106,13.20413661584121,644157000
2022-10-07,12.061508178710938,12.654795200491199,12.007573081506354,12.489993249996681,672478000
2022-10-10,11.655994415283203,12.109449070593177,11.394308768749429,12.022553589658685,698699000
2022-10-11,11.572096824645996,11.83178409135809,11.26945998596596,11.547126254028573,667482000
2022-10-12,11.486201286315918,11.720918969690699,11.331387535687021,11.565106967607235,492590000
2022-10-13,11.945648193359375,12.063506625372144,10.800024266039834,10.957834660470665,850103000
2022-10-14,11.21352767944336,12.096466691832878,11.190555515991965,12.042531591650091,713432000
2022-10-17,11.873734474182129,11.93366289601578,11.503180320321372,11.504178571709462,580774000
2022-10-18,11.952640533447266,12.477010193051902,11.604059329307598,12.329188017829315,659362000
2022-10-19,12.036539077758789,12.335181032699738,11.819799458687841,11.864745537264808,523131000
2022-10-20,12.179366111755371,12.753675858435482,12.09047222041594,12.09846299293369,652398000
2022-10-21,12.451040267944336,12.483002408632712,11.872735554326965,12.08348184147233,609494000
2022-10-24,12.583881378173828,12.694748240906902,12.049523522041948,12.492990972974244,517457000
2022-10-25,13.245086669921875,13.284040381036611,12.648802939445655,12.678767625696967,505482000
2022-10-26,12.880524635314941,13.37193385912893,12.692750510711289,12.853557561264791,532953000
2022-10-27,13.160189628601074,13.821395943567548,13.106254522800453,13.613645341947388,583113000
2022-10-28,13.817399978637695,13.833381526744795,13.045327750919178,13.088276375463284,521040000
2022-10-31,13.480802536010742,13.821393871952449,13.281042738443825,13.761465456417449,486341000
2022-11-01,13.526748657226562,13.908290227767797,13.502777289517077,13.794426707412695,432817000
2022-11-02,13.203136444091797,14.192947372971393,13.19514662360441,13.833379732732721,672628000
2022-11-03,13.404894828796387,13.76446345186093,12.94045361155459,13.027349108120536,500065000
2022-11-04,14.139013290405273,14.211925646505437,13.680563492193205,13.969217209960792,612576000
2022-11-07,14.28384017944336,14.394707053891961,13.937257367888478,14.210927816295182,410061000
2022-11-08,14.584479331970215,14.873132119599749,14.198941859950727,14.783239957975878,595292000
2022-11-09,13.759468078613281,14.193946474225573,13.742488281405496,14.145004537709626,454414000
2022-11-10,15.731100082397461,15.75407224629037,14.529543607521711,14.782240267933439,700819000
2022-11-11,16.307409286499023,16.369335168505195,15.463423867683403,15.78803371742249,655487000
2022-11-14,16.275447845458984,16.520154710286672,15.90289526017533,16.198540572389145,527852000
2022-11-15,16.645999908447266,16.97760030988361,16.362340333620516,16.70193246037485,545876000
2022-11-16,15.890908241271973,16.342365517165717,15.853952937545785,16.142606655252838,649547000
2022-11-17,15.65818977355957,16.246483754566608,15.516359956159672,15.69614428540067,710894000
2022-11-18,15.390509605407715,15.982798417252967,15.101855894679975,15.946840413233774,492072000
2022-11-21,15.29862117767334,15.458429037689159,15.061905094440672,15.128825088274038,404739000
2022-11-22,16.018753051757812,16.03872950715778,15.103851969083491,15.309605078065967,472866000
2022-11-23,16.49917984008789,16.507171567723844,16.02874617365287,16.078685422341522,427241000
2022-11-25,16.250478744506836,16.467217430103638,16.15259675746312,16.298421486545415,167934000
2022-11-28,15.80800724029541,16.337371925299387,15.70613035675524,16.00676784560978,303741000
2022-11-29,15.620234489440918,15.912883135727961,15.501377797341771,15.808008631345784,298384000
2022-11-30,16.90701675415039,16.91401011224117,15.582268932663492,15.682173912135513,565298000
2022-12-01,17.118816375732422,17.24869275346434,16.619288621222157,16.98294514663755,470977000
2022-12-02,16.860063552856445,16.91701084096252,16.429470787296694,16.643269409713465,371389000
2022-12-05,16.594314575195312,16.97895122027802,16.456444410841286,16.663249657372322,352255000
2022-12-06,15.971900939941406,16.557346959456986,15.804059392833134,16.514388304158608,352694000
2022-12-07,16.104778289794922,16.170715948979165,15.65220504847958,15.75710638960382,372388000
2022-12-08,17.152790069580078,17.16278085648715,15.943931531492836,16.257636142622108,515456000
2022-12-09,16.98494529724121,17.566396442617396,16.958970779116104,17.143795548869498,465338000
2022-12-12,17.51844024658203,17.52143767261398,16.781138231333195,17.020911352868033,457328000
2022-12-13,18.054931640625,18.772253906847382,17.694272541319727,18.513497752855358,656589000
2022-12-14,17.65730857849121,18.23476374050765,17.40354874404559,17.970012708973496,496888000
2022-12-15,16.935989379882812,17.303641853458835,16.684228478407395,17.12980640085517,478542000
2022-12-16,16.55534553527832,17.02490277455029,16.39449832338077,16.848069929900596,478232000
2022-12-19,16.2386474609375,16.593311698540127,16.129751160735065,16.556347895867603,354039000
2022-12-20,16.069807052612305,16.29459492471564,15.837028268444671,16.04882697825247,403260000
2022-12-21,16.485414505004883,16.61129685665048,16.08679118681269,16.09878088961092,325025000
2022-12-22,15.324512481689453,16.122758587352745,14.867944326757812,16.07879951913216,565045000
2022-12-23,15.191638946533203,15.324512754745045,14.868944051199282,15.181648162416543,349326000
2022-12-27,14.107662200927734,15.085737571138246,14.042723063576428,15.059762106752427,464902000
2022-12-28,14.022745132446289,14.248531538075772,13.870888249213039,13.91384786252494,351066000
2022-12-29,14.589207649230957,14.669132015722159,14.213563317277028,14.388398226266634,354923000
2022-12-30,14.600197792053223,14.615183015183472,14.219557117948435,14.320461558489656,310490000
2023-01-03,14.301480293273926,14.9818378561514,14.082687257156094,14.836974338861145,401277000
2023-01-04,14.73507022857666,14.838972099538859,14.227550577248294,14.55324290716645,431324000
2023-01-05,14.251526832580566,14.550244209091645,14.134636761581584,14.477313204439954,389168000
2023-01-06,14.844965934753418,14.99582333867336,14.020745334784726,14.460329337176837,405044000
2023-01-09,15.613240242004395,16.04083551016208,15.12669972895464,15.26956527336169,504231000
2023-01-10,15.893975257873535,15.946924699347406,15.45738770492271,15.492354496985383,384101000
2023-01-11,15.985886573791504,16.012861499247272,15.548300537353844,15.825039338857813,353285000
2023-01-12,16.495405197143555,16.621285642542368,15.477367579612611,16.084794083982377,551409000
2023-01-13,16.883041381835938,16.906020377978866,16.149735291057727,16.26262754145093,447287000
2023-01-17,17.685283660888672,17.711260084721463,16.88304243708615,16.88304243708615,511102000
2023-01-18,17.360591888427734,17.856121904906214,17.265680376384633,17.650317053573275,439624000
2023-01-19,16.749168395996094,17.180761576267606,16.715202010993732,17.0199124023863,452932000
2023-01-20,17.822154998779297,17.839139143537217,16.809112598985287,16.994935873343884,564967000
2023-01-23,19.17487335205078,19.22682428472633,17.801172014631053,18.046938056185414,655163000
2023-01-24,19.24680519104004,19.476589423278178,18.802225761623806,18.809219120213985,496204000
2023-01-25,19.304752349853516,19.35170884974934,18.562453968698666,18.895139684298528,449537000
2023-01-26,19.78329849243164,20.146955040954566,19.259793204752064,19.682394047297027,489535000
2023-01-27,20.345766067504883,20.608518165238692,19.38667365320494,19.443619026904443,542142000
2023-01-30,19.143903732299805,20.12097882695284,19.13191402868899,19.931159638223047,488611000
2023-01-31,19.5185489654541,19.668406917071884,18.932103463425523,19.151894998761787,498017000
2023-02-01,20.923221588134766,21.171985068230896,19.592478837615094,19.67240320696615,660477000
2023-02-02,21.688501358032227,21.928274514309866,20.680455213583738,20.98017118254387,564276000
2023-02-03,21.080074310302734,21.724465653147362,20.769367184168857,20.980168365547787,429366000
2023-02-06,21.069082260131836,21.54962695222601,20.766367039433767,20.78634860687831,452197000
2023-02-07,22.152057647705078,22.237976861670433,21.13002316806091,21.36180439165593,664150000
2023-02-08,22.184030532836914,22.856395317656922,21.987216067602407,22.36585786761618,559651000
2023-02-09,22.31590461730957,22.998260149633165,22.099110499332042,22.58465157727127,523876000
2023-02-10,21.244916915893555,22.057148851622582,20.791347102373106,21.669516693052636,550737000
2023-02-13,21.76742172241211,22.027176385632682,20.94220165152023,21.51765784303239,474919000
2023-02-14,22.949304580688477,23.027230025580597,21.345819053614647,21.557618713083382,675474000
2023-02-15,22.74249839782715,22.8334120482029,22.085120866486204,22.527701321791618,420575000
2023-02-16,21.981224060058594,22.528705007029274,21.906294121223468,22.112098967976177,412026000
2023-02-17,21.3677978515625,21.719464643588022,20.95518785560436,21.610568349574603,465888000
2023-02-21,20.6354923248291,21.47369869665402,20.59852661530796,20.98016579111472,410015000
2023-02-22,20.73440170288086,21.08407157890139,20.401715971932948,20.687447106366278,513184000
2023-02-23,23.641651153564453,23.865440536709627,23.003254689456554,23.417863675966604,1117995000
2023-02-24,23.26400375366211,23.451827803324537,22.925325171391652,23.20306245553744,589716000
2023-02-27,23.47879981994629,23.85744151744217,23.43184523869269,23.64764080334692,452994000
2023-02-28,23.194074630737305,23.8025006554153,23.18408384597794,23.349927442998144,455963000
2023-03-01,22.676563262939453,23.23403683456975,22.48674217124683,23.170096195793,460026000
2023-03-02,23.29197883605957,23.35791648305723,22.410811925677443,22.466760694671414,389415000
2023-03-03,23.867433547973633,23.877424330912085,23.108151194574255,23.29797225931085,412393000
2023-03-06,23.531757354736328,24.225100305977033,23.464819285474714,23.868438998083167,437429000
2023-03-07,23.269956588745117,24.106307975293905,23.222992119971778,23.581715125917633,515154000
2023-03-08,24.162267684936523,24.181253972682587,23.405854133603068,23.468805055531643,513573000
2023-03-09,23.4178466796875,24.435057759360745,23.364886332164037,24.156272645113965,501257000
2023-03-10,22.947208404541016,23.608696186782492,22.7083932455894,23.390864666951877,474866000
2023-03-13,22.948204040527344,23.279947517007088,22.279723706349586,22.73437106627306,421890000
2023-03-14,24.044355392456055,24.20023465879967,23.44182196451992,23.477795275750477,474910000
2023-03-15,24.209226608276367,24.26718032293019,23.34189918220127,23.74258752129313,524486000
2023-03-16,25.521211624145508,25.568174187780844,23.875486426840148,24.008384707139463,583253000
2023-03-17,25.705066680908203,26.37854420062934,25.648109735845335,25.961867507130762,848547000
2023-03-20,25.879932403564453,26.0038368777567,25.110528539041603,25.59515337288159,432747000
2023-03-21,26.178701400756836,26.371552664422822,25.361336269568945,26.159717020816753,547408000
2023-03-22,26.447492599487305,27.567624321193616,26.21667068225775,26.40452474253013,797295000
2023-03-23,27.169933319091797,27.477695255263573,26.66932202581043,27.093991987859635,564889000
2023-03-24,26.758251190185547,27.145951059024593,26.334579915197427,27.010056750841535,454920000
2023-03-27,26.51044273376465,26.97907919440024,26.344570992049672,26.81620538734973,361026000
2023-03-28,26.38953971862793,26.492460563723153,25.82997409067337,26.42651170992459,356104000
2023-03-29,26.96309471130371,27.057021752152824,26.576395389808596,26.80421939827036,393694000
2023-03-30,27.361783981323242,27.47769523664997,27.08100155357142,27.207903966277037,364516000
2023-03-31,27.75547981262207,27.812434858242728,27.08399956957691,27.11897230037396,433933000
2023-04-03,27.943330764770508,27.978303491665436,27.31481845102508,27.487684733031823,398716000
2023-04-04,27.431732177734375,27.978309319114103,27.28584537062366,27.944335261376853,368592000
2023-04-05,26.860172271728516,26.977080289952106,26.374548778869844,26.808212517227776,515015000
2023-04-06,27.01605224609375,27.05901819761364,26.406524267417176,26.563402211324938,397654000
2023-04-10,27.557632446289062,27.599599722003898,26.648337660725947,26.802217671680346,395279000
2023-04-11,27.147951126098633,27.768470288811887,27.104983266832733,27.702521438327167,314378000
2023-04-12,26.474472045898438,27.446717721444895,26.427507578002256,27.34879408048613,446259000
2023-04-13,26.442495346069336,26.866166609946806,26.30860029990406,26.713285279016276,353615000
2023-04-14,26.737268447875977,26.862171603134502,26.19968516091452,26.483465526083034,395660000
2023-04-17,26.981082916259766,26.985079527849965,26.41252346485886,26.544421176690623,321471000
2023-04-18,27.645565032958984,28.08822261514071,27.335805736591062,27.511669976648836,604812000
2023-04-19,27.909358978271484,27.97830576142074,27.210901154073433,27.339800915924755,358660000
2023-04-20,27.082998275756836,28.008281349677112,26.979078769754505,27.649558365783953,427713000
2023-04-21,27.097990036010742,27.161941536904624,26.701298237499223,26.93111959606842,345103000
2023-04-24,27.02104949951172,27.344797891534892,26.650336635594115,26.992072637622144,339282000
2023-04-25,26.22066879272461,27.22588990438173,26.204682347625166,27.05702021339029,378527000
2023-04-26,26.935117721557617,27.30882854874125,26.684312709348273,26.981083520552,406337000
2023-04-27,27.204904556274414,27.473697135730493,26.604370391400188,27.34179944259382,377161000
2023-04-28,27.727502822875977,27.736494722113637,27.050026680821563,27.20390860883088,292216000
2023-05-01,28.887601852416992,29.035487906164658,27.75847815742974,27.818431138842723,570329000
2023-05-02,28.188142776489258,28.81365912640652,28.06124227027244,28.657779853563685,402730000
2023-05-03,27.780458450317383,28.345021209649484,27.450714217743126,27.8184291138181,383387000
2023-05-04,27.5406494140625,27.837418321928048,27.21889834771114,27.62957926584054,321850000
2023-05-05,28.65778160095215,28.73272235412415,27.709517396074965,27.804443112441227,361494000
2023-05-08,29.128414154052734,29.19736093983139,28.328036044950306,28.499901765349517,344979000
2023-05-09,28.548860549926758,28.95054948212023,28.427955924466577,28.876607416576256,314869000
2023-05-10,28.86262321472168,29.090447225037636,28.43895189810926,28.982529184246165,369350000
2023-05-11,28.555858612060547,28.92757205566267,28.22411699956995,28.873613037762063,322149000
2023-05-12,28.318042755126953,28.757702383519174,28.02426991669217,28.506895497489484,274222000
2023-05-15,28.930572509765625,28.9465608634815,28.13019426487385,28.485917505743256,293926000
2023-05-16,29.19036865234375,29.84686118256938,28.809665192443962,28.818657092059023,449405000
2023-05-17,30.154617309570312,30.175600947098626,29.407197674823205,29.56107768336416,432535000
2023-05-18,31.653453826904297,31.803337218364412,30.29650627019934,30.386436686249557,748725000
2023-05-19,31.239774703979492,31.555529832851313,30.892044782308023,31.5115633015826,473908000
2023-05-22,31.151845932006836,31.495579269125198,30.656229935125022,30.877057472880523,372000000
2023-05-23,30.66422462463379,31.263760164158064,30.60726957743284,30.975983181421253,356253000
2023-05-24,30.514339447021484,30.583286230185738,29.78290624556208,30.186592557912466,721419000
2023-05-25,37.95057678222656,39.449414745877256,36.60661752172898,38.49315539321364,1543911000
2023-05-26,38.915828704833984,39.139654202122564,37.52091024078005,37.860647004196835,714397000
2023-05-30,40.07992172241211,41.90550581208473,39.91804849161949,40.56354787392991,923401000
2023-05-31,37.804683685302734,40.26377529792952,37.792691946795934,39.45740140056339,1002580000
2023-06-01,39.739192962646484,40.01897484325272,38.31030039513508,38.45918323538847,635873000
2023-06-02,39.296531677246094,40.46862324900234,39.027739074551626,40.06593558901887,482731000
2023-06-05,39.140647888183594,39.53433977277439,38.67700673967849,38.878849874769465,396094000
2023-06-06,38.62405014038086,39.12965860906724,38.11844167169448,38.799916275766684,388729000
2023-06-07,37.449832916259766,39.47247581484644,37.33091334669172,38.88886835389723,511998000
2023-06-08,38.48414611816406,38.83790856539692,37.47982353092405,37.69867447040822,417772000
2023-06-09,38.74396896362305,39.68433522296949,38.541106149128304,39.010787982924306,427717000
2023-06-12,39.45549392700195,39.503462039764756,38.59207552154446,39.173685553174,388701000
2023-06-13,40.99445724487305,41.073406583154025,39.7133202956982,40.15901999798978,613208000
2023-06-14,42.96813201904297,42.97112835789962,40.524770166876394,40.79659070865138,740465000
2023-06-15,42.624366760253906,43.25994139693394,42.11870592148791,42.573402308118794,568622000
2023-06-16,42.663333892822266,43.691642253904746,42.63235266585127,43.42082432044267,655709000
2023-06-20,43.778587341308594,43.960468171430314,42.64534980172413,42.96913358966378,451153000
2023-06-21,43.01609802246094,43.58571883513906,42.0517495771643,43.471793147749,551603000
2023-06-22,42.996116638183594,43.39684459011098,42.205647311041446,42.22463174963578,417737000
2023-06-23,42.180660247802734,42.78025587920079,41.986790256637725,42.43549010660813,358140000
2023-06-26,40.60471725463867,42.73528567393262,40.07307297637483,42.43248772308976,594322000
2023-06-27,41.8478889465332,41.91184516121733,40.420849943071936,40.77161225013015,462175000
2023-06-28,41.08940124511719,41.8169132235577,40.49080429319049,40.632707269414,582639000
2023-06-29,40.79458999633789,41.57206751161818,40.57273892901067,41.53009589413119,380514000
2023-06-30,42.273597717285156,42.521432314666136,41.47313679846607,41.65201747661018,501148000
2023-07-03,42.384521484375,42.86919645813437,42.17366461675994,42.48845174872612,198209000
2023-07-05,42.28859329223633,43.14801275888201,42.05674678060165,42.10671245240927,323618000
2023-07-06,42.074737548828125,42.15068674468522,41.31824574169724,41.81591253990793,303582000
2023-07-07,42.474464416503906,43.18498944249767,42.151683210929725,42.293586172904085,355881000
2023-07-10,42.15167999267578,42.782256847848465,41.62103447108327,42.62836091679516,353908000
2023-07-11,42.376529693603516,42.72929334341537,42.03875917556284,42.45247888360537,298244000
2023-07-12,43.872520446777344,43.90549923284697,42.748275878823826,43.00410449451526,481277000
2023-07-13,45.946136474609375,46.12401457256602,44.46213275662318,44.48811627852953,478204000
2023-07-14,45.43846893310547,48.05570973298696,45.02974318376143,46.551719286402424,772075000
2023-07-17,46.429805755615234,46.464782104984714,45.231613235689295,46.25792415993447,510488000
2023-07-18,47.46211242675781,47.86384295444501,45.703295752651904,46.66964557192856,569164000
2023-07-19,47.04539489746094,47.78589856143542,46.71062071194178,47.432136125010175,427502000
2023-07-20,45.489437103271484,47.05538631913264,45.03174443382623,46.47577391693099,537865000
2023-07-21,44.27924346923828,45.83520092266416,44.07038418411093,45.75725037396218,963769000
2023-07-24,44.58204650878906,45.07871446418964,44.01043195894875,44.70096609238762,382516000
2023-07-25,45.6483268737793,46.151986236123314,44.89283401812762,44.91082348626947,348081000
2023-07-26,45.42148971557617,46.022088028773574,44.600042891258646,45.99010801462297,364237000
2023-07-27,45.86918258666992,47.36317772161204,45.719281777299805,46.487766448987706,455976000
2023-07-28,46.71861267089844,46.99542712373659,46.34986093104817,46.63666699267924,331194000
2023-07-31,46.69762420654297,47.09835593359222,46.474774365410504,46.722608945308956,251055000
2023-08-01,46.475772857666016,46.86851053327996,45.996095610984916,46.42880353138704,237858000
2023-08-02,44.239280700683594,45.809225144822705,43.357872868108224,45.80023231542858,530142000
2023-08-03,44.485111236572266,45.08770701221157,43.77059114765512,43.77059114765512,324176000
2023-08-04,44.650001525878906,45.611353612769236,44.36319547208762,44.95479704956906,362666000
2023-08-07,45.386505126953125,45.50942363800022,44.53307844333369,45.08071083089327,322154000
2023-08-08,44.6340217590332,45.21163290512549,44.026428157512775,44.82289407361515,353843000
2023-08-09,42.52542495727539,44.282243844242906,42.105705013706,44.24426734922616,586449000
2023-08-10,42.35954284667969,43.54474743620117,41.80691270633182,42.131695276501496,492705000
2023-08-11,40.82756805419922,41.98978918777693,40.611713480681736,41.72296635669751,533085000
2023-08-14,43.723628997802734,43.77059833330289,40.28394192269049,40.458823690896786,690286000
2023-08-15,43.910499572753906,45.23761094961256,43.68065444037462,44.53008608139681,676512000
2023-08-16,43.45680618286133,44.64500713653826,43.37685806021179,44.49011241407516,527451000
2023-08-17,43.31489944458008,44.032415865763284,42.97212742620197,43.9404785824408,452395000
2023-08-18,43.26993179321289,43.54874382071952,41.632032166940185,42.606376093632456,583768000
2023-08-21,46.93546676635742,47.03340054502666,44.192310747529035,44.464127494140655,692573000
2023-08-22,45.63733673095703,48.15464642329009,45.30256257251268,48.102679385462835,755293000
2023-08-23,47.08436965942383,47.168312899804924,45.17764965557936,45.8352088507009,779046000
2023-08-24,47.13132858276367,50.23224558084789,47.12733346452531,50.182279917918194,1156044000
2023-08-25,45.98710250854492,47.77290136689044,44.993766641790856,46.98043456316312,925341000
2023-08-28,46.803550720214844,46.9484538143124,44.857859477973676,46.450787109194195,685192000
2023-08-29,48.75124740600586,49.04804888819601,46.35985248205318,46.63466937521741,701397000
2023-08-30,49.23092269897461,49.89347574273386,48.392485325821596,49.01106919330039,735206000
2023-08-31,49.321868896484375,49.710607710552146,48.92513603204003,49.34685363953064,528570000
2023-09-01,48.47643280029297,49.76656646527334,48.109678602925236,49.728593775552426,463830000
2023-09-05,48.515403747558594,48.81820170710798,47.82786596593289,48.190621199909984,382653000
2023-09-06,47.03327941894531,48.52040187168578,46.55256375973415,48.4124675938394,468670000
2023-09-07,46.21376419067383,46.316704161962946,45.12540493347,45.49818632647951,433330000
2023-09-08,45.54515838623047,46.578549795234004,45.24433697550349,45.91494321497456,473069000
2023-09-11,45.151390075683594,46.13580667584193,44.28589904966943,46.12081612132712,473966000
2023-09-12,44.84356689453125,45.64609526594391,44.50476589129932,44.711644683644934,349256000
2023-09-13,45.458213806152344,45.90295143393173,44.476789863820855,44.57373286105348,398355000
2023-09-14,45.55415725708008,45.959916382473324,45.10442151314497,45.92293942337167,370097000
2023-09-15,43.87413787841797,45.572134413088484,43.78218921317514,45.314286993054964,506831000
2023-09-18,43.940101623535156,44.21594002292978,41.97526008372968,42.722820575587484,500271000
2023-09-19,43.49436569213867,43.94010212892765,42.97666925633851,43.80718104995943,373064000
2023-09-20,42.21411895751953,43.877140298495235,42.1981295407641,43.57431736743093,367108000
2023-09-21,40.992835998535156,42.075198207915804,40.955859044978006,41.558504470242454,450736000
2023-09-22,41.585487365722656,42.09019092808113,41.20670902536928,41.54750773927353,479236000
2023-09-25,42.19712829589844,42.51094250359211,41.15274189436024,41.566499482257406,419091000
2023-09-26,41.886314392089844,42.794779402172175,41.63046465348833,41.97626153603217,402282000
2023-09-27,42.4429817199707,42.84674687562001,41.60447906383656,42.3050663366097,444935000
2023-09-28,43.06361770629883,43.42040584820638,42.09019244907844,42.43498662299495,424663000
2023-09-29,43.47338104248047,44.118001615800175,43.28149278229862,43.80118697658235,397830000
2023-10-02,44.755619049072266,45.14838526378596,43.835160204850645,44.004059360800305,433298000
2023-10-03,43.491363525390625,45.103416123255286,43.22052325615126,44.78160339586175,470850000
2023-10-04,44.01505661010742,44.11699771323821,43.266497283456516,43.71623295909225,361821000
2023-10-05,44.66168212890625,44.87355907762935,43.862154026315785,44.02405737101078,393483000
2023-10-06,45.735042572021484,45.762027093274135,44.00006519130678,44.166966628350934,434436000
2023-10-09,45.2463264465332,45.57813158236599,44.341860842790076,44.81558061204782,409675000
2023-10-10,45.77102279663086,46.23174977831537,45.061441940637515,45.283311292435734,368582000
2023-10-11,46.77842330932617,46.83139348657437,46.02286819940643,46.168782089849806,378137000
2023-10-12,46.91734313964844,47.58095342346612,46.30270758757265,46.7494428449331,481325000
2023-10-13,45.43421173095703,47.08823915432442,45.253318624867276,46.9323290301139,474115000
2023-10-16,46.06785202026367,46.197772707429415,44.88554631741198,45.036458356873474,375099000
2023-10-17,43.91211700439453,44.72763821121428,42.45497569088067,43.9740807563203,812333000
2023-10-18,42.171146392822266,43.19354648553622,41.80036652222744,42.56591420178306,627294000
2023-10-19,42.076202392578125,43.27149704183871,41.85732962426039,42.78578325627493,501233000
2023-10-20,41.36262512207031,42.44498744497046,41.053805193919466,41.865327220586586,477266000
2023-10-23,42.94968795776367,43.222529794895785,40.92088476471772,41.20471789682862,478530000
2023-10-24,43.63727951049805,43.671259880071666,42.66585573528576,43.05162614435632,401463000
2023-10-25,41.754390716552734,43.62429085852798,41.53052363272983,43.37243657677688,398379000
2023-10-26,40.30224609375,42.231109527965074,39.85650966502812,41.82834703800738,541001000
2023-10-27,40.47614669799805,41.18173216586504,39.991431738659564,41.10577671411972,416784000
2023-10-30,41.136756896972656,41.74140011545999,40.45715708839421,41.06280298137389,388028000
2023-10-31,40.755977630615234,40.85492215187982,39.20689140883778,40.42617399708402,517969000
2023-11-01,42.30007553100586,42.35604230855743,40.84493168976348,40.85992224625753,437593000
2023-11-02,43.48036575317383,43.858141379645474,42.86872684605809,43.30246923200701,409172000
2023-11-03,44.97848892211914,45.28230687928524,43.69724264528921,43.99406856905828,424610000
2023-11-06,45.72404861450195,45.907942145910646,44.87254931814996,45.25832352062085,400733000
2023-11-07,45.92792892456055,46.19077066214043,45.13139756690528,45.69206789534631,343165000
2023-11-08,46.546566009521484,46.83939268029924,45.94092017940282,46.07284239178855,346719000
2023-11-09,46.922340393066406,48.201585067164196,46.72245745962616,47.43903409699533,540496000
2023-11-10,48.30652618408203,48.443446517904555,47.25514775060462,47.47201897601796,421245000
2023-11-13,48.59135818481445,49.087068200389616,48.07066518354385,48.29153566931826,384136000
2023-11-14,49.62674331665039,49.80463985063808,49.01110891803197,49.650731250983476,416954000
2023-11-15,48.85920333862305,49.93057048121235,48.17160887491718,49.905587494765264,475497000
2023-11-16,49.45085525512695,49.49583073208514,48.30153490578404,48.65032836479482,339756000
2023-11-17,49.26896667480469,49.687718627140484,48.978137690919475,49.49483149994882,325205000
2023-11-20,50.379302978515625,50.51822102854622,49.1520257887824,49.28294913133964,414120000
2023-11-21,49.914581298828125,50.48724182772053,49.19300646271815,50.09647330080843,565747000
2023-11-22,48.68729782104492,50.305343443741435,47.66190132877574,49.82263011511019,899420000
2023-11-24,47.747859954833984,48.89218598438888,47.71687617098167,48.44145141892708,294645000
2023-11-27,48.213584899902344,48.50141346161061,47.62393227136599,47.77184390637924,395662000
2023-11-28,47.79282760620117,48.2945345904846,47.44503304136884,48.20758404305151,401491000
2023-11-29,48.11164855957031,48.73328389544531,47.831814678443656,48.350510033061155,382005000
2023-11-30,46.74245071411133,48.08166154319405,46.3946561295748,47.99570985279465,526247000
2023-12-01,46.73745346069336,47.172198605670886,46.15979480379712,46.49759696256461,369317000
2023-12-04,45.48318862915039,46.04985595451796,44.9834831764298,46.04985595451796,437543000
2023-12-05,46.542659759521484,46.576639300091315,45.24830692132301,45.44320886868036,371718000
2023-12-06,45.48019027709961,47.363248618844615,45.38923628677336,47.19133394813323,380590000
2023-12-07,46.572654724121094,46.605639135735274,45.58115116533807,45.67710373760514,350823000
2023-12-08,47.4821891784668,47.71707199991906,46.526667071393376,46.57164649877913,359224000
2023-12-11,46.60363006591797,47.50717632201845,45.80703244000096,47.46719926720655,509728000
2023-12-12,47.633113861083984,47.642108221332236,46.02292129903264,46.02292129903264,372387000
2023-12-13,48.06390380859375,48.5696507647958,47.584144799570055,47.60513418472511,447792000
2023-12-14,48.325767517089844,48.64560684171551,47.39823500078961,48.36574838586443,391232000
2023-12-15,48.86549758911133,49.379239930936926,48.095883026170014,48.16984725179435,479948000
2023-12-18,50.051902770996094,50.40772334929845,49.12536921258584,49.37524392106738,412587000
2023-12-19,49.57913589477539,49.675088445454506,48.870491649793216,49.39922581544832,464444000
2023-12-20,48.086883544921875,49.97393763852956,48.07388957337245,49.63010830567033,397894000
2023-12-21,48.96544647216797,49.07039338559571,48.39472971516772,48.78653533808319,300425000
2023-12-22,48.8055305480957,49.35825100102085,48.44270969078598,49.17034549223245,252507000
2023-12-26,49.254302978515625,49.57514125413187,48.935462602509865,48.94345801373731,244200000
2023-12-27,49.39223098754883,49.655099654508746,49.06039666080748,49.486185641923775,233648000
2023-12-28,49.4971809387207,49.85899903094536,49.38723545621996,49.61812249458572,246587000
2023-12-29,49.4971809387207,49.97194517562977,48.726567424201626,49.78803546733378,389293000
2024-01-02,48.143856048583984,49.27029006493009,47.57114520519551,49.21931693922932,411254000
2024-01-03,47.54515838623047,48.159848009515486,47.29628263742881,47.461200853543446,320896000
2024-01-04,47.97394561767578,48.47569292887805,47.48418951664503,47.74305858328899,306535000
2024-01-05,49.07239532470703,49.52217057126956,48.281791365683425,48.43771523045836,415039000
2024-01-08,52.226810455322266,52.248802601709635,49.45420245341726,49.48718686021287,642510000
2024-01-09,53.11336898803711,54.29777651370217,51.66409487363166,52.37474091414494,773100000
2024-01-10,54.32276153564453,54.57263625073542,53.462192955866946,53.58913202583644,533796000
2024-01-11,54.794525146484375,55.3182646237258,53.53316035979794,54.971438397001265,596759000
2024-01-12,54.682579040527344,54.94245086657465,54.302772237512634,54.59262399501641,352994000
2024-01-16,56.35374450683594,56.80651660434578,54.87248875685251,54.990429652443055,449580000
2024-01-17,56.0249137878418,56.44270360003648,54.71257199394214,56.31876518619403,474394000
2024-01-18,57.0783805847168,57.57113355960741,56.07888171171816,57.23130379027645,491650000
2024-01-19,59.461185455322266,59.470179816121735,57.19631847450879,57.95993551231964,543501000
2024-01-22,59.62410354614258,60.30076621768796,59.04039658553907,60.018906048230285,452955000
2024-01-23,59.842994689941406,59.879974896146315,58.555638180668645,59.54014514062131,294654000
2024-01-24,61.33124542236328,62.81749966312902,59.90795933203634,60.27377702467032,560271000
2024-01-25,61.586116790771484,62.687565633845296,60.81949912329837,62.3187472904737,482777000
2024-01-26,61.00041198730469,61.75203783033358,60.54264514796327,60.92944842366768,390309000
2024-01-29,62.433692932128906,62.45767916479008,60.8764751379027,61.20130919891072,348733000
2024-01-30,62.74253463745117,63.46117602894952,62.2287923258603,62.86847474739579,410735000
2024-01-31,61.49616241455078,62.23779109549254,60.66957725161703,61.409204220277765,453795000
2024-02-01,62.99541473388672,63.159334010145514,61.61910590922887,62.06887734355602,369146000
2024-02-02,66.1268539428711,66.56662829382361,63.65808651280487,63.941944610064006,476578000
2024-02-05,69.29725646972656,69.46217469854224,67.17132346877767,68.19080896214494,680078000
2024-02-06,68.18881225585938,69.71904328530657,66.26677937017486,69.59510487406826,683111000
2024-02-07,70.06385803222656,70.1847995704641,67.56611024482635,68.28475157553528,495575000
2024-02-08,69.60609436035156,70.75851634793179,69.42019057387394,70.03887599609345,414422000
2024-02-09,72.09686279296875,72.14883106624032,70.17682001570536,70.49765833259872,436637000
2024-02-12,72.21178436279297,74.57359879264203,71.21428354571269,72.5636052877806,613710000
2024-02-13,72.09186553955078,73.41320187519852,69.58512632462431,70.36473436037795,602580000
2024-02-14,73.86296844482422,74.19879860297466,71.90195366370614,73.1653201816801,504917000
2024-02-15,72.62158203125,73.93792331267274,72.36371572931519,73.8319812576461,420122000
2024-02-16,72.57660675048828,74.36471160286108,72.46466337072968,74.06286100719595,495327000
2024-02-20,69.41719818115234,71.91994112607156,67.70005682448759,71.91094295214619,704833000
2024-02-21,67.43819427490234,68.85348517508466,66.21480851806203,67.97192330584859,673755000
2024-02-22,78.49864959716797,78.53562599449027,74.18281239029882,74.98740934032327,865100000
2024-02-23,78.77750396728516,82.35270728551444,77.53112722629109,80.74951481547919,829388000
2024-02-26,79.05237579345703,80.60559805458351,78.46566428274411,79.66006525277888,503973000
2024-02-27,78.66156005859375,79.4401766634304,77.12333739870063,79.34121962191507,391705000
2024-02-28,77.62408447265625,78.89344471041017,77.08635205553938,77.58110675234951,393110000
2024-02-29,79.07235717773438,79.94991557245726,78.31073797222054,79.05436845454679,507289000
2024-03-01,82.23775482177734,82.25874801625466,79.39517868225165,79.95989790136245,479135000
2024-03-04,85.19427490234375,87.65104302544864,83.67703804923654,84.08782752325428,615616000
2024-03-05,85.92495727539062,86.05790010828508,83.3791168960246,85.23127220389335,520639000
2024-03-06,88.65970611572266,89.68324305114874,86.99046652196165,87.98202031125847,582520000
2024-03-07,92.62689208984375,92.72484713388091,89.56128432084023,90.1170314433978,608119000
2024-03-08,87.48823547363281,97.35575222228928,86.46669660091352,95.09477882297772,1142269000
2024-03-11,85.73503112792969,88.75665264185574,84.1277600056999,86.38973231212468,678364000
2024-03-12,91.87124633789062,91.91822205763889,86.11086395561675,88.00900332244493,668075000
2024-03-13,90.84671020507812,91.4624276728691,88.39482167096672,91.01363415420467,635713000
2024-03-14,87.90404510498047,90.60482099682989,86.56065394827854,89.53630642599725,602318000
2024-03-15,87.7970962524414,89.5053195385714,86.2178197951128,86.89051059382359,642086000
2024-03-18,88.4148178100586,92.36302032319799,87.04543743889901,90.34693832973477,668976000
2024-03-19,89.35739135742188,90.50286685393166,84.97138422754449,86.66061131736247,672171000
2024-03-20,90.33094024658203,90.36892499415599,88.18291459146306,89.75619692788968,479063000
2024-03-21,91.3934555053711,92.60590946151324,90.3639246898217,92.25806799689252,480372000
2024-03-22,94.24617004394531,94.73494632617268,90.79273767099636,91.0995974210595,586719000
2024-03-25,94.95883178710938,96.7220301978138,93.46751295712747,93.8983168748369,552136000
2024-03-26,92.51895141601562,96.33122190575376,92.45998010784325,95.80745785714453,513648000
2024-03-27,90.20899963378906,93.1976391484463,89.08251272541551,93.06969894575073,586067000
2024-03-28,90.31494903564453,91.25852036781959,89.15247543816959,89.95910797996004,435212000
2024-04-01,90.32194519042969,92.18309875741171,89.16347516442184,90.25797890351257,452441000
2024-04-02,89.41136932373047,90.0530759828404,87.580200789575,88.40781996760923,433064000
2024-04-03,88.923583984375,90.33294713635686,88.3598448243253,88.44380630032965,370067000
2024-04-04,85.865966796875,90.59282202260623,85.84097663074387,90.36492116364104,434965000
2024-04-05,87.96802520751953,88.44080991811138,85.88697023320091,86.82653804838375,399678000
2024-04-08,87.09342193603516,88.78964964856534,86.69260311937641,88.65970382216,283220000
2024-04-09,85.3152084350586,87.59517772557601,82.98427507127602,87.40226463843116,501700000
2024-04-10,86.99946594238281,87.36030202720293,83.67097669028665,83.88788099023252,431929000
2024-04-11,90.57483673095703,90.69778195869354,86.88651802850721,87.38028930692866,431637000
2024-04-12,88.14593505859375,90.13403751700548,87.49023484155897,89.65824820701377,426805000
2024-04-15,85.96192932128906,90.57183360831459,85.88996343395554,89.05752248069292,443077000
2024-04-16,87.37528228759766,88.07795816892963,86.02489821377218,86.39372622024712,370453000
2024-04-17,83.99681854248047,88.73466257299502,83.91185045527357,88.29985504936586,495400000
2024-04-18,84.63253021240234,86.15084492565727,82.36456386223763,84.93139797129201,447260000
2024-04-19,76.1653823852539,84.28569253115833,75.57165807203599,83.11222985815499,875198000
2024-04-22,79.48187255859375,80.03662072603697,76.36529285459991,78.0685134774025,596341000
2024-04-23,82.38555908203125,82.7314025960764,80.22754314018754,80.73231101825336,438559000
2024-04-24,79.64080810546875,84.04380588258387,79.14702921409854,83.91186206206669,512208000
2024-04-25,82.5944595336914,83.28513983980214,78.18745857464893,78.83216216037167,424641000
2024-04-26,87.69515228271484,88.29088225677599,83.34912752628662,83.77993152652552,551011000
2024-04-29,87.7171401977539,87.95202643323648,85.22726679197825,87.55521122388173,388971000
2024-04-30,86.36276245117188,88.77866462934834,86.26081139602988,87.20037932563423,363709000
2024-05-01,83.00326538085938,85.96092040406639,81.21807385271738,85.0383433055248,559863000
2024-05-02,85.77801513671875,86.19782250273573,83.16219963332766,84.41063276835533,377898000
2024-05-03,88.74866485595703,89.24043810826264,87.00045887297132,87.74911915331617,398341000
2024-05-06,92.09813690185547,92.17810238522513,89.01453944248995,89.34938632493116,376203000
2024-05-07,90.51286315917969,91.73930312313776,88.97056485934608,91.05661474475471,437342000
2024-05-08,90.37093353271484,91.15257599630715,89.37937974936176,89.44235467047578,325721000
2024-05-09,88.70668029785156,91.0306209060013,88.19091589664993,90.48786834493905,378013000
2024-05-10,89.83716583251953,91.35947654092773,89.1864606125446,90.26397379416818,335325000
2024-05-13,90.35794067382812,90.95666761749975,88.4887873274781,90.43689954348851,289680000
2024-05-14,91.31450653076172,91.60937070385219,88.89360196869727,89.55830082348145,296507000
2024-05-15,94.58702087402344,94.81891776809128,91.55739917721064,92.43000380086178,417735000
2024-05-16,94.3161392211914,95.7754751109485,94.06025117593339,94.86689143447046,323952000
2024-05-17,92.43698120117188,94.69695556940256,91.76429043608688,94.32612955185614,359691000
2024-05-20,94.73694610595703,95.15675349579068,93.39755844526998,93.70741519120496,318764000
2024-05-21,95.34266662597656,95.35666020460762,93.13766755607001,93.55647591838027,328946000
2024-05-22,94.90686798095703,95.97638165173369,93.20664422258311,95.41563946312446,548648000
2024-05-23,103.7518539428711,106.27170489938443,101.4738822009577,101.98165468043742,835065000
2024-05-24,106.42063903808594,106.4266330182304,102.95321303565972,104.40155233715765,429494000
2024-05-28,113.84925079345703,114.88678119811563,109.83307860304417,110.19391464603646,652728000
2024-05-29,114.77283477783203,115.4395315931238,110.85062138095752,112.99864721739439,557442000
2024-05-30,110.44979858398438,115.76638234537347,109.61318085591911,114.59791471662285,484553000
2024-05-31,109.58319854736328,112.66579716472957,106.89142114521177,112.46888043622216,613263000
2024-06-03,114.94775390625,114.94775390625,111.95211383768398,113.56938260132851,438392000
2024-06-04,116.38410949707031,116.547037473925,113.99319767795535,115.66344393803814,403324000
2024-06-05,122.3843765258789,122.39336749547275,117.41463524122511,118.31722487581986,528402000
2024-06-06,120.94303131103516,125.52994340194898,118.26624653202215,123.99164111050369,664696000
2024-06-07,120.83308410644531,121.63671972354634,117.96838874257641,119.71558814229236,412386000
2024-06-10,121.73467254638672,123.04407498199869,116.95684528802722,120.31531947295237,313434100
2024-06-11,120.8650131225586,122.82428289255223,118.69581478206955,121.7246861006453,222551200
2024-06-12,125.15339660644531,126.83277160339148,122.52437825697241,123.01419374000322,299595000
2024-06-13,129.561767578125,129.75169931207168,127.11268237111577,129.34184822861945,260704500
2024-06-14,131.8309326171875,132.7905668615139,128.27225972601377,129.9116488754234,309320400
2024-06-17,130.93125915527344,133.68023590303568,129.53178618492996,132.94052101290185,288504400
2024-06-18,135.529541015625,136.2792618770274,130.64136160940566,131.09119107562512,294335100
2024-06-20,130.7313232421875,140.70760447472028,129.4717976978072,139.74797032274762,517768400
2024-06-21,126.52288818359375,130.5813821684496,124.25373647196925,127.07268651484108,649445800
2024-06-24,118.06603240966797,124.41366700261213,117.99605877326907,123.19411994547033,476060900
2024-06-25,126.04306030273438,126.45291134412159,119.27558373905313,121.15488117789624,414192600
2024-06-26,126.35295867919922,128.0723121328984,122.55436989135586,126.08305489542055,362975900
2024-06-27,123.94384765625,126.3629527063705,122.8742462250665,124.0538073233716,252571700
2024-06-28,123.4940185546875,127.6624646242392,122.7043116824408,124.53363237537093,315516700
2024-07-01,124.25374603271484,124.79353836567705,118.78578041896601,123.42405307864779,284885500
2024-07-02,122.62434387207031,123.36407395616142,120.98495484371743,121.0849161012404,218374000
2024-07-03,128.2322540283203,128.2322540283203,121.31483142526585,121.61472281837746,215749000
2024-07-05,125.78317260742188,128.80205294716893,125.63322690650442,127.33259117942191,214176700
2024-07-08,128.15228271484375,130.72133351853034,126.99271841631584,127.44254788203128,237677300
2024-07-09,131.33111572265625,133.77021018974597,128.60212062869667,130.30150022676182,285366600
2024-07-10,134.85980224609375,135.0497339856147,132.37072330988062,133.98012482225403,248978600
2024-07-11,127.35257720947266,136.0993124183688,127.00270902136553,135.69946741856324,374782700
2024-07-12,129.19190979003906,131.87090512655513,127.17265724708656,128.21226350748265,252680500
2024-07-15,128.39218139648438,131.34107999581735,127.1326483868314,130.51138719274533,208326200
2024-07-16,126.31297302246094,128.9919682814133,124.53363670793642,128.3922007361648,214769500
2024-07-17,117.94608306884766,121.80464702237855,116.67655910688254,121.30483311779221,390086200
2024-07-18,121.044921875,122.35443942749386,116.51660933955519,121.80464110852073,320979500
2024-07-19,117.88611602783203,121.55474851190428,117.32632685631629,120.30521366365987,217223800
2024-07-22,123.4940185546875,124.02382006512462,119.81538796863644,120.3052034521371,258068900
2024-07-23,122.54436492919922,124.64358935199353,122.05454945627272,122.73429664640844,173911000
2024-07-24,114.20748138427734,119.90535705479644,113.39778526966548,119.12564855531016,327776900
2024-07-25,112.23821258544922,116.58659216144551,106.26044237682176,112.99793187881421,460067000
2024-07-26,113.0179214477539,116.15675226350169,111.53847651152583,116.14676147619508,293399100
2024-07-29,111.54845428466797,116.23671076015049,111.25856895549296,113.64767861053163,248152100
2024-07-30,103.69139862060547,111.94831904183755,102.5018390571419,111.4784927394089,486833300
2024-07-31,116.9764404296875,118.29594880516444,110.83872641972829,112.85797882293917,473174200
2024-08-01,109.16935729980469,120.11528690507727,106.77024891874801,117.4862607613273,523462300
2024-08-02,107.23007202148438,108.67953692460011,101.3322740328123,103.72138389300983,482027500
2024-08-05,100.41261291503906,103.37151801623692,90.65625074239716,92.02573599453234,552842400
2024-08-06,104.2112045288086,107.66991601333109,100.51258449303656,103.8013534449751,409012100
2024-08-07,98.8731918334961,108.75951041282163,98.65327249174283,107.76987337493198,411440400
2024-08-08,104.93093872070312,105.46074027148637,97.48370651422417,101.9620427269347,391910000
2024-08-09,104.71101379394531,106.5603237294343,103.39150538103131,105.60068194063821,290844200
2024-08-12,108.97941589355469,111.02865586823579,106.22044874545279,106.28042397102533,325559900
2024-08-13,116.09677124023438,116.18674170739067,111.53847094577725,112.3981514576694,312646700
2024-08-14,118.03606414794922,118.55586729976085,114.02755413739949,118.4858936518909,339246400
2024-08-15,122.81427001953125,123.1941258314807,117.42627687972316,118.71579763487502,318086700
2024-08-16,124.53363037109375,124.95347220733727,121.13489440174322,121.89461364819915,302589900
2024-08-19,129.9516143798828,129.9516143798828,123.37406160628171,124.23374212691918,318333600
2024-08-20,127.20264434814453,129.8316704836438,125.84314985736411,128.35221027833737,300087400
2024-08-21,128.45217895507812,129.30186873034427,126.61286736853016,127.27261778490315,257883600
2024-08-22,123.69395446777344,130.70134819678017,123.05419322056757,129.97162409913395,376189100
2024-08-23,129.32183837890625,129.5517637458536,125.1733892777955,125.81315043381734,323230300
2024-08-26,126.4129409790039,131.21115023425924,124.32372236742049,129.52179192714146,331964700
2024-08-27,128.25225830078125,129.15191727923408,123.83389733541988,125.00346773520825,303134600
2024-08-28,125.5632553100586,128.28224429229948,122.59435936439931,128.0723157316594,448101100
2024-08-29,117.54623413085938,124.38369252727087,116.66656437657561,121.31483536128766,453023300
2024-08-30,119.32557678222656,121.70468827145996,117.17637542296369,119.48551326917712,333751600
2024-09-03,107.95980834960938,116.16675212470322,107.25007348768284,115.96682960430755,477155100
2024-09-04,106.17047119140625,113.2278412494732,104.08125268189775,105.37077350121302,372470300
2024-09-05,107.17009735107422,109.60919166518133,104.72101224991617,104.95092237696757,306850700
2024-09-06,102.79173278808594,108.10975260064535,100.9124275647732,107.99979292793853,413638100
2024-09-09,106.43038177490234,106.51035383580418,103.6514174842849,104.840969477339,273912000
2024-09-10,108.05976104736328,109.3592802066297,104.910932028029,107.7698680771714,268283700
2024-09-11,116.86649322509766,117.14638779715078,107.38001963060195,109.34928767526075,441422400
2024-09-12,119.10585021972656,120.75537880467239,115.34692581517743,116.80650641923144,366052700
2024-09-13,119.06584930419922,119.92560332926655,117.56627939450601,119.04585839470772,238358300
2024-09-16,116.74651336669922,118.14611345715065,114.32720910628294,116.75651263492436,248772300
2024-09-17,115.5568618774414,118.76594842655497,114.7970852268969,118.13612413784692,231925900
2024-09-18,113.3375015258789,117.66625439302568,113.18754300284537,115.85677572945441,310318900
2024-09-19,117.83621215820312,119.62569992209964,117.21638715198857,117.31635695887289,293506400
2024-09-20,115.96674346923828,118.58599507614844,115.35691774254244,117.02643713264742,382462400
2024-09-23,116.22667694091797,116.9564634197924,114.82707671663402,116.51659472951452,206228500
2024-09-24,120.8353500366211,121.76508371624787,115.34691849533687,116.48659105394941,354966800
2024-09-25,123.47459411621094,124.90418446690079,121.57513728542474,121.98501577990396,284692900
2024-09-26,124.00444030761719,127.63339688941237,121.76508462125145,126.76365118817954,302582900
2024-09-27,121.36520385742188,123.99444725769884,119.22581786965418,123.93446689659378,271009200
2024-09-30,121.40518951416016,121.46516987339125,118.11613173565692,118.27608190267567,226553700
2024-10-01,116.9664535522461,122.40489622649267,115.7568014008595,121.73508253340503,302094500
2024-10-02,118.81592559814453,119.34577243311742,115.10699012612709,116.4066204825267,221845900
2024-10-03,122.81478118896484,124.3243504544059,120.30549859251518,120.88533415502995,277118000
2024-10-04,124.88418579101562,125.00415413490973,121.79507530101387,124.90418432860164,243678100
2024-10-07,127.68339538574219,130.6025566538886,124.91418502432315,124.95417447518639,346250200
2024-10-08,132.85189819335938,133.44172537204778,129.38289186465897,130.2226473652744,285722500
2024-10-09,132.61196899414062,134.48144332062452,131.34234403030248,134.0715571884807,246191600
2024-10-10,134.7713623046875,134.96131029321415,130.9624566548967,131.87219951867377,242311300
2024-10-11,134.76136779785156,135.74108264717918,133.62169514533127,133.97158567859756,170209500
2024-10-14,138.0304412841797,139.56000161928338,136.26094423310064,136.43089368651033,232347700
2024-10-15,131.56228637695312,138.53028982768672,128.70310551155586,137.8304782609884,377831000
2024-10-16,135.68109130859375,136.58082718354044,131.54227882589296,133.9415846620271,264879700
2024-10-17,136.8907470703125,140.84961880375567,136.83076670766295,139.30005999950754,306435900
2024-10-18,137.96043395996094,138.86016981880368,137.24063917112105,138.63024003343975,176090200
2024-10-21,143.66880798339844,143.66880798339844,137.96043821210023,138.090405825162,264554500
2024-10-22,143.54885864257812,144.37862268295584,141.7393796377136,142.86906078072698,226311600
2024-10-23,139.51998901367188,142.3891613712536,137.42060018656866,141.9892821435429,285930000
2024-10-24,140.3697509765625,141.30948393843238,138.42031305269128,140.77963709898057,172354900
2024-10-25,141.49942016601562,144.0886893234089,140.7596420534019,140.88959441527413,205122100
2024-10-28,140.479736328125,143.09898064959424,140.00986979275078,142.95902137870084,173586700
2024-10-29,141.20950317382812,142.2192081120129,138.86017082456863,140.2497716969522,157593600
2024-10-30,139.300048828125,140.28977049571748,136.77077537646986,139.49998843906093,179418100
2024-10-31,132.72195434570312,137.5705707608992,132.07214669412372,137.5605791178224,270039600
2024-11-01,135.36119079589844,137.2706470867555,134.53144208222884,134.6613944536623,207127800
2024-11-04,136.01100158691406,138.9201710380497,135.53114345978716,137.17067271068436,187528200
2024-11-05,139.86988830566406,140.32974787080795,137.29062621937655,137.41058693125512,160537400
2024-11-06,145.56825256347656,146.44800513885863,141.91930516184587,142.91901845044762,242043900
2024-11-07,148.8373260498047,148.8872995129736,146.12809620267714,146.34803435651398,207323300
2024-11-08,147.58767700195312,149.72706281958904,146.21805942983792,148.7273495355645,175665800
2024-11-11,145.21835327148438,148.80733573059373,143.52885055228916,148.6373710400852,182325600
2024-11-12,148.24746704101562,149.60707763368606,145.96812211424654,146.73790556674717,198634700
2024-11-13,146.22808837890625,149.2872090486766,145.85818403502842,149.02728904721945,191903300
2024-11-14,146.71792602539062,148.95728942511607,145.50828141212895,147.59767865642831,194463300
2024-11-15,141.9392852783203,145.19836028928967,140.03983617411208,144.8284560077565,250132900
2024-11-18,140.10980224609375,141.50940991238423,137.1106625740026,139.45999475223928,221205300
2024-11-19,146.9678497314453,147.08782570288798,140.94958652618317,141.2794937524248,227834900
2024-11-20,145.84817504882812,147.5176944558783,142.68907730947365,147.36774356025674,309871700
2024-11-21,146.62796020507812,152.84617867409492,140.65967008206871,149.30720000657334,400946600
2024-11-22,141.90931701660156,147.1178306503594,141.05956976166155,145.88817215972634,236406200
2024-11-25,135.9810028076172,142.0092725854583,135.78106320516017,141.9492922301626,344941900
2024-11-26,136.88075256347656,139.26007526155422,135.63111085304342,137.66052777043362,190287700
2024-11-27,135.3011932373047,137.18065910710888,131.76221489663718,134.97128602051475,226370900
2024-11-29,138.2103729248047,139.31006372977,136.0110065692894,136.74079305563075,141863200
2024-12-02,138.59027099609375,140.40974141861778,137.7805055975671,138.79021062156448,171682800
2024-12-03,140.2198028564453,140.4997214017946,137.91046723010535,138.22037595856943,164414000
2024-12-04,145.098388671875,145.7481962192296,140.24977303436475,141.95928950014692,231224300
2024-12-05,145.02841186523438,146.50808533514203,143.91865294893697,145.0784040292141,172621200
2024-12-06,142.40899658203125,145.66828146425675,141.27923767487087,144.56853006182772,188505600
2024-12-09,138.77975463867188,139.91950565348523,137.1001279875636,138.93972344033872,189308600
2024-12-10,135.04058837890625,141.78911819403848,133.76085313448985,138.97971741196267,210020900
2024-12-11,139.27964782714844,140.1394610798945,135.18055019628483,137.33007570041752,184905200
2024-12-12,137.31008911132812,138.4098556769623,135.77043117490655,137.05015122102654,159211400
2024-12-13,134.22076416015625,139.56960518418134,132.51112983721956,138.90974525213795,231514900
2024-12-16,131.9712371826172,134.37070812011547,130.39157963416955,134.1507548377073,237951100
2024-12-17,130.36160278320312,131.5613383936032,126.8323727744144,129.06188284882555,259410300
2024-12-18,128.88192749023438,136.67022414162827,128.2520598203989,133.83084634553458,277444500
2024-12-19,130.65151977539062,134.0007959707685,129.52177635647746,131.7312862928068,209719200
2024-12-20,134.670654296875,135.25052978203578,128.19207015255643,129.7817201303188,306528600
2024-12-23,139.6395721435547,139.75954112073697,135.09056027465786,136.25031123897003,176053500
2024-12-24,140.18946838378906,141.8690952419841,138.61980292789985,139.9695150682445,105157000
2024-12-26,139.89952087402344,140.81933395538283,137.70000300728188,139.6695752314167,116205600
2024-12-27,136.9801483154297,138.98972022149263,134.68066155069724,138.5198213856297,170582600
2024-12-30,137.46005249023438,140.23944563051566,133.99080722961983,134.80062832550155,167734700
2024-12-31,134.26075744628906,138.0399485497518,133.80086613446198,137.99994871496077,155659200
