Price,Close,High,Low,Open,Volume
Ticker,PEP,PEP,PEP,PEP,PEP
Date,,,,,
2010-01-04,38.33394241333008,38.50921113944351,37.95836350155619,38.302642379789276,6585900
2010-01-05,38.797157287597656,38.872272122529274,38.12111899749797,38.18371429529807,8886000
2010-01-06,38.40904998779297,39.1038685749082,38.327674214096156,38.803406934939396,9998000
2010-01-07,38.16493225097656,38.42157676608411,37.889507238178105,38.4027962683932,10792000
2010-01-08,38.039737701416016,38.07103534579198,37.72675648194199,38.0334767398265,8674700
2010-01-11,37.99591064453125,38.06476687697324,37.620331846081285,37.98339111246393,6461200
2010-01-12,38.52799987792969,38.60937568944162,37.87073958582985,37.883259125128454,9081800
2010-01-13,38.840965270996094,39.022494934606904,38.44034972913567,38.44034972913567,7380100
2010-01-14,39.31045150756836,39.38556635231556,38.659449818804994,38.822201434924764,7211600
2010-01-15,38.991207122802734,39.379303228336894,38.697003965392966,39.19151494423053,8361200
2010-01-19,39.016239166259766,39.06631491866368,38.79089231079925,38.95364149093343,5615800
2010-01-20,38.77838134765625,38.90357433812556,38.45913910256663,38.86601572462746,5606000
2010-01-21,38.14615249633789,38.909827482544124,38.020961911198874,38.81593215583251,7121500
2010-01-22,37.80186080932617,38.33393016740317,37.75178506980093,38.027207606831105,7229000
2010-01-25,37.70170974731445,37.9959127979289,37.60781683327307,37.9959127979289,4903800
2010-01-26,37.7142333984375,37.88950210073924,37.44506938398441,37.620338086286154,5001700
2010-01-27,37.73927307128906,37.80186835515472,37.30735749390217,37.589041047011655,6145900
2010-01-28,37.39500045776367,37.87073090274419,37.24476840848396,37.74553792632066,9285900
2010-01-29,37.31986999511719,37.78308312714192,37.00688885905784,37.4575824590974,8127200
2010-02-01,37.99591064453125,38.02720828077127,37.25727496755523,37.51391940529391,7303200
2010-02-02,38.27761459350586,38.358988013626565,37.77058401928874,37.98341140240802,6296700
2010-02-03,38.365238189697266,38.434094439560376,37.90828589898239,38.133630369638226,4863000
2010-02-04,37.33238220214844,38.1398739478299,37.31986267261972,38.07727868804241,6920300
2010-02-05,37.25101852416992,37.42628960650698,36.90048113520956,37.25101852416992,7347800
2010-02-08,36.9067497253418,37.34492396832882,36.77529816880294,37.307365357378785,7047700
2010-02-09,37.58903884887695,37.85820285190172,37.1133085108895,37.1133085108895,7940200
2010-02-10,37.795623779296875,37.97715112487767,37.251034578980786,37.53271823641016,10917200
2010-02-11,38.3026237487793,38.621865787895516,37.87071071757892,38.10231604840902,14391100
2010-02-12,38.13362121582031,38.3214118114076,37.86445963038221,38.22125794142747,8566800
2010-02-16,38.377750396728516,38.4653847387816,37.8707200618913,38.20247932476562,6930800
2010-02-17,38.87851333618164,38.934850030727794,38.340185452264265,38.48415647435858,6703500
2010-02-18,39.141422271728516,39.2603566382234,38.79088490822368,38.79088490822368,6942900
2010-02-19,39.22281265258789,39.38556186229612,38.79715793444933,39.00998529351861,6416500
2010-02-22,39.06631088256836,39.35425299574961,38.87226169089043,39.2415795796601,4709500
2010-02-23,38.671966552734375,39.110140826385454,38.621890789154136,38.94739160992758,5159400
2010-02-24,38.8597412109375,38.909816953871555,38.54676005706535,38.797143547449046,6888100
2010-02-25,38.99746322631836,39.02250229937454,38.19623199138011,38.50295227881728,8074100
2010-02-26,39.1038703918457,39.178985208363855,38.75333060166606,39.122648499011,14785800
2010-03-01,39.704803466796875,39.79869880143486,39.10388001111495,39.21655345753751,9016500
2010-03-02,39.9364013671875,40.06159432703089,39.698534982270765,39.81746936865768,9527200
2010-03-03,40.33356475830078,40.51638152806846,40.220090953717076,40.23269942142852,8486300
2010-03-04,40.415523529052734,40.66138266738672,40.32096121208445,40.61725422742009,7830600
2010-03-05,40.57941818237305,40.6487635385531,40.28942829245478,40.53528975658917,8448600
2010-03-08,40.44073486328125,40.63616009753159,40.220090289205366,40.51638085866148,5086300
2010-03-09,40.573116302490234,40.75593545665331,40.22008646046695,40.27052032567845,7655400
2010-03-10,40.61724090576172,40.71810381704473,40.35247035280147,40.53528948974193,6450000
2010-03-11,40.957672119140625,40.97658361896101,40.2831347042602,40.472254512102886,7536900
2010-03-12,41.039615631103516,41.13417792158646,40.77484506546157,40.92614184445155,6896400
2010-03-15,41.70154571533203,41.7708910724821,41.228739085474835,41.41155822617615,10468000
2010-03-16,41.651126861572266,41.79612306321413,41.49983003220125,41.764600686010404,7474500
2010-03-17,41.96630859375,41.97261402769275,41.61958187145189,41.70153808379701,6922300
2010-03-18,41.9348030090332,42.06719312660716,41.707860202314926,41.966325381720104,6961900
2010-03-19,41.96002960205078,42.224805088496055,41.77090975132119,41.96002960205078,10947400
2010-03-22,41.80241012573242,41.96001234132893,41.701547208762385,41.8780609206884,6763000
2010-03-23,42.149139404296875,42.23739626545363,41.758284155146804,41.8528464519971,6412800
2010-03-24,41.77089309692383,42.2373943142935,41.76458766152156,41.997840675025394,7661200
2010-03-25,41.95370101928711,42.237383011179155,41.82761639317321,41.84022726060295,6246600
2010-03-26,41.97892379760742,42.11761451674209,41.82132158216128,42.010446164551816,5313400
2010-03-29,41.95370101928711,42.15543161143265,41.79609884387226,41.991524002302924,6825600
2010-03-30,42.0923957824707,42.23739193071225,41.833930661219746,41.934793573774016,5733800
2010-03-31,41.70783996582031,42.05456184895405,41.644795251035575,42.03565035837322,8123900
2010-04-01,42.03566360473633,42.03566360473633,41.764587598503915,41.808716026977194,5074100
2010-04-05,41.59436798095703,42.03565214539127,41.499805714396366,42.03565214539127,6732600
2010-04-06,41.85285186767578,42.00414867643085,41.47460744096869,41.47460744096869,6734700
2010-04-07,41.600677490234375,41.93479340175879,41.44938071720473,41.85284198504225,8204200
2010-04-08,41.588069915771484,41.72676062334851,41.36742779446145,41.44937920819446,6646300
2010-04-09,41.83392333984375,41.87805175817037,41.51871897761445,41.56284739594107,4757700
2010-04-12,41.808712005615234,42.02935412675921,41.7708890161727,41.82762350033651,5074000
2010-04-13,41.85285186767578,41.922197240363275,41.6195988132143,41.70786049543017,5190800
2010-04-14,41.78981018066406,41.79611561690935,41.49982263868337,41.7330708737338,5202300
2010-04-15,41.777191162109375,41.922187309646475,41.48090305129475,41.58807139837479,5968500
2010-04-16,41.695247650146484,42.01675756197695,41.581773846538,41.61329621795537,7374400
2010-04-19,41.68263244628906,41.852840709555515,41.417857089509226,41.65741551661301,6354600
2010-04-20,41.5439453125,41.859149746115875,41.430471524012766,41.71415359041187,6780900
2010-04-21,41.59436798095703,41.8023991958265,41.36111503139227,41.49350028072254,6534300
2010-04-22,40.82528305053711,41.47460346930494,40.66137538445915,41.44938653532076,9689700
2010-04-23,40.793758392333984,40.882015251508676,40.453337017101,40.882015251508676,9008900
2010-04-26,40.98918151855469,41.25395689222172,40.73071638975607,40.875707732593916,8096900
2010-04-27,40.49116134643555,41.1026538726374,40.39029362481193,40.93244560444465,8615300
2010-04-28,40.8189811706543,40.863109606561345,40.094009886776696,40.52268818257607,10229300
2010-04-29,41.102657318115234,41.29178190719426,40.86940910917427,40.94505509709541,7714000
2010-04-30,41.115272521972656,41.59438467106102,41.09005558679552,41.18461789130013,8274200
2010-05-03,41.41154861450195,41.60697377040041,40.90721973585457,41.15307874154509,5807900
2010-05-04,41.247657775878906,41.594384622108194,41.00810410643595,41.16570634387861,8383100
2010-05-05,41.102657318115234,41.575463981174714,40.98918352659544,41.03961739163493,7658800
2010-05-06,40.787445068359375,41.73305821346481,39.0286064461254,41.07743733200576,14046200
2010-05-07,40.705509185791016,41.00180218713972,40.131837088486186,40.63616381059711,13221500
2010-05-10,41.86543655395508,41.91586558557096,41.39263011390091,41.48088693127349,10833800
2010-05-11,41.95370101928711,42.237383011179155,41.6195803673128,41.70784201041088,7240800
2010-05-12,42.1995735168457,42.62194632765204,42.117617281265986,42.388693302011795,13170400
2010-05-13,41.90959167480469,42.28783610600474,41.89698080163598,42.25000829613751,7800500
2010-05-14,41.651126861572266,41.985242897518035,41.46200221762888,41.86546844535074,9731800
2010-05-17,42.079795837402344,42.21218113479037,41.65111757506275,41.67633450927548,6943800
2010-05-18,41.94109344482422,42.426510876610614,41.85914203864337,42.18695247300384,7237500
2010-05-19,41.632198333740234,41.84653502022686,41.291776999640135,41.79610597081899,7867800
2010-05-20,40.25791549682617,41.1215774804651,40.25791549682617,41.1215774804651,11587400
2010-05-21,40.08140182495117,40.119224822517324,39.17361140625503,39.84814878413659,14586400
2010-05-24,39.91748809814453,40.352471742731886,39.46359295764257,39.77249435155505,6334000
2010-05-25,39.64643478393555,39.665346290670065,38.86472871118513,39.041242520228074,9156900
2010-05-26,38.599937438964844,39.753586903606376,38.480160611277675,39.753586903606376,15152900
2010-05-27,39.65271759033203,39.671629086272524,38.78275270478562,39.066437167987594,9428400
2010-05-28,39.64643478393555,40.00576784081313,39.54556940665097,39.665346290670065,7546700
2010-06-01,39.5644645690918,40.087705150915994,39.02231489316482,39.50142463613868,7180000
2010-06-02,40.31407165527344,40.31407165527344,39.278587460186685,39.76774126243586,10023900
2010-06-03,40.25691223144531,40.434788829851364,40.02186386821867,40.33949770844263,6448400
2010-06-04,39.03084182739258,39.67881509270341,38.93555313809471,39.67881509270341,10309800
2010-06-07,39.2150764465332,39.74234982247584,38.935559519419726,38.98637967737033,7694100
2010-06-08,39.79951095581055,39.894799629459726,39.00542655863438,39.03083541759554,7538300
2010-06-09,39.6978645324707,40.066318398113545,39.59622183608443,39.93291281348526,7056300
2010-06-10,40.55546951293945,40.59358642803065,40.04090206429556,40.04090206429556,6567800
2010-06-11,40.37759780883789,40.37759780883789,39.983730266343095,40.33948089149401,5466100
2010-06-14,40.56182861328125,40.80323336343325,40.17431747669119,40.59359392673484,4941800
2010-06-15,40.8095703125,40.84133561642914,40.55546484453403,40.58087611833636,6249100
2010-06-16,40.599945068359375,40.688884552311826,40.37760241686113,40.523713648324716,5960000
2010-06-17,40.9683952331543,41.012863759418124,40.49829869169307,40.63170427048453,5179300
2010-06-18,40.707942962646484,41.08274846490511,40.67617764865224,41.04463396547716,8947600
2010-06-21,40.669822692871094,41.15898137571728,40.49195099399159,41.00016450276577,5158800
2010-06-22,40.212425231933594,40.81592973604766,40.13619382380582,40.67617013501943,5978900
2010-06-23,39.85032653808594,40.161608652442794,39.58351537436833,40.161608652442794,6509700
2010-06-24,39.64069366455078,40.015501593058204,39.54540256853831,39.621633991336346,6185400
2010-06-25,38.605220794677734,39.697882081368185,38.605220794677734,39.697882081368185,22934200
2010-06-28,39.361175537109375,39.49458113666872,38.75131929053526,38.8275507155187,8532400
2010-06-29,38.89744186401367,39.24048701141319,38.681450744171826,39.04355314753109,9054500
2010-06-30,38.71955108642578,39.21505891586454,38.43368025276766,38.929188082206416,8760700
2010-07-01,39.081661224365234,39.170598296490496,38.31933965516471,38.83390725962959,10852500
2010-07-02,39.08800506591797,39.48187262613374,38.99271640330033,39.0943590974376,5987800
2010-07-06,39.157894134521484,39.31671103313545,38.71956036675424,39.2214223479792,6950100
2010-07-07,39.97738265991211,40.07267375113333,38.922838741374555,39.13247574936687,7296200
2010-07-08,40.65711975097656,40.65711975097656,39.964678083283616,40.15525784744568,6660800
2010-07-09,40.33948516845703,40.72699872080391,40.21243118719284,40.676176158956984,5020500
2010-07-12,40.49196243286133,40.49831404329831,40.05362618874034,40.180680207664594,4205300
2010-07-13,40.295021057128906,40.82229428902065,40.24419848970895,40.815940256416454,7312300
2010-07-14,40.37759780883789,40.46653485928741,40.05996410103085,40.16795839847587,5687500
2010-07-15,40.12350082397461,40.47289751325102,40.0155064970552,40.39031447149625,8124100
2010-07-16,39.67246627807617,40.35855409810637,39.539060649647226,40.053625908831414,9510200
2010-07-19,39.41834259033203,39.716919050659925,39.38657970427335,39.63433360822506,5969400
2010-07-20,41.12087631225586,41.20981339377863,39.202365332647695,39.24048226330905,11243100
2010-07-21,40.62535858154297,41.27968577812967,40.44748202721826,41.15262936550253,8690200
2010-07-22,40.79051971435547,41.203444499182886,40.65711414018766,40.949336566465576,7032800
2010-07-23,40.942989349365234,41.13357154229786,40.688886221063726,40.688886221063726,5187700
2010-07-26,41.27970504760742,41.311465530560156,40.777842888549394,40.885837254664594,4029100
2010-07-27,41.7307243347168,41.794250116454464,41.108160041592114,41.48297039324536,6032200
2010-07-28,41.41944122314453,41.730725804020175,41.29238965519581,41.61637745418367,4321400
2010-07-29,41.2225227355957,41.66720820924612,41.10817434998443,41.50204208858063,5579600
2010-07-30,41.235198974609375,41.406718997274524,40.854034752323415,40.942971778402296,5337400
2010-08-02,41.46390914916992,41.59096556196396,41.21615520260476,41.59096556196396,6479700
2010-08-03,41.78153991699219,41.87683100808243,41.29238609123142,41.36226590158385,5577200
2010-08-04,42.0356559753418,42.15000433733672,41.52744480280329,41.749787493708084,6663800
2010-08-05,41.66085433959961,41.84508254275306,41.33051244197701,41.72438013630931,5143100
2010-08-06,41.8641242980957,41.908592824000046,41.374965666442094,41.374965666442094,5500700
2010-08-09,42.19447326660156,42.30882162965633,41.883193496449714,41.927662035042836,5492700
2010-08-10,42.264347076416016,42.454929269954576,41.9276560683102,41.959421382802134,7411000
2010-08-11,41.57826232910156,41.97212998447421,41.57826232910156,41.91495822710294,5544600
2010-08-12,41.40673065185547,41.51472495010447,41.15262271437693,41.23521058091328,4924700
2010-08-13,41.648136138916016,41.7434272341493,41.203450823435944,41.33685641807997,4516700
2010-08-16,41.5655517578125,41.610020287916065,41.16533498688039,41.48296872953624,3564500
2010-08-17,41.64179611206055,41.92766461392705,41.43215662578111,41.72437916118237,4357200
2010-08-18,41.622718811035156,41.82600418954097,41.45119874189508,41.71166070791807,3857900
2010-08-19,41.076393127441406,41.6227186420088,40.82228519366461,41.610015426337526,4549600
2010-08-20,41.165348052978516,41.47027382855766,40.84771420950401,40.84771420950401,5655000
2010-08-23,41.17803192138672,41.546488169860595,41.15262064424657,41.38131729180239,3263900
2010-08-24,41.152618408203125,41.444840809378526,40.79051621036563,40.974744324592464,5442800
2010-08-25,41.019229888916016,41.19710404643308,40.78417912550715,40.89217830403447,5322700
2010-08-26,40.73971939086914,41.178055692846876,40.56184519490958,41.178055692846876,4604900
2010-08-27,40.73334503173828,40.9556876392909,40.26324611717359,40.78416273724649,5227700
2010-08-30,40.403011322021484,40.93028450098306,40.403011322021484,40.7142910344841,3697900
2010-08-31,40.77146911621094,40.87310939784901,40.136201604176925,40.333135405314636,6624800
2010-09-01,41.53313446044922,41.63554552032069,41.29631254691753,41.29631254691753,6382100
2010-09-02,41.58433532714844,41.80195148012984,41.29630791598019,41.58433532714844,4158600
2010-09-03,41.96836471557617,42.05797193644043,41.67394029227541,41.67394029227541,5862600
2010-09-07,41.91077423095703,42.250002362341085,41.667550375829826,41.667550375829826,5284700
2010-09-08,41.87876892089844,42.05158149879326,41.76996082062286,41.885170833628955,4318900
2010-09-09,42.307613372802734,42.37801977826352,41.87237599505865,42.17960439009022,5835800
2010-09-10,42.506011962890625,42.56361451076065,42.15398011514985,42.339596463665245,4234800
2010-09-13,42.40361022949219,42.57642279425988,42.14758745523451,42.5316191750069,4469200
2010-09-14,42.23078918457031,42.474008085499996,42.198784513004206,42.35239619342152,4145400
2010-09-15,42.56361770629883,42.58922046835007,42.089978816419666,42.13478242920246,4745000
2010-09-16,42.634033203125,42.66603788334368,42.35240764353215,42.49962233601803,4174900
2010-09-17,42.320404052734375,42.81964576672825,42.30760022850326,42.7300385300231,7908400
2010-09-20,42.81324005126953,42.87084748873562,42.275596678800554,42.4100075219178,5057100
2010-09-21,42.53801727294922,42.82604469937284,42.19878920284773,42.82604469937284,7455500
2010-09-22,42.6660270690918,42.819638752103685,42.44200413079974,42.646821335891374,5225800
2010-09-23,42.10918045043945,42.365203192486725,42.02597513464583,42.365203192486725,5877800
2010-09-24,42.32680130004883,42.50602065761215,42.134787884644695,42.30760044683124,6366300
2010-09-27,42.48042297363281,42.730043861776856,42.282002739117445,42.288404652031815,5230300
2010-09-28,42.74284744262695,42.82605766985706,42.121993669737556,42.46762375618823,5305300
2010-09-29,42.723628997802734,42.8836425895548,42.39080287557844,42.58921816671827,5553200
2010-09-30,42.525211334228516,43.08205547719454,42.403599448648805,42.85163552726825,7002300
2010-10-01,42.883628845214844,42.883628845214844,42.422789067353136,42.73001721366952,5397000
2010-10-04,42.80044937133789,42.87725279181112,42.57642637301454,42.87725279181112,4890200
2010-10-05,43.370086669921875,43.40848837054407,42.82604141712189,42.902844818366276,7246100
2010-10-06,43.594112396240234,43.594112396240234,43.13967428711732,43.23568343878629,7204100
2010-10-07,42.307613372802734,42.69164520416995,41.71876423915769,42.627640712813694,20029500
2010-10-08,42.083580017089844,42.33960277330708,41.776351732983585,42.32679894972086,8810500
2010-10-11,41.93635940551758,42.08997596742703,41.79555154860808,42.0771721456543,5283100
2010-10-12,42.294795989990234,42.544416815721654,41.60353606493668,41.7891524272137,7807800
2010-10-13,42.49961471557617,42.75563746173335,42.37160090088373,42.44200727815764,5990500
2010-10-14,42.653228759765625,42.781237698282425,42.531616849915075,42.531616849915075,6162300
2010-10-15,42.67882537841797,42.88364258048823,42.53801263638955,42.81323620947401,6272100
2010-10-18,42.56361770629883,42.89644384650991,42.55081876688698,42.76843491948124,4820100
2010-10-19,41.86595916748047,42.384401650514434,41.57152985665188,42.28199060618669,8357700
2010-10-20,41.58433532714844,42.128380592829494,41.520330863520236,42.051572306539114,11569400
2010-10-21,41.71874237060547,41.90435871650113,41.488322415923065,41.61633133153457,8670700
2010-10-22,41.609928131103516,41.92355334608381,41.50751710722548,41.757137873895196,5043200
2010-10-25,41.63554382324219,41.81475828748431,41.52673085575697,41.7187491435752,6580800
2010-10-26,41.46914291381836,41.597151895324565,41.31553115936499,41.47554482786256,6900800
2010-10-27,41.13630676269531,41.28992338175879,40.8226813777582,41.283521468490555,7961700
2010-10-28,41.609928131103516,41.68033448921307,41.187489982446216,41.200293802044165,6436100
2010-10-29,41.79555892944336,41.79555892944336,41.5139333994366,41.64834425242308,5549400
2010-11-01,41.95556640625,42.1731825506915,41.69314176747687,41.91715982299822,5916600
2010-11-02,42.11558151245117,42.30759490269318,42.02597428702605,42.09637577852218,4670800
2010-11-03,41.73154830932617,42.0835802111517,41.33471767442606,42.064379358911744,7577100
2010-11-04,41.827545166015625,42.13477336128375,41.2835000183876,42.077165938259384,9981300
2010-11-05,41.65475845336914,41.82757106298381,41.44994115745607,41.76996848752209,6940900
2010-11-08,41.6739387512207,41.801947666799656,41.4435187965969,41.60353238268415,5521500
2010-11-09,41.79555892944336,41.872362340733865,41.47553169379135,41.81475978226599,6301300
2010-11-10,41.76355743408203,41.85316467623252,41.360324844404865,41.629146570856314,7065800
2010-11-11,41.53953170776367,41.744348921278295,41.41151789729981,41.59073723194922,4743500
2010-11-12,41.37312698364258,41.53954253902398,41.20031439849066,41.36672507064323,4914000
2010-11-15,41.23230743408203,41.58433934287358,41.19390572884224,41.513932961115266,5533000
2010-11-16,40.98908233642578,41.603533944074066,40.85467150505528,41.14269401753103,8021500
2010-11-17,40.92508316040039,41.11709901883725,40.78427283307421,41.04029560539944,5016700
2010-11-18,41.456329345703125,41.59714212221423,40.71386863759247,40.96348951114272,6984000
2010-11-19,41.41792297363281,41.41792297363281,41.1362974523191,41.23230659669677,5511800
2010-11-22,41.41151428222656,41.50752341088632,41.07228625975891,41.449920863626744,4630100
2010-11-23,40.8930778503418,41.11709592807641,40.70106200633871,41.03389060869722,7198400
2010-11-24,41.17469787597656,41.22590339640936,40.8994743076843,41.09148768446647,5270200
2010-11-26,40.89948272705078,41.181103380949786,40.88027943212859,41.17470635199923,2386800
2010-11-29,40.969886779785156,41.053092100461164,40.59865402619447,40.80987072540568,5782100
2010-11-30,41.3667106628418,41.5139253111799,40.81626597572059,40.99548285306601,11252100
2010-12-01,42.321083068847656,42.37912155026482,41.65044514442785,41.779416814373675,9970600
2010-12-02,42.04380798339844,42.275952112907255,41.760080096039836,42.237263064578144,8829800
2010-12-03,42.02445983886719,42.321087329959376,41.93418212069855,41.96642627137306,5679100
2010-12-06,41.7407341003418,42.024461977697825,41.70848994802623,42.018017083048235,4502700
2010-12-07,41.708492279052734,41.959980937915425,41.663353415148336,41.90194736422428,5630100
2010-12-08,41.67625045776367,41.837461397841345,41.57307801439304,41.785877636039764,5431600
2010-12-09,41.73427963256836,41.779418488917045,41.45054686708153,41.779418488917045,6173400
2010-12-10,41.850345611572266,41.9148289798959,41.650440774073665,41.81165165476557,5426900
2010-12-13,42.25661087036133,42.379132759274576,41.78587767991009,41.95353351553431,9261700
2010-12-14,42.2952995300293,42.47585991403849,42.12764369595761,42.32754368568708,5751600
2010-12-15,42.06959915161133,42.22436517279791,41.97932143246917,42.153431976362405,4526400
2010-12-16,42.39847183227539,42.42426616976971,42.03736094688862,42.069600178931395,4830000
2010-12-17,42.54032516479492,42.559669682033395,42.21145361244492,42.38556410712182,7334800
2010-12-20,42.759586334228516,42.78538067390449,42.39847541829931,42.44361428279046,5549500
2010-12-21,42.17277908325195,42.888555985858105,41.99222363390392,42.79827826118409,7830800
2010-12-22,42.35333251953125,42.37912685675024,42.05025520691655,42.21146612471018,3977600
2010-12-23,42.35977554321289,42.508086808738305,42.24370350421796,42.33398121012891,3297400
2010-12-27,42.18566131591797,42.372666524511054,42.17921642303809,42.32752767552414,2358500
2010-12-28,42.095394134521484,42.25660505257328,42.030910751254126,42.04380546000088,3071200
2010-12-29,42.12764358520508,42.41137149122448,42.12764358520508,42.19857679165178,3248600
2010-12-30,41.992210388183594,42.31463213739327,41.972860950628025,42.114727307442756,3507400
2010-12-31,42.12764358520508,42.26950999809848,41.93418849130182,41.94708812143798,2977400
2011-01-03,42.39847183227539,42.61771632132683,42.301744296613414,42.501649182252656,6787300
2011-01-04,42.1792106628418,42.682187745654296,41.992205479787046,42.62414927930253,7897100
2011-01-05,42.940147399902344,43.12715269714945,42.275959055750704,42.372686612225806,10381900
2011-01-06,43.101348876953125,43.17228207478684,42.80472137681522,43.01752097031637,7648900
2011-01-07,42.8111686706543,43.088451631379606,42.720890955047594,43.088451631379606,4899100
2011-01-10,42.59191131591797,42.76601688057735,42.456489863692305,42.64349505226128,5220500
2011-01-11,42.772491455078125,43.04332467679456,42.566141630946376,42.77893635099908,4686400
2011-01-12,43.03041458129883,43.24965903865785,42.914342539236365,43.01751495453293,5265100
2011-01-13,43.1464958190918,43.50115691448425,42.97883507376478,43.01107430801836,7943000
2011-01-14,43.06266403198242,43.30770780104791,42.92724743738863,43.30125798613374,5986100
2011-01-18,42.92724609375,43.301256630788444,42.817623842476806,42.856312891216255,6066000
2011-01-19,42.49519729614258,43.004624367343546,42.359780720724586,42.991724739341876,7872400
2011-01-20,42.49519729614258,42.77248026097939,42.43715880966824,42.52099163237933,7131000
2011-01-21,42.475860595703125,42.766038322210335,42.34688889076964,42.682210403829195,5564400
2011-01-24,42.675750732421875,42.675750732421875,42.301740254145976,42.424262115593756,4713700
2011-01-25,42.411354064941406,42.72088110405244,42.39845935987091,42.566120044379616,4986100
2011-01-26,42.46940231323242,42.58547436464709,42.25015291844182,42.48874683517378,6797600
2011-01-27,42.27595520019531,42.52744387223416,42.20502199323385,42.385582378078674,6819700
2011-01-28,41.527931213378906,42.45650270536583,41.347375782152746,42.20501408047702,10455700
2011-01-31,41.469886779785156,41.708480662407936,41.328020412807604,41.4956811119416,8666100
2011-02-01,41.94708251953125,42.005116088091576,41.4634497691282,41.61176105751575,7138100
2011-02-02,41.68914794921875,41.824564541564484,41.29579288202853,41.553731356873016,8221000
2011-02-03,41.386070251464844,41.70849211228344,41.276447999530646,41.59886986034923,6693300
2011-02-04,41.16682052612305,41.45055085905186,41.05074846722412,41.36672295197862,8423900
2011-02-07,41.06364059448242,41.2570931822688,40.792805003675014,41.23774866145509,8157900
2011-02-08,41.379615783691406,41.444099164650716,40.95401907366337,41.02495226864859,6064800
2011-02-09,41.54084014892578,41.760089618911046,41.25066238075185,41.515045804235264,6132000
2011-02-10,40.857295989990234,41.39251742554835,40.586460365041326,40.93467654288274,15759300
2011-02-11,41.1861686706543,41.28289375498579,40.34142495202785,40.380114001806994,9016500
2011-02-14,40.84440231323242,41.48279869385543,40.73477759903574,41.24420474055592,9108700
2011-02-15,41.495697021484375,41.56018041671567,40.6638503995118,40.81216417645085,9487900
2011-02-16,41.244197845458984,41.57951928699837,41.16681729888702,41.32802574596061,8043300
2011-02-17,41.721378326416016,41.727828139853834,40.767012567797316,40.805701608891916,10851000
2011-02-18,40.88954162597656,41.59887121887268,40.75412503038242,41.59887121887268,14023700
2011-02-22,40.721866607666016,40.966905358118375,40.34785620979243,40.405892221190655,9637500
2011-02-23,40.58000564575195,41.121674337459325,40.5606611260105,40.754113703073926,9527000
2011-02-24,40.64449691772461,40.75412162395953,40.43814713410018,40.52842485695044,9120900
2011-02-25,41.012054443359375,41.199059688981684,40.55421605018746,40.61870188999684,6523300
2011-02-28,40.89599609375,41.244212365740395,40.86375439298439,41.12814027507693,8022500
2011-03-01,40.76057434082031,41.23775981565585,40.747677170161644,41.070099056976964,8086400
2011-03-02,40.897010803222656,40.929501673774816,40.637101189743284,40.90350996881525,7061400
2011-03-03,41.423336029052734,41.57278463022268,40.93600266400506,41.059459557483095,8445800
2011-03-04,41.19593048095703,41.50132448723548,40.95551081125506,41.442844361998056,7662000
2011-03-07,41.24140930175781,41.319381965543094,41.065968949211204,41.215417587593954,7018900
2011-03-08,41.4493293762207,41.52080533584775,41.13743630769833,41.13743630769833,7520000
2011-03-09,42.00813674926758,42.125096954314245,41.29987883146527,41.39084732901142,7746100
2011-03-10,41.86519241333008,42.144597122762136,41.66376284051123,41.806709821517124,8663100
2011-03-11,42.00813674926758,42.16408203685936,41.800208046674754,41.98214504176706,6875600
2011-03-14,41.676761627197266,41.86519784707744,41.319384213473555,41.75473677393098,5896600
2011-03-15,40.9425048828125,41.351865658793834,40.74107531775176,41.22190958148322,8730100
2011-03-16,40.48766326904297,40.8840257199068,40.318719621010196,40.864533175405356,8406300
2011-03-17,40.98799514770508,41.10495290078341,40.65011030907261,40.87753160492801,6753400
2011-03-18,41.09196472167969,41.33238190467361,40.871040086880626,41.25440923318763,8427000
2011-03-21,41.6507568359375,41.780715373028336,41.26089113948759,41.48831238263243,6524500
2011-03-22,41.54678726196289,41.618265687729846,41.47531379360662,41.598768191558854,5038200
2011-03-23,41.71574020385742,41.81970704992443,41.423342124765085,41.55329820364281,3908000
2011-03-24,41.71574020385742,41.89768218447469,41.696247659572876,41.81970704992443,4146500
2011-03-25,41.57280349731445,41.89119586427292,41.553310947052005,41.70925878527197,5048600
2011-03-28,41.80670166015625,42.07961210631972,41.57278373209961,41.59877296052438,4971000
2011-03-29,41.68974685668945,41.98214488954024,41.60527256826625,41.85219130992017,5163800
2011-03-30,42.2680549621582,42.44999198348687,41.865190873921854,41.97565192866968,5794900
2011-03-31,41.85218048095703,42.384997951394496,41.813190451230376,42.29402452030565,7403500
2011-04-01,42.378501892089844,42.50845544760746,41.89116862278321,42.15108069122882,6350000
2011-04-04,42.294036865234375,42.3135343644937,42.14459073945973,42.190074989575244,4210300
2011-04-05,42.61244583129883,42.68392181359739,42.18358993750749,42.229074202841744,5762300
2011-04-06,42.722896575927734,42.807365917569264,42.56695126927725,42.56695126927725,3815300
2011-04-07,42.8333625793457,42.91133772039004,42.59294790326421,42.61893465953317,6105100
2011-04-08,42.70989990234375,42.8853377391063,42.462981148678246,42.72939244449387,4076700
2011-04-11,42.91132736206055,43.112756897703214,42.67090778660125,42.696899494008576,4385100
2011-04-12,43.25571823120117,43.34668674823488,42.59944110910448,42.74239305227528,7492900
2011-04-13,43.17775344848633,43.42467230315654,43.09328407881227,43.262227775573955,4203200
2011-04-14,43.340179443359375,43.450645442513434,42.96331206815447,43.10625902707416,4207700
2011-04-15,43.60658645629883,43.62607899617508,43.171236541026005,43.33368098320938,5398300
2011-04-18,43.63257598876953,43.749536179612676,43.17123439083568,43.35967052927244,5668400
2011-04-19,43.41165542602539,43.697559258849,43.210225884215,43.697559258849,4973900
2011-04-20,43.749542236328125,43.85350411068641,43.5221209885962,43.70405798678174,4292200
2011-04-21,43.8015251159668,43.8794952814281,43.56760470476022,43.8794952814281,3876100
2011-04-25,43.554603576660156,43.71054885498464,43.43114421272231,43.63257869452791,4197500
2011-04-26,43.996463775634766,44.08743229075163,43.43765434996704,43.463646062487896,6600000
2011-04-27,44.13941955566406,44.34734831650722,43.96398167765155,44.00946593916685,5939200
2011-04-28,45.302513122558594,45.43246671139363,44.10042507489377,44.13941016006195,12755900
2011-04-29,44.76319885253906,45.44546762620769,44.60725354559637,45.237538897813465,8034200
2011-05-02,45.03612518310547,45.14659124407184,44.85418808139268,44.99064090767727,6235200
2011-05-03,45.2180290222168,45.21802902221679,44.756687437263274,44.756687437263274,6107500
2011-05-04,45.374000549316406,45.43897736015309,45.02961899021041,45.185564327701016,8129500
2011-05-05,44.72421646118164,45.2830258819415,44.48379684053447,45.09458968587948,7642700
2011-05-06,45.01011657714844,45.451965783034346,44.951638940996006,45.257035371780546,6792600
2011-05-09,45.36747741699219,45.471444225343824,45.14655538536037,45.25051723630173,5763100
2011-05-10,45.50395202636719,45.56243462355292,45.361000074816154,45.361000074816154,6118300
2011-05-11,45.6143913269043,45.99126357251929,45.35448421984183,45.38697012951949,6167300
2011-05-12,46.108253479003906,46.16673608598308,45.458475377624346,45.69889505980364,6333900
2011-05-13,45.84831237792969,46.3096539445293,45.62739034212581,45.93928085825016,7501700
2011-05-16,45.95229721069336,46.192711878369124,45.679391662698656,45.750867633470456,5928900
2011-05-17,46.20569610595703,46.43311732651646,45.69237108960243,45.770346204113146,6453900
2011-05-18,46.30966567993164,46.348655722385494,45.97178337560527,46.121234463953165,5556400
2011-05-19,46.64105987548828,46.71253584568887,46.24469493434401,46.355155994685916,5163600
2011-05-20,46.329158782958984,46.68003442986209,46.2771753695618,46.56957339445144,5916600
2011-05-23,46.16020965576172,46.355139996606226,45.99126606110136,46.082234544977574,5546300
2011-05-24,46.1212272644043,46.27717253764166,45.91329858095086,46.19269825668783,5267600
2011-05-25,45.77685546875,46.04976598059523,45.640402691533595,45.88732148999298,5954400
2011-05-26,45.75735092163086,45.86781195648922,45.38697777849727,45.70536750849359,5896200
2011-05-27,45.744361877441406,46.153720140474285,45.666386750353986,45.880814631785704,4358200
2011-05-31,46.212215423583984,46.212215423583984,45.8808272391663,45.9523032192841,6547100
2011-06-01,46.00602340698242,46.385644654215895,45.9994768355278,46.19583403059916,7748200
2011-06-02,45.49551010131836,46.071483669173304,45.37115018581538,45.98639819694976,6139800
2011-06-03,45.14207077026367,45.390785611538035,44.97189482961699,45.14207077026367,5721400
2011-06-06,45.08970260620117,45.456230746728124,45.01770529380175,45.18133464133291,4933900
2011-06-07,45.11587905883789,45.35805226487775,45.056969903392144,45.2925965380334,7363600
2011-06-08,45.05698013305664,45.16170532492755,44.775542415440555,44.97844123272545,5477100
2011-06-09,45.49551010131836,45.783494388459864,44.998075432878395,45.14207007323512,6047000
2011-06-10,44.95880889892578,45.436603879926935,44.886811574078116,45.358064975418394,6987200
2011-06-13,45.200965881347656,45.37114178786806,44.912981647510435,44.99152053238831,4796400
2011-06-14,45.534786224365234,45.672234312057064,45.32534080594349,45.46933546740331,4832000
2011-06-15,44.82136154174805,45.53478323486819,44.66427374306553,45.266433650870496,7750700
2011-06-16,45.08970260620117,45.299147971298204,44.854075946270584,44.86062251837182,6250500
2011-06-17,44.978431701660156,45.482407848421865,44.87370653198082,45.35805295139133,7575900
2011-06-20,45.14860916137695,45.331873221059936,44.91952409320212,44.91952409320212,5061200
2011-06-21,45.11587905883789,45.38422856333045,45.03079360493944,45.34495912208053,5653900
2011-06-22,45.01771545410156,45.25988874079083,44.99808072693778,45.115894083493025,5429900
2011-06-23,44.494110107421875,44.86063837752406,44.1537581478357,44.68391582331539,8321100
2011-06-24,44.801719665527344,44.939172731152325,44.47446092438084,44.494100643450196,14860400
2011-06-27,45.19443130493164,45.377695389466325,44.854079439162845,44.854079439162845,7453200
2011-06-28,45.5675163269043,45.6722365444474,45.27952698990816,45.403886929715206,5162800
2011-06-29,45.7900505065918,45.986407783205465,45.65260241039142,45.665690565164944,5512200
2011-06-30,46.097652435302734,46.136921874334924,45.76384722281736,45.90129525300061,5280400
2011-07-01,45.940574645996094,46.05184139764829,45.56095338246037,45.86857733761618,6466900
2011-07-05,45.66568374633789,46.110755845773866,45.593691415474,45.73113949115054,7317900
2011-07-06,45.927490234375,45.95367153272455,45.65259409206289,45.68532196339284,5989600
2011-07-07,46.15656661987305,46.307107824814295,45.97984911227144,46.136931896091944,5695000
2011-07-08,45.770416259765625,46.07149375845779,45.46279218683126,45.82277886655723,6016400
2011-07-11,45.35806655883789,45.475879913285745,45.10934670301884,45.38424286553969,5248800
2011-07-12,45.16825485229492,45.51514833430683,45.07007622688702,45.29260978381076,5376300
2011-07-13,45.08970260620117,45.4693238909306,44.91952668656877,45.410414729162255,4955500
2011-07-14,44.899898529052734,45.21406911942167,44.79517832797784,44.991530577582814,4460000
2011-07-15,44.85406494140625,44.85406494140625,44.50717160872127,44.85406494140625,6760200
2011-07-18,44.50718307495117,44.90643908731512,44.101380490405596,44.90643908731512,6165000
2011-07-19,44.860626220703125,44.98498613303303,44.34355684060254,44.56609037469626,6550200
2011-07-20,44.82789611816406,45.076615930435004,44.69044806096928,45.07006935811957,5707000
2011-07-21,43.30940246582031,44.05555168364279,42.40617051623783,44.05555168364279,26300600
2011-07-22,43.04106903076172,43.36178118395994,42.70071715940813,43.315965162074484,10477200
2011-07-25,42.13129806518555,42.792357220010025,42.06584231288207,42.67454385686569,14148600
2011-07-26,41.9349250793457,42.31454632871378,41.89565563753899,42.31454632871378,12524600
2011-07-27,41.7974739074707,42.17709512839289,41.75165789760565,41.94801008549707,12889200
2011-07-28,41.81711959838867,42.15092489702573,41.81057552245611,41.987295534066455,6831700
2011-07-29,41.91529083251953,42.02655758127766,41.594576239019595,41.76475214472503,8711600
2011-08-01,41.7974739074707,42.17054855739201,41.52912192249598,42.033100527796854,7997200
2011-08-02,41.352413177490234,41.732032004629936,41.352413177490234,41.63385588404589,8047800
2011-08-03,42.20328140258789,42.27527371781688,41.352406840534094,41.45712951784733,11800200
2011-08-04,41.46369171142578,42.60255101276186,41.365515562986005,42.17057196476817,15201200
2011-08-05,42.3276481628418,42.85781076649111,41.54877318817402,41.98075466520774,18775700
2011-08-08,41.214969635009766,42.484735240288416,41.156062957478426,42.00038867304602,20127300
2011-08-09,41.29351043701172,41.81712395365879,39.67030728701268,41.56840659695661,27337100
2011-08-10,39.48048782348633,41.162597275926814,39.336493202149036,40.959698487808595,21692800
2011-08-11,41.14952087402344,41.62077434569512,39.53940817486053,39.53940817486053,14654100
2011-08-12,41.352413177490234,41.60767458650909,40.94661305281374,41.430954573314665,8808000
2011-08-15,41.6076774597168,41.72549080998199,41.34586945984168,41.55531735781345,7026800
2011-08-16,41.732032775878906,41.928387517461786,41.13642197823211,41.34586736882532,6746300
2011-08-17,42.294918060302734,42.399638252287026,41.67967007909053,41.73857674757284,7568700
2011-08-18,41.29351043701172,42.255649493605034,40.90734500033709,41.77130792700131,12016800
2011-08-19,40.62589645385742,41.332776472773595,40.481901821088755,40.953155167032875,13212600
2011-08-22,40.527713775634766,41.09714567712304,40.42953766960222,41.09714567712304,8212500
2011-08-23,41.54876708984375,41.54876708984375,40.64553231705983,40.67826018672348,7631200
2011-08-24,41.69276428222656,41.725489657110224,41.25423626907014,41.476772313779506,6789100
2011-08-25,41.247684478759766,41.83674860685837,41.070964491294504,41.73857250056807,13773400
2011-08-26,41.339324951171875,41.57495164923865,40.58008475561567,41.46368237657996,12274200
2011-08-29,41.99383544921875,42.02655832047971,41.588032895728475,41.69929964644367,18839600
2011-08-30,42.22947311401367,42.48473957064517,41.660046001147556,41.869491432210275,7969600
2011-08-31,42.509883880615234,42.7210145620428,42.23277580507015,42.31194666451017,8353600
2011-09-01,42.32514572143555,42.80678523521875,42.2921545070657,42.476893226530635,5986200
2011-09-02,41.76432418823242,42.298750102209894,41.685150817712966,41.982054103256004,5790000
2011-09-06,41.20351028442383,41.28928290702803,40.58991097824787,40.74166099246999,8216000
2011-09-07,40.6558837890625,41.559789557014646,40.36557977502638,41.55319030847071,14915300
2011-09-08,40.47114562988281,40.57011422433094,40.31279638214098,40.52392703454615,11827200
2011-09-09,39.5804328918457,40.37877071851983,39.3758989993866,40.292998116278845,14838300
2011-09-12,39.67939376831055,39.745373652514516,39.09218664170896,39.1911552095773,11253500
2011-09-13,39.94330596923828,40.200621210615296,39.66619550530336,39.784956773150455,9470700
2011-09-14,40.629493713378906,41.01216706606923,39.77177263107567,40.154448500641834,10606900
2011-09-15,41.71154022216797,41.95565956780975,40.23362313414213,40.95938695616968,18666400
2011-09-16,40.9395866394043,41.60596972515128,40.629489947058495,41.60596972515128,16669100
2011-09-19,39.95652389526367,40.37218604419565,39.58704391266989,40.32600136098098,13587000
2011-09-20,39.8443489074707,40.49753606916116,39.778371524901324,40.02249086065901,9630200
2011-09-21,40.10826873779297,40.91320348170732,40.0752800421768,40.66908411389629,14350400
2011-09-22,40.194034576416016,40.37217653408491,39.31652328516838,39.58703458750798,16341000
2011-09-23,39.81135177612305,40.10825496849299,39.35610189240598,39.97629771445354,11139000
2011-09-26,40.83403778076172,40.93300640308062,40.06868832104227,40.08188430514324,10312400
2011-09-27,41.190311431884766,41.65216069164911,41.05835414096981,41.381649377867646,7991500
2011-09-28,40.886817932128906,41.77092865003514,40.814241284730606,41.30907931676298,7054300
2011-09-29,41.28927993774414,41.64556135048579,40.87361535319024,41.39484526686685,6609100
2011-09-30,40.840641021728516,41.55980586580142,40.80764979981428,41.15073786933205,7405600
2011-10-03,39.77836608886719,41.03855305198385,39.74537740209066,40.63608452943407,10573100
2011-10-04,39.88393020629883,39.95650682516633,38.59735132541008,39.40228834648543,11390500
2011-10-05,39.77836608886719,39.81135477564371,39.14497424200629,39.68599675914274,9194000
2011-10-06,39.963111877441406,39.98950383832094,39.243947303167516,39.560643283094194,8023900
2011-10-07,40.260013580322266,40.616297487720225,39.98290303560969,40.23362162046853,7909800
2011-10-10,40.820831298828125,40.860419240950236,40.49093933177177,40.682277276714686,5985600
2011-10-11,40.21383285522461,40.78784419555442,39.92352630209721,40.62289820559606,10261900
2011-10-12,41.36844253540039,41.97544239060906,40.90659339689905,41.15071268502642,13796200
2011-10-13,41.14411926269531,41.22989186369691,40.913193416441096,41.031954704943146,6887300
2011-10-14,41.06493377685547,41.401422316946785,40.768030643319136,41.38822634247019,8736600
2011-10-17,40.83403778076172,41.31567987450203,40.7746571107457,40.81424506304858,5095000
2011-10-18,41.1771125793457,41.44102714276977,40.68887139207392,40.91979726428893,7361200
2011-10-19,40.97917556762695,41.40803356252816,40.919794920102085,41.17051348930436,5719700
2011-10-20,40.985774993896484,41.21010161964446,40.8340249995487,41.091340316785185,6210700
2011-10-21,41.09134292602539,41.48721479965219,40.90660422845848,41.28268087243455,10698900
2011-10-24,40.97257995605469,41.23649452778285,40.741656593449456,41.10453724191877,7490100
2011-10-25,40.7878303527832,41.28266815471785,40.71525373913275,41.150710904160235,9199100
2011-10-26,40.91319274902344,41.012161326785844,40.576704115007125,40.9527806835035,7588900
2011-10-27,41.487213134765625,41.60597444040017,41.018764643929,41.50700584674609,11217200
2011-10-28,41.69834518432617,41.87648714875409,41.40803864220248,41.72473714576942,8076100
2011-10-31,41.53339767456055,41.949062242952934,41.295875064050605,41.295875064050605,9351500
2011-11-01,41.0583610534668,41.30248044678948,40.834034376207015,40.97918767233876,11377900
2011-11-02,41.1771125793457,41.427831162910984,41.00556987493312,41.35525453212558,7002600
2011-11-03,41.43443298339844,41.46742167865918,40.992378929777026,41.21670558117664,7680100
2011-11-04,40.900001525878906,41.25628288819402,40.68886838064039,41.236490178308635,6312800
2011-11-07,41.23649215698242,41.26288411601307,40.61629622101667,40.90000348840677,5022500
2011-11-08,42.00183868408203,42.06121932969309,41.117728247692675,41.309066163203376,8745400
2011-11-09,41.09134292602539,41.65216078444436,40.9527889028502,41.52680022520168,6851500
2011-11-10,41.53999710083008,41.73793178346923,41.09794306016518,41.33546568608258,5707900
2011-11-11,41.75112533569336,41.89627860239328,41.63896327824408,41.75112533569336,4932500
2011-11-14,41.43443298339844,41.71814029301783,41.23649829495786,41.69174833005879,3989700
2011-11-15,42.55606460571289,42.83317265551007,41.625769340588626,41.64556205360957,14947300
2011-11-16,42.94532012939453,43.97458616059683,42.41089692437144,42.509865489607286,17887600
2011-11-17,42.28554916381836,42.94533308611543,41.69834439255004,42.81997756383024,13519700
2011-11-18,42.15359115600586,42.318537123914396,41.592775871867126,42.25915899166802,10355300
2011-11-21,41.66535568237305,42.054628297040445,41.5993757800454,41.70494110689371,6964200
2011-11-22,41.685157775878906,41.92268044396108,41.48722305810259,41.493819791381995,4745100
2011-11-23,41.17050552368164,41.53998279957194,41.07153695799664,41.45421272731179,5386100
2011-11-25,41.22987747192383,41.50698537045049,41.170496848400305,41.36843142118716,2893500
2011-11-28,41.559783935546875,41.92926126400273,41.28927266998075,41.368446023667644,5459000
2011-11-29,42.00183868408203,42.2327645356253,41.566381455226114,41.62576210083717,6408900
2011-11-30,42.57054901123047,42.97629996247815,42.351043399938135,42.82996288828326,10022600
2011-12-01,42.63041305541992,42.883178947806094,42.457473847245815,42.75014293212782,7686200
2011-12-02,42.75679397583008,43.03616198331057,42.67032437583989,42.86322278333019,6571600
2011-12-05,42.83662033081055,43.08272809453235,42.63041576211812,43.02951875968776,5601300
2011-12-06,43.00291061401367,43.26232451187504,42.67032817318573,42.969650340008755,5992700
2011-12-07,43.17585372924805,43.34879293991256,42.72354141903858,42.86987342618429,5638400
2011-12-08,42.79007339477539,43.328855518128044,42.716904825578474,42.92975746102211,5170100
2011-12-09,43.362098693847656,43.5017827049766,42.84991891156975,42.863225050613536,6351700
2011-12-12,43.00957489013672,43.39536676516511,42.49739495591966,43.30224406345412,5834400
2011-12-13,42.75679397583008,43.39535159641614,42.66367130666992,43.202453188925844,4946400
2011-12-14,42.55726623535156,43.01622927800517,42.524008485142524,42.843289991879644,5665500
2011-12-15,43.13594055175781,43.30223176828333,42.53064062510104,42.59050556454633,6417700
2011-12-16,43.04281997680664,43.50178538075041,42.982957571842896,43.42196376599332,8619400
2011-12-19,42.81666946411133,43.34879837681282,42.703587566272105,42.98960869646626,4943000
2011-12-20,43.58826446533203,43.70799437609042,42.98296691496935,43.10269682572774,4800400
2011-12-21,43.9275016784668,44.06718573370248,43.38206652596267,43.38206652596267,4979700
2011-12-22,43.9275016784668,44.18026257725422,43.847680043414954,43.920848606844125,3537200
2011-12-23,44.280033111572266,44.35985473717676,43.980710896466114,44.08713465579932,2625700
2011-12-27,44.153656005859375,44.41972305175047,44.11374772515809,44.21352350171811,2544000
2011-12-28,43.84102249145508,44.23346735994488,43.79445607505227,44.153645742290145,3179800
2011-12-29,44.26007843017578,44.319940842539204,43.87428152336907,43.880934594122586,2840300
2011-12-30,44.133697509765625,44.35985625263486,44.06052895249672,44.180258857590715,2632900
2012-01-03,44.16694259643555,44.692423383866384,44.140335396144856,44.472917787571625,5348800
2012-01-04,44.393104553222656,44.459620029082906,43.98070555800582,44.1736039903644,6042400
2012-01-05,44.04720687866211,44.34652896124451,43.98069142417756,44.28666657464959,4909100
2012-01-06,43.4951286315918,44.080471865880334,43.428613162323444,44.080471865880334,6533000
2012-01-09,43.721290588378906,43.78780606262438,43.24237105412289,43.408662277139264,5859600
2012-01-10,43.67473602294922,43.93414996510585,43.54835304991685,43.88758861843174,4996000
2012-01-11,43.24237823486328,43.34880199636746,42.65702978476844,43.23572516389232,10470200
2012-01-12,42.98295974731445,43.35545048542267,42.883183992519555,43.302236072891304,5745700
2012-01-13,42.83662033081055,43.04947289460516,42.770104856150745,42.86322753563555,6677900
2012-01-17,43.00291061401367,43.295579711074645,42.969650340008755,43.07607915698024,7457600
2012-01-18,43.13594055175781,43.28893070387557,42.90978693318961,43.01621067286724,5373300
2012-01-19,43.84102249145508,43.93414517464946,43.20245969982843,43.32884265908036,8195800
2012-01-20,44.08713150024414,44.173606190494425,43.61486500086732,43.940794401179765,5538800
2012-01-23,43.9673957824707,44.000656055053426,43.49512934566552,43.847665905900016,5551000
2012-01-24,44.03392791748047,44.113749557004475,43.860988644055645,43.87428971323948,4148700
2012-01-25,44.366493225097656,44.4330137695819,43.68137424527231,43.82105825404014,5131300
2012-01-26,44.246768951416016,44.53944314482325,44.13369213116529,44.313289504321794,5345900
2012-01-27,43.77449417114258,44.18024510797332,43.681371504473695,44.0671683091332,5832500
2012-01-30,43.50843811035156,43.634815989221615,43.34214688701245,43.634815989221615,5712300
2012-01-31,43.68137741088867,43.69468355067184,43.42196350797637,43.568300596758775,5834300
2012-02-01,44.153656005859375,44.23347764206875,43.80777239856571,43.894242031687426,6351200
2012-02-02,44.16694259643555,44.36648898640887,44.033906594982106,44.29997352308443,5124100
2012-02-03,44.33989334106445,44.499531491334665,44.1004335782565,44.486225351842386,6295300
2012-02-06,44.246768951416016,44.406412188623065,43.98735503446167,44.18025347331592,4917700
2012-02-07,44.40641784667969,44.55275496202889,43.99401371022342,44.08048333529053,5597800
2012-02-08,44.393104553222656,44.51283443969331,44.213512260919444,44.44631896383306,6021900
2012-02-09,42.750160217285156,43.16921749260263,42.44418740712145,43.14261027870889,25593100
2012-02-10,42.53729248046875,42.6969331602334,42.32443993238424,42.65037182392757,10702500
2012-02-13,42.36434555053711,42.696930490702876,42.15814608476132,42.577200622715864,9295900
2012-02-14,42.251258850097656,42.557233979959086,42.098271285166945,42.251258850097656,12623200
2012-02-15,41.95195770263672,42.30449435205954,41.85218193445134,42.1315525629285,9099000
2012-02-16,41.725799560546875,42.10494340223931,41.725799560546875,42.03842791813305,11449400
2012-02-17,41.692535400390625,41.74574727200364,41.45972870445365,41.61936685669538,14646300
2012-02-21,41.998512268066406,42.16480349658261,41.88543545062873,41.93864732430446,6581800
2012-02-22,41.9719123840332,42.09829536368931,41.90539689598499,42.01182319930406,5506300
2012-02-23,41.99187088012695,42.06503944259275,41.792321869931456,42.025128625592316,19031400
2012-02-24,42.11159896850586,42.25128301584813,42.00517266518748,42.00517266518748,16088000
2012-02-27,42.11825180053711,42.40427298207514,41.93865692812463,42.02512909722768,25483800
2012-02-28,42.11825180053711,42.364362164626804,41.92535332230851,42.25793585550126,6407500
2012-02-29,42.20877456665039,42.33619386108022,42.121595906282984,42.18195174095779,7013800
2012-03-01,41.947242736816406,42.282552435045496,41.87347419389241,42.282552435045496,7660300
2012-03-02,41.927120208740234,42.03441919765115,41.846646606609475,41.94053290213031,6011800
2012-03-05,42.108177185058594,42.235593903034804,41.86675388092763,41.913697016929866,5646600
2012-03-06,41.766170501708984,42.12830554909263,41.72593497969504,41.813113649531715,7231200
2012-03-07,41.99418258666992,42.07465874982587,41.678993234710006,41.79970492123416,7509000
2012-03-08,42.215492248535156,42.32949631996324,42.06795516013644,42.18196178977455,4398300
2012-03-09,42.3495979309082,42.463601951967085,42.18194315296828,42.22217866242018,4096100
2012-03-12,42.8793830871582,42.953154153537,42.25570713762278,42.456894908344225,8098100
2012-03-13,43.147640228271484,43.30188490749322,42.993400665468606,43.12752246933362,7450800
2012-03-14,42.95986557006836,43.342118320581356,42.886099604808614,43.05375185149832,6930200
2012-03-15,43.03364562988281,43.14764969983558,42.785517168413264,42.91964155993004,4734500
2012-03-16,43.23481750488281,43.254935260795826,43.04033733702689,43.073870341160635,8870500
2012-03-19,43.4091911315918,43.509779937143975,43.10070173983376,43.13423475263075,6555900
2012-03-20,43.77802276611328,43.96579533296005,43.140936540537645,43.18787968224933,7676400
2012-03-21,43.83168411254883,43.979221198230974,43.62379373713487,43.77803333295169,6555500
2012-03-22,43.85179901123047,43.96580307311225,43.61037563523398,43.68414417325622,5149000
2012-03-23,43.79143142700195,44.09991561418034,43.77801617914927,43.892020203807334,5356000
2012-03-26,44.11333084106445,44.12674609046671,43.89202527369412,43.90544052309637,5211800
2012-03-27,44.2675895690918,44.388301269954766,43.999340776460734,44.16028800547131,5274800
2012-03-28,44.21394348144531,44.28100440761785,43.9926378202973,44.227353620111536,5833300
2012-03-29,44.27427673339844,44.27427673339844,43.94567476244416,44.16027269888224,6320700
2012-03-30,44.4955940246582,44.596187953099516,44.28770365792063,44.44865087357489,5949300
2012-04-02,44.75712585449219,44.76383347937097,44.40169848219683,44.435231490172065,5203800
2012-04-03,44.63641357421875,44.810776003735775,44.48217401906102,44.649828823791616,5108400
2012-04-04,44.48887634277344,44.60958800633519,44.35475454611309,44.415112936103256,4556500
2012-04-05,44.36145782470703,44.40169333647948,44.05967613715943,44.287689308845486,5755800
2012-04-09,43.824974060058594,44.052987302514744,43.75791314748431,44.01274666183444,4526200
2012-04-10,43.48965835571289,43.824967988550185,43.44942283702648,43.71767156658011,5715700
2012-04-11,43.69083786010742,43.87190277612745,43.56341858664497,43.710955615618765,5376900
2012-04-12,43.84508514404297,43.92556129672639,43.34882832687571,43.63048718663938,5843100
2012-04-13,43.6304931640625,43.925567314574984,43.6304931640625,43.82497338904395,7412100
2012-04-16,44.254154205322266,44.522402876054954,43.677421353993225,43.677421353993225,7862600
2012-04-17,44.52912139892578,44.696776219617206,44.2742827969666,44.4151173487962,6748100
2012-04-18,44.40171432495117,44.468775248410644,44.29441787070011,44.3279457742196,5408000
2012-04-19,44.36145782470703,44.50228723232868,44.26086392885783,44.394985712378045,6531200
2012-04-20,44.683349609375,44.75711812103934,44.3279222984929,44.37486543169586,7302500
2012-04-23,44.38157653808594,44.56264146138635,44.28098264006651,44.37486891383979,4944500
2012-04-24,44.60288619995117,44.8241866562817,44.44193390172341,44.48217453448968,5512500
2012-04-25,44.71018981933594,44.83760913019123,44.5961857603704,44.696779683865664,7056700
2012-04-26,44.509010314941406,44.777253975146074,44.408416384154734,44.59618899286594,7989100
2012-04-27,44.32792663574219,44.723594611239236,44.32121901136609,44.69006160577704,6248000
2012-04-30,44.26087188720703,44.428526704961605,44.106627203648465,44.24075412770352,5367500
2012-05-01,44.58946990966797,44.75712471242878,44.106623259089865,44.20721716403006,6591700
2012-05-02,44.81747817993164,44.8778314464164,44.535819370166784,44.60958276817551,5812400
2012-05-03,44.87113571166992,44.931488987264345,44.7437164190789,44.83089507818821,5821300
2012-05-04,44.19381332397461,44.86443263051013,44.17369556340563,44.837607244278395,6971200
2012-05-07,44.676658630371094,44.91137435695159,44.44193778737149,44.60289009967163,6910300
2012-05-08,44.60960006713867,44.73031176333644,44.37488430131522,44.428535081052,6917600
2012-05-09,44.22062683105469,44.48887038847421,44.04626442559768,44.348040985903594,6013300
2012-05-10,44.79066848754883,45.05891725973878,44.37488263483342,44.37488263483342,8106700
2012-05-11,44.79738235473633,45.09915906772915,44.66325539174581,44.70349603885321,5114000
2012-05-14,45.03207778930664,45.233260468224266,44.47546265644001,44.64311744708045,7482800
2012-05-15,45.50151443481445,46.00447886508083,44.871135828045354,44.93819672879712,16062300
2012-05-16,46.10506820678711,46.319666137783784,45.76305099549238,45.85023476260926,12660500
2012-05-17,46.11848831176758,46.39344468841122,45.98436649454881,45.99777662970294,10532100
2012-05-18,45.68260192871094,45.90390247400459,45.30705153162636,45.897199962864676,11275700
2012-05-21,45.588714599609375,45.74966184255753,45.36740894279278,45.72954407674159,5500800
2012-05-22,45.6557731628418,45.93743210253691,45.48141067408849,45.541769084834776,5514200
2012-05-23,45.60211181640625,45.87036055625718,45.18632601381636,45.52163565952523,5530300
2012-05-24,46.145301818847656,46.20566020255099,45.53504105626264,45.72281359859649,16245700
2012-05-25,46.03129959106445,46.33978379644411,45.80999403619918,45.99106407796831,9372400
2012-05-29,46.49403381347656,46.50073632215255,45.89718309050784,45.93741860823913,10044700
2012-05-30,46.10744094848633,46.36426740127212,45.992545310905804,46.36426740127212,7549600
2012-05-31,45.85736083984375,46.357498641210626,45.73570514151862,46.053361973613775,10839300
2012-06-01,45.62758255004883,45.695167922415315,45.19502997918328,45.296405459516315,10514100
2012-06-04,45.607303619384766,45.72219925839086,45.316681901853904,45.59378345218819,6034400
2012-06-05,45.28288269042969,45.573504382610636,45.05309143246137,45.53295419742388,5607400
2012-06-06,45.61406707763672,45.728967894565386,45.309930292460294,45.49917141714197,5743100
2012-06-07,45.742469787597656,45.94523102384679,45.41129791439435,45.82357531338379,6389200
2012-06-08,46.168270111083984,46.235860639043025,45.688407269888025,45.78978790539327,3851800
2012-06-11,45.992549896240234,46.51296293721003,45.97902972786349,46.3304819155912,3874200
2012-06-12,46.22908401489258,46.29666936223729,45.98577263930645,46.12770341565978,5537800
2012-06-13,46.33049011230469,46.55352136564526,46.0669035030923,46.16152407273601,4964900
2012-06-14,46.81708908081055,47.080680740079146,46.35074650617895,46.41157178078785,5879900
2012-06-15,46.95902633666992,47.13474723914567,46.769780112074514,46.97254134592484,8815900
2012-06-18,47.040138244628906,47.14151888642407,46.904967493191116,46.91848250576144,4337700
2012-06-19,46.844139099121094,47.13476086824307,46.776553720439345,47.128005939878605,5340200
2012-06-20,46.57380294799805,46.796834207689486,46.154765301619186,46.729248821224374,8799900
2012-06-21,46.296669006347656,46.97253278746222,46.2696338363313,46.69542616211816,7056100
2012-06-22,46.431854248046875,46.66841077070011,46.39130405853286,46.39130405853286,5330600
2012-06-25,46.371028900146484,46.45888936278398,46.02633682045116,46.05337199890109,5120700
2012-06-26,46.594078063964844,46.72248875136141,46.16152540272126,46.33049144715811,6461800
2012-06-27,47.14152145385742,47.256417114480385,46.600828105791585,46.70220875310817,7553700
2012-06-28,47.040138244628906,47.188829165070665,46.70896629410276,46.98606788148034,6067200
2012-06-29,47.756553649902344,47.75655364990235,47.18206511351049,47.283445746781595,8886700
2012-07-02,47.824134826660156,47.844409920249994,47.31047677784241,47.54026804710421,6248000
2012-07-03,47.824134826660156,47.91199528436036,47.594338400965604,47.594338400965604,3377200
2012-07-05,47.42538070678711,47.68221235433013,47.35103524633347,47.64841708814805,4417100
2012-07-06,47.459171295166016,47.641652307835535,47.04689383926225,47.24289501964545,4578900
2012-07-09,47.30373001098633,47.6011118845073,47.100973861577295,47.39835057866405,4289200
2012-07-10,47.22262191772461,47.50648357449564,47.121241281325425,47.41862310638081,5074800
2012-07-11,47.398338317871094,47.499718944568016,47.0401312391171,47.14151186581403,6239200
2012-07-12,47.20909881591797,47.39158498138369,47.13475336427387,47.28344426756207,5637500
2012-07-13,47.587581634521484,47.64840691293974,47.2090943285552,47.30371486593864,4183800
2012-07-16,47.547035217285156,47.682211122086485,47.4186245532658,47.54027513293671,4543400
2012-07-17,47.533512115478516,47.87819901208556,47.019854077517984,47.736268203523956,5872300
2012-07-18,47.56730651855469,47.60786186497598,47.175309316991665,47.425375697162934,4221900
2012-07-19,47.59434509277344,47.62814035779664,47.378068803351965,47.553794899892374,4110900
2012-07-20,47.283443450927734,47.52675489639108,47.08068735066358,47.33751380690469,7628100
2012-07-23,46.86440658569336,47.24289392642082,46.594065114873345,47.019857572204586,5070600
2012-07-24,46.49267578125,46.72922710214948,46.26963946878818,46.72922710214948,5930700
2012-07-25,47.513248443603516,47.61462393377866,46.66165823109509,46.675173244307146,8688300
2012-07-26,48.135040283203125,48.32428139931792,47.76331297909643,47.797108245445656,9457100
2012-07-27,48.837928771972656,48.952824401932155,47.65516690061506,47.70923209584553,10795700
2012-07-30,49.16910171508789,49.297517513955505,48.560823136810576,48.62840849963413,6198600
2012-07-31,49.15559387207031,49.2366942567101,48.831176864210946,48.87172705653084,6838800
2012-08-01,48.93254470825195,49.277236722153106,48.04715954142477,49.19613120228458,13038300
2012-08-02,48.52703094482422,48.8379277255765,48.290474450475095,48.736547107488654,6331400
2012-08-03,49.250213623046875,49.270488718876635,48.79062587731683,48.97986698030567,5431800
2012-08-06,48.98662567138672,49.30427742440892,48.9731055035958,49.2434521386493,4092200
2012-08-07,48.85820007324219,49.1758569190709,48.79736964323372,49.087991315328914,4924900
2012-08-08,49.04745864868164,49.13531912736805,48.696011577502006,48.7230416044563,3521400
2012-08-09,48.756832122802734,49.00014359315931,48.63517638762445,48.9460732316504,3992700
2012-08-10,48.75005340576172,48.77033365090136,48.452676843989934,48.66895305092919,3590200
2012-08-13,48.65544128417969,48.7703420674072,48.51351048229765,48.601376090438244,3949000
2012-08-14,48.82443618774414,48.864991552618214,48.43919373827092,48.7568507882013,6920700
2012-08-15,49.08125686645508,49.12180706575728,48.581113678367934,48.66897931876842,6502100
2012-08-16,49.730079650878906,49.75035474800772,48.93255983973253,48.959595021382164,8715500
2012-08-17,49.601646423339844,49.777372464188346,49.41916545677429,49.72330211986083,6204700
2012-08-20,49.561119079589844,49.66925466163867,49.25697711993195,49.520563724441594,3356800
2012-08-21,49.34482192993164,49.662478769595495,49.33806184752142,49.54082306837172,3917900
2012-08-22,49.26371765136719,49.392133438236264,48.97309597759077,49.175857203549086,4331800
2012-08-23,49.1082878112793,49.33131904461835,49.00014708056498,49.30428386193977,3832100
2012-08-24,49.37861251831055,49.51378838569394,49.05420074945458,49.10827109640794,3989900
2012-08-27,49.45297622680664,49.78415335692623,49.290770282451206,49.34484064938102,3472200
2012-08-28,49.41916275024414,49.574608536132665,49.27047188970272,49.35157224532054,4387400
2012-08-29,49.18937683105469,49.50027362533304,49.155586727843605,49.3583428164081,3770500
2012-08-30,48.78386688232422,49.05421353110089,48.716281509238414,49.006903254297484,3881300
2012-08-31,48.95281982421875,49.17585613664754,48.79061394083057,48.95957990665261,5234100
2012-09-04,48.98662567138672,49.12179641069688,48.64193358278268,49.0339359457886,4925900
2012-09-05,48.712890625,49.087392533176775,48.59032513623452,48.92397361315407,5277300
2012-09-06,49.128265380859375,49.257636348954925,48.90356105391062,48.930798414297925,5226400
2012-09-07,49.094200134277344,49.36656844746897,49.02610935472781,49.12824812154885,4609200
2012-09-10,48.917171478271484,49.08740106475488,48.86270195879277,49.02612090721831,3953300
2012-09-11,48.7401237487793,49.012492055182165,48.65841169836043,48.876305304484056,4270400
2012-09-12,47.70511245727539,48.835438808117566,47.637021697644506,48.69925209386383,10485400
2012-09-13,48.263484954833984,48.39286108812313,47.664278749326044,47.84812439584747,8461200
2012-09-14,47.97750473022461,48.365627969083434,47.841323142728186,48.283921094583405,7448100
2012-09-17,47.92982864379883,48.24986100870875,47.814073803935784,47.963876629637724,6596600
2012-09-18,48.16134262084961,48.283908094594615,47.882163688155316,47.92982775044542,4725400
2012-09-19,48.24306106567383,48.467765354032714,48.00474069695732,48.23625042799781,4902500
2012-09-20,48.50860595703125,48.74012082181834,48.18176816496988,48.20219487759959,4790100
2012-09-21,48.038787841796875,48.685658144743286,47.98431313133978,48.685658144743286,8268300
2012-09-24,48.14093017578125,48.256690255280944,47.94346840574207,48.0524126514535,4526800
2012-09-25,47.90260314941406,48.36562781845223,47.84132299372989,48.304347662768066,5642400
2012-09-26,47.95026397705078,48.33838718841594,47.94345853465424,48.09325619229119,3758200
2012-09-27,48.10006332397461,48.23624489189887,47.854932345715895,47.99111910863397,3373400
2012-09-28,48.188575744628906,48.20900765315849,47.902591365133965,48.08644217694733,5021800
2012-10-01,48.10686492919922,48.501798675025334,48.025152886789144,48.14090771729212,4794000
2012-10-02,48.086448669433594,48.38604916673947,47.83450704681835,48.243056957685624,4219000
2012-10-03,48.14093017578125,48.317970419432015,47.997937931100154,48.195404896134605,4276000
2012-10-04,48.25667953491211,48.38605047326709,48.14091948112887,48.1953941893805,4630500
2012-10-05,48.41327667236328,48.610743548030996,48.27709512810626,48.420087308074,5491700
2012-10-08,48.474571228027344,48.62437407221188,48.24986696175054,48.34519509986908,3023600
2012-10-09,48.42008972167969,48.665220669555744,48.39966300852222,48.47456442009507,4673200
2012-10-10,47.861751556396484,48.59714462290837,47.72556476908239,48.46776847370867,5150900
2012-10-11,47.54171371459961,48.236248068745574,47.54171371459962,48.17496791764188,5258200
2012-10-12,47.698326110839844,48.1204921065342,47.62342468676619,47.732368906786206,6158600
2012-10-15,47.89579391479492,47.929841910057796,47.494054584665456,47.69152152820178,4700700
2012-10-16,47.86855697631836,48.27029626636282,47.82769834708079,48.004738553792436,5802400
2012-10-17,47.73237609863281,48.29753958543491,47.63023730541637,47.82089881041797,9153200
2012-10-18,48.1817741394043,48.283912910210844,47.718749547409125,47.75279234101552,8081400
2012-10-19,47.58256149291992,48.27710095950582,47.39871586646691,48.086444696519436,9572400
2012-10-22,47.391910552978516,47.58256683737936,46.99017126727588,47.44638526137708,5820400
2012-10-23,46.65651321411133,47.16039642721446,46.547569002490135,47.099111087245205,5692900
2012-10-24,46.57480239868164,47.00377896206012,46.45904756022933,46.683746601050515,5619700
2012-10-25,46.908451080322266,47.044632632738455,46.66332012997855,46.738221542305425,4805600
2012-10-26,46.96974182128906,47.112734026281416,46.765464274160664,47.071875399859444,5200000
2012-10-31,47.146785736083984,47.446391476528255,46.96294006489897,47.09912165874011,5490500
2012-11-01,47.282981872558594,47.439590216937205,47.06508816233926,47.153605696336044,4420100
2012-11-02,47.01741027832031,47.50766708620115,46.935698212843015,47.453197570877265,4352400
2012-11-05,46.983367919921875,47.03784263677274,46.520343216679365,46.69057281059213,4759100
2012-11-06,47.22168731689453,47.3987275454301,46.81994797732727,47.003793649079526,4800300
2012-11-07,46.97654342651367,47.255722371788366,46.67013232584021,47.09910890578174,5913100
2012-11-08,46.84036636352539,47.18763612060172,46.710990235498265,46.908457148541906,5531800
2012-11-09,46.881229400634766,47.08550699253094,46.683762447133795,46.73142652591024,5598700
2012-11-12,46.717796325683594,46.962927283880795,46.69055897532908,46.83355116844522,3906400
2012-11-13,46.69737243652344,47.099111689819686,46.649708369268055,46.792700571034196,3791000
2012-11-14,46.41818618774414,46.78588258955979,46.32966870387835,46.68374383433441,4711100
2012-11-15,46.431827545166016,46.513534428697795,46.11179506467949,46.38416346477409,4668900
2012-11-16,46.513519287109375,46.64289540391229,46.15944411874541,46.31605239119725,5178400
2012-11-19,46.833560943603516,46.84718221912051,46.41139491247707,46.69056872064187,5512100
2012-11-20,46.92207717895508,46.93569325759995,46.5203327265155,46.71098899750631,5457000
2012-11-21,47.1944465637207,47.2557319132256,46.765469897164195,46.96974746885459,4106000
2012-11-23,47.793636322021484,47.90939113580375,47.3238012372684,47.3238012372684,3427900
2012-11-26,47.664276123046875,47.69832411256086,47.39190779191641,47.52128391807699,3855800
2012-11-27,47.73918151855469,47.95026452513265,47.45319708480501,47.60980538162277,4794900
2012-11-28,47.90260314941406,48.06602209289973,47.5349066303254,47.6030026188561,4434100
2012-11-29,47.87537384033203,48.10007817226677,47.78004567435888,47.92984856231538,4284700
2012-11-30,47.807281494140625,47.902609657040585,47.48724900654993,47.87537229692699,6664600
2012-12-03,47.575767517089844,47.94346405360388,47.52810343985625,47.882178700020816,4769200
2012-12-04,47.56895065307617,47.677894874639385,47.42595844009026,47.55532937850945,3644900
2012-12-05,47.834495544433594,48.09524690240582,47.55315924178398,47.6903956964567,4841900
2012-12-06,48.0472412109375,48.0472412109375,47.86197136721437,47.90314128021103,4086200
2012-12-07,48.211917877197266,48.21877603729044,47.93057625627559,48.07467614678301,3891300
2012-12-10,48.177616119384766,48.25996117469726,48.033516199016255,48.04723775728277,4124000
2012-12-11,48.32170867919922,48.644220219333,48.095263738011205,48.177608780780574,5840800
2012-12-12,48.19818115234375,48.54814094872349,48.14328970672852,48.37659274749125,4483400
2012-12-13,48.177616119384766,48.34916439152411,48.10213446082443,48.2530977779451,4325200
2012-12-14,48.1432991027832,48.342290448042085,48.040369114908046,48.10212396649115,5068300
2012-12-17,48.28740692138672,48.43150683398111,48.102131865738556,48.211925266898575,5934100
2012-12-18,48.39717483520508,48.5618596327942,48.033493507712905,48.218763250596254,5549700
2012-12-19,47.95115661621094,48.47952806605555,47.93057166742877,48.410909825036256,6275900
2012-12-20,48.10898208618164,48.20504866826749,47.80705555091979,48.054085400636566,6478200
2012-12-21,47.77961730957031,48.095265465333775,47.505144294288826,48.01978905079739,8748000
2012-12-24,47.64237976074219,47.75903131321121,47.3541799598527,47.57376150842142,2071300
2012-12-26,47.23750686645508,47.64236331530018,47.059100519051725,47.62864176366733,3731400
2012-12-27,47.1208610534668,47.2992726576841,46.78462802782473,47.17575773710841,4748100
2012-12-28,46.674827575683594,47.13458068735047,46.66796941769633,46.89440904168348,3764500
2012-12-31,46.95616912841797,46.969890679632925,46.24252805483292,46.51014280302292,5899600
2013-01-02,47.57374572753906,47.67667568949544,47.100271043680934,47.470815765582685,8055900
2013-01-03,47.59434127807617,47.676686313036846,47.381623148473395,47.53944458810239,5200100
2013-01-04,47.66294479370117,47.7795962974194,47.41591500039498,47.54629328998294,4512300
2013-01-07,47.65608215332031,47.820772174948374,47.457090872180935,47.710978827196335,5658400
2013-01-08,47.8001823425293,47.82762544142574,47.51884084411372,47.51884084411372,5072500
2013-01-09,48.040367126464844,48.06095207614051,47.738440570591216,47.99919199187707,6280900
2013-01-10,48.589324951171875,48.664806600451364,48.14330368664035,48.163888639128004,6923200
2013-01-11,48.6373405456543,48.64420393906395,48.41775907366263,48.527552427276085,4668900
2013-01-14,48.91869354248047,49.00789673675245,48.56187029491958,48.64421532941128,5631800
2013-01-15,49.131412506103516,49.22747909702539,48.630494601330405,48.836349338204464,5546100
2013-01-16,49.049068450927734,49.26864995902215,48.89810518250606,48.94613847380058,5001000
2013-01-17,49.70094680786133,49.7283951492463,48.925550795870116,49.15885384478867,7495700
2013-01-18,49.735260009765625,49.77642990543901,49.49508832437498,49.55684840312102,7741200
2013-01-22,49.54312515258789,49.71467337712627,49.41961022151081,49.673503478512686,7042200
2013-01-23,49.27552032470703,49.60489528605848,49.227487021513845,49.46079537647891,4812000
2013-01-24,49.5637092590332,49.666633992945286,49.34412776796126,49.34412776796126,5136300
2013-01-25,49.74210739135742,49.78328251334543,49.563701058603755,49.68035256122765,4153600
2013-01-28,49.824459075927734,49.86562896819714,49.61174098555507,49.68722261153935,3741000
2013-01-29,50.05091857910156,50.057776739660106,49.72154363899406,49.72154363899406,6654600
2013-01-30,50.23617935180664,50.407727569195096,49.98228610538672,50.00287628907168,5179600
2013-01-31,49.98915100097656,50.34597423559114,49.87249946610638,50.3391108408234,5677900
2013-02-01,49.86564254760742,50.167569133765156,49.79702429672711,50.14698418202476,5964900
2013-02-04,49.71468734741211,49.86565066506578,49.680380834005796,49.735277537741275,5449500
2013-02-05,50.19499588012695,50.201859272832465,49.83817275272632,49.83817275272632,5558500
2013-02-06,49.934242248535156,50.174413890250904,49.913657304441806,50.03031404636246,4782800
2013-02-07,49.96170425415039,50.11266753244849,49.721537781965445,49.96856764913752,4146400
2013-02-08,49.81760025024414,50.00287525291665,49.728397063735606,49.92739362001096,3721400
2013-02-11,49.652915954589844,49.84504911847247,49.543122583664875,49.74898253653115,3744000
2013-02-12,49.52252960205078,49.71466273476623,49.447047980593254,49.694077789866036,6398000
2013-02-13,49.06277847290039,49.659768011730726,48.70596056932809,49.57055960941149,12029800
2013-02-14,49.5980224609375,50.229318678674026,49.06279283132451,49.48823431818334,8160800
2013-02-15,50.5587043762207,50.58615272658103,49.72841140996167,49.74213296752307,9345800
2013-02-19,51.80756759643555,51.869322448868665,50.421460144379445,50.60672993691552,10825700
2013-02-20,51.7526741027832,52.05460069397083,51.66347089867643,51.66347089867643,7637900
2013-02-21,51.71150207519531,51.766398768654675,51.272338997994076,51.64974198624432,5645200
2013-02-22,51.8556022644043,51.86246565993501,51.56053907942594,51.75267227239103,4971300
2013-02-25,51.594844818115234,52.37710429001102,51.526221341267046,51.931077866679075,7600400
2013-02-26,51.88990783691406,51.99283258145231,51.46446636362307,51.73894456460964,6176900
2013-02-27,52.164283752441406,52.24029997944509,51.507734916326285,51.901662108923375,4655800
2013-02-28,52.36469268798828,52.48909101294368,52.136633486136205,52.136633486136205,6007400
2013-03-01,52.47525405883789,52.489073746985085,52.08823951858465,52.21263780262,4282100
2013-03-04,52.93831253051758,52.9521374972092,52.20574747625874,52.37161016779888,5558800
2013-03-05,53.145652770996094,53.263138641987034,52.86229891106191,53.10418313741994,7424800
2013-03-06,53.07652282714844,53.27693734094442,52.9521245208083,53.214740824113655,3940800
2013-03-07,53.311500549316406,53.33223272395496,52.98668241950117,53.04888421609604,4461600
2013-03-08,53.352970123291016,53.498105905332025,52.97286791477709,53.32533073618577,4297000
2013-03-11,53.111080169677734,53.48427512720178,53.06961582084589,53.29768028477933,4023100
2013-03-12,53.13871383666992,53.33913360237296,53.00049585402965,53.097249496413454,4608300
2013-03-13,53.180179595947266,53.28384572203265,52.972852616454695,53.13871525458439,3544000
2013-03-14,53.34606170654297,53.366793882742954,53.117997222983995,53.256215246103594,4149900
2013-03-15,53.24238204956055,53.318403524799685,53.00740514263642,53.111071270024176,6650900
2013-03-18,52.99358367919922,53.20782313533257,52.93829437675252,52.979763989926596,4176900
2013-03-19,52.98667526245117,53.18018256317907,52.86918944024901,53.06269674097692,5040200
2013-03-20,52.74479675292969,53.26312219479129,52.57202160564248,53.18018822592897,7579800
2013-03-21,52.6273193359375,53.041978701215584,52.52365317644801,52.72407301207973,3998200
2013-03-22,54.3481559753418,54.783547496940706,52.979779608785414,53.035063654852195,14228500
2013-03-25,53.788368225097656,54.348158099414306,53.62941274565918,54.32742592224404,6873800
2013-03-26,54.54167938232422,54.55550435242249,53.76073729757032,53.83675881506721,5183700
2013-03-27,54.10625457763672,54.355051160137755,53.843638306186946,54.25138503864933,3601600
2013-03-28,54.6729621887207,54.686781879048546,53.954217020067254,54.25139045256167,5338100
2013-04-01,54.666053771972656,54.75590022015903,54.4310821101782,54.4310821101782,3639000
2013-04-02,55.108367919921875,55.20512159536705,54.78354974977883,54.83883907079889,4034100
2013-04-03,54.56930923461914,55.20512059680966,54.45873586725894,55.19821338631698,3895400
2013-04-04,54.96322250366211,54.990867156676394,54.11317183235641,54.11317183235641,5299000
2013-04-05,54.313602447509766,54.6522455928585,54.182296897598206,54.56239912574639,4244000
2013-04-08,54.94248580932617,54.949398290180326,54.07861024628645,54.299762179517494,3726400
2013-04-09,54.7420768737793,55.0945396495653,54.70061252580884,55.011605680945344,3921900
2013-04-10,55.32952880859375,55.35717347353919,54.776651327727016,54.89413719923462,3540200
2013-04-11,55.260406494140625,55.61978177933196,55.14983313362906,55.30878332799183,5389900
2013-04-12,55.281131744384766,55.31568888109769,54.417256053349405,54.54856684564399,5540000
2013-04-15,54.54167938232422,55.30188928461191,54.534772169956284,54.963251334741074,5356600
2013-04-16,55.28804016113281,55.30877233256469,54.6591361734143,54.7558950945604,5148600
2013-04-17,54.49327850341797,55.39171134711653,54.437989192767226,55.10835758454061,7532300
2013-04-18,56.15193557739258,57.67235510856988,55.36408114925958,55.43319016928032,18895600
2013-04-19,57.202369689941406,57.54791984102223,56.58038363613742,56.6771372566259,8368300
2013-04-22,57.623966217041016,57.79674136730249,56.70480642488615,56.870669092787,6664800
2013-04-23,58.12155532836914,58.27359829333234,57.70689605199238,57.82438188030802,6670800
2013-04-24,56.905216217041016,58.25286544038175,56.822287526341015,58.09390999540891,6398300
2013-04-25,57.236968994140625,57.423563893255064,56.79466489662122,56.95362040323636,5602800
2013-04-26,57.02272033691406,57.3544457208158,56.87758982237207,57.160938368093134,3076000
2013-04-29,57.119476318359375,57.30607119524923,56.9605208306768,57.0227226380935,2849600
2013-04-30,56.995052337646484,57.112538143308264,56.6840539858222,56.95358799980768,4116100
2013-05-01,56.81538772583008,57.25077926722119,56.725546533292835,56.919053885022215,3532100
2013-05-02,57.05727767944336,57.31298686159183,56.72555226373334,56.767016622526995,2727000
2013-05-03,57.243858337402344,57.53411929543192,56.98814924236945,57.33369950840808,4777200
2013-05-06,57.01578903198242,57.15400701753415,56.82228174313875,57.15400701753415,3032100
2013-05-07,57.59632873535156,57.59632873535156,56.925965497876916,57.07800321999665,3706700
2013-05-08,57.53412628173828,57.810567582672874,57.2300403234423,57.568683421609826,4110700
2013-05-09,57.2576904296875,57.76219624735498,57.084915259246266,57.603240770569954,3711900
2013-05-10,57.36136245727539,57.53413764539972,57.0711014066698,57.347542762204775,3161800
2013-05-13,57.38207244873047,57.60322439311124,57.02960972489045,57.16783298555235,3010600
2013-05-14,57.7069206237793,57.72074032071553,57.30608086777547,57.40283456437212,4538500
2013-05-15,58.2252197265625,58.36343772366687,57.527206714024615,57.623960366533396,4087900
2013-05-16,57.87276077270508,58.59150600465055,57.824383943279855,58.080093054629735,4496300
2013-05-17,57.91421890258789,58.0800815316133,57.43735791237718,57.990240372699105,4505200
2013-05-20,57.077999114990234,57.941874911785796,56.99507041301269,57.90732304352163,3958200
2013-05-21,57.10564041137695,57.31297269947392,56.75318290336286,57.10564041137695,3982600
2013-05-22,57.34062194824219,58.23904963236253,57.07109311573813,57.07800032592985,5239900
2013-05-23,56.753170013427734,57.1747417035117,56.33159832334376,56.87756830349641,4687000
2013-05-24,57.071067810058594,57.20928577011975,56.35923529765698,56.53891759120104,3579600
2013-05-28,56.9674186706543,57.693076358795736,56.7877310509155,57.423542292848154,4052500
2013-05-29,56.062095642089844,56.82921790877306,55.923872326253004,56.82921790877306,4346000
2013-05-30,56.13117218017578,56.317766957721375,55.77179703965323,56.075882885837345,4959800
2013-05-31,55.82017517089844,56.4007022297928,55.78562331562978,55.99295026527406,7813300
2013-06-03,56.25559616088867,56.3177926909308,55.1014592957715,55.75109034671257,5758100
2013-06-04,56.41453170776367,56.711705132569485,55.99295998251175,56.42835667041233,4543000
2013-06-05,56.51059341430664,56.740255975902485,56.17654360619083,56.294852691997434,6998200
2013-06-06,56.83073806762695,56.83073806762695,56.16958868122581,56.50364383461949,6031600
2013-06-07,57.422279357910156,57.422279357910156,56.7124142656416,57.053430282935125,6448200
2013-06-10,57.65889358520508,57.80504102138617,57.14389709919194,57.48490778361447,5036600
2013-06-11,57.436195373535156,57.63105863331847,56.94207630490587,57.3318028244725,6505000
2013-06-12,57.143890380859375,57.89551022967394,57.09517457452647,57.631048444188444,4277900
2013-06-13,57.05342483520508,57.23436624098603,56.54538397220436,57.10909625487798,5410700
2013-06-14,57.157806396484375,57.76327882089111,57.06037478468898,57.06733570256712,4034300
2013-06-17,57.45011520385742,57.71457171723059,57.12997664868804,57.477948260317405,4655200
2013-06-18,57.46400451660156,57.54751957530425,57.06731727960386,57.32481806171998,3355200
2013-06-19,56.29485321044922,57.53363143707039,56.29485321044922,57.24829744457808,5487200
2013-06-20,54.916866302490234,56.28786959294636,54.81942939475524,56.00949663241395,7031200
2013-06-21,55.765933990478516,55.96775818200232,55.132628356740845,55.36924652703542,9417000
2013-06-24,55.765933990478516,56.19742074231831,54.42276322660525,54.7568183424854,6787400
2013-06-25,55.70328903198242,56.05822151669537,55.445788161171116,55.96774551119761,5929200
2013-06-26,56.58016586303711,56.768068129626634,56.10692442872538,56.10692442872538,4519100
2013-06-27,56.886390686035156,57.443147320995706,56.73328234593976,56.90726813066184,4464300
2013-06-28,56.92118453979492,57.25523424122214,56.7889536569335,57.0464545052362,5996000
2013-07-01,57.09518814086914,57.41532141706981,56.90032486923621,57.03951140336661,3804900
2013-07-02,56.844642639160156,57.22741353547269,56.594102654232934,57.025589363746576,5056000
2013-07-03,56.18350601196289,56.67762512718936,55.89816670492482,56.67762512718936,3862500
2013-07-05,56.23221969604492,56.566269500311016,55.87728713308953,56.440999496304755,3343200
2013-07-08,56.91424560546875,56.95600050686889,56.42012647027057,56.59411230560625,3749900
2013-07-09,57.60319137573242,57.672789913284554,57.03947932699622,57.21346505163065,3834500
2013-07-10,57.75633239746094,58.055588225826064,57.53363075609336,57.60322402346586,5654100
2013-07-11,58.84199142456055,58.897662837431106,58.21564157055239,58.21564157055239,4746500
2013-07-12,58.681907653808594,58.8210941159797,58.34785271112547,58.49400539891528,4349300
2013-07-15,58.960304260253906,59.099490765796595,58.68888685770829,58.75848011047963,4215000
2013-07-16,58.47313690185547,58.66800542986035,57.97901793821246,58.41050457150083,4480500
2013-07-17,59.322174072265625,59.510081637406365,58.41049052988285,58.49400559323687,7280100
2013-07-18,60.407859802246094,60.58880117512754,59.36394521102957,59.384822653314025,9202600
2013-07-19,60.13644790649414,60.43569835263932,59.76063798229772,60.0877267905639,6146200
2013-07-22,60.12946701049805,60.50527680983138,59.871966228652184,59.9833196401389,4780500
2013-07-23,59.990333557128906,60.150402914323784,59.830269509562086,60.10864799924167,6321200
2013-07-24,59.60056686401367,60.338264853468516,59.600566864013665,60.338264853468516,5939800
2013-07-25,59.537940979003906,59.71192677343743,59.350033347625654,59.60057331637994,5084900
2013-07-26,59.37091827392578,59.39179572234827,58.70977429562679,59.050785008987525,4189800
2013-07-29,59.329132080078125,59.572711032558544,59.127308002416356,59.33609299575555,3406300
2013-07-30,59.231727600097656,59.844155719349104,59.231727600097656,59.55186084263537,4354700
2013-07-31,58.13908004760742,59.61448114928219,58.062525891270006,59.356980322545084,8016500
2013-08-01,58.59841537475586,58.73760720067022,58.368758153841355,58.487067223649625,5790900
2013-08-02,58.661041259765625,58.69583522704759,58.04165236013025,58.45921713488315,4442800
2013-08-05,58.793296813964844,58.904644989469965,58.2991723607267,58.69585985966155,3590200
2013-08-06,59.189979553222656,59.454436094704526,58.542752074414146,58.765453717142556,3837800
2013-08-07,58.98814392089844,59.1482078748311,58.709765594064514,59.10645298417475,3832600
2013-08-08,58.93246841430664,59.2178023557436,58.76544353859659,59.141253491163,2707900
2013-08-09,58.69584655761719,58.99510234405581,58.58449840734653,58.932470005083296,3753900
2013-08-12,58.32696533203125,58.48007360009897,58.132102194353166,58.41048038087426,2868600
2013-08-13,58.03470993041992,58.528829024074085,57.94423921511734,58.39660341088199,2953000
2013-08-14,57.589298248291016,58.139093998632134,57.5753817209011,57.99990217660743,3080600
2013-08-15,56.30875778198242,57.26219641409975,56.2530810606491,57.23435805343309,5350200
2013-08-16,55.80073165893555,56.197419110862484,55.633706760657304,56.09302655832891,6032400
2013-08-19,56.28788757324219,56.40620195984843,55.55018943486206,55.75201361245439,4945100
2013-08-20,55.87726593017578,56.343546481078704,55.856388489034444,56.343546481078704,3452900
2013-08-21,55.035186767578125,55.78680666015733,54.98647095840863,55.71720809595094,5453900
2013-08-22,55.15349197387695,55.45970864416826,54.777682053871615,54.97254527692077,3821500
2013-08-23,55.57106399536133,55.661540010396244,55.16741566114861,55.34140146283079,3026900
2013-08-26,55.459712982177734,55.74504692121125,55.4457911453712,55.65457622046892,4079000
2013-08-27,55.02128219604492,55.25094478689201,54.708109797345536,55.11175823405376,5179700
2013-08-28,55.23701858520508,55.45275929722299,54.93776277032908,54.9516792993259,5057400
2013-08-29,55.20918273925781,55.494516728543864,55.01431946664764,55.15350600147606,5617000
2013-08-30,55.487548828125,55.564097688587,55.139577258503216,55.271802844414644,4362700
2013-09-03,55.81464767456055,56.22525696151434,55.703299513274835,56.00951624865558,5966600
2013-09-04,55.74315643310547,55.86931996037101,55.37167642157312,55.86931996037101,5335000
2013-09-05,55.42071533203125,55.86929537659019,55.23147279815317,55.743131904839494,4025500
2013-09-06,55.55389404296875,55.848273719312004,54.89503970758457,55.448756916418624,4443600
2013-09-09,55.638023376464844,55.70811838928562,55.224490607815454,55.546907346296,3757100
2013-09-10,55.673065185546875,55.93240280294772,55.39270120545101,55.90436587018832,4682500
2013-09-11,55.96744155883789,56.002489059532905,55.46979806445598,55.70109873504833,4437900
2013-09-12,55.9814567565918,56.107620259206705,55.76417190084002,56.05154640304513,3322300
2013-09-13,56.296852111816406,56.3529259572929,56.00247244430911,56.14265171050414,3416100
2013-09-16,56.787513732910156,56.92769841780007,56.500144487008995,56.62630802966044,4083900
2013-09-17,57.23609924316406,57.36225743802143,56.75247143954839,56.78050837646078,4139300
2013-09-18,58.09120178222656,58.126249290258066,56.94872467688528,57.25712563556592,4916800
2013-09-19,57.34823226928711,58.13325033201987,57.01179442883077,58.09119225977654,5351700
2013-09-20,57.29214859008789,57.47438594526231,57.10991658241061,57.47438594526231,5330500
2013-09-23,56.787513732910156,57.18002550310297,56.73845043007343,57.166004360864505,5384600
2013-09-24,56.45108413696289,56.93471196700709,56.39501026007387,56.74546396938143,5686200
2013-09-25,56.219764709472656,56.885629744222385,56.12864870045314,56.54919194227024,5174300
2013-09-26,56.45108413696289,56.47211050392147,55.9674563069187,56.268846710823176,3941600
2013-09-27,56.212764739990234,56.54920260538226,56.00249575318137,56.3249124776204,3429200
2013-09-30,55.722110748291016,56.01649042733567,55.54688398493161,55.97443771532827,5231400
2013-10-01,55.9464111328125,55.9464111328125,55.38568324741701,55.63801026109524,4135500
2013-10-02,55.7641716003418,55.77819273805526,55.14036465952328,55.74314524126883,5448300
2013-10-03,55.680057525634766,56.00948469332866,55.57492039908406,55.771173516647295,3987600
2013-10-04,55.80620574951172,56.023485163477474,55.46275754018497,55.7781688335976,2841500
2013-10-07,55.41372299194336,55.78520296220593,55.343633339582105,55.54689707467813,4867100
2013-10-08,55.322601318359375,55.616981036656156,55.27353803197658,55.57492831904152,5526500
2013-10-09,55.722110748291016,56.20573832636184,55.28054122972403,55.44875742525006,5298600
2013-10-10,56.55618667602539,56.55618667602539,55.93938510306351,56.04452222095437,4663300
2013-10-11,56.65433883666992,56.83657088606098,56.38799063794729,56.5842491755581,4111000
2013-10-14,56.836578369140625,56.85761008299173,56.31089782034354,56.38799806196704,3642800
2013-10-15,56.493106842041016,57.14495060876634,56.35292757182979,56.892623644389026,5427700
2013-10-16,57.66365051269531,57.75477189878176,57.039843342945964,57.47440786409124,7383200
2013-10-17,57.88090133666992,57.90893825836619,57.21503647824972,57.509421482312476,4469200
2013-10-18,58.18231964111328,58.18231964111328,57.63561277291864,57.92999257156212,6371200
2013-10-21,57.733726501464844,58.15426974112913,57.60756299481582,58.15426974112913,3997400
2013-10-22,58.483699798583984,58.6869635328693,57.684666000357694,57.78979780473141,5125900
2013-10-23,58.40660858154297,58.48370881496862,58.028117984952985,58.36455050581175,4665200
2013-10-24,57.852874755859375,58.462665879883886,57.85287475585937,58.462665879883886,5510800
2013-10-25,58.42061233520508,58.43463347339203,57.782789582631004,57.85988980016706,4065100
2013-10-28,59.30375289916992,59.37384254290934,58.33650298157307,58.4276189836846,5402000
2013-10-29,59.92055130004883,59.92756186891167,59.22665471255013,59.40188150164052,4349400
2013-10-30,59.380836486816406,59.92053247475923,59.3037362960395,59.906516688934126,3556100
2013-10-31,58.93928527832031,59.50702376007654,58.93928527832031,59.3317969559229,4572200
2013-11-01,59.268707275390625,59.35982862787702,58.764053268533445,58.98133812273414,4170000
2013-11-04,59.13555145263672,59.57011056084192,58.97434041902943,59.310778279493235,3572800
2013-11-05,59.31075668334961,59.514020370190906,58.75703947040189,58.91824509781284,3207600
2013-11-06,60.7546501159668,60.78969762293012,59.34582482652184,59.542078031519395,6017100
2013-11-07,59.78738784790039,60.754637883859644,59.64019262628917,60.67753766206241,5870000
2013-11-08,60.17285919189453,60.193885544307385,59.10047243887492,59.78035302019991,5208100
2013-11-11,59.892494201660156,60.362105902365705,59.75932552309777,60.10276841675192,4309200
2013-11-12,60.02569580078125,60.05373273217207,59.5981419551926,59.86449012965642,4561000
2013-11-13,60.242977142333984,60.28503521443114,59.710291472418405,59.90654465054499,3228400
2013-11-14,60.551368713378906,60.71958493333727,60.193904566907314,60.26399956042908,2897300
2013-11-15,60.299041748046875,60.68454282267293,59.96961452927501,60.509316033751496,3324000
2013-11-18,60.179893493652344,60.404183587009285,59.85747681867034,60.292035866582,4157500
2013-11-19,59.78038787841797,60.144857343587425,59.52806080733963,60.00467801409886,4026200
2013-11-20,59.66822814941406,60.34109842127635,59.563096347168056,59.91354994798159,4471100
2013-11-21,60.011680603027344,60.22194956929357,59.731316633841104,60.13083355199466,3137000
2013-11-22,60.09577941894531,60.137837485555785,59.65420982576544,59.96961591410859,3380100
2013-11-25,59.836463928222656,60.36214445419598,59.745342547988024,60.14485953382779,2536200
2013-11-26,59.149566650390625,60.10280100669315,59.142556080087395,59.85748452106345,4633800
2013-11-27,59.17058181762695,59.29674532172093,58.925265378415695,59.2336662434226,3611600
2013-11-29,59.1986198425293,59.492999575035384,59.016382478240914,59.31076755824442,2698100
2013-12-02,58.665958404541016,59.24070236800903,58.55381597990096,59.177623256805276,4495900
2013-12-03,58.73601531982422,58.84815767169079,58.406588137315595,58.546767414022966,5767500
2013-12-04,58.3253173828125,58.586419406304834,57.94424388972514,58.586419406304834,6819800
2013-12-05,57.79603576660156,58.28295840507304,57.788977356191936,58.15593932163758,5321600
2013-12-06,58.67815017700195,58.748718130991975,58.03596941251626,58.233561837284235,4841200
2013-12-09,58.35354232788086,58.71344056422116,58.12066319802023,58.51584810882085,5371700
2013-12-10,58.14887619018555,58.43820638561419,57.94422537683886,58.18415747138996,4888900
2013-12-11,58.339420318603516,58.62169753722209,58.092429771308566,58.092429771308566,6606300
2013-12-12,57.358516693115234,58.325314510408695,57.13975438496479,58.26179957269333,6327400
2013-12-13,57.111507415771484,57.75368269038831,57.05505090829186,57.534920453890884,3798300
2013-12-16,57.16093063354492,57.37263993763603,56.87865335608719,57.20327034076664,4245600
2013-12-17,56.77983856201172,57.33733452221414,56.70221220147787,57.19619862160141,8210200
2013-12-18,57.45730972290039,57.591392618620105,56.4270024092398,56.864532385173895,7416900
2013-12-19,57.6266975402832,57.718435380937514,57.175050598621844,57.35853166392251,4075700
2013-12-20,57.7325439453125,57.93719485717534,57.492611735261306,57.549068273152805,7496100
2013-12-23,57.7678337097168,58.13479045760708,57.47849797557909,58.1065621871552,3718700
2013-12-24,57.89487838745117,58.014844540636766,57.72551408977775,57.90898983559314,1115400
2013-12-26,58.18415451049805,58.18415451049805,57.87365448534973,57.965392272599864,1799000
2013-12-27,58.36767578125,58.64995313142456,58.19125311038998,58.38884564031438,2361300
2013-12-30,58.50879669189453,58.635815801871104,58.34648552249543,58.36765537415819,2006900
2013-12-31,58.52997589111328,58.80519477466465,58.24769859455013,58.55820415916875,3009500
2014-01-02,57.93717956542969,58.565243577726086,57.73958711895312,58.522903877478356,3275900
2014-01-03,58.03595733642578,58.48054558363382,57.9512779628537,57.9512779628537,3287200
2014-01-06,58.064212799072266,58.297091953504925,57.923076854320385,58.00775626757504,3888400
2014-01-07,58.911033630371094,59.270931837550805,58.29708107884485,58.30413948996313,6332400
2014-01-08,58.74166488647461,59.00983067280642,58.43821781203984,58.80517981944434,5653300
2014-01-09,58.466453552246094,58.847527046842615,58.12772514637648,58.81224037023535,4565900
2014-01-10,58.9251594543457,59.02395569816061,58.39589155505517,58.713450141032894,3712000
2014-01-13,58.127723693847656,58.97455007135166,58.092437018122155,58.614646438116594,4487100
2014-01-14,58.127723693847656,58.473510503196195,58.0500973144442,58.311199332446016,4389200
2014-01-15,58.494686126708984,58.71344846261813,58.06421448353907,58.20535581637669,4189100
2014-01-16,58.4735107421875,58.69227305740547,58.07832581560255,58.34648624664364,3724700
2014-01-17,58.007747650146484,58.55819067448574,57.894839987916384,58.52996241293062,6259600
2014-01-21,58.51585006713867,58.6217047100716,57.97247079660284,58.0148105001797,4790700
2014-01-22,58.466453552246094,58.57230819807695,58.198293115600066,58.45234211199775,3920400
2014-01-23,58.17005157470703,58.466440208194605,57.77486673005693,58.466440208194605,5429100
2014-01-24,57.464359283447266,58.311185459480654,57.464359283447266,57.91600062853034,5906200
2014-01-27,57.90895080566406,58.40999032891577,57.457309393606465,57.464367804917146,5811000
2014-01-28,58.09243392944336,58.33942449441738,57.661962351635566,58.14183204243817,3867800
2014-01-29,56.610477447509766,57.774867534118464,56.525792672196296,57.774867534118464,7539700
2014-01-30,57.21736526489258,57.414957668283684,56.843350303618095,56.89274840446588,4589100
2014-01-31,56.70928192138672,57.0338988647268,56.38466497804663,56.596368871186385,6728600
2014-02-03,55.44607925415039,56.815119976274026,55.41079259026491,56.702206959031706,7073500
2014-02-04,55.62249755859375,55.86948803496634,55.24142423048093,55.72835215817874,5431700
2014-02-05,56.0459098815918,56.187051140626934,55.35433655627943,55.44607433666088,4829600
2014-02-06,56.02473449707031,56.5963417336539,55.64366121135192,56.589288709391184,6113800
2014-02-07,56.610477447509766,56.63870570594759,55.93301539697138,56.22940403458384,4553800
2014-02-10,56.878631591796875,56.963316357827416,56.5681315509966,56.575184576840584,4742000
2014-02-11,57.33735275268555,57.39380928447685,56.68811878905918,56.79397344017007,5068100
2014-02-12,57.506710052490234,57.760759031026424,57.1468118195561,57.49965702485741,4471200
2014-02-13,56.23646926879883,57.06918414979012,55.29789975181899,56.99861080313746,11197000
2014-02-14,55.10737228393555,56.32821930037649,55.086202428943835,56.285879590393066,13206500
2014-02-18,55.170867919921875,55.488426401617026,54.88859072286524,55.488426401617026,9800200
2014-02-19,54.408721923828125,55.34729133000425,54.34521238012693,55.07207253931949,10353400
2014-02-20,55.0509033203125,55.65779742567602,54.599261946645214,54.64160164292969,9580300
2014-02-21,55.199100494384766,55.68602856278363,54.97327979587908,55.050906165739484,7488400
2014-02-24,55.664859771728516,56.165899336274315,55.2626164377134,55.2626164377134,7747000
2014-02-25,55.91184997558594,56.27880659634939,55.7001407125365,55.76365026105721,7509200
2014-02-26,55.5025634765625,56.370559848071466,55.4461069397512,56.10239937420535,6586200
2014-02-27,55.798919677734375,56.074138404196354,55.32610857165749,55.50253110831202,7809200
2014-02-28,56.50463104248047,56.73751017047044,55.64368787887432,55.81305207014404,9870600
2014-03-03,56.11648941040039,56.250572288182475,55.82010078118807,55.86949888605678,5767200
2014-03-04,57.0550651550293,57.111521676606195,56.31409349929581,56.32114652650024,7518000
2014-03-05,57.64354705810547,57.89939358711041,57.07499801096437,57.13185400009559,6398300
2014-03-06,57.79985809326172,57.87803366839204,57.53690339308867,57.68614619413334,5874500
2014-03-07,57.963321685791016,58.0130692943057,57.586660446739465,57.92779077804206,4032200
2014-03-10,58.08415222167969,58.15521947182305,57.714593845600376,57.956229002588174,4313500
2014-03-11,58.85167694091797,58.972497211621395,58.12678242711134,58.162313335602995,5837300
2014-03-12,58.38262939453125,58.66690377564954,58.17653060377257,58.41816030336926,5674500
2014-03-13,58.133880615234375,58.780599426390275,58.01306036565159,58.425257871094416,6119000
2014-03-14,57.565345764160156,58.41106060366318,57.46585053858134,58.084146945035215,7763000
2014-03-17,58.311580657958984,58.37553956741228,57.77145970465361,57.89938294564476,7762000
2014-03-18,58.24047088623047,58.432358336566196,57.98462456717023,58.29021848037656,3488300
2014-03-19,57.82829284667969,58.268912952247234,57.700369656205986,58.26181002428044,5106000
2014-03-20,58.17654800415039,58.21208434570003,57.74303066325031,57.82120627699193,3241100
2014-03-21,58.375518798828125,58.681112797912746,57.92068197536488,58.43237475728169,9206700
2014-03-24,58.19784164428711,58.681106394240075,57.94199528124836,58.51054395957492,5253600
2014-03-25,58.5603141784668,58.63138143518353,58.20497247279902,58.20497247279902,4170500
2014-03-26,58.894317626953125,59.51260852917772,58.62425454590568,58.68111050213487,6388200
2014-03-27,58.6597900390625,59.13594646601857,58.63136206135257,58.880100088711536,4352000
2014-03-28,58.95115661621094,59.135935726727794,58.77348585435126,58.77348585435126,4078100
2014-03-31,59.342063903808594,59.5552710926559,59.10753708049337,59.51262640163601,6620900
2014-04-01,58.901432037353516,59.17859810039944,58.794833876246216,59.036463604200726,4676800
2014-04-02,58.79481887817383,58.95116461527652,58.58872011580135,58.85877775852283,4919200
2014-04-03,58.9227180480957,59.05774410338804,58.70240267626527,58.92982097274065,3362700
2014-04-04,58.695335388183594,59.11464138498352,58.688232458570006,59.10753303328625,4404100
2014-04-07,59.633445739746094,59.86086420721366,58.48924505033875,58.53899267065716,8976500
2014-04-08,59.32073211669922,59.69739337402587,59.09331369215768,59.6476457630975,6552700
2014-04-09,59.633445739746094,59.69740464211949,59.18571173479646,59.320743313696696,4926400
2014-04-10,59.42735290527344,60.280170888843216,59.41313619969939,59.59080706478347,7665500
2014-04-11,59.09332275390625,59.85375373589667,58.26892744972327,58.26892744972327,6703700
2014-04-14,59.37759017944336,59.633436593866136,59.02224853964318,59.39180145931879,4617800
2014-04-15,59.66896057128906,59.72581652835059,59.37047492983976,59.67606892144238,5673800
2014-04-16,60.244590759277344,60.393838948903934,59.9603219194262,59.995852813367314,5578400
2014-04-17,60.7989387512207,61.076104714498385,60.04561101070052,61.04767674107484,11168400
2014-04-21,61.05479431152344,61.083216867158335,60.415178368091354,60.55731283459522,4889800
2014-04-22,60.507572174072266,60.997945357334835,60.507572174072266,60.997945357334835,4483300
2014-04-23,60.699466705322266,60.90556010260185,60.450723198518844,60.59996604935075,4805300
2014-04-24,60.777618408203125,60.88422196127115,60.40806556926018,60.678123204561494,3749700
2014-04-25,60.58573913574219,60.969508691181495,60.48624392752631,60.73498194806599,3749300
2014-04-28,61.70151138305664,61.82943456801168,60.72787350744986,60.79183781096847,5978500
2014-04-29,60.94818115234375,61.78678738564854,60.94818115234375,61.77967903681808,4869100
2014-04-30,61.040584564208984,61.16850776746598,60.71367091634841,60.92687806247107,4387500
2014-05-01,60.813148498535156,61.21112927229971,60.37252305466627,61.11874242755619,3848700
2014-05-02,60.777618408203125,61.01925348996278,60.47913279727822,60.656803578364276,3438000
2014-05-05,61.05479431152344,61.17560915025996,60.50756522911063,60.52888485687798,2989800
2014-05-06,60.6710205078125,61.10453764907673,60.63548418262745,60.75629901292549,3141100
2014-05-07,61.68730545043945,61.914723863165754,60.628383552420196,60.628383552420196,5500600
2014-05-08,61.587825775146484,61.893414430598895,61.41725785599777,61.680212664789025,3507900
2014-05-09,61.950233459472656,62.00708939861605,61.417221229685126,61.523824760058794,3330100
2014-05-12,61.77972412109375,62.31273680863726,61.566516877242165,62.056890284849544,3218600
2014-05-13,61.99290084838867,62.14214367678449,61.69440976951425,61.7939049884448,2259400
2014-05-14,61.71573257446289,62.14214687420024,61.67309331332238,62.000006966926776,2726300
2014-05-15,60.933982849121094,61.758378055710644,60.89845193840589,61.71573337193603,3877100
2014-05-16,61.50251770019531,61.55937365095145,60.81315420800241,60.82736548465049,3672600
2014-05-19,61.1898307800293,61.260898025304215,60.72788555261741,61.07612427200607,4201400
2014-05-20,60.87001419067383,61.28931465558972,60.66391542209267,61.090324236844396,4510200
2014-05-21,61.1898307800293,61.22536711370839,60.784741517670646,60.96241234189959,2647100
2014-05-22,60.82028579711914,61.18983877407835,60.69236257007865,61.1614107878378,2970600
2014-05-23,60.997928619384766,61.1542797608311,60.663906712127854,60.663906712127854,2750700
2014-05-27,61.495418548583984,61.5664857866176,60.87001926297241,60.98372575940965,4400100
2014-05-28,61.87918472290039,61.94314902905581,61.36038361195107,61.36749196198666,4030700
2014-05-29,62.34823989868164,62.42641006283834,61.74415483736325,61.82233042360251,4647300
2014-05-30,62.7746467590332,62.88125032073554,62.1208195329797,62.2629540005279,5181600
2014-06-02,62.447723388671875,62.8172761998047,62.36954781711043,62.6253941563876,2876100
2014-06-03,62.696449279785156,62.710660552744024,62.04972520750675,62.14211745902109,5174700
2014-06-04,62.59980773925781,63.04372919182985,62.5353649732947,62.66424504258076,3872400
2014-06-05,62.836097717285156,62.950654760372295,62.449457454414286,62.85757682144893,2937800
2014-06-06,62.94350051879883,63.05805756519482,62.67141729115628,62.90769836906446,3675400
2014-06-09,63.00791931152344,63.24420031997513,62.87903925806247,62.87903925806247,2280100
2014-06-10,63.30866622924805,63.523468236314386,62.77166667422417,62.89338526232884,3420600
2014-06-11,62.85041427612305,63.36593461822606,62.821773650157226,63.11533596932622,3747600
2014-06-12,62.44943618774414,62.80027418243959,62.25611339082281,62.71435233240355,3856200
2014-06-13,62.427955627441406,62.54967414849313,62.16303402635329,62.399315011434126,3047500
2014-06-16,62.68574905395508,62.82178522405412,62.08430672314859,62.19886924811816,3894500
2014-06-17,62.49241256713867,62.98645378899672,62.34205338279941,62.757334251531084,3393100
2014-06-18,63.652320861816406,63.702440580137036,62.37068182174368,62.53535855509448,5314400
2014-06-19,64.51151275634766,64.51151275634766,63.666633666125406,63.69527428339522,5380400
2014-06-20,63.79552459716797,64.61176320938519,63.79552459716797,64.54016438531423,5697000
2014-06-23,63.28717041015625,63.910091696053314,62.82176982616238,63.867128028399385,4187700
2014-06-24,63.04374313354492,63.416060381240115,62.89337846725887,63.17262323133198,4309700
2014-06-25,63.42320251464844,63.523441953100196,62.93632290103721,62.99360414090669,3965300
2014-06-26,63.4446907043457,63.824169413233584,63.00076922571131,63.78836726752547,3539300
2014-06-27,63.55209732055664,63.66665436423934,63.26569651738844,63.322977770550274,3646100
2014-06-30,63.967376708984375,64.08193922239951,63.25853891081248,63.337299273125055,4473400
2014-07-01,63.81700134277344,63.924402306236,63.602204878488244,63.80984528447854,3541000
2014-07-02,64.2036361694336,64.21795921010653,63.73107961737638,63.93155848568183,2829600
2014-07-03,64.45420837402344,64.5401301949753,64.10337049808513,64.3682920157088,2216800
2014-07-07,64.33969116210938,64.39697241146949,64.06761342160972,64.16069135483946,2534500
2014-07-08,64.24661254882812,64.49721118382529,64.06761274345293,64.48288814031658,3128700
2014-07-09,64.27522277832031,64.51150374079634,64.16782730686614,64.3683061370985,2603300
2014-07-10,64.51151275634766,64.59743460815709,63.83131584976702,63.888597084306646,3145600
2014-07-11,64.33251953125,64.59027965022624,64.04611879209422,64.38980077160912,3655300
2014-07-14,65.21321105957031,65.43516907241735,64.49005030906012,64.58312824223843,4496100
2014-07-15,64.68336486816406,65.12012481556981,64.56880783715816,64.66188576626548,3959100
2014-07-16,64.79793548583984,65.07001324840088,64.4828940514547,64.8910134266168,5121600
2014-07-17,64.4327621459961,64.91964178776388,64.41844456652058,64.54732463236029,2823800
2014-07-18,64.5043716430664,64.64041325247653,64.21797630504224,64.533012269397,5273200
2014-07-21,64.37548065185547,64.54015738308821,63.99599654643493,64.16784026072935,3024100
2014-07-22,63.84563064575195,64.18215105571328,63.73107364430239,64.16067195935642,5304400
2014-07-23,65.02706146240234,66.65237760118382,64.98410324897601,65.34210292790635,10953700
2014-07-24,65.80748748779297,66.1153618921434,65.413685752349,65.59984706934436,5614700
2014-07-25,65.54974365234375,65.97934217620399,65.36358228903572,65.85762359592788,2925000
2014-07-28,65.13443756103516,65.72871811193035,64.89815655222533,65.54971834088767,4653900
2014-07-29,64.54016876220703,65.13444942131432,64.54016876220703,65.09149121648649,4268600
2014-07-30,63.65950393676758,64.83374241726956,63.52346231413235,64.79077874227654,4250200
2014-07-31,63.079524993896484,63.659488028923114,63.05804589308811,63.17976443942897,4825900
2014-08-01,63.086692810058594,63.67381196217944,62.621292216424116,62.80029202454194,3987700
2014-08-04,64.21797180175781,64.23945090433931,63.10100930375504,63.24421242536593,6488900
2014-08-05,63.86711883544922,64.21080081400893,63.64516085797424,63.995998894579145,7678800
2014-08-06,64.80506896972656,64.98406871406472,63.31578978579978,63.31578978579978,6589900
2014-08-07,64.36837005615234,65.0485675431242,64.11060974342443,65.00560931188416,4625600
2014-08-08,64.6475601196289,64.69051831806605,64.08908168938713,64.36832090450801,4739900
2014-08-11,65.72156524658203,65.7716849705688,64.94112330148509,65.2275240653981,5231100
2014-08-12,65.30628204345703,65.79316168565852,65.17024045643838,65.48528183158052,2776000
2014-08-13,65.6857681274414,65.77885152385197,65.21321147407943,65.55688804695347,3690300
2014-08-14,65.72156524658203,65.92920566385295,65.48528420665578,65.74304434791347,3624900
2014-08-15,65.76451873779297,66.40891904477155,65.36356097462401,65.94351851958481,3844600
2014-08-18,65.97933197021484,66.24424819658536,65.87193099020267,66.01512865512507,2974700
2014-08-19,65.77167510986328,66.12967464542201,65.71439387314042,66.02943521247673,3086300
2014-08-20,66.03661346435547,66.18697265186977,65.52824918793566,65.74305114875081,5709300
2014-08-21,65.90773010253906,66.72396877281658,65.87908947834539,66.28004729177562,4060300
2014-08-22,65.58553314208984,66.29437090176731,65.58553314208984,66.065251350021,3865500
2014-08-25,66.72396087646484,66.91011671773252,66.28720096882014,66.28720096882014,5031800
2014-08-26,66.30152893066406,66.95309086505456,66.27288830537474,66.738288906705,3143400
2014-08-27,66.03661346435547,66.38745156855549,65.91488943981847,66.38745156855549,2955100
2014-08-28,66.28721618652344,66.37313260602028,65.7358936690935,65.93637259810762,3234300
2014-08-29,66.22274017333984,66.52346387857469,65.87906374255485,66.39458385137073,3657700
2014-09-02,66.21563720703125,66.68819404390392,66.14403288578873,66.31587670159948,5130300
2014-09-03,66.88262176513672,66.88983436992751,66.20477995654502,66.6302356135139,4929600
2014-09-04,66.2336196899414,67.17106018157244,66.17592985934148,67.02683560507263,4466800
2014-09-05,66.1615219116211,66.23363146188476,65.90192312938707,66.23363146188476,3148000
2014-09-08,66.24085998535156,66.52209115008512,65.90193896590154,65.96684142785939,3534300
2014-09-09,65.92359161376953,66.19040314789984,65.83706230662061,65.98128148627485,3259200
2014-09-10,66.19036102294922,66.28410287990427,66.00287180743356,66.10382626926379,3720500
2014-09-11,66.08940887451172,66.30573751388933,65.9668220953705,66.11825379341654,3670600
2014-09-12,65.52696228027344,66.1975916747486,65.31784069472666,66.05336704595406,3587700
2014-09-15,65.76490020751953,65.84422235011392,65.4620368457619,65.6711583579103,3770700
2014-09-16,66.75282287597656,67.12779580376252,65.58462846355687,65.72164044755824,5155400
2014-09-17,66.95474243164062,67.28645078625348,66.37786048946424,66.82494303186982,4997200
2014-09-18,67.32971954345703,67.42346141297168,66.84657398098823,67.04127582746531,4753300
2014-09-19,67.63257598876953,67.9354393835777,67.36576461623525,67.68305322123756,6259500
2014-09-22,67.48114776611328,67.62536686584644,67.27202622037599,67.36576808504195,3790600
2014-09-23,67.01244354248047,67.48116398165452,66.94754108088046,67.45953166165695,3386300
2014-09-24,67.4234619140625,67.81286010830439,67.12059848574313,67.14223080182218,4227300
2014-09-25,66.824951171875,67.37299376006554,66.68794465103267,67.35136144106976,4372400
2014-09-26,67.15665435791016,67.30087897604044,66.65909455477893,66.7023591894147,3536300
2014-09-29,67.17105865478516,67.34412264104616,66.70955102368589,66.70955102368589,2973500
2014-09-30,67.12781524658203,67.37299436782916,67.00522843676202,67.02686075595295,4219300
2014-10-01,66.81050872802734,67.2215391539188,66.64465183614597,66.82492843524933,4842800
2014-10-02,66.76004028320312,67.0052138494679,66.57976366038282,66.9258916952985,3513800
2014-10-03,67.4234619140625,67.44509423014155,66.81052245152866,67.07012124768991,4084400
2014-10-06,67.32971954345703,67.53162849416935,66.91147643034935,67.42346141297168,3733100
2014-10-07,67.13502502441406,67.45231369679597,66.99080590148058,67.27203704232569,6799900
2014-10-08,67.74076080322266,67.74076080322266,66.88985473186611,67.02686125496436,5715200
2014-10-09,67.47392272949219,69.38485570772623,67.46671012535255,68.75749118609774,9094000
2014-10-10,68.25273132324219,69.15411444821473,67.5388374287136,67.5388374287136,8350900
2014-10-13,67.74076080322266,68.82962788905816,67.66143863119396,68.2960105058164,5194500
2014-10-14,67.07011413574219,68.1589809413734,66.76724523793196,68.11571631380298,5869000
2014-10-15,66.17594909667969,66.74562396084694,65.44763540465395,66.22642633772708,8580700
2014-10-16,65.46926879882812,65.64233284217902,64.76979451737624,65.09429028636,7226400
2014-10-17,65.98844909667969,66.34178969700775,65.29618760351225,65.68558022336462,6260100
2014-10-20,67.45950317382812,67.58208993645138,66.04612984596521,66.09661257345068,6883100
2014-10-21,67.58927917480469,67.75513050181736,66.46434988440919,67.25035841751388,6982200
2014-10-22,68.11571502685547,68.51953288083189,67.52440795427329,67.67583964951444,5148200
2014-10-23,67.61093139648438,68.73585551668134,67.42344220924997,68.46183709041931,5805000
2014-10-24,68.21668243408203,68.353694446938,67.45952381420965,67.61095553818411,4005800
2014-10-27,68.23109436035156,68.67817683885323,68.00754761949511,68.1301398973605,3135500
2014-10-28,68.69261169433594,68.69261169433594,68.00035006450425,68.28158117969816,3368300
2014-10-29,68.28157043457031,68.86566488934841,67.83448246204054,68.86566488934841,3274300
2014-10-30,68.97383117675781,69.29832686983644,67.89217153102175,68.10850015920568,3567200
2014-10-31,69.34881591796875,69.75984643332991,68.92336569224685,69.52188545193606,5259300
2014-11-03,69.10363006591797,69.53629282083344,68.94498577207436,69.18295221283977,4330400
2014-11-04,69.75263977050781,69.8319564304036,69.21901695647357,69.32718404048626,3944500
2014-11-05,69.86801147460938,70.56748569119928,69.49303849851908,70.32230660938137,3804100
2014-11-06,69.81031036376953,70.09154142584615,69.59398173995962,69.91847742647715,4198500
2014-11-07,69.80313873291016,69.81034583957587,68.86569771520132,69.81034583957587,5273400
2014-11-10,69.92570495605469,69.9401246667443,69.34161039501163,69.51467443131948,3345500
2014-11-11,69.7309799194336,70.2213324439616,69.68771530014146,69.91846910570732,3263600
2014-11-12,70.06270599365234,70.22855739784131,69.38486416364792,69.7309921820631,3247500
2014-11-13,71.0578384399414,71.36070186349232,69.60841276779595,69.60841276779595,6257900
2014-11-14,70.46652221679688,71.06504188254986,70.20692345819572,71.02177175504599,4335400
2014-11-17,70.9713134765625,71.06506085985072,69.83917628318227,69.83917628318227,3745200
2014-11-18,70.62518310546875,71.02900104633474,70.56749325631452,70.97131119718051,3908600
2014-11-19,70.96410369873047,70.98573601664165,70.48817069825742,70.62518271383726,3396800
2014-11-20,70.71170806884766,71.1155314867139,70.57470156246323,70.67565604152817,3727100
2014-11-21,71.31021118164062,71.48327517652562,70.8414909231221,71.41116563712397,5259800
2014-11-24,71.1588134765625,71.56984409918367,71.02180143515282,71.30303262423006,4540700
2014-11-25,71.33907318115234,71.52656242977848,71.02899713602724,71.03620974217617,3640900
2014-11-26,71.64192962646484,71.85105117151683,71.39675605740071,71.56982007683456,2685600
2014-11-28,72.18274688720703,72.61540961098709,71.7645038701908,71.90872844585415,2504300
2014-12-01,71.8726806640625,72.21881419094477,71.02177480798292,71.07225204090265,3658500
2014-12-02,72.39186096191406,72.5216603158797,71.82939892859778,72.09621023997283,3888000
2014-12-03,71.36481475830078,72.36647513933028,71.26319727925738,72.36647513933028,4943800
2014-12-04,70.95108032226562,71.33577583081392,70.69703664093534,71.16157524043557,4582600
2014-12-05,70.95834350585938,71.0817353655545,70.55186805960312,70.85672602872961,5308200
2014-12-08,70.97289276123047,71.21242216252774,70.76965770718667,71.03822147873876,4233800
2014-12-09,70.50108337402344,70.95110773894604,69.83330957142014,70.56641208174499,3459700
2014-12-10,69.81149291992188,70.84218736578468,69.73164984645152,70.57362933478049,3972300
2014-12-11,69.89138793945312,70.40673554541138,69.68815288783463,69.89864791636516,4784700
2014-12-12,68.76630401611328,70.23976312902352,68.7445296312309,69.4340831996868,3935900
2014-12-15,68.3307876586914,69.47761972070661,68.1275527186354,69.04936992181422,4555200
2014-12-16,67.20574188232422,68.933250254279,67.16219311252293,67.89529545135868,6962800
2014-12-17,68.02592468261719,68.30174269588993,67.08958767901944,67.35089128642979,6189200
2014-12-18,69.21630859375,69.25260291672552,68.04044230481908,68.74451008374916,8122800
2014-12-19,69.2743911743164,69.82602733745678,69.10744500801255,69.17277369490964,7678700
2014-12-22,70.13086700439453,70.15990135346466,69.29614746626952,69.52841672109479,3623000
2014-12-23,70.66801452636719,70.76963201650005,70.30509333653899,70.58091144722279,3065800
2014-12-24,70.47203826904297,71.05271442318168,70.44300944530043,70.76963632091707,1604100
2014-12-26,70.4429931640625,70.82042870060057,70.38492445452219,70.49380190047603,1492700
2014-12-29,70.2107162475586,70.47927430901112,69.69536342846229,70.13087316503587,2453800
2014-12-30,69.65184783935547,70.24703848667859,69.62281347390812,69.83330847009714,2134400
2014-12-31,68.63565063476562,69.66635097730531,68.62113622441443,69.44133608382941,3727400
2015-01-02,68.5485610961914,69.20181485523948,68.26548299054036,68.90422233754353,3545700
2015-01-05,68.03319549560547,68.99130702954123,68.02593552264942,68.55579725596759,6441000
2015-01-06,67.51786804199219,68.67922049159586,67.45980484970312,68.28726487051546,6195000
2015-01-07,69.49214935302734,69.84781611378091,68.54129758756739,69.0493850490182,6526300
2015-01-08,70.75511169433594,71.06722411302253,70.17443562402774,70.21798439109276,7131600
2015-01-09,70.27605438232422,70.89301925714872,70.10910820931316,70.80592172143645,4061500
2015-01-12,69.98572540283203,70.65349910585677,69.81878474594497,70.37042100266719,4192700
2015-01-13,69.93490600585938,70.76236580268764,69.55021046459994,70.16717532535964,5371300
2015-01-14,70.16715240478516,70.26151541914798,69.28888415426276,69.28888415426276,5127800
2015-01-15,70.16715240478516,70.63895086339255,69.95665753747615,70.50829906774335,4424000
2015-01-16,70.61719512939453,70.71881260419941,69.92764165009055,70.1599164927726,4404400
2015-01-20,70.77689361572266,71.37208415919548,70.28332056471558,71.37208415919548,7029500
2015-01-21,70.69705963134766,71.29225025161959,70.11638342427024,70.42123594100346,5031100
2015-01-22,71.78582000732422,71.85840314537792,70.43575259611926,70.75512504884169,7620400
2015-01-23,71.51725006103516,71.85113689712219,71.20513761068932,71.39385818334303,4857700
2015-01-26,71.63336944580078,71.8220844331483,70.8930072907905,71.27044834095872,4298700
2015-01-27,70.20345306396484,71.16882444468241,69.13646422609133,70.87848647949282,7365300
2015-01-28,69.4776382446289,70.96561190260766,69.43408947093086,70.55914191412383,6280100
2015-01-29,69.70265197753906,70.02928441388221,68.86067758629206,69.47764258239987,4600300
2015-01-30,68.06948852539062,69.19454628098148,67.90980233683067,69.03486009242152,7741500
2015-02-02,69.19454956054688,69.27439265861112,67.93883991277617,68.12756046617689,6889500
2015-02-03,69.82603454589844,70.08733824498772,69.37601581570748,69.6953826963538,5090400
2015-02-04,70.11637115478516,70.60268420891404,69.70264122940512,69.70264122940512,5064700
2015-02-05,70.12361907958984,70.5736432608852,69.97845284703615,70.5736432608852,4466200
2015-02-06,70.19622802734375,70.45027179666658,69.9349242824006,70.17445363822164,4629200
2015-02-09,69.65908813476562,70.34138168566626,69.38326450981222,70.10185239170276,4217100
2015-02-10,71.12530517578125,71.20514829397025,69.95669830527545,70.2107476110071,6797400
2015-02-11,72.87457275390625,73.13587644187236,72.00355861477333,72.62052903997743,9736400
2015-02-12,72.78021240234375,72.94715858496374,72.13421313252081,72.620531731768,9062300
2015-02-13,71.95275115966797,72.69311346806751,71.81484487691726,72.69311346806751,5643000
2015-02-17,71.39387512207031,71.6479189122214,71.13257135570369,71.45919829479232,5877800
2015-02-18,72.09791564941406,72.21404753563446,71.24868150323876,71.30674467748037,3472500
2015-02-19,71.65514373779297,72.29388288794306,71.51723194604715,72.07613354794799,4186300
2015-02-20,71.9019546508789,71.9092146262815,71.00917149721512,71.29224962279034,3945500
2015-02-23,72.18505859375,72.20683852774742,71.66971091062396,71.97456907144075,3075700
2015-02-24,72.27938079833984,72.56245886499167,71.96000839996856,72.18501775096424,3389900
2015-02-25,72.2212905883789,72.45355984413862,71.79304639777712,72.35194239085224,3366100
2015-02-26,71.90918731689453,72.11968222171905,71.8438641762955,71.96725602258472,5722000
2015-02-27,71.84388732910156,72.12696543839684,71.8366273541165,72.01808796457442,6461700
2015-03-02,71.85836029052734,72.07611511256239,71.66238538088392,71.84384588666808,3613600
2015-03-03,71.42288970947266,71.8220996869424,71.21965473363531,71.72774217322869,4148100
2015-03-04,71.14156341552734,71.4996079294992,70.96619547039676,71.40461812064648,3884200
2015-03-05,71.04656982421875,71.48499245112725,71.03195257757564,71.38999707248553,3537200
2015-03-06,70.27202606201172,70.98812071471532,70.10396672887767,70.87851365080141,6466100
2015-03-09,70.17704010009766,70.51316435966986,70.12589087744205,70.14781117645914,4810500
2015-03-10,69.00059509277344,69.85552011293419,69.00059509277344,69.69476383737988,5390300
2015-03-11,68.4160385131836,69.14674491626091,68.28451113763579,69.02252616570115,4637300
2015-03-12,69.9359130859375,69.97245063807644,68.56949002871858,68.65717680894336,4455000
2015-03-13,68.92021942138672,69.84821398868701,68.64255302857684,69.33672179802493,4703800
2015-03-16,69.74592590332031,69.80438375517227,69.03714535529379,69.09559763229815,4687400
2015-03-17,68.78137969970703,69.62900165513739,68.73023048342047,69.3732555737046,4507400
2015-03-18,69.1540298461914,69.45362204472708,67.40033396472579,68.67906973196283,7692100
2015-03-19,68.75946044921875,69.11020191969438,68.46717681963015,69.00059486174283,4386400
2015-03-20,69.66552734375,69.76783134194702,68.75945320484954,68.83252271083657,8810400
2015-03-23,70.03820037841797,70.23549420876428,69.66553859042247,69.76053398090288,4739400
2015-03-24,70.04549407958984,70.99541433293395,70.00895654105905,70.66659321069375,7118600
2015-03-25,69.60709381103516,70.4693275932889,69.58517351082618,70.46201896827007,4965600
2015-03-26,69.87744140625,70.13319307092307,69.26365079066657,69.59977501941654,5077700
2015-03-27,70.11124420166016,70.264697380068,69.54860298859573,69.62167247960029,4245600
2015-03-30,70.52777862548828,70.64469432433822,69.81899810688816,70.35241065206074,5021200
2015-03-31,69.8701400756836,70.57892052067966,69.8701400756836,70.30856275114766,4397600
2015-04-01,69.48286437988281,69.62170037080205,68.81061587357915,69.53401917640846,4241200
2015-04-02,69.92127990722656,70.09664783889781,69.25633457175212,69.25633457175212,3586200
2015-04-06,70.49851989746094,70.94424544481832,69.80434582730231,69.80434582730231,4861800
2015-04-07,70.30126190185547,70.78353080059432,70.28665022682432,70.63738617604585,3376600
2015-04-08,70.16973876953125,70.58624121869248,69.92130125504983,70.22088799750375,3879100
2015-04-09,70.40355682373047,70.60815371299869,69.88475597598688,70.02359196863908,3487000
2015-04-10,70.29396057128906,70.52778641998322,70.25742859249658,70.3524184271746,2704900
2015-04-13,69.80435180664062,70.35238137351975,69.76781984708904,70.15509318237508,3772900
2015-04-14,70.50585174560547,70.73237449727482,69.70207590299147,69.90667278203719,4501700
2015-04-15,70.60816955566406,71.0977471646584,70.5131797142897,70.68854771946097,3508700
2015-04-16,70.47661590576172,70.82004873681208,70.30124796591446,70.53507374399291,3699000
2015-04-17,70.00895690917969,70.23547961453954,69.6801413600562,70.03087720247515,4991600
2015-04-20,70.51313781738281,70.83465028153684,70.32315267266952,70.33776991641018,4468600
2015-04-21,70.71775817871094,71.2877082277887,70.54239021934399,71.02465350131482,4184300
2015-04-22,71.0831069946289,71.34616170499963,70.64468433562656,71.06118669790578,5293600
2015-04-23,69.95051574707031,71.20002283671168,69.74591330255332,70.63737587027147,7827700
2015-04-24,69.54132843017578,69.93591056469069,69.05906509344481,69.93591056469069,5381700
2015-04-27,69.04443359375,69.61438358991799,69.0225132977199,69.54131407820222,5348500
2015-04-28,68.9932861328125,69.24903221774545,68.70100250366919,69.22711192115786,5065900
2015-04-29,68.96405029296875,69.02981675097949,68.14566290329545,68.84714019794941,4963600
2015-04-30,69.50479888916016,69.65824657326154,68.51103768034841,68.80332137261911,6714400
2015-05-01,69.82627868652344,69.87012484690595,69.24171710493037,69.53400068314969,4622300
2015-05-04,70.11124420166016,70.33045824951866,69.6070608113373,69.74589117179252,3729400
2015-05-05,69.72398376464844,70.27201341070753,69.59245642660042,70.16240636652654,3502800
2015-05-06,69.767822265625,70.12586670077452,69.3805433420687,70.08932916511131,3376400
2015-05-07,69.5267105102539,69.90667536037478,69.38056589494046,69.5267105102539,3157400
2015-05-08,70.54969787597656,70.59353847150525,69.81899155131538,70.08204627418115,5231600
2015-05-11,70.40355682373047,70.9515865949191,70.23549748248034,70.34509897684038,3070300
2015-05-12,70.29396057128906,70.42548795960752,69.41711503239796,70.1478215064232,4229900
2015-05-13,70.4474105834961,70.84929578074247,70.27203702393811,70.34510655299674,3739800
2015-05-14,71.60919189453125,71.60919189453125,70.6885007235022,70.76157021250728,4018500
2015-05-15,71.76996612548828,71.93072238654706,71.42653330865289,71.48499114446446,3809500
2015-05-18,71.64574432373047,71.8503411654243,71.36807240299241,71.61651540708195,3328300
2015-05-19,71.57266235351562,71.85763729484344,71.29499603435771,71.56535930619101,3323900
2015-05-20,71.38270568847656,71.85035731024288,71.37539706396073,71.60922287484388,2789800
2015-05-21,71.02464294433594,71.45576251663884,70.80543442142175,71.17078753445814,3406100
2015-05-22,70.3377914428711,71.03196021218253,70.31587114539657,71.03196021218253,3311100
2015-05-26,69.99434661865234,70.35239109084448,69.78244115454187,70.19163483704716,3806200
2015-05-27,70.42547607421875,70.57162068926841,69.93590415720818,70.14050104343069,4028200
2015-05-28,70.92234802246094,71.16348242694082,70.0966519531513,70.54969184264262,5321700
2015-05-29,70.46199798583984,71.05386821462284,70.10395351440225,71.03194792094136,5731700
2015-06-01,70.12590026855469,70.57893470850323,69.88476579738007,70.57893470850323,4407000
2015-06-02,70.18433380126953,70.40354231967687,69.68745335476184,69.87743295574569,3959800
2015-06-03,70.1497573852539,70.66502091638873,70.0393421668818,70.53252377753245,3248800
2015-06-04,69.2958755493164,70.38529693342062,69.28115614313076,69.9362792294267,4793700
2015-06-05,68.4935531616211,69.17812084838893,68.3831379316356,69.09715005412968,4741200
2015-06-08,68.3389663696289,68.75854535386814,68.2653580905516,68.6775745620976,4466600
2015-06-09,68.50824737548828,68.69227081913319,68.25061567757538,68.3095045273697,3411900
2015-06-10,68.96464538574219,69.2517215828485,68.55242894644877,68.72909554155363,3892000
2015-06-11,69.25906372070312,69.40628585191916,69.11184720543716,69.19281797361846,3020100
2015-06-12,69.00143432617188,69.24434663886606,68.78060954586374,69.163375867968,3748500
2015-06-15,68.19173431396484,68.76588662261622,68.11812605161602,68.65547142111778,7203000
2015-06-16,68.8615951538086,68.97936727215829,68.14758308347437,68.28743712301765,2728700
2015-06-17,69.2296371459961,69.39157309502905,68.6407597489544,68.87630958458085,3108900
2015-06-18,70.09822082519531,70.31168310276104,69.28115619054559,69.4357352273779,4035400
2015-06-19,69.82587432861328,70.15711436818788,69.7228216222589,69.84059373697049,5463300
2015-06-22,70.37056732177734,70.57667269063737,69.92891215765586,69.92891215765586,3626700
2015-06-23,70.37056732177734,70.47362000620736,70.03196484208587,70.37792983236524,3679900
2015-06-24,70.14238739013672,70.49570931209264,70.12030547200831,70.12030547200831,4742000
2015-06-25,69.80376434326172,70.65763008346282,69.80376434326172,70.48096917444691,4426400
2015-06-26,69.8626708984375,70.26015664051764,69.80378204185138,70.00252491289145,5119600
2015-06-29,68.96464538574219,69.75226570374308,68.91311903282443,69.48727142703706,3625600
2015-06-30,68.70697784423828,69.70806564657028,68.64809462100314,69.5682116734444,4188500
2015-07-01,69.57556915283203,69.61237608161944,68.86156303151627,69.04558644355565,4808600
2015-07-02,69.67865753173828,69.91420737626932,69.34741187739849,69.6344880749222,3209600
2015-07-06,69.48727416992188,69.87004057585555,69.20019796148374,69.22227988275569,4952400
2015-07-07,70.95944213867188,71.15082809561943,69.59030724656604,69.76696818285231,7724800
2015-07-08,70.3779296875,70.87111119282133,70.30432142962295,70.45153794537705,6055100
2015-07-09,69.62710571289062,71.6587260527483,69.2517019406607,71.6513635427194,9932300
2015-07-10,70.33377838134766,70.86376130201442,69.93628697888425,70.23808257471043,7233600
2015-07-13,71.56304168701172,71.76178454630517,70.78278403918912,70.8858367241487,7263800
2015-07-14,71.49678802490234,71.75442534496928,71.20235500074007,71.69553649375683,4479400
2015-07-15,70.92264556884766,71.65137695149424,70.90056365057818,71.45263407111817,5464700
2015-07-16,71.32750701904297,71.65138454791717,71.30542509843238,71.46736105489383,4253000
2015-07-17,71.23916625976562,71.2686106894798,70.70182086134639,71.06250529743129,3573300
2015-07-20,71.6292953491211,71.7544355797846,71.25389150498283,71.4599968976746,3391800
2015-07-21,71.34957122802734,71.75442505855942,71.2833198666903,71.75442505855942,3065400
2015-07-22,71.52623748779297,71.75443039832432,71.25388635966735,71.41582228798107,3371300
2015-07-23,71.30541229248047,71.67345921242854,71.0036111224669,71.40110246992485,2742900
2015-07-24,70.79751586914062,71.32014189628282,70.73126449378258,71.1582003297977,3631700
2015-07-27,70.41474914550781,70.97417649761039,70.17183679696399,70.68710030967716,4783400
2015-07-28,70.7459716796875,70.83430495257547,70.40000671414676,70.83430495257547,4937100
2015-07-29,71.05513000488281,71.23179093544003,70.70180814376837,70.797498311164,3851100
2015-07-30,71.1287612915039,71.31278479174514,70.77543931597357,70.79752123745028,3380700
2015-07-31,70.92264556884766,71.52624233733336,70.81223036154951,71.52624233733336,5049600
2015-08-03,71.73233795166016,71.75442548286973,70.79013879425021,70.80486381505659,3711100
2015-08-04,71.99736022949219,72.13721990191692,71.53362298043692,71.62195629185551,3955000
2015-08-05,73.01313018798828,73.13090225048089,72.05620620647265,72.1518963582447,4320400
2015-08-06,72.98371124267578,74.05840766179698,72.94690430132852,73.35912070380502,6224000
2015-08-07,72.9469223022461,73.20455410739979,72.66720857321525,72.88067653061464,4608300
2015-08-10,72.93954467773438,73.38856242338514,72.79232813841814,73.25606529162015,4753700
2015-08-11,72.59359741210938,72.68928761710312,72.24763230920225,72.57887238613992,3581300
2015-08-12,72.41691589355469,72.45372283495192,71.40110833282989,72.16664666309599,3743300
2015-08-13,72.71871948242188,73.04260260633804,72.15928652728057,72.4316433011147,4190600
2015-08-14,73.04259490966797,73.07203372151199,72.65246045335518,72.74815624767452,3375600
2015-08-17,73.50634002685547,73.67563848519593,72.68927531830528,72.74080166857641,3253100
2015-08-18,73.44007873535156,73.91854084665567,73.24133587284535,73.24133587284535,4578500
2015-08-19,72.8659439086914,73.37385056873154,72.60831213039263,73.15302012107455,3903500
2015-08-20,72.12248229980469,72.57885692047525,72.12248229980469,72.36538901702097,3956800
2015-08-21,70.84903717041016,71.84276280233745,70.73862196331807,71.54832412207547,7514400
2015-08-24,67.59547424316406,67.96352103013639,56.296439006303466,67.4114508496779,13366900
2015-08-25,65.98343658447266,69.29585812231144,65.91719084937142,69.29585812231144,8258100
2015-08-26,68.0813217163086,68.18437441072838,66.02026221196213,67.51453189699974,7614100
2015-08-27,68.89836883544922,69.1854449276676,67.6175673766326,68.82476058902513,6690000
2015-08-28,68.84685516357422,69.07504245424154,68.29478478993373,68.45672633142031,6002300
2015-08-31,68.40522766113281,68.6996664360461,68.1917596897195,68.41259017489259,5328000
2015-09-01,67.22744750976562,67.838406706213,66.89620193311285,67.07286848704098,8367800
2015-09-02,67.9789047241211,68.36464589750821,67.40771824675828,67.78603413742754,5935400
2015-09-03,68.34239959716797,68.80232010863503,68.15694859957057,68.24596711584283,3774100
2015-09-04,67.44480895996094,67.90472941354668,67.23710477431402,67.50415463000708,5653600
2015-09-08,68.52041625976562,68.54266946733937,67.9343906024314,68.1940207899811,3638200
2015-09-09,67.3780288696289,69.0470871312223,67.13323229964546,69.01741430520798,4474400
2015-09-10,67.54865264892578,68.0234066312007,67.08131828936219,67.1332443293137,3928100
2015-09-11,67.96402740478516,67.9788609821332,67.27415003813356,67.4447616454338,4062600
2015-09-14,67.6524887084961,67.9788841163363,67.49671062553033,67.96405053394018,4383600
2015-09-15,68.29045104980469,68.49815519317497,67.61541258385125,68.00114804160845,3725100
2015-09-16,69.03965759277344,69.22510848408953,68.35719967101312,68.50555812026117,4152000
2015-09-17,69.26222229003906,70.00402608411225,68.69844982187956,69.21771021392527,5300800
2015-09-18,69.02485656738281,69.45509853693156,68.090182049645,68.38690474760308,9622400
2015-09-21,69.5144271850586,69.92983546476187,69.15836456231675,69.22512418176335,3654000
2015-09-22,68.52041625976562,69.04709625722745,68.20885437519237,68.98033097499261,4547900
2015-09-23,68.54265594482422,68.76519363617166,68.14208130898382,68.44621785167907,3401600
2015-09-24,68.59459686279297,68.88389988600608,67.83795383322501,68.16434930947109,4064000
2015-09-25,69.3364028930664,69.86308291801328,68.7429575824005,68.94324778004366,4897200
2015-09-28,68.59459686279297,69.46992555494165,68.39430667163697,68.9654987550676,4659200
2015-09-29,69.01742553710938,69.25480252434178,68.47590627836874,68.65394326342839,5632200
2015-09-30,69.95210266113281,70.0262819114117,69.380910549006,69.77406566904668,5873600
2015-10-01,69.61831665039062,70.100490468053,69.08421676987331,69.87794696466531,5061800
2015-10-02,69.84825897216797,69.89276539578061,68.63911497522055,69.1138690254711,5163700
2015-10-05,71.07221984863281,71.19833079512107,70.16721831243733,70.40460096017343,5700200
2015-10-06,72.00689697265625,72.69677475538897,71.75468638905123,72.6671019232859,7094300
2015-10-07,73.08251190185547,73.43116061253669,72.01431821962535,72.09591709487049,6528200
2015-10-08,73.41632080078125,73.44599363103748,72.40004758768183,72.40004758768183,4683300
2015-10-09,73.78724670410156,73.89851843889788,73.29765333480402,73.36441863948802,5607000
2015-10-12,73.54243469238281,74.25456572334133,73.20862521707906,73.40149014704754,4581300
2015-10-13,72.6374282836914,73.55726909011877,72.61517507474,73.40890493125275,5989400
2015-10-14,72.3184585571289,72.85255825536936,72.25911854805788,72.52616273766364,4238400
2015-10-15,72.90447998046875,73.060258106639,72.27394785277559,72.77837468683295,5763900
2015-10-16,73.95784759521484,74.03944647811136,72.91932664837697,73.3273154033448,5550800
2015-10-19,74.31391143798828,74.38067106928568,73.82431817041659,73.95784309252575,4902700
2015-10-20,74.38066101074219,74.46967949994838,73.93557988373838,74.14328403237259,3613600
2015-10-21,74.36583709716797,74.84801073892778,73.98751554323158,74.1062068776094,4332000
2015-10-22,76.46514129638672,76.68767905300099,74.42518073342801,74.677391322827,5934800
2015-10-23,75.98294067382812,76.73216387180719,75.612038885058,76.64314540507797,5015800
2015-10-26,76.06456756591797,76.26485211551548,75.55272109764817,75.95329585635746,3770700
2015-10-27,76.36127471923828,76.55413960646511,75.67139705158496,75.76040987353178,3995700
2015-10-28,76.21292114257812,76.5541502128479,75.278252425562,76.4873905871384,5164800
2015-10-29,76.2574234008789,76.47996111743875,75.58979893217311,75.73073778814039,3008100
2015-10-30,75.80492401123047,76.58381452207107,75.80492401123047,76.13131379979133,5425800
2015-11-02,75.2188949584961,76.09422353512691,74.99635158869506,75.76782810195553,5007300
2015-11-03,74.86284637451172,75.0779701793224,74.05428286011606,75.04088338095025,4174900
2015-11-04,74.6402816772461,75.17437552532951,74.47708397664599,74.84056616283833,3345600
2015-11-05,74.63289642333984,74.87769308696379,74.32134012028122,74.64031604755982,2834100
2015-11-06,73.97265625,74.39548407763428,73.54982842236574,74.23228637933467,4660400
2015-11-09,73.34957122802734,73.88367096800691,72.86740319675431,73.79465811768692,3959900
2015-11-10,73.31248474121094,73.60178782502105,72.9786695725351,73.06768808275164,3367800
2015-11-11,73.75753784179688,74.15069287448433,73.50532165547055,73.64626616134446,3147300
2015-11-12,72.97122955322266,73.68336040214012,72.94897068897997,73.36438459548317,3892800
2015-11-13,72.7264404296875,73.40147890017376,72.55582307676569,72.83771212424404,4001000
2015-11-16,73.8539810180664,73.92816592216292,72.43713877013761,72.51131801472053,3446600
2015-11-17,73.31248474121094,74.09137548242472,73.11219450810245,73.8391648594169,3446500
2015-11-18,74.38066101074219,74.46225987763613,73.37181309730657,73.49049875673458,4074200
2015-11-19,74.87023162841797,75.1966269975406,74.55125587936955,74.56608946000608,3496000
2015-11-20,74.25454711914062,75.77524692455057,74.18036788316005,75.3079069847984,4800600
2015-11-23,74.81089782714844,75.43401584322947,74.3583971427065,74.53643409559409,4604000
2015-11-24,74.64771270751953,74.92218214488116,74.18037836126848,74.42517496814396,3405400
2015-11-25,74.55128479003906,74.87768028573647,74.5141923347956,74.57353799937951,2906000
2015-11-27,74.72930908203125,74.91476002174412,74.2471355068751,74.2471355068751,1463400
2015-11-30,74.29908752441406,74.89994692237838,74.27682865156919,74.72932952099161,6083300
2015-12-01,74.96669006347656,75.01120213985486,74.26197871872486,74.26197871872486,4473200
2015-12-02,74.31157684326172,74.98387241362977,74.22193477427186,74.96893491837753,4361600
2015-12-03,74.0202407836914,74.69254204631414,73.7737350700287,74.41615564329501,5661000
2015-12-04,75.4918441772461,75.72341813243227,73.60940603652426,74.10242324276773,6422700
2015-12-07,75.20049285888672,75.82797585771675,74.7896462552895,75.46941332993416,3408000
2015-12-08,74.8270034790039,75.30508311792947,74.42362271506818,74.9988160207235,3385200
2015-12-09,74.05011749267578,75.41712903666873,73.94553793512907,74.34891867102002,4195100
2015-12-10,73.87833404541016,74.401231998647,73.54218047619196,74.18460121826024,3926600
2015-12-11,73.04166412353516,73.79613577131164,72.86238570694009,73.15371527109137,5429700
2015-12-14,73.16866302490234,73.66915746094978,72.31708330271147,73.27324259084446,6633900
2015-12-15,74.24433135986328,74.45349045311346,73.35539951439218,73.60191088821897,5554200
2015-12-16,75.50677490234375,75.69352493581859,74.43856448290134,74.58049063291428,4994500
2015-12-17,74.84941101074219,75.52918386703966,74.82700191862841,75.4470133965167,4303600
2015-12-18,73.13130187988281,74.52072234987565,73.11635868820328,74.51325075403588,6926800
2015-12-21,73.66914367675781,73.68408116945793,73.03418910342523,73.49733116533842,3089100
2015-12-22,74.55064392089844,74.75233152592429,73.67664910135736,73.88581400548162,3882100
2015-12-23,75.1780776977539,75.26771974724915,74.71493565743152,74.84939588209559,2929600
2015-12-24,75.1033935546875,75.42460383770099,74.78218327167401,75.0809844627124,1044300
2015-12-28,75.20796203613281,75.29013249404099,74.80458134253571,74.99133134702559,4017700
2015-12-29,75.78314971923828,75.96989972416411,75.27518947787371,75.52917244813493,2362200
2015-12-30,75.55905151367188,75.85038105918065,75.43206288084143,75.82797197093501,2333000
2015-12-31,74.64024353027344,75.379777682197,74.5580730689486,75.09591401610825,3041500
2016-01-04,73.78120422363281,73.95301677022391,73.05661884661207,73.6243348719587,6689000
2016-01-05,74.28916931152344,74.5879705381977,73.73639074662965,73.81108962850838,4893800
2016-01-06,74.31157684326172,74.52073597174589,73.2956561913453,73.48987212541843,5483400
2016-01-07,72.88479614257812,73.93806897023585,72.61587566314033,73.54962574475537,5440000
2016-01-08,72.6158676147461,73.67660622209564,72.41418012710093,73.07900965559168,4853500
2016-01-11,72.78766632080078,73.14622305290403,72.36187663945536,72.71296177738581,5638000
2016-01-12,72.92212677001953,73.51225733024975,72.56356433753105,73.51225733024975,5185800
2016-01-13,72.08549499511719,73.16117674416327,71.97344386306533,72.8100858566742,5161500
2016-01-14,71.57009887695312,72.51879247543272,71.45805338821631,72.01083202957187,6592500
2016-01-15,70.16572570800781,70.6363337601371,69.6951176558785,70.18066320367394,8229400
2016-01-19,71.54019165039062,71.78670303251607,70.56162341724529,70.71102684542346,6828900
2016-01-20,70.04620361328125,71.27875503678058,69.69511831977256,70.8529651667527,7558100
2016-01-21,70.569091796875,70.71848951908551,69.6577508735806,70.24788156488037,6076300
2016-01-22,71.59996795654297,71.92864986793595,70.307660803401,70.87537685142257,6946600
2016-01-25,71.66718292236328,72.33201247662227,71.36091018207252,71.65223973060588,4407000
2016-01-26,71.95104217529297,72.62334333758025,71.54018988190688,71.64477512862527,3735200
2016-01-27,71.66718292236328,72.6681602021122,71.38331927055081,71.6298306421276,5795100
2016-01-28,72.79513549804688,73.13128886110141,71.77174931733417,72.03319813360541,5169900
2016-01-29,74.17711639404297,74.17711639404297,72.89227523769888,73.10890596281818,7340600
2016-02-01,73.9754409790039,74.25183314985357,72.84746889697013,73.60194081798771,3648100
2016-02-02,73.36286163330078,73.71395250839862,73.20599233362758,73.69154342261061,3809900
2016-02-03,73.74385833740234,73.97542656839101,72.90721608800855,73.85590950371137,5146000
2016-02-04,72.75035858154297,73.8783306275243,72.45902892119467,73.71398965006424,5212000
2016-02-05,72.69805145263672,72.98938104351285,72.30961389785475,72.93709126307762,5574800
2016-02-08,72.84745788574219,73.1238500148139,72.01082129898987,72.56359985797398,4729500
2016-02-09,73.41517639160156,73.79614807715821,72.04069880324208,72.22744884725782,4994200
2016-02-10,72.92212677001953,73.7512970521899,72.84742222634856,73.36285394206433,4505500
2016-02-11,72.38429260253906,73.16117319480959,71.77921879847663,72.00332105170821,5898500
2016-02-12,73.57202911376953,73.64672797465839,71.82405183250762,72.01080183430865,5110600
2016-02-16,73.65420532226562,74.17710878763751,73.28070528949637,74.10240422175708,4709700
2016-02-17,74.36387634277344,74.61785368936125,73.80362616148432,73.95302393016425,4493200
2016-02-18,74.41617584228516,74.67762482117128,73.93062448197647,74.37882354566129,3729100
2016-02-19,74.38628387451172,74.84195446831448,73.54964156967596,73.54964156967596,4531300
2016-02-22,74.60289764404297,75.11832380725285,74.38626694390508,74.6850681061352,4731500
2016-02-23,74.35637664794922,74.69999594539917,74.23685391884102,74.61782549392663,3721100
2016-02-24,74.46096801757812,74.51325779508203,73.50480882941633,73.95300773647239,5691200
2016-02-25,75.20049285888672,75.222901948281,74.57301555921472,74.57301555921472,4668900
2016-02-26,73.47494506835938,75.1034058418228,73.08650174671142,75.06605354964756,6506200
2016-02-29,73.071533203125,73.96793084287849,73.04912411700474,73.47491385076123,5955300
2016-03-01,74.0202407836914,74.05759307017664,73.2433656570593,73.5795134387913,5160200
2016-03-02,73.97734832763672,73.99991753443143,73.383001009231,73.76669474437993,4180000
2016-03-03,74.60181427001953,74.65447768308302,73.74414395174321,73.99241678756316,4856600
2016-03-04,75.23374938964844,75.23374938964844,74.15790654378128,74.33846593515017,7067200
2016-03-07,74.66948699951172,74.93280394171056,74.45883344575266,74.66948699951172,5967100
2016-03-08,75.03815460205078,75.32404657875772,74.29334194566087,74.45885714483212,4871200
2016-03-09,75.38423919677734,75.67013121129185,75.03816452541685,75.23377394484024,5085000
2016-03-10,75.82060241699219,75.89583504886834,75.24882408294609,75.57232956590721,5502800
2016-03-11,76.21930694580078,76.29454528440505,75.67762305117445,75.98608416778976,5912400
2016-03-14,75.7227783203125,76.32464493836022,75.70020911136923,76.08389714316509,3580500
2016-03-15,76.09896087646484,76.41494133859642,75.42185578626774,75.43690001499156,3860300
2016-03-16,75.85819244384766,76.24188044089529,75.24127591578792,75.94095002906492,4176600
2016-03-17,76.64061737060547,76.8287017313207,75.82809155474459,75.9860817289599,5635800
2016-03-18,76.20427703857422,76.69329763197791,75.99362342661703,76.49016326339033,7273900
2016-03-21,76.39234924316406,76.82870636390571,75.4744965891487,75.91837869193887,4420300
2016-03-22,75.81304931640625,76.3697832135639,75.557257314912,76.19674305852739,3457600
2016-03-23,75.84315490722656,76.55787910213984,75.63250128847505,75.75287806483627,3407900
2016-03-24,75.74534606933594,75.92590547728211,75.34660807934306,75.76039029504808,3183100
2016-03-28,75.9710693359375,76.44504005716723,75.85069253950238,75.95601936644232,3785500
2016-03-29,76.26445007324219,76.46757866106078,75.80552376533723,76.02370231662641,3356700
2016-03-30,77.25756072998047,77.40802597496328,76.29456938637567,76.3321828276808,4673600
2016-03-31,77.09954833984375,77.82931088212197,76.9641273623312,77.1446867523881,5367700
2016-04-01,78.07760620117188,78.1603638080127,76.70082682178133,76.71587679023304,4128600
2016-04-04,78.10767364501953,78.20547544693213,77.31771702843265,78.0926294216019,4220400
2016-04-05,77.5660171508789,78.19045883095332,77.39298269102486,78.0700820415929,3589200
2016-04-06,78.18291473388672,78.23557813138738,77.39296377137667,77.67884996639748,4196800
2016-04-07,77.9421615600586,78.22052849322961,77.51332942726401,77.74655220864439,6220900
2016-04-08,79.05563354492188,79.183529554755,78.16787497922586,78.23558260565038,6154500
2016-04-11,78.46880340576172,79.57473470728702,78.36347661514026,79.11581411379615,5354000
2016-04-12,78.92774200439453,79.08573221487818,78.33339459931005,78.37100803616016,3777200
2016-04-13,78.33338928222656,79.25876127223023,78.0625472998157,79.2512362894188,3802400
2016-04-14,77.61113739013672,78.31080573803918,77.27258207934449,77.28763204331541,5593300
2016-04-15,78.07005310058594,78.10014728676995,77.49828078272685,77.67131517843609,4553500
2016-04-18,78.03245544433594,78.68698547152198,77.86694025681018,78.36348581938744,7736900
2016-04-19,78.48384857177734,78.70202713779065,78.062541404237,78.10015483569329,4996200
2016-04-20,77.0694808959961,78.50644301281118,77.03186171256827,78.41616615639481,4778000
2016-04-21,75.97856903076172,76.99422359484831,75.54973684859715,76.99422359484831,7145600
2016-04-22,76.72340393066406,76.78358658651868,75.94097200574062,76.11400646862982,5660200
2016-04-25,77.3403091430664,77.36287835314286,76.44502554416393,76.5879715278221,3501300
2016-04-26,77.1898422241211,77.79171464383245,76.8813867704326,77.64124366896422,3222900
2016-04-27,77.21240234375,77.76161129255924,76.67072411764842,77.28011570943777,3730900
2016-04-28,77.46820831298828,77.60362931883901,76.85881665660034,76.86633590034486,4350200
2016-04-29,77.46067810058594,77.61866830676696,77.03937088410319,77.43810889111441,4604000
2016-05-02,77.81427001953125,78.1453003655026,77.21992268920987,77.29515529332706,3998100
2016-05-03,77.9120864868164,78.19045348828092,77.4907792326049,77.79924042935322,3945400
2016-05-04,78.2581558227539,78.57414198189335,77.58857580770874,77.87446777360249,3852600
2016-05-05,78.4011001586914,78.90516497023643,77.94217376612644,78.14530813129734,3401400
2016-05-06,78.96536254882812,78.97288753282766,78.00237123260403,78.00237123260403,3547700
2016-05-09,79.20610046386719,79.54465582289805,78.92773922941724,78.93525847259461,4432300
2016-05-10,80.17662048339844,80.22175890414609,79.24372343537017,79.31895604990977,3885500
2016-05-11,79.53711700439453,80.45496962183819,79.46940364841495,79.94337992063414,3424900
2016-05-12,79.8230209350586,80.04872451871026,79.43180789526035,79.84559014544764,3195200
2016-05-13,78.37854766845703,79.82303478275159,77.89705196369218,79.55971771606481,7811500
2016-05-16,78.3409194946289,78.73213829728174,77.96475065970628,78.22807343605685,4243200
2016-05-17,77.01679992675781,78.52899432583469,76.74595793948549,78.3710041232392,5443300
2016-05-18,75.91839599609375,76.73844129003069,75.43689461319143,76.70082211109306,6970100
2016-05-19,76.23435974121094,76.3171173248462,75.45945303978955,75.7980026165668,4722400
2016-05-20,75.30897521972656,76.58042730685166,75.2337426250773,76.52023893518063,5704000
2016-05-23,75.54974365234375,75.81306067565293,75.23376322437272,75.324045806599,4185900
2016-05-24,76.0538101196289,76.2719887264449,75.75287965218135,75.91839485320595,3446300
2016-05-25,76.0538101196289,76.43750392746949,75.95600829169652,76.11399850907071,3223800
2016-05-26,76.66322326660156,76.70836169801518,75.9936430811839,76.13658336062102,4543100
2016-05-27,76.70835876464844,77.02433925222437,76.43751670676002,76.83625480868417,2877000
2016-05-31,76.114013671875,77.01682247371,75.85069659046216,76.84378225456334,6368700
2016-06-01,76.98796081542969,77.01069927020923,76.02532960458106,76.22240006795266,4741400
2016-06-02,77.3138656616211,77.32144707159023,76.68474164137538,76.80602106919589,3618200
2016-06-03,77.7155990600586,77.94299511160241,77.2532313293955,77.2532313293955,4511700
2016-06-06,77.84447479248047,78.11734781361515,77.48822936542669,77.72320110693359,2944200
2016-06-07,77.68525695800781,78.2082642570571,77.5260820806711,77.9353913865027,4078700
2016-06-08,78.20829772949219,78.33715281159162,77.44273708262162,77.58675498786371,2860800
2016-06-09,78.57211303710938,78.69338668098206,77.72317439831514,77.99604732568038,3552200
2016-06-10,78.30683898925781,78.44327549345405,77.90511088882528,78.26136208216676,3462400
2016-06-13,78.11734008789062,78.59487071911072,78.05670614257549,78.25377658496454,4368300
2016-06-14,78.24620056152344,78.29167746601114,77.11680731474839,77.76866993271159,4363600
2016-06-15,77.96572875976562,78.50389321350087,77.88235059819468,78.276497175958,3434400
2016-06-16,78.71612548828125,78.776765201956,77.70043630737557,77.70043630737557,3520900
2016-06-17,78.38263702392578,78.72372537328116,77.6170763621525,78.51906773732973,5577900
2016-06-20,78.35234069824219,79.34529196357623,78.3371778702492,78.88292401950667,3567000
2016-06-21,78.89047241210938,79.14060692297367,78.6479193120682,78.68581480033966,3214500
2016-06-22,78.63275146484375,79.20123579888121,78.54937329988452,78.89046737006001,3398900
2016-06-23,79.16333770751953,79.20881460221081,78.76160971662266,79.17849474477612,3068100
2016-06-24,77.29869842529297,78.41292266103821,77.16226197845795,77.68526353889165,8654800
2016-06-27,77.41241455078125,77.57158949075647,76.78329620219037,77.1395415728459,6381900
2016-06-28,77.41999053955078,77.5715840575983,76.93488434229225,77.43515336110875,5195100
2016-06-29,78.1628189086914,78.32199385024921,77.6625498498619,77.93542283051028,4898700
2016-06-30,80.30030822753906,80.34578512330035,78.473575808839,78.64033213719256,7973200
2016-07-01,80.06534576416016,80.64899302268047,79.87585095244471,80.52013793861542,4115700
2016-07-05,80.66416931152344,81.08864172344272,80.06536486966289,80.09568474072313,5365200
2016-07-06,80.28514099121094,80.89910796482742,80.06532636891878,80.79298557568524,6126500
2016-07-07,81.47516632080078,82.61971630348907,81.15681650826642,82.26346522535343,9912800
2016-07-08,82.06642150878906,82.24075930341166,81.34634344096084,81.89208949708996,6052800
2016-07-11,82.55149841308594,82.71824894098184,81.68739700404178,81.98301414416699,6446600
2016-07-12,82.46053314208984,82.70308618206086,82.1421833614255,82.18007884031184,4175800
2016-07-13,83.30950164794922,83.42319390843501,82.53635957910954,82.6727960746152,5232100
2016-07-14,83.34740447998047,84.09022675046207,83.19581093070173,83.2488692512416,4834300
2016-07-15,83.1199951171875,83.74911340722385,82.5969876610027,83.20336750214787,5230600
2016-07-18,82.7789077758789,83.15031596483038,82.49845338989869,83.1200018857882,3688700
2016-07-19,83.02145385742188,83.04419230623893,82.3999111970944,82.51360922410153,3987500
2016-07-20,82.55908966064453,83.30949320130458,82.37717627938852,83.2715919297036,3021800
2016-07-21,82.3013916015625,82.52120628668992,81.94514041473265,82.39992682609976,2765400
2016-07-22,82.76375579833984,82.93051215788276,82.45298153138756,82.45298153138756,2693100
2016-07-25,82.6348876953125,82.83196390141705,82.14978148253378,82.80164404025311,3053100
2016-07-26,82.01334381103516,82.79406721312533,81.88448874014612,82.61972945968796,3386100
2016-07-27,81.46759796142578,81.89206441600328,80.86879376562011,81.89206441600328,4724200
2016-07-28,81.96028137207031,82.149776154864,81.23262210009321,81.52065787100958,3446500
2016-07-29,82.55908966064453,82.7031075532217,81.95270979548377,82.05882641645997,3995300
2016-08-01,82.56666564941406,82.68793930131335,82.11945496216369,82.40749072840276,3880700
2016-08-02,82.40752410888672,82.80925227934475,82.07401131095594,82.80925227934475,3431600
2016-08-03,81.89205169677734,82.60455380594452,81.61917879466739,82.56665254284893,3691900
2016-08-04,82.18009948730469,82.27864047959208,81.84659258787939,81.99060469650223,3226900
2016-08-05,82.36202239990234,82.8926055251364,82.14220773861328,82.42265634069884,3189400
2016-08-08,81.96786499023438,82.33169752748292,81.61161386371988,82.18009822741186,3304200
2016-08-09,82.07398986816406,82.43024103052915,81.90723351276573,82.05125141659568,2378200
2016-08-10,82.48328399658203,82.5894006061033,82.2028296526064,82.2028296526064,2189900
2016-08-11,82.2255859375,82.75616906289217,82.2028417039069,82.62731398714298,2786800
2016-08-12,82.30895233154297,82.5742496578305,82.14220177780024,82.34685360184744,2563400
2016-08-15,82.40752410888672,82.61217600939256,82.34688436691312,82.399942695409,2357800
2016-08-16,81.86174011230469,82.38474752466814,81.79352477134671,82.05123488108316,2677200
2016-08-17,82.2179946899414,82.26347158584218,81.55855078477195,81.82384231572921,2963900
2016-08-18,82.07398986816406,82.48329934516292,82.01335014203329,82.17253086885722,2373000
2016-08-19,81.99063110351562,82.05885225729621,81.51310615874725,81.8920958624147,2846600
2016-08-22,81.8314208984375,82.02091566870516,81.68740302249921,81.9223804700177,2304600
2016-08-23,81.77079010009766,82.27864053480982,81.63435361931144,82.05124447252544,2473000
2016-08-24,81.94514465332031,82.08158116207989,81.52067808514533,81.72532995682305,3422600
2016-08-25,81.77079010009766,82.1497796819569,81.7025747511656,81.92996503052788,2129500
2016-08-26,81.44487762451172,82.24075824326104,81.35392380494501,81.80112883894382,2868900
2016-08-29,81.85416412353516,81.86932694447765,81.40695921540184,81.48275597134896,2576400
2016-08-30,81.26293182373047,81.90721284828633,81.12649536581925,81.80109624579107,3708100
2016-08-31,81.48660278320312,81.58583495699402,81.11256754864007,81.17363036583578,3995000
2016-09-01,81.89878845214844,81.93695197610003,81.1354480872189,81.26521455153897,3799000
2016-09-02,82.341552734375,82.63162006620536,82.05911461540023,82.1201832612045,3671200
2016-09-06,82.37969970703125,82.53237129084607,81.98276523676361,82.2804675454207,2913300
2016-09-07,81.83772277832031,82.41786310727186,81.50948617660333,82.25756232371124,3260500
2016-09-08,81.5858383178711,81.9369742824723,81.28813596040861,81.7537741756861,3491400
2016-09-09,79.42557525634766,81.05912333502009,79.42557525634766,80.92935103387619,6134500
2016-09-12,80.92935943603516,81.08203103445925,79.61641863254388,79.61641863254388,4569400
2016-09-13,79.8377914428711,80.87593513627601,79.60879275463058,80.86830592334667,4597700
2016-09-14,80.18892669677734,80.63929482353664,79.84541995673902,80.01335580869205,4007800
2016-09-15,80.51717376708984,80.70037389115005,79.92176317219702,80.11259833337593,3598600
2016-09-16,80.36449432373047,80.53243018103869,79.83015825395555,80.1507598958205,4934100
2016-09-19,80.66220092773438,81.00570769681465,80.0896954697606,80.311064945703,3439300
2016-09-20,81.14309692382812,81.45606349829536,80.88355812721612,80.99042533057818,3561700
2016-09-21,81.77668762207031,81.95989358440812,80.82251174091368,81.14311926309114,3913900
2016-09-22,82.30339813232422,82.39500111745564,81.9140927253003,82.05149429108359,3869400
2016-09-23,81.93695068359375,82.43312307773608,81.7079520720221,82.19648943196462,3235900
2016-09-26,81.7003402709961,81.96750830571679,81.57820880819223,81.86064109182851,4440400
2016-09-27,82.05146789550781,82.3415410098616,81.47133331445178,81.95987076367042,3779300
2016-09-28,81.96752166748047,82.3720971275244,81.57058706887946,82.3720971275244,5030500
2016-09-29,82.2575912475586,83.74610320675207,82.21942188498356,83.58580236682562,7249100
2016-09-30,83.02855682373047,83.3873278475858,82.72322523424462,82.72322523424462,7173300
2016-10-03,82.63162994384766,83.07436894311292,82.03622513564892,83.02856454137104,4566000
2016-10-04,81.75376892089844,82.7232146473091,81.35683441107055,82.67741025568688,5830100
2016-10-05,80.92171478271484,82.05145527634909,80.67744609567299,81.86062018260311,6297000
2016-10-06,81.21943664550781,81.31866882160419,80.50189465639565,80.70799986867634,4886000
2016-10-07,80.90647888183594,81.61638596332787,80.64694584017283,81.49425448014152,4398400
2016-10-10,81.08204650878906,81.38738394008425,80.77670907749389,81.2576116007005,3119300
2016-10-11,80.58586883544922,81.07440636522156,80.15076491600114,81.00570850501612,3814400
2016-10-12,80.97515106201172,81.0362196917541,80.53241223211714,80.81485027680681,3419800
2016-10-13,80.85302734375,81.04386247578708,80.37212490759394,80.79959373973266,3582600
2016-10-14,81.54765319824219,81.72321822215835,80.74614347949058,80.96751288584888,4788600
2016-10-17,81.56292724609375,81.73086307964088,81.34155781312941,81.54766299932835,4104400
2016-10-18,81.63927459716797,82.57818609485352,81.63164538434586,82.02094489603051,3850000
2016-10-19,81.11255645751953,81.68506178520762,80.97515494592137,81.53239020352892,4330600
2016-10-20,80.81487274169922,81.15837368779246,80.5935032652157,80.99807285802717,3751600
2016-10-21,80.6240234375,80.92172575821542,80.35684961095865,80.92172575821542,3615400
2016-10-24,81.91404724121094,82.36442105491184,81.00567622764625,81.00567622764625,5126000
2016-10-25,81.85299682617188,82.158328338943,81.53238941964173,81.97512826651526,3756300
2016-10-26,81.73086547851562,82.4026030085947,81.63926252375796,82.05146708442888,3440700
2016-10-27,81.39498901367188,82.08963160944873,81.14309109460068,81.89116146439457,4205300
2016-10-28,81.73086547851562,82.08200140268144,81.31102588232514,81.60109899381156,3378900
2016-10-31,81.83011627197266,82.00568718593367,81.61638181937808,81.70034975772981,3141700
2016-11-01,81.45606231689453,81.90643623066761,81.00569422694717,81.78429895783907,4289600
2016-11-02,81.45606231689453,82.01330343247972,81.37972943328955,81.43316303419562,3679200
2016-11-03,81.39498901367188,81.78429426870973,81.31102109937301,81.73086067086732,3447700
2016-11-04,80.76907348632812,81.65455144862973,80.76907348632812,81.34157898214576,2897600
2016-11-07,81.64691162109375,81.83011173833539,81.20417266591859,81.41791293049836,5469100
2016-11-08,82.99040222167969,83.15070307056573,81.65455599046861,81.65455599046861,4671000
2016-11-09,81.86829376220703,81.94462667087946,80.15077710985304,81.25761884517235,6515800
2016-11-10,78.81490325927734,81.5934620947153,78.16606502675059,81.5934620947153,9095200
2016-11-11,78.76910400390625,79.2118370450085,78.29583082169115,78.62406745274788,5888400
2016-11-14,77.39508056640625,78.88359197603211,76.67753874647127,78.51719185542801,7248800
2016-11-15,77.74624633789062,77.89891796670366,76.96000637694169,77.40274536475879,5672300
2016-11-16,77.63935089111328,78.5477278249572,77.45615082695002,78.13552331272109,3962900
2016-11-17,77.57067108154297,77.80730479541646,77.23479936598598,77.71570183013007,4212600
2016-11-18,77.33403015136719,77.70807121834845,77.23479797529684,77.40273383005149,4919200
2016-11-21,78.05921173095703,78.10501030353451,77.33403466346262,77.33403466346262,3870800
2016-11-22,78.54012298583984,78.62409092749384,78.19662200549335,78.26531987203174,4540300
2016-11-23,77.50196838378906,78.54011204155195,77.4485347759848,78.2576739295428,4658400
2016-11-25,77.9905014038086,78.55537759533016,77.66226473937218,77.86073491001018,3644900
2016-11-28,78.4637680053711,78.81490392448065,77.78439544955523,78.06682769762942,5556900
2016-11-29,78.27293395996094,78.66223923763002,78.08973387439785,78.46376908103832,3886800
2016-11-30,76.97564697265625,78.37520397699876,76.97564697265625,78.05992215526521,8123500
2016-12-01,76.15283203125,76.93720257542205,75.74526959043332,76.81416175794052,7123000
2016-12-02,77.36015319824219,77.39091340699171,76.43737040339633,76.43737040339633,4594600
2016-12-05,77.44474792480469,77.59854897971177,76.9910480133771,77.37554185027926,3961800
2016-12-06,78.0906753540039,78.1368127220923,77.52162043534082,77.72925032555554,4828400
2016-12-07,79.0595932006836,79.15187380133563,77.790768676441,77.790768676441,4873400
2016-12-08,78.55207824707031,78.90581181082285,78.43672894289007,78.54438672894914,3993900
2016-12-09,79.6440658569336,80.01318258073212,78.46751546687466,78.61362502563615,5040200
2016-12-12,80.52836608886719,80.64371537886966,79.72092692575855,79.836276215761,4858400
2016-12-13,81.22816467285156,81.52038373940638,80.49762874028507,80.59759502431629,4508600
2016-12-14,80.33612060546875,81.92023289014787,80.13618222382976,81.42038986950475,5007500
2016-12-15,80.97441864013672,81.18204276714026,80.15160191912554,80.15160191912554,4179400
2016-12-16,81.41270446777344,81.45115032061192,80.8436495234404,81.16662871535411,7499300
2016-12-19,81.05899047851562,81.41272409119928,80.84366900970328,81.09743634062094,3683800
2016-12-20,80.66678619384766,80.7744439695175,80.25922377639627,80.65909467646874,4903400
2016-12-21,80.51300048828125,81.27430244699977,80.50531483634985,80.6052811136468,3245200
2016-12-22,81.01284790039062,81.08974549214743,80.16696265724538,80.39766129942598,2605000
2016-12-23,80.81291198730469,80.93595283147901,80.45917836066903,80.7206372210843,1769300
2016-12-27,80.84365844726562,80.9897679581426,80.7360006603803,80.81289824145419,1505000
2016-12-28,80.45146179199219,80.82057244885164,80.3745583604807,80.64370863695468,1878600
2016-12-29,80.73599243164062,80.82058152227327,80.34381304806247,80.35919021594624,2438100
2016-12-30,80.45916748046875,80.85904430305106,80.22847472920317,80.52068789423673,3484000
2017-01-03,80.47455596923828,80.81290653406514,80.13619953750147,80.69756308407301,3741200
2017-01-04,80.62834167480469,81.22815101193693,80.58220430022814,80.82828007615186,3029700
2017-01-05,80.52068328857422,80.83597099091898,80.1208123557735,80.3745737809599,5087200
2017-01-06,80.40532684326172,80.8667240122325,80.06697635076753,80.72830603492301,4109700
2017-01-09,79.55946350097656,80.17465598271076,79.39797679457615,80.09775838922157,5603500
2017-01-10,78.41365814208984,79.45179011791433,78.24447994943964,79.45179011791433,5399200
2017-01-11,78.2906265258789,78.71357205722009,77.98303617607787,78.313695215423,4650300
2017-01-12,78.31370544433594,78.8366173209714,78.11377286423313,78.21373915428454,3126000
2017-01-13,78.0906753540039,78.52130643458487,77.83690809570078,78.34443674539857,3478600
2017-01-17,78.58283996582031,78.68280623568313,77.7138802755848,77.72157179385407,3745800
2017-01-18,79.00577545166016,79.20571384779691,78.68280210422247,78.74432251332749,4340400
2017-01-19,78.71355438232422,79.20570587178652,78.56744489214029,78.6520339794143,3923100
2017-01-20,79.3902587890625,79.45177919009362,78.77507237947643,79.0442168003521,4750800
2017-01-23,79.98240661621094,80.1438933176661,79.07500096024137,79.12882986072643,4584800
2017-01-24,80.52068328857422,80.68986148330465,79.80552465342873,79.97470284815917,4992300
2017-01-25,80.44378662109375,80.88980080009176,80.3899577282429,80.5206842013222,3566100
2017-01-26,80.08235931396484,80.53606499844453,80.02853042261056,80.36688680649986,3634600
2017-01-27,79.57481384277344,80.28997231549614,79.53636212837337,80.26689776671137,4248200
2017-01-30,79.73632049560547,79.75938918327229,79.20571721163111,79.21340872982319,3462600
2017-01-31,79.80554962158203,80.1054543817388,79.3672268285136,79.3672268285136,3846600
2017-02-01,79.21342468261719,79.80554263064658,79.19035599030457,79.67481612960135,3515600
2017-02-02,79.99776458740234,80.27460054257065,79.42871550929357,79.79014055448046,3213700
2017-02-03,80.82828521728516,81.3358139706367,80.02084590938222,80.31306494537854,4287100
2017-02-06,80.41302490234375,80.92824513377873,80.38226469744939,80.82058735010304,4355200
2017-02-07,81.21277618408203,81.43578327914678,80.45916579845255,80.45916579845255,3980400
2017-02-08,81.27428436279297,81.68953828417564,80.93592801198297,81.12817487186891,3407100
2017-02-09,81.4896011352539,81.88947202840318,80.7590595365325,81.27428558764208,4012400
2017-02-10,81.58956146240234,81.78180831121428,81.1973762480917,81.38193744712507,2475500
2017-02-13,81.91258239746094,82.04331478953209,81.4204306476391,81.89720522205285,3463700
2017-02-14,82.22015380859375,82.28167422541878,81.25891929661455,81.64341310140624,5665000
2017-02-15,82.07405090332031,82.47392188252249,80.56683001186389,81.01284423756202,7617200
2017-02-16,83.14295196533203,83.18908934977041,81.7587717630754,82.39703296005543,5559900
2017-02-17,83.16600036621094,83.2813496660738,82.44315022951885,82.50467063836692,5498400
2017-02-21,84.09651184082031,84.2041696705896,83.01223615497182,83.10451680916478,5370700
2017-02-22,84.13494873046875,84.41947043025071,83.95038745465753,84.10418851783355,3815300
2017-02-23,84.23492431640625,84.58865800037847,83.91195084846352,83.91195084846352,3382700
2017-02-24,84.45791625976562,84.52712233317482,84.07342242906496,84.20414892344472,3991800
2017-02-27,84.02727508544922,84.49635800539964,83.99652074337277,84.35025434635162,3475100
2017-02-28,84.88084411621094,85.05002231683187,83.8580951280279,83.8580951280279,4684700
2017-03-01,84.96058654785156,85.41740267283808,84.52699165323955,84.85992774205616,4750700
2017-03-02,85.25482177734375,85.4174176761802,84.72831823992709,85.02253854631572,3880800
2017-03-03,85.60322570800781,85.68839581730482,84.89864360324974,85.24706248149614,4111300
2017-03-06,84.8831787109375,85.31677372728308,84.72832714544816,85.01480903953288,4491000
2017-03-07,84.64315032958984,84.99156927803705,84.39538430004318,84.51927026842056,4361100
2017-03-08,84.6276626586914,84.65088979962118,83.98501752599795,84.52700383838534,5244500
2017-03-09,84.41088104248047,84.86770324235775,84.32571680915666,84.85995889125228,4066900
2017-03-10,84.85221099853516,84.9451254862954,84.61218928916556,84.84447255496175,3488900
2017-03-13,84.71280670166016,85.01477125520394,84.41858058790552,84.64311939311608,3131200
2017-03-14,84.65863037109375,84.96060093239922,84.48829603092193,84.6121760880658,3630000
2017-03-15,86.02910614013672,86.12202062997655,84.782531460695,84.82898575201042,4973400
2017-03-16,86.05232238769531,86.09877667312753,85.58001746177364,86.01360654502965,4580700
2017-03-17,86.24588012695312,86.34653303651909,85.889716861711,86.31556745450462,6444400
2017-03-20,86.06005859375,86.28459746410452,85.79680388439351,86.06005859375,3382100
2017-03-21,86.54010009765625,86.9582063398153,86.30782279015068,86.3620214192894,5587700
2017-03-22,86.73365020751953,87.01238764680207,86.38523136201955,86.95818902845303,3882200
2017-03-23,86.54784393310547,86.97369452181637,86.46267381536329,86.67946833063156,3208400
2017-03-24,86.81111145019531,86.91176437365442,86.55560105925099,86.70271417655985,3913200
2017-03-27,86.58656311035156,86.94272638591484,86.38525137817832,86.61753460047112,3514600
2017-03-28,87.06661224365234,87.30663983127886,86.439455771742,86.57108018311932,3945400
2017-03-29,87.05113220214844,87.13630233154485,86.69496889158539,86.76465032079611,2683700
2017-03-30,86.8575668334961,87.14404872155455,86.71819806460392,86.94273696488622,2104900
2017-03-31,86.60980224609375,87.08210719821491,86.5865751020892,86.9582212205792,3744400
2017-04-03,86.60980224609375,86.9969370653925,86.30009320921305,86.67948367810743,3587100
2017-04-04,86.78011322021484,86.8885104604537,86.43168845612719,86.7104259045147,2360700
2017-04-05,86.67172241210938,87.1749928189074,86.47815505343105,86.74914817413931,2992000
2017-04-06,86.39299774169922,86.93498406340811,86.2691117783327,86.81110400724944,2740600
2017-04-07,86.41622161865234,86.68721476927,86.28459721795342,86.4859030400079,2799600
2017-04-10,86.73365020751953,86.83430900388656,86.26135133745308,86.48588425118021,2873200
2017-04-11,86.50914001464844,86.78013317756752,86.21491380301522,86.49365131550569,3031500
2017-04-12,87.96475982666016,88.08863987696708,86.64075966856369,86.75690127693164,6260300
2017-04-13,87.24468994140625,87.78667624371295,87.22146280090848,87.68602333248674,3257300
2017-04-17,87.740234375,87.740234375,87.24470228358776,87.291156571155,2917700
2017-04-18,88.48352813720703,88.73903852061059,87.80217302200572,87.83314451458871,4574200
2017-04-19,87.9725112915039,88.6461220415497,87.86411402351474,88.59192340755511,3044700
2017-04-20,87.94926452636719,88.24349069977397,87.79441299830573,87.89506590082497,2973000
2017-04-21,87.82540130615234,88.11188318586245,87.70151533421014,87.91831578510899,3885300
2017-04-24,88.51449584960938,88.63838181465057,88.19704840180522,88.54546734086968,3221500
2017-04-25,88.39061737060547,88.70806482407987,88.26673140335143,88.42932730496632,3643600
2017-04-26,87.74798583984375,88.08092204455625,86.20718489557409,86.52463830557835,5343900
2017-04-27,87.2137222290039,87.83314023607444,87.11306931341831,87.56988551554669,4096200
2017-04-28,87.7092514038086,87.82539301473764,86.86530045165912,86.98143615538045,4872000
2017-05-01,86.93499755859375,87.57764280209967,86.92725320787919,87.43827402528163,4074300
2017-05-02,86.94271850585938,87.40727900113177,86.77237827924449,87.29888174914178,3082400
2017-05-03,86.55559539794922,87.26792198016526,86.48590806533679,87.0201559556028,3342600
2017-05-04,87.46149444580078,87.49246593906899,86.57108321276682,86.84982074497238,3488800
2017-05-05,87.66278839111328,87.70924266797498,87.29113645459839,87.52341965332108,3046100
2017-05-08,87.66278839111328,87.82538426733632,87.32210794157523,87.6472996940213,3097200
2017-05-09,87.27567291259766,87.80992084315929,87.14404849432285,87.67829051767605,2708200
2017-05-10,87.36856842041016,87.39180146769736,87.08983683224676,87.26017116190008,2160100
2017-05-11,87.5234375,87.56214743620895,87.12855834453546,87.2137284742868,2277200
2017-05-12,87.42279052734375,87.72475522348404,87.27567740099535,87.43827332143944,2383500
2017-05-15,88.22027587890625,88.26673016236937,87.31437600091967,87.41503482470038,3500300
2017-05-16,88.10413360595703,88.77775024718824,87.94927615022162,88.31318378718993,2444300
2017-05-17,88.0654067993164,88.49125736555196,87.74021504357681,88.10412263523133,2999300
2017-05-18,88.28994750976562,88.48351487899942,87.71698975085164,88.09638014053182,3439500
2017-05-19,88.02670288085938,88.65385929649321,87.84861829358154,88.39834893930625,5750100
2017-05-22,88.80873107910156,89.04101434898247,88.02672294540093,88.02672294540093,3324000
2017-05-23,89.07969665527344,89.38166124809484,88.81644198805083,88.81644198805083,3261300
2017-05-24,89.86172485351562,90.07078094649812,89.1339154709755,89.28102267311009,2816000
2017-05-25,90.99989318847656,91.11603479466105,89.93140340743568,90.09399929321097,3596200
2017-05-26,91.29412841796875,91.3638098442545,90.74439182141023,90.78310766304102,3104800
2017-05-30,91.3715591430664,91.45672927350086,90.97667998443477,91.16250303846974,3231600
2017-05-31,91.11038970947266,91.94454806399791,91.11038970947266,91.14157392198898,5232900
2017-06-01,91.39103698730469,91.41442365854743,90.47891517437706,91.05581415467182,4404900
2017-06-02,91.73403930664062,91.75742597479727,91.2429014320131,91.57032668176478,3162900
2017-06-05,91.89778137207031,91.96794734679806,91.25072820392104,91.51578512498295,2968800
2017-06-06,91.7574462890625,91.94455157129768,91.57034695460791,91.81981471647423,2643200
2017-06-07,91.25069427490234,91.65607704690831,91.07138658196305,91.34424094271505,3681100
2017-06-08,90.34638977050781,91.27410074613448,90.11251115467209,91.25071407410697,3956700
2017-06-09,90.38536071777344,90.53347827216855,89.93319862002517,90.16707720790312,3197700
2017-06-12,90.61144256591797,90.91548116417346,90.3853615150496,90.3853615150496,3492100
2017-06-13,90.68160247802734,90.89208845052721,90.01895440427045,90.01895440427045,2760000
2017-06-14,91.50018310546875,92.03809441298752,91.07920515972775,91.14157358452945,3597200
2017-06-15,91.37541961669922,91.58591150209408,90.82971092822854,91.21170701015802,3372700
2017-06-16,91.10257720947266,91.52355508764373,90.6660102014935,91.5001684190419,5156200
2017-06-19,91.43782806396484,91.43782806396484,90.61146713162312,91.22733608639551,2436600
2017-06-20,91.95235443115234,92.10047797746017,91.3520746001566,91.43782971141046,3703500
2017-06-21,91.5391616821289,92.1784231862537,91.39883569596587,91.81981365445496,3767100
2017-06-22,90.54908752441406,91.53136942037307,90.4711299655114,91.46900099413874,3288100
2017-06-23,91.18055725097656,91.50019099480956,90.5023139552842,90.59586660055307,3453400
2017-06-26,91.30528259277344,91.85878895828006,91.25850330214998,91.53915525477025,2704000
2017-06-27,90.38536071777344,91.50796247536077,90.38536071777344,91.3988207204256,2884300
2017-06-28,90.7283706665039,91.11037273783585,90.58804471020996,90.83751241609038,3110600
2017-06-29,89.7928695678711,90.5880460332979,89.56678852677442,90.48670182085291,3474400
2017-06-30,90.03455352783203,90.51789989121485,89.8864359558475,90.06573773977095,3313300
2017-07-03,89.9955825805664,90.43214967571109,89.91761907262149,90.08133768108134,2250800
2017-07-05,89.88644409179688,90.08134097322073,89.55901281069137,90.04235921782364,4023100
2017-07-06,89.7539291381836,89.98001028335166,89.53564553534052,89.62919819989416,4007000
2017-07-07,90.05015563964844,90.16709495660602,89.52003589085066,89.97219807760362,3972500
2017-07-10,89.0834732055664,90.43216238225664,89.02890231100561,90.36979394624962,5771200
2017-07-11,88.6702651977539,88.85737044768776,87.50868168970098,88.35842906231042,6368500
2017-07-12,89.47325134277344,89.63696994557122,89.09125514773284,89.25496780275024,3885200
2017-07-13,88.88856506347656,89.6837476525578,88.81060750221661,89.61358168397737,3089400
2017-07-14,89.5979995727539,89.74612311420293,89.0678797877471,89.0756773288184,2956400
2017-07-17,89.5979995727539,89.77730733070699,89.52783359867448,89.6057971138252,2481300
2017-07-18,89.66035461425781,89.76949638183027,89.17700825230826,89.53561776687202,2694800
2017-07-19,89.91761016845703,89.92540770803548,89.36410381398699,89.66035084016814,2578200
2017-07-20,90.05015563964844,90.47892520478528,89.73831944368844,89.91762124161345,3518100
2017-07-21,90.92327117919922,90.95445538716936,89.9487869843051,90.26062311622712,3476400
2017-07-24,90.53348541259766,90.95446333531302,90.50230120190244,90.82193490069338,3681300
2017-07-25,90.78295135498047,91.04021662729308,90.54128116159706,90.92327732644372,3075100
2017-07-26,91.3598403930664,91.53914214681082,90.5490688624597,90.66600815060305,3305600
2017-07-27,91.47679901123047,92.03810299120028,90.91550097904158,91.46900741823933,2954800
2017-07-28,90.90769958496094,91.57814531619768,90.588065852445,91.45340846025564,3276300
2017-07-31,90.90769958496094,91.10259646153486,90.57247671934257,90.84533115698993,3098600
2017-08-01,90.3697738647461,91.04021953338513,90.35418473309919,90.97005951930389,2946100
2017-08-02,90.12809753417969,90.4165470061614,89.76169051370502,90.2216501610391,2626400
2017-08-03,90.66604614257812,90.94669817261259,90.1826996580117,90.22168141965383,2986200
2017-08-04,90.72059631347656,90.81414300359448,90.33080257723752,90.6816145607405,2955200
2017-08-07,91.18055725097656,91.3832516751687,90.72839505384832,90.78296594330995,2569600
2017-08-08,90.98565673828125,91.17275607357514,90.72059984226328,91.05582270637935,2412600
2017-08-09,90.92327117919922,90.9778420562021,90.40094907820306,90.81412942519343,2513800
2017-08-10,90.7283706665039,91.0869801219708,90.49449803786685,90.70498399841811,2236000
2017-08-11,90.82971954345703,91.40661248995576,90.70498271838747,91.01681883328217,2759700
2017-08-14,91.8666000366211,92.13166291377775,91.21954684817739,91.49240131894057,3191700
2017-08-15,92.74752807617188,92.8878540674866,91.87438791379344,91.89777458771577,2749800
2017-08-16,92.84886169433594,93.0515560914508,92.63057816564918,92.73971992999256,2373900
2017-08-17,92.29537200927734,93.07495957989227,92.18623022521375,92.77092090317494,3096900
2017-08-18,91.67949676513672,92.32655587374701,91.52358163072078,92.21741409009962,3776500
2017-08-21,92.19401550292969,92.34993061720085,91.64050911515258,91.83540598188172,2119500
2017-08-22,91.92896270751953,92.53704004645539,91.71847668549597,92.18622802715578,2313700
2017-08-23,91.43782806396484,92.0848871834836,91.39105471240777,91.91337696406598,2616300
2017-08-24,90.6036376953125,91.44559341363443,90.45551420381722,91.41440920764705,4760000
2017-08-25,90.31520080566406,91.13376997023121,90.27622500359608,91.00903312894177,3442500
2017-08-28,90.07352447509766,90.65821499631129,89.71491500248683,90.52568657230329,2932700
2017-08-29,90.3073959350586,90.51009031180942,90.05013662939812,90.08132083718898,2348700
2017-08-30,90.39769744873047,90.60965641120261,90.20928881659941,90.38199323556813,2491800
2017-08-31,90.85298919677734,90.93933837867263,90.22495267633782,90.46831398304307,4709500
2017-09-01,90.93936920166016,91.13562993214309,90.39769365832073,90.5782501762998,2591900
2017-09-05,90.96292877197266,91.11208285967786,90.60180973370376,91.02572765602635,2711400
2017-09-06,91.33975982666016,91.43396715107005,90.7823799667257,91.19845183474696,2617500
2017-09-07,91.8421630859375,92.07767834116389,91.37113856488646,91.57525138678922,2623800
2017-09-08,90.31133270263672,91.44179635478795,89.94236159453726,91.37899148757916,4818300
2017-09-11,90.82160949707031,90.97861567176598,90.09151940487233,90.34273287802638,3247900
2017-09-12,90.27993774414062,91.02572613844,90.17003221212603,90.8216192872142,2998500
2017-09-13,89.84815216064453,90.41338397330102,89.49488527243506,90.17787471096192,5141500
2017-09-14,89.64405059814453,89.92666652107769,89.25937526507317,89.84031132299245,3456900
2017-09-15,90.16217803955078,90.26423745222716,89.58124795658601,90.07582283931792,5543000
2017-09-18,90.27207946777344,90.46049407212256,90.02871809057484,90.41338742633434,2441200
2017-09-19,89.87955474853516,90.3741355801635,89.77750133361901,90.3270289360931,2568300
2017-09-20,89.16517639160156,90.00517207737268,88.50573722356883,89.76180469910477,4059800
2017-09-21,88.5528335571289,89.3535746078259,88.34872074444085,88.87469800271249,3630900
2017-09-22,87.80705261230469,88.6077997740266,87.77565017562908,88.36443238714128,3746300
2017-09-25,87.8777084350586,88.03471462696686,87.46948275305338,87.95621153101273,3885000
2017-09-26,87.77565002441406,88.1603253809757,87.71285114057342,88.10537261423866,2953800
2017-09-27,87.2182846069336,87.83061724833883,86.62165019172191,87.70501347058041,4016200
2017-09-28,87.64219665527344,88.49789660670761,87.28892971468107,87.43023768879853,11581100
2017-09-29,87.4773178100586,87.94834228338262,87.30460743897952,87.82273855221673,5122300
2017-10-02,85.66388702392578,86.76294233884492,85.53827727970516,86.28407165986002,8306400
2017-10-03,85.67174530029297,86.07997103754728,85.48333664662341,85.89940850195342,6064400
2017-10-04,85.83660125732422,86.48034228599167,83.36372052647097,83.95250279370325,9092400
2017-10-05,86.7079849243164,87.13190880422927,86.0014511138636,86.08780631103484,5670400
2017-10-06,86.66874694824219,86.88070591935971,86.2919236792078,86.4881844259251,3240300
2017-10-09,86.36257934570312,87.08481744515385,86.18986893292087,86.81789971919875,1977800
2017-10-10,86.9670639038086,87.02986878222005,86.5745423978413,86.5745423978413,3032300
2017-10-11,87.54012298583984,87.77563222865007,86.9591870102254,87.0612464059042,4051100
2017-10-12,88.27806854248047,88.325175187584,87.43807290918933,87.54013231574548,3287200
2017-10-13,88.41156005859375,88.69417606646978,88.0661391624333,88.49791528263385,3090500
2017-10-16,89.1573257446289,89.20442640404424,88.46649011912753,88.65489874619114,2675900
2017-10-17,88.0739517211914,89.14945650043818,87.65788000460094,88.88254482919189,3825200
2017-10-18,87.88554382324219,88.27021912844125,87.75208797747185,87.88554382324219,2590500
2017-10-19,88.45077514648438,88.54498244325713,87.61077954914894,87.62648375997851,2673700
2017-10-20,87.61864471435547,88.72555216676555,87.43808219931141,88.71770604958283,3772300
2017-10-23,87.68145751953125,88.27808590711832,87.45379432318764,87.64220297245708,2263200
2017-10-24,86.94348907470703,87.8227391565228,86.57451800475397,87.79918284170355,3351100
2017-10-25,86.40967559814453,86.77079462944216,85.71098786529006,86.69229153383873,3836900
2017-10-26,86.92781066894531,87.32817827111661,86.67659715822109,86.88070401797027,2865000
2017-10-27,86.82575988769531,87.02202064964281,86.29978248313276,86.67660578140934,3343200
2017-10-30,86.07994079589844,86.64517254773267,85.8522776742207,86.63732044301247,2206100
2017-10-31,86.5352783203125,86.95919620005068,86.3154612852978,86.54312443665455,4379400
2017-11-01,86.45677947998047,86.88855550599563,86.04855977398636,86.16631741648163,2822400
2017-11-02,86.39397430419922,86.49602772591632,85.99360074462868,86.28406877638018,2169800
2017-11-03,86.52742767333984,86.86499635319414,86.3547172804746,86.46462280513396,1725700
2017-11-06,85.7737808227539,86.35471083680547,85.71882806452473,86.33116051033603,3331800
2017-11-07,86.72368621826172,86.81004141252743,85.68742987647504,85.68742987647504,3882000
2017-11-08,87.92481231689453,87.95621475430744,86.74724786622184,86.8022006343438,3685300
2017-11-09,87.51661682128906,88.27025755949018,87.1554916858346,87.41455737411117,2856900
2017-11-10,88.51358032226562,88.69414281103133,87.38311671462331,87.48517611716976,3699500
2017-11-13,89.52629089355469,89.64404852361872,88.42722966196021,88.46648420178217,3194500
2017-11-14,90.87657928466797,91.21414801397528,89.17303142407839,89.2515405155381,4998900
2017-11-15,90.35845184326172,91.01003899769627,89.73826712885567,90.7902279068998,3861500
2017-11-16,90.4604721069336,90.93934263918867,90.23280900734323,90.58607582326596,3058100
2017-11-17,90.02871704101562,90.38983604437202,89.91095941202072,90.0679715804812,2646400
2017-11-20,90.20929718017578,90.9472335533564,90.05228498100747,90.08368742084113,3594300
2017-11-21,91.10424041748047,91.32405149404103,90.25639255983032,90.27209078412638,3179300
2017-11-22,90.34274291992188,91.06498098684374,89.71470617252754,90.8844184754121,3598500
2017-11-24,90.98648071289062,91.30049909632767,90.61750956155728,90.79021997191778,1183000
2017-11-27,90.94720458984375,91.3789805132973,90.79805053488795,91.06496220436755,2818900
2017-11-28,91.66944122314453,91.71654786193454,90.51543338730664,91.26907372453589,3600400
2017-11-29,91.72440338134766,92.14832723751492,91.29263340907846,91.72440338134766,3276300
2017-11-30,92.10782623291016,92.65326587249422,91.76001498286092,92.10782623291016,5984000
2017-12-01,92.31333923339844,92.36867324300701,90.93788954387487,92.09200319496415,4956600
2017-12-04,92.85084533691406,93.43580555940733,92.18683741369787,92.48722108882619,4403000
2017-12-05,92.95362854003906,93.23030460387236,92.62953108179649,92.985248833933,3198600
2017-12-06,93.98916625976562,93.99707284036322,92.99314818785626,93.14334306444091,3203500
2017-12-07,92.27378845214844,93.78361938506002,92.13150018346464,93.68875852895323,5409500
2017-12-08,92.14733123779297,92.17104495023902,91.61770488998351,92.10780436308,3127500
2017-12-11,92.79554748535156,92.83507436658446,91.34895047798426,91.95763067562103,2429400
2017-12-12,92.80343627929688,93.57021179297963,92.58210026111097,93.45163720296456,2664600
2017-12-13,93.11964416503906,93.44374164964363,92.86668782426665,92.89040153887736,3193900
2017-12-14,93.29354858398438,93.75203384532486,93.06431198426912,93.23031402076379,4057800
2017-12-15,94.24211120605469,94.35277919727206,93.63343122340594,93.72829208628649,7173500
2017-12-18,93.31725311279297,94.65317576891233,93.27772624014011,94.3053646195741,3472700
2017-12-19,93.75992584228516,94.37650646219593,93.45954211311054,93.8705938493997,3942500
2017-12-20,94.08402252197266,94.16307626723292,92.92990900643017,93.79945195666096,4273400
2017-12-21,93.48326873779297,94.51880781781769,93.15125863963311,94.42394692820703,2790000
2017-12-22,93.75201416015625,93.87058874159953,93.41210357652746,93.75201416015625,2045600
2017-12-26,93.98127746582031,94.25794752955868,93.60184595868058,93.60184595868058,2156300
2017-12-27,94.30538177490234,94.3844295036338,93.91013710028993,93.96547111349746,2465100
2017-12-28,94.34487915039062,94.48716743908739,94.10773602319846,94.32907202095927,1999300
2017-12-29,94.79546356201172,95.30928274899085,94.40021896140532,94.4318392531683,3116400
2018-01-02,93.32514953613281,95.00098874867884,93.22238811511467,94.8033664560606,4165800
2018-01-03,93.0801010131836,93.64925418815314,92.9931467208436,93.20658217693409,4224000
2018-01-04,93.53858947753906,94.15517009513933,92.96152970178643,93.11963116203908,3147000
2018-01-05,93.80735778808594,94.13936182543752,93.47535375073437,93.60183492550888,2714200
2018-01-08,93.26980590820312,93.8626727248626,93.01684964099987,93.44371447270908,5730400
2018-01-09,93.3409652709961,94.05240675023236,93.23819781619012,93.48325356684335,4573600
2018-01-10,92.8666763305664,93.56230467385697,92.25008967222566,93.38048949941916,3363900
2018-01-11,92.39237213134766,93.15914759213715,91.99712754586471,92.99314558994877,3685200
2018-01-12,92.7876205444336,93.28563260249611,92.36866223149174,92.4477099456584,4335500
2018-01-16,93.16706085205078,93.5543988849269,92.51095334568112,92.64533506695079,4936500
2018-01-17,94.21049499511719,94.99307754714782,93.44371957210738,93.50696015009764,4554600
2018-01-18,94.10774230957031,94.55832091538295,93.7915454212386,94.13935657054486,6221800
2018-01-19,94.99309539794922,95.39624661970416,93.78364776363901,94.44766189540917,6002600
2018-01-22,96.0523452758789,96.32110871152588,94.85870488408702,94.93775259863295,4308600
2018-01-23,95.88634490966797,96.84283614326358,95.53062114168263,95.70452973523713,3536900
2018-01-24,95.75987243652344,96.02864193214158,95.50691610409413,95.83892015960359,3445200
2018-01-25,95.57014465332031,96.00491009095906,95.14327976532586,95.34090206360364,2712900
2018-01-26,96.24996185302734,96.31319640233065,95.34089811243274,95.34089811243274,3993900
2018-01-29,94.59783935546875,96.56616176911189,94.58203222538278,95.94957513858937,3854700
2018-01-30,94.77175903320312,95.80729805721825,94.46346869733671,94.60575700857925,4945200
2018-01-31,95.09586334228516,95.45158110794534,94.4713760837857,94.73223296415767,4018100
2018-02-01,95.09586334228516,95.65711001059248,94.28956089472196,94.79547355434981,3485600
2018-02-02,93.80735778808594,95.08004596222133,93.59392834434689,94.78756879972539,3348900
2018-02-05,90.47940063476562,94.58994843527171,90.4398797900505,93.72831199950087,5347600
2018-02-06,89.7679443359375,90.07623461643831,87.07237951882335,88.88260036360839,6642600
2018-02-07,89.72053527832031,91.51494333026663,89.12766830511555,90.09206621314804,4931400
2018-02-08,87.07240295410156,89.89444968735306,87.0249694921363,89.87863652304627,4907900
2018-02-09,87.88658905029297,88.5268833691315,86.06846148715742,87.59410587663695,5301700
2018-02-12,88.47946166992188,89.12766261131142,87.79173385379524,88.45574795746136,4759200
2018-02-13,88.64545440673828,89.0644126988865,87.49134095051468,88.53478640620682,5274700
2018-02-14,86.25028991699219,88.45575583658524,85.97361986205145,88.27394063993569,7702700
2018-02-15,87.72059631347656,87.77593032180489,85.94199543455272,86.58228982105983,5125200
2018-02-16,87.79171752929688,88.2976300708967,86.76408531771428,87.79171752929688,5578500
2018-02-20,86.54275512695312,87.72848885649276,86.43208109705209,87.71267569609822,3835500
2018-02-21,85.37284088134766,86.82733823854208,85.3254134552079,86.4400001861736,4501900
2018-02-22,86.36885833740234,86.930104988945,85.38864731156735,85.63370308350332,5394700
2018-02-23,86.70085144042969,86.99333460121288,85.82340798903378,86.4478951500874,4760400
2018-02-26,87.6968765258789,87.87868567024165,86.97752843648028,87.04867560280574,5355400
2018-02-27,87.65734100341797,88.59802501798552,87.5150527157603,87.89449015983195,6385800
2018-02-28,86.74037170410156,88.25810933055345,86.7008448366713,87.74429020872613,4638900
2018-03-01,86.09934997558594,87.50088881344881,85.39857448112829,86.96734825327853,6896300
2018-03-02,86.83197784423828,87.05494966738743,85.92416052111588,85.93212553637878,4903600
2018-03-05,87.14253234863281,87.27790720831675,86.01970232583837,86.3700900337502,3781700
2018-03-06,87.26200103759766,87.29385502440114,86.35418367804209,87.08680714794188,3380800
2018-03-07,87.4690170288086,87.64421086676944,86.48953304460927,86.712504810914,4612600
2018-03-08,89.25282287597656,89.29263579981578,87.26199441822651,87.620341110411,5437700
2018-03-09,89.61913299560547,89.64302196459109,88.90243354840597,89.40412012368252,3680600
2018-03-12,89.7863540649414,90.05710379065876,89.25281355212734,89.58727123996371,4509600
2018-03-13,90.4632339477539,90.70213576659847,89.76246459494915,90.20044316213001,4590000
2018-03-14,89.67487335205078,90.59861455406461,89.37226962778394,90.43935071508754,4055700
2018-03-15,89.18113708496094,90.18451618471951,88.91835238367631,89.50763582139624,3906800
2018-03-16,88.90241241455078,90.14468711069928,88.8546344879373,89.45188287270481,7730800
2018-03-19,87.88309478759766,89.18111220634908,87.63623410732268,88.91036256676024,4216700
2018-03-20,87.5168228149414,88.63168799947137,87.46107985949124,88.19370329555822,3319000
2018-03-21,86.59307098388672,87.66015817293727,86.42584212619377,87.50885326932293,3867600
2018-03-22,85.95599365234375,87.33364325778685,85.84450776781743,86.36211819932176,4325500
2018-03-23,84.53057098388672,86.5930661901133,84.36334213545152,86.07544961608484,4873300
2018-03-26,85.05615997314453,85.58174164480819,84.48280035879394,84.9526390721472,4119400
2018-03-27,85.71708679199219,86.43378606126129,84.8172347556194,85.39059417103468,5036300
2018-03-28,86.94345092773438,87.68403927422474,86.00377975773074,86.11526565285611,6413000
2018-03-29,86.91957092285156,88.12203300199889,86.77623103212191,87.69201332980991,3829500
2018-04-02,85.24724578857422,86.97528279927283,84.76148333664156,86.49748535940316,4325500
2018-04-03,86.15509796142578,86.42584772699084,84.88096283362667,85.51803039752623,4699000
2018-04-04,87.73978424072266,88.17776889274032,85.39856823816592,85.82858787591262,4694200
2018-04-05,88.05033111572266,88.5360935817667,87.39733984464242,87.93884524569853,3275700
2018-04-06,87.03902435302734,88.37686134655463,86.6169636080564,87.64423184197257,3579100
2018-04-09,87.10273742675781,87.95481189014488,86.62493974107363,87.23015338322143,2620000
2018-04-10,87.11865997314453,87.75572147413959,86.73641821212615,87.38940974407393,2817000
2018-04-11,86.54528045654297,87.17438287284084,86.33823263048315,86.45768353303787,4000200
2018-04-12,86.25062561035156,87.20622664339989,86.21877163503083,86.7682420771455,2691700
2018-04-13,87.00713348388672,87.16639726598314,86.41784412397755,86.68063483240807,2828300
2018-04-16,87.53273010253906,88.1060895782956,87.21419638539373,87.39735524729802,2769800
2018-04-17,86.69659423828125,86.86382308881518,85.98785983936445,86.5532543556056,5022000
2018-04-18,85.1915054321289,87.08677130033536,84.77740984966493,86.77620265124952,6525500
2018-04-19,84.06868743896484,85.15966340776154,83.67848683866096,84.97650455221681,6320200
2018-04-20,81.60801696777344,84.09256620784312,81.44078208382318,83.97311532310339,8650000
2018-04-23,81.68766021728516,81.86285406251224,81.09837072415307,81.6637712521224,6670600
2018-04-24,80.77983093261719,81.90265465498605,80.40555433331946,81.7195018992814,5695500
2018-04-25,80.54890441894531,81.51246446968108,80.31000262184303,80.59668234815574,4828300
2018-04-26,82.22915649414062,82.88214779605723,80.54889727661292,81.42486032910722,5978800
2018-04-27,80.99483489990234,82.01413772887123,80.94705697839571,81.40096545928104,4765900
2018-04-30,80.38168334960938,81.53636130416123,80.09500359562638,81.10634167318675,5479900
2018-05-01,78.9403305053711,80.37372947393143,78.49438685983077,79.91982081314174,4543900
2018-05-02,77.42728424072266,79.12346748744052,77.26801435748224,78.96420367972493,5927700
2018-05-03,77.721923828125,78.1121244145926,77.00522453372794,77.62636797255531,6668200
2018-05-04,78.82881927490234,79.44995660326612,77.64228755596322,77.68210654389405,5937000
2018-05-07,78.22361755371094,79.08365064445528,78.09620164365994,78.8208659621438,3475400
2018-05-08,77.07691192626953,78.03250711396022,76.79023215485712,77.96880522349993,5333700
2018-05-09,76.5752182006836,77.6582231435091,76.40002434837308,77.39543844056878,6201500
2018-05-10,77.45912170410156,77.83339828487613,76.76631755081794,76.79020651120372,3100600
2018-05-11,77.58653259277344,78.24748880662418,77.14854809551724,77.70598346252727,3507300
2018-05-14,77.36357879638672,77.8254523594756,77.02912114402237,77.79359838179447,4307900
2018-05-15,77.0848617553711,77.43524334821949,76.73447408699786,76.93355688484178,6555700
2018-05-16,77.39544677734375,77.68212655281832,76.88579519328364,76.95746209938923,5544700
2018-05-17,77.97676086425781,78.03250381325645,77.3635884252727,77.68212216620458,6531100
2018-05-18,77.65025329589844,78.39880045670729,77.4989484309737,78.2873145800863,6894000
2018-05-21,79.24292755126953,79.61720422579114,78.08824354737038,78.21565946870774,6678100
2018-05-22,79.577392578125,79.9994472243497,79.17922690047513,79.45794165972482,6807600
2018-05-23,79.9914779663086,80.1109288783722,79.32256257959355,79.57738835675057,6249900
2018-05-24,79.77647399902344,80.09500775058702,79.44201629386838,79.87999488618306,4696700
2018-05-25,79.8799819946289,80.51704939494196,79.55348935672409,79.77646112417615,5324300
2018-05-29,80.50909423828125,80.66039913137277,79.63313101225164,79.63313101225164,8302600
2018-05-30,81.09041595458984,81.41690862113951,80.50112643116518,80.95504109469184,6256600
2018-05-31,80.56644439697266,81.41028492052476,80.09229070968007,81.28973539838826,8270100
2018-06-01,80.56644439697266,81.1129302501085,80.08425243983007,80.79950517139565,4414200
2018-06-04,80.46195220947266,81.2414925195635,80.38962006089399,80.98432312837637,3932000
2018-06-05,80.53429412841797,81.13703558284507,80.26908641693329,80.73520794656034,4851900
2018-06-06,81.03256225585938,81.05667093290816,80.22086871726579,80.68699024488612,3946700
2018-06-07,81.29777526855469,81.57905340480778,80.63073988015199,80.77539808328265,5052900
2018-06-08,82.36661529541016,82.46305612152133,81.31382900215607,81.31382900215607,4795500
2018-06-11,82.94526672363281,83.10600147012232,82.18982874364123,82.46307474697157,3984500
2018-06-12,83.96588897705078,84.02214458975361,82.63181854523812,82.96132008492748,5075900
2018-06-13,84.60076904296875,84.86597669551077,83.70871752956683,83.70871752956683,7553500
2018-06-14,84.4882583618164,84.67310173242782,83.92570224500223,84.59273744879748,4812600
2018-06-15,86.48130798339844,86.59381918370514,84.23910998059986,84.46413238121325,10573000
2018-06-18,84.68916320800781,86.15985335585859,84.24715662893978,85.99912480554315,5964400
2018-06-19,85.15528869628906,85.73392131558322,84.56058567374849,84.77756984028306,5504400
2018-06-20,85.03474426269531,85.27584324552184,84.67310191985736,84.97045651448983,4601400
2018-06-21,86.1839599609375,86.3366563720605,85.4285284348681,85.64551258573671,6550700
2018-06-22,87.09211730957031,87.33321019371367,86.10361870351481,86.18398299822927,5709400
2018-06-25,87.59037780761719,88.07256969735325,86.56170014113958,86.56170014113958,5183000
2018-06-26,86.8349380493164,87.7350278583831,86.36881660882003,87.63859316821281,5034100
2018-06-27,87.01176452636719,87.56628869571936,86.4893934391035,87.09213496878058,6229200
2018-06-28,87.34124755859375,87.83951599091037,87.03586078927863,87.13229548937677,4297400
2018-06-29,87.49394226074219,88.00024282034889,86.63403145743415,87.37339275662559,4721400
2018-07-02,88.02435302734375,88.40207195216378,87.04389270284989,87.35731774016807,4711900
2018-07-03,87.43767547607422,88.05648719211874,86.84296630009183,87.26087037680387,3769100
2018-07-05,88.04042053222656,88.09667614516836,86.79475264814153,87.52608174778678,4870400
2018-07-06,88.04845428466797,88.41813490955589,87.57430069994284,87.99219867069377,4387300
2018-07-09,86.60186767578125,87.83949715669456,86.4089860541367,87.70287114184603,7866400
2018-07-10,90.72462463378906,90.81302718616385,88.14489247338396,88.9003302368042,16107200
2018-07-11,90.44334411621094,90.7648073768984,90.08973391631456,90.52370839853238,5521400
2018-07-12,89.63165283203125,90.57996610068376,89.18160793551881,90.44334620444276,5500100
2018-07-13,90.56391143798828,90.64427573613395,89.70400057188354,89.75221792449035,4417100
2018-07-16,90.78089141845703,90.90947919460993,89.80846935406058,90.4594281094774,5413600
2018-07-17,92.32390594482422,92.4444554495067,91.19075531617493,91.19075531617493,6783800
2018-07-18,92.28370666503906,92.42032654578786,91.52826899035556,92.35603267317626,5379000
2018-07-19,93.0391616821289,93.69815871416014,92.21943605941793,92.23550646592483,9241300
2018-07-20,93.23204040527344,93.85889047309841,92.59715206874745,93.02308833886428,27559700
2018-07-23,91.93011474609375,93.20792965945319,91.2791560180328,92.8382428842506,7769300
2018-07-24,92.21138763427734,92.3560458025175,91.49613506114603,91.72919578394418,5095100
2018-07-25,92.5890884399414,92.95876899070075,92.01849414650411,92.3721042956656,4762300
2018-07-26,92.42034912109375,93.94729524589671,92.32390828861897,93.336515569695,5096300
2018-07-27,91.84170532226562,92.70161604782264,91.64079154403827,92.23549461079871,4563700
2018-07-30,91.7613525390625,92.0908479883269,91.35148666331159,91.43988922732458,3621800
2018-07-31,92.42034912109375,92.81413845707785,91.70509647492968,92.14710929285249,4892100
2018-08-01,91.30326080322266,92.04262205933067,90.9978740578047,91.95421950355666,4169000
2018-08-02,92.17121887207031,92.36409440750883,90.88536561873961,91.29523149652384,4167200
2018-08-03,93.46507263183594,93.78652970497605,91.91401834147241,92.23547541461252,3934500
2018-08-06,94.33303833007812,95.18491694967545,93.94728729562836,94.22856536895675,6704800
2018-08-07,91.79349517822266,93.5856427870095,91.23897114476723,93.5856427870095,6919600
2018-08-08,91.20681762695312,92.29978907796836,91.19074722240964,92.03458141748628,5172900
2018-08-09,91.3755874633789,91.7131272838839,91.11841806243358,91.7131272838839,4115400
2018-08-10,90.70854949951172,91.59256884576112,90.46745052717027,91.2871759966084,3711900
2018-08-13,90.8291015625,90.92554238696314,90.01741428269334,90.66033471824113,3170100
2018-08-14,90.89341735839844,91.20684244921263,90.09780029182424,90.57195399742389,3836700
2018-08-15,91.17466735839844,91.40772806988439,90.21028370454087,90.62014951656113,6513300
2018-08-16,91.8176040649414,92.2033612481079,91.11038971577233,91.40773820746497,4504600
2018-08-17,92.38819885253906,92.49267181874218,91.6166906147098,91.6166906147098,3391600
2018-08-20,92.2917709350586,93.10346449804548,92.09889538146881,92.41232045532846,3676000
2018-08-21,91.39168548583984,92.62127716479036,91.33542985776378,92.62127716479036,4667700
2018-08-22,90.20223236083984,91.47200868842253,89.9772099496532,91.37556788445647,3860900
2018-08-23,89.95311737060547,90.19421635794339,89.61558369345394,90.14599288163464,4508800
2018-08-24,90.12992095947266,90.43530769107672,89.84864289991604,89.90489851182737,3677700
2018-08-27,90.3388900756836,90.62820032633041,89.87276855666966,90.47550999737295,3155700
2018-08-28,89.34233856201172,90.37101613853837,89.11731610857176,90.18617889381355,5229400
2018-08-29,90.04957580566406,90.10583142952633,89.38254045743766,89.44683435082402,2403200
2018-08-30,89.97720336914062,90.19419362934441,89.64770804297248,89.9048773700063,2119100
2018-08-31,90.01744842529297,90.47553178528493,89.41470683944014,89.82456670320884,4248800
2018-09-04,89.20574951171875,90.08173095574183,88.76373658860355,89.86474669528789,4576300
2018-09-05,90.90950012207031,90.94967921281538,88.96464941416812,89.01287290702788,4392100
2018-09-06,91.9693374633789,91.99364555022159,90.30011622425957,90.75388366430342,4808300
2018-09-07,91.35350799560547,91.96933966621366,90.35683931847744,91.44264177090868,3833800
2018-09-10,92.02606201171875,92.36638760513276,91.32109655497435,91.49936410832015,3289700
2018-09-11,91.83159637451172,92.17192198737209,90.63234579028023,90.63234579028023,2807300
2018-09-12,92.25296783447266,92.5608868393114,91.59662457825438,91.81540360295399,3651400
2018-09-13,93.17670440673828,93.19291392249262,92.12331462110528,92.7715530625443,3808100
2018-09-14,92.83635711669922,93.0956536692441,92.1476012285754,93.0956536692441,2698300
2018-09-17,93.50892639160156,93.5494378145467,92.55276902401258,92.86068180329363,3092600
2018-09-18,92.35829162597656,93.5737455069975,92.12330313379167,93.5737455069975,4081200
2018-09-19,92.18811798095703,92.56896116689215,91.93692616985847,92.33397268658925,2844900
2018-09-20,93.3630599975586,93.5980484768927,92.46362368022103,92.56086221094756,3375900
2018-09-21,93.11187744140625,93.60615635423268,93.05515032292294,93.39548212323072,6989500
2018-09-24,90.9726791381836,92.95792441290314,90.91595819788411,92.45553452587998,3387400
2018-09-25,90.7295913696289,91.36162646601979,90.55942854999434,91.2724926773371,3538700
2018-09-26,90.34874725341797,91.45075937367938,90.19478776860949,90.97267758606718,4053500
2018-09-27,89.98411560058594,91.07802298840753,89.87067371930779,90.29202839518109,3841500
2018-09-28,90.59183502197266,90.79441067615227,89.87066618766268,90.3811546106327,5945300
2018-10-01,89.70861053466797,91.14284976541481,89.67619768504511,90.87544839261537,5064700
2018-10-02,88.09608459472656,90.03270698295111,87.2695726220925,89.49790439099763,6702200
2018-10-03,87.12373352050781,88.89829820681209,86.8401288446898,88.4931469036097,6107500
2018-10-04,86.38636779785156,87.0265076464462,85.73002461605397,86.58083870688071,4930300
2018-10-05,86.28912353515625,86.71048435594051,85.87587365361419,86.09465263901185,3438100
2018-10-08,87.6666259765625,87.78816640104843,86.14325338042178,86.1837709766619,3994100
2018-10-09,87.60991668701172,88.27436455162479,87.12373019602623,88.0636841510056,4105600
2018-10-10,86.9778823852539,88.60659242218028,86.8644405102559,87.18045804519585,5796200
2018-10-11,85.1303939819336,87.90163372873438,85.00074877331873,87.68284855240134,5755100
2018-10-12,85.30865478515625,85.69760274438073,84.70092784907416,85.32486429877123,4543000
2018-10-15,85.5922622680664,86.4187743903149,85.21952381019449,85.24383189929857,3805700
2018-10-16,87.01841735839844,87.26151067169602,85.76244554322722,86.14328884907087,4061600
2018-10-17,87.76387023925781,88.1447134400322,86.85633530851173,86.87253863993875,4495900
2018-10-18,87.45596313476562,88.6065913860727,87.14805036081708,87.90163205427395,4093700
2018-10-19,89.3682861328125,89.61947799324324,87.90973879004264,87.99076782417006,5109000
2018-10-22,88.64712524414062,89.85447465365444,88.517473832105,89.20622995771544,5477700
2018-10-23,89.23863220214844,89.56275451158669,87.77198632503595,88.26627145595255,4484100
2018-10-24,91.53178405761719,92.50415091985714,89.09277141792707,89.29534707479559,8222900
2018-10-25,91.44264221191406,91.78296780173967,90.28390930950198,91.53177598764714,6712900
2018-10-26,89.49791717529297,90.80250481910194,88.88209166777074,90.44597588898856,5872800
2018-10-29,91.47506713867188,91.81539277345006,90.0570374783107,90.17858411419397,5706000
2018-10-30,92.18811798095703,92.56086259255322,91.2400654854065,92.17191465016137,4900400
2018-10-31,91.06180572509766,91.96124212307727,90.09754981627319,91.96124212307727,6449500
2018-11-01,90.35684204101562,91.67763301521401,89.9273826645881,90.75388857252739,5736700
2018-11-02,90.08132934570312,90.8349109339193,88.83346272746785,90.34062590390022,6705700
2018-11-05,92.69051361083984,92.73103121355224,90.17047203866025,90.50269907097093,5270400
2018-11-06,93.35497283935547,93.46841472219563,92.26106543647163,92.39881541104626,3913400
2018-11-07,93.67908477783203,93.80872998009552,92.73103221248397,93.54943339345029,4219600
2018-11-08,94.04373931884766,94.40027452279142,93.38739604078721,93.49273317735258,2925100
2018-11-09,95.19436645507812,95.3807326190621,94.05994140839788,94.05994140839788,5026300
2018-11-12,94.78108978271484,95.87499698325227,94.57040938978862,94.8053978699529,4781900
2018-11-13,94.9188461303711,95.4131312112579,94.16526446460254,95.4131312112579,3609900
2018-11-14,94.52180480957031,95.19435748886995,94.21388584780401,95.1619446412041,4423800
2018-11-15,94.64334106445312,94.7972943463356,93.67097428746041,94.34352689300974,4045700
2018-11-16,95.89932250976562,96.0046658164443,94.67576371196417,94.84593271781142,4484300
2018-11-19,96.4341049194336,96.84735475472269,95.5913895543043,95.68052332633552,4673900
2018-11-20,93.9950942993164,97.4631881688075,93.81682675202369,97.07424641300318,5087800
2018-11-21,93.41168212890625,94.71626980095708,93.11997270024159,93.90596720624815,3245000
2018-11-23,93.51703643798828,94.45698434386406,93.00654178663571,93.00654178663571,1444700
2018-11-26,93.88166809082031,94.34354036666575,93.17670254047991,93.89787142413121,2972500
2018-11-27,94.35163879394531,94.42456306212975,93.10377202069186,93.48461524019291,2884700
2018-11-28,96.0208740234375,96.03707735799253,93.64668676443398,93.97891385294497,3989400
2018-11-29,95.83448791503906,96.32067443155562,95.16194144047876,95.93983121193955,2878700
2018-11-30,98.80829620361328,98.85691237896455,95.72103924433166,95.72103924433166,8051100
2018-12-03,96.40980529785156,97.97368955064141,95.21865949622949,97.62525918814052,6112600
2018-12-04,95.45366668701172,97.73061544253488,95.17005577803134,96.72584176074764,7018200
2018-12-06,95.42749786376953,95.8685363593879,93.18964140633308,94.99462847859007,5191700
2018-12-07,94.59445190429688,95.54186954298919,94.23508573359194,95.04365961767806,4615500
2018-12-10,94.89663696289062,95.2478339849819,93.4836797629775,95.06815091816222,4150600
2018-12-11,95.79503631591797,96.53010050027282,95.2968264927,95.47650954123183,5545100
2018-12-12,95.55818176269531,96.8567899597737,95.07631016187926,96.65260581070811,4889700
2018-12-13,96.66079711914062,97.10183573014957,95.64804525193884,95.67254635846037,6181200
2018-12-14,93.06713104248047,96.00738772315242,92.83844579647389,95.81953556752953,7404200
2018-12-17,92.18504333496094,93.98186099311086,91.63782518973498,93.41014798311892,6015300
2018-12-18,91.34383392333984,92.72412100660712,90.45359386856975,92.47093461143524,5846200
2018-12-19,89.87372589111328,92.44644827695508,89.53886078355065,91.98907139269373,6915400
2018-12-20,90.0125503540039,91.41733846555104,89.18764454781281,90.00438124232102,8468300
2018-12-21,89.36731719970703,93.23865316684808,88.86910737563873,90.62509231037077,13263600
2018-12-24,86.59858703613281,90.73127254047388,86.54141571919868,89.94720609486014,3354000
2018-12-26,88.4770736694336,88.56691519016887,85.78184050978611,86.75375901708298,4537000
2018-12-27,89.36731719970703,89.40815652215423,86.59858062658299,88.01970056462405,5175900
2018-12-28,90.13506317138672,90.7394465877393,89.20398382712231,89.91454077178346,5410300
2018-12-31,90.2330551147461,90.73125866831116,89.2856377433123,90.31472752199257,5019100
2019-01-02,89.25297546386719,89.85735880863392,88.39540576478043,89.1468019481343,4835400
2019-01-03,88.41990661621094,89.96353830141192,88.24839267687814,88.9507866557872,5975900
2019-01-04,90.2330551147461,90.33105951095976,88.40356079015778,89.4653207779777,6293900
2019-01-07,89.4571533203125,90.15137814153888,88.73842739958013,89.84918960602448,5220300
2019-01-08,90.31473541259766,90.49441846296158,89.36731795839003,89.95536931186983,6407700
2019-01-09,87.79104614257812,90.55162080558263,87.79104614257812,90.11058213934153,8521300
2019-01-10,88.33007049560547,88.4852462228548,87.68484779032954,87.72568711556714,7905000
2019-01-11,88.33824157714844,88.61592905509782,87.91353501754709,88.09321808267026,5939000
2019-01-14,87.65218353271484,88.17489452900453,87.35815781840107,88.08505299234163,5804600
2019-01-15,89.0161361694336,89.08147660457948,87.17031561061371,87.76652994550108,4508000
2019-01-16,88.4852523803711,89.06514092930881,87.96254138322738,89.01613248937204,4953500
2019-01-17,89.20398712158203,89.40817130516697,88.28107062380577,88.32190995300547,4612200
2019-01-18,89.89820098876953,90.0860531561815,89.16313677247095,89.81652857167103,5142700
2019-01-22,89.76752471923828,90.02888018787779,88.84460835247538,89.72668539583596,5298200
2019-01-23,90.43727111816406,90.48627333353906,89.44085119748941,89.57969496185687,5197400
2019-01-24,89.43266296386719,90.09421765481942,88.54242300844781,90.09421765481942,4478000
2019-01-25,89.31016540527344,90.32291726499707,89.05697899814432,89.96355731998959,5074800
2019-01-28,88.8772964477539,89.51435014129248,88.20757253516116,88.99163909883995,4055900
2019-01-29,89.02430725097656,89.53068628774874,88.624107981467,88.9671359267609,4301500
2019-01-30,90.51077270507812,90.85380066853817,88.64861378205809,88.9753097511089,5023800
2019-01-31,92.02172088623047,92.20957306568026,90.01254938706806,90.63327101296417,6183400
2019-02-01,91.62969970703125,92.51993979036527,91.0253100141476,92.2504151622853,5010500
2019-02-04,92.36474609375,92.61793869613308,91.35199437783638,91.6460200745865,3665000
2019-02-05,92.2095947265625,92.7323058297258,91.87472961576934,92.31576827741485,4593400
2019-02-06,92.33207702636719,92.76494643630002,91.71952456373637,92.62610270692645,4209400
2019-02-07,92.36474609375,92.42192364203507,91.60518698021944,92.14422993679052,4227700
2019-02-08,92.30757141113281,92.32390963324892,91.41733147319096,92.23406810522832,3868300
2019-02-11,92.26675415039062,92.7649640799182,91.99722952008088,92.42193613109146,4851100
2019-02-12,92.93644714355469,93.51632931118952,91.65417108696387,92.47907669724101,6765300
2019-02-13,93.20599365234375,93.70420353359137,92.80578818628814,93.1978245406756,5528000
2019-02-14,91.95638275146484,92.29124779195462,91.37650043786195,92.29124779195462,6359200
2019-02-15,94.6679458618164,94.97013442722401,93.19781743397462,94.61893742675102,8889500
2019-02-19,94.6843032836914,95.53371035556141,94.08808264137224,95.39486658653081,5596100
2019-02-20,94.60259246826172,95.26414705450526,94.25956462585434,94.53725205126837,6038900
2019-02-21,94.82312774658203,95.50102068965161,94.30858587900256,94.33308698252448,4825900
2019-02-22,95.36217498779297,95.37033786799482,94.40658835164477,94.8312949079787,4865400
2019-02-25,94.79046630859375,95.80322437678946,94.5046096890252,95.69704461008759,3755900
2019-02-26,94.71694946289062,95.14981888658339,94.27591092803212,95.04364536625316,4074600
2019-02-27,94.22689056396484,94.49640886843153,93.44282428572433,94.36573427099387,4175100
2019-02-28,95.21330261230469,95.69085268275933,94.03589814576179,94.47227772396735,5586300
2019-03-01,95.65789794921875,95.81433824963534,94.87570901060354,95.39442318531042,3629100
2019-03-04,95.64967346191406,96.27542845293235,95.09802409383452,95.9625540982905,4383100
2019-03-05,95.53439331054688,96.18484801169049,95.22975434286398,95.49322910823687,3785400
2019-03-06,96.05313873291016,96.1931083642616,95.16390881302642,95.32857822852984,4770700
2019-03-07,95.592041015625,96.60477601037663,95.26269594438754,95.68261106725868,4858300
2019-03-08,94.8757095336914,95.72376873839286,94.07704988445329,95.36972393352649,5003300
2019-03-11,95.99549865722656,96.09430407673266,94.66989539883298,94.93337023578026,4821600
2019-03-12,95.97903442382812,96.50598409879689,95.51795502866436,96.12723941252156,4356400
2019-03-13,95.98725128173828,96.79414006778103,95.88844588107136,96.23425536080397,5968600
2019-03-14,95.09803009033203,96.31660501476028,95.05685959924396,96.2177996051899,8986600
2019-03-15,95.22978210449219,95.94610099450169,94.99100704724377,95.24624653386915,18194200
2019-03-18,96.55535125732422,96.654156643866,95.5508580952836,95.64965720009187,9476000
2019-03-19,97.23052215576172,97.77394245114382,96.53890317807675,96.6294732273071,6751700
2019-03-20,97.41991424560547,98.37501446178834,96.62125437421633,97.21407433160768,5733500
2019-03-21,98.34208679199219,98.53145600948302,97.16468214321749,97.16468214321749,4305600
2019-03-22,99.39596557617188,99.86528026696281,98.35029543310804,98.39146592317569,6668100
2019-03-25,99.50300598144531,99.86528621406337,98.86902185609891,99.01722683473946,4275400
2019-03-26,100.46631622314453,100.58159232407557,99.84056757085615,100.00523694635646,4583000
2019-03-27,100.35929107666016,101.42966096200932,99.78294192715497,100.82860575032426,5318500
2019-03-28,100.3181381225586,100.83685872951429,100.11229820722333,100.35930861831993,3694700
2019-03-29,100.9027099609375,101.0756147033687,99.84880451672643,100.6886347305174,5758800
2019-04-01,100.4498519897461,101.182641391067,100.1122716030728,100.93563104561171,5025700
2019-04-02,100.18641662597656,100.6639667981013,100.08761119258426,100.36755677966087,3242600
2019-04-03,100.08758544921875,100.63924112493137,99.41243086570131,100.18639085719748,4534400
2019-04-04,100.01348876953125,100.55690282355705,99.76647838386995,100.29342801032801,3022500
2019-04-05,100.13699340820312,100.17815761776217,99.47830323790821,99.9146828059912,3971500
2019-04-08,100.4498519897461,100.48278712125573,99.79939727633227,100.21931235091265,3140100
2019-04-09,100.58983612060547,100.61453590237282,99.5030017506974,100.23579125789189,3864400
2019-04-10,100.48279571533203,101.02620972738303,100.16992136183202,100.73803515419428,2681100
2019-04-11,100.17816162109375,101.0673915020069,99.76648181864158,100.74628175863302,3399700
2019-04-12,100.63923645019531,100.72157114548567,99.75000666489652,100.06288101969369,3501100
2019-04-15,101.81664276123047,102.09658198692972,100.74627285673813,100.81214312692667,4419800
2019-04-16,100.78743743896484,101.94837104475661,100.3592869895676,101.45435661076576,5263700
2019-04-17,104.57489776611328,104.65723246442126,101.96484322943351,102.91994331866343,7318200
2019-04-18,104.64076232910156,105.60409149622649,104.34435866991569,105.57939171477224,6331200
2019-04-22,104.10559844970703,104.76428241517714,103.64451276396862,104.37730236607388,3707000
2019-04-23,104.64076232910156,105.01127789611989,103.84210884122973,104.30318817966871,4464100
2019-04-24,104.50079345703125,105.37355885894921,104.29495356780055,104.90424416277257,3517200
2019-04-25,103.850341796875,104.07265240174522,103.06815270681486,103.45513271536034,4433700
2019-04-26,104.0726547241211,104.77250912796083,103.8421150411372,104.17145385583692,3033800
2019-04-29,104.31143951416016,104.5337438630394,103.75978375631938,103.85858917900784,2793400
2019-04-30,105.43122100830078,105.71116031472681,104.023270274379,104.60786123871385,4963600
2019-05-01,104.7642822265625,105.3900373321079,104.57491302100338,105.26653212576218,3810800
2019-05-02,104.42668914794922,105.01950900583003,103.88326885098027,104.76426328373798,2875900
2019-05-03,105.11832427978516,105.53823317552704,104.50080454656239,104.64900953380527,2854900
2019-05-06,104.78898620605469,105.08539620045502,104.36907728210089,104.81369227370138,2883900
2019-05-07,103.7268295288086,104.52548294370521,103.06813943545227,104.27024351635342,3558900
2019-05-08,103.75977325439453,104.35259316705205,102.87877874023272,103.57863942040268,3844700
2019-05-09,103.78446960449219,104.18791400883522,102.79643441529944,103.55392366313299,3127200
2019-05-10,105.39825439453125,105.62056499696573,103.43043179975236,103.85857601365815,3720400
2019-05-13,104.69840240478516,105.34062184264445,104.26201657074776,104.58312628967741,4297200
2019-05-14,104.90422821044922,105.80991604725851,104.80542281721881,105.0277270998198,5150300
2019-05-15,106.50157928466797,106.9297172711665,104.64901372899803,104.64901372899803,3751900
2019-05-16,107.259033203125,107.65424219973937,106.01575246100212,106.51800220057211,4812900
2019-05-17,107.45667266845703,107.75308267056585,106.74858280583445,106.97089344828413,4011700
2019-05-20,107.02851104736328,107.40724939993694,106.66623083987923,107.06966897355684,3965600
2019-05-21,106.25455474853516,107.51429388232495,106.08988534765172,107.51429388232495,4080800
2019-05-22,107.09439086914062,107.56369931543968,106.17221955962926,106.29573103963371,3588000
2019-05-23,107.01205444335938,107.77777288544536,106.63330347739551,106.70741539394511,3901400
2019-05-24,106.62505340576172,107.43194218403407,106.18044481137821,107.30844328655775,2702700
2019-05-28,105.08537292480469,106.95439626499207,104.86306861911125,106.62505748348096,8806000
2019-05-29,105.53001403808594,105.64528389660188,104.43494410044832,105.04423481744534,5502700
2019-05-30,105.89228820800781,106.13929862297755,105.2088981707626,105.5135372299247,2710300
2019-05-31,105.3900146484375,105.76052390599216,104.55841980521654,105.3900146484375,4191200
2019-06-03,106.19688415527344,106.3450953694758,104.97008049756055,105.27472571478407,3588700
2019-06-04,106.27102661132812,106.8803046575581,105.40649654296736,106.83090509310378,4242400
2019-06-05,108.18121337890625,108.35412441649972,106.09811467228542,106.39452461996709,5084200
2019-06-06,109.46261596679688,109.70314555467024,108.28488661937592,108.71617188850863,5528000
2019-06-07,110.69840240478516,111.72684794169227,109.96853701372495,110.17588398568935,6332700
2019-06-10,110.79792785644531,110.87256973103396,109.77778427070173,110.45787577604573,2957900
2019-06-11,110.4744644165039,111.41996610488225,110.05148114856921,111.18773850811948,3553600
2019-06-12,110.42469787597656,111.50290461239153,110.02659525138408,111.14626125594812,3302800
2019-06-13,110.25882720947266,110.9637993168686,109.35479745415947,110.68181047391022,2851400
2019-06-14,110.08467864990234,110.75648098407885,109.94368419196661,110.31690630479156,3291800
2019-06-17,109.91049194335938,110.50765226494069,109.38797349811186,110.07636699814186,2725800
2019-06-18,109.52896118164062,111.48631708061492,109.36308613707428,111.48631708061492,4378200
2019-06-19,110.18421173095703,110.54913185636993,108.92353830307404,109.5289880592689,4349900
2019-06-20,111.2706527709961,111.51116962673852,110.59054880742869,111.03012325980215,3847500
2019-06-21,111.10482788085938,111.60245311370834,110.8311283078367,111.2707029584757,7696300
2019-06-24,111.25408172607422,112.1664133907272,111.08820669307926,111.67706495852943,3685800
2019-06-25,110.98040008544922,111.53608849590233,110.75646179437068,111.12139451895621,4176300
2019-06-26,109.7446060180664,110.94721586543687,109.72801471759495,110.35834492551459,6024100
2019-06-27,109.22208404541016,109.84412491043713,108.96497584607161,109.68653919975769,4750900
2019-06-28,108.75763702392578,109.81925250052281,108.45075490185533,109.71142802610984,6318500
2019-07-01,109.37138366699219,109.71972508335708,108.70788343893847,109.47091882556475,3544800
2019-07-02,109.83583068847656,110.01829703420509,108.9401029163879,109.55384184706143,3233300
2019-07-03,111.12967681884766,111.21260800627769,110.11782268184446,110.29198703426508,2859200
2019-07-05,110.32518768310547,110.71500102861667,109.10598639488208,110.21736320080707,3356000
2019-07-08,109.94364929199219,110.63204271312854,109.51236407462099,110.39152580957682,5854500
2019-07-09,109.2635726928711,110.64034706673372,108.41759344341024,110.30859695011867,8233200
2019-07-10,111.47802734375,111.51949926860124,109.37137505367212,109.81094961509494,6141500
2019-07-11,111.42826080322266,111.7517215529703,110.5988729674129,111.31214701242745,3944200
2019-07-12,110.54081726074219,111.4946082745968,109.98512889161894,111.13797755556669,4481200
2019-07-15,111.26238250732422,111.27068448587396,109.93536945124052,110.80622928347191,3077900
2019-07-16,110.97210693359375,112.16642757087024,110.35006598963353,111.2043345402358,4019700
2019-07-17,110.12610626220703,111.3701879078763,109.86899808030786,111.07160780669756,4105100
2019-07-18,110.20907592773438,110.47447349350294,109.0811077984422,109.98513763550822,3698600
2019-07-19,107.89506530761719,110.46617277482072,107.82871275915562,110.44958147384168,5022000
2019-07-22,108.05265045166016,108.49222500934945,107.51355339953692,108.2268274723741,4411700
2019-07-23,108.43417358398438,109.67825537641232,108.16047407099569,108.75763434379746,4145800
2019-07-24,107.16521453857422,108.81568833561316,106.67586606668345,108.81568833561316,4669700
2019-07-25,106.98274993896484,107.43061383724283,106.48511213602929,106.68416978829451,3335200
2019-07-26,108.832275390625,108.99815043060286,106.7505164296761,107.35596602054972,4580800
2019-07-29,109.08938598632812,109.52896054683592,108.79909516842844,109.06450536256011,4533400
2019-07-30,108.21852111816406,109.54554671574347,108.01117415950814,108.93179516215854,3367900
2019-07-31,106.00407409667969,108.2185384511534,104.70193524087058,108.2185384511534,5757600
2019-08-01,105.44837188720703,107.32278389258639,105.14149610139476,106.9578638652075,6199400
2019-08-02,106.09530639648438,106.84176315426409,104.91757701114052,105.41520852193234,5573300
2019-08-05,103.17586517333984,107.11545171990456,102.74457988357375,106.45195146544121,6192800
2019-08-06,104.87608337402344,105.33224918900349,103.15925090413064,103.49100728523189,6258600
2019-08-07,105.97919464111328,106.44364988315208,103.36662124918887,104.8346415113485,6149000
2019-08-08,107.380859375,107.6130869895931,105.3322701169813,106.24460192820835,3702100
2019-08-09,106.65929412841797,107.60479587364227,105.59767225010343,107.57991524788287,2929500
2019-08-12,106.45194244384766,107.11544264208067,106.05383346608932,106.53487364089925,2920800
2019-08-13,107.76236724853516,108.13560193993882,106.11189337378607,106.39388223157314,4088200
2019-08-14,107.09056091308594,108.26000088191303,106.82516336762058,107.42232366423633,6232700
2019-08-15,108.41757202148438,108.83226591304285,107.32277407315244,107.53842299625292,3701800
2019-08-16,109.28015899658203,109.74462691002401,108.3512484806113,108.99817011215615,3405000
2019-08-19,109.95197296142578,110.18420058841225,109.42945447297797,109.53727896245616,3101200
2019-08-20,109.52896118164062,110.3915316621132,109.42113670771789,110.14271276753632,3160300
2019-08-21,109.76116943359375,110.83937601646127,109.1640092540195,110.23392651552855,2936900
2019-08-22,110.02662658691406,110.25055225832824,108.91524958836936,109.27188039092681,2484200
2019-08-23,108.04434967041016,110.59886555208597,107.43888747893658,109.85240895663247,4239500
2019-08-26,110.92236328125,110.930652605854,108.30978330884703,108.5005516738556,3954100
2019-08-27,111.768310546875,112.26594835662094,110.87257008260546,111.30385534068826,7187800
2019-08-28,112.12494659423828,112.24934971080796,111.37020060583727,111.55266694710905,3972600
2019-08-29,112.8133544921875,113.16169591867641,111.56927254524595,112.4733023893807,3045200
2019-08-30,113.40221405029297,113.71738552990547,112.59770670372347,112.88799755657247,3742800
2019-09-03,114.0076675415039,114.18183191534202,112.69723312660672,113.08704645627985,2989800
2019-09-04,115.40935516357422,115.43423579545497,113.83352275231941,114.29797808803836,3201700
2019-09-05,113.55953216552734,115.91457498434974,113.20043694100504,115.91457498434974,4994600
2019-09-06,114.72032928466797,114.76208779647399,113.59292592335751,114.35287476942888,3051600
2019-09-09,113.91028594970703,114.14411837230583,113.10021907752144,113.91028594970703,4062100
2019-09-10,113.45932006835938,114.00214257102675,112.47387256850551,113.359109819968,4175000
2019-09-11,113.87690734863281,114.23600265430424,112.64093392837056,112.96663005745702,5005100
2019-09-12,114.65353393554688,115.48865331454337,114.19422847142717,114.19422847142717,4146900
2019-09-13,113.94369506835938,114.3696013827367,113.30899615723513,113.64305156911921,4008200
2019-09-16,112.64091491699219,113.99380434133349,112.22335519413015,113.90194069258737,2953600
2019-09-17,113.32571411132812,113.83513751833678,112.33191986299057,112.70773383401139,4013300
2019-09-18,113.15868377685547,113.57624349558925,111.9895216615654,113.41756876360459,2647800
2019-09-19,113.14198303222656,113.44262655328114,112.80794033901566,113.08353129522501,2804500
2019-09-20,112.49894714355469,113.37581237505503,112.306860494429,112.7411261780932,6671100
2019-09-23,113.10859680175781,113.36748183005422,112.70774297545734,112.70774297545734,3346500
2019-09-24,113.04176330566406,113.95204039990374,112.39037118841816,113.78501906728623,4798500
2019-09-25,112.81629943847656,113.29232370906979,112.331928559648,112.91652245186707,3579500
2019-09-26,113.34242248535156,113.85184590321875,112.74948201816348,113.46768531642029,4309600
2019-09-27,113.24219512939453,113.77667103280957,112.46552746524931,113.77667103280957,3559400
2019-09-30,114.49488830566406,115.02100492437397,113.46768214793386,113.63471624191138,3705200
2019-10-01,114.72032928466797,115.19635338202099,113.651377645559,114.35287476942888,3638900
2019-10-02,111.85589599609375,114.72870881002942,111.48009480956505,114.31949571101629,5728600
2019-10-03,115.1880111694336,116.70793457349951,113.99379656016231,115.61393021314314,8829700
2019-10-04,117.15055847167969,117.29252725272052,114.92913761863919,115.11286492184776,5278700
2019-10-07,115.53042602539062,116.59103133503014,115.22143589493275,116.32378698432235,4273300
2019-10-08,114.61181640625,115.62230396783389,114.47819421438176,114.95420575140622,4074900
2019-10-09,115.12122344970703,115.38845505243037,114.26939802663485,114.67861115229668,3065300
2019-10-10,115.1546401977539,115.45528376102538,114.11074070624373,114.50324793448465,2191000
2019-10-11,114.94584655761719,115.83107118172256,114.48652828768171,115.31330117356558,2761400
2019-10-14,114.78717041015625,115.49702706799715,114.61180245472583,115.11286649886762,2371500
2019-10-15,113.85185241699219,115.2047420415874,113.70988361935433,114.81223482456548,3369300
2019-10-16,113.92699432373047,113.98545880207632,113.22549704104979,113.69316189617024,2812000
2019-10-17,114.37796020507812,114.92912933205174,114.0773167072239,114.46982385005889,2322500
2019-10-18,113.7850112915039,114.7203408845726,113.76830533651055,114.63683659542575,3630400
2019-10-21,113.67645263671875,114.19423534805588,113.29230483527733,113.86017993059464,2829400
2019-10-22,114.12743377685547,114.7036682699568,113.83513685507842,114.11907442640269,3248100
2019-10-23,114.78717041015625,114.82892893289608,114.08567310261053,114.08567310261053,2323600
2019-10-24,115.1546401977539,115.3383675276928,114.23600354805947,114.99596543617817,2292500
2019-10-25,114.11070251464844,115.1796542167554,113.76830053773197,115.06273802255336,2520000
2019-10-28,114.05227661132812,114.87069015603755,113.70151520639747,114.03557065325707,3212600
2019-10-29,113.6430435180664,114.51156204161273,113.52612731791767,114.2693830352011,2550300
2019-10-30,114.32782745361328,114.65352347198166,113.08350784793089,113.45930898560069,2653700
2019-10-31,114.55332946777344,114.85397296909805,113.65975831347404,114.24433935968548,4492300
2019-11-01,114.35289001464844,115.53041139285533,114.16081612622439,114.87067269283686,3054900
2019-11-04,112.87476348876953,114.49489748409549,112.51565544942486,114.24435906595718,3202400
2019-11-05,111.91435241699219,112.8246422981189,110.73684368226112,112.59915647959104,4300800
2019-11-06,112.2734375,112.64089202029133,111.53018185410487,112.32354261769267,3645600
2019-11-07,111.33814239501953,112.32357732859042,111.17110829388096,112.24841962882576,3338700
2019-11-08,111.179443359375,112.01456271099855,110.71177856133141,111.31305277102314,2604000
2019-11-11,110.56147003173828,111.0959460017146,110.21072137108935,111.0959460017146,2227200
2019-11-12,110.21906280517578,110.80364387881828,109.89336672536699,110.80364387881828,3246500
2019-11-13,111.31303405761719,111.54687916023612,110.24408248667879,110.76186506281712,3166600
2019-11-14,111.34646606445312,111.83083682356167,110.84538935008975,111.57195186020765,2141900
2019-11-15,111.74732971191406,111.83919335960664,110.90386366885404,111.6220668936566,3648700
2019-11-18,111.95610809326172,113.31735683394545,111.83084527665757,111.90600296662005,3619700
2019-11-19,112.38201904296875,112.79121937627727,111.9644593605493,112.44881737839486,3019100
2019-11-20,111.68889617919922,112.90816361864218,111.40494584002249,112.16490770906263,3047700
2019-11-21,111.83084869384766,112.08138707762274,111.14604462772319,111.4299821826429,3391200
2019-11-22,111.96446990966797,112.34861771765794,111.08759194538698,111.83919434739272,3014900
2019-11-25,111.76403045654297,112.55739133530166,111.24626050800985,112.45718108536899,3612400
2019-11-26,113.32571411132812,113.46768289781745,111.79744389030219,112.1481925527309,4947400
2019-11-27,113.50108337402344,114.0105067296864,113.01671258151511,113.32570268902982,2476100
2019-11-29,113.43428802490234,113.92700549249956,112.95826377311623,113.62636195003276,2978400
2019-12-02,113.47602844238281,114.11906120714542,112.27345446441569,114.11906120714542,3866300
2019-12-03,113.1252670288086,114.12740764947458,112.1732315277395,114.12740764947458,5000000
2019-12-04,114.66189575195312,114.72034748342713,112.35695806086532,112.69936007191978,4228200
2019-12-05,114.65768432617188,114.82587552151942,113.75785437337136,114.53154413770262,3351800
2019-12-06,115.51548767089844,115.79300894548483,114.65769580691932,114.93521708150571,3216900
2019-12-09,115.3472671508789,116.08731086290948,115.2127090824502,115.33884925149981,3882900
2019-12-10,114.59882354736328,115.72571867516416,114.51472153333874,115.72571867516416,2940200
2019-12-11,115.29684448242188,115.66686002954133,114.64088974901968,115.25479346983612,3339100
2019-12-12,115.3641128540039,115.96961151645485,115.0025023697953,115.04455338316475,3502100
2019-12-13,116.00323486328125,116.2639331303548,114.53153950720082,115.15384818804343,3557900
2019-12-16,115.26317596435547,115.65002723934248,114.50630921471922,115.17066888765194,4701000
2019-12-17,114.51470947265625,115.58274334388726,114.11104807861662,115.25476605519923,5491800
2019-12-18,114.34651184082031,115.46500171915865,114.0605855708533,115.25475955027167,5370500
2019-12-19,114.76701354980469,114.99407871957716,114.32970617932284,114.55677134909531,3641700
2019-12-20,115.98641967773438,116.16302877846758,113.66535032283213,115.55753019333378,10311300
2019-12-23,115.24636840820312,116.16303422982115,115.07817720047656,115.79300587352273,2992900
2019-12-24,115.12024688720703,115.53232632033324,114.59885020901488,115.28843812222043,1220600
2019-12-26,114.95203399658203,115.4986586154401,114.45586545550577,115.09499716101928,2934700
2019-12-27,115.66683959960938,115.70048553660214,114.90156776725306,115.11180996087992,2554000
2019-12-30,115.05294036865234,116.02846726395055,114.77541912263654,114.96043328664707,3024700
2019-12-31,114.93521881103516,115.43138738571636,114.39699922463228,114.95204178215725,3229400
2020-01-02,114.22039794921875,115.40615430208499,113.64853244556113,115.10340499595249,3784100
2020-01-03,114.06060791015625,115.03612201240645,113.64012349002847,113.91764474717274,4000100
2020-01-06,114.49790954589844,114.6408855498865,113.69899166470181,113.7830936867928,4085100
2020-01-07,112.69823455810547,114.43064122329841,112.64777847864515,114.37176724248359,5718100
2020-01-08,113.27851104736328,113.83355361472343,112.7487093532171,113.0766867189904,3681400
2020-01-09,113.35418701171875,113.85036839164611,113.13553972766304,113.77467144178728,3954700
2020-01-10,113.13553619384766,113.8839979427046,113.01780107039262,113.6737557342373,3099500
2020-01-13,114.8174819946289,114.86793807508852,113.21964622996192,113.23645636867049,5127200
2020-01-14,115.08661651611328,115.1623006488479,114.11949443544007,114.52315597552708,4159700
2020-01-15,117.0628662109375,117.10491722161561,115.04454602005646,115.24637033984446,5002600
2020-01-16,117.40767669677734,117.87021218994197,116.55830266908808,117.18902938735768,4977900
2020-01-17,118.79524230957031,118.84571121414277,117.65152428372784,117.81972830130621,6908700
2020-01-21,119.29984283447266,119.51849011820241,118.02156657596343,118.24863176086853,4440000
2020-01-22,120.57811737060547,120.73790350465748,119.1821060050803,119.25779012157876,5366100
2020-01-23,120.80518341064453,120.9733874648138,119.7287441912333,120.33424285617308,3915700
2020-01-24,120.19125366210938,121.22564164409916,119.79599731826131,120.95653831357394,2791500
2020-01-27,119.5353012084961,120.5612841409408,118.61864832313381,119.12322188901743,3895300
2020-01-28,119.78759765625,120.19125908633751,119.21573220080764,119.52689938198169,2908300
2020-01-29,119.19053649902344,119.79603522450519,118.71959589746409,119.41760172912134,3263200
2020-01-30,120.95654296875,121.0658730180712,119.0139071111634,119.68668471161659,4058500
2020-01-31,119.43439483642578,121.6461340965423,119.05596143567446,120.93972337085107,4753100
2020-02-03,119.84646606445312,120.31741939896405,119.28301847542176,120.06512617780334,3977800
2020-02-04,120.44356536865234,121.14997615604125,119.50168431880046,120.4267423978573,3494300
2020-02-05,121.35179901123047,121.59567431427377,120.62014743776984,120.83038963535265,3504900
2020-02-06,121.37706756591797,122.19280859141952,121.1584202270235,121.63776592479935,3571400
2020-02-07,122.25163269042969,122.54597690893164,120.9565463597858,121.31815679127003,3138500
2020-02-10,122.4955062866211,123.13463789138115,122.04979389358927,122.72255860084648,3775600
2020-02-11,122.84873962402344,123.08420989169682,121.8311615991607,122.95806968836007,3870500
2020-02-12,122.84873962402344,123.40378218303948,122.23483591417263,123.35331326953761,4217400
2020-02-13,123.17672729492188,123.73176990039572,120.69587137503322,122.15074411468292,5041400
2020-02-14,123.614013671875,123.74855893302406,122.7309938287229,123.26080830104738,3555600
2020-02-18,122.445068359375,123.79061080542155,122.2768643254738,123.7149266894657,4938700
2020-02-19,122.38622283935547,123.18514085749274,122.35258972405427,122.46190697291004,2978800
2020-02-20,122.07504272460938,122.61326228140214,121.05746475846223,122.58803424219047,2805900
2020-02-21,122.65532684326172,122.71418799720381,121.78071194673137,121.99095418483627,4271800
2020-02-24,119.955810546875,123.74857589281147,119.88853149099683,122.66373159317445,5027700
2020-02-25,118.66068267822266,121.41905884760119,118.2149703164255,119.91371776501856,7585800
2020-02-26,119.40079498291016,120.8893139546993,118.7112069603843,119.78764643372031,6157200
2020-02-27,114.68292236328125,120.37628528897858,114.6324662834942,118.92141271572903,8605000
2020-02-28,111.0331039428711,112.47957123125936,107.93834507703146,112.05068178483539,14164000
2020-03-02,115.70048522949219,115.86027134937092,110.77240771067248,111.00787794033634,8504500
2020-03-03,114.01856994628906,117.4581298167259,113.31215911937556,115.3725304472904,8728300
2020-03-04,119.74553680419922,120.0146529569073,114.38015220710274,114.53153325104216,7635700
2020-03-05,116.92198181152344,119.7328437574498,115.71126961509647,117.5230940803727,6579100
2020-03-06,116.2107925415039,116.98124461072743,111.29177426983439,111.38490598060659,6754900
2020-03-09,110.1996078491211,112.90041461149093,108.52323701252568,110.2165314923752,8716300
2020-03-10,113.56928253173828,113.93334763412618,107.40569044914818,111.79979255359447,8258600
2020-03-11,109.85248565673828,112.21462590681382,108.0575910801591,110.55520445628358,7465100
2020-03-12,97.65229034423828,105.83090584874404,96.17065766235586,103.375627541172,12808300
2020-03-13,107.90518951416016,108.02371961250152,97.42369887624866,102.17339046926121,12007700
2020-03-16,95.7473373413086,104.83186545483083,94.82449491099331,97.10197815041909,10733300
2020-03-17,108.1337890625,108.25231916212758,98.54127405805752,98.80373264160343,14242300
2020-03-18,102.37657928466797,108.13378290777433,96.32305042935883,102.30884595747716,15250800
2020-03-19,99.34558868408203,103.36716326203359,98.26188119973901,102.8083794164094,9393500
2020-03-20,87.99205780029297,100.28537426450096,85.86697118043801,100.1075790992487,13093200
2020-03-23,89.05038452148438,95.5611058790758,87.09463085881453,89.74463521476949,13926800
2020-03-24,96.38232421875,96.88184947783769,92.59781626519658,93.071936679729,11447000
2020-03-25,95.24783325195312,98.51589275850604,94.0117288133233,95.45102682092332,9485500
2020-03-26,101.81780242919922,103.12163999923622,95.31555114166994,95.42561296130849,10376800
2020-03-27,101.98712158203125,105.53457543948184,99.89590195129753,100.38695888066123,9852500
2020-03-30,106.2373046875,106.54209176894838,102.87611391598031,102.96077735301631,6916800
2020-03-31,101.68232727050781,106.42355029127765,101.19973862563207,105.780103071047,7091700
2020-04-01,100.0059814453125,103.5449674192432,97.93169168375763,99.28632607247138,6873000
2020-04-02,104.86573791503906,105.98331212271914,98.61748299838312,99.24400020859908,6181800
2020-04-03,105.48377227783203,106.14416252430506,103.66348595275318,104.29847135714968,5552000
2020-04-06,111.0462646484375,111.86751357536647,106.07644259686712,108.92964636641702,8242200
2020-04-07,110.47054290771484,114.36512589571015,110.30967784377225,112.35857580483612,6253900
2020-04-08,112.27388763427734,112.84960153912168,109.32755894501418,109.75934437364742,5241100
2020-04-09,113.1374740600586,114.36510996610214,111.34257313844714,111.83363008462686,5502400
2020-04-13,110.81768035888672,112.90043869771523,109.58156944060705,111.49500087908868,3785000
2020-04-14,117.17597198486328,117.3707101501724,112.05376655566434,112.79034551501587,6278700
2020-04-15,114.32278442382812,116.46480106940963,113.19674195926821,116.1092107519927,5773100
2020-04-16,114.8392333984375,115.96527580026677,113.32374049300529,115.96527580026677,4564000
2020-04-17,116.45633697509766,116.83732567069615,114.22118865293248,116.60872728581211,4866500
2020-04-20,113.91638946533203,116.31240272034486,113.8825163409776,115.93987586531648,3995400
2020-04-21,110.85999298095703,112.55328748094095,110.56366127593513,111.87596709718503,4359500
2020-04-22,112.28237915039062,113.17136154450367,111.09707790411633,112.12998881250451,4084600
2020-04-23,110.28429412841797,113.56929042629002,110.08956882875685,112.18078910059005,5527700
2020-04-24,113.7555160522461,114.14497944079739,110.61444931827688,110.80071273208695,4063100
2020-04-27,113.84020233154297,114.4751878103876,113.35760716659098,113.80632920480284,4009200
2020-04-28,115.41496276855469,116.5663906608893,114.00952519105846,115.80441328065324,6674200
2020-04-29,112.90888214111328,115.97374117056204,112.51941870678183,115.79595247572443,6706800
2020-04-30,112.00298309326172,112.74803696743082,110.41975652946698,112.10458956989406,6783000
2020-05-01,110.18267822265625,111.95216796496717,109.65776103488099,111.01238895274254,4488000
2020-05-04,110.84306335449219,111.20712841255157,109.48843542102875,110.20807787726515,5245300
2020-05-05,111.47805786132812,112.88349559861133,110.71608039446134,111.45265947368682,3580000
2020-05-06,110.72453308105469,111.95216908473758,110.64833792441792,111.4018535061664,4192200
2020-05-07,111.37645721435547,111.75744592351397,110.16574483240139,111.37645721435547,5528000
2020-05-08,113.64544677734375,114.43283536852907,112.14689057789316,112.6633458718244,4209100
2020-05-11,113.7724838256836,115.31337540406645,112.74803476867935,112.96815844592994,3591100
2020-05-12,112.55328369140625,115.46575220032913,112.48555036342998,114.09417491672951,3914600
2020-05-13,112.57022857666016,113.84866132486108,111.29178290964691,112.75647909385225,5168500
2020-05-14,112.67182922363281,113.07821632836108,110.19114580699974,112.35857384278114,5522200
2020-05-15,115.10167694091797,116.54944924518124,112.42626885843964,113.25599236325027,20338200
2020-05-18,114.73764038085938,116.82886014817537,114.34817695668208,115.86368278778428,8480300
2020-05-19,111.52884674072266,114.09418706138686,111.24945157763483,113.81479189829902,6640300
2020-05-20,111.13088989257812,112.33312718318312,110.35197613748795,112.21459710999133,8213100
2020-05-21,110.24195861816406,111.28333125547489,109.73396503377106,110.89386778493179,4886300
2020-05-22,110.47054290771484,110.59754776184427,109.36143694324332,109.73396384525493,3429200
2020-05-26,109.85248565673828,111.79977700358745,109.55615393830884,111.70664528512211,5579300
2020-05-27,110.74993133544922,110.77532972096473,108.86191147219168,109.8270888782188,5686500
2020-05-28,112.00298309326172,112.37551003034626,110.15729789256139,111.08861523527275,4974400
2020-05-29,111.37645721435547,111.96064593051116,110.33508463097213,111.76590774591737,13337900
2020-06-01,112.59563446044922,113.40840867276917,111.07166666383286,111.41879517394248,4049200
2020-06-02,112.29084014892578,113.28987780296289,111.01239440533305,112.64643047928541,5327500
2020-06-03,112.45169067382812,113.68778838832463,112.2654272507432,112.80728095822347,5421200
2020-06-04,111.4048080444336,113.95592445272297,111.07204014517318,112.27508202698294,5229700
2020-06-05,113.00032806396484,113.92180615947345,111.57545387581668,111.7716906032867,7075700
2020-06-08,112.80408477783203,113.02591702124433,111.97646134255298,112.09591147655779,5613000
2020-06-09,113.45252227783203,113.60609543622454,111.8143434928735,112.4798532174164,6446900
2020-06-10,114.44224548339844,115.32105983407918,113.62314968070993,113.71700427248585,7069900
2020-06-11,109.07549285888672,115.30399296488883,108.75127204467427,114.5190331981367,8541000
2020-06-12,110.06523895263672,110.85872628662172,108.72568552964141,110.19321658099324,7039500
2020-06-15,111.32801055908203,111.73756504945771,107.95779814061676,109.459458881395,5481000
2020-06-16,112.34334564208984,113.52931954689087,111.02085357091586,113.20509215652734,5197700
2020-06-17,112.42012786865234,113.51224711910365,112.18976811830682,112.53105050191469,3309700
2020-06-18,113.2903823852539,113.5890141495934,111.45596731598178,112.1300043870058,3417200
2020-06-19,112.01055908203125,115.03096081846392,111.95936803888583,114.68113799818984,8310100
2020-06-22,111.81433868408203,112.42011680825007,110.87579269286617,111.38772923699976,3379900
2020-06-23,112.0788345336914,113.2050767048217,111.75460718758266,112.3006667594522,3625600
2020-06-24,110.54304504394531,111.83141399025368,109.79220820207489,111.36214096408467,4853500
2020-06-25,112.1214828491211,112.39450608841862,109.25466723152749,110.18467257585917,4442000
2020-06-26,110.0055160522461,112.94059140542234,109.2632197110851,112.35186823039604,7372700
2020-06-29,111.83993530273438,112.11295858161083,110.43211630214766,111.07203047902692,4173900
2020-06-30,112.84673309326172,113.3245466389801,111.6437042740986,112.47985519570189,4626700
2020-07-01,112.93205261230469,114.0071037250355,112.57370224139441,113.07709826107168,3633000
2020-07-02,113.35013580322266,114.47637797862043,113.08562700881808,113.93884590679014,2769200
2020-07-06,113.73409271240234,114.28867984213066,112.88940123477659,113.54638349515218,4221600
2020-07-07,113.96446228027344,114.86033176941763,112.76994792960103,112.85527503289481,4424500
2020-07-08,114.5190200805664,114.9200339290396,113.61461030114505,114.46782903932893,3798200
2020-07-09,113.23070526123047,114.28016104189238,112.39454122286266,113.39280594384682,4005200
2020-07-10,114.72382354736328,115.0907014396719,112.01058056842155,112.94058608152211,5932800
2020-07-13,115.10777282714844,117.80394786085502,114.73235440231738,116.69476061087819,8960000
2020-07-14,115.62822723388672,116.84832399337029,114.54463560184335,114.83472689889842,6766800
2020-07-15,114.06681823730469,116.1998651397329,113.69139989942371,115.48316450509745,5561300
2020-07-16,114.22894287109375,114.63848427040445,113.52076966908768,114.38251601367789,3788100
2020-07-17,114.89446258544922,115.23574494490428,113.94738906601081,114.88592206405598,3229300
2020-07-20,113.57197570800781,114.85180414149039,112.77847530932281,114.85180414149039,3620300
2020-07-21,114.69820404052734,116.3875867414554,114.15214449593783,114.33132618327983,5435400
2020-07-22,116.04629516601562,116.25107238405883,114.0582936135978,115.66234927388565,3522300
2020-07-23,116.95924377441406,117.10428941941912,115.60262890134915,116.54116184298536,5011400
2020-07-24,116.08894348144531,118.29024946499386,115.51728846922272,116.88244370554413,3300000
2020-07-27,117.46263885498047,117.53942542777423,115.05656844050291,115.63675101594906,3607700
2020-07-28,117.2152328491211,118.2476205701247,116.967792043232,117.72715644842476,3787500
2020-07-29,117.68446350097656,118.59741387130532,116.9250992854417,117.21520357358892,3179000
2020-07-30,117.4797134399414,117.9319184193248,116.4473128336155,117.09576753543874,2817600
2020-07-31,117.4541244506836,117.48824748047927,115.35520009332791,117.11282905728653,4304100
2020-08-03,116.635009765625,117.31758742354282,116.03775919710417,116.9848326054322,2819200
2020-08-04,117.29198455810547,117.39436664370398,116.05481995381136,117.33464810013324,2553500
2020-08-05,116.25109100341797,117.87220192720618,115.84154952082424,117.87220192720618,2924000
2020-08-06,115.91831970214844,116.28519757817426,115.41492367821606,115.41492367821606,2692900
2020-08-07,116.66915130615234,116.68620630956656,115.50023261795032,115.98657361607333,3692100
2020-08-10,116.02071380615234,116.78861870325295,115.50879022717378,116.31081815523756,3052000
2020-08-11,115.28694152832031,117.27494326429368,114.86033204898925,116.86540180948052,3301200
2020-08-12,117.57357788085938,118.32440172921304,115.39786688113126,115.47465346464101,4424600
2020-08-13,117.82953643798828,118.26467339432814,116.97631752973084,116.97631752973084,2393500
2020-08-14,117.36878204345703,117.88924605882045,117.06162273899523,117.83805501125788,2461700
2020-08-17,117.67595672607422,118.5035801540551,116.93366040123927,117.31760632721982,2862500
2020-08-18,117.83806610107422,118.26467556302596,116.92511560333544,118.26467556302596,2638600
2020-08-19,116.42170715332031,118.41823609786167,116.12308837323668,118.33292202601757,3682200
2020-08-20,116.6520767211914,117.01895456025618,115.72207134305964,115.74766686582761,2263000
2020-08-21,116.43026733398438,116.6009085255728,115.39786664337855,116.35346773154444,4295600
2020-08-24,117.43706512451172,117.47118815683481,116.13164106841263,116.43027293236797,3177800
2020-08-25,117.14694213867188,118.06841999154949,116.63500565848915,117.96602488406164,2597400
2020-08-26,118.14521789550781,118.3073315637589,116.36199358291942,116.53263475299386,6019700
2020-08-27,118.08548736572266,119.39091120596765,117.66741844822045,118.34999615361792,4159300
2020-08-28,119.39945983886719,119.4165278629106,117.09577131834077,118.18789051353978,3355400
2020-08-31,119.5018310546875,120.320926885986,118.59742114912214,118.87045743258383,3828700
2020-09-01,118.75953674316406,119.86018335840797,118.17934114093148,119.66394666341299,3421700
2020-09-02,122.2577133178711,122.70993124905185,118.89604225905114,119.04108788943216,4918200
2020-09-03,119.76817321777344,123.78135517386544,118.69398062419306,122.68998493993361,6642400
2020-09-04,119.24398040771484,120.57598199933065,117.67996263037482,120.01740703157438,4836400
2020-09-08,116.4854507446289,119.1322629431332,115.50578759625483,118.85726333734956,4901500
2020-09-09,117.8260498046875,118.9861831697329,116.35654841647691,116.4424890778521,4282300
2020-09-10,115.80656433105469,118.20416983129309,115.0503415708945,117.38778598456227,6050500
2020-09-11,116.70893096923828,117.19876932171675,115.35114930406836,116.20191496814255,3411900
2020-09-14,117.44794464111328,118.16121024740406,116.70031063415904,117.32763556973322,2779000
2020-09-15,116.54560089111328,117.9377634741814,116.36514387006022,117.2846459545904,4080800
2020-09-16,115.99562072753906,117.38778338196502,115.82375251825424,117.11278375694623,3353500
2020-09-17,114.46595001220703,115.62608315561273,113.1683301946529,114.62922937000354,5186400
2020-09-18,112.97927856445312,115.83232720603851,111.72461587562373,114.90423636660029,8473000
2020-09-21,112.78164672851562,112.84179470220266,111.16605668229083,112.03399967909027,4402700
2020-09-22,113.56363677978516,114.19956352153406,112.10273746178636,112.5753848297955,3951000
2020-09-23,112.57540130615234,114.13943225961846,111.58714921152368,114.03630083796607,5909900
2020-09-24,113.0738296508789,113.7011545588661,111.64729850102988,112.95352058478952,4316600
2020-09-25,114.76675415039062,115.00737227342819,112.15431008211965,112.48086886882959,4576000
2020-09-28,118.56509399414062,119.08930055399361,116.58857681210297,116.90653365386987,7487500
2020-09-29,117.8690185546875,119.91427251840899,117.84323897916146,119.15804978180516,4330500
2020-09-30,119.10649108886719,119.61350689310134,117.64557853568515,118.58228452998162,7060700
2020-10-01,120.99705505371094,121.04002537952952,118.15259519473214,119.82833300003811,6483900
2020-10-02,118.6424560546875,120.23226680159921,117.04405648509696,119.69086938058595,5130200
2020-10-05,118.53069305419922,118.91741285130415,117.7143093620808,118.68538359558153,4519800
2020-10-06,116.61436462402344,119.29555869769494,116.14171718213386,118.5908819456587,5031000
2020-10-07,117.7401123046875,118.17839133168343,116.66591957217472,116.82061014426277,4347300
2020-10-08,118.46197509765625,118.70259321119867,117.52526910632635,117.97213693692103,2977400
2020-10-09,118.96900177001953,119.67366542043224,118.50494314242866,119.1924291493787,3194000
2020-10-12,122.13999938964844,123.30872146107326,120.12051205982158,121.27204337811737,6167200
2020-10-13,123.3517074584961,123.74701619649204,121.95096890013399,122.2173666286352,4293200
2020-10-14,122.47513580322266,123.84150551675071,121.71031126740806,123.36026937457993,3641000
2020-10-15,121.5384521484375,122.00251073640047,120.84237737919688,121.30643596715984,3306800
2020-10-16,121.79624938964844,122.73295529714048,121.28064481222147,121.81344014270677,5076000
2020-10-19,120.03460693359375,122.48377202760908,119.66509086452056,121.461138273355,3223200
2020-10-20,120.06037902832031,121.35799912787907,119.80257015012404,121.16894015804876,2750900
2020-10-21,119.9658432006836,120.72206592731831,119.53616613064203,120.0345799927111,2560100
2020-10-22,119.97444915771484,120.48146502573317,119.45883135493678,120.13772856568474,2909000
2020-10-23,119.93147277832031,120.76504742027207,119.48460491261204,120.49864971025332,2758400
2020-10-26,118.6424560546875,119.51900113806461,117.22452666300352,119.2268238145077,3431100
2020-10-27,119.5533218383789,120.21502807639958,118.84865839139809,119.08068763820813,3390800
2020-10-28,115.29955291748047,118.34167416756502,115.10190512050583,117.86042479472839,5196000
2020-10-29,115.14485931396484,116.55419949796605,113.65816729615962,114.94719843199131,3856500
2020-10-30,114.5433120727539,115.01595949095298,113.18554401713341,114.23394404563307,4303900
2020-11-02,116.14170837402344,117.06981243151854,114.96439738208883,116.53701705345243,3126400
2020-11-03,117.76587677001953,119.10648014284637,117.11277239302896,117.40494963173244,3293900
2020-11-04,118.47056579589844,121.77048264480291,118.29869758531665,119.45022902018896,4576300
2020-11-05,118.63386535644531,120.54163297749561,118.13543828211895,119.75102858423158,3667800
2020-11-06,118.91741943359375,120.11192105665152,118.0150950449064,119.07209687083608,2867000
2020-11-09,118.97756958007812,123.44620816702563,118.73695148704498,122.02827918217297,6111300
2020-11-10,121.78765869140625,122.40639466493924,117.0354317785087,117.72291765051227,5284500
2020-11-11,123.66107177734375,123.95326218905691,121.69315630731381,122.76734912370041,4389800
2020-11-12,123.60948181152344,124.38290831417464,122.68137787596321,123.96182011453004,2570100
2020-11-13,124.35713195800781,124.51180939491694,123.11966001192539,123.54933704249832,2580400
2020-11-16,125.25946807861328,125.68914519441729,124.33996586939925,124.60636358316495,3399000
2020-11-17,124.81256866455078,125.55161356383036,123.84149453419384,123.97899430910638,2924000
2020-11-18,123.21419525146484,125.95553693288919,123.14544534983035,125.02743292987793,4335200
2020-11-19,123.16264343261719,123.48918909393453,122.32046692200531,122.78452550747777,4263500
2020-11-20,123.24855041503906,124.29696335518645,122.88762330473116,123.44619816558114,3469100
2020-11-23,122.90485382080078,123.44623810506997,121.92519045794964,123.15406079448586,3443300
2020-11-24,123.77277374267578,124.05636217783498,122.73296259312878,123.05091942374513,4472300
2020-11-25,123.88446807861328,124.53757235740281,123.48915949362186,124.13367495351831,2278300
2020-11-27,124.26261138916016,124.84696589850638,123.90167111844245,124.27978903046802,1596000
2020-11-30,123.94467163085938,124.28842123127788,122.78455115030145,124.14233256836495,4906900
2020-12-01,125.5258560180664,126.00709220199076,124.17666382634043,124.6321204370333,3999200
2020-12-02,124.27978515625,126.27349295288764,123.65246033778337,125.36257970924221,4432900
2020-12-03,125.01802825927734,125.4594295513401,123.78040369348773,123.78040369348773,4757900
2020-12-04,126.2297592163086,126.34226218685664,124.49880612842571,124.51610615089524,3592600
2020-12-07,125.81427001953125,126.84418880274572,125.16516287442485,126.08256552652958,4217300
2020-12-08,125.9441146850586,126.49801898798407,124.87956932924659,125.77967207532566,3623800
2020-12-09,126.09123992919922,126.44608836948032,124.8709152186441,125.97872378810524,3842000
2020-12-10,125.20843505859375,126.61050221828734,124.99206601759815,126.39413317729175,3985000
2020-12-11,125.46810150146484,125.58061764752993,124.11796057316549,124.30836641752775,2975500
2020-12-14,124.82765197753906,126.76632378237412,124.67187257133725,125.71044156437982,3952400
2020-12-15,125.29502868652344,125.72776690918286,124.53340518868364,125.11327282231257,3183300
2020-12-16,125.3988265991211,125.90080430183338,124.5420005400941,124.61124021006648,4915800
2020-12-17,126.1085433959961,126.53261828370533,125.64982885860883,125.71041853177805,3312500
2020-12-18,127.1644515991211,127.31159422064178,125.92682658400425,126.6451736399742,8980400
2020-12-21,125.84025573730469,126.0652880397389,124.16989272432997,125.49407048049656,3946900
2020-12-22,124.6458740234375,125.494036920081,124.17850952499899,125.14785175585192,2653700
2020-12-23,124.98346710205078,126.01338627118854,124.68920825547532,125.052706808208,2645100
2020-12-24,125.54597473144531,125.58925118241827,124.74973821679399,125.34691890431216,883300
2020-12-28,127.14714050292969,127.74432132913554,125.96142886027393,126.16914794951302,2493500
2020-12-29,127.58850860595703,128.75690683886913,127.08653079065287,127.81352767925075,3186700
2020-12-30,127.4932861328125,128.08181676624946,127.23364065353495,127.63176548257621,2224900
2020-12-31,128.35015869140625,128.48863809127369,126.91346463155722,127.64046167167754,2076800
2021-01-04,124.86225891113281,127.90007571234061,122.84569771839084,127.23365532013544,7486900
2021-01-05,125.2343978881836,125.649822747859,123.6765381567531,124.68915688677156,4126000
2021-01-06,123.70249938964844,124.2823800296998,122.54276452178166,122.61200419829703,4843300
2021-01-07,123.30439758300781,123.89291507110819,122.16196263864495,123.598656327058,4473200
2021-01-08,124.78439331054688,124.9747991938011,122.6034020760182,123.3044359161255,4312000
2021-01-11,122.97550964355469,124.89686785709192,122.62932444725485,124.65453557845828,3902700
2021-01-12,122.40430450439453,122.89763232520093,120.69066515982718,122.57741032608664,5150000
2021-01-13,123.40824890136719,123.97081635828799,122.03214490488699,122.13599782352887,4361600
2021-01-14,122.68991088867188,123.27844161757226,122.09274335742211,122.44757859033636,4724700
2021-01-15,122.36968994140625,123.41692204439887,121.62537981698138,122.42161640490474,4309100
2021-01-19,122.94953918457031,123.39959047819158,122.41294820002207,123.2264978902197,5158600
2021-01-20,122.3177719116211,122.70723362083278,121.09744711078643,122.06677637924588,5019300
2021-01-21,120.82915496826172,121.85041073260568,120.0761947621396,121.41767255324883,5684100
2021-01-22,119.94635772705078,120.7685575741137,119.63478572956038,120.73394433266826,4014900
2021-01-25,121.32245635986328,121.4522857231472,119.0722259969259,119.487650905971,3829000
2021-01-26,122.72454833984375,122.97553066915475,120.95031919169311,122.30046017666754,4242500
2021-01-27,119.47034454345703,123.18324532499943,119.0462696016221,121.60807209498253,6659800
2021-01-28,120.46563720703125,121.85039123573054,119.22799934491798,120.15406523950307,5514000
2021-01-29,118.19811248779297,119.83386227529343,117.71343463443036,119.53094026770694,6778100
2021-02-01,118.55296325683594,119.40113970651657,117.61824708376045,118.55296325683594,4185700
2021-02-02,119.76458740234375,120.75987963870622,118.22404099493684,118.95968775908212,3581600
2021-02-03,119.45303344726562,120.25792000549605,118.63083366665153,119.21935116650354,3609600
2021-02-04,120.8897476196289,120.95898732232389,119.21938436277729,119.21938436277729,3860300
2021-02-05,121.99755096435547,123.00149348430293,120.93300555541629,121.59077602717467,4437900
2021-02-08,121.51287841796875,122.73320328271988,120.73395495874801,122.19661215330656,4112200
2021-02-09,120.82048797607422,122.1619655786223,120.7252850617528,122.14466556228702,3179300
2021-02-10,119.17608642578125,122.13601385055411,118.36253657334673,122.13601385055411,6966600
2021-02-11,116.81330871582031,119.61745599663008,116.26805455413358,119.30588407654011,7528000
2021-02-12,115.8613052368164,117.35858870780291,115.49780678439262,117.0643167363094,5659300
2021-02-16,116.30271911621094,116.67486761729953,115.45454276309117,116.45849852426065,5180100
2021-02-17,116.3719482421875,116.89988930950126,115.85265718360603,116.02574980109311,3353000
2021-02-18,117.1595230102539,117.44513177521993,115.89593500223246,116.03441438029847,3935200
2021-02-19,114.68424224853516,116.94313557488678,114.49383643511713,116.84793266817778,5414900
2021-02-22,114.23423767089844,114.76217881645664,113.16969216364562,114.27750092709196,5792900
2021-02-23,114.91793060302734,116.26807138347236,113.63702950441527,114.80541446928393,6264300
2021-02-24,114.32078552246094,114.49387817791575,113.5505119804824,114.11307961836441,4944000
2021-02-25,112.51191711425781,114.32075938147207,112.33882449838298,113.68031538212314,5702300
2021-02-26,111.8108901977539,113.264884106377,111.2742990942555,113.0052517699235,8329000
2021-03-01,113.04850006103516,114.21689824493313,112.80616777500165,113.03985005300508,5287300
2021-03-02,113.43798065185547,114.26883047272807,112.84079991466089,112.94465284074002,5614000
2021-03-03,111.76760864257812,112.9706201690603,111.62912926537089,112.33882616896771,7505800
2021-03-04,112.3896255493164,114.93699414473737,111.94471294479231,112.75602651390744,9102800
2021-03-05,116.05364227294922,116.38515359473057,112.70367936671525,113.09625085686358,10186500
2021-03-08,115.26848602294922,117.05686852903185,115.14635238870599,116.22810363155516,8634900
2021-03-09,115.37317657470703,116.8213421370753,115.15507983259982,115.97512571277389,8930200
2021-03-10,116.53345489501953,117.30987877814961,113.88139100975187,115.60872682202965,7791700
2021-03-11,116.21939849853516,117.40584536420397,116.11471631707211,116.3328130694997,4458900
2021-03-12,116.0623550415039,116.71664526003929,115.71340558291247,116.13214759553591,5275100
2021-03-15,116.05364227294922,116.57707980085983,115.12891417700051,116.51600632092357,5389200
2021-03-16,116.90857696533203,117.40584394440673,115.80937413855473,116.09726344566599,5544700
2021-03-17,116.5683364868164,117.38838232495742,116.35897214452886,117.21390760252845,6199500
2021-03-18,115.61746215820312,116.09727772908683,114.64039285863691,115.46915794748831,6476700
2021-03-19,117.33606719970703,117.78097983707195,115.3121226993476,115.42553728422475,16114400
2021-03-22,120.21493530273438,120.56388478983487,117.85076059618407,118.32185704649638,7813400
2021-03-23,121.6631088256836,122.28249620203516,120.54644110937143,120.78198934974412,6978400
2021-03-24,121.0960464477539,122.23015229536358,121.06987590071115,121.27052119856226,5082300
2021-03-25,121.8114242553711,122.35230003861962,120.68603735668543,121.41883938139085,5827600
2021-03-26,124.4896240234375,124.75134278950559,121.37520931077852,121.80267042750597,6785600
2021-03-29,126.33033752441406,126.46120353875659,124.24533348693204,124.63790490682581,6105800
2021-03-30,124.35005187988281,126.27803323577228,123.98365089378927,125.34457264544264,4372700
2021-03-31,123.39915466308594,125.03924669777453,123.15488733599244,125.03052761879653,6257900
2021-04-01,123.25082397460938,124.14066236733771,122.23013286746571,123.1723123459602,4823400
2021-04-05,124.89090728759766,125.9203174028619,123.28571864435484,123.74808261972841,5980700
2021-04-06,125.33585357666016,125.7982176766419,124.36750335920259,124.78624544169023,4751900
2021-04-07,125.10901641845703,125.7109655472923,124.76878603845037,125.62372152715992,4849200
2021-04-08,124.35005187988281,125.76332803946737,123.92259071855908,125.34457264544264,6725100
2021-04-09,124.376220703125,124.87347437000385,123.5387233278959,124.08833139637653,4950800
2021-04-12,124.76881408691406,125.16138564262418,123.92259748535791,124.0534502334041,4386700
2021-04-13,124.79496002197266,125.59755444535256,123.76553646462375,123.94002450969802,5283300
2021-04-14,123.97489929199219,124.50705581800433,123.21592697072974,124.37620311143056,4685300
2021-04-15,124.14939880371094,124.83859202684665,123.37297486262395,123.59107162485702,4777100
2021-04-16,125.76329803466797,125.90288313270712,124.28024297481295,125.15262987020621,6481400
2021-04-19,126.27801513671875,127.01954939306451,124.97815374660085,126.05119931447562,6621200
2021-04-20,127.11552429199219,127.93555694617204,125.56266307949686,125.7371511406463,4999700
2021-04-21,128.2234649658203,128.93882884842367,127.55173641643566,128.5462572767479,6316000
2021-04-22,127.4295654296875,127.93553813560251,126.82761631730976,127.57786961060303,4904400
2021-04-23,127.22021484375,127.6651274811644,126.54847303655608,126.94104457681243,4354700
2021-04-26,125.06538391113281,127.16783949111125,124.73387263633711,126.97591331218399,5817700
2021-04-27,124.65540313720703,124.90838956134013,123.99239367512874,124.41985487227488,4693700
2021-04-28,123.73062133789062,125.35326131699598,123.64337733333714,125.17878661945515,4962700
2021-04-29,125.5713882446289,125.99884935976837,123.85278477143524,123.96619934234295,4699900
2021-04-30,125.76329803466797,125.83309058368754,124.31513259353893,125.03049623731386,5051100
2021-05-03,127.18531036376953,128.0489783911271,125.71098733591873,126.52230095518152,6109800
2021-05-04,125.58882141113281,128.04022642011824,125.1787985115978,127.35103332874347,6603800
2021-05-05,125.52777099609375,126.12100110693082,125.18754058202698,125.37946679627694,5305200
2021-05-06,126.98463439941406,127.33359714461038,125.63243204885954,126.0337358779434,4472200
2021-05-07,126.98463439941406,127.3684867633462,126.12097989213439,126.69674512646496,4181000
2021-05-10,127.99661254882812,129.10454768681257,127.46445598443259,127.79596728042044,5270600
2021-05-11,127.06315612792969,128.7992109804486,126.51356139184506,128.38918804197212,5266100
2021-05-12,125.82439422607422,127.14170733474364,125.49289616276386,126.39145385740213,5651700
2021-05-13,127.69126892089844,128.34555910936226,125.25731527690292,125.83309383752739,4849400
2021-05-14,127.88320922851562,129.02603408737122,127.73490503347638,128.41536583968914,4224700
2021-05-17,127.5168228149414,128.5898552375761,127.11553219711033,128.24090571671684,3747100
2021-05-18,126.94104766845703,128.19728727712982,126.77530529394357,127.9268493941794,4527300
2021-05-19,126.87123107910156,127.04571912293633,125.69351665262963,126.18205122760189,4432700
2021-05-20,128.4415740966797,128.87776773188963,126.59211734309298,126.71425102848883,3964600
2021-05-21,128.328125,129.38370574951355,127.82213897425206,128.99985336366558,5194200
2021-05-24,128.98239135742188,129.4185847494841,128.24957634196727,128.79918427566673,3627800
2021-05-25,129.37501525878906,129.43607543644663,128.2496283960188,128.98244370890902,4649300
2021-05-26,129.37501525878906,129.69779424022377,128.83412618123063,129.03478480735018,4462600
2021-05-27,127.81341552734375,129.7850186813948,127.75235535890613,129.60181155294333,9203600
2021-05-28,129.06094360351562,129.5494782265727,128.45027532469427,128.5985795272959,4913700
2021-06-01,128.79049682617188,129.8548100290849,128.3194003925839,129.79373654964715,5530300
2021-06-02,129.30519104003906,129.57562885683697,128.44152319244776,129.28773957430653,4546900
2021-06-03,129.76658630371094,129.84567154575544,128.43966252149974,128.92298357092227,4651600
2021-06-04,129.9159698486328,130.57504032888215,129.59083270253325,130.05657476920356,4427400
2021-06-07,129.83682250976562,130.27620261978174,128.92291778081147,129.84560528479187,4724100
2021-06-08,128.62416076660156,129.94230142101256,128.22872125204228,129.79291375590438,5997200
2021-06-09,128.38690185546875,129.6962462907508,128.31659941328678,129.3974709680923,4008000
2021-06-10,129.7050323486328,130.06531389955586,128.41325356814883,128.57142399409278,4698200
2021-06-11,129.78411865234375,130.16197916782025,128.99322628952086,130.10047291570913,4364600
2021-06-14,130.5574493408203,130.61017282355922,128.99324336958273,129.59080746120506,3831900
2021-06-15,130.5662384033203,131.0847038869707,130.1180753696461,130.84743479440374,4256500
2021-06-16,129.26565551757812,131.1725639073933,128.95808402519992,130.81226893833752,5492100
2021-06-17,130.51348876953125,130.93528997605875,129.09868409316874,129.3974593890916,5316400
2021-06-18,127.78933715820312,130.03896166142482,127.62237053496375,130.03896166142482,10661700
2021-06-21,128.7911376953125,128.94932155907946,127.81571299668343,128.07934383041422,4904300
2021-06-22,128.98446655273438,129.61717519248134,128.55386907576676,128.94052584548115,3518000
2021-06-23,127.28844451904297,128.41325671605824,127.27086555723423,128.35173705413723,3901700
2021-06-24,128.00904846191406,128.24631756627892,127.07756441885005,127.29725455764144,3818900
2021-06-25,128.6593017578125,128.9932215616457,127.63115379176351,128.0880995041286,6387600
2021-06-28,129.21290588378906,129.69622672034734,128.8438281746403,128.96685407768987,4282800
2021-06-29,129.12506103515625,129.7929141415335,128.6505228892191,129.57322403181226,3197700
2021-06-30,130.20591735839844,130.328943269069,129.35351875988857,129.55562988267195,4943700
2021-07-01,130.23228454589844,131.0055979646581,130.0038116761827,130.1268375920018,3997600
2021-07-02,130.856201171875,131.6207183518729,130.54862969939722,130.84740498711847,3835500
2021-07-06,131.04957580566406,131.30441048607636,129.85446082379258,130.99685231377345,4313800
2021-07-07,131.62954711914062,132.4292224999346,130.93533213054533,131.19016680997774,4225000
2021-07-08,131.69105529785156,132.40284919112162,131.10228734405013,131.30439851414394,4216000
2021-07-09,131.35711669921875,132.08648952835063,131.08470308773528,131.2956104363779,4088600
2021-07-12,131.38345336914062,131.62950519119113,130.74196207656743,131.36588781672177,4873700
2021-07-13,134.4152069091797,135.25002667092258,132.47314037756124,132.8246392007728,8750800
2021-07-14,135.80364990234375,136.33091159744578,134.27461512242724,134.35370035404597,6390300
2021-07-15,136.42755126953125,136.5242154492956,134.67881325700122,135.3906204400767,4920600
2021-07-16,136.92845153808594,137.8247774889463,136.3045257561471,136.80541221000206,5852500
2021-07-19,136.910888671875,138.43992336123586,135.99697024233367,137.07785531239628,5750200
2021-07-20,136.92845153808594,138.25537491078126,136.6999652531525,137.2623713710494,5213500
2021-07-21,136.41879272460938,137.19209289126485,135.83002476466982,136.4715162122425,4905900
2021-07-22,136.37484741210938,136.87573393653892,135.30275850368378,136.37484741210938,3333500
2021-07-23,138.12359619140625,138.65964073846578,136.41881174863659,136.70000819150087,3588400
2021-07-26,138.0269317626953,138.37843063377883,137.11301324376225,137.78086646234993,2999800
2021-07-27,138.7914581298828,139.42416686568112,137.99178272646782,138.23783463385348,4043900
2021-07-28,137.51722717285156,138.8090061025969,137.00754450455298,138.4926518053364,3556800
2021-07-29,137.7983856201172,138.3432126564729,137.26234135863876,138.16746329721136,3055600
2021-07-30,137.92147827148438,138.49268072658782,137.63148565436845,138.29055612722564,3757300
2021-08-02,137.3678436279297,138.06205850198307,136.6560363811191,137.96539431356342,3425900
2021-08-03,137.6754150390625,138.09721635251282,137.3590607017693,137.96540763231647,3359900
2021-08-04,135.37306213378906,137.666627650147,135.2148782660291,137.25360912893464,4846300
2021-08-05,135.60150146484375,136.37481482945876,135.21484478253626,136.19026926424175,3733500
2021-08-06,135.61912536621094,135.99698598897675,135.01277840519356,135.12702157431934,3430900
2021-08-09,135.63668823242188,136.02333158813957,135.07428205004396,135.89152287696547,2636600
2021-08-10,135.70697021484375,136.4802837037039,135.16214302523068,135.60152325138841,2670200
2021-08-11,136.24301147460938,137.10420635230219,135.74212500096607,135.95303233181696,3058000
2021-08-12,136.26939392089844,136.4715050766077,135.8563754230442,136.40998540684097,1958700
2021-08-13,137.54359436035156,137.675403069088,136.11999326189385,136.29575608530354,2113800
2021-08-16,138.8881072998047,138.94961356558028,137.72813694015474,137.90388636799878,3224000
2021-08-17,138.7562713623047,139.23959229738867,138.17629964902443,138.76506754855563,3736300
2021-08-18,137.3326416015625,139.01985955952907,137.26233917721186,138.562900505658,3419200
2021-08-19,139.6438446044922,140.09200766547337,136.8933197451753,136.92847767671623,4745600
2021-08-20,139.1517333984375,140.27654578884946,139.06385198310286,139.66140269914987,3484100
2021-08-23,138.7123260498047,139.3010938728643,138.24658413889455,138.69474708840653,3102100
2021-08-24,136.9899444580078,138.62443917416368,136.80539889266615,138.62443917416368,3760800
2021-08-25,136.38365173339844,136.79667031625334,135.4697465469936,136.52425665709873,3346700
2021-08-26,135.88275146484375,136.796656559342,135.40821324728293,136.6560516497816,3220700
2021-08-27,136.15513610839844,136.56815456178427,135.51364478223675,136.0672547064281,4166500
2021-08-30,137.08665466308594,137.23604235718568,136.21667683516324,136.366064529263,2540300
2021-08-31,137.42935180664062,137.49965425454712,136.50665061499637,137.16572097919644,5291200
2021-09-01,138.76504516601562,139.01109698258512,137.5347726743497,137.82476518862487,4231400
2021-09-02,138.86683654785156,139.16765984698355,137.91126827349277,138.72526787741364,2862500
2021-09-03,138.9906768798828,139.2826571392192,137.93778205095936,138.20321987769506,2035100
2021-09-07,136.7256622314453,138.69872665278484,135.9735904763039,138.45098822771672,4609900
2021-09-08,138.663330078125,138.68987251433722,136.52215471904393,136.8406774543214,3199100
2021-09-09,137.78733825683594,138.88447471746912,137.49535806568213,138.8048474382614,3560400
2021-09-10,137.54847717285156,138.24745034145784,137.1503137152861,138.0085549670641,3851500
2021-09-13,137.8139190673828,139.26496395134785,137.48655338342238,137.97318717088336,3367200
2021-09-14,137.2742156982422,138.61909099678243,136.98224889398347,138.36250960794786,2808600
2021-09-15,138.04396057128906,138.36248325235647,136.9468238918951,137.3361308910584,3702400
2021-09-16,137.636962890625,138.13243964815052,136.08859127299323,137.48655126785684,4589900
2021-09-17,136.37171936035156,137.5838687389764,136.1062815436677,137.34497335388812,8127400
2021-09-20,135.91160583496094,137.09721258824553,134.85871121796717,136.16818713203185,5484600
2021-09-21,135.84970092773438,138.13244478905926,135.3453811738869,136.79642608952796,4479800
2021-09-22,136.26553344726562,137.22110146805505,135.77005673294397,136.80525204695056,3001000
2021-09-23,136.37171936035156,137.07953553720426,135.84968670393965,135.98241236264568,2712500
2021-09-24,136.43365478515625,136.8052623488809,135.85855073431003,136.0355047883605,2366100
2021-09-27,135.12417602539062,136.38941031358345,134.83219576640874,136.07974410004172,4482000
2021-09-28,133.6466064453125,134.9295403584103,132.80606446781604,134.81451413492022,5910900
2021-09-29,134.75253295898438,135.52229030208252,133.32803095003396,133.9031348384389,3326500
2021-09-30,133.08035278320312,135.75239050380387,133.04495386595752,135.5665934408237,4949200
2021-10-01,133.55810546875,134.1420659887624,132.29287117611852,133.91202707211906,4274300
2021-10-04,132.89454650878906,135.3719442674242,132.25750098511912,133.49620661480253,5404900
2021-10-05,133.68199157714844,134.83221330742572,132.77952175095604,133.9208870020725,6103100
2021-10-06,137.10610961914062,137.28306368677835,132.68219042454785,133.46079102229982,5499200
2021-10-07,138.37132263183594,139.57462900672493,137.60156513123937,137.60156513123937,4605100
2021-10-08,138.0527801513672,138.65444000285004,137.57500296110294,138.53057084235738,4186000
2021-10-11,138.23858642578125,139.11451349800166,137.72541034775767,138.371298557716,2738100
2021-10-12,138.84910583496094,139.66311875638505,138.21207396284439,138.22091693998195,3195400
2021-10-13,139.78697204589844,139.84005690414494,138.0439471962618,139.31803779708522,3599900
2021-10-14,140.91065979003906,141.11416977974375,140.3355557339531,140.34439871148106,3677100
2021-10-15,140.5124969482422,141.2645684919884,139.3622754404594,141.2645684919884,4313000
2021-10-18,139.8754425048828,140.41516106568793,138.73407754880742,139.9727692453797,3274200
2021-10-19,141.6538848876953,141.7069697529956,139.38882712929586,140.36209466223033,3125800
2021-10-20,142.72445678710938,143.22878997751963,141.28225503284276,142.07856846495454,3716500
2021-10-21,140.83985900878906,142.83062227898986,140.6629049738056,142.79523687228414,4164700
2021-10-22,141.53887939453125,141.98127133775333,141.09648745130917,141.19381421884725,3240300
2021-10-25,140.8752899169922,141.5211783667271,140.49482582966166,141.5211783667271,3281200
2021-10-26,142.60055541992188,142.80405184521126,140.76906059086764,140.83098841564058,3684700
2021-10-27,142.10511779785156,143.19339802379366,141.17609216562994,143.11377072693344,3751800
2021-10-28,142.9987335205078,143.0960602649824,141.98123769250498,142.31745980991312,3589600
2021-10-29,142.98109436035156,143.56504151757773,142.37059126346193,142.47676101918816,4558200
2021-11-01,142.68020629882812,142.89255923473283,141.72463833834763,142.62712144003373,3017100
2021-11-02,143.9897003173828,144.05162815433522,142.39708700016212,142.93680558264447,3464500
2021-11-03,145.36996459960938,145.4495918924289,143.46767154431055,143.46767154431055,3595000
2021-11-04,145.37881469726562,145.60001063308417,144.52942986413038,145.2991874005458,3310100
2021-11-05,146.87408447265625,147.25453495810999,145.5646084635855,146.47593453417093,3754300
2021-11-08,143.71543884277344,146.96260755611883,142.58291655883755,146.70601267105474,5766400
2021-11-09,144.67098999023438,144.98066971134838,143.33497135209151,143.60925216184614,3778600
2021-11-10,145.13992309570312,145.98932145174305,144.24629635192755,145.75928253274816,2683500
2021-11-11,143.94544982910156,145.0868147627937,143.82158066187353,145.07797178682264,2453000
2021-11-12,143.91009521484375,145.0426175211202,143.40577541474653,144.22861795727968,3540900
2021-11-15,144.92759704589844,144.99838137384722,143.76853236478854,143.78621832122815,3357100
2021-11-16,144.49404907226562,145.980492967732,144.42326474384055,145.34344751263643,2899400
2021-11-17,144.54713439941406,144.81257225666297,143.40576916419306,143.8835465066569,3332200
2021-11-18,144.59136962890625,144.67985341082152,143.11378227588267,144.0516509609742,3498900
2021-11-19,144.93641662597656,146.01585382665644,144.60905097520128,145.54691954283805,5242200
2021-11-22,145.23728942871094,147.58197514899123,144.37904786138986,144.39674732174473,4157200
2021-11-23,146.2105255126953,146.62637498604244,144.49404275049307,144.71523870437008,3878000
2021-11-24,144.87449645996094,146.43171100372615,143.84814406713153,146.06894642511304,3309500
2021-11-26,142.5740509033203,144.80370970175215,142.3528549689723,143.96316785137543,3402900
2021-11-29,145.22842407226562,145.61773113569316,142.57407245878395,143.92779070160117,5305800
2021-11-30,141.37075805664062,145.10454686705867,140.14090908358924,144.954135237345,7610000
2021-12-01,141.7069549560547,144.44093323936957,141.60962821292404,143.7508030610712,5385600
2021-12-02,143.07427978515625,144.02740226013668,142.37058333462343,142.63781482427876,4619800
2021-12-03,146.71749877929688,146.86892677473156,143.715619882634,143.83142335818408,6465900
2021-12-06,148.24069213867188,149.01565115650706,147.67950741984944,147.91111436638923,5403100
2021-12-07,148.07147216796875,148.72173869159647,147.56374452301006,148.24071924694144,5460100
2021-12-08,148.3297882080078,148.4812162151447,146.1117844969733,147.9912940791381,3891900
2021-12-09,148.1427459716797,148.65048724684857,146.84224001036932,147.7953490541285,3644500
2021-12-10,150.5121612548828,150.64577021133547,148.66827610408228,149.23836363821192,5025700
2021-12-13,151.26039123535156,152.55199425540047,149.69265399076315,150.47651581707822,5411800
2021-12-14,150.88626098632812,151.7770234960985,149.91533311274813,150.8506364663985,4985000
2021-12-15,152.82814025878906,153.0151927865026,150.9486306973331,151.2247649185966,5507800
2021-12-16,153.0508270263672,154.60074515602005,152.338214271881,152.82813639008762,6909900
2021-12-17,149.91534423828125,153.54965717888933,149.69265359431233,152.4183849017788,10159600
2021-12-20,150.91299438476562,150.98425702206472,148.53465993173623,148.89987585090975,5263600
2021-12-21,150.46759033203125,151.07331586145685,149.45212169007195,150.7437245148162,3401400
2021-12-22,151.4029541015625,151.42077316329977,149.88866006097294,150.5032885672736,4362900
2021-12-23,151.233642578125,151.99079607189674,150.76153958288808,151.41179234373132,3241700
2021-12-27,152.7390594482422,152.8192248177257,151.22476579284537,151.42073464622172,2868800
2021-12-28,153.53184509277344,153.91486649365123,152.4985571957709,152.73016417486807,2332100
2021-12-29,154.07521057128906,154.51168914565184,153.14880984038822,153.91486623280443,2299500
2021-12-30,153.80801391601562,154.65423587341928,153.41607610198568,154.58297321705365,1988900
2021-12-31,154.73439025878906,155.01052451333277,153.30916454196762,153.62093691500974,2914900
2022-01-03,154.0841064453125,154.2711725665576,151.93737896906677,153.38931272404488,5488900
2022-01-04,154.3068084716797,155.39353998089442,153.3893240389432,153.79908083420418,4717600
2022-01-05,154.8323516845703,156.2041200197634,154.30679145452908,154.42259493449782,6564600
2022-01-06,154.8679962158203,156.41792813336798,154.30681139202628,154.9125370670985,4288700
2022-01-07,155.06396484375,155.60733060778543,153.75454265159837,155.0728675772078,4916000
2022-01-10,155.14407348632812,156.63164494736452,154.65415148611746,155.38458312133235,5055900
2022-01-11,155.07286071777344,155.19756694046407,152.8726759666209,154.70764478276556,6452300
2022-01-12,154.90359497070312,155.28662991761934,154.05737330503987,154.90359497070312,5268000
2022-01-13,155.1529998779297,155.60729743465913,154.31569457673282,154.73435402330955,4310300
2022-01-14,156.45352172851562,156.72075319139378,154.45820887657655,155.500412940997,4474500
2022-01-18,154.95704650878906,155.66964561695892,154.23551748503846,154.65417693666447,5789500
2022-01-19,156.0705108642578,156.73858277032966,154.60966083999236,154.9570576874714,6424500
2022-01-20,154.93923950195312,157.55808356319093,154.8501578105263,156.24866153257204,6284200
2022-01-21,155.1886749267578,157.87878202142284,155.09069048845004,156.1774220435147,6753200
2022-01-24,154.3958740234375,157.21958966860356,150.50324603942607,156.31992438853393,9263900
2022-01-25,152.62326049804688,153.63872931754426,151.19804849437887,153.28242971461694,6536900
2022-01-26,151.01100158691406,153.04193948438197,148.26745080094014,150.8595735568001,6841800
2022-01-27,150.8684539794922,154.3513389329247,150.34290731882462,152.12443248064687,6543500
2022-01-28,153.80801391601562,153.86145751029937,148.94445654872877,150.10243733677484,5796000
2022-01-31,154.56512451171875,155.09067116445127,151.95518312123747,152.11552745119883,5908000
2022-02-01,153.51402282714844,154.4849507965815,151.0377038928733,154.23553835657958,5952700
2022-02-02,156.3021240234375,156.45355204361985,153.71891776298168,153.88815125003765,5767000
2022-02-03,156.21304321289062,157.3621346548914,154.8412746980231,156.12397510213583,4632700
2022-02-04,153.6476287841797,155.78545335109897,152.48963481378294,154.19099445379894,4592400
2022-02-07,153.04193115234375,154.09303816385594,152.50748170903145,153.87034749781924,4813300
2022-02-08,153.22898864746094,153.7812571186472,151.70577859724364,153.77235438561345,3957700
2022-02-09,153.15771484375,153.9059521228107,152.3292986053945,153.65653969645712,6780200
2022-02-10,149.97769165039062,152.72124203523828,149.0245827550338,150.23602041078524,7899800
2022-02-11,150.1647491455078,151.70576451878472,149.3719710363929,149.70154882352097,7299600
2022-02-14,148.4901123046875,151.1445808610796,147.0649003996526,150.91298749440028,6822500
2022-02-15,147.83094787597656,149.87078798457756,147.2074032633965,148.95330371309834,4943800
2022-02-16,148.13381958007812,148.93550046425403,146.56606874246012,147.53701028328794,4161700
2022-02-17,148.53465270996094,149.60356503356013,146.97581827372449,147.8754835409619,5156800
2022-02-18,149.38980102539062,149.86190411413443,148.0625598636257,148.8553380307576,5181600
2022-02-22,149.95985412597656,150.48540067517322,148.0714286124573,150.15582293956777,7733900
2022-02-23,148.48123168945312,150.64577845417693,148.32980366653481,150.64577845417693,5812800
2022-02-24,145.8979949951172,148.16944226133057,142.78032600791084,147.60827108616496,8888800
2022-02-25,149.98660278320312,150.05786541836386,146.3166518281931,146.45917709851457,6535600
2022-02-28,145.8534698486328,147.16289192954406,143.7779914046848,146.12068774926098,7677000
2022-03-01,144.5440673828125,146.44138269453575,143.68002647497283,145.2566802624275,5107900
2022-03-02,146.54824829101562,147.70624224348705,144.74000152823183,145.1764664483788,5452100
2022-03-03,146.39137268066406,148.11288404307712,145.96995954867506,147.01900489383192,5352200
2022-03-04,148.61497497558594,149.2874409257017,144.2842926150778,145.25264522500706,6340300
2022-03-07,145.65611267089844,148.07698719901273,145.36920099831238,147.10864833285012,6319500
2022-03-08,141.54957580566406,147.01897026357642,141.38819056658775,145.59334592632405,6163700
2022-03-09,141.12815856933594,143.51317402790116,140.23153745089962,143.28901874829208,5764900
2022-03-10,138.53692626953125,140.09705196550613,137.51477872564504,139.68460022472448,6103700
2022-03-11,137.83758544921875,140.67091197560347,137.61343012937226,139.37977514427092,4762600
2022-03-14,139.77427673339844,141.48682648947477,138.52797382680623,139.1107721276462,6075600
2022-03-15,142.56277465820312,143.01108527033583,140.61710824330964,141.0564575684872,6203400
2022-03-16,143.19041442871094,143.45044225919793,140.80539856122303,142.03377900741236,6299000
2022-03-17,144.30221557617188,144.92088638229504,142.83175738131754,143.30696551444188,3587600
2022-03-18,145.96095275878906,146.08647917405722,143.51318082038352,144.69672731978594,12123000
2022-03-21,145.7547607421875,146.87553740104582,144.41880372089605,145.4947465771289,5122600
2022-03-22,147.35073852539062,147.7362927918057,145.45886706894322,146.0058065994239,5779200
2022-03-23,146.57965087890625,148.1935720056682,145.8175309588768,147.2700531322847,4533700
2022-03-24,147.46728515625,147.7004017355293,146.3913424868291,147.09966719244724,3160300
2022-03-25,148.15769958496094,148.74945920937424,147.43142488350713,147.43142488350713,4146800
2022-03-28,148.59701538085938,148.63288788745677,146.78585055691744,148.03215337480046,4308000
2022-03-29,150.80271911621094,151.15240083069415,149.1708619943869,149.99575184185107,4440400
2022-03-30,150.5965118408203,150.84756469743058,148.94671833563976,150.72203826912545,3871500
2022-03-31,150.0764617919922,151.79797286521838,149.97783291210848,150.96410802959176,6076200
2022-04-01,152.21041870117188,152.3628426721361,150.0674944577378,150.53374133921076,3239600
2022-04-04,151.81590270996094,151.8786590774078,150.13921182273307,151.62760624491384,3759900
2022-04-05,151.977294921875,153.66294717278802,150.9192884623301,150.9192884623301,4480700
2022-04-06,154.5685272216797,154.84647760304634,151.96833122934552,152.35387177605318,4294800
2022-04-07,154.71202087402344,155.36655064649233,153.12499721070918,154.24577392860076,5041600
2022-04-08,155.2320098876953,155.7341154967811,153.85120578135763,155.10648348542387,3883100
2022-04-11,154.75682067871094,156.88180849093638,154.5057678435684,155.6624031425212,3825100
2022-04-12,155.38446044921875,156.59489088964162,154.78372587247188,155.8148348048344,3924300
2022-04-13,155.115478515625,155.85071451841407,153.97676568071364,155.6355204899833,4394000
2022-04-14,154.1291961669922,156.24522298457393,154.0036697321083,155.54585946431308,4834300
2022-04-18,152.80218505859375,154.4967985992616,152.3897469633032,153.51948476329713,3086000
2022-04-19,155.02581787109375,155.26790945376905,152.28215887195836,152.28215887195836,3642000
2022-04-20,157.3301239013672,157.7784345037689,155.76103679296116,155.76103679296116,4197600
2022-04-21,156.7652587890625,158.91715803524787,156.59489855958708,157.59014871162606,3701300
2022-04-22,154.35333251953125,157.15079993807254,154.16504973102633,156.89974709916356,5864000
2022-04-25,155.7789764404297,155.94036169375914,153.32222936047725,155.30376828604295,7369900
2022-04-26,155.38446044921875,157.22253668988392,154.873379785825,155.98519502596565,7386600
2022-04-27,156.77423095703125,158.42401077268522,155.2858363992468,155.4920554558649,5180300
2022-04-28,159.15025329589844,159.257843455305,155.85069404813711,156.48728739976306,5235800
2022-04-29,153.9588623046875,159.06960140537316,153.6898731559448,159.06960140537316,6505600
2022-05-02,150.41717529296875,155.52792733988863,148.18459714665445,155.11547554696202,7692100
2022-05-03,150.62339782714844,151.8069306773095,149.35915867249065,151.6545067175878,5564900
2022-05-04,155.88658142089844,156.11969803608645,150.28269823638058,150.28269823638058,6231500
2022-05-05,152.77529907226562,155.40240653216085,151.60072738663266,155.20514875641356,6534300
2022-05-06,152.79322814941406,153.14290988428945,151.27793607116934,151.74418294478792,5824600
2022-05-09,153.9498748779297,155.01685641674794,151.31380605999175,152.12077344092364,7269100
2022-05-10,153.7615966796875,156.49628078883882,153.09809197074875,155.22308014305563,5936700
2022-05-11,153.0173797607422,154.58646688622636,152.35387513667857,153.16084243859711,5376900
2022-05-12,152.78424072265625,154.20987876984128,150.77581807333942,153.5463741838473,6473500
2022-05-13,155.76101684570312,156.15553231431034,151.94141592767826,153.0532173231872,4714600
2022-05-16,157.3301239013672,158.0743211431165,155.49204769524937,155.75207550620053,5317200
2022-05-17,156.424560546875,157.5184259637138,154.7389080975876,157.18668045538382,5012200
2022-05-18,146.73204040527344,155.89550932056542,146.07751082028187,155.73412408646578,8875400
2022-05-19,144.53533935546875,145.95200253882524,143.16350996982598,145.70094968925363,6423800
2022-05-20,145.44093322753906,146.20305305107107,143.11867388409598,145.46783076946642,5768800
2022-05-23,148.48048400878906,149.6909144836958,146.66034397148232,147.23418102243585,4657800
2022-05-24,150.47096252441406,150.8654643238265,148.08594706804598,148.857041776445,6327600
2022-05-25,151.50209045410156,151.96833732487002,149.6998867055844,150.49787905369647,5781000
2022-05-26,152.5242462158203,153.4029312378726,151.4931372182027,151.4931372182027,5193800
2022-05-27,154.0126190185547,154.0484778448181,152.6049172436994,153.55533347523973,6713500
2022-05-31,150.40823364257812,153.30431681427544,148.27427042061368,153.30431681427544,13610000
2022-06-01,149.2784881591797,150.97310190294627,146.8845108818812,150.79376669426173,5613900
2022-06-02,150.48826599121094,150.55147262242826,146.84975174299663,149.53123934399974,4677300
2022-06-03,148.83609008789062,150.40705359221022,148.39368487694796,149.7479713608177,4222000
2022-06-06,149.45901489257812,151.33696002518937,148.7277025687727,150.28965586257894,3447800
2022-06-07,150.3799591064453,150.65081914076583,148.26727563646966,149.58544001284204,4168300
2022-06-08,149.6305694580078,150.60565721014942,149.07080221708864,149.63960684996596,2646800
2022-06-09,146.9671630859375,150.71401671884118,146.8678481961333,149.14305326841108,3522900
2022-06-10,146.73240661621094,147.9964016216182,143.96062744337254,145.33297471818068,5203300
2022-06-13,144.22247314453125,147.048407969685,143.60852283334367,144.93572456293393,6300700
2022-06-14,140.95413208007812,144.5023698126592,139.81653639924676,144.4572241748017,6159200
2022-06-15,142.4619140625,144.31277515010896,140.78259814651796,142.57928997498485,5940100
2022-06-16,141.77574157714844,143.06683523416274,140.04225647019396,141.41460401272604,7207900
2022-06-17,141.80282592773438,143.545348425119,140.99928313843168,141.77574129928155,9881800
2022-06-21,145.09825134277344,145.3239657433725,142.06464924766135,142.8049853178392,4449600
2022-06-22,146.29002380371094,147.15677320864458,144.05996430797498,144.75516855531131,4706500
2022-06-23,148.15895080566406,149.09791673124224,147.3012249884113,147.87002973532316,5810700
2022-06-24,149.99169921875,150.04586845668388,148.01443937510257,149.5492941481064,5951500
2022-06-27,150.1903839111328,150.8946118150375,149.27848881712953,149.75700229602592,4595800
2022-06-28,148.07765197753906,152.0863414374401,147.93320524928606,150.9126239451204,4372900
2022-06-29,150.533447265625,151.28282074410586,149.28751311689203,149.9285343128423,3653600
2022-06-30,150.47027587890625,151.30090335548996,149.54033349878992,150.8946201234078,6295100
2022-07-01,152.93505859375,153.0524344981248,149.65768087694926,150.54249130351903,3918700
2022-07-05,152.59197998046875,152.93507032633738,149.2694701469549,152.24890341111578,4971600
2022-07-06,154.11776733398438,155.24633917119357,153.01628011874726,153.48576986044955,4209100
2022-07-07,153.81082153320312,154.42475808945903,152.926024941211,153.05242445435275,5150200
2022-07-08,155.18316650390625,155.92350256165895,153.9823642596907,154.00042526885935,3482900
2022-07-11,153.91014099121094,156.01380091823307,153.5038578137978,154.75882936601545,4921300
2022-07-12,153.0343475341797,156.48326982584697,152.4655428959227,156.19434881069668,5201600
2022-07-13,153.57608032226562,154.78590617667624,151.66201287898244,152.16761092103383,4533100
2022-07-14,154.37059020996094,154.53311174345293,151.4092183530165,151.9419010362412,4218300
2022-07-15,154.4969940185547,156.12214051607742,153.50385888643993,154.69562380028046,4659100
2022-07-18,151.91482543945312,154.60535119468426,151.54466426771913,154.52408353485103,3479700
2022-07-19,153.53997802734375,154.1629520436513,152.24889813100853,153.71152319432875,4201600
2022-07-20,151.91482543945312,154.00043821356596,151.1925503301573,153.53094837131195,3460700
2022-07-21,152.1405487060547,152.95312891605653,151.28283663148227,151.67107261300342,3088300
2022-07-22,153.13368225097656,154.00043163221068,152.12248611996512,152.70933806531696,3757800
2022-07-25,153.3503875732422,154.26226890091044,152.61906125577804,153.76569440504542,3357200
2022-07-26,155.13800048828125,155.28246098962524,152.79960295088623,154.00040503734868,3732100
2022-07-27,154.9213409423828,155.24637024762222,152.63711218874707,153.928205792745,4479000
2022-07-28,157.85565185546875,158.10845093319938,154.5602264501483,155.17416313134652,3134200
2022-07-29,157.96397399902344,158.433450038595,156.546480934184,156.79025634706676,4215500
2022-08-01,159.76063537597656,160.4287549001842,157.59378283902535,157.59378283902535,4034600
2022-08-02,158.4424591064453,159.9411920056274,158.19868373714303,159.75159965567894,3781100
2022-08-03,159.6522979736328,159.85995134718652,157.313900287687,158.07229730315387,4401300
2022-08-04,158.78558349609375,159.57107908392862,157.62090309391283,159.282157999549,3822500
2022-08-05,157.59378051757812,157.72920363295054,155.6526286126625,157.44932001017273,3295600
2022-08-08,156.96177673339844,158.87583016208652,156.4832633762264,158.7133086536349,2846100
2022-08-09,157.54864501953125,158.20772718425232,157.06110799632285,157.8104676515942,3228800
2022-08-10,158.84878540039062,159.29117685491184,157.7472979080267,158.73140949130615,4041100
2022-08-11,158.03622436523438,159.91417025566477,157.70217138536307,159.22800328237005,2743800
2022-08-12,160.103759765625,160.14890540654034,158.34318998204992,158.83975070257247,3756200
2022-08-15,161.86428833007812,161.936518581846,159.625205631322,160.50097849130347,3043100
2022-08-16,162.80325317382812,163.14632961820783,161.2864455762435,162.3157024624039,3395700
2022-08-17,162.7130126953125,163.48044723629366,162.26158385391534,162.60467418186195,2666200
2022-08-18,162.87548828125,163.3540016564554,162.4601815440777,163.2547005564243,3010600
2022-08-19,162.66787719726562,163.4262743917309,161.9004563849552,162.2977022178781,3704000
2022-08-22,161.11492919921875,162.93870533205924,160.7267070602474,162.64076068338878,3385000
2022-08-23,161.042724609375,161.48512984485677,160.0676366337214,160.54616389229142,2575000
2022-08-24,161.84625244140625,162.06294323034007,160.80797168619074,161.0427097084835,3340600
2022-08-25,161.8553009033203,161.92753117123783,160.15792404854622,161.63861009956779,3401800
2022-08-26,158.03622436523438,162.49634413294194,157.70217138536307,162.47829689590668,5246600
2022-08-29,157.5396270751953,158.26190213165373,156.38397045304546,157.59379632677832,4184500
2022-08-30,156.18531799316406,157.72017292996622,155.58942875927838,157.40416730628124,4026300
2022-08-31,155.5352783203125,157.46739297997107,155.47207167732896,156.92567292430434,5597900
2022-09-01,157.10772705078125,157.22587789630842,154.73543171370204,155.3534941952225,4846100
2022-09-02,155.11717224121094,159.03463748971322,154.4172959796689,157.8984810316048,5801500
2022-09-06,154.07191467285156,156.871406116923,153.7265325076321,155.408035904547,4900100
2022-09-07,157.4713134765625,157.9530427920999,154.45367472275854,155.08083541972985,6074600
2022-09-08,156.94410705566406,157.6348851902991,155.02627439689192,157.04408937888337,3888100
2022-09-09,157.44403076171875,158.65290299198108,156.03519386966272,156.92593671913554,3662000
2022-09-12,158.0620880126953,158.55291539136593,157.01682957186767,157.44402552885586,5953300
2022-09-13,152.16317749023438,157.0895506181064,151.74506577816402,156.7896036251404,6926200
2022-09-14,153.31748962402344,153.78105033272976,152.30859600883278,152.8084937525083,5156900
2022-09-15,150.7725067138672,153.20841943274974,150.2816793714018,153.181152788068,5461000
2022-09-16,151.76324462890625,151.9450268985308,150.1998921457584,151.20879969163755,12012600
2022-09-19,153.3629608154297,153.43567650316677,151.3360612952436,151.84505724030384,3720900
2022-09-20,153.53567504882812,153.74472400495432,151.66329096650475,152.31771835612662,3872000
2022-09-21,153.09934997558594,156.36238783939137,153.00845191562445,154.40820437208978,5134500
2022-09-22,153.2447967529297,154.4173041775421,152.74488511100265,153.06300061470304,4290600
2022-09-23,153.17208862304688,153.38113754939616,151.36332236366286,153.05392390119349,4565100
2022-09-26,153.1084442138672,154.52636527947047,152.27223471028313,152.9993776300816,5326400
2022-09-27,150.89065551757812,154.5172717714415,150.190793154716,152.9175685389179,5400700
2022-09-28,153.30841064453125,154.17188680409274,150.19080388959608,151.70870729766892,5480900
2022-09-29,151.43601989746094,153.73559941896985,149.97264985021917,153.42656819634666,5167700
2022-09-30,148.39112854003906,152.91758618592658,148.16389723179927,152.41767453397935,5971900
2022-10-03,150.19989013671875,150.5998194460023,148.1729908127749,148.62745341530658,5093400
2022-10-04,151.89047241210938,153.3629266204524,150.47255149013515,152.1449703278947,4596800
2022-10-05,150.88157653808594,151.8723016337587,148.81831254183837,151.76323505268567,3538600
2022-10-06,147.9730224609375,150.89976265764295,147.70034213241198,150.6906998799514,4623400
2022-10-07,146.89138793945312,148.16387754891224,146.31876068064824,147.51854848593533,4779200
2022-10-10,147.08229064941406,148.1911666951241,146.50966330365748,147.23680627766134,4839200
2022-10-11,147.78213500976562,149.30913645509557,146.84594322619725,147.4640195325989,5222600
2022-10-12,153.9628448486328,155.15353468624187,151.42694954791034,153.36295086554634,9795300
2022-10-13,158.70742797851562,159.09825915304341,151.62690685091448,151.8814047945832,8412700
2022-10-14,154.68997192382812,160.2071403162691,154.50818966949691,159.95264238638597,5937900
2022-10-17,156.99862670898438,157.78030284013568,155.48982160205193,156.58052893481985,6401800
2022-10-18,159.11642456054688,160.79794153022505,157.6167037047446,158.89829141444983,4547400
2022-10-19,157.5712432861328,159.8253734704707,156.63505161754952,158.8982799283813,5200200
2022-10-20,155.8442840576172,158.48016096693794,155.52615476517397,158.33472964072993,4314000
2022-10-21,157.29856872558594,157.8711959517188,155.04443845925803,155.60796755856606,5071500
2022-10-24,161.4978485107422,161.77052888783984,158.7619882173991,158.88923721083134,5316500
2022-10-25,162.0341033935547,162.57945020591592,160.52528419473526,161.8977562886407,5220000
2022-10-26,162.76124572753906,164.4245666745659,162.0795518128533,162.93392986921697,5136000
2022-10-27,162.5885467529297,164.45183234674656,162.3067821555856,163.94283644585425,5424100
2022-10-28,165.63343811035156,166.2696829872787,163.13389376813197,163.3338584250374,6715300
2022-10-31,165.0426483154297,166.31513811591003,164.09735829013118,164.6790698945077,4877200
2022-11-01,164.29730224609375,166.16060154480738,163.5065418175423,164.4609159821612,4084500
2022-11-02,162.0067901611328,166.86044612787393,161.94315875665058,164.31545346137594,4970600
2022-11-03,161.58871459960938,162.6067063455135,160.45255814423518,160.67978943531003,3753800
2022-11-04,162.49765014648438,163.4156596282067,160.45256839614302,161.71597390047887,3922400
2022-11-07,163.79739379882812,164.17004253890747,162.5430727577483,163.1702332782882,3246100
2022-11-08,164.25189208984375,165.52438192365742,162.51584149084877,164.00647838293006,3724700
2022-11-09,162.28858947753906,164.57908475541652,162.1522423825968,163.56107914908364,4723600
2022-11-10,165.15171813964844,166.26060807424201,162.29769335776797,166.01519436895356,6704100
2022-11-11,161.83412170410156,165.14260861300647,159.46182656687188,164.6336127607283,7390500
2022-11-14,160.63436889648438,162.86123317019786,160.42531995496182,162.39768624705664,5633000
2022-11-15,161.05247497558594,162.42494717590597,159.4436733227305,161.8250531536074,5153600
2022-11-16,162.08860778808594,163.27021314117349,161.53416294612694,162.06134114578433,4701100
2022-11-17,163.63381958007812,163.7519843064177,161.2706082678826,161.32515543556966,3920300
2022-11-18,164.81539916992188,165.2789460037048,163.62470944207192,163.79740743968628,4498100
2022-11-21,167.98756408691406,168.26932868315552,165.50618827612715,165.66980202597261,4397600
2022-11-22,168.00570678710938,169.62359230388518,167.5785108942319,168.88736521546534,4109600
2022-11-23,168.22386169433594,169.13278680796273,167.69668346414082,168.1511460209542,2511000
2022-11-25,167.34222412109375,168.15116701847276,167.18770849677398,167.76942008737126,1837000
2022-11-28,167.14224243164062,168.59652819450721,166.796846442413,167.60578925736962,6411400
2022-11-29,165.96063232421875,166.71504182898258,164.5336271150147,166.60597525401312,4375400
2022-11-30,168.6147003173828,168.78739831568987,163.82467474178807,165.3334799568401,7915600
2022-12-01,170.023193359375,170.41647643955747,168.43180709915114,169.63906516016195,4683300
2022-12-02,169.8311309814453,170.39817535955152,168.1391248165912,168.2854633514608,3547700
2022-12-05,167.4805908203125,168.23056523489925,166.7489261644146,167.76411296781427,4083200
2022-12-06,166.1178741455078,168.5506859438468,165.26729364186826,168.05681084428323,5835100
2022-12-07,166.6208953857422,166.8678399210594,165.25815789014135,166.28249973203367,4241700
2022-12-08,168.0842742919922,168.26719050773485,165.779490897919,166.28252095792087,3800800
2022-12-09,167.4623260498047,168.4775269123382,167.41659351524532,168.4775269123382,3116100
2022-12-12,168.25802612304688,168.45008323833582,166.78552776485168,168.45008323833582,4691400
2022-12-13,168.16653442382812,170.88288198342784,167.31596799385676,170.55362731088215,5634900
2022-12-14,167.70010375976562,170.004886572593,166.575156058818,168.34947221084172,5392500
2022-12-15,164.855712890625,167.10562224169462,163.15456600243357,166.43795798888402,6127800
2022-12-16,164.9380340576172,165.71544527253238,163.23688705613586,164.70024441752562,15708100
2022-12-19,165.85263061523438,167.80072215693434,164.94719062422132,165.4136289845732,4447800
2022-12-20,165.7520294189453,166.6849201222623,165.21242177859565,166.2916510149056,3249000
2022-12-21,166.91354370117188,167.99275881928736,165.9074838829214,166.0446814702875,4236900
2022-12-22,165.6239776611328,166.5019948556078,163.63930851581185,166.32821960160473,4304700
2022-12-23,166.69403076171875,166.95927104903015,165.03861653037714,165.4593362473916,2197800
2022-12-27,167.43490600585938,167.9287811437312,166.7032272468246,167.62696313229392,3045000
2022-12-28,166.22763061523438,168.7793443615137,166.12702461344637,168.37693430997297,2694300
2022-12-29,166.43798828125,167.2428363184611,166.35567808352025,166.38311481609682,2549200
2022-12-30,165.23074340820312,166.4197197522788,163.97773871258195,165.88925295398005,3136200
2023-01-03,164.0874786376953,165.31303248631082,161.4900324033013,165.1666939491478,5137400
2023-01-04,163.68504333496094,165.12095000933422,162.38632030744782,164.08746730656418,4771300
2023-01-05,161.97474670410156,163.50211836468256,161.75523892531515,162.76129880024124,3647100
2023-01-06,165.63311767578125,166.3007679472737,163.52954692322862,163.5386878468679,3713200
2023-01-09,164.01429748535156,167.1605060283408,163.53870425183666,165.02949833549505,3319200
2023-01-10,162.66070556640625,164.19721827155578,161.9656045235535,163.52041303393875,3817300
2023-01-11,162.8436279296875,164.36185884280843,160.67602848436294,164.06918177037556,4369900
2023-01-12,160.76748657226562,163.13628395743825,160.34678074343876,162.4869294090632,4246600
2023-01-13,160.2736053466797,160.72174788825822,159.29498216576118,160.4199299153285,4720400
2023-01-17,161.02357482910156,162.38632624538752,160.5022629963602,161.10588502022748,5032600
2023-01-18,156.96275329589844,160.73089331815734,156.69752694743215,160.27359592344317,5032600
2023-01-19,155.14273071289062,157.46579551899782,155.0055331103961,156.6518066510599,4720400
2023-01-20,155.3713836669922,155.38052459183052,153.15806571800817,154.5208031662726,5779100
2023-01-23,154.67628479003906,156.17621986556327,154.31045241283243,155.49027369159285,5440400
2023-01-24,156.11219787597656,156.27681825101834,154.06350037881563,155.12443375889592,4125600
2023-01-25,157.2462921142578,157.29202464969822,154.8774947079157,155.79208959428198,3852800
2023-01-26,155.68234252929688,157.00850232217567,155.51770819298625,156.98106559205897,4558400
2023-01-27,155.13356018066406,155.69146354772192,154.18238776180917,155.2707577693162,5451400
2023-01-30,155.00552368164062,156.816431444021,154.694564797211,155.2799049143294,5191500
2023-01-31,156.4140167236328,156.45974925771355,154.85920825415778,155.66404224041673,4665500
2023-02-01,156.90786743164062,157.6029683482206,155.03294547047764,156.2859497227089,4147700
2023-02-02,155.4536895751953,155.9932971936118,154.11837493822887,154.98725122030123,5653800
2023-02-03,154.67628479003906,156.66095404538683,152.78308060679825,156.3591500097772,5308200
2023-02-06,157.14569091796875,157.65786179159429,155.1061343921683,155.24333199049562,5640000
2023-02-07,156.90786743164062,157.33772806512314,154.8042967912043,155.74632823336185,6044700
2023-02-08,156.54205322265625,156.69753266786194,155.700627660338,156.3957147016593,5687300
2023-02-09,158.02371215820312,161.41686551622593,157.34690688054698,160.3467911142044,9619400
2023-02-10,161.151611328125,161.5083027648297,157.90479678828945,158.33465748837077,6176000
2023-02-13,162.58753967285156,163.00824551272464,161.0052804439943,161.20649243892865,5205100
2023-02-14,160.7583465576172,162.11194307743472,159.86203352387452,161.9747594271733,5203000
2023-02-15,160.97784423828125,161.01443584963081,159.67912114758627,160.0541084080603,4125500
2023-02-16,160.52053833007812,161.79182462309979,159.6333802023281,159.81631033821841,4973200
2023-02-17,161.2247772216797,161.35281994100998,159.89861749527108,160.2004354670374,3952100
2023-02-21,161.13331604003906,162.25827776800023,159.75228282285377,160.58456749637003,5797300
2023-02-22,161.0784454345703,162.276562491756,160.75834560066232,161.62720794357017,5299500
2023-02-23,161.25221252441406,161.87414426681102,160.04495460363466,161.57232629771377,3801400
2023-02-24,160.93211364746094,161.2705092713316,159.4047279888438,160.4748162289937,2959100
2023-02-27,160.88638305664062,162.11193680358085,160.6485794645768,161.85585136259664,3208500
2023-02-28,158.70965576171875,160.1089848764898,158.40783776266466,159.9443644891572,4317100
2023-03-01,156.69752502441406,157.73102158957974,154.67626442411472,157.60297887885548,5359100
2023-03-02,159.58877563476562,159.99390494933758,156.32922332950935,157.00138533881878,4476300
2023-03-03,159.4322052001953,159.70844054408525,157.75640180044593,159.29409455320697,3627100
2023-03-06,159.75453186035156,159.9018592962952,158.57594047263748,158.57594047263748,3611400
2023-03-07,158.96266174316406,160.4543133693775,158.25366076345637,159.9110592647587,4094900
2023-03-08,159.39541625976562,159.62561008984156,158.17078339777177,158.99947556607853,2920200
2023-03-09,158.189208984375,160.54639164795083,157.63673815076075,159.86501282648217,4042100
2023-03-10,158.40097045898438,160.43589001186157,157.41574821431692,158.8613580994627,4129900
2023-03-13,159.9478759765625,163.18899476325993,158.93501757452242,159.07312824302088,8265100
2023-03-14,159.7821502685547,160.0399662504791,157.97743839508385,158.82455005710938,6480800
2023-03-15,162.63653564453125,162.66415777782422,159.46906656106364,159.78212677166061,7099800
2023-03-16,162.5260467529297,162.9772317179153,161.43033592353564,162.61812990494028,4734400
2023-03-17,161.25538635253906,162.69179360433114,160.42668013425538,162.52604674070784,8854600
2023-03-20,163.52047729492188,163.6033436974791,161.60526304185527,162.51683561973164,4367000
2023-03-21,163.9071807861328,164.05450818336385,162.31424369707463,163.58491791084305,3812000
2023-03-22,162.5260467529297,165.15946473138533,162.44318034607002,163.75067961510513,4380800
2023-03-23,161.7341766357422,163.17980060794824,161.15409774777743,162.1116978826144,4655600
2023-03-24,164.90164184570312,165.13183566615328,162.41555139482446,162.54445937227993,3713800
2023-03-27,165.26995849609375,166.3380471328173,165.10421164131114,165.35282489852722,4078600
2023-03-28,165.21470642089844,166.1631179120546,165.12263732024297,165.12263732024297,2850000
2023-03-29,166.35646057128906,166.57745168638888,165.7303401533789,166.33804113255195,4496000
2023-03-30,166.5037841796875,166.96417178819743,165.81320276692261,166.6603142805911,2743000
2023-03-31,167.8573455810547,168.03229514185813,166.95498969102886,167.72843759676527,4479800
2023-04-03,168.04147338867188,168.28086988183173,166.10783985574054,167.48900265071592,3902300
2023-04-04,167.4429931640625,168.83335880277454,166.7524116922007,167.7468366477556,3306400
2023-04-05,169.0911865234375,170.3066167424182,168.55713512872632,168.7320846950872,3826300
2023-04-06,169.75411987304688,170.10401895210813,168.59394815551218,168.77810038926,3389700
2023-04-10,168.68601989746094,169.3305597506614,167.2956543534203,169.26611279029888,2408100
2023-04-11,168.42820739746094,169.31215782127867,168.28087998517208,168.88859502342706,3586700
2023-04-12,168.0967254638672,169.2200723799751,167.81128738762774,168.216430740967,3620900
2023-04-13,169.7725372314453,169.98431159516502,167.682373576732,168.15196387452306,4303600
2023-04-14,168.97146606445312,169.4410704477808,168.4282120228738,168.81493595331582,2572900
2023-04-17,169.8369903564453,170.11322573866977,168.94383724887152,169.59759385180556,3224400
2023-04-18,170.1868896484375,170.54599143078627,169.18324800673395,170.13164538190927,2438600
2023-04-19,170.0856170654297,170.6380878735992,169.66205423917754,170.5644241625155,2209900
2023-04-20,170.64727783203125,171.30102038799114,169.6067973092682,170.1960929040377,3868200
2023-04-21,170.72096252441406,171.61411574580163,170.46314654812866,171.25501391812435,3781800
2023-04-24,170.80381774902344,171.78905406167024,170.3618495400375,171.72459304686183,3540200
2023-04-25,174.68028259277344,175.11303404360024,171.48519128299392,171.7798320633351,6231600
2023-04-26,173.60296630859375,174.41325305656477,172.9860485527216,173.54772203939862,4481700
2023-04-27,174.66188049316406,174.90127702907736,172.65458290003085,173.27150070597116,4574500
2023-04-28,175.76678466796875,176.43894665791663,174.61581562015348,174.85521212412962,4608900
2023-05-01,176.49420166015625,177.09271403137606,175.20512186815603,175.3616519821906,3137800
2023-05-02,177.01901245117188,177.2492062254907,174.71707470798367,176.1995231765934,3712200
2023-05-03,176.95455932617188,177.93979546806483,176.5862548908347,177.32287781142261,3389600
2023-05-04,178.05953979492188,178.58437443291183,176.9361927558147,177.78330438286136,4267600
2023-05-05,178.8790283203125,179.0723832727696,177.14796619399834,177.5439068941287,4146500
2023-05-08,178.0319061279297,178.63040444036668,177.38735219156277,178.0779336520281,2249900
2023-05-09,178.75930786132812,179.247317623625,177.4426059875614,178.50149191331903,3087600
2023-05-10,178.8790283203125,180.08524176155268,177.40578216388556,178.73170089468647,4352900
2023-05-11,179.86424255371094,180.02998941258332,177.7096317377819,178.88822299008066,3690200
2023-05-12,180.58242797851562,180.67451111860916,179.505122679011,179.86422444551255,2741000
2023-05-15,178.8790283203125,181.28225250740996,178.63041504580818,180.99681440145747,2946400
2023-05-16,178.1055450439453,179.072361840266,177.2860556556176,179.072361840266,5803100
2023-05-17,176.84408569335938,178.25287064949873,175.72073880612322,177.99505471307552,4878800
2023-05-18,176.3837127685547,176.5218374923677,175.32482680223467,176.16273569031938,3709400
2023-05-19,176.6415252685547,177.58071998241715,175.96016055744613,177.2124154926242,3883000
2023-05-22,171.853515625,176.22719866126357,171.64174122248406,176.04304639603592,5787000
2023-05-23,171.3286590576172,171.84429095428408,169.96590155937994,171.71538298011734,6382300
2023-05-24,170.24215698242188,171.94559703073625,169.76334985777444,171.51283148440592,3721000
2023-05-25,169.23849487304688,169.62521879460047,167.53505502937742,168.22563647141928,4712700
2023-05-26,169.03594970703125,169.6528675393661,167.94942742850176,169.15565500506796,4449300
2023-05-30,167.2220001220703,168.5847436103113,166.38409124048385,167.63634619046408,4331800
2023-05-31,167.90338134765625,169.993531159887,167.0838918937623,168.37297169205073,20414600
2023-06-01,168.92794799804688,169.39155177908415,167.63913005268589,169.14120177586594,5277400
2023-06-02,170.6617889404297,170.87504267742366,168.4735789469199,168.7702921010523,4288300
2023-06-05,170.78236389160156,172.61823091132194,170.2445818054078,170.46711671461148,4311700
2023-06-06,168.3437957763672,171.6446522977761,167.29604674697487,171.51484381035206,3975600
2023-06-07,166.99935913085938,168.51071202568698,166.6192006244936,167.55568934251977,5162700
2023-06-08,168.84446716308594,169.02990580684414,166.27609879544693,166.6191609938027,4036100
2023-06-09,169.07630920410156,169.52136488454926,167.82457330201524,168.48289691414965,3200100
2023-06-12,168.65902709960938,169.42861096994332,167.5371140239638,169.20609023986498,4207100
2023-06-13,168.3252410888672,168.92793444469936,167.89873356744843,168.87230425912853,2838700
2023-06-14,169.8365936279297,170.28164926005348,168.23252863752057,168.75176256634225,3559300
2023-06-15,172.1916961669922,172.61820365721195,170.16110965381299,170.847234089748,4326100
2023-06-16,172.49766540527344,173.9348397626604,172.18241827213538,172.5903918082259,8925700
2023-06-20,171.82083129882812,174.19448039728795,171.75593412638793,172.96129264027812,4154800
2023-06-21,171.93209838867188,173.27656072643387,170.7823700200238,172.20099651545036,3832400
2023-06-22,173.71234130859375,173.9255950850559,172.34006393884843,173.13746300308142,3185800
2023-06-23,172.52549743652344,174.31500102835065,172.41422292156722,174.31500102835065,7592600
2023-06-26,171.431396484375,172.8592898290114,170.71744273802486,172.60895398714868,3706100
2023-06-27,172.66458129882812,173.026191656894,170.56909744799302,171.2274068482358,5763000
2023-06-28,170.32801818847656,173.14673696547504,170.03131913977688,172.69240018845477,5193900
2023-06-29,170.49493408203125,170.50420106451398,168.1861821179911,169.91078878012672,5770400
2023-06-30,171.73736572265625,172.01553078840556,170.49491113011402,170.64325357019243,7635100
2023-07-03,172.08973693847656,172.12681901748286,170.11478021484135,170.88436422382566,2389000
2023-07-05,172.99838256835938,173.10037596253665,171.5055778797996,171.53339297384213,5277100
2023-07-06,173.01693725585938,173.1560127313575,171.43140609485755,172.2844353567302,5592100
2023-07-07,169.75314331054688,172.34932702565098,169.70678010797906,172.29369684179483,6309900
2023-07-10,170.8843231201172,172.37712756920683,170.4021713206183,170.6710693839792,5508800
2023-07-11,170.58763122558594,171.28303684788338,169.14118979489743,170.95852271298273,3914300
2023-07-12,169.8365936279297,171.17177467236453,169.66042194178019,170.58762942840843,6080100
2023-07-13,173.8791961669922,174.370614938994,169.92001675378836,172.27513138570433,8223100
2023-07-14,174.50973510742188,174.89916057149762,173.47125305515576,174.1852068133267,4467600
2023-07-17,172.11752319335938,173.3970598516135,171.92280340402567,172.7758325588827,5637400
2023-07-18,171.02342224121094,173.22091365868397,170.43929113110212,171.9413627686159,5684100
2023-07-19,172.70164489746094,173.01690616537985,170.99558668028777,171.53336866901756,4140800
2023-07-20,175.5203857421875,176.16016119240533,173.21163393228485,173.85140938250268,5056500
2023-07-21,176.31777954101562,177.532419088172,175.52038053438466,176.27141633694313,15022100
2023-07-24,177.02244567871094,177.4953163876396,176.29922499537867,176.71646552067605,4225800
2023-07-25,177.43043518066406,178.0331144216243,176.22506255067933,176.5495908484667,3521600
2023-07-26,177.65298461914062,178.3762054266938,176.22507696971945,177.20791477751914,3898900
2023-07-27,174.8064422607422,178.29273763503622,174.68590074910944,178.02385366454556,4141800
2023-07-28,176.4568634033203,177.43970112495415,175.97471152453352,176.29923982042283,5602300
2023-07-31,173.8143310546875,175.78927348717207,173.24873389137872,175.65946499795683,5687700
2023-08-01,173.2209014892578,174.8713296078291,172.83146191245982,173.84212877900652,2853900
2023-08-02,174.6024169921875,176.14158461673165,172.83144752592503,173.0076191893208,4285900
2023-08-03,173.49908447265625,175.44622612429413,173.3600089895673,174.4726552984752,2857400
2023-08-04,171.16253662109375,174.32430393237718,170.93073471025698,173.49908969572093,4651100
2023-08-07,173.28579711914062,173.5825102896811,171.62610203412572,171.79299258150775,3323400
2023-08-08,171.01416015625,173.83286483976246,170.6340016710597,173.57324786159938,5017900
2023-08-09,170.58763122558594,171.53338683336827,169.3359095942887,170.49491896478443,4413100
2023-08-10,170.37437438964844,172.0804327567089,170.17038761227562,170.81016303693914,3727200
2023-08-11,170.6432647705078,170.86579966732612,169.938592152679,170.60618269507003,2873800
2023-08-14,170.25384521484375,171.4035876661709,169.79952257167614,170.96779898733277,3385600
2023-08-15,168.14907836914062,170.10548667378893,167.945091596291,169.81804047709133,3331800
2023-08-16,168.01930236816406,169.63263460410803,167.77821932743439,168.3809127811928,2633700
2023-08-17,165.46018981933594,168.20473048125046,165.33966245462156,168.01929179486575,4503000
2023-08-18,165.20980834960938,166.4800921129717,164.366060365028,165.4694394387831,6020300
2023-08-21,164.162109375,165.00587169149756,163.40179234745753,164.79260375563646,4284100
2023-08-22,162.91038513183594,163.94886734510396,162.54877470569846,163.35544085291292,3489300
2023-08-23,165.15419006347656,165.3025466542427,163.53157699063803,164.3475240917885,4042700
2023-08-24,164.28262329101562,167.30532889204375,164.20845913894968,165.05220723829305,5709800
2023-08-25,166.35955810546875,166.62845618746843,164.89456864441334,165.09855541418452,4710700
2023-08-28,167.129150390625,167.99144656689586,166.28538817758368,167.65766545200148,3189800
2023-08-29,167.7596435546875,168.0285416483888,165.9886880099715,167.1755124595257,4368600
2023-08-30,167.8987274169922,168.99282542130902,167.56493216773126,168.2510707767851,3153400
2023-08-31,166.12930297851562,167.725988153802,166.0732814368555,167.45519837231868,5566700
2023-09-01,163.70162963867188,166.96033979679834,163.06668552273575,166.88563965094727,4801400
2023-09-05,162.61846923828125,164.2244864621978,162.1422576762775,163.6549104206042,5081800
2023-09-06,163.1507110595703,163.39349008538966,161.98354804342472,163.3281221176397,5933800
2023-09-07,164.7100372314453,165.32630271625433,163.598910020926,164.19649690836636,4934300
2023-09-08,164.58865356445312,165.410326587986,163.97238811110756,164.15913133247437,2995000
2023-09-11,167.0723876953125,167.53925293460765,165.11156223883077,165.11156223883077,4512700
2023-09-12,166.45611572265625,167.06303475928152,166.01726131244612,166.89497013286638,3331100
2023-09-13,167.77268981933594,168.20221211934913,166.40011908870375,166.51216218975205,3781400
2023-09-14,169.21995544433594,169.64947769484533,167.44587339342112,168.01544950409925,4118300
2023-09-15,167.9220733642578,169.77086983266707,167.70731935947728,169.3880369454878,11661200
2023-09-18,167.4925537109375,169.00519230939358,166.60549848582374,169.00519230939358,3182600
2023-09-19,166.5028076171875,167.25912694272293,165.55039864359722,167.00701575167952,3369300
2023-09-20,166.558837890625,167.52991126438195,165.79317210272797,167.22177851419866,3695800
2023-09-21,163.75762939453125,166.5121310111097,163.5241968126586,166.2973770251132,5351000
2023-09-22,163.65493774414062,164.70071127474503,162.81457180196568,163.34680499010273,4542300
2023-09-25,162.7772216796875,163.81366298937604,161.70342317549756,163.10401876980126,3553600
2023-09-26,161.08717346191406,162.20764709840884,160.26548614627345,161.53536006699292,5213700
2023-09-27,158.33267211914062,161.24590643279163,157.8284497201808,160.8910843185307,5729900
2023-09-28,158.26730346679688,158.9022333026262,157.03477249475839,158.6688007016427,4841600
2023-09-29,158.21127319335938,159.51848998770708,156.90404215141717,159.21035726169774,5194200
2023-10-02,157.95916748046875,158.25796804243816,156.23177481721612,157.87513516526298,3838800
2023-10-03,156.5865936279297,158.73417651261963,155.96099593609148,157.66972436943882,4873400
2023-10-04,157.71641540527344,157.92183724626452,155.98900835537464,157.28689312476587,4134000
2023-10-05,149.490234375,157.6230177253142,149.2754661367478,157.58567478034547,10556400
2023-10-06,149.6676483154297,150.25590306112343,145.5032184661073,148.25772045796248,12774700
2023-10-09,150.66673278808594,150.7227543305648,148.12698504668282,149.39685891738438,7244500
2023-10-10,153.50526428222656,154.2335728175126,151.2923279055955,153.36521042836173,11456400
2023-10-11,151.84323120117188,154.47635773528458,150.89083646327987,154.07484625952637,7371500
2023-10-12,147.6041259765625,151.87126715017212,146.99719257493314,151.82459202109072,9024100
2023-10-13,149.39686584472656,149.620966272628,147.48271565157194,148.10831331758527,6757100
2023-10-16,150.40530395507812,151.21764489468936,149.2101301080838,150.33060380869148,5605000
2023-10-17,149.7423553466797,150.91886489216313,148.61254942319408,149.39687962178525,6411300
2023-10-18,151.29234313964844,152.57154929240227,150.20921240204873,150.34928051761187,6650600
2023-10-19,149.9197540283203,151.93661515592174,149.77970016429057,151.17094937230442,6336800
2023-10-20,149.39686584472656,151.47908067311073,149.12609029432497,150.67607194929153,5486500
2023-10-23,149.47157287597656,150.8908471562375,148.51916382299655,149.02338624711376,5795800
2023-10-24,151.4417266845703,152.05799213067323,149.09805440403807,149.7796878130281,5265200
2023-10-25,151.5911102294922,152.66489430692582,150.7694230587023,151.31098830785083,4534600
2023-10-26,150.7134246826172,152.53419608167778,150.61071377048583,151.89925201188527,5147000
2023-10-27,149.04205322265625,151.3950579989169,148.36043396814924,151.28301490162707,5078000
2023-10-30,151.52577209472656,151.8058940714971,150.08783351044465,150.61072026836536,4625900
2023-10-31,152.45950317382812,152.52487114264682,150.94686443940313,152.15137042281643,5947400
2023-11-01,153.94412231445312,154.4670090446594,151.97395065397205,152.82364871435468,6682500
2023-11-02,155.7742462158203,156.08237896123885,153.75738510813275,153.8227530757649,5413400
2023-11-03,155.7368927001953,157.6230321647764,155.64352820542334,157.5016426492175,4063300
2023-11-06,155.65283203125,156.3998190913542,154.261583057494,154.49501562330198,5784600
2023-11-07,156.10104370117188,156.5959339281498,155.11129174240685,155.74623583238156,4687200
2023-11-08,156.29713439941406,157.18417544869925,155.61551518229118,157.02544298704572,4926600
2023-11-09,155.14866638183594,156.736005413853,154.82185500130433,156.47456200846653,5639300
2023-11-10,155.8582763671875,156.6612850795915,153.93479402639528,156.22243065260355,5552900
2023-11-13,156.65194702148438,157.59500955917082,155.4287625253224,155.93297065250263,5402300
2023-11-14,156.9694061279297,157.27753884611252,155.8302539871062,156.82000585591484,6238900
2023-11-15,156.1663818359375,157.6043201291931,155.25133019477485,157.52028782744802,5611200
2023-11-16,156.59593200683594,158.73416835872627,155.37273321209162,157.2308618414251,5386400
2023-11-17,155.7088623046875,157.10012560410433,154.7844784106777,156.91338239049787,5583100
2023-11-20,155.48477172851562,155.718204300788,154.73778464772528,154.99922798886288,4886200
2023-11-21,156.67996215820312,156.73598370194026,154.92454446726634,156.0356859100361,3980000
2023-11-22,158.005859375,158.33267071392885,157.14682911699853,157.19351848650197,3235600
2023-11-24,158.14590454101562,158.75283781600058,157.75373950441943,157.75373950441943,1751700
2023-11-27,157.16551208496094,158.45405038399872,156.95074382879164,158.45405038399872,3664700
2023-11-28,157.66973876953125,158.5100905523096,156.88540853925846,157.22155210188927,4056100
2023-11-29,156.08236694335938,157.91247042981135,155.60615535183604,157.89380608129247,4722400
2023-11-30,158.3357391357422,158.40160556789687,155.0710008031655,156.28469174492403,7346700
2023-12-01,158.71206665039062,158.86260616973073,157.47955484280087,158.41098761171042,4897400
2023-12-04,159.13543701171875,159.86929917950832,158.241631997743,158.43920254340443,5323300
2023-12-05,158.00640869140625,159.5399993424634,157.79001713254883,159.14482956543765,4553800
2023-12-06,157.60183715820312,158.36393800189944,156.86797503278035,158.0440379717575,4726600
2023-12-07,157.5548095703125,158.3451204370871,156.83975409978916,158.0628624543141,4934800
2023-12-08,155.8800811767578,157.23490799583183,155.49434343885144,157.15963824407916,5115200
2023-12-11,157.8935089111328,158.1851702157691,156.6139518910045,157.53598119255327,6912600
2023-12-12,158.50506591796875,159.2671524347849,157.79002479177137,159.2671524347849,4515800
2023-12-13,161.83567810058594,161.87332015746648,158.17577048394102,158.57092594375686,6082100
2023-12-14,158.2980499267578,161.79801390276057,158.00638865479675,161.4969349405846,7119300
2023-12-15,157.12200927734375,158.54268814507915,156.60453871087154,157.5453890658257,17734600
2023-12-18,158.91905212402344,160.1797882749339,157.5077764564029,158.11932350320973,5439500
2023-12-19,158.01580810546875,158.84376097966395,157.41366447593674,158.00640477052983,4855900
2023-12-20,155.88949584960938,157.564208314024,155.87067482297638,156.66098566671963,5157800
2023-12-21,157.09376525878906,157.21608038362425,155.60722016121744,156.65156449879214,4374000
2023-12-22,157.76177978515625,158.22280162486695,156.99028996345746,157.46071513842213,3030400
2023-12-26,158.87200927734375,159.39888323803675,157.35723946223206,157.7335739038017,2779200
2023-12-27,159.38002014160156,159.46470757140486,158.40154223804117,158.9095950356863,3502500
2023-12-28,159.3706512451172,159.5117730648919,158.72146216167738,159.38005458102282,2911100
2023-12-29,159.79403686523438,160.01044280506733,159.1636687869456,159.3236116405796,3291500
2024-01-02,162.6824188232422,162.75768856536595,159.18245477378207,159.49293707645433,5743100
2024-01-03,162.72007751464844,164.83699096286045,162.48486490929156,164.64882374982255,5588200
2024-01-04,161.32762145996094,163.26577101367502,160.4902651666698,161.4593399435268,6283200
2024-01-05,158.94725036621094,161.4216912240992,157.64887237138956,161.4216912240992,5252500
2024-01-08,159.10719299316406,159.69051557851762,157.8652637203307,158.947250166736,5735600
2024-01-09,157.28195190429688,157.9593653074556,156.11529229747083,157.86527452959137,6268800
2024-01-10,157.0467529296875,158.02524542184412,156.36933946780627,156.7362705633054,4394900
2024-01-11,156.303466796875,157.25372044296148,155.0709551861754,157.25372044296148,4800700
2024-01-12,157.37603759765625,157.4795317074684,155.77659491929845,156.50103933174688,3546100
2024-01-16,156.3411102294922,157.6112640199835,155.41908085143416,157.37605141850275,4576600
2024-01-17,156.59512329101562,156.86796355615274,155.65427300866753,156.1717435352062,4392300
2024-01-18,157.28195190429688,157.38544601745272,155.2309050242375,155.6825091742643,4709400
2024-01-19,155.97418212890625,157.34783006457377,155.7766115793765,157.25373927968656,6528600
2024-01-22,155.3437957763672,156.84916201988162,155.25912269368158,156.14352428502858,5697400
2024-01-23,157.72415161132812,157.99699189523895,154.63816362138343,154.82633081955333,4932700
2024-01-24,155.80482482910156,157.8182440184109,155.72955507780887,157.72415324023572,4984700
2024-01-25,156.70803833007812,156.74568038509162,155.1838652954967,156.00240053907004,5373800
2024-01-26,157.93115234375,158.09109519267315,156.7456859807818,156.7456859807818,4849000
2024-01-29,158.2039794921875,158.7214500522786,157.48893839948508,157.6206568733049,5713600
2024-01-30,159.58702087402344,159.66229061963134,157.42307670179943,157.75236568806844,4804200
2024-01-31,158.5615234375,160.30210249325768,157.94997639425455,159.90694703137376,5769200
2024-02-01,161.54400634765625,161.638097127553,157.28195530185334,158.56151238476744,4920800
2024-02-02,160.857177734375,161.7886247042228,160.0386425633258,161.11121133637644,5307700
2024-02-05,160.81015014648438,161.4311148617784,159.05076447605583,160.4620400892307,5142700
2024-02-06,161.28057861328125,161.66633073418254,159.8881239998619,161.30880297761664,5182700
2024-02-07,161.32762145996094,162.6730306595096,161.24294836829102,162.41901138449984,5769700
2024-02-08,163.5668182373047,163.80203079481808,161.27114137897638,161.56280265329534,9269700
2024-02-09,157.75241088867188,161.25237610298183,157.0938183711921,161.07361220047156,12731700
2024-02-12,160.5184783935547,160.95127587023615,157.31017526243662,157.93113993740857,7867500
2024-02-13,158.89080810546875,161.30878598499405,157.34781414064423,161.0923944291385,7302000
2024-02-14,157.61126708984375,158.66501497100577,156.23761915369624,158.38275697248363,5731900
2024-02-15,157.93115234375,158.41098089051945,156.8209413810201,158.0158254361967,4451400
2024-02-16,156.4822540283203,157.5077775752454,155.88009595720257,157.3196103561404,5246000
2024-02-20,158.67440795898438,159.4929575369404,157.30077446865712,157.81824503949431,6117900
2024-02-21,158.84376525878906,160.11390460911522,157.93113927684843,159.89751304979808,4192600
2024-02-22,158.2980499267578,158.84374477852546,156.27522769099016,157.72413071681555,7539200
2024-02-23,159.56822204589844,160.1797690191892,157.87468857709138,158.00640704931877,6409800
2024-02-26,158.30747985839844,159.39886974530103,157.7900236341013,159.39886974530103,3837000
2024-02-27,158.21340942382812,158.26985815179853,157.45132288375171,157.8935237278372,3567600
2024-02-28,157.15023803710938,158.53328924609357,156.60454309321705,158.17576150721024,5275300
2024-02-29,156.747314453125,158.01767148707665,156.33966839859454,157.5721105883686,8489400
2024-03-01,156.03628540039062,156.42498124983197,154.76592841839437,156.29225760194868,6109900
2024-03-04,156.77577209472656,157.04121943164364,155.0977688147425,155.90358592117116,4303700
2024-03-05,153.6188201904297,156.89901132384125,153.40077727647449,156.63356400273213,6631300
2024-03-06,154.5289306640625,155.46748581872623,153.61881525961945,153.6377799150311,5302500
2024-03-07,154.6332244873047,155.38216206747097,154.0549254194062,155.3063323725483,5801600
2024-03-08,154.57632446289062,155.66655338865695,153.66620912089837,153.88426647868573,6065300
2024-03-11,156.1690216064453,156.8231648042555,154.82282036514908,155.4011194058138,5404800
2024-03-12,155.98890686035156,156.82317819439118,155.43906198923827,156.55773085461405,6158500
2024-03-13,156.70941162109375,157.50575360200403,156.17851696715354,156.51980845408573,4585800
2024-03-14,156.21641540527344,157.61949605270647,155.6665561526513,157.61949605270647,5155300
2024-03-15,156.1026611328125,156.78524405562882,155.13566624785713,156.481867438469,21887300
2024-03-18,162.3596649169922,163.23185106218236,158.2736566146948,158.36846543156537,10478500
2024-03-19,162.87161254882812,163.677429644714,162.11318539650424,162.20799421521775,7653700
2024-03-20,162.928466796875,164.10402942403326,162.2269192582139,163.3456023892793,5046700
2024-03-21,163.48782348632812,164.40741404102923,162.16058684335462,162.98536858107425,4343000
2024-03-22,163.0801544189453,164.1040287417373,162.83365731584445,164.02818459199798,4106400
2024-03-25,163.63002014160156,164.0945456867043,163.16548013070584,163.2507993778725,3941900
2024-03-26,163.75326538085938,163.98079785458762,162.89056882445195,163.22237074128742,4593000
2024-03-27,164.5496368408203,165.6114262169793,164.05665700226277,164.9572829528116,4911300
2024-03-28,165.9147491455078,166.67317614861736,165.30801043617856,165.67774161114806,5710400
2024-04-01,163.9902801513672,167.0713786809996,163.67742841092453,166.44568966590893,4815400
2024-04-02,162.53030395507812,164.83401045635588,162.4544598012452,163.95234929141054,5158500
2024-04-03,160.86175537109375,162.03731801200752,159.93268983719003,161.16513197486222,5828000
2024-04-04,160.8333282470703,162.85263733525264,160.5299660852826,162.03733073086954,5422600
2024-04-05,160.34983825683594,161.13670511176537,159.33545339667938,160.59632091776328,4412200
2024-04-08,160.7669677734375,161.21254313778695,159.97062585384012,160.3593072532527,3755700
2024-04-09,161.74343872070312,161.84772262502287,159.96113725261816,161.38318260290893,3773900
2024-04-10,160.16969299316406,160.81436102560212,159.05102434546964,160.75748153040306,4581500
2024-04-11,159.61038208007812,161.04190262712714,159.05104767419087,160.80489505183988,4241500
2024-04-12,159.3638916015625,159.75257301198673,158.62442916015917,158.97519572534458,5453500
2024-04-15,158.27365112304688,160.54893245684426,157.4014650081191,160.4162087973073,5133200
2024-04-16,158.79505920410156,159.75256450266173,158.21676020090567,158.34948385086244,4569700
2024-04-17,160.6721649169922,160.88073273210813,159.4681768983974,160.30243369306734,4069200
2024-04-18,163.31719970703125,163.70588117381018,161.25997549194958,161.25997549194958,5574700
2024-04-19,165.0805206298828,165.21324429313995,162.8716082968363,163.32665879003304,6636700
2024-04-22,167.28941345214844,167.99094653363383,164.985692571544,165.3459486722804,7288700
2024-04-23,162.32174682617188,165.79154114685983,161.29787238076588,165.62088817306173,9145000
2024-04-24,168.19004821777344,168.83470183688502,158.9372638245504,159.74309531423333,10016700
2024-04-25,167.4979705810547,171.24270148367725,166.6826784875097,169.01482470356964,7441500
2024-04-26,166.45513916015625,169.2897545791329,165.2795765404304,165.37438534384742,4472100
2024-04-29,166.98605346679688,167.15670643994758,165.92426417890493,166.3793146643166,3224500
2024-04-30,166.76800537109375,167.29889999854623,165.75360605623058,167.109296840998,4465100
2024-05-01,166.0474853515625,167.07135971337206,164.63492959799177,166.3413868676744,4340500
2024-05-02,166.3319091796875,167.15670535728452,165.4786877168426,166.45515774473174,3964800
2024-05-03,166.99551391601562,167.3178551779648,165.90528497251339,166.66371202554632,3491900
2024-05-06,166.6826934814453,167.5738298078575,166.02855026308973,167.5738298078575,3576200
2024-05-07,168.7683563232422,168.89159042423645,167.33682132683506,167.8013613767504,3708000
2024-05-08,168.19004821777344,169.58365382673972,167.98148040787416,169.4224904219618,3400900
2024-05-09,168.80625915527344,169.15702570865153,167.88666868190472,168.04783208388363,2421400
2024-05-10,170.4463653564453,170.79714641259122,168.37966619650243,168.70199303443567,4201600
2024-05-13,171.49868774414062,171.9253129822756,170.50326743061342,171.12895647934027,4408100
2024-05-14,170.52218627929688,171.85891232394962,169.3181983488979,171.6408694298621,3508600
2024-05-15,170.13351440429688,171.02465068475317,169.6974141259514,169.92494659280038,4785100
2024-05-16,173.5938262939453,173.87823827297927,170.13352153544895,170.29468494821623,5984700
2024-05-17,172.72164916992188,173.451636578809,172.3803576704495,173.1008555178712,4449100
2024-05-20,170.93934631347656,172.66476845589878,170.56013996818115,172.62683914189233,3221100
2024-05-21,171.66932678222656,172.14334192759418,170.45584916734904,172.06749776844003,3288100
2024-05-22,172.6268310546875,172.66476036691702,170.62648657550727,171.07206196654226,4047000
2024-05-23,169.95338439941406,172.4372189878219,169.73532702983817,171.9063243703723,4009000
2024-05-24,168.73992919921875,170.09560567216542,168.6261557191329,170.04820126094592,3447400
2024-05-28,164.36947631835938,167.11875803866937,162.96638124443433,167.07135363677594,6178100
2024-05-29,162.25538635253906,164.17988677892654,161.84774025130784,163.4688640263461,5352100
2024-05-30,161.6201934814453,162.78628110800983,161.54434932530987,162.4449896382972,3903100
2024-05-31,163.91444396972656,163.98081303871564,160.7101111796575,161.06087778489874,8155600
2024-06-03,162.3312225341797,163.91443138285652,162.14161936930594,163.7437928742084,5032400
2024-06-04,164.8529815673828,165.32699669805743,161.9425361872535,162.31226741054795,4619100
2024-06-05,164.47378540039062,164.92883590350147,163.0233001682667,164.8055873328652,5370700
2024-06-06,164.19883728027344,165.3364706931662,163.7058574972289,164.95726437746652,5536700
2024-06-07,163.42965698242188,164.83425125682265,163.15256679801917,163.8691959347601,3521100
2024-06-10,158.5183563232422,162.78946706668725,158.25081595012833,162.54104088589776,9429400
2024-06-11,157.7252960205078,158.0979425731871,156.2346952299341,157.53418326130281,8284500
2024-06-12,156.5404815673828,157.97373994330113,155.2123293888928,157.54376534649728,6281100
2024-06-13,156.06271362304688,156.28247580365704,154.35235062912548,154.86833175907927,5432600
2024-06-14,156.5213623046875,157.07555727501233,155.29831636323195,155.87162552697697,3603300
2024-06-17,158.74769592285156,159.0056865109096,155.54674640910233,156.2156119766497,5412200
2024-06-18,159.07257080078125,159.63633019467093,157.89730297596805,158.70948858116157,3519500
2024-06-20,159.263671875,160.1809636976157,158.35594443982188,158.35594443982188,4942400
2024-06-21,159.83694458007812,161.54730743684755,159.04387333641625,159.77006678258428,10899100
2024-06-24,160.6013641357422,162.06328636565792,159.655408454091,160.04716920324665,4476900
2024-06-25,159.9038543701172,161.44221883826194,159.80829798631405,160.6013693163372,4217300
2024-06-26,159.3209991455078,159.57897514406488,157.5150942563207,158.50881360376366,4778300
2024-06-27,158.8623504638672,159.80830622479868,157.91640928279358,159.21589743827923,4326500
2024-06-28,157.5915069580078,158.82411715391427,157.2953026011197,157.94505388900703,8755900
2024-07-01,155.64230346679688,158.671254408223,155.34609906953858,157.69663463348755,4508000
2024-07-02,156.3015899658203,157.15198926960764,155.0976582959206,156.22514777695827,4650800
2024-07-03,155.36520385742188,156.82712614108854,154.75368090595254,155.67095804322796,2879600
2024-07-05,157.07554626464844,157.19976664338597,155.24097748106098,155.40341166410263,4208200
2024-07-08,154.90655517578125,156.46403388859315,154.71545698165986,155.80473272599528,5268800
2024-07-09,154.69635009765625,155.32698728992625,154.31415369135473,154.97345488510442,5801200
2024-07-10,156.31114196777344,156.48314054009342,153.51151783817437,154.6390073350505,7372300
2024-07-11,156.6551055908203,157.55328298914387,150.99851543823638,152.0209132026679,10258600
2024-07-12,158.97702026367188,160.55359861093834,157.6202041135714,157.6202041135714,6677000
2024-07-15,156.56912231445312,158.90055792578661,156.3684597564899,158.62345318287817,4551800
2024-07-16,157.4290771484375,157.69661751562032,155.59450838210262,156.1391535023468,4461700
2024-07-17,162.33084106445312,162.50283964896107,158.50881877596888,158.65213877984385,7671000
2024-07-18,162.78945922851562,164.98712468458405,160.89756251548732,161.20333125852744,6228600
2024-07-19,161.82440185546875,162.90412766791488,160.97400259730537,162.70346511043547,5332800
2024-07-22,160.20005798339844,162.15884720315535,159.90385360682262,161.7288580579509,5308400
2024-07-23,158.88145446777344,160.86890767104316,158.78589808517262,160.32426253396108,3344300
2024-07-24,160.68734741210938,161.16510013007837,157.61061874200055,158.8814427213808,5867000
2024-07-25,163.41055297851562,165.77065270515152,161.34665762099604,161.94863074523676,6270900
2024-07-26,165.06356811523438,165.07311792108035,163.1334430048412,163.1334430048412,5746300
2024-07-29,165.5031280517578,165.77066844797093,163.2481342980628,164.6240500872197,4152700
2024-07-30,165.4744415283203,165.73243210509196,163.91697742080532,165.0062531473488,4994600
2024-07-31,164.9871368408203,166.91726207886813,164.5953760773813,166.18151874409247,6245600
2024-08-01,167.17523193359375,167.74852642819923,164.82468222413064,164.85334621986814,5994500
2024-08-02,170.11819458007812,171.9432136032882,166.10507435417185,170.88260190402625,6856100
2024-08-05,166.29615783691406,172.8604900243232,165.4553229767859,171.5323380660882,7502300
2024-08-06,164.8151397705078,168.3696211990619,164.69091939686743,165.56998265835793,7287100
2024-08-07,164.1462860107422,166.630606181746,163.70676163855137,163.98385182277104,5428900
2024-08-08,164.70046997070312,165.3024430705603,162.25437834821633,162.63658927663997,5112500
2024-08-09,164.7196044921875,165.09225108098343,162.80859335377596,164.43294990545417,3223000
2024-08-12,163.79273986816406,165.17821983252034,163.11433917424026,164.57626132295593,3802300
2024-08-13,164.70046997070312,164.7482481592381,162.64613908240452,163.98384088224694,3894700
2024-08-14,165.98086547851562,166.58282402434733,164.28005228879496,164.5667068524493,3555800
2024-08-15,164.84384155273438,166.54464047153726,164.18454031052863,165.9808956278591,4472100
2024-08-16,164.93934631347656,165.09223068482746,163.496538330975,164.84380451627436,4614600
2024-08-19,166.08596801757812,166.23883781229327,164.7673658016469,164.9775781717187,3521700
2024-08-20,168.02565002441406,168.19763401814777,164.82470072903777,165.80887023946607,5330100
2024-08-21,167.41412353515625,168.95248795924562,166.850364214634,168.111638461401,4020700
2024-08-22,167.9205322265625,168.24540057883928,166.92679839860807,168.0065242174847,5265900
2024-08-23,168.04473876953125,168.81869585099446,165.94262969620817,168.77093224239536,5283600
2024-08-26,168.14031982421875,168.97160502189257,167.9109932338895,168.47475261263327,4146700
2024-08-27,167.5001220703125,169.0098225550001,166.7548289244342,168.46517740539664,3520600
2024-08-28,166.18150329589844,167.92053018373463,165.63687278016081,167.7389818185368,3915500
2024-08-29,164.4329376220703,166.2197428173115,164.26095363079253,166.0286300538604,4654300
2024-08-30,165.1877899169922,165.83752663667929,163.63031133912995,164.40426843516866,8677300
2024-09-03,169.64044189453125,169.97487465510076,164.2322917865737,164.7100445417547,7032100
2024-09-04,170.57687377929688,171.65658525619546,168.4460856690704,169.9844503583149,6188500
2024-09-05,171.32215881347656,171.73301922750323,169.62135999382198,170.77751361736657,5743100
2024-09-06,170.7396697998047,171.93352416331433,170.4123276115598,170.83595382734967,6395300
2024-09-09,171.55801391601562,172.1356739209473,169.31473157088033,170.46044374667986,4666200
2024-09-10,171.19216918945312,172.43416550074227,171.02849810402728,172.00090209069117,4315800
2024-09-11,169.2377166748047,171.13439724570958,167.93795588266306,170.83593735632795,4036000
2024-09-12,170.6529998779297,171.07662603634768,167.47581838067273,169.23771007179593,4222800
2024-09-13,170.75889587402344,171.33657054363,169.80573707643575,170.8455426672013,3290400
2024-09-16,170.614501953125,172.75186319055481,169.78650934404266,172.33787423145296,4940100
2024-09-17,170.28713989257812,171.46173436464412,169.73836213906952,170.41230617446524,6305100
2024-09-18,168.68893432617188,171.43285248160802,167.93795132404773,170.27751774822028,5307900
2024-09-19,168.15939331054688,169.66132985880523,167.66836542223956,169.20882145120464,5504000
2024-09-20,164.8089141845703,167.30252919355505,163.88465226082113,166.14719444342936,12198400
2024-09-23,165.70428466796875,167.46617615179082,164.3756418166887,164.51043060661013,5350300
2024-09-24,163.59580993652344,165.21329029032236,163.1914435207932,164.6259930622879,7837900
2024-09-25,163.0951690673828,164.4141896219556,162.4789895371668,164.05795050152528,4505100
2024-09-26,163.37437438964844,164.6356156443365,162.4019557956691,162.92186596670078,5673600
2024-09-27,163.67283630371094,165.2614197208957,163.36473920728244,163.63433151209645,7545800
2024-09-30,163.72097778320312,165.34808067763126,163.26846935608245,164.23125074299824,5054300
2024-10-01,165.00148010253906,165.54063533295792,163.45140146964576,164.9148186119603,7095900
2024-10-02,163.23959350585938,165.34808717661952,162.24792981362916,165.11701434596134,5786000
2024-10-03,162.25753784179688,162.81595278116865,160.94815463348172,161.88205370732518,5090300
2024-10-04,161.71839904785156,162.22867203387474,160.61120627233987,160.92891121837943,4390100
2024-10-07,160.9866943359375,161.67988347129332,160.26460824118263,161.4777075916543,5459500
2024-10-08,164.0771942138672,164.29862980864038,160.6400724690307,161.4776875338213,8297800
2024-10-09,166.1182861328125,166.83074961395698,162.80633065969764,163.07590825994097,7177500
2024-10-10,166.55154418945312,166.61893124193105,164.84741715644978,165.6657871467125,5292400
2024-10-11,168.30381774902344,168.6600421734891,166.43601944291308,167.52396714904262,4720300
2024-10-14,169.5458221435547,169.70949322997015,167.94760138319762,168.44825185927272,4535900
2024-10-15,169.3532257080078,170.78777514146876,168.60225746522337,169.79611157238477,5802300
2024-10-16,167.98611450195312,168.80448466546179,167.16775902932451,168.49638752926273,4400900
2024-10-17,168.1690216064453,168.93924964736024,167.23512249410362,167.88982147068862,4125900
2024-10-18,168.5445098876953,168.8044649796876,165.71393021520566,165.8872385068266,5097000
2024-10-21,168.4963836669922,170.8937148713692,167.86095904718692,167.96686559896776,6436300
2024-10-22,167.88018798828125,168.4386029630914,167.05219539678737,168.01497679662313,3790500
2024-10-23,166.51304626464844,167.369921154264,166.05091528924018,167.2351323409833,3800700
2024-10-24,165.75245666503906,167.08108506587877,165.30957073750653,166.4841652726157,4244900
2024-10-25,165.39620971679688,167.52396306802663,165.2132935917155,166.0509087059746,4442600
2024-10-28,163.51878356933594,166.54191646897567,163.41287703150968,166.54191646897567,5186400
2024-10-29,161.26588439941406,162.90260984021754,160.7556114330026,162.90260984021754,5127900
2024-10-30,160.02389526367188,161.40066554785204,159.89872898660911,160.78448606911448,4801500
2024-10-31,159.8987274169922,161.26587516293085,159.6387723405973,159.917987157323,5582400
2024-11-01,159.4269561767578,160.06239537745023,159.0611092628344,159.90834683954714,6339000
2024-11-04,160.1490478515625,160.44750772253815,159.04185516422487,159.4269618317655,4885500
2024-11-05,161.6028594970703,161.70876603584205,159.5039884625611,159.7735660720022,3678300
2024-11-06,158.57974243164062,161.17924946318527,157.51105441200926,161.14072997748215,7849300
2024-11-07,157.89614868164062,158.76264606024955,157.38587571787875,158.37753937884074,5333500
2024-11-08,158.96484375,159.6484250346837,157.5591763871153,157.74210721080016,4618300
2024-11-11,158.14646911621094,159.96612539345654,157.87689149668407,158.29089514223648,3762000
2024-11-12,158.22349548339844,158.8589347482021,157.07778323982535,157.98280012771934,5386600
2024-11-13,158.60861206054688,158.6663765936188,156.32681016805915,157.4051353186215,4145000
2024-11-14,159.0033416748047,160.67858659257934,157.73247787132732,158.60861246750778,5422700
2024-11-15,152.7163848876953,158.2620152962336,152.16760711486293,158.2620152962336,9108900
2024-11-18,152.4371795654297,153.90061139478433,151.88838712034237,153.47698523174392,6991300
2024-11-19,150.88710021972656,151.99429293896696,150.0494851137078,151.87876387355146,8248900
2024-11-20,152.83192443847656,153.18814885472833,150.38645146016484,150.62714680971405,5067300
2024-11-21,154.3723602294922,154.5264087733947,152.07131335938018,152.49493950967323,5977000
2024-11-22,155.9705810546875,156.02834558601916,153.93911178788332,154.91151567734778,5846300
2024-11-25,156.98150634765625,157.50140182688443,155.97058296434142,156.64452698959198,8580400
2024-11-26,156.1246337890625,157.58805092500063,155.87430122540292,157.19332172001415,4653600
2024-11-27,156.66378784179688,158.98409450100442,155.6624869764269,155.9128195382084,3622900
2024-11-29,157.36660766601562,157.50139646647833,154.9596543071262,155.42178523858726,2799300
2024-12-02,156.98150634765625,157.55916635892333,155.7395101453078,157.24146143270931,4967400
2024-12-03,155.68174743652344,156.98150818613283,155.41216982326605,156.77931763075077,4277400
2024-12-04,154.2183074951172,155.03667750784425,153.47697644312578,154.62268858459274,6964600
2024-12-05,154.51678466796875,155.01742039421444,152.91856409580285,154.94039612305104,5229600
2024-12-06,153.21080017089844,156.13345702073656,153.11371114128843,154.72554015567468,8359200
2024-12-09,154.84207153320312,156.81315834445346,152.5796879661688,153.32734618228844,8380400
2024-12-10,155.20132446289062,155.7644942228567,152.78359553941308,154.38570542402996,5329400
2024-12-11,152.22042846679688,155.85188155363082,151.7252195433426,155.56059961744393,7925900
2024-12-12,154.28858947753906,154.77407907918766,153.38558593013676,154.47307789672024,6849500
2024-12-13,153.38560485839844,154.93917770177643,152.50201011852758,152.95837158567105,4353900
2024-12-16,151.4921875,154.21093237694998,151.35625099695088,153.26908131440695,6696500
2024-12-17,151.60870361328125,153.90021529805503,150.73482819097285,151.22031782913706,6572600
2024-12-18,149.9483184814453,151.30769832116738,149.6376128257161,150.53091195789298,7620900
2024-12-19,147.07421875,149.6084750226012,147.01596236929115,148.64720029300537,9829500
2024-12-20,148.3559112548828,149.0356085742562,146.14207977752187,146.48192843720858,19205200
2024-12-23,146.89944458007812,147.98695141765006,145.36531039930097,147.98695141765006,6822200
2024-12-24,148.37535095214844,148.39477468746912,146.0450064566102,146.13239104159985,3399800
2024-12-26,148.01608276367188,148.73459794355492,147.82188987224316,148.1034673424196,5528500
2024-12-27,148.45301818847656,149.0161879361294,146.8703172565551,146.8994454490227,4287000
2024-12-30,147.31698608398438,148.64722303356263,146.70526436102497,148.22970903063208,5397000
2024-12-31,147.64710998535156,148.70547386650415,146.55961791047685,147.39466070110373,4274800
