Price,Close,High,Low,Open,Volume
Ticker,PG,PG,PG,PG,PG
Date,,,,,
2010-01-04,38.417022705078125,38.53644888690216,38.109034167989755,38.41073825232835,9190800
2010-01-05,38.42959213256836,38.51758885315565,38.09017415510527,38.423307680125326,8649400
2010-01-06,38.2473258972168,38.316466888153684,38.02733401490095,38.30389558091682,9908400
2010-01-07,38.03990936279297,38.15304874221086,37.86391583824601,38.077623288509585,8972800
2010-01-08,37.989620208740234,38.046189892612325,37.75077256370846,37.93933737737154,8464600
2010-01-11,37.838768005371094,37.88276638044306,37.090790833684466,37.763342562066526,14774600
2010-01-12,38.2724609375,38.56788060477291,38.02732648922299,38.153037138981546,13460700
2010-01-13,38.6684455871582,38.838154591252085,38.285029214693985,38.36674149023497,16968100
2010-01-14,38.70615768432617,38.80672571192045,38.58044705040059,38.605587259000984,9139500
2010-01-15,38.22846221923828,38.88215567380424,37.98961222666011,38.71873111129716,15768300
2010-01-19,38.79416275024414,38.863303733656394,38.21589466894012,38.21589466894012,11577700
2010-01-20,38.26871871948242,38.64222657058042,38.04714487377659,38.597912284428745,11557800
2010-01-21,37.88255310058594,38.57259301627386,37.635658505835266,38.338359992401145,14298400
2010-01-22,38.18008041381836,38.42064293018655,37.490040743295154,37.82556380003548,17703200
2010-01-25,38.38266372680664,38.604235118863734,38.07879335415103,38.50927698581657,11630800
2010-01-26,38.42064666748047,38.585244631476876,37.98383345216157,38.09145315443475,13079000
2010-01-27,38.49661636352539,38.60423606661035,37.95218102687955,38.27504255108153,15228400
2010-01-28,39.04737854003906,40.07927329380777,38.98407312089001,39.04104654915599,26930000
2010-01-29,38.965087890625,39.40190358692727,38.91444402747178,39.192991312183146,17067100
2010-02-01,39.24363327026367,39.40189924948486,38.939760465005456,39.15500229334416,12908100
2010-02-02,39.8197135925293,39.9083421372621,39.034713425709135,39.205640939813854,17680700
2010-02-03,39.66145324707031,39.794396082950364,39.477864141361444,39.7184290931542,11083500
2010-02-04,38.87013626098633,39.4652156387925,38.81316039604068,39.3765870521988,14306600
2010-02-05,38.80681610107422,38.89544465957288,38.25605119115606,38.673873263326236,14844400
2010-02-08,38.623233795166016,38.9397657969505,38.49662292641024,38.65488892730248,11431800
2010-02-09,39.09803009033203,39.24996650713005,38.623232108390944,38.85746751824402,11427100
2010-02-10,39.04105758666992,39.15500930531169,38.756180705013136,39.08537429053961,9854600
2010-02-11,39.22465133666992,39.351264640564146,38.78783797393016,38.8827961406399,10383400
2010-02-12,39.09803009033203,39.33226550018511,38.8004916638132,39.09803009033203,16188300
2010-02-16,39.7754020690918,39.800722787232026,39.471529301940116,39.62979526131429,13273100
2010-02-17,39.788063049316406,39.86403245206926,39.57282123807731,39.75641033897622,14384400
2010-02-18,40.129920959472656,40.199558376122056,39.47153391199294,39.71209887452345,17709000
2010-02-19,40.167911529541016,40.35150067025529,39.89569381467433,40.053959815645776,10897800
2010-02-22,40.1489143371582,40.44012558797563,40.072947339745845,40.319841892546485,9675300
2010-02-23,40.01597213745117,40.40214153756516,39.83238301035643,40.02863370638329,11948500
2010-02-24,40.446434020996094,40.49074828089975,39.96530673563661,40.02228255764789,12808800
2010-02-25,40.32616424560547,40.42745435626064,39.88934868126083,40.02862348901671,10085600
2010-02-26,40.0602912902832,40.440131159571635,39.97166271193353,40.35783215898366,10640900
2010-03-01,40.20588684082031,40.38947594964687,39.97798586756163,40.17423412911331,7748600
2010-03-02,40.3325080871582,40.43379823364112,40.09827507621912,40.3388400797214,8004000
2010-03-03,40.231224060058594,40.45279794946901,40.15525704237831,40.3008614991605,8608300
2010-03-04,40.30717849731445,40.6110513030886,40.14258294122172,40.29451934410879,8600300
2010-03-05,40.31983184814453,40.37680768574691,39.91467140961504,40.31983184814453,10101100
2010-03-08,40.00331115722656,40.30718157122733,39.902021019226304,40.23121457146399,11293300
2010-03-09,40.07295227050781,40.199565558405695,39.91468626437236,39.93367982727298,7100900
2010-03-10,39.88935470581055,40.06661423743892,39.79439657113719,40.02862953460132,9813200
2010-03-11,39.99065017700195,39.99698216912812,39.572828049729715,39.73109404361992,10047900
2010-03-12,40.085609436035156,40.2312138558865,39.92101387031761,40.09194142795545,8099000
2010-03-15,40.32616424560547,40.32616424560547,40.00330035761624,40.00330035761624,7674900
2010-03-16,40.218563079833984,40.45279854479626,40.14892563970725,40.338846809124874,8939300
2010-03-17,40.522430419921875,40.53508957552643,40.117267407094126,40.37682356604529,10135400
2010-03-18,40.345176696777344,40.5984008996935,40.294532822173316,40.45279885460141,8867400
2010-03-19,40.41481399536133,40.51610415916131,40.21223366776136,40.41481399536133,17458100
2010-03-22,40.440120697021484,40.579393106275546,40.21221731740045,40.21221731740045,9648000
2010-03-23,40.851619720458984,40.883274852861184,40.300854708915786,40.47178228110799,11807900
2010-03-24,40.269203186035156,40.769324347476356,40.186904186253635,40.725010058735755,11732100
2010-03-25,40.27552795410156,40.59206234508069,40.25020723137899,40.47810822556613,8203200
2010-03-26,40.31983184814453,40.471768220066444,40.13624518471172,40.31350227283169,10630300
2010-03-29,40.345176696777344,40.54142744636947,40.25654810500929,40.345176696777344,8176700
2010-03-30,40.300846099853516,40.497096770065426,40.20588555282746,40.34516037781314,6113600
2010-03-31,40.053955078125,40.307179200759826,39.99697922791639,40.218550637090274,8193800
2010-04-01,40.11093521118164,40.32617706662469,40.009645068323,40.18057263719961,10554900
2010-04-05,40.36415481567383,40.446453802150344,40.072945989615064,40.12992183949154,8579800
2010-04-06,39.952667236328125,40.25653764987733,39.88935939082993,40.25020807280119,11052300
2010-04-07,39.566497802734375,39.88302978515625,39.38290867334232,39.82605393172242,14043500
2010-04-08,39.6044921875,39.78807894680474,39.325942429337836,39.53485474795946,8458800
2010-04-09,39.71208953857422,39.88301704427183,39.572814738017655,39.61079943315489,9146700
2010-04-12,39.693119049072266,39.8703762220386,39.5095298828155,39.53485302608151,9164400
2010-04-13,39.883026123046875,40.09826794792787,39.6171404414012,39.629799594382,11229400
2010-04-14,40.00331115722656,40.02863429546347,39.69944074322579,39.832383596548496,7685600
2010-04-15,39.883026123046875,39.97165468359543,39.705769001949754,39.90201726746524,11314800
2010-04-16,39.788063049316406,40.19322595249064,39.648790640830164,39.75641033897622,12568700
2010-04-19,40.02229690551758,40.04128804801425,39.693103417542645,39.769070402476274,9548900
2010-04-20,40.00331115722656,40.193232279056,39.902021019226304,40.18057070993755,11230400
2010-04-21,40.28184509277344,40.30083623154955,39.95898124390084,40.01595707517562,9858500
2010-04-22,40.25653839111328,40.35149895363537,40.02863497301819,40.205892113782184,8372900
2010-04-23,40.224891662597656,40.28819710373691,40.0096497817973,40.186906948945435,8452600
2010-04-26,40.478118896484375,40.516103613002834,40.13626610761012,40.16791883056818,9262400
2010-04-27,39.952667236328125,40.45278834850066,39.90835295195308,40.03496622800209,12849900
2010-04-28,40.29842758178711,40.48342965922544,39.813597152622364,39.96670290756216,13090000
2010-04-29,39.679622650146484,40.1708336988561,38.80565094626379,39.730656268520875,27302400
2010-04-30,39.654117584228516,40.18998413672622,39.62222125812833,39.890153317610334,15768900
2010-05-03,39.98583984375,40.08790953491937,39.44997335672748,39.81997507464141,9756600
2010-05-04,39.367034912109375,39.890142303018195,39.27134596023075,39.74341729664455,11402600
2010-05-05,39.654117584228516,39.91567135190396,39.23307975251845,39.30963142186564,11611000
2010-05-06,38.75462341308594,39.97945972569977,25.115547035041807,39.49462929367348,28560400
2010-05-07,38.47392654418945,39.041689276107945,38.27616547980523,38.66530688488187,23976600
2010-05-10,39.819976806640625,39.99860059910643,39.01617825791173,39.27773200500555,16011300
2010-05-11,39.78807830810547,40.17084147086614,39.539283590754394,39.57756063709047,12397400
2010-05-12,40.20272445678711,40.27289780169221,39.61582210865291,39.622202831025675,11004800
2010-05-13,40.03049850463867,40.45791461141279,40.01773948799165,40.13256820428127,11157600
2010-05-14,39.896522521972656,40.31756023209904,39.647727843288834,40.03686680299279,14651600
2010-05-17,40.432395935058594,40.49618857990599,39.973081104850436,40.196357795349726,14659000
2010-05-18,40.323944091796875,40.796017920977825,40.27291046443136,40.445153519664956,15873100
2010-05-19,40.330318450927734,40.572732401337554,40.068764763934965,40.253764371661845,15928300
2010-05-20,39.30324935913086,39.89653021510038,39.284112052013604,39.851874876137806,23365800
2010-05-21,39.45634841918945,39.47548815777178,38.51220324474533,38.53134298332766,23162500
2010-05-24,39.16929244995117,39.53929426360781,38.91411693923113,39.188429761518265,12718900
2010-05-25,38.94599533081055,38.99065065958781,38.30805928138357,38.37185434644601,18250900
2010-05-26,38.55685806274414,39.04806916520638,38.48668713399224,38.83117078793127,17432200
2010-05-27,38.8822021484375,39.022546422520804,38.665303797363805,38.83754682029287,14963400
2010-05-28,38.971519470214844,39.34790189576039,38.81841372358051,38.88220879865035,13952100
2010-06-01,39.01619338989258,39.38619770093541,38.607914449110446,38.84395025546241,15341700
2010-06-02,39.38617706298828,39.44359141104715,38.93962129292299,39.01617294582376,12985200
2010-06-03,39.42446517944336,39.64136363158231,39.360672519092965,39.53291562227984,10739800
2010-06-04,38.78650665283203,38.99064596941015,38.6397816711373,38.99064596941015,17909700
2010-06-07,38.67168426513672,38.95875598618738,38.65254696157768,38.73547933288854,13182300
2010-06-08,39.64134979248047,39.70514486409351,38.58875666296332,38.709963648728376,15336800
2010-06-09,39.21393585205078,39.93480194817185,39.0863481355627,39.83911298595576,14211600
2010-06-10,39.49462127685547,39.73703766042843,39.3415155520902,39.53289831643002,14756000
2010-06-11,38.920494079589844,39.16929129026606,38.51859594737571,39.13739252721996,19772400
2010-06-14,39.073585510253906,39.37341625126725,39.048067482607436,39.16289617348348,10972800
2010-06-15,39.49462127685547,39.50738029004699,39.13099791826251,39.30324094604859,11944100
2010-06-16,39.03531265258789,39.38617948650006,38.80565767975445,39.24583275293519,14628800
2010-06-17,39.3989372253418,39.43721427203827,38.8056588195136,39.02893550807618,12060100
2010-06-18,39.10547637939453,39.51375503071942,39.04168375269978,39.42444437993369,17518700
2010-06-21,38.9778938293457,39.41807128556141,38.77375447677985,39.373415954283445,9688200
2010-06-22,38.735477447509766,39.32875816429326,38.71633771134931,38.9523758002428,13228700
2010-06-23,39.156524658203125,39.2777316601955,38.72910613853852,38.843934849282235,13424400
2010-06-24,38.83116912841797,39.1565178971929,38.75461747898454,38.95875683316239,12932700
2010-06-25,38.14219665527344,38.90772039478936,38.14219665527344,38.84392533026885,44195600
2010-06-28,38.67168426513672,38.875823614876516,38.00185187170719,38.27616457920748,14115500
2010-06-29,38.48030471801758,38.620651436416495,38.116681341741355,38.486685441690106,17814300
2010-06-30,38.26340866088867,38.62065376859836,38.09116561432507,38.359100053490636,17273600
2010-07-01,37.98271560668945,38.46116767701161,37.86788691512949,38.1740959481117,19338700
2010-07-02,37.88065719604492,38.20600362987871,37.77220676241113,38.040141266921715,12101900
2010-07-06,37.855133056640625,38.23151550056077,37.5871985953336,38.19961917823535,13959000
2010-07-07,38.799278259277344,38.8566926127985,37.72116699152838,37.95720269665605,15470000
2010-07-08,39.520145416259766,39.53290443142486,38.773758847068166,38.81203589256346,14770600
2010-07-09,39.39255142211914,39.51375839657689,39.14375674987103,39.51375839657689,9626800
2010-07-12,39.609466552734375,39.654121900842405,39.1310143085478,39.25860206037101,8324500
2010-07-13,39.800838470458984,40.09428853355825,39.66049173004915,39.74342411606709,10497300
2010-07-14,39.97309112548828,40.0560235314065,39.5520532367609,39.6860192846437,13797100
2010-07-15,40.017723083496094,40.119792741297196,39.77530673364375,39.947549737470474,10267200
2010-07-16,39.54566955566406,39.979463970623975,39.31601211428113,39.83911964919394,14142400
2010-07-19,39.46272659301758,39.73703930414979,39.36703520688939,39.54565896542646,9643600
2010-07-20,39.5966911315918,39.628587447951325,39.04806572948936,39.31600014068185,10930100
2010-07-21,39.28937911987305,39.74585797645947,39.128646920857086,39.681566077884575,14913600
2010-07-22,39.456539154052734,39.81014949802333,39.22508439724909,39.25723279881081,13007300
2010-07-23,39.803714752197266,39.83586069590088,39.35366418261183,39.47582220229516,8461600
2010-07-26,40.1959114074707,40.234488020834,39.642992212157914,39.642992212157914,7807300
2010-07-27,40.55595779418945,40.73597710848818,40.08661752034628,40.32450298861726,12532500
2010-07-28,40.31163024902344,40.588089788071144,40.22162062283643,40.42735761200054,7844500
2010-07-29,39.649410247802734,40.105891471447286,39.36009430583959,39.990164113630726,15776400
2010-07-30,39.321537017822266,39.55942005792952,39.10294106263252,39.321537017822266,11931700
2010-08-02,39.900150299072266,39.91943737248908,39.54653760257739,39.82942775977329,11167800
2010-08-03,38.53715133666992,38.70431419788671,38.28640949742347,38.4857183080808,24449800
2010-08-04,38.286407470703125,38.94219510540623,38.286407470703125,38.62073072286031,19654100
2010-08-05,38.4857177734375,38.70431366020667,38.18997111856705,38.286408965548965,12620400
2010-08-06,38.58857727050781,38.60143613761832,38.04208645491281,38.25425408336899,12649700
2010-08-09,38.82003402709961,39.10935242094699,38.485710822273546,38.82646223470588,11104800
2010-08-10,39.07720947265625,39.43725046325466,38.62716130013148,38.64001771713625,13450200
2010-08-11,38.74932098388672,38.98720396491217,38.575729905004735,38.69145729092605,12946800
2010-08-12,38.569297790527344,38.88433151274231,38.177110850457666,38.569297790527344,11580500
2010-08-13,38.459991455078125,38.96147501475331,38.37641004427287,38.40855843867515,8805300
2010-08-16,38.427860260009766,38.704319880429765,38.138541767409876,38.3378506073296,13138100
2010-08-17,38.762176513671875,39.167219876904376,38.53072176177979,38.77503538350795,10878200
2010-08-18,39.057926177978516,39.257234996959134,38.60144730015522,38.678598072550145,10739300
2010-08-19,38.6978874206543,38.98077769031442,38.47929150890737,38.92934220398386,9822700
2010-08-20,38.562862396240234,38.68501796398234,38.36355362011314,38.5371446601119,12107000
2010-08-23,38.59501647949219,38.826471248302504,38.48571975676444,38.58215760871619,8468500
2010-08-24,38.35713577270508,38.58859055521981,38.30570273913457,38.38285351577982,13728400
2010-08-25,38.363563537597656,38.51143933227423,38.18997490530226,38.44071676592777,10394900
2010-08-26,38.27997589111328,38.51785882652642,38.189966264339574,38.51785882652642,10264400
2010-08-27,38.44712829589844,38.52427903817947,38.09351807015101,38.3892646260432,10317400
2010-08-30,38.17068862915039,38.517870828525176,38.15140154671151,38.389284556247944,7462000
2010-08-31,38.363563537597656,38.41499902315106,38.09353459617909,38.13211121034414,12590100
2010-09-01,38.44712829589844,38.60786043965435,38.27353728633271,38.51142262494753,14748800
2010-09-02,38.62073516845703,38.768608507140286,38.38928039396885,38.40856992689546,10257800
2010-09-03,38.762176513671875,38.897190968082704,38.46642986517805,38.742886982628434,8970100
2010-09-07,38.665748596191406,38.86505746359734,38.52430343528529,38.58216714178512,7420600
2010-09-08,38.8136100769043,38.8971915057047,38.672167411909776,38.672167411909776,7719500
2010-09-09,38.762176513671875,39.01934655265747,38.71074103432757,39.00648768282139,7937500
2010-09-10,38.83290100097656,38.980774332570874,38.755747778126576,38.903621109720895,7379100
2010-09-13,38.884334564208984,39.05149743010045,38.71717415089632,38.99363373845783,9808100
2010-09-14,38.9871940612793,39.180072171293126,38.78145708358745,38.8264618941714,11011300
2010-09-15,39.28937911987305,39.48225726817645,38.91647924091824,38.935768772553686,9189700
2010-09-16,39.28937911987305,39.28937911987305,39.00006067112858,39.13507512968309,7647900
2010-09-17,39.19936752319336,39.52083190517112,39.09649901906362,39.41796340104138,17798000
2010-09-20,39.495121002197266,39.597989524132494,39.160797692763,39.225089599255384,9053600
2010-09-21,39.552978515625,39.771574397135936,39.36652858233477,39.50797369760027,11303600
2010-09-22,39.7265739440918,39.86158841300076,39.48868850544772,39.559411070851155,9646300
2010-09-23,39.360103607177734,39.59155837750683,39.31509878545584,39.48868741062382,10107400
2010-09-24,39.630130767822266,39.73942993896528,39.45011148897345,39.54012112839786,10602800
2010-09-27,39.2443733215332,39.668706218248595,39.231514451623205,39.50797402324157,10284100
2010-09-28,38.97434616088867,39.302241247501485,38.80075507725464,39.225088019722634,11367300
2010-09-29,38.7364616394043,38.97434461752172,38.59501651332316,38.87147610380239,9709400
2010-09-30,38.55644607543945,38.993637914093966,38.4728646335434,38.781470204491455,13101700
2010-10-01,38.6785888671875,38.81360329989038,38.543574434484626,38.633584056286544,10253300
2010-10-04,38.550010681152344,38.800752523483084,38.36999140000797,38.5821566309883,11620700
2010-10-05,39.102935791015625,39.16079949054677,38.56930607540981,38.74289472142412,11412700
2010-10-06,39.13507843017578,39.212231658066905,38.76860918171918,39.05792765486358,7229800
2010-10-07,39.09005355834961,39.30864935343651,39.057907622838115,39.212211546902026,23255800
2010-10-08,39.77157211303711,39.86158174391726,39.15436111336304,39.21865300611215,30692500
2010-10-11,39.95158767700195,39.99659248827652,39.77156843190366,39.81014258295143,7425200
2010-10-12,39.874454498291016,39.97732303405816,39.5787077645329,39.868023835229685,24975000
2010-10-13,40.2666130065918,40.45949106782402,39.91300281890313,40.00944062323043,9906000
2010-10-14,40.37592697143555,40.40164471130407,40.195907697513164,40.29234554315216,8771400
2010-10-15,40.3502197265625,40.504523753329124,40.21520523600377,40.485236669700534,9943500
2010-10-18,40.72952651977539,40.83882565896974,40.273047794651845,40.427351740403275,11449200
2010-10-19,40.620235443115234,40.86454903572235,40.44021619202491,40.49164921266,12109100
2010-10-20,41.05561065673828,41.21757850962111,40.66688879839281,40.73815504909059,10344900
2010-10-21,41.14630889892578,41.450809228338734,40.556746061433174,41.19813979390377,9612900
2010-10-22,41.075042724609375,41.26940362655008,40.900117171432846,41.15926421687614,5933400
2010-10-25,41.16575241088867,41.34067799847093,41.12687923428147,41.28884709632799,8928400
2010-10-26,40.72519302368164,41.10095711754356,40.50491666816498,40.89363848546118,12935900
2010-10-27,40.86772537231445,41.04264845950517,40.64096892012823,41.029693207547595,13348100
2010-10-28,40.93899154663086,41.17870573627716,40.85477004679823,40.90012084561062,9231200
2010-10-29,41.185176849365234,41.36658001592664,40.93898507229421,40.96490051649806,11368300
2010-11-01,41.21757888793945,41.55447232159993,41.075048856668985,41.38602684048636,11926700
2010-11-02,41.47673034667969,41.64517831699304,41.36659338038015,41.37955110666837,8129000
2010-11-03,41.66459655761719,41.69699209574858,41.353621140162474,41.46375806122497,8621300
2010-11-04,42.11164093017578,42.11164093017578,41.71643898140174,41.807140581822026,11807500
2010-11-05,42.11164093017578,42.11164093017578,41.86545157801593,42.05333487684839,9747000
2010-11-08,41.949668884277344,42.05980582478992,41.833051846421085,42.02741522380352,7203100
2010-11-09,41.9885368347168,42.07276326607456,41.85896455351888,41.969101486823675,8461200
2010-11-10,41.83305358886719,41.98206617678259,41.69700119617898,41.89783973640449,8151400
2010-11-11,41.69699478149414,41.83952724986869,41.50263142591695,41.67107933789282,7003900
2010-11-12,41.67757034301758,41.800662553759665,41.47672683825578,41.63221954056171,9280400
2010-11-15,41.651641845703125,42.05332378653741,41.554460172919725,41.82008974900334,10861200
2010-11-16,41.107444763183594,41.70348779344146,40.88068826859593,41.69700769481792,14384500
2010-11-17,40.99082565307617,41.139835785332934,40.90660167521509,41.06856953263767,7938500
2010-11-18,41.47673034667969,41.63869821813213,41.146316976347485,41.19814788150039,11296700
2010-11-19,41.49615478515625,41.61924695926972,41.21108985862243,41.61277180575052,9495800
2010-11-22,41.1787109375,41.327721076909576,40.83533738270676,41.19166866328781,9139700
2010-11-23,40.563232421875,40.90012587694808,40.37534910572075,40.86125269971268,10488100
2010-11-24,40.55674362182617,40.79645778953022,40.42717133504154,40.78997769233122,8766300
2010-11-26,40.25224685668945,40.49195855935962,40.18745824013467,40.349426074372104,3916500
2010-11-29,40.25224685668945,40.32351309918321,39.954224163403474,40.20041596344562,8433700
2010-11-30,39.56550979614258,39.94775405573966,39.53311671748523,39.850572348334126,17675200
2010-12-01,40.26522445678711,40.38831918185695,39.84410689131335,39.88945770957247,11598600
2010-12-02,40.401268005371094,40.48549199418607,40.14211841121749,40.26521558058561,7866500
2010-12-03,40.38182830810547,40.491965267344604,40.14859419273622,40.459572189417415,8971900
2010-12-06,40.20689392089844,40.38181946913682,40.20041382387134,40.32998857865157,5849500
2010-12-07,40.26522445678711,40.57620255546427,40.17452034883464,40.291137444767855,9882400
2010-12-08,40.576175689697266,40.60856875680121,40.34941927710445,40.34941927710445,8344500
2010-12-09,40.73167037963867,40.79645899638053,40.511394025582405,40.59561799163031,8541200
2010-12-10,40.94547653198242,41.327720790052425,40.854774923530805,41.01026268903829,11510100
2010-12-13,40.93899154663086,41.15279028797488,40.913078569761765,41.016737891537694,8783600
2010-12-14,41.17222595214844,41.26940764830575,40.94547195635897,41.02969592826643,8626100
2010-12-15,41.23053741455078,41.40546299724307,41.17870898529013,41.21110206250721,11074500
2010-12-16,41.78770446777344,41.94967231454775,40.91307908376541,41.3730671754605,14337400
2010-12-17,41.9885368347168,42.137549406673514,41.65164593788281,41.81361376081305,23534700
2010-12-20,42.09220886230469,42.31248278254513,41.89784545031979,42.020942607434684,10616100
2010-12-21,42.027408599853516,42.35781936931512,41.878396041630744,42.254162542483606,8193900
2010-12-22,42.07924270629883,42.09220290145816,41.63868998533949,41.64517008291915,7083400
2010-12-23,42.26713180541992,42.299527354906814,41.956156278959966,41.956156278959966,5950800
2010-12-27,41.8978385925293,42.182903565350195,41.70348015522366,42.1375527690256,7195800
2010-12-28,41.95615005493164,42.001500851765556,41.72291597325259,41.982065502103325,4648400
2010-12-29,41.72292709350586,41.982076691426755,41.690531540190456,41.930245783269086,4916400
2010-12-30,41.64518737792969,41.781239826407244,41.502654829181324,41.774764669004675,3819900
2010-12-31,41.67757034301758,41.755311751303786,41.47025168280977,41.51560248526564,5245600
2011-01-03,41.96263122558594,42.040377578247174,41.463772388893474,41.71644185645895,10004000
2011-01-04,42.07924270629883,42.0857228038785,41.6905208802444,41.72939652285618,11333200
2011-01-05,41.98207092285156,42.169949289089516,41.87840912077994,41.897844472951675,7459600
2011-01-06,41.910804748535156,41.969110805160106,41.66461043958502,41.910804748535156,11585100
2011-01-07,41.78770446777344,42.02741866043133,41.5739057237434,41.871925968664165,11940000
2011-01-10,41.69699478149414,41.80713170965067,41.5609424097363,41.72291022509547,12253700
2011-01-11,41.48967361450195,41.85247991679448,41.295312742354874,41.78769378322298,9624200
2011-01-12,42.09220886230469,42.1116442149298,41.07505088436644,41.729402432324235,10150600
2011-01-13,42.4226188659668,42.43557411831736,42.053332388148,42.05980754289018,9899100
2011-01-14,42.45500183105469,42.53922825621364,42.286553923602106,42.33838480941295,10947000
2011-01-18,42.43558120727539,42.72064623527073,42.396710500864046,42.5327629161708,12395900
2011-01-19,42.652259826660156,42.86111538055125,42.45646054586118,42.49561940611913,11763500
2011-01-20,42.94596862792969,43.01123505852646,42.652262220979985,42.71100549417371,12492800
2011-01-21,43.01774597167969,43.04384854985969,42.763198529103725,43.011217837380954,9554100
2011-01-24,43.455039978027344,43.53335767810464,42.939426874650906,43.01122141939369,10568200
2011-01-25,43.53337478637695,43.696543365005816,43.383262482563914,43.44852891811349,11064100
2011-01-26,43.148284912109375,43.67694933675988,43.122177350711944,43.65736991058885,9499500
2011-01-27,41.88862609863281,42.097481622229424,41.2098444020667,42.00610764187518,23967100
2011-01-28,41.90167999267578,41.99305397870491,41.666719381352756,41.70588072811712,14927400
2011-01-31,41.203330993652344,42.006120117734916,41.12500828172601,41.999591980196904,12568400
2011-02-01,41.066261291503906,41.51660810293389,40.93572843751424,41.399126542539506,14623900
2011-02-02,40.98141860961914,41.085846394754746,40.6616071171543,40.9618366881998,11626100
2011-02-03,41.05320739746094,41.20332216184396,40.890038850554895,40.896564496939185,8546700
2011-02-04,41.51662063598633,41.58188708268382,40.96837401855922,41.007535380430916,9827300
2011-02-07,42.130126953125,42.29329552385049,41.64061875119373,41.738520889530946,12847100
2011-02-08,42.188873291015625,42.26066787418203,41.96696638269078,42.02570468918481,8193700
2011-02-09,42.025699615478516,42.34550864219385,41.823372167078396,42.18886819761021,11019900
2011-02-10,42.14970779418945,42.286768800640424,41.82337064182721,42.182338521719814,10977000
2011-02-11,42.24760055541992,42.404240959511654,41.82336135564235,41.82336135564235,8951600
2011-02-14,42.12359619140625,42.33897988642613,41.99958649193857,42.29981604582569,7093800
2011-02-15,41.718936920166016,42.2280220391187,41.55576835744993,42.2280220391187,11785000
2011-02-16,41.6145133972168,41.842950902243665,41.57535453160157,41.8364227648045,9851200
2011-02-17,41.771148681640625,41.90820966571118,41.41217837060867,41.49702671349951,7364600
2011-02-18,41.966949462890625,42.01915960999892,41.725458236919145,41.862519209656945,9093700
2011-02-22,41.81685256958008,42.01265689993025,41.52314856381031,41.594943152971304,9437500
2011-02-23,41.86906814575195,42.03223676285971,41.7058995286442,41.777694118532494,11711100
2011-02-24,41.15111541748047,42.0256991067087,41.00752875997624,41.98001210344532,15218000
2011-02-25,41.01405715942383,41.190279536586466,40.81172721014336,41.092377386022186,11370400
2011-02-28,41.15111541748047,41.27512513184246,40.870465260431146,40.98794683732412,11558200
2011-03-01,40.94878005981445,41.54271347723947,40.890039282717275,41.39912435772316,12134200
2011-03-02,40.733402252197266,41.01405239547746,40.6746614666327,40.85740947072033,10020700
2011-03-03,40.82476806640625,41.0858387253894,40.53759233332824,40.92267018596351,14193800
2011-03-04,40.48537826538086,40.94225068568337,40.178623096263465,40.79866157050859,11875900
2011-03-07,40.27652359008789,40.5506480440343,40.1198831790509,40.465799702365835,11300700
2011-03-08,40.49842834472656,40.62896366569973,40.289572827071176,40.3026266081439,10944000
2011-03-09,40.465797424316406,40.661599171967076,40.302628886315134,40.52453819758704,8781500
2011-03-10,40.1329345703125,40.41358216417785,39.950184115319104,40.28304932600952,12106800
2011-03-11,40.1329345703125,40.26999554424183,39.89144334224164,39.9436584693124,9586700
2011-03-14,40.04155731201172,40.06766487503467,39.67606138870739,39.839229922969466,9135600
2011-03-15,39.59122085571289,39.721756206797046,39.36278585863167,39.56511328754511,13092400
2011-03-16,38.9842414855957,39.49332671920729,38.964662050381484,39.47374728399307,16378600
2011-03-17,39.441104888916016,39.61732723412425,39.16045476392749,39.61732723412425,10646900
2011-03-18,39.55206298828125,39.85882071689336,39.2387796119296,39.76091857251568,17016800
2011-03-21,40.00891876220703,40.152507849910904,39.68258173724653,39.787009485643736,9602500
2011-03-22,39.76744079589844,40.08724977242845,39.73480758254399,39.84576100590003,7772900
2011-03-23,39.7543830871582,39.87186463543746,39.51289434447499,39.708696095022304,7998200
2011-03-24,39.90449905395508,39.99587304099385,39.64995652156009,39.963239829873494,8197900
2011-03-25,39.73480987548828,40.061147007373606,39.623853955974816,39.93061165666853,7757900
2011-03-28,39.59122085571289,40.03503955554619,39.55858764038054,39.865345341965096,8381500
2011-03-29,39.9958610534668,40.08723501311904,39.55857067805858,39.55857067805858,7684300
2011-03-30,40.446224212646484,40.446224212646484,40.061146304190785,40.1133589497035,7552100
2011-03-31,40.20473098754883,40.46580167165488,40.19820534083573,40.30915876324033,11569500
2011-04-01,40.51802444458008,40.66161110713444,40.2961150681724,40.38748907791291,8243700
2011-04-04,40.635501861572266,40.68119135431504,40.42012063173742,40.57676107348004,6438000
2011-04-05,40.250423431396484,40.63550137320531,40.204736428957716,40.47886093334522,9105800
2011-04-06,40.30915069580078,40.4266322311604,40.16556408905887,40.3874733792099,8249600
2011-04-07,40.55064392089844,40.563697702116635,40.11987909971464,40.21777872421984,7692800
2011-04-08,40.400535583496094,40.615916783394084,40.224313243713425,40.59633735333643,7271400
2011-04-11,40.589805603027344,40.79213549137614,40.40053198656068,40.4788521895729,7649500
2011-04-12,41.046669006347656,41.11193790265615,40.465789522848034,40.48536894686367,11415700
2011-04-13,41.1119499206543,41.16416256321027,40.935727583738114,41.01404779244935,10414900
2011-04-14,41.31428909301758,41.43829882267396,40.961844318870895,40.961844318870895,10027100
2011-04-15,41.88862609863281,41.908205525921794,41.17721119333365,41.41869992566331,12378300
2011-04-18,41.771148681640625,41.86905080726501,41.48397293076596,41.555765001168766,11323800
2011-04-19,41.67977523803711,41.98000477557669,41.483973473978885,41.91473835080878,9284200
2011-04-20,41.588417053222656,41.99307202827902,41.4839892400533,41.94086185632753,8844700
2011-04-21,41.294708251953125,41.60799165505586,41.118485870878736,41.51661764037029,10600800
2011-04-25,41.35996627807617,41.373020061768685,40.85740680981043,41.170692638921395,7369600
2011-04-26,41.66019058227539,41.7711439884126,41.30121782182161,41.41217371771302,9500000
2011-04-27,42.130733489990234,42.22287030216338,41.82801654007203,41.88066220210905,9896600
2011-04-28,42.44661331176758,42.505838734308945,41.41341687849941,41.61742476095213,13366000
2011-04-29,42.70985412597656,42.84146953867664,42.387392850297054,42.49926645317274,13357700
2011-05-02,42.89411544799805,43.07179674784521,42.77565957449797,42.933599065562774,8909000
2011-05-03,43.24289321899414,43.29554138039762,42.880948406156506,42.94675609750835,9924100
2011-05-04,43.7430419921875,43.762783798090894,43.15734498662934,43.23631221024292,14236900
2011-05-05,43.354774475097656,43.690400287482504,43.190252707176484,43.48639490191814,10812500
2011-05-06,42.95332717895508,43.657479918911584,42.80197001267895,43.571930434529605,11125800
2011-05-09,42.8677864074707,43.032308156047364,42.68352285239369,42.72958874116294,8698800
2011-05-10,43.25605773925781,43.36134904118554,42.94017379186461,42.96649787254779,8076200
2011-05-11,43.3810920715332,43.512712478665954,43.20341079791044,43.295542572500786,9176300
2011-05-12,43.98654556274414,44.085259645838924,43.3152988351519,43.45349654316187,11100000
2011-05-13,43.99970245361328,44.29583963050443,43.79569706601298,43.87466430208744,12601200
2011-05-16,44.052330017089844,44.28924165609736,43.76935250498662,43.86806652470702,9880600
2011-05-17,44.368221282958984,44.56564937770023,43.85491426159774,43.85491426159774,12185600
2011-05-18,44.34189987182617,44.42087211863811,44.07208681496136,44.355064423364155,8870300
2011-05-19,44.394554138183594,44.394554138183594,44.02602697735291,44.28268053876085,7425400
2011-05-20,44.32875061035156,44.4866901197586,44.21029472309466,44.3682342325017,9361500
2011-05-23,44.124732971191406,44.243188825615206,43.900980792477526,44.01285437143192,9406300
2011-05-24,44.098419189453125,44.25635869197047,43.960221497149675,44.078677379239245,7105200
2011-05-25,43.68381118774414,43.979953336229855,43.36793225432553,43.82859112422981,11639200
2011-05-26,43.55878829956055,43.631178284790835,43.275810635698406,43.55878829956055,8946700
2011-05-27,43.56535720825195,43.907565258462135,43.44032409292603,43.460065899514056,7973400
2011-05-31,44.09182357788086,44.09182357788086,43.65090654709519,43.65090654709519,10603900
2011-06-01,43.69697952270508,44.085248457988605,43.6574908870044,44.06550665054104,9579500
2011-06-02,43.44032669067383,43.76278793277395,43.20999723203089,43.736463848813955,8540400
2011-06-03,43.058616638183594,43.31527007131325,42.940160821292714,43.14416610895898,8579100
2011-06-06,43.104705810546875,43.19683760450798,42.91385994568282,43.01257401658577,7668800
2011-06-07,42.81515121459961,43.13103527672424,42.78224986739938,43.078387096235666,8892500
2011-06-08,42.676963806152344,42.8085842891393,42.57167244057083,42.802002009787934,11292100
2011-06-09,42.7822380065918,43.07179287739006,42.683523950744586,42.79539753766222,10219500
2011-06-10,42.57823944091797,42.8085739754496,42.54533809370405,42.72301942691836,10509000
2011-06-13,42.624298095703125,42.89411620933353,42.453199069348514,42.54533085917207,8873100
2011-06-14,42.61771011352539,42.92042949258444,42.5519024260438,42.79539137180613,7240100
2011-06-15,41.95963668823242,42.45978183087164,41.67666151582562,42.45320457417852,11790300
2011-06-16,42.288665771484375,42.334731653839185,41.788518319628885,42.032009770704626,8894300
2011-06-17,42.5716552734375,42.8546329217379,42.46635892950897,42.54533118745537,10057200
2011-06-20,42.83488082885742,42.966501242596905,42.453194181026426,42.453194181026426,5911700
2011-06-21,42.26234436035156,42.93359083428931,42.22286075035667,42.93359083428931,11024200
2011-06-22,42.157039642333984,42.40053357068083,42.03200405158434,42.17020419024675,9107100
2011-06-23,41.76219940185547,41.93988318878256,41.32786209283457,41.93988318878256,11693900
2011-06-24,41.18965148925781,41.78851035615035,41.09093746850775,41.7556065193676,15278300
2011-06-27,41.34103012084961,41.62400776578123,41.21599447952752,41.30154399234649,6705500
2011-06-28,41.275211334228516,41.683224510926166,41.15017321607756,41.53186482457708,8551500
2011-06-29,41.163333892822266,41.39366580734843,41.03829828921244,41.373921493850496,11386200
2011-06-30,41.83458709716797,41.88723525801833,41.18308242426094,41.28179396025163,11807400
2011-07-01,42.295257568359375,42.407136196093425,41.68323884800827,41.76879087768445,9700500
2011-07-05,42.288665771484375,42.4466052223002,42.08465792791144,42.183369457070754,9224100
2011-07-06,42.57823944091797,42.736183982449404,42.34132764942766,42.466365822938336,9334700
2011-07-07,42.74275588989258,42.86779404775396,42.59139866587678,42.7625027207177,8973600
2011-07-08,42.72959518432617,42.848051061995456,42.466359342749314,42.801985166279955,9227800
2011-07-11,42.59139633178711,42.60455586414315,42.28867687953891,42.30841868847593,9206700
2011-07-12,42.46635055541992,42.815135839494445,42.37421878305326,42.4334492200347,11583700
2011-07-13,42.53875732421875,42.78882865929994,42.44004323746325,42.67037275935474,9154200
2011-07-14,42.512428283691406,42.644048724311034,42.354488775754284,42.47952693914132,13269400
2011-07-15,42.663780212402344,42.67693974287705,42.3347367216773,42.565066161023786,20588800
2011-07-18,42.47952651977539,42.637466026153305,42.30184018189466,42.571658316896375,13343700
2011-07-19,42.519004821777344,42.637460691942806,42.32815897424377,42.51242254543322,8393800
2011-07-20,42.59529495239258,42.75453335204172,42.4891410812297,42.635107083273134,13089600
2011-07-21,42.7877082824707,43.0265608426735,42.621838730215266,42.69482173816262,8564400
2011-07-22,42.62847900390625,42.95358194005658,42.55549598898347,42.76780883368496,6047200
2011-07-25,42.00482177734375,42.44935112606001,41.94510861532536,42.43608125328154,8801200
2011-07-26,41.85883331298828,42.26355535780951,41.85219964563282,42.11095569895313,8715200
2011-07-27,41.26833724975586,41.87873587096962,41.23516385181477,41.819022742288446,11165200
2011-07-28,41.082576751708984,41.42095211548171,41.03613347134315,41.24181266365538,7535600
2011-07-29,40.79727554321289,41.25507458907213,40.79727554321289,40.92333548979105,10380300
2011-08-01,40.75746154785156,41.34132300833658,40.47216575073776,41.24180027689011,10103800
2011-08-02,40.38591766357422,40.704386898525286,40.306300987578574,40.55842341436136,9609000
2011-08-03,40.293033599853516,40.465539361258664,40.133800238061156,40.312937137335396,13107900
2011-08-04,39.530033111572266,40.472170958361026,39.476953639712804,40.05417897585759,17790100
2011-08-05,40.20014190673828,40.73756012870475,39.35752433791259,40.51197745255481,23699300
2011-08-08,39.337623596191406,40.70438708611761,39.30445019195438,39.888309193237895,30994600
2011-08-09,39.95466232299805,40.40582775013347,38.18981022189847,40.15370529827103,31875700
2011-08-10,38.82011032104492,39.86840714463965,38.687416699145146,39.788790465306064,23417700
2011-08-11,40.107261657714844,40.53188734270151,38.886461547893816,38.959444562057534,18713900
2011-08-12,40.5650634765625,40.94988211130458,40.20015091218326,40.32621087995968,13520700
2011-08-15,41.05602264404297,41.109099572199995,40.51197084285193,41.0493864461684,12111500
2011-08-16,40.8835334777832,41.04940305822159,40.584967726800315,40.78401324810153,9420600
2011-08-17,40.91669845581055,41.21526414526682,40.63803883296364,40.98968146111857,7973100
2011-08-18,40.37929153442383,40.651317548253786,39.841873176431925,40.35275179381384,17846200
2011-08-19,40.44564437866211,40.81055700800551,39.96130542975623,40.14707857975593,16297700
2011-08-22,40.943241119384766,41.075937272076025,40.77073789256414,40.963147187418045,12676600
2011-08-23,41.81240463256836,41.94510080467409,40.97642051998052,41.102483022417005,15222400
2011-08-24,42.00482177734375,42.051265066583674,41.38778661347683,41.613369388771936,8417200
2011-08-25,41.48728942871094,42.110960532367315,41.268342947297384,41.96499452411269,15063000
2011-08-26,41.513824462890625,41.566903925689296,40.584954111658654,41.294878006266345,10374200
2011-08-29,41.85883331298828,41.991529438810204,41.653154191415894,41.653154191415894,9147700
2011-08-30,42.1308708190918,42.389626943576886,41.726148662961265,41.85884482527815,9181100
2011-08-31,42.25028991699219,42.429429325967796,42.05788064094783,42.10432391020428,8972600
2011-09-01,41.97163009643555,42.628474632413266,41.92518682460533,42.2104826549729,8871400
2011-09-02,41.50056457519531,41.8455735734331,41.40767802393297,41.66643413986913,8817300
2011-09-06,41.38777542114258,41.50056551280403,40.538521509767,40.59160098652681,11458200
2011-09-07,41.613346099853516,41.832292550741236,41.54699677309358,41.63324963239748,8874900
2011-09-08,41.73940658569336,42.349807745255305,41.394397674804964,41.527093799141745,11124300
2011-09-09,41.02947998046875,41.47400902949629,40.85034061518419,41.407662241302475,12286400
2011-09-12,41.02286911010742,41.08257973408191,40.47218084440848,40.638050438033105,9865500
2011-09-13,41.09584426879883,41.202000693694906,40.58496568305868,40.983054174645595,8329200
2011-09-14,41.36122512817383,41.76594717679941,40.82380695247899,41.21525913530083,11547700
2011-09-15,41.653160095214844,41.653160095214844,41.20199472205427,41.4342136078987,9161300
2011-09-16,42.681556701660156,42.927040412589456,41.8057630900574,41.94509544499768,24690100
2011-09-19,42.3365478515625,42.52895461965334,42.14413855250301,42.22375523347055,11022700
2011-09-20,42.515689849853516,42.91377580970371,42.11760135903451,42.3630876165765,8215800
2011-09-21,41.81240463256836,42.7678125159855,41.77259502164595,42.70810189605533,9649100
2011-09-22,40.5849609375,41.075935927090676,40.007735602807486,40.85698943364255,17381200
2011-09-23,40.63803482055664,40.65130468666321,40.074079431352516,40.43235569235712,9122500
2011-09-26,41.493927001953125,41.65979655101981,40.89016194458915,40.91669914890379,13364100
2011-09-27,41.97163009643555,42.44933521351025,41.639890994237774,41.85220634813536,10732400
2011-09-28,41.61998748779297,42.38298843578112,41.51383107625247,42.03797946553239,9031800
2011-09-29,42.26356506347656,42.495783969735136,41.79249611304922,42.157408644634216,9798600
2011-09-30,41.918556213378906,42.72800049168552,41.911920013508606,42.06452223890139,11358100
2011-10-03,41.69297409057617,42.60857480092287,41.633260945749896,42.2569296009598,12323800
2011-10-04,42.044612884521484,42.12423209093088,40.98968244379756,41.3346914119995,12800000
2011-10-05,42.02471923828125,42.22376223920952,41.659806648084576,41.96500608490586,12023100
2011-10-06,42.203857421875,42.237030832531474,41.55364895532588,41.83894484271577,8691600
2011-10-07,42.40288543701172,42.72799082092,42.23038224395727,42.44269503431725,8902000
2011-10-10,42.9933967590332,43.006664098056575,42.54886244171428,42.708100881621576,6663600
2011-10-11,42.84077835083008,43.01991520069448,42.62182937504566,42.62182937504566,5705600
2011-10-12,43.05308532714844,43.3516483906691,42.820869048639565,42.940295286434875,10206200
2011-10-13,42.89387512207031,42.993397884132335,42.44270965440201,42.80098856066254,7305200
2011-10-14,43.05308532714844,43.238858349955535,42.708079007926,43.12606830924197,7485100
2011-10-17,42.63511657714844,43.42465230465686,42.502417881225156,43.019930140481776,7165000
2011-10-18,43.07300567626953,43.517534877563875,42.528953727626714,42.56876586372842,11796600
2011-10-19,43.31046676635742,43.69173244727662,42.99608881655958,43.02953523372364,9099100
2011-10-20,43.537872314453125,43.6649625356668,43.123165450627724,43.41078719644461,7728400
2011-10-21,44.32048797607422,44.34724408894027,43.7920662291849,43.8857100726127,13026800
2011-10-24,43.72516632080078,44.07298548477543,43.48436647527783,43.9793416674282,9819000
2011-10-25,43.149925231933594,43.72516877258209,43.05628140933552,43.53787602418035,8919200
2011-10-26,43.444236755371094,43.484373471552786,42.92919567709552,43.41079544562683,9401200
2011-10-27,43.651580810546875,43.925821913338986,43.016134898293735,43.725158811999385,16764300
2011-10-28,43.297088623046875,43.49775180418326,43.02284230799208,43.36397635009234,10656200
2011-10-31,42.802101135253906,43.3639665914443,42.76865472765474,43.17667895658172,9438800
2011-11-01,41.9459228515625,42.54123215280876,41.812144878432385,42.38738837677004,13462600
2011-11-02,42.046268463134766,42.50779991741577,41.73858082694743,42.40746832384336,8783200
2011-11-03,42.28037643432617,42.48773246893687,42.06633264771013,42.347266712395694,8532600
2011-11-04,42.159969329833984,42.2669912049778,41.71850377591541,42.0663255080335,7758200
2011-11-07,42.44759750366211,42.521175532352984,41.93255385442914,42.159975692381316,6559500
2011-11-08,42.94926834106445,43.0362218841303,42.46098074294262,42.46098074294262,7422000
2011-11-09,41.95261764526367,42.695083051605486,41.84559576562179,42.67501469494565,9701300
2011-11-10,42.300445556640625,42.57468932266494,42.00613343103181,42.481042931678246,6143700
2011-11-11,42.7352180480957,42.90243990776213,42.527864575135304,42.641574214939,5731100
2011-11-14,42.1733512878418,42.50110724609192,42.09308551195314,42.434216973182195,6832800
2011-11-15,42.514495849609375,42.74191773072562,42.20680562108484,42.394095880100565,7673800
2011-11-16,42.32719039916992,42.73521208810851,42.153280812076176,42.21348077522453,9228000
2011-11-17,42.099761962890625,42.57467384246178,41.832208597878285,42.2402302224946,8525500
2011-11-18,42.300445556640625,42.474355179552255,42.1800456055467,42.21348946938318,7624000
2011-11-21,41.24358367919922,42.11982680915215,41.103117982889835,41.83220511579364,13254400
2011-11-22,41.263668060302734,41.63824597074525,41.12989260449058,41.14995841254175,8321500
2011-11-23,40.84226608276367,41.14326337531497,40.802131919675446,41.00948793489349,7488200
2011-11-25,40.80213928222656,41.33056104269268,40.80213928222656,40.93591729839061,4734800
2011-11-28,41.631553649902344,41.77870714546758,41.18339775698232,41.23690997471731,7673200
2011-11-29,41.825523376464844,42.106457378191074,41.71181375663462,41.792079520726695,6442700
2011-11-30,43.19005584716797,43.20343134871475,42.26699059267292,42.29374669897196,15034500
2011-12-01,42.862300872802734,43.33721025963944,42.721832595786864,43.19674453422621,9387600
2011-12-02,43.25027084350586,43.38404631040114,42.98940000760825,43.26364634891261,9952600
2011-12-05,43.37065887451172,43.43755170063624,43.10979318288574,43.404105287573984,9820200
2011-12-06,43.37065887451172,43.47768331374604,43.13654929269432,43.24357373192864,8315400
2011-12-07,43.63152313232422,43.81212046746677,43.24356725303385,43.337211071730785,11144700
2011-12-08,43.123165130615234,43.47767458378559,43.00945551416533,43.390721071771864,8352600
2011-12-09,43.45762252807617,43.59139798936871,43.21013231115758,43.25026903211072,7647800
2011-12-12,43.016136169433594,43.42415778838036,42.768648608545426,43.19673857950096,8793500
2011-12-13,43.297088623046875,43.698420088526106,43.07635453091103,43.16999836941597,11126100
2011-12-14,43.10978317260742,43.44422681274621,43.02282966332512,43.12316377600775,10326700
2011-12-15,43.470977783203125,43.61813378400051,43.24355858430124,43.36395848466234,9654800
2011-12-16,43.57132339477539,43.899076781098636,43.35727963794307,43.765301346780575,18291900
2011-12-19,43.444236755371094,43.87232430446423,43.30377100675049,43.71179274935584,8172300
2011-12-20,44.006103515625,44.08637184234274,43.6181475912982,43.63821339717614,9797100
2011-12-21,44.14656448364258,44.14656448364258,43.81212081331196,43.81212081331196,9479000
2011-12-22,44.2736701965332,44.307111513339436,44.00611414604733,44.03955546285356,7666300
2011-12-23,44.59471893310547,44.608099538060586,44.15325593049221,44.28703136081003,5209800
2011-12-27,44.674991607666016,44.78201094171028,44.19339184645171,44.23352345881755,5604700
2011-12-28,44.50776672363281,44.78200789481724,44.447564205974075,44.7552568905308,4152000
2011-12-29,44.79537582397461,44.802066124755854,44.58133212781328,44.634844327654676,4425900
2011-12-30,44.62147903442383,44.78870088889395,44.541210707124,44.73518867069407,4062300
2012-01-03,44.70174789428711,44.81545753191206,44.327167465631305,44.347238375099884,11565900
2012-01-04,44.681671142578125,44.7351782451021,44.373978511239976,44.567956429603235,10595400
2012-01-05,44.4943962097168,44.58135485459009,44.31379882219209,44.44088908580268,10085300
2012-01-06,44.387367248535156,44.5679645969594,44.09974546904044,44.48770137686229,8421200
2012-01-09,44.57466506958008,44.6482431069267,44.29373352873312,44.313799338335485,7836100
2012-01-10,44.3672981262207,44.728497899268454,44.193385990337255,44.71511729478222,10318900
2012-01-11,43.932518005371094,44.353915166615295,43.792052284956355,44.213449446200556,14676800
2012-01-12,44.01948165893555,44.146571908060515,43.852259795647434,44.146571908060515,29758100
2012-01-13,44.01948165893555,44.03286226579411,43.72517464972874,43.852259795647434,33539100
2012-01-17,44.32048797607422,44.48770985408198,44.11312937716403,44.11981968118222,35728800
2012-01-18,44.51936721801758,44.5867891303747,44.37777965887897,44.431719246349545,10386800
2012-01-19,44.5530891418457,44.66770692884782,44.10809517730129,44.472179745393134,9346600
2012-01-20,44.65421676635742,44.66769909141899,44.12831349763582,44.24967499903892,12190100
2012-01-23,43.82490539550781,44.4586825965259,43.67657412344303,44.43845654014642,14828100
2012-01-24,43.487796783447266,43.656354135321095,43.17765187327488,43.58218848897964,9742400
2012-01-25,43.81142807006836,43.92604583193396,43.27204249993538,43.406886320487615,10913100
2012-01-26,43.6900749206543,44.08112413254766,43.64287906004839,43.89234069012403,11932100
2012-01-27,43.352962493896484,43.80469506171432,42.92145341773612,43.359701085800666,10979900
2012-01-30,42.618045806884766,43.01584131223601,42.49668429189751,43.01584131223601,12492000
2012-01-31,42.503421783447266,42.84727764407808,42.27418368569971,42.75962710235609,11358600
2012-02-01,42.618045806884766,42.94841939145705,42.60456090833269,42.75963338370942,12900500
2012-02-02,42.692222595214844,42.9012347193012,42.64502672396665,42.71244866232633,12613100
2012-02-03,42.321388244628906,43.05629854107564,42.179800659474054,42.719183773384145,17440500
2012-02-06,42.820308685302734,42.8877331694723,42.328121524779846,42.38206111211549,9851200
2012-02-07,42.94841766357422,43.09000523470259,42.725920704388514,42.85402594948864,8901600
2012-02-08,42.907958984375,43.00235068969374,42.773112588784905,42.96189857140347,8174800
2012-02-09,43.17765426635742,43.218106386981276,42.83379580916737,43.042807862988404,9152000
2012-02-10,43.069793701171875,43.13721564197985,42.84729666693766,42.881007637341646,8295500
2012-02-13,43.30576705932617,43.40689737852258,43.19114412429801,43.25182745977919,6899400
2012-02-14,43.47433090209961,43.47433090209961,43.21137660127307,43.21812033820813,6997700
2012-02-15,43.52153015136719,43.78447932864282,43.4069071904291,43.7035699110332,11651700
2012-02-16,43.95975112915039,44.09460008419836,43.58892807668224,43.67657603949216,10823300
2012-02-17,43.76423645019531,44.188999155572446,43.75749271532701,44.1552856251935,10281600
2012-02-21,43.43386459350586,43.872114811808515,43.386668732701764,43.818175215471534,10037700
2012-02-22,43.447349548339844,43.629389245480624,43.26530470723633,43.31250056530711,7029500
2012-02-23,44.782318115234375,44.88345355990261,43.31924146678273,43.38666338190742,20163300
2012-02-24,44.97785949707031,45.13967317334625,44.84975421703802,44.9980855636093,17777100
2012-02-27,44.971099853515625,45.20034052912221,44.58678929331718,44.88345188152728,17903200
2012-02-28,45.436344146728516,45.50376609546667,44.863249866506685,44.896958268893286,13468100
2012-02-29,45.591392517089844,45.69252280889736,45.38237791144311,45.44980496459738,14742500
2012-03-01,44.944129943847656,45.63858533592013,44.809280990459754,45.47002800215646,11967000
2012-03-02,44.95088195800781,45.09246954337866,44.76884224652047,44.984595492413646,7022200
2012-03-05,45.13966751098633,45.15315498296312,44.80929646304215,44.9104319270146,6933400
2012-03-06,45.065513610839844,45.234071046806115,44.63400698628336,44.83627796702878,9827000
2012-03-07,44.89019012451172,45.220561056627844,44.78231096237331,45.052003723757764,7470800
2012-03-08,45.105953216552734,45.21382725843416,45.01830009206371,45.139661604157,5811500
2012-03-09,45.12617492675781,45.21382289883296,44.90367798537991,45.21382289883296,5710200
2012-03-12,45.65207290649414,45.699268759614164,44.99133096281384,45.01829561262911,8825500
2012-03-13,45.78018569946289,45.78018569946289,45.55768872203516,45.74647216568425,9056700
2012-03-14,45.746463775634766,45.813885686863614,45.63858974646104,45.665559539745,8056200
2012-03-15,45.63185119628906,45.706016850255224,45.51048968470467,45.63859493136672,8611500
2012-03-16,45.3419303894043,45.74646702951355,45.26102100379746,45.73298470389365,15713500
2012-03-19,45.314964294433594,45.49700914092339,45.146406918627505,45.19360277809469,7038900
2012-03-20,45.314964294433594,45.47677793489783,45.10595479450217,45.146406918627505,6139000
2012-03-21,45.30821228027344,45.41609145017959,45.078976760165766,45.31495601438306,6120400
2012-03-22,45.52397155761719,45.6857903340936,45.13966096542031,45.17337449651022,7321000
2012-03-23,45.463287353515625,45.53745299692125,45.355408183484904,45.51722693853098,6006400
2012-03-26,45.483524322509766,45.732991105076515,45.34193673585183,45.53746392046417,7818800
2012-03-27,45.27450180053711,45.66555605739041,45.146396578197866,45.51722477762111,7936900
2012-03-28,45.30148696899414,45.38239122617664,45.13966816670223,45.25429110431653,7534600
2012-03-29,45.18012237548828,45.27451409844258,45.01156499250373,45.15989631256423,6917400
2012-03-30,45.314964294433594,45.49700914092339,45.180120451373874,45.274512170308256,8670300
2012-04-02,45.55094528198242,45.7936683236667,45.44307123232445,45.46329729513763,8595200
2012-04-03,45.234066009521484,45.57792458091057,45.13293567437541,45.46330677176892,6954100
2012-04-04,45.34867477416992,45.55094052514236,44.97784651477665,44.97784651477665,8372200
2012-04-05,45.38239288330078,45.497015825100505,45.05876555482672,45.11944374992924,7696300
2012-04-09,45.04527282714844,45.26102606894911,44.977850903578805,44.98459463912468,6890400
2012-04-10,44.73512649536133,45.10595477959735,44.694674371249356,44.998075590014906,9436700
2012-04-11,44.79581832885742,45.119445671111514,44.71490892131197,44.998084131775265,7593800
2012-04-12,44.55982971191406,44.748618312018436,44.465437983843564,44.613769311943884,27847200
2012-04-13,44.37104034423828,44.83626033057852,44.364301753104876,44.52611538767259,29792000
2012-04-16,45.02503967285156,45.24079288067024,44.41823216837333,44.50588528477488,32810100
2012-04-17,45.18685531616211,45.30821682249225,45.058755219008745,45.11269480936935,8894700
2012-04-18,45.00482940673828,45.308230693467756,44.991347077001784,45.12619095022288,6081800
2012-04-19,44.88345718383789,45.112697886525844,44.65422162511275,45.092466680788796,7721200
2012-04-20,45.517234802246094,45.58465672318236,44.89693975532906,44.97784914683028,11092600
2012-04-23,44.937400817871094,45.173380133057094,44.75535595761098,45.11270194227924,8420500
2012-04-24,45.173377990722656,45.173377990722656,44.876715354864665,45.05876020649135,6962300
2012-04-25,45.48070526123047,45.54869750475825,45.215531880239155,45.33111921298395,6994200
2012-04-26,45.46710968017578,45.650689259648836,45.30392206789334,45.31072284860738,8415000
2012-04-27,43.81487274169922,44.37241744864773,43.48170451743102,44.263625707059845,30719500
2012-04-30,43.27090835571289,43.62447619722824,43.03293299362015,43.230114061489516,19195000
2012-05-01,43.22333526611328,43.3389252105865,43.03295487961413,43.066951006669235,11899600
2012-05-02,43.50210189819336,43.59049389182396,43.10774220783928,43.28452360136258,9689200
2012-05-03,43.86246109008789,44.032444269585625,43.624485676286056,43.7128750621339,12079900
2012-05-04,43.70608901977539,44.02565833498313,43.67889107938785,43.87607225659,12006500
2012-05-07,43.68568420410156,43.85566741112141,43.080544402108956,43.148536647421736,11124300
2012-05-08,43.6245002746582,43.814880669408,43.590501552391444,43.60409792881213,11481800
2012-05-09,43.29132843017578,43.71288871448226,43.22333617463644,43.46811244455935,13842600
2012-05-10,43.61088562011719,43.74687009341249,43.40010813026692,43.515695451315445,8109500
2012-05-11,43.298126220703125,43.61769550588471,43.25732931395501,43.55649884889349,11318000
2012-05-14,43.230125427246094,43.35251093582986,43.039742493780864,43.175729562331,9902700
2012-05-15,43.32532501220703,43.665291460592236,43.17573894492133,43.32532501220703,12824700
2012-05-16,43.7128791809082,44.06644194508838,43.51569805161477,43.74687270752576,12375000
2012-05-17,43.48850631713867,43.78767844388277,43.45451019193723,43.59729806776423,10261800
2012-05-18,43.189327239990234,43.68567782071247,43.1077360387895,43.64488351698086,11583100
2012-05-21,43.1009407043457,43.379713054594156,42.80177119965449,43.28452287554413,9553100
2012-05-22,42.937747955322266,43.209719459525395,42.82215805588959,43.128128267638175,7535500
2012-05-23,42.4210090637207,42.869764630045786,42.18303360950964,42.83576850712105,13765400
2012-05-24,42.543392181396484,42.82216450659771,42.31221494144393,42.488998909856974,9178100
2012-05-25,42.489009857177734,42.971761614074246,42.42781578984308,42.55020392451238,7377700
2012-05-29,42.8017578125,42.85615107191401,42.57737880885748,42.590977772145244,7401000
2012-05-30,42.37340545654297,42.76096688621509,42.3190121895431,42.590983712017234,7493400
2012-05-31,42.35300827026367,42.577384711274,42.1422282006889,42.56378574610105,9268400
2012-06-01,41.84987258911133,42.11504602483724,41.61189709390561,41.99265788623476,12728000
2012-06-04,41.74787902832031,41.95185836946273,41.54389709343985,41.945057588306426,7768200
2012-06-05,41.591495513916016,41.700287271215934,41.489507132054726,41.618693453240994,7855500
2012-06-06,42.01984786987305,42.081041927586575,41.584691278904806,41.65948430430333,9622000
2012-06-07,42.67258071899414,42.72697658713707,41.96545258930035,42.21022880846802,13904700
2012-06-08,42.66578674316406,42.96495626626288,42.54339862150137,42.86296789403597,7697800
2012-06-11,42.52299118041992,42.87655649151043,42.4957932502428,42.82896141056915,6345500
2012-06-12,42.67258071899414,42.67938149938088,42.29861820359364,42.49579933500513,7814500
2012-06-13,42.543392181396484,42.67937925085168,42.3394128740825,42.57059011403504,6838500
2012-06-14,42.95816421508789,43.12814745348449,42.63179670861502,42.67259102583764,8389100
2012-06-15,42.754180908203125,43.29132592080033,42.50940465246863,43.19613573106762,14126800
2012-06-18,42.35300827026367,42.66577668802954,42.01304192215188,42.536590409492526,10289300
2012-06-19,42.29860305786133,42.665767255143464,42.22381006281458,42.434590085788436,12844900
2012-06-20,41.0611457824707,41.401112218945855,40.61919097129585,41.401112218945855,39133900
2012-06-21,40.6259880065918,41.12233867852001,40.6259880065918,41.04074746232663,18876100
2012-06-22,40.680389404296875,40.99995612517576,40.63279171183745,40.63959249379094,14395600
2012-06-25,40.326805114746094,40.7483626180094,40.28600822330624,40.48318930799317,11745100
2012-06-26,40.29962158203125,40.510401705821536,40.16363448906132,40.42200970633038,8794100
2012-06-27,40.78236770629883,40.795966673105056,40.218024849397814,40.27921890315698,11454100
2012-06-28,40.993160247802734,40.993160247802734,40.340425205342385,40.591999683298006,9207600
2012-06-29,41.64588165283203,41.659480619314124,41.16313001453705,41.23792303331975,13301800
2012-07-02,41.60507583618164,41.65267091179911,41.32630356739198,41.503087500031526,8914300
2012-07-03,41.720664978027344,41.74786290467223,41.35350074953247,41.564280790424796,4817400
2012-07-05,41.7138671875,41.88385035060104,41.60507806686482,41.775061229965864,35413700
2012-07-06,41.66627883911133,41.741071857954026,41.38070832397118,41.62548453336996,36773400
2012-07-09,41.84987258911133,42.01985582675495,41.55750121286524,41.55750121286524,33492400
2012-07-10,41.97224426269531,42.08783416769292,41.809061871064685,41.95864529776987,8651900
2012-07-11,41.74787902832031,41.99945346260469,41.46230587573049,41.99945346260469,9975600
2012-07-12,43.311729431152344,43.699288411391684,42.631796481193085,42.726986679189245,37140900
2012-07-13,44.256813049316406,44.70557108172138,43.35930476571801,43.468093884372706,29170000
2012-07-16,44.06645965576172,44.1956485962667,43.67889802172433,43.93727590273428,10675900
2012-07-17,44.433616638183594,44.46761536020997,43.882872616197545,43.95086487277364,12565600
2012-07-18,44.45555114746094,44.67501678873532,44.13320984223558,44.462410920383974,13387400
2012-07-19,44.52413558959961,44.62701125911979,44.25666198833148,44.54470967700886,8077600
2012-07-20,44.393836975097656,44.524141289528984,44.167511519674115,44.24980787984662,10121500
2012-07-23,44.16065216064453,44.3869776181957,44.050921935224785,44.16751193488158,10711100
2012-07-24,43.906890869140625,44.28409994813923,43.70114474352953,44.22237768019822,8271700
2012-07-25,43.906890869140625,44.10578245329676,43.81773473795659,43.97547814348539,9424700
2012-07-26,44.277252197265625,44.64760160289964,44.194955817664166,44.297826292165986,10472200
2012-07-27,44.640724182128906,44.76417393521137,44.277234695962136,44.35953627550836,11141800
2012-07-30,44.6475830078125,44.77789253121049,44.23608558376061,44.50355917101802,8388600
2012-07-31,44.263526916503906,44.57214872853228,44.23609305260535,44.434984641514006,9327200
2012-08-01,43.9000358581543,44.55843287152185,43.82459404316146,44.489850830385,7782900
2012-08-02,43.55712127685547,43.87946265162284,43.371949227773555,43.659996963000864,9462400
2012-08-03,44.92192840576172,45.19626183946748,44.373261538350185,44.38012131312347,15279100
2012-08-06,45.134525299072266,45.429432765605526,44.7161680737001,44.736747393901574,10034400
2012-08-07,45.41571807861328,45.573456238212316,45.20311219720851,45.20996673807877,10463300
2012-08-08,45.75864028930664,45.81350801926378,45.2374073196633,45.27170095900519,9673200
2012-08-09,45.76549530029297,45.902659378434734,45.53916986213229,45.66947416662472,9677800
2012-08-10,45.792945861816406,45.792945861816406,45.408882073098276,45.731223566833854,7293600
2012-08-13,45.59402847290039,45.779200464626435,45.50486713070333,45.648890953706506,6633900
2012-08-14,45.76549530029297,45.94380755538243,45.395146010341186,45.62832598967702,8887400
2012-08-15,45.703765869140625,45.89579766340587,45.648898147215135,45.85464948819874,9873600
2012-08-16,45.95066833496094,45.95066833496094,45.57345926310214,45.66262062507292,10165100
2012-08-17,45.95066833496094,46.156419689151974,45.6969090291219,45.86151220546444,9394300
2012-08-20,45.779212951660156,45.98496431634283,45.64204886352141,45.90266272397485,8938700
2012-08-21,45.792945861816406,46.0467052836347,45.731223566833854,45.786091317358355,9145400
2012-08-22,45.84779357910156,45.85465335303891,45.6146135899757,45.65576176865099,7749600
2012-08-23,45.7311897277832,45.83406537577406,45.66946224599957,45.81349129267045,8006500
2012-08-24,45.964378356933594,46.074113797579145,45.49115865845262,45.67633067394973,8580200
2012-08-27,46.02610397338867,46.204421440928684,45.8546462787277,45.90265422393383,6419600
2012-08-28,45.94380569458008,46.101549087281,45.847789797274814,45.86150934401783,7605400
2012-08-29,45.86152267456055,46.07412861860969,45.81351471195347,45.93010473078845,6752200
2012-08-30,45.86838150024414,45.909534923803825,45.69006918389743,45.70378350343334,7285600
2012-08-31,46.08097457885742,46.259286825096694,45.87522323938267,46.04668094478699,10088600
2012-09-04,46.22499465942383,46.27300260372882,45.957521079371226,46.10154491228621,7628600
2012-09-05,46.149559020996094,46.32101673534109,46.094691296611884,46.094691296611884,7741100
2012-09-06,46.80109786987305,46.80795764377815,46.36216652448539,46.41703425077744,13200500
2012-09-07,46.99312210083008,47.0479898182736,46.62277808927012,46.74622783728128,12656300
2012-09-10,46.98627853393555,47.03428648979229,46.718804889523035,46.91769648735088,8920600
2012-09-11,46.8148078918457,47.082281462501186,46.69135814904522,46.9313978621369,8840900
2012-09-12,46.7050666809082,47.04112223764298,46.670778287552295,46.876524345105715,6896000
2012-09-13,47.260616302490234,47.3086242627655,46.56106575850755,46.56106575850755,10495400
2012-09-14,47.43206024169922,47.47320841496244,47.16458141806714,47.19201527773386,12269800
2012-09-17,47.4937744140625,47.4937744140625,47.22630086845117,47.240015179712316,11274600
2012-09-18,47.47321319580078,47.7955545387543,47.39777138223828,47.452639107097234,12833500
2012-09-19,47.50065231323242,47.72011800447349,47.33604912044551,47.39091685137448,8682900
2012-09-20,47.706390380859375,47.76125810250159,47.39776860345126,47.39776860345126,8652700
2012-09-21,47.61037826538086,47.89157143677381,47.58294440238098,47.802410073905634,20290300
2012-09-24,47.84355926513672,47.905281527087155,47.486924310065696,47.555506345279696,8361000
2012-09-25,47.72697448730469,47.98759360357799,47.69268607843585,47.80241631228117,10026700
2012-09-26,47.52806854248047,47.905272279580004,47.52806854248047,47.65837281449131,7698400
2012-09-27,47.52806854248047,47.706380753121174,47.363465410772754,47.60351033639495,6773100
2012-09-28,47.5692253112793,47.610373485410754,47.075426291806515,47.49378350372241,8955100
2012-10-01,47.630950927734375,47.85041659268496,47.39091117426876,47.54865457367427,8588600
2012-10-02,47.178306579589844,47.81612950345597,46.99312931291698,47.68581996264724,11241400
2012-10-03,47.43891906738281,47.69267836786657,47.13715704873839,47.336043392458365,8869500
2012-10-04,47.58293914794922,47.85727251517986,47.534931201119385,47.56922483420088,7792700
2012-10-05,47.75441360473633,47.90529727127975,47.603535170668515,47.857289307604624,6907800
2012-10-08,47.39092254638672,47.65154168338078,47.2468986597468,47.65154168338078,6577000
2012-10-09,47.11658477783203,47.51436798974068,46.993134995945724,47.26746842596807,8200100
2012-10-10,46.73251724243164,47.281184057006776,46.60220769666328,47.17830837521462,8937500
2012-10-11,46.636497497558594,46.903971108726076,46.513047736060216,46.86282293238465,6600700
2012-10-12,46.59535598754883,46.95198577596995,46.547348030790694,46.79424758911104,6537400
2012-10-15,47.123435974121094,47.2468857335345,46.615922622076674,46.821668732783,8359300
2012-10-16,47.32232666015625,47.500644138750985,47.178302815609165,47.294892799412914,7702700
2012-10-17,48.035919189453125,48.15346659354585,47.37211556726555,47.39977471095365,11061000
2012-10-18,48.035919189453125,48.05666222835863,47.738589989108895,48.02208697988795,7358100
2012-10-19,47.413604736328125,48.04974925630267,47.33062729985391,47.95986099003755,10125600
2012-10-22,47.36518478393555,47.3997600216913,46.929565275592275,47.26146434610887,7516800
2012-10-23,46.63224792480469,47.109353618395296,46.50778442311976,47.00563842985947,8030800
2012-10-24,47.074790954589844,47.27531580928898,46.58385297602688,46.58385297602688,10209600
2012-10-25,48.4507942199707,48.97630738208879,48.111978952821836,48.22952635309605,24479700
2012-10-26,48.015174865722656,48.651319327199715,47.980599618177166,48.2226105246693,11945200
2012-10-31,47.876888275146484,48.36782628628904,47.717854767190374,48.06358620676483,9095400
2012-11-01,47.88379669189453,48.063578488728005,47.80773536536661,47.821567574976555,7703800
2012-11-02,47.8422966003418,48.243340879040915,47.75240309053487,48.22259784614415,6963100
2012-11-05,47.48275375366211,47.863060440231806,47.261485847506016,47.863060440231806,6525700
2012-11-06,47.66250991821289,47.71091208177099,47.26837650768543,47.434326029107474,6639800
2012-11-07,47.060951232910156,47.62103962576535,46.87425861891971,47.58646437944323,8849600
2012-11-08,46.265777587890625,47.08169861172926,46.25886148290011,47.00564255860325,7917700
2012-11-09,46.334922790527344,46.64607893420848,46.1620570939395,46.2104592779664,8147700
2012-11-12,46.38331985473633,46.60458771092739,46.265772460137725,46.43172203342056,4371300
2012-11-13,46.224281311035156,46.74287834580842,46.16896302788663,46.16896302788663,6769100
2012-11-14,46.003013610839844,46.36948800592596,45.837064036269915,46.25194061041567,9680100
2012-11-15,45.85782241821289,46.32801743302854,45.51900705142391,46.16206780292997,9290000
2012-11-16,46.20353698730469,46.30725744645989,45.7333421445172,45.885464781219284,11354200
2012-11-19,46.96416091918945,46.96416091918945,46.23121190184825,46.32110018354973,8741400
2012-11-20,47.226898193359375,47.35827250145925,46.853507752328134,46.88807771743188,7611600
2012-11-21,47.34446716308594,47.36521020669675,46.998735701723184,47.130115345182936,6201400
2012-11-23,48.118900299072266,48.132732511211344,47.51041485103351,47.53807399986844,4598200
2012-11-26,48.04282760620117,48.10505671295952,47.74549845343692,47.80772756019527,7493600
2012-11-27,47.704017639160156,48.04283821334457,47.648704623865356,47.8492241957638,8154300
2012-11-28,48.015174865722656,48.2226105246693,47.641784349088184,47.710929568737065,11255800
2012-11-29,48.0566520690918,48.264092965178,47.8008090006443,47.99442296553062,8783800
2012-11-30,48.28485107421875,48.32633715621148,47.966778802907974,47.966778802907974,8886800
2012-12-03,48.11198043823242,48.3539913508106,48.05666215094534,48.29175695875208,7404600
2012-12-04,47.92528533935547,48.29867588720944,47.759335743234544,48.05666496048257,6634900
2012-12-05,47.99443054199219,48.31941359318248,47.766246575364185,48.042832721994316,7623400
2012-12-06,48.36781692504883,48.568341754245054,48.01517472325326,48.04283386611916,10686900
2012-12-07,48.60292053222656,48.85876366573916,48.29867521404319,48.29867521404319,11590900
2012-12-10,48.55452346801758,48.692813931534324,48.42314383486656,48.48537823625921,8124100
2012-12-11,48.85874938964844,49.073101105495525,48.49918588677617,48.602906330890896,9298000
2012-12-12,48.927913665771484,49.086947170022405,48.82419318122702,48.927913665771484,8405900
2012-12-13,48.492271423339844,48.84491883507727,48.333237975702154,48.782689731768905,8478200
2012-12-14,48.3539924621582,48.7273829967645,48.25027198997162,48.347076357227806,8997600
2012-12-17,48.3539924621582,48.50611511797288,48.13964068829699,48.36781939657665,8791500
2012-12-18,48.38164138793945,48.59599311652828,48.00825093219551,48.32632311106452,13568900
2012-12-19,47.94602966308594,48.39548155357891,47.551896064595134,48.23644805837601,10304800
2012-12-20,48.2779426574707,48.575271935137685,47.91838424690402,47.91838424690402,10218200
2012-12-21,47.51732635498047,48.277934410223715,47.282226250374976,48.00826432950513,17746900
2012-12-24,47.37902069091797,47.49657335629649,47.185411983859154,47.48274114839708,3578800
2012-12-26,47.01947021484375,47.427430733024856,46.81202926548362,47.41360379827401,6937000
2012-12-27,46.99872589111328,47.13010550714858,46.61150842335746,46.93649149782833,7648800
2012-12-28,46.43171310424805,46.95722613993233,46.369478729083994,46.832762665045024,6463300
2012-12-31,46.94339370727539,46.99871197927814,46.210445067281675,46.327992438706936,9061900
2013-01-02,47.9806022644043,47.9806022644043,47.261480334422295,47.46892128025183,9987000
2013-01-03,47.67634963989258,48.056656223782596,47.66943881141573,48.01517015115517,7741900
2013-01-04,47.773155212402344,47.82847349427864,47.48965824980931,47.71784220596776,5853700
2013-01-07,47.44818115234375,47.65561683545986,47.282226275319594,47.65561683545986,5269800
2013-01-08,47.37211227416992,47.52423491615845,47.29605095317566,47.37902310302985,7362000
2013-01-09,47.627960205078125,47.78699898509962,47.441267552867934,47.55189886795172,5762900
2013-01-10,47.89763259887695,47.911464811078126,47.48967202147743,47.69711300094911,12855000
2013-01-11,47.86306381225586,47.918382111552894,47.717857233183686,47.918382111552894,12193500
2013-01-14,48.14655303955078,48.381653135634,47.869972138901154,47.925285153765564,11570700
2013-01-15,48.31940841674805,48.37472669523624,47.81464363300707,47.82155973667845,7563400
2013-01-16,48.334754943847656,48.585700173152055,48.17443207514485,48.390521732185,7061000
2013-01-17,48.56479263305664,48.76694326742051,48.33475860241354,48.488114622842275,6263300
2013-01-18,48.75299835205078,48.794820782321615,48.56478677940517,48.57873113497106,10610800
2013-01-22,48.75996017456055,48.78087670574863,48.620548542583805,48.69722653563487,8313600
2013-01-23,49.27579879760742,49.282765657006486,48.655407945440444,48.683286019463274,10588600
2013-01-24,49.08757400512695,49.38731374314717,48.934218048249846,49.26881334672825,8877200
2013-01-25,51.060279846191406,51.060279846191406,50.0146768459281,50.0146768459281,28760300
2013-01-28,51.42275619506836,51.74341248043787,51.01846038669479,51.3948781268044,14010000
2013-01-29,52.280147552490234,52.4962371272128,51.24848363410798,51.269400160426734,17576700
2013-01-30,52.335933685302734,52.61476230573251,52.05013288685347,52.10589967458214,12677800
2013-01-31,52.39168930053711,52.46139511122644,52.05012178719823,52.161655338871114,11661500
2013-02-01,52.92146301269531,52.95631858063453,52.39866140288499,52.48928375224176,12204000
2013-02-04,52.45442581176758,52.837815768906125,52.24530305001696,52.76113777747842,11086000
2013-02-05,52.76811218261719,53.45821420415897,52.50322792230268,52.586878102608395,14851700
2013-02-06,53.081783294677734,53.10966668124457,52.30803660163771,52.503214989393356,17015800
2013-02-07,53.081783294677734,53.26998950623862,52.83083813378842,52.963282890427834,9897000
2013-02-08,52.8029670715332,53.311829688276084,52.67052228398092,53.081795684068474,9130700
2013-02-11,52.84477996826172,52.92145795583071,52.3638061495801,52.56595672424265,6928200
2013-02-12,52.96329879760742,53.19332749900008,52.8447930395529,52.94935444102981,6281000
2013-02-13,53.36758041381836,53.38152476665565,52.96328459114729,52.984195802190854,7113300
2013-02-14,53.520938873291016,53.65338364033914,53.151493279117396,53.18634884461826,10049400
2013-02-15,53.3536491394043,53.64641677302154,53.12361514804226,53.47912174212785,11165600
2013-02-19,53.93917465209961,54.211031022468376,53.3187839281081,53.367578524886795,11783500
2013-02-20,53.73006057739258,54.03676721129931,53.61852702454466,53.86250002363383,9275400
2013-02-21,53.702205657958984,53.813733951718106,52.90754728639464,53.172431637510975,10305200
2013-02-22,53.667320251464844,53.80673718895822,53.50002524468516,53.709147991819044,8433200
2013-02-25,52.92146301269531,54.14133343558607,52.92146301269531,53.72309321138041,9970400
2013-02-26,53.032997131347656,53.24211458653567,52.81690218064309,52.97025817204212,8378900
2013-02-27,53.500030517578125,53.63944215059935,52.7681061486844,52.94237334906739,7567800
2013-02-28,53.10269546508789,53.611557972260954,53.095723288767076,53.437290791726824,10466900
2013-03-01,53.318790435791016,53.479118598039264,52.67051624620084,52.76810545166922,9599700
2013-03-04,53.451229095458984,53.451229095458984,52.95631094769324,53.15148933630934,7631000
2013-03-05,53.70915603637695,53.94615688829513,53.479122043717666,53.52094447212365,9716200
2013-03-06,53.8137092590332,53.987976459118435,53.54185285235728,53.6812698033532,7194700
2013-03-07,53.6046028137207,54.01587093760408,53.52095262595159,53.82766466289104,7111400
2013-03-08,53.799781799316406,53.81372083830887,53.29789130416346,53.68128135413142,7252800
2013-03-11,53.918277740478516,53.94616113434824,53.604598866317865,53.688243729713456,6621000
2013-03-12,53.79279327392578,53.98797166979271,53.67429286475121,53.8067376268948,7016700
2013-03-13,53.53486633300781,53.743983705384856,53.33968267329392,53.72307249996825,6340300
2013-03-14,53.9461669921875,54.00193378598249,53.55581007205091,53.583693468948404,8079100
2013-03-15,53.21421813964844,53.93917017317162,53.21421813964844,53.73005276928969,15237000
2013-03-18,53.088775634765625,53.360632109282086,52.83783037856364,52.90753621234992,7081800
2013-03-19,53.7509765625,53.79977116665117,53.053907749932975,53.074818963395906,9326400
2013-03-20,54.078609466552734,54.2459045225114,53.86251447946661,53.8764588364213,8615800
2013-03-21,53.82069778442383,54.141348891794365,53.771903166306885,53.967081638774644,6319500
2013-03-22,53.86250686645508,53.98797947024307,53.674300619879695,53.79977322366768,5868400
2013-03-25,53.451229095458984,54.10647538713779,53.28393409353264,53.862497083155446,6843600
2013-03-26,53.95311737060547,54.02282317557671,53.5976108515765,53.688227866217915,5386000
2013-03-27,53.71611785888672,53.75097342476556,53.374555649767345,53.66035639897833,5274600
2013-03-28,53.71611785888672,53.7858289906444,53.43729460470672,53.63943986852342,8016700
2013-04-01,54.16223907470703,54.266800449550274,53.48608686290726,53.5697317082119,7266000
2013-04-02,55.040550231933594,55.17299500196485,54.12739183193979,54.2598312837583,13373600
2013-04-03,54.455020904541016,55.124206367614825,54.25983715770784,54.98478940559113,8426700
2013-04-04,54.74779510498047,55.05450713995624,54.545644474493166,54.59443908749259,8770600
2013-04-05,54.53169250488281,54.64322074320077,54.25286393176887,54.28771417952518,6562600
2013-04-08,54.922061920166016,54.98479557145149,54.28772663780534,54.455027010994435,6284500
2013-04-09,54.552608489990234,54.991759941272505,54.420163709575654,54.94296533557448,6760600
2013-04-10,55.235740661621094,55.410007894554965,54.67111652874379,54.71293896281947,7947600
2013-04-11,55.53546905517578,55.85612005942167,55.29846822003383,55.32635160973514,11831600
2013-04-12,55.82125473022461,56.22555579434802,55.396042459027804,55.42392584119611,9383400
2013-04-15,55.521549224853516,56.35105775299789,55.48669364611681,55.61913846345874,10877200
2013-04-16,55.83521270751953,55.91189070494697,55.32635543536999,55.64700646178783,9365600
2013-04-17,55.1102409362793,55.86307628865754,54.96385717079652,55.75154807990407,10964600
2013-04-18,55.67490005493164,55.890989731887586,55.110270577851104,55.13118179585147,10896200
2013-04-19,56.76233673095703,56.95054304696499,55.904939402394895,56.023445190623015,13147600
2013-04-22,56.74140167236328,56.873841128652415,56.54622325828421,56.67866271457334,7530300
2013-04-23,57.536075592041016,57.536075592041016,56.12102638048468,56.78323979967533,12684800
2013-04-24,54.15292739868164,55.901380053470476,54.01950950386056,55.81711527401173,25708200
2013-04-25,53.77372360229492,54.539108303258395,53.612217508698414,54.539108303258395,14702300
2013-04-26,54.13887023925781,54.22313500260589,53.77373364598964,53.87203985791902,8769100
2013-04-29,54.5461311340332,54.7567903222091,54.23014770905505,54.4618663873057,6638100
2013-04-30,53.90712356567383,54.69357828879442,53.78775255225721,54.67251344610731,9653800
2013-05-01,54.061622619628906,54.60933012476137,53.87203362065465,53.94927497212575,8388800
2013-05-02,54.60231399536133,54.967450559163154,54.166954122459714,54.342501680636545,7288200
2013-05-03,54.904258728027344,55.09384774303889,54.532098743432634,54.84105881816577,7884000
2013-05-06,54.59530258178711,55.05172740473222,54.43379643559268,54.79191503295423,7204200
2013-05-07,54.72871017456055,54.911275783566,54.258238632297214,54.756798427627494,9574200
2013-05-08,55.07979202270508,55.12894511440024,54.23014266209725,54.700608733648785,12067300
2013-05-09,54.91830825805664,55.3957979244979,54.78489037327107,55.17109722013068,7189400
2013-05-10,55.30449295043945,55.32555779595934,54.93233306016081,55.05872749056537,6162500
2013-05-13,55.185142517089844,55.45197830526111,55.065771431480464,55.128971355048094,5420200
2013-05-14,55.80303955078125,55.80303955078125,55.290438499146234,55.4238563120275,6867400
2013-05-15,56.6527099609375,56.87741062813993,55.80306039566312,55.80306039566312,11154400
2013-05-16,56.315643310546875,56.6948266036065,56.09796609606802,56.51927908037252,8065600
2013-05-17,56.189247131347656,56.301600114218765,55.69069282374858,56.11201115223014,8549900
2013-05-20,55.53622817993164,56.16118247478512,55.318550901559625,56.16118247478512,7307300
2013-05-21,55.332603454589844,55.62752212507061,54.92533175309504,55.59241046355688,7377700
2013-05-22,55.34663009643555,55.950514083344046,55.20619420253002,55.360671542911724,8873300
2013-05-23,55.26237106323242,55.550271639997035,54.93234614268105,54.960429038538884,7141200
2013-05-24,57.49533462524414,57.82536489350323,57.18637456419664,57.49533462524414,25580900
2013-05-28,56.77910614013672,57.6708854333594,56.715906229514125,57.614714282823,14372700
2013-05-29,55.40281677246094,56.350772623644296,55.381751920234834,56.28757806696598,9992500
2013-05-30,55.53622817993164,56.09095915905121,55.40281566606823,55.40281566606823,14761500
2013-05-31,53.90011215209961,55.33959860469988,53.893088751245266,55.32555716027636,16461900
2013-06-03,54.53209686279297,54.5601797581112,53.45072324530368,53.977365927746014,11720600
2013-06-04,54.32844161987305,55.10084953976131,53.893081896128805,54.56718364570136,11379300
2013-06-05,53.82991027832031,54.21611172398938,53.808840069469916,54.12482891478471,8826900
2013-06-06,53.94225311279297,54.0475827184739,53.24708628695688,53.759682153431775,11099900
2013-06-07,54.59530258178711,54.967462629680234,54.258248838866685,54.37762527617886,7839500
2013-06-10,54.81999206542969,54.92532167335371,54.251219682840954,54.55316170167039,8966400
2013-06-11,54.8551139831543,55.29749199045447,54.38464236071296,54.546148504050265,6781200
2013-06-12,54.4899787902832,55.395805129313,54.405719363491265,55.22025751377904,7834200
2013-06-13,55.072776794433594,55.25534774380221,54.16695080681386,54.447827954161106,6927700
2013-06-14,54.791893005371094,55.32555898491282,54.5391041391295,55.11489981061638,6825900
2013-06-17,55.4449348449707,55.80305332954468,54.94638047016048,54.95340387185803,7359900
2013-06-18,55.50110626220703,55.63452409581557,55.26235884192255,55.43790636728734,6051400
2013-06-19,54.49696731567383,55.80304116791321,54.482920515340055,55.508122648319706,7424500
2013-06-20,52.83981704711914,54.30037407317366,52.73448743669748,54.21610931337902,15555700
2013-06-21,54.37059020996094,54.44080816213232,53.148780698862474,53.542005516851326,20055700
2013-06-24,53.77372360229492,54.37058416532542,53.10663973761374,54.03353053217372,12563300
2013-06-25,53.85097122192383,54.23717263956629,53.57009405445616,54.13886643454556,7909400
2013-06-26,54.34951400756836,54.48292648164103,54.082678344852546,54.230142978082455,7326500
2013-06-27,54.53910446166992,55.03765879601555,54.46888652225096,54.74274023608468,14731500
2013-06-28,54.061622619628906,54.72870653167153,53.998428072399534,54.50400587937908,9865300
2013-07-01,54.78486633300781,55.08680827425117,54.06863482628067,54.08267627032884,6699200
2013-07-02,55.07979202270508,55.19916305149543,54.56719090306827,54.73571502355379,10228500
2013-07-03,55.17109680175781,55.297491281836365,54.37060021368946,54.96746095289308,5339900
2013-07-05,55.00959396362305,55.48708365511499,54.616369049672386,55.39580083074435,7264700
2013-07-08,55.30449295043945,55.52919356479365,55.12192202712504,55.150010273579966,11141400
2013-07-09,55.873252868652344,56.10497683276386,55.52215790143516,55.52215790143516,11456200
2013-07-10,56.0347900390625,56.24544392204423,55.68369487680594,55.92946041892813,6862800
2013-07-11,56.71590042114258,56.87038312319181,56.37885212329526,56.56142307637945,9185400
2013-07-12,57.26361083984375,57.32680538401451,56.64568005798278,56.64568005798278,12586300
2013-07-15,57.23552703857422,57.29169818532989,56.7720789161575,57.137220835143935,10024700
2013-07-16,56.85635757446289,57.13723480606514,56.81422786477321,57.102123143132005,11208600
2013-07-17,56.6596565246582,57.19731992790214,56.603064638064694,56.94263754728207,7644300
2013-07-18,56.80823516845703,57.12658549833626,56.61722065259752,56.61722065259752,5526000
2013-07-19,57.56519317626953,57.593491816454296,56.631359639827075,56.85066735449187,7862600
2013-07-22,57.45909881591797,57.62180931871635,57.23271499654317,57.46617482829668,4813600
2013-07-23,57.26808166503906,57.586437438643586,57.14781644713805,57.459096208684926,4311700
2013-07-24,56.78699493408203,57.30343567988629,56.687952390625945,57.26806102976034,5606600
2013-07-25,56.886051177978516,56.99924035955765,56.48279953837425,56.60307012790875,6239900
2013-07-26,56.871910095214844,56.89313273350432,56.164460032682086,56.610151629008094,6543500
2013-07-29,56.6596565246582,56.91433890527828,56.631363280068484,56.666732534512676,4389400
2013-07-30,56.907283782958984,57.23271015846233,56.70919863242787,56.94265304703066,6434100
2013-07-31,56.80823516845703,57.5935050727351,56.70919260372061,56.90727773319346,11857000
2013-08-01,57.756229400634766,58.17362779280241,57.452025622416414,57.74208277259924,10724800
2013-08-02,57.508636474609375,57.657200392347406,56.992195372305005,57.6006030720422,6626300
2013-08-05,57.58643341064453,57.76329591780412,57.27515367087074,57.33882698010419,4662800
2013-08-06,57.826961517333984,57.98967739227716,57.51568718742229,57.51568718742229,6212500
2013-08-07,57.98262023925781,58.159482796868076,57.57229781022195,57.59352585096539,5828500
2013-08-08,58.13116455078125,58.29388042381375,57.66425036268882,58.08871927843151,6207900
2013-08-09,57.756229400634766,58.05335716612723,57.43787899438089,57.954314577629745,6127200
2013-08-12,57.74208450317383,57.819904453242216,57.33176211143441,57.4661793701737,4922200
2013-08-13,57.77037048339844,58.00382488497014,57.536910684411495,57.855261030364424,4936400
2013-08-14,57.48030471801758,57.8552523036688,57.43785945093689,57.77743238241125,5167500
2013-08-15,56.93555450439453,57.360023246951215,56.71624142610015,57.27512733947472,7415300
2013-08-16,56.52525329589844,56.935575571071766,55.930992518506905,56.78700632866271,9451600
2013-08-19,56.30595016479492,56.65967521037574,56.18568494467725,56.341324828319344,5959400
2013-08-20,56.26348114013672,56.6667273060096,56.086618691992236,56.39789832789887,5172500
2013-08-21,56.157371520996094,56.68088833688264,55.92391715435959,56.2422674526731,7390900
2013-08-22,56.433284759521484,56.63137529557702,55.79658407029626,56.10078778961252,6274400
2013-08-23,56.603084564208984,56.64552984344977,56.30595141727556,56.5040419810365,5219600
2013-08-26,55.56313705444336,56.58186702742418,55.556061041459756,56.53941634693901,6385400
2013-08-27,55.159881591796875,55.43578668115281,54.70711398888376,55.089137665857116,7052200
2013-08-28,54.36752700805664,55.08205296134207,54.36752700805664,55.08205296134207,9008500
2013-08-29,54.69295883178711,55.06790647546038,54.063328751389484,54.3038645627026,5961000
2013-08-30,55.103275299072266,55.23061650394762,52.07539042471917,54.84859288932157,9039100
2013-09-03,55.004249572753906,55.478239881409294,54.7849417517914,55.37212127863454,6743800
2013-09-04,54.8203010559082,55.00423957412047,54.558548000383624,54.84152369312204,6031300
2013-09-05,54.57270431518555,54.91935337852681,54.35339649515157,54.88398410936254,7163200
2013-09-06,54.579769134521484,54.905195490141026,54.049181629125776,54.558546497892095,6977400
2013-09-09,55.294288635253906,55.322581882481224,54.73540254775926,54.73540254775926,6089300
2013-09-10,55.14574432373047,55.63388671893549,55.02547907771147,55.53484411663549,6650200
2013-09-11,55.37211990356445,55.37211990356446,54.65052313796514,54.65759915061876,7049800
2013-09-12,55.36503601074219,55.747059641178105,55.301362706962074,55.464078574475764,6944900
2013-09-13,55.92393493652344,56.01590151035536,55.47116728510817,55.49238992542199,4894100
2013-09-16,56.70919418334961,56.74456344464642,56.39083844718765,56.397914458413055,7512800
2013-09-17,56.47571563720703,56.77284324103324,56.34129845563232,56.56768216293991,5457700
2013-09-18,56.80823516845703,56.93557637989172,55.55604568978013,55.93099331305588,10372100
2013-09-19,56.68089294433594,56.97094462233471,56.44035715040573,56.94972198704394,8157300
2013-09-20,56.16444396972656,56.72333000697666,56.16444396972656,56.65965671290306,11146100
2013-09-23,56.08662796020508,56.29886509201568,55.655083083627446,56.030030672066985,6304900
2013-09-24,55.619720458984375,56.22812788548233,55.598492425340396,55.86732687734631,7692100
2013-09-25,54.982994079589844,55.88852887370427,54.975918070988385,55.775334325733404,7589300
2013-09-26,55.21647644042969,55.28014435172455,54.91227271471848,55.117433869027465,4632600
2013-09-27,54.62222671508789,55.00425045273901,54.310946914612956,55.00425045273901,6551300
2013-09-30,53.476131439208984,54.586832882494505,53.30634498690252,54.33215050532781,15028300
2013-10-01,53.87940979003906,54.119940267132975,53.370044782761724,53.42663669669068,8076100
2013-10-02,53.71669006347656,53.86525394717067,53.355888975981564,53.702543435350776,8522900
2013-10-03,53.65300369262695,53.86524084480254,53.20023613890634,53.688378350461214,9251600
2013-10-04,53.780330657958984,53.85107995488591,53.419535151216735,53.752037416084484,4984700
2013-10-07,53.51858901977539,53.83693933368634,53.398323825401455,53.52566503044877,6373300
2013-10-08,53.99966049194336,54.473650702677915,53.80157535297461,54.04210576531803,9656600
2013-10-09,54.438289642333984,54.58685893108946,53.83695806384321,54.1765365279154,8470700
2013-10-10,55.103275299072266,55.124497933649046,54.579763855657916,54.763702351014466,10121900
2013-10-11,55.520687103271484,55.52775771824414,55.046691426719086,55.18110867502368,6082200
2013-10-14,55.70460891723633,55.74705958551899,55.13157617086204,55.188173463628985,6326100
2013-10-15,54.89813995361328,55.612666238645616,54.784950716903026,55.44995030144167,11192500
2013-10-16,55.854923248291016,55.96187147533657,55.08490798071114,55.149073653170795,6562600
2013-10-17,56.62495422363281,56.66060545231712,55.598265200812925,55.7479905699822,8671300
2013-10-18,56.61783218383789,56.73190633208845,56.1686506061383,56.603569515547726,7958500
2013-10-21,56.30414581298828,56.553688231838734,55.92626651592663,56.51803698359577,6478700
2013-10-22,57.30942916870117,57.473417244629964,56.52515090554608,56.54653947205525,9572300
2013-10-23,57.687313079833984,57.92972408344488,57.216742863956334,57.280908562695096,8960700
2013-10-24,57.4734001159668,57.715811050312354,57.2167265151224,57.58747424989016,7521100
2013-10-25,57.038482666015625,57.551829880347945,56.689123482778086,57.43062441018993,9606500
2013-10-28,57.965362548828125,58.364630203094755,57.00283376289935,57.116913343897714,9820900
2013-10-29,58.79240417480469,58.90648372945696,57.82274971871064,58.079423277065686,9482900
2013-10-30,58.12223434448242,58.863735564059546,57.915474550210874,58.84234699497047,6490000
2013-10-31,57.57322311401367,58.1792559536068,57.55183455161607,57.89406242920591,7786800
2013-11-01,57.858421325683594,57.98675815008021,57.4947994166241,57.52331931533607,6802300
2013-11-04,57.98677062988281,58.27196423876684,57.68731978838162,58.07945624093347,5460100
2013-11-05,58.058074951171875,58.279097441950036,57.64454443842485,57.844178357787875,4949300
2013-11-06,59.041954040527344,59.248719180378494,57.986745221523215,58.207767587744364,9526400
2013-11-07,58.692604064941406,59.24872845383991,58.54287868636213,59.11326574347625,10087700
2013-11-08,58.82806396484375,58.87084108426329,58.2291570949035,58.66407594104661,9768400
2013-11-11,58.64982986450195,58.94928063659469,58.47871047506519,58.713995555829946,6173600
2013-11-12,59.03480911254883,59.205922971882835,58.54998197809288,58.62841029687337,8201700
2013-11-13,59.5339241027832,59.53392410278321,58.792423077970874,58.87085143710775,7581600
2013-11-14,60.118553161621094,60.21837005891279,59.48400055471834,59.48400055471834,7580500
2013-11-15,60.48931121826172,60.546351009228054,60.00448931388947,60.01161520804987,9664700
2013-11-18,60.296817779541016,60.56062277267207,60.01875555633394,60.453674508450575,8507300
2013-11-19,60.13282012939453,60.311065394809546,60.040134549639696,60.11143156788294,7924200
2013-11-20,60.38237762451172,60.58914281860817,60.061532831073215,60.11144129588169,7680900
2013-11-21,60.368125915527344,60.52498267329503,60.254051735088105,60.48933143212394,7287700
2013-11-22,60.56773376464844,60.60338499048818,60.05439201400422,60.26828305020264,7436200
2013-11-25,60.895729064941406,61.188048538719634,60.49645587982826,60.574884249781825,9670500
2013-11-26,60.346710205078125,61.14525086746314,60.346710205078125,60.74597781646401,7111600
2013-11-27,60.09006118774414,60.52498020211877,59.90468453253148,60.51784886625258,4905000
2013-11-29,60.04727554321289,60.75312538471525,59.99736707845242,60.439411926441004,4954500
2013-12-02,59.41984939575195,59.99736785501494,59.24873543430336,59.91893948943126,7497500
2013-12-03,59.76919174194336,59.89039719265954,59.34140427848976,59.39131272523247,7533200
2013-12-04,59.42698669433594,59.526803635165706,58.88511941582053,59.44837526171156,6807200
2013-12-05,58.95640563964844,59.49826732916373,58.67834346119317,59.45549020620563,8186600
2013-12-06,60.26114273071289,60.268274062740055,59.29861961232219,59.34140216487263,7189400
2013-12-09,60.446533203125,60.560612783374744,60.13281979705199,60.2326421495774,7395300
2013-12-10,59.64087677001953,60.197001219848964,59.484020040146675,60.18274398968539,7373300
2013-12-11,59.90465545654297,60.24688869700887,59.612336103298155,59.705021666109864,9787900
2013-12-12,58.6783561706543,59.79773646062558,58.41455116284152,59.7620852240294,10176300
2013-12-13,58.72824478149414,58.792410458134206,58.15072649366781,58.692593556952005,7441600
2013-12-16,58.24342346191406,59.22733534837474,58.17925233909396,58.97779306988258,8849700
2013-12-17,57.687313079833984,58.35751172721501,57.5304563412081,58.3147345947225,11416400
2013-12-18,58.73537826538086,58.76389816077771,57.3807185915206,57.90119172357499,12036100
2013-12-19,58.39314270019531,58.67120484413232,58.1150805562583,58.450182483467806,6442600
2013-12-20,58.35036849975586,58.84945851544917,58.336111271702414,58.45019085458565,13206100
2013-12-23,57.97248840332031,58.564263990213895,57.75859734851525,58.564263990213895,8653600
2013-12-24,57.97248840332031,58.18638489773919,57.92971128028206,57.98675107074227,2899100
2013-12-26,58.2933349609375,58.386020543612375,57.95823298106174,58.100827022040626,5347000
2013-12-27,58.47156524658203,58.80666714057619,58.3646170234501,58.52859958458814,4006000
2013-12-30,58.464447021484375,58.50009825039178,58.157864947567646,58.464447021484375,4145600
2013-12-31,58.043800354003906,58.4644566383133,57.81564115484866,58.343251143473104,5765300
2014-01-02,57.42351150512695,58.008155922493245,57.266654757118744,57.98676735496764,6981700
2014-01-03,57.35932159423828,57.644515093696526,57.17395044326195,57.580349412115545,6925600
2014-01-06,57.49479293823242,57.737209330161946,57.25238198591676,57.473404376512086,7208200
2014-01-07,58.0509033203125,58.16498287483096,57.48052186655786,57.54468753626507,7158200
2014-01-08,57.2095947265625,57.85841005675922,57.07413203358245,57.730073257358406,13458800
2014-01-09,57.33794403076172,57.608880355037,57.05988181135311,57.42350372889306,10833900
2014-01-10,57.25237274169922,57.67302889324854,57.18107029465907,57.45913243135408,8448300
2014-01-13,57.045623779296875,57.394983022428285,56.817470027102864,57.045623779296875,9360800
2014-01-14,57.658775329589844,57.69442111576084,57.05273712893628,57.08125702164107,8737100
2014-01-15,57.60173797607422,57.87980014216885,57.21672756772469,57.53756685487585,8221900
2014-01-16,57.437744140625,57.63025204514929,57.22385311734725,57.50191525533744,11673300
2014-01-17,56.95292282104492,57.494789927915804,56.89588847264819,57.33793323069421,13629800
2014-01-21,57.16682434082031,57.55183478437654,56.71051687577902,57.459143760793296,13216400
2014-01-22,56.916812896728516,57.383751927685644,56.78750527011023,57.16105759102841,8455600
2014-01-23,56.205623626708984,56.730039463190536,56.11942218783079,56.54326054434963,12667700
2014-01-24,56.88089370727539,58.691195054136855,56.59354280820273,56.98865097952296,20163200
2014-01-27,56.3708610534668,56.96711334306359,56.33494012777494,56.924007136080604,10395400
2014-01-28,56.83061981201172,57.12515057272317,56.342124823801086,56.51453320765081,10060800
2014-01-29,55.774620056152344,56.6079374701981,55.58784107011367,56.6079374701981,13443100
2014-01-30,55.22147750854492,56.06916006330114,55.14963563787124,56.06916006330114,9450500
2014-01-31,55.0418701171875,55.45134346676593,54.0648801110418,54.61802620473889,12988800
2014-02-03,54.38096237182617,55.14244327758293,54.30912599827734,55.09215726802235,14292700
2014-02-04,54.6611328125,54.876647432627834,54.165457955429105,54.59648171492032,12055400
2014-02-05,54.91974639892578,55.171181941247234,54.35941498152288,54.55337922955575,9734100
2014-02-06,55.24301528930664,55.307666381262734,54.941299231983564,54.977214678371176,7819700
2014-02-07,55.537559509277344,55.59503081432665,55.135271335462846,55.30767976984544,7259200
2014-02-10,56.054779052734375,56.09787978249587,55.45134691301662,55.62375531282681,8959700
2014-02-11,56.63667297363281,56.83063726068472,55.774625308946575,56.105077096435146,10500800
2014-02-12,55.666847229003906,56.41395748424568,55.357945926170906,56.126606542881404,11019700
2014-02-13,55.88954162597656,55.97574306343027,55.31483979939204,55.379490877482326,7420600
2014-02-14,57.03895568847656,57.290385752365424,55.4944488949245,55.81053553567869,10791900
2014-02-18,56.01167297363281,57.204172056180774,55.71713673302077,57.09642024206777,15750700
2014-02-19,56.13382339477539,56.7228906895357,55.709984765476605,55.77463588624431,8740000
2014-02-20,55.97575759887695,56.349315527388995,55.674041527915534,56.00449324574436,8275200
2014-02-21,56.01167297363281,56.67257634375644,55.968572247987616,56.069144261668875,8089200
2014-02-24,55.93266296386719,56.586381188851746,55.75306926194898,56.05478536578801,7838700
2014-02-25,56.119441986083984,56.2559294727132,55.60221124729056,55.83927624936502,8177500
2014-02-26,55.93266296386719,56.586381188851746,55.90392731386849,56.19846361578147,7764700
2014-02-27,56.16973114013672,56.198466791759365,55.71715147803644,55.86800953848149,6549800
2014-02-28,56.50737380981445,56.686967539724975,56.040429015893956,56.20565217818285,8489600
2014-03-03,55.6596794128418,56.32776816603229,55.566287185351655,56.22001085472456,8598600
2014-03-04,56.35649108886719,56.550455320439305,55.96138830588322,56.097875767280236,8306900
2014-03-05,55.903934478759766,56.32777851960614,55.709975667366024,56.26312192863121,8542300
2014-03-06,56.07632064819336,56.34930650936351,55.918277356097654,56.06195556744073,6475600
2014-03-07,56.306209564208984,56.464252882292314,56.11225079795671,56.32776541002747,5865400
2014-03-10,56.41396713256836,56.4427027796957,56.17690215434103,56.24155873056861,5229900
2014-03-11,56.71567916870117,57.03176578383559,56.4426987615712,56.45706384373009,6595800
2014-03-12,56.92401123046875,57.074869263850594,56.478622412131166,56.507358058598776,7469300
2014-03-13,56.888092041015625,57.29756538490779,56.88809204101563,56.98147877531953,9676600
2014-03-14,56.73722839355469,56.91682204378899,56.514528540345154,56.82342983797867,14850700
2014-03-17,57.35503005981445,57.43405171064985,56.765963059527515,56.765963059527515,8452100
2014-03-18,57.304752349853516,57.527452252980346,57.11797885789486,57.35503836396,7703200
2014-03-19,56.59356689453125,57.4053339409583,56.39960810654644,57.24010532242208,8607200
2014-03-20,56.26310348510742,56.701312468763184,56.14098110756761,56.53608388444882,8659500
2014-03-21,55.94702911376953,57.29039200277198,55.94702911376953,56.7803465373043,21244400
2014-03-24,56.967132568359375,57.34787039382412,56.370880077539006,56.39243044792145,11221600
2014-03-25,57.33347702026367,57.46278467188789,57.06768191692082,57.125147721493356,8892500
2014-03-26,57.11077880859375,57.59927373964621,56.98865644602141,57.49151645706229,8269800
2014-03-27,57.218536376953125,57.77886767227239,57.02457217118071,57.146700015126086,8134100
2014-03-28,57.29755783081055,57.699845840329836,57.12514398607679,57.426865473979326,6413500
2014-03-31,57.90099334716797,58.066221921507385,57.146703283696894,57.46996967078972,8492800
2014-04-01,57.71422576904297,58.07341315017199,57.620839023024644,57.90100474184411,8222300
2014-04-02,57.563385009765625,57.70706329381457,57.326325432425584,57.60649123536337,6741800
2014-04-03,57.54181671142578,57.8866390049551,57.41969431860339,57.67112438640372,5646000
2014-04-04,57.304752349853516,57.87226906949208,57.29038726615073,57.80761797168281,8649600
2014-04-07,57.82199478149414,58.23865354331027,57.419706587059586,57.48435769797989,13229000
2014-04-08,58.43977737426758,58.461327737100916,57.48433776305566,57.836345291879226,11880700
2014-04-09,58.54037094116211,59.07915213341678,58.41824851963483,58.76307089421472,11550700
2014-04-10,58.25300979614258,59.00012024448654,58.10933702870768,58.60501739365818,12194300
2014-04-11,58.01593780517578,58.66247608116388,57.829158863053976,58.173981103835494,11831400
2014-04-14,58.05186462402344,58.332030351722004,57.83635547697474,58.18835758702288,7105600
2014-04-15,58.073421478271484,58.25301519459087,57.84354174061327,58.03750602346677,9000800
2014-04-16,58.655296325683594,58.820519440200854,58.20990203120853,58.389495709192396,8300700
2014-04-17,58.73432159423828,58.827708339457494,58.43260003129075,58.525992257274396,8374700
2014-04-21,58.590660095214844,58.770253835556495,58.396701267182905,58.770253835556495,6391000
2014-04-22,58.3679313659668,58.669647357337034,58.29609500813048,58.576260640226096,9259100
2014-04-23,58.18980026245117,58.45048173895206,57.48016612652072,58.45048173895206,9577500
2014-04-24,58.76185989379883,58.92840304184193,57.93637026774904,58.11739879143631,9523200
2014-04-25,58.950138092041016,59.07323617684536,58.631526084733046,58.79806925251474,7497400
2014-04-28,60.05803298950195,60.086998220194445,59.02254947159492,59.044272013476075,11595100
2014-04-29,59.695980072021484,60.06527435896133,59.63804960658075,59.92045371991276,7214300
2014-04-30,59.775634765625,59.920455408755316,59.55115558685359,59.65977383147803,6243300
2014-05-01,59.623565673828125,59.7177040635905,59.20358360058129,59.65977359674495,5305000
2014-05-02,59.319427490234375,59.81182531369408,59.19632941550753,59.53666393644248,6629200
2014-05-05,59.160160064697266,59.290500912477704,58.9936168019842,59.116714956955754,4563600
2014-05-06,58.74737548828125,59.20357091121993,58.74013832489177,59.20357091121993,4591300
2014-05-07,59.44253158569336,59.478739505246196,58.95737640118149,58.97909894309204,6639500
2014-05-08,59.49320983886719,59.60906520794479,59.24700820218114,59.42079401807327,4631200
2014-05-09,59.65975570678711,59.9566451169284,59.47872719559415,59.52217227042391,7303500
2014-05-12,59.181861877441406,59.891490770204435,59.16737649825242,59.81908044791993,7859000
2014-05-13,59.094947814941406,59.36287200115783,58.95736437816112,59.33390677633294,6540200
2014-05-14,58.77635192871094,59.31220044757946,58.74014953120031,59.189096827294215,6867200
2014-05-15,58.312904357910156,58.92116304097321,58.24773674430618,58.83426736494939,9402100
2014-05-16,58.16808319091797,58.47945245462332,57.92912422758675,58.385314092040346,11558900
2014-05-19,57.87844467163086,57.96534035913209,57.596040592942586,57.936375129965015,6068100
2014-05-20,58.095664978027344,58.34910375709481,57.90739380305535,57.943596186035826,7057200
2014-05-21,58.28396224975586,58.414303053212784,57.94362762269867,58.17534399278275,6339800
2014-05-22,58.39983367919922,58.41431353793606,57.9653660978787,58.19708250955331,5561100
2014-05-23,58.30569076538086,58.54464985027472,58.21880057055008,58.298453598848035,4472600
2014-05-27,57.98705291748047,58.34910993291246,57.965330380482804,58.3273873959148,7003800
2014-05-28,58.00154113769531,58.13188190304281,57.943610680973656,57.95085336920197,4201400
2014-05-29,58.21876525878906,58.21876525878906,57.98704900552682,58.00152885436454,3886800
2014-05-30,58.50118637084961,58.54463145461386,58.052233581925165,58.11016404331275,7433000
2014-06-02,58.18980026245117,58.41427382989033,58.13911250449552,58.407036667719,4331700
2014-06-03,57.87844467163086,58.14636889801189,57.63948567441691,57.95809767070218,6970600
2014-06-04,57.827762603759766,58.088444167415055,57.66845658990896,57.92913815356425,5427700
2014-06-05,58.00878143310547,58.15360204438343,57.90740590030045,58.00878143310547,5787700
2014-06-06,57.950862884521484,58.10292621496975,57.79879955407323,57.99430797192004,5520500
2014-06-09,57.99429702758789,58.10291525013983,57.820511186236175,57.863961789988316,6352500
2014-06-10,58.03776550292969,58.14638375892848,57.929147246930896,57.95086979321985,5658400
2014-06-11,57.97258377075195,58.14637516448402,57.842242987729485,57.96534660609466,7453700
2014-06-12,57.75533676147461,57.95084511938731,57.70464900019712,57.79878183555485,6526800
2014-06-13,57.66844177246094,57.88567819454087,57.56706624870408,57.7336149089056,5214000
2014-06-16,57.70467758178711,57.88570617952187,57.284689909149435,57.58157393666616,5334600
2014-06-17,57.6250114440918,57.77707476864004,57.45846274127051,57.64673398694824,5337300
2014-06-18,57.77708435058594,57.8857026074349,57.299166230272085,57.523645434307696,9614200
2014-06-19,58.10291290283203,58.34187187788209,57.784306460650676,57.82050885033725,12485100
2014-06-20,57.87844467163086,58.2911895192947,57.80603436098946,58.24774443782037,11659900
2014-06-23,57.58155822753906,57.9725805549158,57.46570282936422,57.9725805549158,6938900
2014-06-24,57.212249755859375,57.52361900265922,57.147076621874916,57.50913362863979,8157300
2014-06-25,57.436737060546875,57.465702290957424,56.95158188141403,57.23398597222585,12569300
2014-06-26,56.92985916137695,57.41501433898975,56.9081310952225,57.37880641995181,7258800
2014-06-27,57.219512939453125,57.3426165763949,56.857455768039195,56.915386241358384,8974900
2014-06-30,56.908119201660156,57.538100399208474,56.79226382914707,57.212251294179275,10297700
2014-07-01,57.40775680541992,57.501895160754586,56.85019145846271,57.11087293937946,8421200
2014-07-02,57.610530853271484,57.827767348994605,57.5236406746251,57.610530853271484,6276600
2014-07-03,57.914642333984375,58.030497705585,57.6684406919367,57.878434422798904,5501100
2014-07-07,58.066715240478516,58.07395240427379,57.68293562633372,57.748103247806235,6673600
2014-07-08,58.33463668823242,58.54463046379378,57.86396688994443,57.95085705600239,9150200
2014-07-09,59.138389587402344,59.23252794396415,58.29117752565474,58.40703841848421,12113100
2014-07-10,59.094947814941406,59.31218423885221,58.790821241107686,58.848746166205714,8786500
2014-07-11,58.76911544799805,59.065999419075155,58.653254515687635,58.696699603027376,7519300
2014-07-14,58.884952545166016,59.189079111081085,58.87047269540646,58.91391776923673,6802000
2014-07-15,58.84153747558594,59.029803241217905,58.718433829374966,59.02256607492359,9637600
2014-07-16,59.0780029296875,59.26777258342176,58.939320393840376,59.04880631326257,8940500
2014-07-17,58.68385696411133,59.28237367914137,58.67655641783341,59.11449452686036,5844700
2014-07-18,58.79335021972656,58.939327751388774,58.50869013490512,58.79335021972656,6502400
2014-07-21,58.59625244140625,58.68384226875184,58.355384592718714,58.63274959497119,4434300
2014-07-22,58.46488571166992,58.81523954361671,58.22401780024933,58.60356824891546,6073200
2014-07-23,58.38459014892578,58.75684001133489,58.260508717684296,58.6327585800934,5891200
2014-07-24,58.581687927246094,58.625480079755256,58.28242670193549,58.47950252560021,6273100
2014-07-25,58.07074737548828,58.50869111518418,57.93207038869149,58.40650015888542,6293400
2014-07-28,57.85175704956055,58.1145209567827,57.55249598962501,57.961242939017055,6757300
2014-07-29,57.40652084350586,58.02693348400053,57.40652084350586,57.72767241193239,6419600
2014-07-30,57.04888153076172,57.6692942735898,57.034280439202576,57.44302190390159,8296500
2014-07-31,56.43576431274414,56.93939617141095,56.41386824387774,56.756921505944405,11235600
2014-08-01,58.13643264770508,58.88092687249488,57.53791593563951,57.84447205357147,18110700
2014-08-04,57.82257843017578,57.997752566594016,57.41383692230476,57.997752566594016,12075300
2014-08-05,57.96126937866211,58.20213176291796,57.64741265568235,57.654707634605785,7995900
2014-08-06,59.1874885559082,59.34077219797282,57.85907301793844,57.95396342194851,12839000
2014-08-07,58.49407196044922,59.25316715454835,58.39918714944342,59.136380708371135,7904000
2014-08-08,59.08530044555664,59.14369368091505,58.42109549158241,58.428396038173574,6215600
2014-08-11,59.472171783447266,59.75683194227184,59.14371389878922,59.28969703708857,8188000
2014-08-12,59.42835998535156,59.74951724487479,59.27508190294803,59.48675322684415,6591200
2014-08-13,59.472171783447266,59.705739236038895,59.20210715410896,59.588952725399416,5472200
2014-08-14,59.81520462036133,59.8808984082843,59.442960240646244,59.55244060604131,5930700
2014-08-15,59.69111633300781,60.019574097681925,59.253178215460956,60.019574097681925,7418400
2014-08-18,60.17285919189453,60.4721148058584,59.71301938135321,59.844401388838456,8450500
2014-08-19,60.35536193847656,60.48674400701162,59.93931964956366,60.10719333404879,6867700
2014-08-20,60.44291687011719,60.537807276544086,60.18745340797905,60.18745340797905,4581800
2014-08-21,60.78596496582031,60.92464750563816,60.35532739076433,60.435616696060414,7099800
2014-08-22,60.86626052856445,61.06333632316475,60.68378582843836,60.69838692291256,6978500
2014-08-25,60.97573471069336,61.180105444457034,60.80785556871044,61.12171221518603,5586800
2014-08-26,60.85894775390625,61.18740548935297,60.82245616242425,61.02682689451477,5188400
2014-08-27,60.807865142822266,61.01953645574338,60.698384781557664,60.895455000519675,4248300
2014-08-28,60.6035041809082,60.74218675252613,60.40643393006549,60.596203632747624,4278700
2014-08-29,60.66189193725586,60.6764874635691,60.28964197637775,60.647290842256496,4901300
2014-09-02,60.56700897216797,60.939253375900066,60.36993316436977,60.73488258906214,5528900
2014-09-03,60.508602142333984,60.93194471641292,60.41371174925955,60.7713661146116,5851800
2014-09-04,61.092533111572266,61.12903028249907,60.42102748853582,60.52321288470718,7444200
2014-09-05,61.143611907958984,61.16551354674735,60.63268504326729,60.90274956813871,5888900
2014-09-08,60.815147399902344,61.019518104380275,60.67646489242773,60.9976220387125,4899600
2014-09-09,60.574302673339844,60.79327455101038,60.45752175561875,60.61810039008565,5202900
2014-09-10,61.04875183105469,61.28231928798792,60.69110288077606,60.72759448951371,6715300
2014-09-11,60.93925094604492,61.12902619855013,60.85166665157026,61.026840809205645,6341600
2014-09-12,60.77135467529297,60.85893893710902,60.47939414231014,60.73485752041362,6358500
2014-09-15,61.21662521362305,61.4939848020683,60.683796544937785,60.71299317035627,7004700
2014-09-16,61.36991500854492,61.639974099896975,60.99036437450555,61.004965474339045,7143800
2014-09-17,61.428287506103516,61.6764504325076,61.260408326893746,61.32609654787621,8273800
2014-09-18,61.45020294189453,61.63267770481149,61.36261305096678,61.442902392145264,5309200
2014-09-19,61.654537200927734,61.873503445285635,61.442865933302585,61.69102879064512,11377700
2014-09-22,61.90271759033203,62.00490298037686,61.66915018898869,61.778636126518464,8397100
2014-09-23,61.63265609741211,61.983004400921104,61.6326560974121,61.78593417628303,7723500
2014-09-24,62.216583251953125,62.3333697537566,61.55237812117831,61.55237812117831,11694700
2014-09-25,61.5523567199707,62.136272319905096,61.5523567199707,62.055983020002806,8212300
2014-09-26,61.73484420776367,61.85162512452507,61.20931616062207,61.705647586401795,5478000
2014-09-29,61.63265609741211,61.65455217029568,61.063335927695576,61.39178815832099,6360000
2014-09-30,61.12171936035156,61.57425858707669,61.07792721762141,61.55965749370964,8074700
2014-10-01,60.68377685546875,61.340686792526284,60.60348755379033,61.32608570021107,9024700
2014-10-02,60.61808776855469,61.289593219521144,60.54509344540549,60.65457936144427,8858400
2014-10-03,61.158203125,61.27498400292162,60.4939927394686,60.90273973390495,6701500
2014-10-06,60.99763107299805,61.267695583162265,60.720271585653485,60.99763107299805,5656500
2014-10-07,60.698394775390625,61.25311392608344,60.66919815135101,60.858967854578566,7378200
2014-10-08,61.44287109375,61.51585984799946,60.73486848329173,60.82975330694753,8107100
2014-10-09,61.06332778930664,61.953799523778606,60.968437394543415,61.46476873226942,7765700
2014-10-10,61.81513977050781,62.24577744956597,61.24581951813894,61.275010573764334,13732400
2014-10-13,60.851661682128906,61.65454920513332,60.80786396978224,61.53776273045637,10066100
2014-10-14,60.983062744140625,61.24582682561407,60.60351215148461,61.24582682561407,8210300
2014-10-15,60.545108795166016,61.00494864537323,59.67653293007119,60.282344757529444,13283200
2014-10-16,60.02686309814453,60.43561012668054,59.537832341724666,59.596225569899055,11310200
2014-10-17,60.77864456176758,60.931928144477816,59.87357199712644,60.54507726867685,11786600
2014-10-20,61.44287109375,61.55235700946669,60.457508989669776,60.764065098728516,8558100
2014-10-21,61.75673294067383,61.778629011920955,61.06333136398279,61.65454756239695,12389600
2014-10-22,61.950897216796875,62.21567089925217,61.7228893956841,61.82585849758205,9747600
2014-10-23,61.21540832519531,62.024453777970784,60.53139599637508,61.97296922037769,14292100
2014-10-24,62.634883880615234,63.23063424280873,62.451009757825354,62.590750275398484,13465600
2014-10-27,63.215972900390625,63.605791073264385,62.39221974750418,62.4878323494935,10316600
2014-10-28,63.59842300415039,63.73081268135447,63.37777167167809,63.39983568264602,9437700
2014-10-29,63.64990234375,63.745514920563885,63.18654131725746,63.745514920563885,6880600
2014-10-30,63.9441032409668,63.98823125998209,63.01001902157144,63.370416548183435,5560300
2014-10-31,64.18680572509766,64.25300335755831,63.77492929697084,64.0470651434949,9359800
2014-11-03,64.2677001953125,64.27505673356814,63.39981385716721,63.73814728019202,7789500
2014-11-04,65.19444274902344,65.3636094998012,64.31184874090215,64.34862021792628,10594800
2014-11-05,65.459228515625,65.81962044974475,64.9885109167839,65.26799773753443,8462000
2014-11-06,65.38566589355469,65.60631156419095,65.14295060559914,65.51805554049452,6628900
2014-11-07,65.55485534667969,65.60633991988647,64.90761991045198,65.26801192289942,5975700
2014-11-10,65.79019927978516,65.82697637147861,64.91496173372396,65.40038679797858,5927100
2014-11-11,65.9520034790039,66.04026512416594,65.58425504125584,65.73870871174253,6343900
2014-11-12,65.81226348876953,66.10645775253505,65.76812986008798,65.90051952334083,6298700
2014-11-13,65.16503143310547,66.07704611889721,65.06206230461592,65.41510332472056,10191600
2014-11-14,64.80463409423828,65.37832079422847,64.67224442413315,65.23857458372967,7559400
2014-11-17,64.60604095458984,64.85611280284733,64.26036214682127,64.72372314468647,9475800
2014-11-18,64.68695831298828,64.8561250904535,64.34863036945457,64.73844287806087,6419400
2014-11-19,65.26065063476562,65.36361976483737,64.67225079601555,64.90025306811775,6570400
2014-11-20,65.06938934326172,65.31210458382466,64.96642026145818,64.96642026145818,5527600
2014-11-21,65.16503143310547,65.775495274434,65.06206230461592,65.65046213432477,8984100
2014-11-24,64.80463409423828,65.37832079422847,64.62075986416983,65.37096425383481,5569200
2014-11-25,65.31212615966797,65.32683362847247,64.78256750037075,64.98850573200946,6439700
2014-11-26,65.3709716796875,65.3709716796875,65.05470774358773,65.33420019633444,4420000
2014-11-28,66.510986328125,66.60659890708772,65.43716150429739,65.5254175429103,7661800
2014-12-01,66.25357818603516,66.68751876893194,65.84169600627507,66.31977022963743,6745100
2014-12-02,66.98169708251953,67.05524564433723,66.28297732815795,66.51833609281196,7432900
2014-12-03,66.1947250366211,66.90815797095033,65.9299456875629,66.81253977682597,6465600
2014-12-04,66.62130737304688,66.88608669333712,66.2682664088613,66.56246627711666,6406700
2014-12-05,66.47418212890625,66.50360266691126,65.61365243498643,66.43005412759565,6383400
2014-12-08,66.7536849975586,66.93020264212753,66.4300646396866,66.44477210531954,4721900
2014-12-09,66.71690368652344,66.76838823006669,66.09908916400434,66.54038605314575,5704000
2014-12-10,66.1947250366211,67.00377055367831,66.16530448545949,66.89344488967133,6293300
2014-12-11,66.49628448486328,67.13616326452964,66.18002055981789,66.19472803036568,6468700
2014-12-12,65.86376953125,66.90817409793834,65.84905644642468,66.2020975340618,6574600
2014-12-15,65.60630798339844,66.63600455768571,65.48127488238936,65.97405635911569,6511900
2014-12-16,65.7239990234375,66.90079286220629,65.00320964078158,65.56218881847012,8773800
2014-12-17,66.70957946777344,67.04791304513776,65.75343667996968,65.87111328876836,7412700
2014-12-18,67.66571044921875,67.66571044921875,66.5992422573491,66.93757013622772,8724500
2014-12-19,67.7024917602539,68.20262987575454,67.48919698629376,67.77604032783424,14037800
2014-12-22,68.10700988769531,68.20262807327913,67.66571288248005,67.73926144811661,7157100
2014-12-23,68.61451721191406,68.75426344042981,68.18057105507951,68.20999160905109,5610600
2014-12-24,68.5041732788086,69.0557958931074,68.5041732788086,68.76895258258365,2403000
2014-12-26,68.73954010009766,68.99696289468889,68.44534021568077,68.51153785508771,3148700
2014-12-29,68.13641357421875,68.71745663832738,68.03344448553058,68.48945445785994,4657700
2014-12-30,67.95994567871094,68.26885317086814,67.73929426351374,67.84961997111233,4730000
2014-12-31,66.99641418457031,68.07024466483142,66.95228616341309,67.69513965080586,5712100
2015-01-02,66.5183334350586,66.9302098538976,66.13587195065492,66.81252767057482,7251400
2015-01-05,66.20210266113281,66.93024329724098,66.0844204190072,66.36391293835644,8626100
2015-01-06,65.9004898071289,66.60656582229106,65.65042367341023,66.42269168465322,7791200
2015-01-07,66.2462158203125,66.46686716905057,65.87111077201655,66.15060322860435,5986600
2015-01-08,67.00376892089844,67.09938711269271,66.29033600395448,66.54776441749641,6823300
2015-01-09,66.37860870361328,67.06262118396236,66.28299610730109,67.06262118396236,4872800
2015-01-12,66.13589477539062,66.65074608801957,65.83434389649703,66.54777694777324,5250900
2015-01-13,66.41536712646484,67.29796109296184,66.02554908634315,66.76840246850541,6727100
2015-01-14,66.1873779296875,66.31241669279528,65.7755013775127,65.99615273697616,6418200
2015-01-15,66.09175872802734,66.56247634386783,65.70929715803408,66.55511980291503,6768200
2015-01-16,67.11408996582031,67.18028199122071,66.09910629657671,66.15794178202289,8815700
2015-01-20,67.06998443603516,67.51128158751625,66.56248962556315,67.11411246776395,9869900
2015-01-21,67.20626068115234,67.54699491724116,66.39145527821525,66.96181906027121,6974500
2015-01-22,67.8655014038086,67.91735213776347,66.56922740363022,67.435877807436,7211200
2015-01-23,66.72480010986328,67.54700889474367,66.62850182342187,67.53219116545674,6745700
2015-01-26,66.35441589355469,66.62848163794645,65.73220143208822,66.62848163794645,9371700
2015-01-27,64.0655517578125,64.59887672728816,63.71740875544339,64.51739620965687,14417400
2015-01-28,63.07299041748047,64.37667328164896,62.969288949441555,64.16926469426498,14033400
2015-01-29,63.45817565917969,63.784097835134006,63.07299952957573,63.53965620316826,12054500
2015-01-30,62.43594741821289,63.124824503539635,62.406317627829466,63.028526271967344,14685300
2015-02-02,63.050777435302734,63.065589510617,61.984127170855416,62.65078358613499,10278700
2015-02-03,63.665584564208984,63.702623233588724,63.050784472180844,63.665584564208984,10747900
2015-02-04,63.54704284667969,64.05814687092992,63.36926974527722,63.62111450132197,9212800
2015-02-05,64.22113037109375,64.28038998127755,63.77669459733022,63.88039608949813,6531300
2015-02-06,63.41373825073242,64.15446641097805,63.07300397517633,64.11742774244281,8429800
2015-02-09,62.99891662597656,63.28039122241614,62.658176783831316,63.191501830816605,8811500
2015-02-10,63.250789642333984,63.384120963561394,62.82857473366528,63.20634775236101,7059300
2015-02-11,63.43597412109375,63.85078018003824,63.073018819517316,63.66559809639392,7184600
2015-02-12,63.724822998046875,63.81371238423456,63.26557529767454,63.74704393176739,6074600
2015-02-13,63.6285400390625,63.813722049856445,63.33224769153088,63.724832650205016,6272000
2015-02-17,63.32483673095703,63.747051475528174,62.9618815841904,63.747051475528174,10310400
2015-02-18,63.89518737792969,63.99147996615197,63.3470446875117,63.52482344449841,8132300
2015-02-19,63.11740493774414,63.92480104766173,62.998891447616245,63.78406098003763,7271600
2015-02-20,62.86558532714844,62.998916588816115,62.36189007766011,62.92483927020721,9581300
2015-02-23,63.250789642333984,63.332270208156764,62.70265227786953,62.932276244474544,7919200
2015-02-24,63.332279205322266,63.510052441777624,62.96932386592737,63.33968807180645,6502200
2015-02-25,63.3026123046875,63.55446275581883,63.139651245362394,63.48038543699398,5975800
2015-02-26,63.08781433105469,63.524846872359156,62.88041135605211,63.27299636606516,7964500
2015-02-27,63.05817413330078,63.243356137787366,62.64336825166885,62.97669359922218,7685000
2015-03-02,63.265586853027344,63.265586853027344,62.84336642999718,63.058178247373235,7235200
2015-03-03,63.08037567138672,63.28777852984192,62.62112244816161,63.22111009602187,6095600
2015-03-04,62.480403900146484,63.13965134937055,62.376702435188044,62.99150801408878,7370000
2015-03-05,62.68780517578125,62.78410342734856,62.287811399508804,62.68040196512672,5914200
2015-03-06,61.22859573364258,62.49524027767215,61.01378387745403,62.473013684570425,11338700
2015-03-09,61.547096252441406,61.63598566055266,61.24340066451523,61.32488120912379,7326700
2015-03-10,60.398983001708984,61.39155615753288,60.398983001708984,61.08786050959726,9681400
2015-03-11,60.28786849975586,60.57675204926354,59.858244782069846,60.39156999694796,10066600
2015-03-12,60.80635452270508,60.82858110823607,60.376736607970415,60.43599054880246,6951100
2015-03-13,60.61376953125,60.94709484837307,60.110074298978084,60.724879854059616,7492500
2015-03-16,61.895225524902344,62.18410897251061,60.732282872623884,60.79895132662119,15618300
2015-03-17,61.36932373046875,61.754505518345916,61.058219275780566,61.747096654765606,7509300
2015-03-18,62.03598403930664,62.25820475011967,60.754521822725394,61.37673642221741,12607900
2015-03-19,61.76190185546875,62.03597326436073,61.56931663427526,61.8211614549005,9257500
2015-03-20,62.76931381225586,62.80635248733822,62.05080646560158,62.2137675938706,22580300
2015-03-23,62.85816192626953,62.99890201750686,62.48779802411207,62.49520688452052,9891100
2015-03-24,62.16190719604492,63.04337553422151,62.12487417801605,62.88041443123348,7478800
2015-03-25,61.48783874511719,62.49522937360218,61.37672840422565,62.49522937360218,8482200
2015-03-26,60.85079574584961,61.191529888425436,60.702646780835,61.16930895649954,7311600
2015-03-27,60.96931076049805,61.13968066161315,60.7322780619718,60.798946510688246,6440600
2015-03-30,61.27301788330078,61.4433821497251,60.85080317127176,61.20634942808259,6416800
2015-03-31,60.69526290893555,61.428582152655906,60.695262908935554,61.30265973075274,8649700
2015-04-01,60.97673416137695,61.07302677547757,60.332298709546706,61.065623563759054,7395300
2015-04-02,61.058223724365234,61.17673729374951,60.680450772544575,60.86563281639485,6169800
2015-04-06,61.51006317138672,61.650803321251416,60.37675006289543,60.68044565049498,6856300
2015-04-07,61.02859115600586,61.695247613944204,60.98414927591239,61.428585030768865,6329900
2015-04-08,61.31006622314453,61.613767475955484,60.93970214975007,60.961928741251846,6523400
2015-04-09,61.398956298828125,61.44339817969746,60.74711755707943,61.206365396215446,6185000
2015-04-10,61.739681243896484,61.947084191694216,61.27302461135159,61.33228421109565,7001700
2015-04-13,61.79895782470703,62.184134026268865,61.436002566328455,61.48044445269496,8290500
2015-04-14,61.92486572265625,62.13226867872011,61.51746867361845,61.76931350560836,6792600
2015-04-15,61.85820388793945,62.36930242309951,61.83598294962468,62.11004872391589,7006400
2015-04-16,61.850799560546875,62.27301437341089,61.73968920951798,61.89524144043554,7615900
2015-04-17,61.13227844238281,61.643382549954325,60.761914457488885,61.480421492392054,9533800
2015-04-20,61.38413619995117,62.206344796422584,61.33228546194426,61.54709162561103,7416000
2015-04-21,61.539695739746094,62.07302090919444,61.40636444738401,61.769319656639084,7696400
2015-04-22,61.547096252441406,61.73227828085959,61.18414105910772,61.64339452405535,6753100
2015-04-23,60.4442253112793,61.30291529224351,60.406894431874925,60.795168618898195,14569500
2015-04-24,60.48158645629883,60.87732925866644,60.406918970396944,60.511454590012384,8785500
2015-04-27,60.182884216308594,60.63089463047238,60.085817097214246,60.414360726089726,9192300
2015-04-28,60.04850769042969,60.34718333392402,59.87677304073619,60.279984304938935,8395500
2015-04-29,59.62287139892578,59.966346249035205,59.525804277186694,59.73487542970881,11858500
2015-04-30,59.3690071105957,59.846885708180366,59.04046343847041,59.69754508595876,9409300
2015-05-01,59.951454162597656,59.97385384402054,59.45863838423285,59.555711266085815,8193000
2015-05-04,59.996219635009766,60.459167011047676,59.95888875264741,60.0932924620286,7203800
2015-05-05,59.787139892578125,60.22021908257916,59.570600297577606,60.10821505802561,6589400
2015-05-06,60.033565521240234,60.16796925145827,59.3764780860574,59.9887604799922,7335700
2015-05-07,59.884212493896484,60.14555714071258,59.73487757865459,60.01115343829013,7224300
2015-05-08,60.45171356201172,60.638385110448056,60.34717795062845,60.399445756320084,6929400
2015-05-11,59.936492919921875,60.47410784295346,59.929030160319755,60.44423971425581,5237800
2015-05-12,59.69755172729492,59.9514279649342,59.257009660446045,59.75728798282921,6305800
2015-05-13,59.510868072509766,60.17541811378992,59.39886973716277,59.854348623446256,6459900
2015-05-14,60.16050720214844,60.25011159742423,59.802095317808885,59.817032232070005,5634200
2015-05-15,60.5189094543457,60.57117725241344,60.279970135069945,60.35463760420061,7454800
2015-05-18,60.28744125366211,60.57864841138418,60.1082381635478,60.45918158356248,5590800
2015-05-19,60.35460662841797,60.444205266684975,59.9812637776126,60.29487040506675,5729500
2015-05-20,60.093299865722656,60.48157413134825,60.07089449743025,60.42930633219167,5487000
2015-05-21,60.041038513183594,60.16797379665537,59.615421921372125,59.86182972817978,6054700
2015-05-22,59.69755172729492,60.033563892103125,59.67515205566029,59.91409138103455,6003600
2015-05-26,59.09273910522461,59.787157424979114,58.94340415986874,59.712489952301176,6698300
2015-05-27,59.2794075012207,59.690087124381364,59.05539939826712,59.152472234702934,8094600
2015-05-28,59.23461151123047,59.324210200071846,59.00313493927654,59.30927898418596,5803400
2015-05-29,58.53273391723633,59.16741608209366,58.38339894789246,59.12261673064328,12551700
2015-06-01,58.876182556152344,59.04045436697482,58.443103363395146,58.72684765363811,7588000
2015-06-02,58.64472961425781,58.77913334617107,58.36845369400192,58.58499335634901,7380800
2015-06-03,58.65966033935547,58.935936257298856,58.44312067882088,58.921005041328186,5985800
2015-06-04,58.3535041809082,58.86871357772693,58.28629948764235,58.54764410985683,7714600
2015-06-05,57.815895080566406,58.331110224573216,57.77109574517864,58.27137397954828,9439700
2015-06-08,58.02497482299805,58.226583255583634,57.56949585665309,57.853240214105,10916200
2015-06-09,58.913551330566406,59.234626673547524,58.10712874399552,58.21913283048,11528900
2015-06-10,59.39143371582031,59.5781053056877,58.995690856783824,59.1599627673495,9483500
2015-06-11,59.29436111450195,59.68263547932257,59.16742011546594,59.68263547932257,7633300
2015-06-12,58.891151428222656,59.227157989631294,58.66714325610726,59.11515390357359,6508600
2015-06-15,58.331111907958984,58.58498241149864,58.18923974612091,58.48791528310325,7527900
2015-06-16,59.06287384033203,59.43621691858541,58.644731415652494,59.43621691858541,8285700
2015-06-17,59.794620513916016,59.876756435517855,59.107670712121056,59.13753314110128,9305800
2015-06-18,60.347171783447266,60.645847369774955,59.95889750895535,59.98129718099641,10712500
2015-06-19,60.138099670410156,60.630909538131775,60.09330032700716,60.265034941227235,15598800
2015-06-22,60.07088851928711,60.6159718248996,59.98128984208559,60.42183186302583,6907900
2015-06-23,59.57807922363281,60.070889042823026,59.451143965316184,59.981290364840625,7190600
2015-06-24,59.3690071105957,59.62287762322907,59.36153865529406,59.585546740245356,8843700
2015-06-25,59.2794075012207,59.66021899753671,59.2794075012207,59.51834681921526,5855700
2015-06-26,59.242034912109375,59.54071030226311,59.19723559745205,59.391375455565864,7703200
2015-06-29,58.48044967651367,59.26447228718493,58.43565033765096,58.95085982485904,7966200
2015-06-30,58.42072677612305,58.995678341129654,58.338590838264956,58.928473620716844,8451400
2015-07-01,59.52580642700195,59.56313730743677,58.33111001461283,58.53271271989399,8868000
2015-07-02,59.682621002197266,59.996227801184816,59.56314849014701,59.7423572582224,6602500
2015-07-06,59.772220611572266,59.89915587291376,59.361541005158635,59.44367692644136,6601200
2015-07-07,61.01919937133789,61.10133531203475,59.77969750028626,59.77969750028626,11690400
2015-07-08,60.4741096496582,60.99679337233802,60.39944217406486,60.63838151402148,6724700
2015-07-09,60.227699279785156,61.22825584822481,60.12315799219357,61.04158433649242,10419800
2015-07-10,60.4442253112793,60.750369284908274,60.302358854723984,60.65330216234288,6892500
2015-07-13,61.16105270385742,61.25811983256189,60.73543621698801,60.86983992421992,7332900
2015-07-14,61.25813674926758,61.57174358715859,61.21333740007276,61.258136749267585,6119500
2015-07-15,61.34024429321289,61.46717952168297,61.10876780374047,61.16104128262214,6673700
2015-07-16,61.4522819519043,61.6389535183478,61.30294128069104,61.564280334359104,6623400
2015-07-17,61.40745162963867,61.5119872080838,60.92957307195758,61.14611268352585,5827300
2015-07-20,61.370147705078125,61.489614548590346,61.22827548769086,61.29547451902318,5012900
2015-07-21,60.95197677612305,61.32531978008579,60.75784251573117,61.23572110506251,7512400
2015-07-22,60.84885025024414,61.20266731381136,60.72839944417422,60.999408014421,6106400
2015-07-23,60.75099563598633,60.89402956318834,60.32942921064791,60.84886337287688,5380900
2015-07-24,60.44234085083008,60.77357484305103,60.39717466767663,60.60795784694055,5660800
2015-07-27,60.20145034790039,60.276729241019986,59.794937432960936,60.09605874885069,8613600
2015-07-28,60.39717102050781,60.72087538151888,60.15627515255147,60.329416006458246,8649900
2015-07-29,60.690773010253906,60.96930549483734,60.344485500088346,60.41976439474842,8921500
2015-07-30,58.25922393798828,59.83257979949041,58.07855344567324,59.7723543875816,22067800
2015-07-31,57.73978042602539,58.52269342334841,57.70967346837607,58.43988493128661,11877200
2015-08-03,57.51394271850586,58.033371007792816,57.22035106787095,57.596751209034714,9511300
2015-08-04,57.14506149291992,57.46876004006266,57.02461071345439,57.23539383410979,13369100
2015-08-05,57.03966522216797,57.619324557877206,57.024611746166805,57.25045409005003,10895400
2015-08-06,57.017086029052734,57.22034530110615,56.64821553604254,57.22034530110615,9353300
2015-08-07,56.82136154174805,57.00203198133465,56.715964229962,56.904164279692544,10045400
2015-08-10,57.49888610839844,57.58922421400902,57.06226628980717,57.17518174255713,9165900
2015-08-11,57.37842559814453,57.551566408025636,57.06977479462133,57.242921347911505,7491900
2015-08-12,57.506439208984375,57.536551923154505,56.715996256404104,57.13003889697719,10397700
2015-08-13,57.047218322753906,57.59676518934361,56.934297104313636,57.58170596373197,5948000
2015-08-14,56.926753997802734,57.069782132309626,56.74607781198906,57.01708634729976,5586900
2015-08-17,56.85902404785156,57.06980728077509,56.2718405437325,57.06980728077509,8683900
2015-08-18,56.557861328125,57.062241687726576,56.45999939679748,56.896624770550666,7445900
2015-08-19,55.79759216308594,56.407358916360835,55.72230749537131,56.407358916360835,9865300
2015-08-20,55.639469146728516,56.24923551037716,55.30070558871586,55.519018350081325,10696500
2015-08-21,54.0811653137207,55.63193768005999,54.07364144673884,55.36845875044722,15763900
2015-08-24,52.04862594604492,53.50153113618998,48.947085828217965,51.619529892137415,23696300
2015-08-25,51.5066032409668,54.37477674017054,51.416270866555315,54.33713442189149,21476900
2015-08-26,53.37354278564453,53.448821667480004,51.905578744505455,52.620742480468756,17464700
2015-08-27,53.8101692199707,54.013422778587355,52.711075702260814,53.74994381615442,13434000
2015-08-28,53.6069221496582,53.65208834112085,53.14018377870034,53.57680944087912,10020000
2015-08-31,53.20040512084961,53.44883064168748,52.92187263695094,53.44883064168748,9520900
2015-09-01,51.867950439453125,52.60569163976036,51.58188260212419,52.22176755820538,15437700
2015-09-02,52.55298614501953,52.58309884567866,52.108836732970715,52.43254108579339,8903700
2015-09-03,52.643314361572266,53.04229751941604,52.47016780114853,52.83151439779361,8468300
2015-09-04,51.762550354003906,52.15400398379452,51.56682066740334,52.15400398379452,11497500
2015-09-08,52.68098449707031,53.02727205744908,52.36480390419201,52.929404311129375,9182300
2015-09-09,51.55176544189453,53.102532172993826,51.46895695203872,53.02725329405498,11070600
2015-09-10,51.43132019042969,51.90558234798771,51.00222421642645,51.28076241630645,12591100
2015-09-11,51.5066032409668,51.574358265186795,50.987174857866606,51.23559463090957,11291400
2015-09-14,51.23557662963867,51.41625280180507,50.68603573367498,51.36355702077555,9712800
2015-09-15,52.28197479248047,52.50028755305116,51.115137857111705,51.20547021085814,11043700
2015-09-16,52.77130126953125,52.96703096083509,52.47017999292779,52.78636049223727,8704200
2015-09-17,52.87668228149414,53.65206553689854,52.59062028479829,52.69601184902358,11029600
2015-09-18,52.65087127685547,53.28322096967055,52.2217752014703,52.27447100920489,18210200
2015-09-21,53.18534851074219,53.35848938350871,52.70355672234929,52.80894831709704,7742800
2015-09-22,52.83905029296875,53.185337711600205,52.68096293294634,52.74118258670965,10207800
2015-09-23,52.89175033569336,53.06489118723625,52.665907949825595,52.83152493367389,6294200
2015-09-24,53.71983337402344,53.88545036977973,52.50029474079054,52.56052014714026,13423500
2015-09-25,54.705997467041016,55.24048500103631,54.16398032174702,54.49521429796237,15080700
2015-09-28,54.02848434448242,54.70600588029618,54.013430862980556,54.43499726597068,9207300
2015-09-29,54.41240310668945,54.51027081848939,53.71229861929061,54.02847335723581,9033300
2015-09-30,54.15646743774414,54.9996002850609,53.86287571506609,54.84904248901484,11041900
2015-10-01,54.16396713256836,54.33711368981274,53.74993050652962,54.02093901318478,8547600
2015-10-02,54.51779556274414,54.51779556274414,53.66713330361804,53.719829094123014,9085600
2015-10-05,55.120052337646484,55.27813975002033,54.57803507041508,54.93185221671402,9187700
2015-10-06,55.255558013916016,55.54162013714311,54.64578570157241,55.21038607826076,8851500
2015-10-07,55.496437072753906,55.60935826244344,55.195315814718576,55.496437072753906,8013200
2015-10-08,56.00835418701172,56.038466893983646,55.3233030260763,55.46633694834009,6856600
2015-10-09,56.06857681274414,56.39228121733058,55.94812599084626,56.151379573534804,6880100
2015-10-12,55.95565414428711,56.27935854043447,55.63947936016489,56.22666274308077,6255900
2015-10-13,55.790035247802734,55.91800993083351,55.4512773825069,55.88789722716551,8390200
2015-10-14,55.86531448364258,56.16643577878941,55.631948208024,55.86531448364258,8479200
2015-10-15,55.91047286987305,56.3395687890026,55.7298024153475,56.18901103413301,8607400
2015-10-16,56.38474655151367,56.490138139522735,55.963174456066625,56.24924226072905,9578900
2015-10-19,56.58046340942383,56.603046495528574,56.106195627586274,56.19653371541474,7292200
2015-10-20,56.03091812133789,56.49765630468204,55.827664598045374,56.362152041350484,8531900
2015-10-21,55.8964729309082,56.618064285720756,55.82811475567897,56.01800630246699,8302100
2015-10-22,56.85354232788086,57.43081439871995,55.91168164021929,56.10157323503188,14080900
2015-10-23,58.5093879699707,59.587970666324054,57.962499336599805,58.30430762997195,16451200
2015-10-26,58.858787536621094,59.17021248309945,58.486601693904824,58.486601693904824,11464700
2015-10-27,58.70689392089844,58.76006334268473,58.342299460769325,58.57776901013635,9423400
2015-10-28,58.11442565917969,58.896778107450615,57.49158145613599,58.782841990850706,10178400
2015-10-29,58.50178909301758,58.63091975768326,57.909328354662755,58.2967087585988,8230700
2015-10-30,58.01566696166992,58.59293892306334,58.01566696166992,58.47141133884027,9547700
2015-11-02,58.18278503417969,58.311909931268175,57.76502699153486,58.1599989694031,7152900
2015-11-03,58.524600982666016,58.80563687807523,57.6966704865175,57.954926109226825,8013200
2015-11-04,58.53218078613281,58.59294748463879,58.11442277272469,58.5093947229509,6375400
2015-11-05,58.02328872680664,58.68411371648303,57.69667487605158,58.554982997787924,6860900
2015-11-06,57.400421142578125,57.727034861093436,56.73200493039753,57.63588482510175,9483500
2015-11-09,57.271297454833984,57.44599445030698,56.91430038360999,57.11178923482488,8607200
2015-11-10,57.55232238769531,57.909319391455796,57.14216178234242,57.256092064368445,6551000
2015-11-11,57.69666290283203,58.053660037135195,57.666279551504985,57.742235032306745,5295900
2015-11-12,56.70921325683594,57.7346264313626,56.70921325683594,57.47637091913136,7678600
2015-11-13,56.177520751953125,56.95228159419988,56.16992346662854,56.694026048440705,8468800
2015-11-16,57.195335388183594,57.21812144626571,56.21549432544239,56.39778858512935,7410600
2015-11-17,57.0206298828125,57.73462390863187,56.86871897286486,57.21811870176823,8761800
2015-11-18,57.65108108520508,57.696653207021484,56.82315083701232,56.952281507210046,6447100
2015-11-19,57.894126892089844,58.45620416234462,57.74221020078502,57.833360215567915,7899500
2015-11-20,57.59030532836914,58.38025482069408,57.483966530847496,58.144791168328986,9533200
2015-11-23,57.70425796508789,57.77261615666494,57.271305366672046,57.5903218507613,9421300
2015-11-24,58.068843841552734,58.2511439339006,57.43081090342888,57.43840818936785,7086800
2015-11-25,57.65108108520508,58.28911397075774,57.63588651457911,58.129605749369574,4266500
2015-11-27,57.499176025390625,58.00808993410737,57.34726505848027,57.64349550047781,2390100
2015-11-30,56.84593963623047,57.5827198812509,56.84593963623047,57.40802287585224,8935700
2015-12-01,57.681461334228516,57.894138951326376,56.86872570030145,56.86872570030145,8391700
2015-12-02,57.56754684448242,58.07645501852329,57.4612079960271,57.52197470801089,8104200
2015-12-03,57.529541015625,57.8789407640237,57.0965885235842,57.59790498543674,11177800
2015-12-04,59.11704635620117,59.17021576525279,57.66627194560132,57.71184986409625,11961000
2015-12-07,59.527225494384766,59.62596704787029,58.896783942433956,58.896783942433956,9460000
2015-12-08,59.056278228759766,59.62595293836195,58.75245055796577,59.00310882099813,8312700
2015-12-09,59.01829528808594,59.9981364456758,58.82081223557121,58.94233982211638,10081900
2015-12-10,59.08664321899414,59.65631775161649,58.91953776222027,59.177793230424165,8984200
2015-12-11,59.079071044921875,59.49683486440875,58.57016297029712,58.873990675830164,12280500
2015-12-14,59.466453552246094,59.64874786380049,58.820823277757526,58.9651369516819,12179000
2015-12-15,60.522274017333984,60.765335126036774,59.61079630845701,59.785493401725354,14113400
2015-12-16,61.51728057861328,61.69958068545137,60.61340051109241,60.75012269370514,14102600
2015-12-17,60.98557662963867,61.54765404789858,60.917212651792724,61.509679211344846,9864200
2015-12-18,59.34490203857422,60.85644287051607,59.34490203857422,60.72731221899763,21342100
2015-12-21,59.967769622802734,59.99056148440082,59.36011993259402,59.72470858771281,9105800
2015-12-22,60.46147155761719,60.57540765264708,59.914582937498125,60.127266352568164,9872200
2015-12-23,60.704551696777344,61.09193222422459,60.38553516595365,60.72733776397441,8254600
2015-12-24,60.60579299926758,60.87923731835807,60.46147355446128,60.507051470996835,2498000
2015-12-28,60.704551696777344,60.74253233879403,60.36274909875658,60.56782949856257,4150000
2015-12-29,61.038726806640625,61.22861831467645,60.651346507639424,60.93238802574287,4406100
2015-12-30,60.81846618652344,61.145079888536706,60.765296783638966,61.11469654474126,3793200
2015-12-31,60.317176818847656,60.795701613928756,60.24121553499755,60.69696005796888,5077700
2016-01-04,59.527225494384766,59.62596704787029,58.896783942433956,59.51962820718367,11529800
2016-01-05,59.717105865478516,59.97535563136996,59.40568089422355,59.580383696762134,8133700
2016-01-06,59.13983917236328,59.46645294956356,58.577761670331974,58.99551970486988,9551000
2016-01-07,58.62332534790039,58.94234179265612,57.780206318881106,58.372667086293404,11973900
2016-01-08,57.70425796508789,58.851204804587624,57.47638573643471,58.760054754120056,9676400
2016-01-11,58.235958099365234,58.51699977096044,57.4232222328949,57.856174875873826,10209200
2016-01-12,58.11442565917969,58.50180034257513,57.53715358476331,58.4866115647099,8774700
2016-01-13,57.61310577392578,58.479010938583556,57.56753364790104,58.46382216158574,9310100
2016-01-14,57.84098434448242,58.44863400664095,57.635898164792074,57.803003705271045,12835100
2016-01-15,56.95228576660156,57.4839798776602,56.564905317098166,56.58769137971051,17023900
2016-01-19,58.281517028808594,58.41823917649953,57.51435354481886,57.5751202315771,13457300
2016-01-20,58.09994888305664,58.29915325061947,57.05027081864881,57.686207292243516,17795000
2016-01-21,58.781837463378906,59.13428260136827,57.77813487811485,58.245503330798634,12712900
2016-01-22,59.27220153808594,59.73957587663106,58.65159220303505,59.302849706495174,9465800
2016-01-25,58.88142776489258,59.27218449281246,58.659232991978875,59.14959185443025,9870400
2016-01-26,60.38316345214844,60.97313040156108,59.410109052229906,59.76255418312716,16374800
2016-01-27,60.375518798828125,61.180011386473566,59.87749623759558,60.16864510090426,10816100
2016-01-28,61.157047271728516,61.29496116817863,60.22996168552497,60.8352501285259,9895100
2016-01-29,62.58976364135742,62.827279534880596,61.164656589142716,61.27958570861897,19895000
2016-02-01,62.15308380126953,62.367615199256015,61.70103048790471,62.222037816818535,9657200
2016-02-02,61.46347427368164,61.708653689178064,61.149335042134595,61.36386630000167,9116400
2016-02-03,62.13774490356445,62.24501058203922,61.31026180200961,61.662712854759356,10149600
2016-02-04,61.83127212524414,62.137748012882575,61.54778675175021,61.946201313801225,8295100
2016-02-05,62.21436309814453,62.21436309814454,61.73166753967102,61.739331044087116,9957600
2016-02-08,63.302345275878906,63.37896277437126,61.517128917858926,61.517128917858926,16530200
2016-02-09,63.31768035888672,63.5935080905372,62.07645556645952,62.69707088544398,14308900
2016-02-10,62.53615188598633,63.59348728096221,62.41355922512777,63.52453329338413,10585400
2016-02-11,61.21833419799805,62.05347510930291,61.0114604624444,61.593764140522296,12343900
2016-02-12,62.05345153808594,62.07643620096285,61.134029949770174,61.570756081051144,9306100
2016-02-16,62.42121887207031,62.81963330417102,61.93851760668088,62.81963330417102,9352600
2016-02-17,63.17209243774414,63.46324713116268,62.45188089919574,62.55914657186339,10892900
2016-02-18,62.811988830566406,63.072489505164306,62.22202179249828,63.003535507373336,7702600
2016-02-19,62.666412353515625,63.02652104618647,62.36760000120168,62.79666269261847,7709600
2016-02-22,62.926902770996094,63.34064423263025,62.60510580490502,62.66640213526708,6916500
2016-02-23,62.681732177734375,63.17975470280632,62.52849717565407,62.82730952158911,5840600
2016-02-24,62.490196228027344,62.55149257759647,61.80063275477035,62.26034368545555,6759800
2016-02-25,63.087806701660156,63.08780670166015,62.42122804941826,62.59744770750094,6789700
2016-02-26,62.13774490356445,63.325336716659336,62.02281572075833,63.22572869697486,9281100
2016-02-29,61.51715087890625,62.329307174830184,61.455854520013965,62.13776043744869,11065300
2016-03-01,62.23735809326172,62.33696027567901,61.701023810793906,61.708687315761864,9483900
2016-03-02,63.24870300292969,63.332983992355025,61.94618234079052,62.5055011028369,12096600
2016-03-03,63.470924377441406,63.53988424289004,62.965244028169174,63.24107179887859,8747100
2016-03-04,63.96891403198242,64.1604606713067,63.02650784000915,63.30233546827926,9406700
2016-03-07,63.67012023925781,64.12983113808001,63.59350273037766,63.73141658457844,6792400
2016-03-08,63.63945770263672,64.16812833200451,63.34064539356968,63.57050371387044,7788400
2016-03-09,63.5628547668457,64.12217369003943,63.34832340305893,63.82336131254482,8954800
2016-03-10,63.04185485839844,63.769735893725546,62.63577675174721,63.6931125301339,10385600
2016-03-11,62.63575744628906,63.44025575170516,62.39824145987904,63.40194408171768,11109500
2016-03-14,62.191375732421875,62.71238294483214,61.81594586989622,62.49785159481748,12389300
2016-03-15,62.298622131347656,62.4135512748779,61.87722306578884,62.0611061881138,9297800
2016-03-16,62.321617126464844,62.674068117219065,61.66270200839661,62.298632463054794,9490300
2016-03-17,63.40195846557617,63.76973070605522,62.27566292068958,62.2833264255337,12061500
2016-03-18,63.708404541015625,63.9765686296369,63.16441286251569,63.48620976886122,33635200
2016-03-21,63.83869171142578,64.26009684092786,63.52455812487686,63.685456670993446,8625600
2016-03-22,63.39427947998047,63.83866912375736,63.20273282444285,63.808020957406534,7205900
2016-03-23,63.45557403564453,63.96891765517985,63.27169088822916,63.37895654468311,5594600
2016-03-24,63.50920104980469,63.685426523868934,63.15675594721553,63.179740607845794,6645700
2016-03-28,63.302345275878906,63.93827577435184,63.22572193184612,63.58583060485466,4988500
2016-03-29,63.44025802612305,63.6624470142878,62.94989902951192,63.33299236096063,6731400
2016-03-30,63.34830093383789,63.869307994897135,63.32531627380485,63.66243436352141,6925400
2016-03-31,63.064815521240234,63.59348613194599,62.942228708136405,63.40193948697024,6819200
2016-04-01,63.999568939208984,64.06852877631239,62.773671487471894,62.82730431831226,8028600
2016-04-04,63.7544059753418,64.09153005403668,63.616492110924945,64.09153005403668,5593400
2016-04-05,63.716094970703125,64.02256500405778,63.58583877643209,63.716094970703125,5259100
2016-04-06,64.21411895751953,64.23710362806558,63.65480582242604,63.70077516351815,6292100
2016-04-07,63.77738571166992,64.11450976428667,63.493900345188756,63.77738571166992,6655900
2016-04-08,63.74674606323242,63.9382927831887,63.41728547108595,63.930635123180686,5453000
2016-04-11,63.38662338256836,63.85399185568583,63.33299055151945,63.616475867546434,7081500
2016-04-12,63.46323776245117,63.754386567348355,63.17208311201411,63.37129326564896,7081600
2016-04-13,63.179771423339844,63.922973655753204,62.704733438307024,63.631824736531776,11738600
2016-04-14,63.34970474243164,63.627791948611474,62.98664611806207,63.30335294578423,6904400
2016-04-15,63.573699951171875,63.674118007998345,63.22608810506612,63.38058422336567,7299300
2016-04-18,63.98310089111328,64.10669188564509,63.357401959329025,63.573696513251676,5628000
2016-04-19,64.33072662353516,64.65515971413126,63.998567251707975,64.0449190456687,6606100
2016-04-20,62.994380950927734,64.37708499441732,62.94030875868751,64.33846536763255,9124200
2016-04-21,62.4150276184082,62.80897959894231,62.22191182242727,62.60041713239051,8802100
2016-04-22,62.5308723449707,62.53087234497071,61.7275160773185,62.10602126600024,8027700
2016-04-25,62.88623046875,62.940302655747175,62.12148767538467,62.50771926634343,7672800
2016-04-26,61.44944381713867,62.95574455023402,61.18680329062983,62.95574455023402,13742300
2016-04-27,61.71207046508789,61.912912501321614,61.10182396941919,61.387637409696985,7689700
2016-04-28,61.61164855957031,62.00560043370415,61.32583513707878,61.3953598694361,7615900
2016-04-29,61.88973617553711,61.9129091220252,61.31038893963561,61.54212429794131,9391000
2016-05-02,62.54633331298828,62.80124753069692,61.8124898886839,61.8124898886839,7862600
2016-05-03,62.64676284790039,63.11023957816643,62.330056008032045,62.41502742948056,7617500
2016-05-04,63.032989501953125,63.16430681811557,62.469094723878676,62.469094723878676,7365900
2016-05-05,62.80125045776367,63.411491101799,62.50771071699038,63.03298584458801,6399500
2016-05-06,63.44237518310547,63.53507285175593,62.7008115141743,62.89392723712796,6297200
2016-05-09,63.43466567993164,63.90586859624932,63.31879504759652,63.5041845232776,6718800
2016-05-10,63.712764739990234,63.86725501634155,63.43467752781684,63.45785047992691,6222400
2016-05-11,63.45784378051758,64.02946481478148,63.442391218458056,63.72820468230283,5975000
2016-05-12,63.65869903564453,63.913607428236325,63.42695770409541,63.71277122721575,4925000
2016-05-13,62.74717330932617,63.666400289760915,62.56950422274713,63.666400289760915,6579000
2016-05-16,63.05615234375,63.256994373193564,62.37638702780444,62.577229057248005,6497200
2016-05-17,62.27597427368164,63.38831707710432,62.051959278153866,63.06388400499877,10188200
2016-05-18,61.681175231933594,62.39183984503518,61.341295487169006,62.252796256086995,8344100
2016-05-19,61.94379425048828,61.96696719170236,61.372167531231355,61.51893735015185,6242500
2016-05-20,61.81247329711914,62.18325805002698,61.63481014586492,62.13691216594739,6526800
2016-05-23,61.95151138305664,62.0519353142771,61.68115059404616,61.83564668306872,5620600
2016-05-24,62.54633331298828,62.86304009491468,62.028784490434596,62.028784490434596,6293300
2016-05-25,62.940303802490234,63.16431294311245,62.57724515742602,62.63131734540836,6049800
2016-05-26,62.73944091796875,63.032974713480804,62.6390169639959,62.94028293248991,4622300
2016-05-27,62.901676177978516,63.0793453002119,62.69311371515577,62.77807924191594,4322200
2016-05-31,62.60041046142578,63.20293073773096,62.36866917357344,63.017541243504546,6705000
2016-06-01,63.17974853515625,63.18747481520004,62.46135772013096,62.53087656025039,6184100
2016-06-02,63.30333709716797,63.30333709716797,62.824413834648425,62.97890406899189,5186300
2016-06-03,63.705013275146484,63.72045993930494,63.17201201360856,63.287882621780795,6306700
2016-06-06,63.936767578125,63.9831193712081,63.51964269435694,63.65096000567006,5292300
2016-06-07,63.58917999267578,64.02948384744154,63.53510779624586,63.9290657379081,6327500
2016-06-08,63.84407043457031,63.92131555867521,63.35741495520156,63.62778172970651,4712600
2016-06-09,64.24577331542969,64.31529807925072,63.674152105181896,63.79002278259863,6144900
2016-06-10,64.26893615722656,64.3770805342145,63.81318569612404,63.93677674407031,6840800
2016-06-13,63.78227615356445,64.42342192311703,63.751376923214565,64.08353628269386,6167400
2016-06-14,64.3847885131836,64.40024107317564,63.550527076359494,63.76682166227397,6868600
2016-06-15,64.07582092285156,64.5006780457933,63.97540282716833,64.42343290346568,7082200
2016-06-16,64.43115997314453,64.58565025968778,63.85181255846734,63.859532947395834,6630100
2016-06-17,64.21485900878906,64.45432659084581,63.61233869970151,64.3539026103805,11741700
2016-06-20,64.14535522460938,64.65517795460178,64.13762894119854,64.5161343203443,6164300
2016-06-21,64.43115997314453,64.71696759259221,64.18396608519267,64.18396608519267,6594700
2016-06-22,64.55474090576172,64.70151078037262,64.33845218113032,64.50066872460387,4940100
2016-06-23,65.04912567138672,65.04912567138672,64.55474969253068,64.74013921124507,7361300
2016-06-24,63.542808532714844,64.74784893634944,63.334240220747304,63.813169406168115,12401100
2016-06-27,62.74717330932617,63.25699583470824,62.56950422274713,63.210649939698534,9601800
2016-06-28,63.697322845458984,63.720495801450475,62.530901615326854,62.909412874612045,9257100
2016-06-29,64.81737518310547,64.81737518310547,64.04491215898128,64.08353177413238,7927500
2016-06-30,65.4044418334961,65.50486579688175,64.74784945176148,64.81737418744578,10969300
2016-07-01,65.4894027709961,65.65161927043685,65.280840384122,65.28856076974479,9531100
2016-07-05,65.999267578125,66.39321962585723,65.23452465232795,65.25770350227754,11403100
2016-07-06,65.68252563476562,66.04558417493251,65.45851066544084,65.94516611010063,8356500
2016-07-07,65.52804565429688,65.84475245813881,65.29630436881199,65.83703207046817,7905700
2016-07-08,66.25416564941406,66.35458963656818,65.48170245432811,65.64392491151146,6827300
2016-07-11,66.23870849609375,66.39319875329168,65.58984234375178,66.13056413737009,6156800
2016-07-12,66.23870849609375,66.38547836582967,65.80613106119911,66.037866446996,6649800
2016-07-13,66.34684753417969,66.54768956717105,65.97606858926878,66.28504907888617,7572100
2016-07-14,66.3313980102539,67.11930765432403,66.31594545038352,66.77170167176291,11342600
2016-07-15,66.43954467773438,66.80260323285492,66.26960187376943,66.62493414868474,8491300
2016-07-18,66.37773132324219,66.47042898462219,66.2000622789531,66.44725014920941,4781300
2016-07-19,66.5631332397461,66.57085951966647,66.09193035282541,66.17690175167503,6078200
2016-07-20,66.42300415039062,66.74219865399326,66.27508416680818,66.46971322326615,6289000
2016-07-21,66.37630462646484,66.46194189879479,66.08046461674019,66.1894564288677,5407000
2016-07-22,66.7343978881836,66.93681372770637,66.52419522493905,66.56312340394173,6165600
2016-07-25,66.79669189453125,66.79669189453125,66.29065517995308,66.58648919573996,5605300
2016-07-26,66.38407135009766,67.01467348813276,66.30622092084593,66.70326583151885,5379300
2016-07-27,65.75348663330078,66.40744342034222,65.64449482539521,66.36072840294835,7744700
2016-07-28,66.0259780883789,66.15833039871035,65.70678943313045,65.72235714867048,5911600
2016-07-29,66.6332015991211,66.7889084096437,66.01817900128115,66.0882426113107,7520900
2016-08-01,67.27159118652344,67.40393752189064,66.50085583198081,66.51642948296963,10420600
2016-08-02,67.5440673828125,67.84768822657767,67.13923563138745,67.74647731891778,13083200
2016-08-03,66.9290542602539,67.51294154631226,66.53200924264381,67.34945381896897,8192100
2016-08-04,66.99134063720703,67.36502519441306,66.79671153127629,67.04583654928328,5564100
2016-08-05,66.78112030029297,67.29494385572764,66.58649124558724,67.0146775417828,6729700
2016-08-08,66.76553344726562,66.87452521148366,66.27506456867883,66.64875486000183,5388200
2016-08-09,66.94461822509766,67.21709775540911,66.70328006105154,66.84341323944147,4158800
2016-08-10,67.19374084472656,67.59078582608997,66.9524026891959,67.15481859297444,5981400
2016-08-11,67.52072143554688,67.73091822350264,67.2638096305725,67.49736095723355,7387100
2016-08-12,67.76205444335938,68.08124301411027,67.55963855726883,67.66863035602353,8063400
2016-08-15,67.74649810791016,68.17468452646507,67.72314356500881,68.13575632855678,6871200
2016-08-16,67.4039306640625,68.04231367867985,67.31829341115959,67.71533831647248,8071100
2016-08-17,67.69975280761719,67.81653139926486,66.92902360611201,67.30270797185747,6762100
2016-08-18,68.07344818115234,68.08901588938166,67.68419013974979,67.68419013974979,7082800
2016-08-19,67.97222900390625,68.05008535438193,67.76981912356523,67.88659177006751,6199900
2016-08-22,67.61414337158203,67.89440973093517,67.40394657187134,67.83991382437253,5921100
2016-08-23,68.04232025146484,68.12017068718583,67.76205393118325,67.83211754144989,5420100
2016-08-24,67.97222900390625,68.08122076704545,67.3883420129724,67.98001582687495,5713300
2016-08-25,68.43158721923828,68.46272858547538,67.7620626941614,67.96447860489839,10595500
2016-08-26,68.18244934082031,68.89868281006328,67.86325485193174,68.40821974865699,16408200
2016-08-29,68.74297332763672,68.82082374894736,67.98002494373698,68.03452083261507,8934500
2016-08-30,68.15132141113281,68.74299549518234,68.08903867815742,68.29145459052327,11619400
2016-08-31,67.97222900390625,68.3926283501313,67.75424547762785,68.31477793926125,11407800
2016-09-01,68.75078582763672,68.75078582763672,67.71536346280575,68.01119757567044,29793300
2016-09-02,68.66513061523438,69.18674101486927,68.54057110430003,68.88312015368278,17470400
2016-09-06,69.00769805908203,69.00769805908203,68.41602389050827,68.70407711696333,14472100
2016-09-07,68.47050476074219,68.82862747802156,68.28366251578487,68.75077109798212,17556400
2016-09-08,68.3381576538086,68.64956535166019,68.22137902466326,68.47050399502298,23465700
2016-09-09,67.13924407958984,67.86326447650501,67.13924407958984,67.80876857306443,21955000
2016-09-12,68.70406341552734,68.80526839618086,66.92126037731764,66.98354310676964,16105700
2016-09-13,67.76984405517578,68.4393685262574,67.73870269145014,68.1591021923345,19682700
2016-09-14,67.73870086669922,68.19802260516151,67.62970906639943,67.82433812973585,25397900
2016-09-15,68.55615234375,68.71964007514104,67.53629775952591,67.53629775952591,13833600
2016-09-16,68.5483627319336,68.59507180935518,67.9644755057318,68.21360048466025,23518300
2016-09-19,68.79749298095703,69.24902795637327,67.92555251811021,68.44715705463436,19173900
2016-09-20,68.96097564697266,69.24902287815843,68.64956793739168,68.89869291713485,33986500
2016-09-21,68.35374450683594,69.12447410467576,67.2949616934195,68.92984499838022,55409800
2016-09-22,69.28014373779297,69.52148775958031,68.33035317751016,68.33035317751016,52692700
2016-09-23,68.32259368896484,69.24124318122706,68.1123909570529,68.9998990838612,48281400
2016-09-26,68.39265441894531,68.84419528955061,67.42729588906438,68.05789217895972,60276600
2016-09-27,68.7896957397461,69.14002567342163,68.24473674522692,68.55613849089069,65150800
2016-09-28,69.64604187011719,69.8562445199872,68.87531267967405,69.2723575097351,89806000
2016-09-29,68.68849182128906,69.49814349997865,68.15131370443616,69.41251217633128,74587500
2016-09-30,69.87185668945312,70.23776039905576,68.73522329895724,68.74301012713866,123735700
2016-10-03,69.02326965332031,69.63829240722035,68.82864054548615,69.56044195200849,26789500
2016-10-04,68.78189086914062,69.03880258755869,68.47048326556775,68.7351818074668,23317600
2016-10-05,69.17118072509766,69.28795937263621,68.67293070590132,68.88313345939247,64580300
2016-10-06,69.45922088623047,69.85626583745449,68.87533369779827,68.98432549780367,61462800
2016-10-07,70.06645202636719,70.1053802088912,68.74297697504517,69.29572271716704,20518800
2016-10-10,69.33466339111328,70.32338246982673,69.11667976608905,70.21439065731461,15492400
2016-10-11,68.92984008789062,69.38138100783512,68.6651414335889,69.15561054786288,11723100
2016-10-12,68.95317840576172,69.29572742852105,68.76633618407806,69.08552473197068,17118000
2016-10-13,68.69625091552734,68.95316262379501,68.19800114533865,68.54833691286886,11158100
2016-10-14,68.84419250488281,69.25680516872255,68.68070480447128,68.89868840502,7369000
2016-10-17,68.37706756591797,69.0154505030478,68.2836434996528,68.84417601803142,7610600
2016-10-18,68.08124542236328,68.71962852605432,68.0734645361824,68.67291945053793,10749500
2016-10-19,67.1084213256836,68.11261464410829,67.02996984495623,67.97924652832533,12788800
2016-10-20,66.62987518310547,67.09274321808587,66.52004188716214,66.98290992214254,10175100
2016-10-21,66.15916442871094,66.5749627878378,66.0885538851136,66.22192802624943,13974100
2016-10-24,65.97872161865234,66.4494366366536,65.94733981939011,66.20623517420397,10573200
2016-10-25,68.23030853271484,69.10113390988823,68.23030853271484,68.63825990553777,20761200
2016-10-26,68.5676498413086,68.83438610488759,68.08124102567832,68.18323334978267,8464100
2016-10-27,67.92435455322266,68.72456952390297,67.82236220433084,68.65396496125463,6598300
2016-10-28,68.12831115722656,68.4342821460262,67.82234615389198,68.15185199133812,7021100
2016-10-31,68.09693908691406,68.62257068708587,68.01064064683028,68.26168902194708,8207100
2016-11-01,68.13614654541016,68.24597981077511,67.84587548071595,67.92432695805319,8564500
2016-11-02,68.04985809326172,68.57549563789593,67.90864301918259,68.07339294136408,7773200
2016-11-03,67.94001770019531,68.23814170619234,67.83803137393882,68.09692664689489,6899900
2016-11-04,66.74755096435547,68.04202156343422,66.73970401932223,68.01063976876661,9378100
2016-11-07,67.90863800048828,67.91648494443079,67.15549298954805,67.48499280955981,8878500
2016-11-08,68.61471557617188,68.7951593799995,67.93217508186477,68.07339015015367,7674600
2016-11-09,67.41439056396484,67.89295240784301,66.14345494794112,66.8887590257592,11972500
2016-11-10,65.0843734741211,67.23397624957782,64.47244323760523,67.08492015700814,22095000
2016-11-11,65.57075500488281,65.94732453783729,64.84114480113561,64.85683270439837,8905700
2016-11-14,65.1157455444336,65.72767568946568,64.92746072722366,65.55507877974557,12862500
2016-11-15,65.60214233398438,66.35528744892692,65.02158811135894,66.35528744892692,9464000
2016-11-16,65.26478576660156,66.05715351728794,65.24909187889553,65.88456265077254,8542900
2016-11-17,65.17066955566406,65.5080164667077,65.06083623443749,65.32757259014,9083700
2016-11-18,64.33123016357422,65.19420888330916,64.32338321567215,65.05299374840943,14565500
2016-11-21,64.83330535888672,64.91960380047989,64.10369507071346,64.3312085998713,11482100
2016-11-22,64.92745208740234,65.25695197004016,64.84900058945985,65.12358382499137,7426500
2016-11-23,64.86467742919922,65.06080913332893,64.73915026553318,64.79406690327092,7693300
2016-11-25,65.47660827636719,65.47660827636719,65.0764979185864,65.1078797099285,3882900
2016-11-28,65.17066955566406,65.39818314548113,64.92746805658624,65.21773926891342,6990100
2016-11-29,65.02942657470703,65.4923005034303,64.87252360744142,65.44522482487899,6183100
2016-11-30,64.69209289550781,64.98237002768383,64.53518989650041,64.73916259811689,12115500
2016-12-01,64.22135925292969,64.58224083416195,63.6878808316594,64.49594241414293,12516900
2016-12-02,64.64501190185547,64.86467845628468,64.38611661179331,64.60578316622252,9079400
2016-12-05,65.10789489746094,65.17850544081793,64.7077904318136,64.77054804367239,8597500
2016-12-06,65.04513549804688,65.31187180114804,64.8097750072798,65.30402485533156,7327200
2016-12-07,66.04146575927734,66.11991724158557,64.88821041440664,64.91174526055266,8567700
2016-12-08,65.50801086425781,66.04148951550516,65.50801086425781,65.73552443461722,7522800
2016-12-09,66.1905517578125,66.2140866124893,65.48447619017585,65.52369895281497,8004500
2016-12-12,66.78675842285156,66.82598715356811,66.06499526719318,66.06499526719318,7494100
2016-12-13,66.82600402832031,66.96721911490965,66.31606032755516,66.42589361873961,11795900
2016-12-14,66.1905517578125,67.26535002449648,66.03364275085625,66.91231523341148,12292200
2016-12-15,66.43372344970703,66.5278688116686,65.59428009164084,66.01792524227199,8768100
2016-12-16,66.43372344970703,66.77891712476884,66.01792524227199,66.60632028723793,21172400
2016-12-19,66.457275390625,66.66910101316678,66.15131036736729,66.4886571860188,6431200
2016-12-20,66.34744262695312,66.45727591897189,66.04932454654013,66.34744262695312,7485400
2016-12-21,66.11993408203125,66.4729748205328,65.9944128754613,66.04932952561052,6099300
2016-12-22,66.26898193359375,66.37881521036957,65.79826703520247,65.9002533677901,7864800
2016-12-23,66.65339660644531,66.82599346114687,66.33174372897246,66.43373005881223,5284200
2016-12-27,66.37095642089844,66.63769860650875,66.22974137803736,66.60631682082143,3782600
2016-12-28,65.95518493652344,66.39451814307901,65.86103954134752,66.2140802841577,4298800
2016-12-29,66.17485809326172,66.28469140577766,65.978726322988,66.08855963550394,3718300
2016-12-30,65.9630126953125,66.25328377143929,65.83748553825767,66.03361723205762,6209800
2017-01-03,66.05717468261719,66.20623673626324,65.50800814623646,65.80612626806223,8792700
2017-01-04,66.29251861572266,66.37097010338202,66.08853995943643,66.25328987916055,8096700
2017-01-05,66.7318344116211,67.02211142461711,66.19835605437586,66.2218968814809,6852400
2017-01-06,66.70831298828125,66.88090984232285,66.3866601120383,66.63770844915395,4799900
2017-01-09,66.21407318115234,66.41805185608568,65.7041294865517,65.94733091616793,11000600
2017-01-10,65.50016784667969,66.2376252579119,65.3040360658598,66.16701470437393,10918200
2017-01-11,65.7041244506836,65.7041244506836,65.33539586922628,65.42169430256585,9572300
2017-01-12,65.77473449707031,65.8061162923157,65.40601187023408,65.67274815162183,6545400
2017-01-13,65.90811157226562,65.91595253232875,65.46093144457426,65.78258438566735,6762800
2017-01-17,66.84952545166016,67.13980251175377,65.80610340951573,65.82179729679878,13145100
2017-01-18,67.1579360961914,67.45051375686589,66.8890798071847,67.05514147466363,10520400
2017-01-19,66.9760513305664,67.21327707457837,66.64394011527068,66.92069946135045,14074500
2017-01-20,69.15059661865234,69.56969622587602,68.33613083717248,68.70778167716452,22944400
2017-01-23,68.76314544677734,69.07153533910588,68.67616306351523,68.86594006658613,9408900
2017-01-24,69.47480010986328,69.54596420663242,68.96872420094711,68.96872420094711,8704700
2017-01-25,68.9212875366211,69.50643672664478,68.84220826716009,69.45898795838794,8082900
2017-01-26,68.47846221923828,68.97663504055194,68.47055308621243,68.88965267597021,6542300
2017-01-27,68.5733642578125,68.67615887134644,68.01983948603288,68.3598598636012,9332300
2017-01-30,68.59706115722656,68.68404350415013,68.39937510201842,68.6207825185876,7350000
2017-01-31,69.26921844482422,69.31666721819161,68.42312205341194,68.50219529848843,9712400
2017-02-01,69.05570983886719,69.26129903899677,68.59707663937627,68.81848410591644,8291000
2017-02-02,69.3957290649414,69.86226535729483,68.99244773851832,69.27711620035804,8997200
2017-02-03,69.11897277832031,69.71993419496464,69.10315451146585,69.68040059363078,7161900
2017-02-06,69.11106872558594,69.41945859000657,68.89756433766296,69.19014196696786,7483000
2017-02-07,69.59342956542969,69.80692793954698,69.17433591900905,69.30085190995578,6646100
2017-02-08,69.84648132324219,69.85438442661115,69.43529069772949,69.64088601048584,6815800
2017-02-09,70.1153335571289,70.20231595980802,69.60925741403415,69.8464832455051,9914100
2017-02-10,69.56178283691406,70.16275024423987,69.56178283691406,70.02831911702569,11057600
2017-02-13,69.83064270019531,69.87018233713056,69.30084534951186,69.61714434628908,6905100
2017-02-14,69.47480010986328,69.75946856274122,68.97663333377724,69.5855038378824,20123400
2017-02-15,72.05265045166016,72.07637182450368,71.01677091857353,71.01677091857353,25847700
2017-02-16,71.79170227050781,72.05264943390573,71.59401612240076,71.8944968956786,12408500
2017-02-17,72.0289535522461,72.24245806406819,71.52287727423797,71.64939936019256,12152400
2017-02-21,72.48755645751953,72.59035711717763,71.62564773427815,71.62564773427815,9018700
2017-02-22,72.30570220947266,72.59037080343938,72.15545877573919,72.31360531331906,6749900
2017-02-23,72.06056213378906,72.59036566628566,71.88660336792358,72.4401222431848,7611600
2017-02-24,71.9972915649414,72.22660216871712,71.6968047837559,71.93403055491267,6643400
2017-02-27,71.87078094482422,71.88659921629144,71.21446143570199,71.58611238744356,11840300
2017-02-28,72.01312255859375,72.58245973134635,71.68101121878925,71.87869740194482,10535600
2017-03-01,72.47962951660156,72.66149733742212,71.72841876954539,71.9972749837983,8792200
2017-03-02,71.8865737915039,72.42427417315733,71.86284639269496,72.27403684477214,7031200
2017-03-03,71.56238555908203,71.88659373751857,71.08003087544387,71.88659373751857,8334900
2017-03-06,71.4595947265625,71.5702984926595,70.8428088445756,71.08003464787078,9533800
2017-03-07,71.39632415771484,71.55447065015548,71.21445026179633,71.27771127193337,5363000
2017-03-08,71.27771759033203,71.44377323198526,70.97723681489796,71.18282606671482,5503700
2017-03-09,71.43585968017578,71.55447256913827,71.24608267757708,71.27771318349389,5587400
2017-03-10,72.01312255859375,72.0842927216396,71.68101121878925,71.7996241352633,6797800
2017-03-13,72.20288848876953,72.34522276004374,71.83914669171382,72.00520233604996,7397500
2017-03-14,71.9577407836914,72.42427708638658,71.81540654961641,72.16333601799995,6686400
2017-03-15,72.27405548095703,72.5745362481085,71.74425806272852,71.95775644385412,7855300
2017-03-16,72.30570220947266,72.52710977524595,72.03684585610245,72.30570220947266,6601200
2017-03-17,71.9577407836914,72.74848518790779,71.89447978345784,72.31357335242836,37010100
2017-03-20,72.13172149658203,72.28196489719356,71.91031397961918,71.9261262167298,7772900
2017-03-21,72.10799407958984,72.550809076394,71.98147206170187,72.19497645866235,8211000
2017-03-22,71.9498519897461,72.59035924059734,71.7600749682989,72.20289002930994,7798000
2017-03-23,71.77587127685547,72.32148687944097,71.64144616786818,71.88658105044068,6831400
2017-03-24,71.61774444580078,71.89450387343118,71.33307588226579,71.77589096647442,9252000
2017-03-27,71.55445861816406,71.7363324835002,71.30932978622926,71.52282811841425,10072000
2017-03-28,71.76797485351562,72.00519459152336,71.26980194118566,71.30143244616708,11855800
2017-03-29,71.64146423339844,71.85496866777103,71.47540858049916,71.60983372338387,4252800
2017-03-30,71.3251724243164,71.61775014704712,71.24609915768482,71.56239825711467,3691900
2017-03-31,71.04840087890625,71.43586404246915,71.04049174371853,71.19073514777257,6942400
2017-04-03,70.91397857666016,71.21445936386323,70.73210465749595,71.05631285120955,6967400
2017-04-04,71.0958251953125,71.1353587918438,70.70835613216289,70.96930320745129,5680800
2017-04-05,71.14327239990234,71.5623659534818,70.97721680506335,71.16699376589351,6320100
2017-04-06,70.69255065917969,71.01675272649584,70.62138052597794,70.98512222650629,7231500
2017-04-07,70.55814361572266,70.85862439316915,70.51860397239172,70.74001149607888,4739100
2017-04-10,70.76372528076172,70.91396866982531,70.17857602620644,70.47905677143171,5956000
2017-04-11,71.00883483886719,71.02464706911863,70.60555358910837,70.89813112840787,5186000
2017-04-12,71.41213989257812,71.4991222775527,70.81908146751633,70.92978522422902,6286300
2017-04-13,71.19073486328125,71.594016295608,71.00095784985204,71.20655313359346,5040100
2017-04-17,71.47541046142578,71.63355698275743,71.26981515737216,71.34889445094107,6931700
2017-04-18,71.79962921142578,72.06057040663272,71.4358812997478,71.48333008943413,7087800
2017-04-19,71.39322662353516,72.07050491288818,71.31354789756958,71.79162633246013,6919000
2017-04-20,71.1781234741211,71.47293549243719,71.16218407474744,71.47293549243719,6983500
2017-04-21,70.61238861083984,71.13827322942805,70.6044189120297,71.05062477981352,9061200
2017-04-24,71.35338592529297,71.44103434221034,70.92311353654314,71.01076195346052,8338500
2017-04-25,71.71196746826172,71.91116737789578,71.28966463249333,71.37731307906022,9088400
2017-04-26,69.91119384765625,71.71196261092253,69.80761209013812,71.59244145741798,11951300
2017-04-27,69.8713607788086,70.30959692332593,69.50483368228369,69.78371233408538,8517500
2017-04-28,69.5844955444336,69.79165901887737,69.44107140415095,69.73588330205062,8295400
2017-05-01,69.39324188232422,69.79961119094877,69.38527826698923,69.62431438804815,4546600
2017-05-02,68.70005798339844,69.5526332563734,68.5406944263809,69.5526332563734,13197500
2017-05-03,68.86738586425781,69.02674334380931,68.44508307225796,68.76380411045915,6122000
2017-05-04,68.88331604003906,69.51278839003545,68.76380097537347,69.20203706370908,5986200
2017-05-05,68.92314147949219,69.01078989140075,68.62832354133641,68.95501418192225,4506200
2017-05-08,68.9629898071289,69.01876552140332,68.71597786183057,68.78769296823877,4634600
2017-05-09,68.84347534179688,69.17812965981474,68.70005119420385,69.16219634523664,9577600
2017-05-10,68.91519165039062,69.15423394797695,68.83551291089456,68.90722803180972,6178500
2017-05-11,68.66020965576172,69.02673668665973,68.42913707732866,69.01080337188051,6064700
2017-05-12,68.6761474609375,68.77972920235024,68.46100820226053,68.71598378651281,5892400
2017-05-15,68.7876968383789,69.09047843588988,68.72395142445114,69.0426724149927,5820700
2017-05-16,68.7159652709961,69.32153440008621,68.67612895615468,69.22591630209435,6554500
2017-05-17,68.73192596435547,69.0267378861259,68.46898067269721,68.71598657020168,7805800
2017-05-18,68.42118072509766,68.70005935657996,68.14229601451713,68.66818664453938,6985600
2017-05-19,68.7159652709961,68.82751667910534,68.26178994395246,68.5247351541082,7320700
2017-05-22,68.69207763671875,68.8434714726409,68.54865349718648,68.72395034318116,4260000
2017-05-23,68.58851623535156,68.9550433496925,68.50883748512074,68.7478737358132,4394200
2017-05-24,68.92314147949219,69.04266259383081,68.69206894619654,68.8832990816805,4878800
2017-05-25,69.21000671386719,69.30562484463238,68.96300080826282,68.98690382117964,4368000
2017-05-26,69.52075958251953,69.62434133382335,69.17813553854778,69.26578397391948,4337000
2017-05-30,69.64026641845703,69.80759355730127,69.40122417490996,69.5207452966835,4594500
2017-05-31,70.19005584716797,70.39722539219098,69.68010472026283,69.85540155996715,10146600
2017-06-01,70.2219467163086,70.22991641447398,69.61638339590749,70.13429827378502,6251300
2017-06-02,70.58846282958984,70.660177943732,70.12632375251941,70.43707506257435,6136400
2017-06-05,70.70797729492188,70.72391668727053,70.11834743905877,70.35738969151254,4115300
2017-06-06,70.75579071044922,70.89124515245011,70.47690605102757,70.7239180042554,6503000
2017-06-07,70.73188018798828,70.82749830463189,70.43706830009022,70.66017115982832,4781600
2017-06-08,69.99881744384766,70.75578042797795,69.60838748813192,70.7318713424843,7712100
2017-06-09,70.24581909179688,70.28565540360341,69.7597711024516,69.99880721057684,9696900
2017-06-12,70.30956268310547,70.64422298138918,70.19004158222526,70.24582336451898,7867700
2017-06-13,70.16615295410156,70.43706791021042,69.93508039948127,70.40519520483896,6419300
2017-06-14,70.46894073486328,70.71594660303892,70.16615307287046,70.5087770573223,6183900
2017-06-15,71.21793365478516,71.40916990242656,70.30161913766761,70.30161913766761,7047500
2017-06-16,71.4410400390625,71.52868238387191,70.7637556581299,71.48884605970349,13855000
2017-06-19,71.60041046142578,71.60041046142578,71.0745198227423,71.3932408692991,5246200
2017-06-20,71.4171371459961,71.8792823159468,71.40120383076577,71.52868858990175,5674200
2017-06-21,71.23387908935547,71.6721151827294,71.14623065486109,71.40917595834424,4164500
2017-06-22,70.93905639648438,71.24184408807585,70.83547465304905,71.1302865686333,4536700
2017-06-23,71.24981689453125,71.55260462517137,70.8354837882584,70.93906554505202,8782100
2017-06-26,71.2020034790039,71.45697907466784,71.13028836320275,71.4171366682119,4373300
2017-06-27,70.60440063476562,71.20200022974733,70.60440063476562,71.20200022974733,5180400
2017-06-28,70.41316223144531,71.08247078158,70.325513814771,70.9788890523725,4875000
2017-06-29,69.31359100341797,70.29365712261527,69.26578497583209,70.13429356549882,8123500
2017-06-30,69.4410629272461,69.6960384700565,69.32154181175136,69.36138420994843,6070300
2017-07-03,69.91119384765625,70.1183634417909,69.46498802561088,69.6402849068711,3607400
2017-07-05,69.85540008544922,70.11834533945542,69.711975954091,70.00679391274312,4974300
2017-07-06,69.61637115478516,70.07851022244103,69.60840145802115,69.83947403139781,6038900
2017-07-07,69.8394775390625,69.97493199536656,69.54465953496153,69.87135024862188,5142200
2017-07-10,69.39324188232422,70.01475038690704,69.23388446828494,69.8235141951451,5356400
2017-07-11,69.13827514648438,69.68009893371271,68.77174818440291,69.50480818766228,5838600
2017-07-12,69.28966522216797,69.69603456041592,69.18608350340114,69.51276804972493,4374200
2017-07-13,69.08251953125,69.36140424097623,68.9231620506335,69.1382952573756,5448900
2017-07-14,69.40121459960938,69.55260840490782,69.10640276288625,69.28966318910399,4577700
2017-07-17,69.75979614257812,70.04664443856826,69.11438443705153,69.37732972155875,5227800
2017-07-18,70.62828826904297,70.72390637189758,69.68806486780898,69.80758597660322,7492300
2017-07-19,70.94950866699219,70.99769586199804,70.34722080712504,70.56404786767902,6008500
2017-07-20,71.1502914428711,71.72045670985082,70.91740600253446,70.92543822510902,7285000
2017-07-21,71.15830993652344,71.21452323011844,70.51586704390375,70.79693963866829,5714800
2017-07-24,70.81300354003906,71.15028332821558,70.6443636459508,71.11013447350312,6202000
2017-07-25,71.58392333984375,71.63210441079237,71.10209424998966,71.20648861264144,6766700
2017-07-26,71.71241760253906,71.808779748787,71.36710561597494,71.47149998334007,6987000
2017-07-27,72.82061767578125,72.87683096423582,71.47149262608251,72.50742847913591,11089200
2017-07-28,72.4432144165039,73.07762530546968,72.24245170962074,72.72428098078201,6137500
2017-07-31,72.93305206298828,73.13381470422385,72.4431907282303,72.4431907282303,7835700
2017-08-01,73.15792083740234,73.66384672231953,72.85276376331217,73.10170753094387,8662100
2017-08-02,73.10974884033203,73.31854377318135,72.70019119849458,73.05353552688702,7167700
2017-08-03,72.96520233154297,73.67991711367395,72.93307956161898,72.96520233154297,6413200
2017-08-04,72.81260681152344,73.14186054532001,72.70018020163941,72.82867125681585,5824400
2017-08-07,73.43096923828125,73.5273314159243,72.6921578245324,72.81261667337776,5011300
2017-08-08,73.54338073730469,73.83247946435635,73.2623142323351,73.39883137377885,5623400
2017-08-09,73.81640625,73.83247069225551,73.49518479957494,73.49518479957494,5572800
2017-08-10,73.67188262939453,73.8806775640991,73.63173376331515,73.76825093621011,6338200
2017-08-11,73.35063934326172,73.94490120244019,73.31049048907283,73.83247460784749,7094200
2017-08-14,73.599609375,73.84052094655073,73.27838781947412,73.51127329406059,5398400
2017-08-15,74.04126739501953,74.16975843973262,73.7842914323836,73.80838809835998,5293400
2017-08-16,74.23399353027344,74.6435448924657,74.03323089621432,74.11353472448009,7965500
2017-08-17,73.93688201904297,74.41871124180543,73.93688201904297,74.20189023593916,5711400
2017-08-18,74.25809478759766,74.50703852920132,73.76020117760004,73.86460168352953,6815000
2017-08-21,74.5712661743164,74.65156999492481,74.16974094448562,74.18579925789179,4334300
2017-08-22,74.51508331298828,74.65160047644372,74.35446947940133,74.61145161314045,4731500
2017-08-23,74.23399353027344,74.41066562853176,74.1055025036167,74.28217460187503,3631900
2017-08-24,74.09749603271484,74.33841372802395,73.91279777619715,74.23401932767881,5173700
2017-08-25,74.29022216796875,74.57128868835015,74.20991832311559,74.40264877612131,4933000
2017-08-28,74.25809478759766,74.45082522862018,73.86460168352953,74.29824364413263,5386500
2017-08-29,74.13764190673828,74.4347728775061,74.07339637898457,74.26613296224569,3676300
2017-08-30,73.77629089355469,73.94493085306543,73.60765093404395,73.94493085306543,4709600
2017-08-31,74.09749603271484,74.19386433619678,73.75218393706058,73.7923389285426,5864400
2017-09-01,74.3062744140625,74.41067491795178,74.08945343799806,74.21793835390547,4960700
2017-09-05,74.4588623046875,74.4749206229903,73.9127875805327,74.02521418902421,6532100
2017-09-06,74.4588623046875,74.611443899122,74.16976356091197,74.51507560893326,6747200
2017-09-07,74.65959930419922,74.97278848111353,74.14564752019683,74.47489500989123,7735400
2017-09-08,74.55524444580078,74.80419439713226,74.29024229865584,74.49100502858545,6070100
2017-09-11,75.47872161865234,75.63933540927907,74.60339943519786,74.7559748778062,10177300
2017-09-12,75.09326934814453,75.4707041407221,74.85235169809363,75.26190925246402,5804000
2017-09-13,75.12540435791016,75.3020703863876,75.04509437693973,75.08524936742494,5369300
2017-09-14,75.12540435791016,75.20570821208923,74.82827335797707,74.86842834846227,5492300
2017-09-15,74.90054321289062,75.34222359059085,74.53917281425677,75.34222359059085,12428800
2017-09-18,74.80415344238281,75.08521988504391,74.5712680679525,74.82021175619676,6177700
2017-09-19,75.623291015625,75.84814425532454,74.95675739309331,74.95675739309331,6587200
2017-09-20,75.80796813964844,76.02478907804407,75.35022960144515,75.62326382955736,5941500
2017-09-21,74.39461517333984,75.88828994170068,74.24203358219626,75.60722342653396,9376700
2017-09-22,74.0733871459961,74.68370733000052,73.94490223329463,74.32233700331328,6837700
2017-09-25,74.4588623046875,74.7559871442191,74.14567302006246,74.22597686515773,6436200
2017-09-26,74.40264892578125,74.56325661581064,74.04127243302915,74.53916607498529,4885200
2017-09-27,72.97322082519531,74.298249606191,72.54759879888078,74.298249606191,9631200
2017-09-28,72.98926544189453,73.17396976783235,72.78047057926692,72.96517490520473,4999800
2017-09-29,73.06156158447266,73.42293197943556,72.83670222287873,73.05352936128938,6634500
2017-10-02,73.69598388671875,74.20190991255143,73.27036785830198,73.2864323085022,7302400
2017-10-03,73.97703552246094,74.15370153672191,73.52732294702238,73.8485444646811,5909900
2017-10-04,74.2179183959961,74.52308147694642,73.89669700242189,73.9770069459068,6140700
2017-10-05,73.90473175048828,74.4026252339012,73.83246015102556,74.27413422136031,6912800
2017-10-06,74.14563751220703,74.16169582281961,73.78426119215302,73.88062943619164,5241900
2017-10-09,73.97703552246094,74.37856088783661,73.8244539230451,74.20188874678477,5149000
2017-10-10,73.57549285888672,74.7158231580229,72.16212218955783,74.17778076534744,17125600
2017-10-11,73.44700622558594,73.66383331588645,73.13381698563168,73.14987530164404,7115400
2017-10-12,74.00112915039062,74.1296140867382,73.3908088540641,73.40687330035199,5984900
2017-10-13,74.71585845947266,75.09329337280329,74.35448186878081,74.44281796027488,6956700
2017-10-16,74.79613494873047,74.9808392888271,74.45082293386376,74.6596178124969,4159100
2017-10-17,74.52310180664062,74.75598110055255,74.20188032543808,74.71583224464608,5316100
2017-10-18,74.49899291992188,74.64354225641122,73.88867894522387,74.50702514050161,7399700
2017-10-19,74.10255432128906,74.42618283952471,73.73847609621181,74.19155231812138,8585000
2017-10-20,71.40027618408203,72.78378221134408,70.86628815283994,72.5896075512111,19997800
2017-10-23,70.63166046142578,71.8938049520041,70.2837608681637,71.70771653912867,13358200
2017-10-24,70.37277221679688,70.72875811570756,70.21095483301744,70.68830839928924,11519000
2017-10-25,70.27568054199219,70.47794763860793,69.80641939639519,70.30804401817494,9024300
2017-10-26,70.79348754882812,71.01193330870409,70.4698589426359,70.54267831106272,6233800
2017-10-27,70.42131042480469,70.81775219076347,69.94395688511003,70.81775219076347,7433800
2017-10-30,69.79833984375,70.4536895549633,69.70934798372907,70.3161493853728,5387100
2017-10-31,69.85494995117188,69.98440383445573,69.35333158519914,69.97631142357527,7119000
2017-11-01,70.2999267578125,70.50219378293515,69.66885462706179,69.84685059680169,4884100
2017-11-02,69.9925308227539,70.42133622074178,69.76599258779457,70.21097664283499,5021200
2017-11-03,70.04915618896484,70.518417427059,69.95206574127887,70.21096742907166,5106500
2017-11-06,69.62035369873047,70.09770119748877,69.604168870435,70.02488798826938,5186700
2017-11-07,70.37277221679688,70.38895086882381,69.11062131412541,69.61224594478861,6875100
2017-11-08,70.85820770263672,70.87438635367727,70.22713537612732,70.38085416546829,6910000
2017-11-09,71.02003479003906,71.33557102387482,70.63168535118109,70.67213507418131,5280000
2017-11-10,71.32746887207031,71.51355113630918,71.02001894779481,71.18992256098312,7227300
2017-11-13,72.00711059570312,72.3388317085363,71.70775296992957,71.7401164569892,6873500
2017-11-14,71.90190124511719,72.04753378440883,71.57827269416896,71.79671841675582,5035500
2017-11-15,71.38410186767578,71.95853964443656,71.19801343475535,71.78863603491871,6688100
2017-11-16,72.2093505859375,72.73524625051547,71.82099506007481,72.6866979518441,7205100
2017-11-17,71.5458984375,72.07988021928006,71.26272581286662,71.96661116942671,5941800
2017-11-20,71.41645050048828,71.65108102973372,70.96337426343547,71.54590438118953,4926200
2017-11-21,71.78055572509766,72.17699754747761,71.2142040918523,71.34365801009211,6196400
2017-11-22,71.46497344970703,71.93423434179196,71.24652164666468,71.60251351965306,6006900
2017-11-24,71.56210327148438,71.97472991705632,71.53783220516294,71.67537236278608,2196700
2017-11-27,71.97474670410156,72.08801582182161,71.31940306976354,71.46503567436132,6199700
2017-11-28,72.3307113647461,72.42779561573411,71.93426960357458,72.39543831387252,4841300
2017-11-29,72.31454467773438,72.66244440066578,72.03137192016304,72.33072950542598,5158900
2017-11-30,72.80805969238281,73.11550961846342,72.17698736177776,72.29025643790166,9789900
2017-12-01,73.10742950439453,73.24496966672407,72.10418630166323,72.96179692878009,7953200
2017-12-04,73.95691680908203,74.36145085265596,72.67858774994049,74.24008940504385,9003700
2017-12-05,73.94886779785156,74.30485376767655,73.68187369095538,74.0459520747569,8683000
2017-12-06,73.8274917602539,74.25629702613318,73.68185920083245,73.94076084283704,6737400
2017-12-07,72.8970718383789,73.6818692841771,72.72716819125294,73.66569062989491,7273600
2017-12-08,73.11550903320312,73.11550903320312,72.47634429579071,72.83233017245841,5883400
2017-12-11,73.00223541259766,73.08314100804367,72.61387991267502,73.00223541259766,4856000
2017-12-12,72.69477844238281,73.22876643128657,72.67050738337821,73.18021814057673,6558900
2017-12-13,73.52812957763672,73.95694098909144,72.79188058742149,72.832330301384,7141000
2017-12-14,73.6252212524414,73.9731208964764,73.54431565044061,73.57667912578128,5853500
2017-12-15,74.34529876708984,74.6527425533961,74.01358391511499,74.08639711212079,15924000
2017-12-18,74.33719635009766,75.35662417990228,74.28056181359193,74.41810812170715,7405700
2017-12-19,74.17537689208984,74.53945513298258,74.09447130219155,74.43427848338489,5644400
2017-12-20,74.05403137207031,74.41002345154422,73.90839880980391,74.272483301821,6938500
2017-12-21,74.16731262207031,74.499033691027,74.05404351869564,74.15922638090296,4860400
2017-12-22,74.53946685791016,74.78218983848578,74.20775203533874,74.33719976499775,4919400
2017-12-26,74.82263946533203,75.05726384150054,74.55564544358005,74.71745663528964,3431900
2017-12-27,74.51521301269531,75.0411088103272,74.37767283918177,74.8307492567338,4276700
2017-12-28,74.49091339111328,74.8711764555334,74.36146568116011,74.67700180425322,3005400
2017-12-29,74.33719635009766,74.80645746554599,74.33719635009766,74.62846144432756,4346700
2018-01-02,73.34204864501953,74.37765516632727,73.26114304292395,74.36956275430718,7558900
2018-01-03,73.25304412841797,73.6980279867945,73.23685930581448,73.40676907964504,5863600
2018-01-04,73.77084350585938,74.24819081191207,73.30967484886742,73.48767085203991,6322500
2018-01-05,73.81939697265625,73.86794527270267,73.27732264163562,73.84366803632854,5949700
2018-01-08,74.20775604248047,74.24820575962612,73.5685912536388,73.5685912536388,4860700
2018-01-09,73.66566467285156,74.15110437540382,73.63330120298798,74.00547184736807,6630100
2018-01-10,73.19641876220703,73.55241083165552,72.82424804082997,73.55241083165552,6564700
2018-01-11,72.93749237060547,73.2368436249621,72.7514039867163,73.13975940093289,5469700
2018-01-12,72.50062561035156,73.09124213282652,72.29026608118804,72.85661771005867,8111000
2018-01-16,72.9941635131836,73.43914749953134,72.5249022859488,72.92943654955748,9465300
2018-01-17,73.78703308105469,74.21584450342215,73.16405315040309,73.26922981662428,8345500
2018-01-18,73.51802062988281,73.90118274257732,73.10224831400576,73.56693282477647,7699800
2018-01-19,74.24356079101562,74.39845765997639,73.56691324948648,73.59952344399183,9364000
2018-01-22,74.91207885742188,74.93653495640153,73.99901177036372,74.08868827979624,8658000
2018-01-23,72.59678649902344,73.54245726197409,72.22992647514126,73.22451563979804,18756300
2018-01-24,71.9935073852539,72.68646313638911,71.4962128018494,72.60493453995532,15141900
2018-01-25,72.01797485351562,72.5967981247951,71.7489515899639,72.29515844171026,11264400
2018-01-26,71.52069091796875,71.87939069855997,71.11307272475506,71.87939069855997,11503100
2018-01-29,70.81141662597656,71.52882224080071,70.67282796511711,71.48806416277306,11685800
2018-01-30,70.884765625,71.2842357314633,70.62389036147137,70.77878718723292,9662900
2018-01-31,70.38748931884766,71.25979800889891,70.17553238869844,70.77065132145674,11798100
2018-02-01,69.98802185058594,70.51792658913803,69.75160262200859,70.23259518215096,8606300
2018-02-02,68.68366241455078,69.79238434695398,68.65105221421425,69.75162004159338,12846300
2018-02-05,66.08305358886719,68.78149001626957,65.30042747419684,68.47169623646126,17462200
2018-02-06,67.15916442871094,67.21623072115324,65.31673486142566,65.65097851151357,19955500
2018-02-07,66.71894073486328,67.98255958110714,66.70263874435321,67.0939549339528,11851800
2018-02-08,65.39826965332031,67.02874256925546,65.34120335005301,66.87384565191823,14596100
2018-02-09,65.15367889404297,66.05859161921792,64.0694132006699,66.01783353901948,18838800
2018-02-12,66.30316925048828,66.58034660482471,65.69174203029513,65.71619812394135,10769000
2018-02-13,66.4417495727539,66.71077900855128,65.96076320550273,66.15641814982875,9278700
2018-02-14,65.77324676513672,66.24608518127322,65.43899698897752,66.08303423445494,9412000
2018-02-15,67.18362426757812,67.18362426757812,65.62652000010368,66.00968204371296,8910700
2018-02-16,67.33850860595703,67.86841337778334,66.9553465983325,67.02056698681297,10371700
2018-02-20,66.31131744384766,67.02872936619283,66.0912063802477,67.00427327243277,7087700
2018-02-21,65.41454315185547,66.69446358455342,65.37378507856725,66.28684553312404,9134500
2018-02-22,65.90370178222656,66.26240775693599,65.35749493510782,65.6020683214569,10277700
2018-02-23,66.07489776611328,66.13196405241824,65.6102133719847,66.04228757111635,10321800
2018-02-26,66.54773712158203,66.59665552915932,66.07490479323712,66.40099433836896,9422200
2018-02-27,65.65913391113281,66.84937819109085,65.63467781671223,66.7597016983757,8919600
2018-02-28,64.01236724853516,65.86295758675246,63.99606525522862,65.77328107416426,16862000
2018-03-01,64.1590805053711,64.63191895028709,63.50689533767547,63.914513399894496,13504200
2018-03-02,64.81127166748047,64.94171243242087,63.930815163406734,63.97973356013839,9317700
2018-03-05,65.45531463623047,65.53683701152133,64.52594587444585,64.63192434034812,8177000
2018-03-06,65.23521423339844,65.56131003856063,64.70531554724005,65.5531621527577,9085300
2018-03-07,64.53409576416016,64.9254056279092,64.32213262643718,64.83572915501709,9089500
2018-03-08,65.19445037841797,65.21075236834204,64.41997213219314,64.54225882578228,7951700
2018-03-09,65.45531463623047,65.83032253837527,65.13737301876513,65.36563815748296,7662200
2018-03-12,65.10478210449219,65.72436353574777,65.0232597050597,65.40642182412881,7182000
2018-03-13,64.99065399169922,65.37381613724195,64.69716835765631,65.21891921378574,9620200
2018-03-14,64.40365600585938,65.08845138803265,64.28952344216383,64.96617094104332,8898100
2018-03-15,64.13462829589844,64.51779029272065,64.0286498324244,64.47702599612997,6996900
2018-03-16,64.37918853759766,64.72158616816635,64.27320387592844,64.34657835091153,17715400
2018-03-19,64.12647247314453,64.86833406513259,63.80852468256949,64.37919366539487,8368200
2018-03-20,63.84114456176758,64.48518190341574,63.555813136925636,64.19169637507585,8465500
2018-03-21,62.8057861328125,63.784066906380566,62.67534537913277,63.629176286082725,9822800
2018-03-22,62.292205810546875,63.197112339851564,62.25959561367189,62.634603548095576,10481600
2018-03-23,61.88458251953125,62.919929750012294,61.80305392426182,62.601988131688906,11728300
2018-03-26,62.292205810546875,62.66721374497056,61.97425794595556,62.422640378287724,12937000
2018-03-27,63.4172248840332,63.947129659151926,62.20252468489051,62.390025528238624,11288200
2018-03-28,64.27320861816406,64.51778192647672,63.547649015196136,63.547649015196136,12857800
2018-03-29,64.63191986083984,65.6183548389361,64.55039749119913,64.75420652517997,10036400
2018-04-02,63.09929275512695,64.70530930942303,62.82210917054449,64.61563281615456,12017200
2018-04-03,63.96343994140625,64.2406235202369,62.9199384629461,63.229726020689135,11933100
2018-04-04,64.4444351196289,64.8275909745616,63.254184590676594,63.44169168543912,9030800
2018-04-05,64.2406234741211,64.66454361703143,64.00420419873977,64.47703652974299,7864700
2018-04-06,63.938968658447266,64.69713849312284,63.50689451326532,63.8900564819385,8300800
2018-04-09,63.71888732910156,64.2813962802821,63.23789456357293,64.24063818745614,9031200
2018-04-10,63.89008331298828,64.27323922281228,63.53953138802373,64.16726072261763,6779000
2018-04-11,63.80854797363281,64.15095197621362,63.62104709150895,63.743333791019246,7143500
2018-04-12,63.4172248840332,64.15908659339252,63.41722488403321,64.11017441160755,8282300
2018-04-13,63.89008331298828,63.947149616133174,63.360178372493884,63.63735578212324,6198500
2018-04-16,64.08572387695312,64.28953294507224,63.62103945043192,64.04495957542564,5962200
2018-04-17,63.938968658447266,64.3547408180456,63.66993924813317,64.34658671537483,6492400
2018-04-18,63.7514533996582,64.14276942057167,63.604710669285296,64.06124706364386,7349400
2018-04-19,61.66737747192383,62.30092178224093,61.05029228196869,62.029402792105024,16955600
2018-04-20,60.721195220947266,61.64270523917253,60.67182412903077,60.91866075666465,14085000
2018-04-23,60.06295394897461,60.86928129825328,59.86548846076308,60.548391248601845,13653400
2018-04-24,59.65156555175781,60.334474636354194,59.363593732143336,60.11232046314098,16551700
2018-04-25,59.48701477050781,59.8572633732306,59.19903666026214,59.57752110047385,14208800
2018-04-26,59.85724639892578,60.071170961573124,59.5445922514515,59.70914574437199,11204300
2018-04-27,59.906620025634766,60.12877417888272,59.412953196759965,59.676242590647476,8144800
2018-04-30,59.51991271972656,59.99712671073108,59.37181831974,59.988903428941384,13076500
2018-05-01,59.207252502441406,59.51168338518451,58.960422250253814,59.281305972217275,8103800
2018-05-02,58.368038177490234,59.24841287283913,58.195255062774926,59.190818501267366,10830900
2018-05-03,58.71359634399414,59.00979772206289,58.20347035347243,58.26106471713498,9386500
2018-05-04,59.59395980834961,59.75029002799539,58.697126281583884,58.7300382371574,8107400
2018-05-07,59.22373580932617,60.24398174518499,59.149682309302634,59.791450015364084,6633600
2018-05-08,58.77941131591797,59.33890202514155,58.50789238115199,59.28130767025003,8084100
2018-05-09,59.54459762573242,59.69269829365325,59.02624214935255,59.050924547787034,7528400
2018-05-10,60.18637466430664,60.34269863835285,59.807896514398266,60.0135915704777,7618500
2018-05-11,60.36738204956055,60.968008045597465,60.10409265184962,60.58130036954702,7586200
2018-05-14,60.29332733154297,60.704717399337135,60.13699709704062,60.704717399337135,8646900
2018-05-15,60.02180862426758,60.40029301221353,59.73383683110374,60.31800997646875,11502800
2018-05-16,60.499027252197266,60.82814058847931,60.03004278812267,60.0465019074599,8325000
2018-05-17,60.85283279418945,60.88574476085159,60.39207781555108,60.490807438221715,8053600
2018-05-18,60.433197021484375,60.94332295334052,60.15345479509863,60.869275755996334,7042700
2018-05-21,60.93510437011719,61.09143462908738,60.408525503108926,60.680044496904976,6428400
2018-05-22,60.91040802001953,61.65914090226693,60.74585451575017,61.26420370378111,7744200
2018-05-23,61.03382110595703,61.13255696652564,60.655343056413955,60.90217329186556,6592500
2018-05-24,60.696468353271484,61.173682185255025,60.548367725321846,60.95153438198669,6508900
2018-05-25,61.140785217285156,61.39585130849435,60.68003038513505,60.803448651550625,7546500
2018-05-29,60.92686080932617,61.46166278131711,60.69647713903603,60.935084089565954,8905600
2018-05-30,61.618003845214844,61.724963002996375,60.92687154450788,61.15724897807687,8128600
2018-05-31,60.20281982421875,61.45344912088377,59.89839519755075,61.43699000320141,15526000
2018-06-01,60.433197021484375,60.67180400845027,59.94775976605707,60.33446742502546,7209300
2018-06-04,61.03382110595703,61.39584631739532,60.4331889394629,60.50724240421768,8743800
2018-06-05,60.8610725402832,61.19840926972079,60.556641505698735,61.11613247795432,6910100
2018-06-06,61.1736946105957,61.23128896220154,60.65534544614321,60.943317204172374,7002900
2018-06-07,62.33381271362305,62.852161838455935,60.96799494091776,61.033818845525666,13476100
2018-06-08,63.50215530395508,63.5268376975066,62.31735019498021,62.40785648954427,13625300
2018-06-11,63.790157318115234,63.92180518265973,63.255348853705684,63.32940234684088,9049400
2018-06-12,63.55152893066406,64.08633721548208,63.4445697846259,64.02874286341327,8786000
2018-06-13,62.91801071166992,63.68319664378502,62.69585651478605,63.68319664378502,8022400
2018-06-14,62.523067474365234,62.992051951029545,62.28446045608831,62.992051951029545,8895200
2018-06-15,63.666717529296875,63.77368295247137,62.46545941862866,62.662931148806074,14943500
2018-06-18,62.39963912963867,63.436343802632884,62.02939059936913,63.23887833831006,7384900
2018-06-19,62.80280303955078,63.090774803039295,62.17748844075169,62.19394127981661,8514000
2018-06-20,62.407867431640625,62.819257469129774,62.152807617137775,62.819257469129774,6603500
2018-06-21,62.893333435058594,63.39522996249314,62.144600285919296,62.144600285919296,8691200
2018-06-22,63.707862854003906,63.87241636168329,63.164824979496835,63.181284096653144,11446400
2018-06-25,64.00407409667969,64.12749238519974,63.502177660062365,63.584454426637436,11300500
2018-06-26,64.17684936523438,64.43190919371465,63.650270590576554,64.00406629329798,9558500
2018-06-27,63.921791076660156,64.7610240573279,63.814825640993526,64.26735722885779,7873300
2018-06-28,64.21798706054688,64.44013491772674,63.897103335001646,64.06165683829683,5714400
2018-06-29,64.22622680664062,64.62116410403453,63.59268875149512,64.11926762981007,7679900
2018-07-02,64.28382873535156,64.43192945462715,63.69965541968567,63.765479356545065,6092800
2018-07-03,64.09456634521484,64.80215768151015,63.9958304806224,64.62114506841411,5897200
2018-07-05,65.17241668701172,65.20532864717762,64.2755893124202,64.29204215384588,7956100
2018-07-06,65.25468444824219,65.5097505350183,64.91734788837063,65.31227880125995,7244000
2018-07-09,64.0616455078125,64.85974303999473,63.99582160721109,64.55531220769772,9095900
2018-07-10,65.67430877685547,65.77304465086237,64.16861965414942,64.23444357015403,12773500
2018-07-11,65.13127899169922,65.69076346150376,65.0243135558601,65.51798038512631,7851600
2018-07-12,64.90911865234375,65.4274678320767,64.64582928333934,65.27936716967962,8556800
2018-07-13,65.25468444824219,65.38633227074776,64.91734788837063,65.06544855003254,6021300
2018-07-16,65.4356918334961,65.51796857732664,64.8597483493691,65.17240248685044,6931200
2018-07-17,65.84711456298828,66.23382235627128,65.4521834853536,65.54268983175244,8983400
2018-07-18,65.59204864501953,65.99520924743031,65.27116481981075,65.59204864501953,9105100
2018-07-19,65.36537170410156,65.7472846960747,64.66796068907105,65.10799073777305,8010600
2018-07-20,65.32388305664062,65.63937487219526,65.02499340641552,65.02499340641552,8234700
2018-07-23,65.18272399902344,65.53973062810407,64.95855365777393,65.16611550411652,5881600
2018-07-24,65.58122253417969,65.59783102486679,64.37736666497769,64.37736666497769,8297100
2018-07-25,65.97975158691406,66.08768145171523,65.3570661341637,65.3570661341637,6208400
2018-07-26,66.49452209472656,67.05909067238224,65.9797726765281,66.0544919142849,9771100
2018-07-27,66.90132904052734,67.10889086579509,65.97144978298553,66.14580095609632,7492900
2018-07-30,66.5858383178711,66.83491506923438,66.28694874994912,66.47790843723229,7090700
2018-07-31,67.15042114257812,67.23345096695931,65.94656470048606,66.74360160711261,9878200
2018-08-01,66.95944213867188,67.10058265127957,66.5111078624911,66.76848248363265,7556700
2018-08-02,68.08029174804688,68.2629472028078,66.9096397885076,67.08399732935061,9261700
2018-08-03,68.35425567626953,68.99354325357379,68.01385127295687,68.1965066762677,7102800
2018-08-06,68.51200103759766,68.85240545430356,68.20481360565554,68.24632216804247,5669200
2018-08-07,68.61164855957031,68.64485921758693,67.85612667611959,68.42069519383143,6418000
2018-08-08,68.3708724975586,68.74448763017558,68.16331064642193,68.16331064642193,4891300
2018-08-09,67.58214569091797,68.44560382450918,67.49912221032537,68.44560382450918,5167400
2018-08-10,67.6070556640625,67.88103886531196,67.25004897784571,67.49912576703356,5566000
2018-08-13,67.68177032470703,68.14671321080675,67.37458281766635,67.83121512125953,5068100
2018-08-14,67.50743103027344,67.84783559026697,67.44101603564128,67.57385235919216,6226900
2018-08-15,68.3293685913086,68.38748566022188,67.09229531341997,67.49912113009846,8753500
2018-08-16,69.48338317871094,69.74075775775118,68.33763810446403,68.46217643874515,12368000
2018-08-17,69.48338317871094,69.9068046472708,69.40865764442914,69.51659382347142,8409300
2018-08-20,69.44189453125,69.69926920755202,69.16791135915,69.64945638872847,6795800
2018-08-21,69.65775299072266,69.74077645774402,68.98524833899523,69.38376984869609,8534500
2018-08-22,69.23433685302734,69.61624993372725,68.96035366438863,69.58303927441175,5132600
2018-08-23,69.10980224609375,69.40869186200398,68.77770196905063,68.91884886243696,4323200
2018-08-24,69.20940399169922,69.36715297958804,68.93542090777122,69.09316989566004,5356000
2018-08-27,69.27583312988281,69.59132480710421,68.92712446799362,69.32564593831675,3941500
2018-08-28,69.30906677246094,69.62455855434179,69.17622412685681,69.50832440658115,5405200
2018-08-29,69.31735229492188,69.54152263573141,69.15130535188764,69.33396078979621,4520400
2018-08-30,69.25093841552734,69.52491524244637,69.0682829747247,69.23432992038987,4549700
2018-08-31,68.86901092529297,69.35055587898982,68.40407446477695,69.20111111178336,6674900
2018-09-04,68.66145324707031,68.8773193314681,68.13839969740195,68.4788041510402,5800700
2018-09-05,69.15131378173828,69.300758582401,68.17162149612389,68.17162149612389,7651900
2018-09-06,68.61996459960938,69.16792471533417,68.48712194471462,68.83583074667014,7541100
2018-09-07,68.00554656982422,68.24631266728886,67.4575804146158,68.16328921978902,11110900
2018-09-10,68.39578247070312,68.99356164661599,68.36257181267626,68.56183576083744,6783000
2018-09-11,68.0886001586914,68.42899834441268,67.77310205053149,68.18822580608015,5210300
2018-09-12,69.00186920166016,69.05998627242113,67.83121720367888,67.99727050177142,5925200
2018-09-13,69.28412628173828,69.31733692984052,68.61993232254368,69.13468153241989,5328400
2018-09-14,69.41697692871094,69.46678973950245,68.88561916598758,69.30074281400796,5004100
2018-09-17,69.94834899902344,69.9649511612551,69.19282076463037,69.3256633996256,7098800
2018-09-18,69.74078369140625,69.9815562047408,69.39208129317765,69.9815562047408,6022800
2018-09-19,69.74078369140625,69.9815562047408,69.54982399659431,69.674362377186,6157600
2018-09-20,70.86991882324219,71.10238708258484,69.93174153824218,69.98155435544847,10053000
2018-09-21,71.2518310546875,71.63374409557198,71.00275430293091,71.24352680715296,17402500
2018-09-24,69.96493530273438,71.16049340955979,69.93173098579726,71.09407210711748,6389400
2018-09-25,69.01017761230469,70.08119769602622,68.97696695068316,69.97326146218477,5657200
2018-09-26,69.12638854980469,69.73246550160438,68.93542889317224,69.11808430361617,6581000
2018-09-27,68.7942886352539,69.43357623990147,68.75277373844082,68.94373339578351,6277600
2018-09-28,69.10147094726562,69.15128374775648,68.7361601855783,68.93541772182462,5125800
2018-10-01,69.46678924560547,69.50830414382601,69.05166560053655,69.16789971441311,4899900
2018-10-02,70.03966522216797,70.1060865287551,69.21772213957662,69.30904985256282,7390900
2018-10-03,68.93543243408203,70.17249913978964,68.78598766643194,70.10608416972177,7958700
2018-10-04,68.01387786865234,68.49542296853862,67.33307513009407,68.49542296853862,7029900
2018-10-05,68.20482635498047,68.45389677871175,68.06368581477089,68.06368581477089,5454600
2018-10-08,68.41239166259766,68.69467275726872,67.87272954917223,68.06368925119737,7192300
2018-10-09,68.24633026123047,68.67806243438329,68.13009613790886,68.40407928614607,6268100
2018-10-10,67.6153564453125,68.64486154153994,67.6153564453125,67.92254395736663,9295800
2018-10-11,65.48161315917969,68.05537877103954,65.31555988256255,67.78139561533487,12560300
2018-10-12,65.63933563232422,65.90501445877803,65.16609502475703,65.89671654821716,9878700
2018-10-15,66.52772521972656,66.86812971126335,65.52312657543442,65.59785213901199,9691500
2018-10-16,67.25833129882812,67.32474626457763,66.33675634728844,66.34506059336356,9462600
2018-10-17,67.96406555175781,68.22974451673971,66.73529637978768,67.05079450552543,10375300
2018-10-18,67.20771789550781,68.12905873676424,67.00669958602165,67.60138327801678,9869500
2018-10-19,73.12103271484375,73.50632030852896,71.07732719244432,71.07732719244432,30276400
2018-10-22,72.53473663330078,73.07078961241828,71.38725122030971,72.64362658828925,14124100
2018-10-23,73.0037841796875,73.12104536369117,72.04056183372434,72.04056183372434,16269500
2018-10-24,74.93021392822266,75.9688156066673,73.05402880807162,73.10428176969256,26703500
2018-10-25,74.54493713378906,74.8213412433397,73.12941886692863,73.79948827367161,14647000
2018-10-26,73.5901107788086,74.687343476136,73.19644538320827,74.28530684379396,14335900
2018-10-29,73.90836334228516,74.89671208900184,73.23830040280647,73.95024507173902,12878900
2018-10-30,74.70408630371094,74.90510458644418,73.88325153131154,74.41930454543751,13844000
2018-10-31,74.27690887451172,74.8129618309965,73.09591301115117,74.35228832608522,13362400
2018-11-01,75.03912353515625,75.24014823196201,73.85813379514192,74.38580924617938,9732400
2018-11-02,75.22338104248047,75.34064223521537,74.52819151133949,75.28201163884792,11336000
2018-11-05,76.38764190673828,76.5886666247311,75.23177853443795,75.29040914628817,12270100
2018-11-06,76.64727783203125,76.66402669249503,75.7426860008485,76.10284720824964,8857800
2018-11-07,76.46304321289062,76.73944746324896,75.90186347326036,76.71431457573198,9019800
2018-11-08,76.52164459228516,76.66403228250479,75.94370981517969,76.17823222030762,6614400
2018-11-09,77.4011001586914,77.61886728418466,76.36249193912401,76.51325723614151,10713500
2018-11-12,77.64398193359375,78.27216951037123,76.84828022577742,77.2335678393704,12522100
2018-11-13,78.28895568847656,78.37271278708722,76.71429411746519,77.03258003854553,13438700
2018-11-14,78.30567932128906,78.64909162227632,77.88688757291726,78.24704873212721,11623000
2018-11-15,78.59046173095703,78.6490923206395,77.6607435300958,78.17166997886656,12506000
2018-11-16,78.58208465576172,79.41129054142378,78.45644585120564,78.58208465576172,13013500
2018-11-19,78.13817596435547,78.89200249353507,77.8198964921489,78.49833717328262,9458300
2018-11-20,77.14144897460938,78.55696731620128,76.94043069807601,78.09629377596256,12074000
2018-11-21,76.56351470947266,77.36759414367543,76.4211206506123,76.77291059515844,8911800
2018-11-23,76.67243194580078,77.04934214948054,75.91022751980458,76.42953184488742,4399600
2018-11-26,77.00743103027344,77.3927186834263,76.3457392812973,76.3457392812973,8171400
2018-11-27,77.66073608398438,77.7779972521063,76.93203620472292,76.99904441229386,9023400
2018-11-28,77.90365600585938,78.07954780311297,77.23358653895951,77.58537013346672,8093700
2018-11-29,77.74449920654297,78.14654209304324,77.6104891712128,77.77800331293923,6126900
2018-11-30,79.16002655029297,79.27728774118386,77.68587764876452,78.04603884657386,16291800
2018-12-03,78.16332244873047,79.29405933667618,77.27548563734838,79.29405933667618,13934700
2018-12-04,78.1549072265625,79.45316408949887,78.03764605845585,78.30567249845025,11123600
2018-12-06,78.3559341430664,78.42293596233564,76.2871020033643,77.64398309982137,14199200
2018-12-07,77.43460845947266,78.54859628465083,77.17495956422674,78.38945334098071,7996800
2018-12-10,77.92040252685547,78.23031076428447,76.53001705163918,78.10467194423185,9307600
2018-12-11,78.65748596191406,79.16840612446808,78.23031649852621,78.49834301883193,8743800
2018-12-12,78.75799560546875,79.19354271529515,77.97904249583364,78.90876092959995,9644000
2018-12-13,80.81844329833984,81.06972094539762,79.40293129799869,79.46156189694472,18541300
2018-12-14,80.94408416748047,81.16185770775036,80.4247799992234,80.7849412276383,12657300
2018-12-17,77.70264434814453,80.82683465480504,77.39274243975076,80.40804276540192,12427600
2018-12-18,77.46810150146484,78.15491976351495,76.94042616033971,78.00415446744272,12250600
2018-12-19,76.85667419433594,78.18842907300325,76.46300887339478,77.51836601609254,10825600
2018-12-20,76.20336151123047,77.25034104930914,75.49141031313219,76.64727981293487,14439200
2018-12-21,76.19497680664062,78.03765806635951,75.68405032830618,75.89344621646767,24030000
2018-12-24,73.17130279541016,75.93533119329156,72.76925986125707,75.75943301629883,7396300
2018-12-26,75.45792388916016,75.45792388916016,72.65201934742899,73.22157660526382,8630900
2018-12-27,77.0744400024414,77.09957287823737,73.87487090845299,75.05586685088937,11360100
2018-12-28,76.370849609375,78.12977335482617,76.08606794930462,77.52671232432776,9611800
2018-12-31,76.99067687988281,77.20845038790452,76.34574037068097,76.74777688829231,7239500
2019-01-02,76.45463562011719,76.5467703341278,75.32389895483524,76.24523970468512,9843900
2019-01-03,75.91858673095703,77.47649293801219,75.70081317775133,76.16986439929104,9820200
2019-01-04,77.46810150146484,77.46810150146484,75.69242844800893,76.08608735251188,10565700
2019-01-07,77.15821075439453,77.476490251693,76.55514948350792,76.982318948762,9012500
2019-01-08,77.44297790527344,77.97065326607736,76.90692491930433,77.64399617744793,9551300
2019-01-09,76.17822265625,77.86176741063234,76.060961468408,77.63562265986717,15015600
2019-01-10,76.36249542236328,76.67240365543985,75.89345065036046,76.12797303636188,11102300
2019-01-11,76.86503601074219,77.0409341715178,76.31223421628547,76.7812789376736,7166600
2019-01-14,76.34573364257812,76.98229886132876,76.0944560485239,76.63888657547162,7952000
2019-01-15,77.06605529785156,77.56860409158791,76.33735539326833,76.3457330170694,7834500
2019-01-16,76.530029296875,77.18334359737555,76.21174338311339,76.83993119363421,7964500
2019-01-17,76.51904296875,77.29571309115445,76.27422177870542,76.57813729456777,8044500
2019-01-18,77.17754364013672,77.53210968325402,76.85674671171631,77.13533707736565,9100300
2019-01-22,76.35018920898438,77.45609985429577,75.20206557871414,77.15218439682441,13518500
2019-01-23,80.06472778320312,81.39014125731762,79.04323631275773,79.50755354514175,22869000
2019-01-24,79.6088638305664,79.82835340237519,78.67179188378373,79.60041994217386,12146400
2019-01-25,79.01790618896484,80.10693581491086,78.56203287293171,79.71015683017094,10618000
2019-01-28,78.95035552978516,79.33025312035124,78.48604484015732,78.78151645006558,9765600
2019-01-29,78.96724700927734,79.45688938056715,78.5957932874991,79.17829908923346,9769800
2019-01-30,79.7945556640625,79.91275073675777,78.99256045607007,79.02632955672622,7750200
2019-01-31,81.44076538085938,81.72779307479662,79.42310831555622,79.71857989484378,16044400
2019-02-01,82.28498840332031,82.4031770563358,81.03555721898697,81.33947273839782,12720800
2019-02-04,82.75772857666016,82.91813019525247,81.65181789890664,82.06547811228967,11887500
2019-02-05,82.25965881347656,82.74929473247245,82.06548807052437,82.72396951400003,9772300
2019-02-06,82.66490173339844,83.00258644998655,81.98953874102246,82.0992835365735,8693900
2019-02-07,82.00638580322266,82.39472081071098,81.33101665232273,82.32718260746147,8732500
2019-02-08,82.48757934570312,82.49602323080872,81.63492729235887,81.89663620425493,7483200
2019-02-11,82.96034240722656,83.06164971654104,82.25121056441867,82.30186099867699,8494100
2019-02-12,83.79611206054688,83.86364382502647,82.71552653930021,83.05320468409147,11238800
2019-02-13,83.77922058105469,84.16755558301651,83.58505630047252,83.82143356768427,11587200
2019-02-14,83.1207504272461,83.42466593775728,82.5973389500772,83.3233586206541,7930100
2019-02-15,83.13763427734375,83.74545882888536,82.9434635389249,83.53440675881176,12069100
2019-02-19,84.41238403320312,84.42082791941851,83.12919028277909,83.20516593632352,10098200
2019-02-20,83.81300354003906,84.60656144614227,83.52597579405193,84.23510771293677,8947400
2019-02-21,84.235107421875,84.30264563509691,83.23049743279422,83.66104549108577,7444800
2019-02-22,84.63187408447266,84.75850660567627,83.91429838538228,84.15911954216324,7925400
2019-02-25,84.05781555175781,84.8007164962248,83.85520737432098,84.72474084498516,7436100
2019-02-26,84.27731323242188,84.5727848390867,84.10846771375772,84.28575067775661,7115300
2019-02-27,83.50065612792969,84.10848076705871,83.42467402253921,83.86365955759888,6013600
2019-02-28,83.19671630859375,83.74544645708221,82.79993744494426,83.50063175986583,10575400
2019-03-01,83.10388946533203,83.39091727295016,82.5889217485584,83.2474033691411,7733200
2019-03-04,83.46688079833984,83.47531824435521,82.63110990532768,83.21361572031219,6895300
2019-03-05,83.65260314941406,84.15068943012787,83.50065182805578,83.50065182805578,6274600
2019-03-06,83.51753997802734,83.66105386488962,83.07011054204547,83.45844564574293,4622300
2019-03-07,83.19671630859375,84.08313100747307,82.94345128560133,83.55128218814548,8408600
2019-03-08,83.07855987548828,83.7285975732264,82.52137918531311,83.42468200418531,5144500
2019-03-11,84.0662612915039,84.15068083056434,83.16295869788144,83.39933598356986,7544400
2019-03-12,84.46304321289062,84.85981570466099,84.19289681381387,84.23510336444568,7597500
2019-03-13,85.41698455810547,85.76310656531697,84.3870495401636,84.41237475522819,9883300
2019-03-14,85.53518676757812,85.92352182207668,85.02866306348427,85.21438992450497,8590200
2019-03-15,86.480712890625,86.86060410455629,85.88132568334719,85.90665090550273,30802700
2019-03-18,85.69557189941406,86.35405323195295,85.43386299076101,86.15988252171341,8442800
2019-03-19,86.02481842041016,86.22742658864279,85.50985089385418,86.0332623059858,7334100
2019-03-20,85.87287902832031,86.37095889012552,85.30726094907743,85.88132291569974,7513800
2019-03-21,86.5229263305664,86.8774987913491,85.5014348306345,85.5014348306345,8221000
2019-03-22,85.82221984863281,87.08008842655894,83.585066539952,86.514470404898,11035900
2019-03-25,86.07547760009766,86.39627443580162,85.4845343656961,85.82221897426766,6955500
2019-03-26,86.97034454345703,87.35868606647169,86.44693946954814,86.48070857767111,6909400
2019-03-27,86.86904907226562,86.97034996214727,86.14302930438429,86.75086040687091,6037100
2019-03-28,87.41779327392578,87.52753806089396,87.04633947064923,87.2151785953387,6793700
2019-03-29,87.83988952636719,87.92430908102335,87.04633154284106,87.67948786396106,7535400
2019-04-01,87.49374389648438,87.99183012106528,87.07163976481829,87.99183012106528,6626500
2019-04-02,87.58660888671875,87.8145422879427,87.17294863371336,87.46842024300292,6088800
2019-04-03,87.53597259521484,87.70481170186207,86.74241462421499,87.44310915431916,5226500
2019-04-04,87.31647491455078,87.51908312676723,86.7761820547743,87.35868791079538,4786100
2019-04-05,87.50220489501953,87.53597400505267,87.09698201542108,87.4684357849864,4281800
2019-04-08,88.61653137207031,88.76004521313298,87.37554434933483,87.73855411489149,8468600
2019-04-09,88.35485076904297,88.43927031757104,87.9158588114191,88.26198733342248,5820300
2019-04-10,88.34640502929688,88.64187666334833,88.00027651455193,88.35484891621222,5394300
2019-04-11,88.43084716796875,88.68411231374364,88.11005023201407,88.28733325773642,5078400
2019-04-12,88.6925277709961,88.6925277709961,87.94118284983769,88.43082524183714,6707900
2019-04-15,89.25814056396484,89.30034711172964,88.46458275273257,88.624984380313,5639200
2019-04-16,89.84063720703125,89.90817541040795,89.19059971172383,89.46918997005454,8136100
2019-04-17,89.99026489257812,90.55137878241739,89.56518097103901,90.34733382996717,6778100
2019-04-18,90.16029357910156,90.72140092807138,89.9732556340232,90.13478309782839,7248900
2019-04-22,90.12629699707031,91.13799234365202,89.89674804168948,90.22831298944753,9057200
2019-04-23,87.70333099365234,88.51098797152085,86.82765253513921,88.4259724716821,15979800
2019-04-24,88.1539306640625,88.97009124596612,87.3887780915692,87.83936613807421,10094800
2019-04-25,87.80535125732422,88.05190075920055,87.21873325333338,87.65232075568605,6085300
2019-04-26,89.99878692626953,90.01578743267609,88.34096188527323,88.37496289808634,7747400
2019-04-29,89.08060455322266,89.90526857464151,89.02959654736739,89.75223807080846,4787600
2019-04-30,90.52587127685547,90.64489425137275,88.97856612186511,89.14859708938533,8251300
2019-05-01,89.2081298828125,90.44937440370859,89.10610738617427,90.24533589669932,6733800
2019-05-02,89.74372100830078,89.91375847922673,89.31014005153878,89.43766004690036,6270300
2019-05-03,90.18582153320312,90.46637852535446,89.76073754010123,90.10930304158596,4793400
2019-05-06,89.84575653076172,89.96477953455133,89.30164951736144,89.36966451560329,4890400
2019-05-07,89.01258087158203,89.76073281123736,88.50248140398672,89.29313784895278,6021700
2019-05-08,89.32715606689453,89.92227110280959,88.55350652020496,89.25914106671355,5392600
2019-05-09,88.62152099609375,89.30165807112468,88.23044444814471,88.98709353882599,6901700
2019-05-10,90.12629699707031,90.2453199790211,88.34944279006316,88.40045727251783,5815800
2019-05-13,90.21133422851562,90.6194112689097,89.14012064651286,89.3866701646236,7575500
2019-05-14,89.77774047851562,90.54289298408527,89.75223647604116,89.92226748338234,7004000
2019-05-15,90.71292114257812,90.9679741318471,89.69272215803616,89.78624115501698,5535600
2019-05-16,91.91165924072266,92.39625472145732,90.6194003012523,90.74692679329128,9284200
2019-05-17,91.3505630493164,91.8181581157092,91.1890355151455,91.1975325263395,6370200
2019-05-20,91.24853515625,91.92866568058615,91.08700115682156,91.34205415736464,6565300
2019-05-21,90.432373046875,91.42706805624053,90.36435804975588,91.36755655532808,5226400
2019-05-22,90.72991180419922,91.01046874464467,90.06678193497598,90.19430192039138,4889700
2019-05-23,90.76392364501953,90.99346611603242,90.02427526283829,90.69590865869493,6175600
2019-05-24,90.70441436767578,91.34204028593479,90.57688788677073,91.09549081918935,4372100
2019-05-28,88.80853271484375,91.18050179154925,88.77452522253694,90.71290688016313,7615500
2019-05-29,88.57898712158203,89.10608701805896,88.16240022023425,88.38344566928963,7137300
2019-05-30,89.5481948852539,89.5822023828041,88.73203440285015,88.73203440285015,4729200
2019-05-31,87.49079895019531,89.18263158856574,87.06571491639497,89.17412809173481,10282300
2019-06-03,88.24742126464844,88.3834447413782,87.0571850335013,87.69481089094452,8532900
2019-06-04,88.99557495117188,89.35264390813366,88.28993404603342,88.42596402179005,6906400
2019-06-05,90.73843383789062,90.75543434399755,89.1741213391024,89.47167884297684,6481700
2019-06-06,91.29104614257812,91.54609916121717,90.39837354987687,90.84045809774781,6681600
2019-06-07,92.47277069091797,92.99137369085615,91.59709868697003,91.59709868697003,8063400
2019-06-10,92.43026733398438,92.6853138459111,91.35905382234401,92.09019883181489,4767000
2019-06-11,92.99137878417969,93.1784167926008,92.55779774967706,92.61730925360492,8074400
2019-06-12,93.2464370727539,94.0796046611851,93.16142156036733,93.17842206833751,7687800
2019-06-13,94.29212951660156,94.32613052635104,93.3994505834117,93.50147307146007,8611400
2019-06-14,94.5386734008789,95.00626836766493,94.0710849203596,94.34313840478055,6438100
2019-06-17,94.36013793945312,94.54717592424412,93.72251198381113,94.5046714189613,6020000
2019-06-18,93.17841339111328,94.84474192653128,93.03388638488838,94.75122292573464,7731200
2019-06-19,93.87552642822266,94.13908285550454,92.88933515823963,93.09337361301792,7028000
2019-06-20,94.99776458740234,95.23581057477415,93.9435581492129,94.18160413658471,7044200
2019-06-21,94.5386734008789,95.61839032917872,94.38564291050045,94.89574886927309,13799400
2019-06-24,95.49937438964844,95.6439013950524,94.70871787866531,95.06578688716938,5518100
2019-06-25,94.98076629638672,95.75441577337858,94.63219431656242,95.31233128456421,6805600
2019-06-26,93.2889404296875,94.74272697708497,93.2294289272654,94.70021598124035,7170300
2019-06-27,93.3314437866211,93.748024298431,92.91486327481118,93.45046678999536,5613300
2019-06-28,93.22090911865234,95.18479484119976,92.68529920430947,95.09977935065419,12152000
2019-07-01,93.93505859375,94.11359309176758,93.1869131040191,93.45046310305455,6775900
2019-07-02,94.77672576904297,94.79372627405854,93.76502383454857,94.0370773186647,6578200
2019-07-03,96.98716735839844,97.14869486833919,95.08278636118412,95.18480885662075,6223300
2019-07-05,96.196533203125,96.451579771565,95.41438001521257,96.04350266755355,8694800
2019-07-08,96.96165466308594,97.1146851493875,96.32402871787389,96.35802972703732,5317800
2019-07-09,95.99246215820312,96.84263007109655,95.49085971673748,96.83412657581302,7537700
2019-07-10,96.70661163330078,97.34423764406979,96.40905412552868,96.46006213078469,5600700
2019-07-11,97.24222564697266,97.25923264140577,96.44307203784896,96.63011005900596,4625300
2019-07-12,97.76082611083984,97.94786412702288,96.97867303068146,96.97867303068146,7058600
2019-07-15,98.17741394042969,98.5174759876,97.5907958824057,97.82884190993202,6240700
2019-07-16,98.52597045898438,99.06157397185353,98.15189445784371,98.38144345354992,7644300
2019-07-17,98.5684585571289,98.86601599515723,98.38992409431191,98.38992409431191,7861700
2019-07-18,98.77898406982422,99.06135145807394,98.22279480256616,98.34258861049584,5828700
2019-07-19,98.41102600097656,99.2153547738436,98.41102600097656,98.83030425170408,6547000
2019-07-22,98.6591796875,98.78752551918777,98.04309358230985,98.43670269878751,4018800
2019-07-23,97.41844177246094,99.30092768127162,97.40988320821828,99.00999525146659,8194600
2019-07-24,96.3488540649414,97.44411531947972,96.07503875130683,97.41844615386898,9635900
2019-07-25,96.49432373046875,96.67402095878039,95.30493776715777,95.39051036283854,7809400
2019-07-26,98.17144012451172,98.29978594859357,96.58843865926954,96.87081252879325,5559600
2019-07-29,99.25814819335938,99.43783888514434,98.07732084951292,98.17144547782011,7768700
2019-07-30,103.03167724609375,104.18683547911466,101.65404201474497,102.52682634930427,18788800
2019-07-31,101.00373840332031,103.26271676378134,100.1737337541598,102.38993234062406,12641800
2019-08-01,99.88280487060547,101.97064448925292,99.88280487060547,101.44868295252282,11308600
2019-08-02,99.63462829589844,100.1822588348905,98.99287314599172,99.69452518209224,12266100
2019-08-05,96.75958251953125,99.5148528483477,96.5456640968377,99.33515562840562,12974800
2019-08-06,97.78636932373047,98.4024553058207,96.84512975254637,97.24729735353698,9490600
2019-08-07,98.847412109375,99.4634981503225,96.4173022014949,97.33287269893867,9507600
2019-08-08,100.49034118652344,100.53312096297616,98.6934208403973,98.84744239782886,7416600
2019-08-09,99.92557525634766,101.0037259636876,99.12979844135643,100.64434457066507,6939500
2019-08-12,99.28382873535156,100.68713322764627,98.90733017898418,99.92558407737438,4996200
2019-08-13,100.32774353027344,101.02939571856535,99.54907731258713,99.69454680627156,6722000
2019-08-14,99.07846069335938,100.91816049462167,98.96722546008209,99.65176051822853,10148300
2019-08-15,100.44752502441406,101.04649394290075,99.63463770242905,99.94268072572837,7758000
2019-08-16,101.97919464111328,102.2872377038751,100.62722859102222,101.02083772049068,8302400
2019-08-19,102.88618469238281,103.06587535251376,101.91927594169596,102.6551557088633,5867100
2019-08-20,101.73959350585938,102.90331013739174,101.6454688865243,102.72361946273519,6744300
2019-08-21,101.99629974365234,102.38135681547912,101.55135230380532,102.05619663994467,4037400
2019-08-22,102.1845474243164,102.50114903028654,101.56846134149451,101.89362151202383,4558400
2019-08-23,100.38764190673828,102.77497240073748,99.62609280805393,101.94496783675571,7336800
2019-08-26,102.09899139404297,102.33857899906216,100.30207782812637,100.75558387023737,5661500
2019-08-27,103.1514663696289,103.5793032164075,102.49259396975742,102.67228466201178,6996300
2019-08-28,103.87879943847656,103.90446860765952,102.36425317395265,103.07446398662154,4600300
2019-08-29,103.6905517578125,104.3922040154741,102.9546717646219,104.21251330015171,5011500
2019-08-30,102.87765502929688,104.39219465305293,102.26156890157493,104.35796692059365,6007100
2019-09-03,103.8445816040039,103.99860316205898,102.3642629333482,102.50117388640763,4959300
2019-09-04,105.42754364013672,105.48744053110104,103.93011483775723,104.2638270200258,5586900
2019-09-05,105.0425033569336,105.61580315887133,104.54621105304474,105.45322306973861,7491900
2019-09-06,105.13661193847656,105.57300075069587,104.85423809884914,105.24784715032776,5306900
2019-09-09,104.53764343261719,105.05960485730697,104.20393124676917,104.99970796570018,7662400
2019-09-10,102.57814025878906,103.69051845728177,102.32144211717063,103.56216612233708,9582200
2019-09-11,103.76753997802734,103.82743687200106,102.13320671201795,102.56104353419354,7565500
2019-09-12,105.05106353759766,105.42756207708406,104.06704394656795,104.94838686557237,6194300
2019-09-13,104.49486541748047,104.88847450152122,103.96434541989252,104.23816071871528,6777400
2019-09-16,102.46692657470703,104.35796468676406,101.84228189517296,104.22961232485736,9626700
2019-09-17,103.67342376708984,104.3836279433204,102.20166402753783,102.36423758369396,6377100
2019-09-18,103.8873519897461,104.35796863015754,103.339714789699,103.76755166003989,5684200
2019-09-19,104.3066177368164,104.58899160403054,103.74187000238815,103.87022235369201,4525800
2019-09-20,104.59754943847656,104.90559248737365,104.17827116069468,104.503424810854,15362000
2019-09-23,105.43611907958984,105.90673571869908,104.36652690669719,104.56332821067681,6060400
2019-09-24,105.76982879638672,106.7281857106536,105.55591036690261,105.84683629743026,7633200
2019-09-25,105.2649917602539,105.9580920022149,105.20509485324723,105.72705641213682,5812600
2019-09-26,106.36878967285156,106.95920658223248,105.70136526830193,105.79548989235604,6984800
2019-09-27,106.59126281738281,106.85651955112098,105.86394154443286,106.4543584325821,5589800
2019-09-30,106.4286880493164,107.26725111303686,106.21476963317335,106.59126813463216,5206900
2019-10-01,105.97518920898438,106.65117223304372,105.41899998379404,106.41158463530572,5415700
2019-10-02,103.60498046875,105.80406177169283,102.86054194707604,105.41900466257621,6755100
2019-10-03,104.16973114013672,104.85427282138559,103.39962338080004,104.10983423264793,5171000
2019-10-04,106.1035385131836,106.15487684599769,104.38363255291657,104.5547712094173,4377900
2019-10-07,105.11095428466797,106.00941428191916,104.97404988722596,105.7013712273343,4749700
2019-10-08,103.47660827636719,105.18795546920992,103.43382198523753,104.9569264706156,5545300
2019-10-09,104.37508392333984,104.7259067561416,103.90446076294089,104.2296144284977,3775600
2019-10-10,104.34086608886719,104.55478454056437,103.36539847138985,103.8189045444642,3943400
2019-10-11,103.613525390625,104.44352992568014,103.38249636363847,104.42641932408836,6292200
2019-10-14,102.7236328125,104.06704029327557,102.32146511912545,104.06704029327557,7360200
2019-10-15,100.28495788574219,103.16002212191262,99.8571210235534,102.84342702198727,11113900
2019-10-16,100.56731414794922,100.77267397787546,99.69452997455926,100.68710792609546,7973100
2019-10-17,100.4347152709961,101.30446815931172,100.36582909200038,101.02029049729165,5956900
2019-10-18,101.15806579589844,101.39918382300792,100.03858173292042,100.36581897254628,9016700
2019-10-21,102.54449462890625,102.57894099777064,101.05472038289341,101.11499988591282,6731600
2019-10-22,105.21405792236328,106.97078385092652,104.7145952763063,106.78133204932043,14410500
2019-10-23,105.92015838623047,106.54879311134337,104.9212334137164,105.05040565257224,8249300
2019-10-24,107.46160888671875,108.3055219952277,106.21295255477894,106.57463617125637,6725600
2019-10-25,106.13544464111328,107.48743340944253,106.06655190349792,107.48743340944253,6093300
2019-10-28,106.33351135253906,106.88464012249936,105.57570436636378,106.33351135253906,5459500
2019-10-29,106.43687438964844,107.2635677814739,106.0063045041159,106.0924171672274,5659800
2019-10-30,107.59078216552734,107.78884059146873,106.35073905712557,106.77269561541142,4734500
2019-10-31,107.22051239013672,108.02997928965289,106.23020036107367,107.461630469566,6399500
2019-11-01,106.66937255859375,107.76301704122578,106.13546360165434,107.4960658477432,6010200
2019-11-04,102.535888671875,106.71241428601641,102.16559839276708,106.71241428601641,10351400
2019-11-05,102.38948059082031,102.98366233603133,101.82112540760603,102.32920109290114,9239600
2019-11-06,103.61231994628906,103.63815308397514,102.18283157787594,102.56172854722847,6756300
2019-11-07,103.00951385498047,103.62952880328741,102.31198636192856,103.62952880328741,8909700
2019-11-08,103.0783920288086,103.84480563223792,102.61338249614343,103.2075642634257,4249900
2019-11-11,102.75980377197266,103.3367658042525,102.55312550998242,102.8889760432229,3850400
2019-11-12,102.7081298828125,102.99230756269425,102.08811481303582,102.89758166940034,4759600
2019-11-13,103.89649200439453,104.24094915159407,103.22480418084095,103.25063731713553,7262800
2019-11-14,103.76734161376953,104.34430367914338,103.43149763123998,103.87068075069209,5188300
2019-11-15,103.80176544189453,104.18927562371158,103.31091614560525,104.18927562371158,7108600
2019-11-18,104.96431732177734,105.54127934296314,103.4831559892008,103.55204874187284,7493700
2019-11-19,104.5595703125,105.73072071266091,104.30983903614485,104.99875335505381,5989000
2019-11-20,105.30877685546875,105.38627627646622,104.13762631391512,104.5595829359533,6480000
2019-11-21,103.6295166015625,105.52402730323796,103.57785033778029,104.86955949211571,7094200
2019-11-22,103.5864486694336,103.86201298658263,102.81142197433583,103.53478241308426,4414900
2019-11-25,103.77593994140625,104.12900377771034,103.35397678707763,103.71566042935561,5134300
2019-11-26,105.28292846679688,105.36042787656994,103.68982153393796,103.96538594086505,8235200
2019-11-27,104.85234832763672,105.43792345584194,104.16343409328715,105.42069698649802,3751400
2019-11-29,105.1106948852539,105.60154418236777,104.80929734667059,105.05041537753725,2927300
2019-12-02,105.67906188964844,105.73072816771874,104.16345422316778,105.00737399483721,6146200
2019-12-03,105.87713623046875,105.88574946809831,104.88683071225438,105.32600728173237,6396200
2019-12-04,107.23771667480469,107.2807762841345,105.65322291507137,105.704889190288,6857300
2019-12-05,107.3152084350586,107.32381509980475,106.48851529128497,107.013804349643,7029200
2019-12-06,106.94493865966797,108.02996992302319,106.68659412840756,107.40995487395207,7150900
2019-12-09,107.53050231933594,107.76300711644392,106.93631390343144,107.0482596842651,7452800
2019-12-10,107.01380920410156,107.53049819112505,106.88464352731908,107.45299221508218,4740100
2019-12-11,107.34966278076172,107.87495187815225,106.84158701414256,107.01381230148633,4823300
2019-12-12,107.27214813232422,108.29690624812329,106.6779597700578,107.45298664041117,5897800
2019-12-13,108.04719543457031,108.27970025465683,106.60048052632567,106.96215761089326,5471600
2019-12-16,108.12468719482422,108.80498827427556,107.94384866534584,108.04718778360798,8281900
2019-12-17,107.90939331054688,108.48636179368482,107.04825377329576,108.15051132978147,8832200
2019-12-18,106.78993225097656,108.39165256179484,106.51436781954409,107.90940987930729,8607600
2019-12-19,107.57354736328125,107.81466537791344,106.69518794283923,106.91908605784333,6629100
2019-12-20,107.95246124267578,109.02027251164388,107.66828359666833,108.63276231797828,16250500
2019-12-23,107.55632019042969,108.34856691921127,107.37548169168429,108.0902224524477,6619500
2019-12-24,107.83189392089844,107.90939332567473,107.28076514257832,107.46160365702961,2022100
2019-12-26,107.83189392089844,108.28829682450979,107.53049639681295,107.72855481122343,4760400
2019-12-27,108.58109283447266,108.76193793841864,107.97829772123264,108.12468988159463,5192000
2019-12-30,107.18604278564453,108.48636536934427,106.90186515219172,108.29691361370905,3884300
2019-12-31,107.55632019042969,107.63381958847512,106.73823375899359,107.15158359182072,4798900
2020-01-02,106.27324676513672,107.40995083397414,105.86851008070671,107.21188582479435,8130800
2020-01-03,105.55848693847656,106.376566877738,104.9384654152592,105.19680990659087,7970500
2020-01-06,105.70487976074219,106.08378326512737,105.38625576205708,105.54987437894583,6674400
2020-01-07,105.05040740966797,106.10099866730762,104.94707487283331,105.81682105106611,7583400
2020-01-08,105.49819946289062,106.29044620716019,105.05901648879589,105.2226350922763,5385100
2020-01-09,106.65214538574219,106.67797852429999,105.49822139699917,105.49822139699917,5944000
2020-01-10,106.75546264648438,107.05686015122298,106.17850077027437,106.69518314553666,3927100
2020-01-13,107.53912353515625,107.5563500083683,106.61770431754707,106.78132296318896,8409200
2020-01-14,107.37549591064453,107.81467236433774,107.19465738795199,107.34104953918306,7829700
2020-01-15,108.46914672851562,108.60693222255016,107.65106671010106,107.69411974950638,4843700
2020-01-16,108.56388092041016,109.17528931453148,108.15053097665128,108.5983272965546,6233700
2020-01-17,108.8566665649414,109.3647358060433,108.40025703059459,108.80499371823801,11315200
2020-01-21,108.58109283447266,109.03750235732466,107.50466829656263,108.85666382335265,8553100
2020-01-22,108.77054595947266,109.08916999185429,108.35720261095095,108.78777243147927,7396700
2020-01-23,108.2733154296875,109.62467903219833,107.11253577814138,107.6756033951036,11096500
2020-01-24,108.40326690673828,109.83259051772411,108.08274983234492,108.47256896752738,9508600
2020-01-27,108.87969207763672,109.48606848546139,108.06540952226601,108.06540952226601,9338400
2020-01-28,109.17420959472656,109.99715651117054,108.90567243084836,109.08758534273426,6200200
2020-01-29,108.33394622802734,109.20886642035599,108.30795961194949,109.07026893160499,5271000
2020-01-30,109.10491943359375,109.20020810386649,107.77954906762795,108.10006610481875,5894400
2020-01-31,107.95279693603516,109.97116786662684,107.81419283987059,109.13956311666067,6612900
2020-02-03,108.37728118896484,109.1049330062868,107.84020012688794,107.98746865954357,6052300
2020-02-04,108.85371398925781,110.31768189112668,108.5938345889694,108.89702281663409,6512200
2020-02-05,109.84988403320312,110.06644795984158,108.6284669236457,109.07025918450996,6125400
2020-02-06,110.1357650756836,110.95870546593451,109.66798613704364,109.92786552817944,9102700
2020-02-07,109.217529296875,110.24836917121269,109.19154268116161,110.17907373231266,5915100
2020-02-10,109.29549407958984,109.8672260871309,108.94033263379004,109.54670905784207,5216100
2020-02-11,107.5543212890625,109.38211491259617,107.4417038074038,109.38211491259617,6105700
2020-02-12,106.93927764892578,107.38973437347833,106.41952548206369,107.13851939421006,6031700
2020-02-13,108.24732208251953,108.52452366931315,106.99991163744467,107.1818311681907,7159000
2020-02-14,109.2695083618164,109.2781727705191,108.10006432923208,108.53319223826387,5889100
2020-02-18,108.16934967041016,109.30414250188376,108.13469864995974,109.0009543342007,6767600
2020-02-19,108.66313171386719,109.555374147234,107.97878882589474,108.15203734555547,4734000
2020-02-20,109.65067291259766,109.80659923825327,108.39459789786966,108.6891283392227,6094600
2020-02-21,109.75462341308594,110.94140302247104,109.13092469661169,109.26085779858033,8723900
2020-02-24,106.80934143066406,109.65931716063744,106.67073733209627,108.50720198407663,7533900
2020-02-25,105.18944549560547,107.38107168377944,104.71300214643396,106.56678909028905,8903200
2020-02-26,104.08930969238281,106.02105660335347,103.82076587551096,105.18078734247965,6894200
2020-02-27,98.32003021240234,103.88139068759416,98.25939257266687,103.1883900347612,13298900
2020-02-28,98.0861587524414,98.0861587524414,92.40351553766085,94.82037029882531,22784300
2020-03-02,103.56954193115234,103.768783674266,97.49709349657384,98.05149668305451,12399800
2020-03-03,102.36544799804688,105.54460525062629,101.47320556668603,103.71681156259048,12510900
2020-03-04,107.8488540649414,108.01344479245309,103.60419904901768,103.84674963124057,9459300
2020-03-05,105.36268615722656,106.46283467814482,104.19324219805918,105.07682677805728,9363500
2020-03-06,105.388671875,106.21161214827676,101.82836041114878,102.2441594470547,9817400
2020-03-09,100.53767395019531,103.97671148858078,99.72339776621386,99.85333088508759,13116500
2020-03-10,104.42713928222656,104.6610254401483,99.13431581810995,103.04978912422041,11419100
2020-03-11,96.66548156738281,102.59933908567552,95.87719222592219,101.87168077685847,16456000
2020-03-12,88.21949005126953,96.65682654578983,87.49183833054698,89.22434998065683,20988000
2020-03-13,98.81381225585938,99.29891345483074,91.31203944615892,92.25625522401506,17378700
2020-03-16,93.98875427246094,100.44235733696709,87.49183577436456,88.14152762417419,17367400
2020-03-17,102.42607116699219,103.69080368417504,95.95514009059961,96.54419422549361,19451400
2020-03-18,101.74173736572266,105.25007587171599,97.09860591788771,97.90422404694507,23139200
2020-03-19,96.00712585449219,102.21817796321398,95.10621908614236,101.01408300575767,16428100
2020-03-20,88.73056030273438,95.02823553085487,88.00290217082313,94.58644993866461,19922900
2020-03-23,84.63319396972656,89.87404451006088,81.72257378265603,86.79017579645354,17776800
2020-03-24,89.45823669433594,90.09060635846926,83.22119735927568,87.69108061630794,14625500
2020-03-25,87.42253112792969,90.6969768962839,85.41281799656373,87.06736969726519,13789100
2020-03-26,93.01854705810547,93.82416523061191,88.817207676134,89.98665170486726,15796000
2020-03-27,95.43540954589844,99.0043861818726,92.24758761533151,92.24758761533151,16073100
2020-03-30,99.6194076538086,100.30375046468512,95.46137756030784,98.66652768500828,14571600
2020-03-31,95.28813171386719,99.00436964378882,94.37856054026845,98.32002681385387,21691000
2020-04-01,94.70774841308594,97.17657612683496,92.68937080838643,93.51231117663367,11095800
2020-04-02,99.09967041015625,99.6107581885505,93.12250373250116,93.28709445863174,9168800
2020-04-03,99.68871307373047,100.39904252278527,97.89556393959172,98.52792693463691,7768700
2020-04-06,102.0535888671875,103.08443533542396,99.25558646626989,101.35192381718154,16848400
2020-04-07,97.68766784667969,104.0026736925348,97.45378167861433,101.10071795990646,14438400
2020-04-08,99.70604705810547,101.61181389436841,96.8993799533635,99.09100619740938,12564500
2020-04-09,99.32489776611328,102.78992112539427,98.9264142638693,99.84464994820392,12747300
2020-04-13,100.44235229492188,101.13535954353387,98.0255045508783,98.41531699759321,7926700
2020-04-14,104.78231048583984,105.22410283530591,100.70224608279217,102.8765501928224,10474200
2020-04-15,105.00753784179688,106.91329811624013,103.59553654093388,104.69568519921411,14192900
2020-04-16,105.25009155273438,106.11634745028773,103.86408343845058,105.98640774385314,12020200
2020-04-17,108.01344299316406,108.27331578021348,104.41847992908275,106.07302514968903,15899800
2020-04-20,104.470458984375,106.74871620423333,104.4184857458714,105.22410398771714,10832000
2020-04-21,103.67349243164062,104.21057339664283,102.59067270228651,103.51756612625334,9465400
2020-04-22,103.43094635009766,104.19324909334159,102.89386536183034,103.94203411216853,10259400
2020-04-23,104.12071990966797,104.3561658434201,102.9434769347424,103.46669529547795,17277000
2020-04-24,103.58007049560547,104.43466569547346,103.44054868622733,103.85912076744502,12751100
2020-04-27,102.42024993896484,103.93759180474257,101.9406358896894,103.93759180474257,10635700
2020-04-28,101.93192291259766,102.82140017681104,101.30405817387829,102.11504901921032,9958000
2020-04-29,102.09759521484375,102.94346804060744,100.3535297276879,102.4812850979224,8707900
2020-04-30,102.78651428222656,103.14404429062833,100.8593224847661,101.08604623523252,10026400
2020-05-01,101.87088012695312,103.22253374358148,101.43486368972886,102.55106470452972,7366400
2020-05-04,100.95523834228516,102.20224556198526,100.28377598694627,102.10632141792506,5636000
2020-05-05,101.16453552246094,102.25457661438834,100.46690656239427,100.98140941738708,5425200
2020-05-06,98.62691497802734,101.27789566656772,98.44378887608944,100.75467728201905,7892200
2020-05-07,97.81591796875,99.53382365608363,97.51070781815115,99.46405943506609,8762800
2020-05-08,101.1121826171875,101.41739936567608,98.8797811729716,98.99314302181406,9279900
2020-05-11,100.55410766601562,101.16453466416571,100.2140153804663,100.93780425610524,6947500
2020-05-12,99.89137268066406,101.06861578065619,99.53383599344373,100.45818875071289,6734400
2020-05-13,99.34198760986328,100.58899493853438,99.17630588089402,99.65591999002406,9312600
2020-05-14,99.2460708618164,99.80417143416611,97.01366857241764,99.0106248856716,9310000
2020-05-15,99.94368743896484,100.10065362117932,97.71128542798799,99.35070482316377,10694800
2020-05-18,101.33892822265625,102.01911272426241,100.03087905708065,101.18196205666389,10020800
2020-05-19,98.05137634277344,100.84187881747168,97.96416773480942,100.36225808600041,8047600
2020-05-20,98.78388977050781,99.21118404561369,97.7810505650655,98.53972161330447,6593800
2020-05-21,97.33631134033203,98.71411821852996,97.17062296605265,98.36531039301119,6552700
2020-05-22,98.1908950805664,99.06292790837443,97.45839069868727,97.92056703293233,5571900
2020-05-26,97.69385528564453,99.54256762864625,97.38864506826032,99.54256762864625,10432400
2020-05-27,99.3158187866211,99.38558300997877,97.51071108900697,98.10369368138218,8279700
2020-05-28,101.2081527709961,102.01914376654376,100.19659790142545,100.74597632302195,6586700
2020-05-29,101.08605194091797,101.78368092056152,99.95241316535099,101.26917805113072,7868000
2020-06-01,102.24588012695312,102.46388840014492,100.51053613521009,101.15583876099414,5105600
2020-06-02,102.95220947265625,103.02197370642942,101.87089046150611,102.08889870223464,6327900
2020-06-03,103.36204528808594,103.93759012159494,102.85626467435056,102.98707092315553,6171000
2020-06-04,101.19943237304688,103.62368305003422,100.78085360543433,102.899894062852,6895800
2020-06-05,103.18766021728516,103.62367669079376,101.19942616257929,101.37383009074938,7337800
2020-06-08,103.81551361083984,103.87655564430892,101.88831515471063,102.41154018796857,6926700
2020-06-09,103.19635772705078,104.43464935181606,103.03067602016056,104.12071701349048,5563200
2020-06-10,103.97250366210938,104.54804201652,102.99582424927767,103.77193313289884,6678200
2020-06-11,101.3825454711914,104.26897220289268,101.15581505733759,103.60622534482621,8937500
2020-06-12,100.8244400024414,102.94348008335295,100.51050764578173,101.67030627407611,7998500
2020-06-15,101.75750732421875,102.27200347142994,99.20245101025905,99.89135770548582,8786000
2020-06-16,103.01323699951172,103.74574804475321,101.96680025268968,103.36205146614658,8165200
2020-06-17,102.83882904052734,103.86782801735866,102.41153482860486,103.23996333277246,6320800
2020-06-18,104.01608276367188,104.60906539903691,102.35050339202256,102.42898315917765,6274400
2020-06-19,103.7021484375,106.23104511876656,103.62366867182168,105.07123979224582,17506200
2020-06-22,102.68185424804688,103.84165937896826,102.32431763425596,103.5800468979953,5695600
2020-06-23,102.66443634033203,103.93760357715229,102.59467211152689,103.48414274300187,5340400
2020-06-24,101.52206420898438,102.86499561498887,101.39998014053694,102.21969315989777,6547800
2020-06-25,102.80394744873047,102.92603150989585,101.18196588972489,102.01911658903707,5489300
2020-06-26,100.48435974121094,103.30974463593577,100.31867135174839,102.54235138207423,23201700
2020-06-29,102.6033935546875,102.94348585127709,101.4610259388591,101.60055439545124,6866900
2020-06-30,104.26898193359375,104.63523418417226,102.7254865043937,102.87373051252068,7818000
2020-07-01,104.62650299072266,104.9840329952469,103.68470592750147,104.33873055700242,6501200
2020-07-02,105.41132354736328,106.88506112342756,105.1061133948571,105.51596987954355,6150900
2020-07-06,106.06536102294922,106.74555228502493,105.41133633690511,106.18744509876413,6023300
2020-07-07,106.57987976074219,107.47807273206232,105.42007421484465,105.77761095656152,6866300
2020-07-08,107.16410827636719,107.46931842010193,106.38799963097793,106.51880587917344,6494100
2020-07-09,106.80659484863281,108.11464422715922,106.2223277365478,107.10308284761886,5341000
2020-07-10,108.03614807128906,108.56808863621109,106.79786303458776,106.8850649880164,6752600
2020-07-13,108.1756820678711,109.51860685633605,107.55653286467998,108.1320777623789,7681500
2020-07-14,109.08258056640625,109.5796456530466,107.69605159761686,108.12334580991843,6272100
2020-07-15,108.5680923461914,110.66097256540924,108.35880632019446,109.85870392151863,8145000
2020-07-16,108.7948226928711,109.45756288366145,108.05359608420017,109.07387294506776,3959300
2020-07-17,109.553466796875,109.93716331768212,108.85584462177667,109.0825683358158,4868600
2020-07-20,109.21337890625,109.73659722160511,108.82096683300414,109.41394936456174,4242100
2020-07-21,109.06515502929688,110.43424642235489,108.93434876308969,109.43140725221055,5162300
2020-07-22,109.99822998046875,110.22496039837645,108.31520620959245,109.44012945414445,5929200
2020-07-23,110.70993041992188,111.60501407642585,110.2185057718771,110.67482818112813,6664800
2020-07-24,110.53438568115234,112.12272300790458,109.97276342102784,111.43824629681943,6014200
2020-07-27,110.85032653808594,111.13113773780925,110.16584965720205,110.31502914250913,6464600
2020-07-28,112.2192611694336,112.7282401694402,110.82398264165413,110.89418710338373,7644400
2020-07-29,112.59661865234375,113.41273392586052,111.76296230336543,111.93846678891866,6702000
2020-07-30,115.32574462890625,115.86104196259245,113.77250262949997,114.6588222910893,10400700
2020-07-31,115.06246948242188,115.14145786696814,113.43903657332312,114.65881058421341,8487000
2020-08-03,115.211669921875,115.76452176374823,114.49209752480016,114.49209752480016,7769400
2020-08-04,117.40552520751953,117.52837970109331,114.69394241998259,114.75537636183725,7773700
2020-08-05,117.09837341308594,118.160184179281,116.81755554392602,117.22999842042152,5680000
2020-08-06,116.45779418945312,117.03695770202094,115.94003783635715,116.58064867880206,3974100
2020-08-07,117.19490814208984,117.27388315003596,116.229613411192,116.61573130355114,4934900
2020-08-10,117.67755889892578,117.97591786429868,116.87899808854483,117.32653653660417,5812700
2020-08-11,116.91407012939453,118.2391575218417,116.52795230351937,117.82671469785062,5329900
2020-08-12,118.87100982666016,119.31854828102989,117.3265381909356,117.38797212650834,5920400
2020-08-13,119.15179443359375,119.23076943174166,118.40588374406708,118.53752213111223,4989500
2020-08-14,118.55510711669922,119.02897061771728,118.07245968687084,119.00264561155713,5845200
2020-08-17,118.90609741210938,119.08160188893454,118.16897057536372,118.4146795209456,5603800
2020-08-18,119.79238891601562,120.67870850814384,118.83587825394035,119.17811662799167,8670700
2020-08-19,119.14302062988281,119.62566792221534,118.90608225180475,118.94117778664184,6827700
2020-08-20,120.09077453613281,120.20484508004516,118.63406195575676,118.67794142193833,4352200
2020-08-21,120.60852813720703,121.18770500593646,119.26589937160155,119.87140124435193,5706600
2020-08-24,121.54749298095703,121.78443142376489,120.39792309161315,120.65241600170108,7420500
2020-08-25,122.03014373779297,122.10911875750733,120.92445329138525,121.97749372465007,4718300
2020-08-26,121.4421615600586,122.25827670089494,121.31930710113107,121.60012494446927,4746200
2020-08-27,121.28421783447266,122.58296695170952,121.25787944393308,121.8370562331546,6156100
2020-08-28,121.77562713623047,121.89848159287267,120.17850580975045,121.3807387677471,4166300
2020-08-31,121.3895034790039,121.74051236967227,120.94196513488212,121.2666490282569,5596800
2020-09-01,121.25787353515625,121.29298246074323,120.28382178729252,120.9770690811195,5671800
2020-09-02,123.30255889892578,124.11867421179946,120.75771026034447,121.19647819045397,8384800
2020-09-03,121.32809448242188,124.34681976676336,120.30137920666625,123.50439290005117,7277900
2020-09-04,121.06485748291016,122.14422288021655,119.4501812660487,120.93321906510423,7437700
2020-09-08,119.29222869873047,121.66157287741996,118.50243837907745,121.55627285752014,6847500
2020-09-09,121.2315444946289,122.46887297275164,119.58178658059661,119.71341157183038,6002900
2020-09-10,119.95915222167969,121.73177845004992,119.79241826191395,121.20525156554076,5242500
2020-09-11,121.22279357910156,121.67911593945556,120.36281225354227,120.82790515135429,4398000
2020-09-14,121.65277099609375,122.48642718249575,121.3895076240375,121.48603708078709,4767400
2020-09-15,121.65277099609375,122.65316109780241,121.44215762042249,121.7931665230766,4046500
2020-09-16,120.83668518066406,123.00419982493922,120.74893962879078,122.47768634329583,6049900
2020-09-17,120.6787109375,120.99462431914786,119.51158687169357,120.27503863145424,4648500
2020-09-18,120.54706573486328,121.03848354738905,119.57300064570286,120.14340684177331,10192800
2020-09-21,119.96793365478516,120.63485608984088,118.20407800146296,120.22241316325253,7092600
2020-09-22,121.06485748291016,122.00381392394424,119.55549467832047,119.77487865119531,4722800
2020-09-23,119.61685943603516,121.4684598390788,119.42380055874122,121.4684598390788,6373700
2020-09-24,120.15218353271484,120.35401298959897,119.09037285985626,119.93279961301808,5708200
2020-09-25,120.76646423339844,121.09116156243343,119.24833115269405,119.24833115269405,4969900
2020-09-28,121.10870361328125,122.80235456772411,120.90687414072468,121.591350952119,5810800
2020-09-29,120.45057678222656,121.46852167339884,119.9240632589598,121.44219666674229,4492100
2020-09-30,121.96870422363281,122.72338553833549,120.93320502897868,121.2403479114089,8727800
2020-10-01,122.18804931640625,122.84620094935634,121.28418881169847,122.48640817637927,5713400
2020-10-02,121.20525360107422,122.08278949657029,120.17853821016003,121.03851963850833,6077900
2020-10-05,122.31973266601562,122.54788718721557,121.3632217165822,121.73178520012162,6333900
2020-10-06,122.51275634765625,123.53070094615988,121.81072512833886,122.34602242667854,6042900
2020-10-07,123.46928405761719,124.07478590044792,122.30215983986722,122.92521614788924,4640900
2020-10-08,124.30294036865234,124.54864932075911,123.17092508145572,123.34642956294147,4569800
2020-10-09,125.41739654541016,126.04922330000723,124.346801955128,124.46965641351456,6551700
2020-10-12,126.79511260986328,127.53223923596582,125.77716818898102,125.77716818898102,5791500
2020-10-13,126.54945373535156,127.10229222829534,125.89130183269039,126.20721528157314,4509400
2020-10-14,126.40026092529297,127.3304601959579,125.5578339878876,126.52311541158687,3860700
2020-10-15,126.21598052978516,126.70739845408734,125.39109470393471,125.54027418880257,4997100
2020-10-16,126.7073974609375,128.0061467350041,126.29495455124507,126.73372246452348,6806100
2020-10-19,124.53108978271484,127.58491015623473,123.84661303330749,126.77757894898839,6427600
2020-10-20,125.0312728881836,127.84816815383144,124.52230061566249,127.7779636965736,7582100
2020-10-21,125.7070083618164,126.66351920831949,125.02253148173767,125.04008594767498,5649700
2020-10-22,124.81664276123047,125.96377616526397,124.49015602131,124.8519466309134,4502900
2020-10-23,125.63728332519531,126.07848742344142,125.09018108752338,125.09018108752338,4278100
2020-10-26,124.68431091308594,125.34611721998715,123.54599652510493,124.8607899020295,5315500
2020-10-27,125.61962890625,126.48438515165154,124.9931131747626,125.2490190867922,6806700
2020-10-28,121.4723129272461,124.36661067183785,121.163464679377,123.93422581771716,8192200
2020-10-29,121.39293670654297,122.7341878536513,119.83106998285534,121.1988057707407,5476900
2020-10-30,120.9781723022461,121.7635150791712,118.84273256190687,121.04875311107634,6422000
2020-11-02,122.21354675292969,123.5371591726365,121.27819613065397,122.22236598851428,6682800
2020-11-03,124.61370086669922,125.88437096958552,122.93713048701883,122.93713048701883,6244200
2020-11-04,124.1019058227539,126.18439000050233,123.775419052366,123.94307878780275,5820600
2020-11-05,125.63728332519531,126.65204736536914,125.10783302150777,125.69022566266796,5673100
2020-11-06,126.38734436035156,127.12857760829637,125.63730534059233,125.89319783804363,4702300
2020-11-09,121.7635269165039,129.64342662123678,121.41938821595701,128.96396845598392,12664700
2020-11-10,123.76654815673828,124.08421559308886,121.02225858463365,121.86055700311314,7854000
2020-11-11,125.36373901367188,126.18437217395041,124.11070752515971,125.1696081331689,5554300
2020-11-12,125.43431091308594,125.78728224551658,124.4813219767222,125.55784751331677,5631700
2020-11-13,127.31383514404297,127.49031406498314,125.19606116380389,125.48725744237052,6466800
2020-11-16,125.6814193725586,127.75508445584158,124.64900318146134,127.75508445584158,7976600
2020-11-17,125.19609832763672,126.5991243426383,125.08138093595697,125.20491756373417,6396800
2020-11-18,123.27243041992188,125.39021830870924,123.23714001412539,125.29315286216713,6097100
2020-11-19,123.1224365234375,123.64305422068196,122.16943388563517,123.42245213224113,5284100
2020-11-20,122.91948699951172,123.84601846858882,122.32827501521068,123.12243715185792,4726900
2020-11-23,122.44296264648438,123.49303060735585,121.64880061555498,122.93712257149777,4770600
2020-11-24,122.0458755493164,123.3959590133087,121.83410619934462,122.50473158172284,7101800
2020-11-25,122.37236785888672,122.99888363160358,121.80762712571824,121.91352527001813,8411300
2020-11-27,122.31060791015625,122.55768114267266,121.35760538567234,122.2929559751247,4252200
2020-11-30,122.5400390625,122.8312354237731,120.66051849716624,121.77234813290518,11640400
2020-12-01,122.98123931884766,123.13124711271497,121.91353282588551,122.7959411176806,7169700
2020-12-02,122.09001922607422,123.48422602774914,121.32232827409784,122.98124680784544,6963000
2020-12-03,121.18994903564453,122.0811900090348,119.60161145064963,121.8517552406856,8742500
2020-12-04,121.30464935302734,121.64878799265131,119.89279092845321,121.07522808143797,6617200
2020-12-07,121.48997497558594,121.54293078666896,120.50168193376169,120.54580504408945,6918000
2020-12-08,121.81645202636719,122.46060622815939,120.38694161792934,120.90757267749537,6493500
2020-12-09,120.36933135986328,121.80764787551422,120.22814278639956,121.62234965426609,6773400
2020-12-10,119.57510375976562,120.81930227672353,119.16037092077967,120.46634446095902,6800500
2020-12-11,120.4575424194336,120.71344834579546,118.4191815660152,118.64861632268183,6548000
2020-12-14,119.87516784667969,121.71056518393995,119.80457356994175,120.90758389806916,6485300
2020-12-15,120.58106994628906,121.36641267185587,120.21929283288954,120.3516486713918,5397000
2020-12-16,121.12822723388672,122.01063579703839,120.63408059283957,120.63408059283957,5382500
2020-12-17,121.99296569824219,122.76065672528517,121.72824047580124,121.78118282739261,7405300
2020-12-18,122.6900634765625,123.59895655637193,121.28703728954413,122.00178597106353,19988800
2020-12-21,121.34877014160156,122.1517513091069,120.20163687654879,121.73703187418677,6732400
2020-12-22,120.49285125732422,121.83411558994172,120.34284346803855,121.14582475604045,5023100
2020-12-23,120.30752563476562,121.37524543568188,120.12222746076331,121.23405689821725,6004200
2020-12-24,121.52527618408203,121.88706683055813,120.18401175353807,120.18401175353807,2588200
2020-12-28,122.37236785888672,122.99888363160358,121.72821361585419,121.90469257037913,3714700
2020-12-29,122.1429672241211,123.48423174144266,121.94883630196337,122.84889662610526,5139300
2020-12-30,121.56937408447266,122.58413806691463,121.37524321513041,122.30177446163121,3261400
2020-12-31,122.77827453613281,122.91063037832116,121.23406020969364,122.04587412556972,4076400
2021-01-04,121.61351013183594,123.41361701753914,120.31636894153523,123.23713806238881,8330900
2021-01-05,122.39002990722656,122.58416081259008,120.24578417682334,121.76352754722065,6856400
2021-01-06,123.67835235595703,124.45486251538833,122.30179754227912,122.45180533972018,10578000
2021-01-07,122.52239227294922,123.65187376846308,121.80763027226551,123.31655432106689,7355400
2021-01-08,122.4694595336914,122.70771357879325,120.88995437534996,122.18709583887193,7448500
2021-01-11,121.6399917602539,123.04301775137802,121.41938968122876,122.43415385895146,7239900
2021-01-12,120.93406677246094,121.99295409704322,120.21931816497997,121.63999614367675,6333500
2021-01-13,121.11936950683594,121.83413160548207,120.97819439890894,120.97819439890894,6078800
2021-01-14,119.8310317993164,121.46347882995734,119.37217578231545,121.26934795601387,6172800
2021-01-15,118.93097686767578,120.18399490382758,118.82509219164288,119.34570980144554,7757600
2021-01-19,117.88976287841797,120.32520511712954,117.8544590037288,119.74281236510619,9184900
2021-01-20,116.4161148071289,118.06622740249004,115.82490289106228,116.94556514677616,12506600
2021-01-21,116.3016128540039,117.17159883296414,115.85774743254579,115.98202920872616,8761600
2021-01-22,115.4050064086914,116.70997179558393,115.39613397695715,116.31049563638561,7202800
2021-01-25,117.39351654052734,118.06818701846805,115.31621633885696,115.36060558446925,9640000
2021-01-26,118.1480712890625,118.4854132773419,116.67443513001508,117.4023807793138,5996700
2021-01-27,113.96687316894531,118.15696321426168,113.3632092408765,117.52666844848204,10826700
2021-01-28,115.72457122802734,116.86973783761464,113.13239928490303,113.48748613629728,8242000
2021-01-29,113.81597900390625,115.66244726410787,113.6916972258985,115.57368230592968,8344100
2021-02-01,114.49063110351562,115.10316746260568,113.80707466192428,114.51726194124166,6534200
2021-02-02,114.33084106445312,116.0441685116427,114.24207611397337,115.04991437381044,6825600
2021-02-03,114.47285461425781,114.69478725738188,113.40758063640097,114.47285461425781,7309400
2021-02-04,114.54389953613281,114.92563080888443,114.14442340098081,114.85461072219351,6613700
2021-02-05,115.02330017089844,115.49379646815287,114.54391789532309,114.62381042601943,5063700
2021-02-08,114.66818237304688,115.49377903605998,113.72718992056703,115.34285288437098,7011200
2021-02-09,114.22431945800781,115.35174135740148,113.8337157419535,114.92563436974993,5917800
2021-02-10,113.82483673095703,114.65930579507439,113.594024841826,114.29533294018131,8594100
2021-02-11,113.9224853515625,114.81021607490139,113.81596199938451,114.10890121787399,6139200
2021-02-12,113.2922134399414,113.74495806953824,112.36897254381304,113.62954872449164,8407300
2021-02-16,113.55848693847656,113.78041956934734,112.7328972807234,113.60287617378928,8246000
2021-02-17,114.03790283203125,114.95226445877627,112.83946085157676,112.91048094000413,8845200
2021-02-18,114.98776245117188,115.27184279183952,113.2655626365389,113.46086448432385,6936400
2021-02-19,112.84832763671875,114.90786256451871,112.75954914953054,114.82797005346652,8277900
2021-02-22,112.36894226074219,112.9548409415736,112.19139207500004,112.55536487613614,6975500
2021-02-23,113.20341491699219,115.34284236383691,112.91046893585874,113.43422679341802,10145300
2021-02-24,113.32771301269531,113.84259848325019,112.66191493717207,113.05251186927555,7263000
2021-02-25,112.36894226074219,114.50837628221734,112.11149957105137,113.17677359411599,7790800
2021-02-26,109.66139221191406,112.67967849488132,108.14337325184428,112.33346400080481,17718800
2021-03-01,110.33605194091797,111.4013260951935,110.07860921951767,110.22064938560662,7740200
2021-03-02,109.98983764648438,110.84205832559282,109.57260312411039,109.96320680851973,10206500
2021-03-03,109.33293914794922,110.25617330908962,109.00447628197196,109.87444875727518,7537000
2021-03-04,108.43631744384766,110.76216778097175,107.89480111966645,109.27965898591428,10228100
2021-03-05,111.83631896972656,112.14702336683492,108.79140233236893,108.97782497063393,10490900
2021-03-08,113.01699829101562,114.4284869160107,111.2504160156114,111.64101970834626,9224700
2021-03-09,112.01386260986328,114.44624288820609,111.90733248515306,113.31882785295987,8859700
2021-03-10,113.04364013671875,114.00239105432354,111.38358782665075,111.98724505927059,9070900
2021-03-11,112.66191101074219,113.4963732974456,112.49324000350995,112.85720608356348,6941500
2021-03-12,113.75382232666016,114.35748630463954,113.3188361381072,113.3188361381072,6521900
2021-03-15,114.12667083740234,114.55277783367265,112.91048396156762,113.97575822509198,7172600
2021-03-16,114.4640121459961,115.38724622294407,114.08228085614368,114.08228085614368,6485200
2021-03-17,114.00238800048828,115.26296411421099,113.94025388809268,114.61492442135783,6192900
2021-03-18,114.2509536743164,114.55277890175135,112.77732403693946,113.81597424233586,6871300
2021-03-19,113.6384048461914,115.17418874814459,113.54076069779198,114.60604162789531,20262100
2021-03-22,115.56477355957031,116.19506830323488,113.63839960713499,113.63839960713499,8077600
2021-03-23,117.71307373046875,118.32559641796463,115.39609650466802,115.76894170189318,9503800
2021-03-24,117.6775894165039,118.19247489170547,115.95538954496341,116.23946989501805,8318000
2021-03-25,118.4942855834961,118.61856733499074,117.2248372322075,118.1480711653542,7517300
2021-03-26,120.2431411743164,120.38518136158032,117.6065794606579,118.26350516748015,10821200
2021-03-29,122.12512969970703,122.1517605394062,119.84365509703645,119.84365509703645,11176000
2021-03-30,120.2431411743164,121.61912670382775,119.9679467775537,121.27291221343307,8090600
2021-03-31,120.22537994384766,121.3971911427361,120.07446732805703,120.44731265160404,9202600
2021-04-01,119.20451354980469,120.26978800450267,118.36117183757294,119.88807018939657,9117800
2021-04-05,121.13084411621094,121.84103134319729,119.60394631918342,119.80813412096472,8279100
2021-04-06,121.17522430419922,121.63684799910469,120.41177546272597,120.73135901370765,6180600
2021-04-07,121.3883285522461,121.9120865340466,120.95333553332613,121.72565708430986,10244500
2021-04-08,121.84992980957031,122.17839943033306,121.25515177426695,121.53034616642398,6190300
2021-04-09,121.05984497070312,121.85881081884287,120.34078518936528,121.18412674098748,5855400
2021-04-12,121.54808807373047,121.65461142508435,120.47394149239014,121.17524279829613,6440900
2021-04-13,119.9413070678711,121.07760139057561,119.70161596279686,120.74914533429757,9161200
2021-04-14,120.37628173828125,120.54493918364987,119.4707926811327,120.30526166069168,7584000
2021-04-15,121.83218383789062,122.2937941160286,120.61598339119138,120.7047618923627,7945300
2021-04-16,121.8410415649414,122.4180611158231,121.51258553250376,122.16062516661171,7708500
2021-04-19,121.27291107177734,121.69014565187615,120.18987835905676,121.56586387561465,9149400
2021-04-20,122.28490447998047,123.03059502039781,118.53867982532287,119.70160488028945,10040500
2021-04-21,121.48595428466797,123.01285220464214,121.26402160497051,122.40918827210325,8465900
2021-04-22,120.27986145019531,121.31620728229008,119.77061091542555,120.94097650357882,7338300
2021-04-23,119.66339874267578,120.68188611794356,119.04694334642076,120.54786637003151,6708300
2021-04-26,117.26905059814453,119.50257672007419,117.18864692952184,119.26136571420612,9910600
2021-04-27,117.19757080078125,117.83189818882389,116.40243608280049,117.25118687645492,8296800
2021-04-28,117.3941421508789,117.79618780883743,116.92957847490202,117.67111087571084,6262800
2021-04-29,118.38581085205078,118.81465767259319,117.3137210654173,117.3137210654173,6786800
2021-04-30,119.19881439208984,119.42216699295173,118.16245505232406,118.6002310576633,9188600
2021-05-03,120.61042785644531,121.21794050507661,119.74381850644325,119.74381850644325,8070300
2021-05-04,120.19943237304688,121.35193945342274,119.90461892978544,120.59253514054372,9624000
2021-05-05,119.23457336425781,120.5836183346433,119.15415605728923,120.04756657254488,8295900
2021-05-06,120.73548126220703,120.94096183774423,119.64551948044492,119.7259231449124,9771100
2021-05-07,120.74444580078125,121.53065154755,120.39601618707508,120.68191414312366,6299100
2021-05-10,122.99578857421875,123.66584626767104,121.22684008056514,121.40551940568069,8852700
2021-05-11,122.3882827758789,123.99641042143902,121.92370559951118,123.72839823541861,10973700
2021-05-12,121.09285736083984,122.39724273420312,121.04819774018478,121.94160827109137,8853700
2021-05-13,123.04049682617188,123.7641571598488,120.95884869694022,121.40555395302351,8753600
2021-05-14,123.29957580566406,124.27340359236977,122.9958195133231,122.9958195133231,5989500
2021-05-17,123.04944610595703,124.24662674824195,122.94224118935665,123.26386957152256,7690700
2021-05-18,121.78968811035156,123.13873263907219,121.63779637600699,121.91476499624382,9239100
2021-05-19,122.03986358642578,122.24534415714447,121.13751037624785,121.5574143462125,9806800
2021-05-20,123.29064178466797,123.92496920078469,122.1470775021817,122.20960914469374,8768200
2021-05-21,123.29064178466797,124.1304497866979,123.09409039558174,123.46932114773864,10161000
2021-05-24,123.25493621826172,124.00539787389947,123.04944195855086,123.29066664513596,6981300
2021-05-25,123.6747817993164,123.71945504097388,122.17385903261278,123.33529515391022,8142400
2021-05-26,123.39783477783203,124.05896335304426,123.17448218743928,123.99641808420138,8122900
2021-05-27,120.59254455566406,123.54080190971092,120.30666028666704,123.39785295903128,33095700
2021-05-28,120.47640228271484,121.61996654579377,120.28878009363973,120.74441450659168,10477100
2021-06-01,118.71639251708984,121.50382893621165,118.35902013491881,121.31620673152655,9993900
2021-06-02,119.23457336425781,119.38645151596776,118.3947652987395,118.82359852900068,8254100
2021-06-03,121.36982727050781,121.42342972171143,119.00228116089833,119.02908238650015,11249800
2021-06-04,121.45915222167969,122.05773560834322,120.9677737304299,121.23579960132633,6894400
2021-06-07,121.8790512084961,122.25428195932022,121.21792257188508,121.82544876300143,8418000
2021-06-08,120.46747589111328,122.17389332189188,120.38707221297938,122.1113480395456,6911500
2021-06-09,120.42281341552734,121.89694914174261,120.37815378969776,121.10181422240143,6200700
2021-06-10,121.31621551513672,121.81653688640075,120.2709267822844,120.62829919033014,6515500
2021-06-11,120.48533630371094,121.38767596906972,119.62765625587896,121.28047107522643,10641400
2021-06-14,120.53002166748047,120.6372265720984,119.68128436374093,120.59255331771985,6302000
2021-06-15,120.29772186279297,121.18220319110885,120.20838898961817,120.78910037852403,5543400
2021-06-16,118.62703704833984,121.12858900503507,118.5108893288667,120.77121664987206,8936400
2021-06-17,119.70807647705078,119.85995462448545,118.51089605971248,118.66278783950938,7875600
2021-06-18,117.95697021484375,119.13627844831971,117.87656655320504,119.12733561989737,13997600
2021-06-21,118.88611602783203,119.05585253488276,118.28751912600909,118.54661574901175,8014800
2021-06-22,118.9307861328125,119.73486365902613,118.71637636504403,118.85931166610281,6550900
2021-06-23,118.76103973388672,119.1452133005546,118.21607246866846,118.77891175921944,5796000
2021-06-24,118.84149169921875,119.10057479649629,118.55559373993935,118.77894640848949,6056700
2021-06-25,120.53894805908203,121.09285822986314,118.77892820997623,119.05588329536678,24504900
2021-06-28,120.89629364013672,121.64675505327388,120.3959723990187,120.52104930120822,6065400
2021-06-29,120.07434844970703,121.35193236949272,119.55618243083049,121.06603450714388,5792300
2021-06-30,120.5478515625,120.86947983267524,119.97606948578401,120.23516612050409,5776600
2021-07-01,120.8248519897461,121.62891606041708,120.53895406003683,120.9945885491019,5922300
2021-07-02,121.41448974609375,122.07561846866204,120.98565649401979,121.14647748377459,5572000
2021-07-06,121.48595428466797,121.77185218422883,120.93204414472153,121.07499309450196,6534400
2021-07-07,122.39725494384766,122.92436393789683,121.53064555183128,121.53064555183128,5532700
2021-07-08,122.3793716430664,122.7546024330352,121.40555742869292,122.38831447315613,7585200
2021-07-09,122.42402648925781,122.97793657701912,122.25427633143137,122.61164867221358,5948700
2021-07-12,122.52229309082031,122.81712013796147,121.88796575320875,122.30786970225586,6807300
2021-07-13,122.37045288085938,122.90650470216423,121.8522730888951,121.8522730888951,5603800
2021-07-14,123.27276611328125,123.4961187186051,121.83437478970117,122.4061569140358,5903600
2021-07-15,124.3270034790039,124.4163363460134,123.02261820293654,123.29957326568108,7357100
2021-07-16,125.53308868408203,125.77431330585277,124.28231959408683,124.45206974894919,9346300
2021-07-19,125.47055053710938,126.74812078187753,124.01428731815943,125.36334565848826,9544100
2021-07-20,124.80052185058594,126.84642601086104,124.75584859663482,125.4705797627633,8136300
2021-07-21,124.36273193359375,125.2561423837379,124.17512337318597,125.03278977120186,6954700
2021-07-22,123.88629150390625,124.36277613245902,122.90635245409804,123.42777759175253,6013800
2021-07-23,125.67530822753906,125.84612600087452,123.23894634351052,123.59855260035405,7906000
2021-07-26,126.1158447265625,126.60132829082694,125.16287574542879,125.52248202272825,5925800
2021-07-27,126.62828063964844,127.32052331403662,125.86410025798565,125.9989491638799,7075400
2021-07-28,124.74930572509766,126.46645504920491,124.70436523277677,126.46645504920491,8520000
2021-07-29,125.39661407470703,126.02593189705385,124.72234203974266,125.64834120364577,5430500
2021-07-30,127.86894989013672,129.9457056444714,127.25761647245388,127.66217696569696,14394300
2021-08-02,127.55431365966797,128.04876892495548,126.58336012449472,127.45541986299008,7009500
2021-08-03,129.41529846191406,129.64905491995324,127.23066328259158,127.5363300313022,8455700
2021-08-04,128.0487518310547,129.54114393874752,127.97684155043584,128.59716031794903,6628000
2021-08-05,128.1116943359375,129.05567798519084,127.18569511643105,128.87587484202365,5363300
2021-08-06,127.13174438476562,128.66907689970265,126.96092661241723,128.5881675500953,6030100
2021-08-09,127.82398223876953,128.1925875526185,127.39245200587982,127.61720933606595,4743800
2021-08-10,127.9049072265625,128.1206654872021,127.35649878393855,127.58125611750413,5253500
2021-08-11,128.2195587158203,128.7769662289928,128.0847098034957,128.3274515637789,4205000
2021-08-12,128.51626586914062,128.69606902774171,127.97685639333736,128.69606902774171,4956100
2021-08-13,129.13658142089844,129.45124719558873,128.28250624143888,128.5162489450289,4888800
2021-08-16,130.03561401367188,130.08056822803388,128.90284188949008,129.16355438382948,6040800
2021-08-17,130.25137329101562,130.8986755039307,129.3613293187327,129.81982933700633,7577000
2021-08-18,128.83090209960938,130.25137004712428,128.72300925474468,130.0895376388765,7162000
2021-08-19,130.3502960205078,130.61100854729747,128.7050703404019,128.7050703404019,5787200
2021-08-20,130.44017028808594,131.24030589269148,130.1614733733952,130.58401828215204,5273800
2021-08-23,129.77487182617188,130.66490196363543,129.66697899276943,129.7209185504221,4522200
2021-08-24,128.7230224609375,129.59508207336145,128.543219325181,129.4692185065219,4560400
2021-08-25,128.26451110839844,128.67807063049844,127.88692044114126,128.62413106633295,3861500
2021-08-26,128.03976440429688,128.30049061019795,127.18568922523782,128.165627970494,4749400
2021-08-27,127.94087219238281,128.35443175387664,127.3385241383266,128.09370554477618,4741200
2021-08-30,128.49827575683594,128.55222904832246,127.70713915034763,128.201608103216,3845800
2021-08-31,128.01280212402344,129.03769514259298,127.70713540506951,128.5971657760295,9642400
2021-09-01,129.31640625,129.63107207747876,127.86896813618154,127.9588765777761,6214200
2021-09-02,129.41529846191406,130.1165403998276,129.08266192467616,129.43328289363293,5392500
2021-09-03,129.5052032470703,129.79288555594212,129.0287187057345,129.24447700786294,5466400
2021-09-07,129.01968383789062,129.9097277415556,128.82189630374285,129.74790905985168,6520600
2021-09-08,129.99966430664062,130.305331028118,128.57019705154207,128.6331356978996,6897800
2021-09-09,129.4512176513672,130.25135307954756,129.1455373018525,129.97265622630783,6354700
2021-09-10,129.57713317871094,129.87381457580491,128.8489214395268,129.51419452564454,5750000
2021-09-13,130.97059631347656,132.36409462609817,130.22441398393914,130.22441398393914,9952500
2021-09-14,130.74583435058594,131.58193879589896,130.31430409518862,131.37516588241058,5831800
2021-09-15,130.4671173095703,131.05149453922,130.12549553089087,130.67390390924965,6237100
2021-09-16,129.55911254882812,130.53006583583064,128.39937079157698,130.21540009461836,6142100
2021-09-17,129.7659149169922,131.51003434429882,129.66702112313146,129.79288470458135,18737400
2021-09-20,128.46229553222656,130.22439898801395,127.63519022623605,129.65800614185042,10238700
2021-09-21,128.66009521484375,129.93671528920768,128.45332229836006,128.54321700556616,6651300
2021-09-22,129.10064697265625,129.77491912526114,128.4353601769027,129.29843456820186,6332500
2021-09-23,129.6310577392578,130.08057246130636,129.00173987200998,129.51417952173298,5171200
2021-09-24,129.05567932128906,129.86480033296837,128.64211974143257,129.28043668210006,5009400
2021-09-27,127.35651397705078,128.71404349521893,127.23065040396301,128.6960590653205,5749700
2021-09-28,126.3945541381836,127.09579605087711,125.46855485044469,126.80811374423179,7015300
2021-09-29,127.6801528930664,128.27350184186608,126.02592845339969,126.10685152113994,5460000
2021-09-30,125.6843032836914,128.32745171312092,125.44156152312571,128.23754329273396,6934900
2021-10-01,125.48651123046875,126.07087478771851,124.35373925197449,125.8011632543346,5587200
2021-10-04,124.77629852294922,126.22373656961875,123.70646493897742,125.31572171128752,5816000
2021-10-05,125.26177978515625,126.33162706715063,124.71337125060874,124.78529525557742,6902700
2021-10-06,126.93399047851562,126.99691541663587,124.62347783894343,124.95612811678907,5332900
2021-10-07,127.94987487792969,128.58817809017373,127.43742151887986,127.43742151887986,5334600
2021-10-08,127.41942596435547,128.2195615373194,126.79909351781392,127.92288020557783,6131800
2021-10-11,127.94987487792969,128.35443537722668,127.45540594852206,127.99481537488458,5995600
2021-10-12,127.76106262207031,128.59715334037477,127.39245729292348,128.20159194603355,6734800
2021-10-13,128.05776977539062,128.34545209455936,126.79013483260736,128.0218009116807,5689800
2021-10-14,129.5052032470703,129.73894598041,128.3904017197007,128.40838615091195,6777800
2021-10-15,129.8378143310547,130.24237478636687,129.17252768762876,129.92772275139026,6923700
2021-10-18,127.96785736083984,129.19053804507277,127.75209905768807,129.0556891056029,9119000
2021-10-19,126.45747375488281,126.6013217456058,124.78527858750164,125.03700571221714,9555300
2021-10-20,126.95193481445312,127.62620679649312,125.72925440496333,125.99895222330045,7352700
2021-10-21,126.0383071899414,127.69373193629505,125.90260849084441,127.42234834124407,6545500
2021-10-22,127.39520263671875,127.5580245007118,126.02925749947828,126.09257251220599,5265000
2021-10-25,127.41329193115234,127.476606940588,125.78500436017396,127.01526454678636,5382100
2021-10-26,129.2224884033203,129.52099511795737,127.7660776486037,128.1098172543841,6234900
2021-10-27,128.2998046875,129.97331142787792,128.17316085956253,129.4848320353025,9643500
2021-10-28,129.06869506835938,129.24962663469276,128.19124322671706,128.35406507264847,4538500
2021-10-29,129.34915161132812,129.79239812282833,128.4716858435133,128.59832967581946,6239500
2021-11-01,129.03253173828125,130.0818742087532,128.89684685121253,129.68384680249542,5038900
2021-11-02,130.31707763671875,130.78747495932146,128.70688575107368,129.10491319303418,9954300
2021-11-03,131.21261596679688,131.26688991680774,129.82857502895618,130.38038319263484,7620100
2021-11-04,131.45689392089844,131.5202089433094,128.7611674663928,129.21346889529244,6402500
2021-11-05,132.10818481445312,132.40670539025638,130.98648619365153,131.56543142465517,6062700
2021-11-08,131.12216186523438,132.16246327799058,130.28088795882087,131.61969612323585,5854400
2021-11-09,131.52015686035156,131.91818416866454,130.7874310442021,131.19449940838084,4873100
2021-11-10,132.81378173828125,133.2570282496267,131.701110422899,131.83680911662836,7334900
2021-11-11,132.43382263183594,132.94945276859542,132.26195972272382,132.8499459248247,4096300
2021-11-12,132.5785675048828,133.0489647666713,132.0538962904152,132.7414031660618,5687400
2021-11-15,133.33843994140625,133.6550564254308,132.49716600870386,133.00374134062906,5510200
2021-11-16,133.1484375,134.41487541517455,132.98560188054154,133.32935523029093,7603900
2021-11-17,133.06704711914062,133.68217025764804,132.45191017749306,132.9494443648977,4900200
2021-11-18,133.08518981933594,133.95361477843878,132.53338143357652,133.01281992248184,5509300
2021-11-19,132.81378173828125,134.08926111922528,132.7866309570214,133.83597345470147,6274300
2021-11-22,133.70028686523438,134.73153343001835,132.82282110887562,132.94946493952833,6625400
2021-11-23,135.183837890625,135.2381118474121,133.58268714969208,133.72742690321945,7912800
2021-11-24,134.47824096679688,134.67725466545082,133.5917203807414,134.57774781612383,5665200
2021-11-26,133.4017333984375,135.43708904814198,133.2569936839274,134.4058427377506,6299800
2021-11-29,134.8039093017578,135.38285452523002,132.78663517664592,133.69123795101765,7113300
2021-11-30,130.7874755859375,134.36969497445813,130.37135222103691,133.70933878975617,11696400
2021-12-01,132.43382263183594,133.76358963352604,131.0316995648044,131.0316995648044,8313500
2021-12-02,133.2117919921875,134.2973263020758,132.9223262985215,132.98564131148447,9468800
2021-12-03,135.58184814453125,135.69039604436168,133.57362917882344,133.89928668145555,11200800
2021-12-06,137.63531494140625,137.85242458954582,135.86230112593626,135.86230112593626,11935100
2021-12-07,137.27345275878906,138.02427461806414,136.83924734970336,137.45437052897967,7913400
2021-12-08,137.8885498046875,138.09661831395647,135.94365998824745,137.20105688700406,8329300
2021-12-09,138.6936798095703,139.4806796690468,137.1377622046891,137.7800223327486,8334300
2021-12-10,140.62954711914062,140.9371087359861,138.79319086999314,139.1731361650873,7172300
2021-12-13,142.62869262695312,143.22573366550753,140.1319943790989,140.48478884676462,8944000
2021-12-14,143.15338134765625,143.49713480044127,141.71506632649078,142.83676487239194,8677500
2021-12-15,143.70521545410156,144.41080460305116,142.60159882561223,142.60159882561223,9152600
2021-12-16,145.7405548095703,145.93052746723768,143.3071711166622,143.58759577067443,10852900
2021-12-17,142.4387664794922,146.29236953354112,142.30306777425457,145.33349275036065,24349400
2021-12-20,142.8005828857422,143.34335002742316,141.63365147521247,141.66078845198234,9202600
2021-12-21,142.7100830078125,143.0628774246969,141.8326174934598,142.61057618237646,6946000
2021-12-22,144.12127685546875,144.3564685362245,142.26683897074219,142.71914022052238,6626300
2021-12-23,144.826904296875,145.5686713665614,144.22986317530192,144.2841371312372,5640900
2021-12-27,146.51852416992188,146.53662009173445,145.28826374640443,145.34253770869807,4548600
2021-12-28,147.3054656982422,147.79395877107234,146.49132898104332,146.50942489566555,5929400
2021-12-29,148.52671813964844,149.24134819261732,147.52260859986472,147.64021136677596,5346100
2021-12-30,147.24217224121094,148.8885418310714,147.0974325093369,148.71666512486354,5911500
2021-12-31,147.97491455078125,148.1105994374848,146.9617639216825,147.32359948832,5327000
2022-01-03,147.35975646972656,147.39594830310466,144.62786658470466,146.26519506499093,9317300
2022-01-04,147.87539672851562,148.70762951255176,146.7084515768731,146.80795842078726,9253800
2022-01-05,148.54481506347656,149.54892461005448,147.81207528369666,147.84826712136422,9330200
2022-01-06,147.29644775390625,149.44035156788536,147.0974340712514,148.6623927547275,7556000
2022-01-07,147.21502685546875,147.92965681066173,146.50038309713602,147.56782130479132,6098500
2022-01-10,145.20681762695312,147.55877617650026,144.89020118608107,147.00696802161568,8055000
2022-01-11,143.52426147460938,144.93543941694818,141.94120681821678,144.93543941694818,11957900
2022-01-12,143.84088134765625,144.1574978381032,142.7734567056105,143.1624292708209,7127500
2022-01-13,143.18954467773438,144.2388870445743,142.7282023041203,144.11224322810332,6551000
2022-01-14,144.56454467773438,145.17968164626078,142.52918875198483,142.99054492916483,10708000
2022-01-18,141.77838134765625,143.40666901470058,141.15420325836072,143.40666901470058,10988400
2022-01-19,146.5456085205078,148.5266902516021,141.99545894044934,142.57440400223194,14088300
2022-01-20,147.3368682861328,149.4559742916177,145.62702858368692,145.62702858368692,10799100
2022-01-21,147.90077209472656,150.3836816066476,147.42784884474477,148.24638159697278,10900400
2022-01-24,146.70025634765625,149.26500247952177,144.3537782147842,148.6374542270749,14838100
2022-01-25,145.0995635986328,146.70026975175082,143.59891545775628,145.92720017755892,9369600
2022-01-26,143.83535766601562,145.12684136599228,142.22557573321927,143.09867544631734,10707100
2022-01-27,144.72666931152344,146.74573154165714,144.22644869096416,144.36286618853936,9083000
2022-01-28,145.97268676757812,146.38195320727982,143.08052430785844,144.253756618693,9494200
2022-01-31,145.92718505859375,146.1090796814195,144.49019394623113,144.92675769421712,8950100
2022-02-01,145.28146362304688,146.70026117386192,143.4533858053138,146.2364139054003,6284100
2022-02-02,147.88258361816406,148.10085160445126,145.03588502386572,145.6452396150334,7558800
2022-02-03,149.283203125,150.04716891274137,146.99129188410487,147.31870777566132,10474500
2022-02-04,146.909423828125,149.60151126790615,146.80028983653568,148.36460847843958,8959900
2022-02-07,145.8089599609375,147.57335305295447,145.21778509463502,147.218653684241,6430500
2022-02-08,145.48153686523438,146.67296253486958,145.19958425690865,146.53653116742115,5048700
2022-02-09,145.15411376953125,146.0999740327004,144.8539814293232,145.84531881270607,8077400
2022-02-10,142.94406127929688,145.06316752348695,142.47112418281455,144.69027454592072,7033000
2022-02-11,142.14370727539062,144.22644013258372,141.49797932162528,143.70802591722034,9341400
2022-02-14,142.55300903320312,142.84403768061338,139.47893828096716,142.0073112375107,9472200
2022-02-15,142.6257781982422,144.89949602021898,141.980036230625,143.4897881950589,6659200
2022-02-16,143.70802307128906,144.4083318846472,142.12552471398064,142.63483516817965,9315700
2022-02-17,145.35421752929688,145.8635280237119,143.10778355183263,144.04455404213243,7925500
2022-02-18,145.42698669433594,146.48199509692645,144.44475280521766,145.06319739300858,8063200
2022-02-22,143.63525390625,146.31825125972514,142.4802155797974,145.6179424880349,8179500
2022-02-23,141.8435821533203,144.2446269993707,141.5161663162376,143.97177815552365,6273000
2022-02-24,138.02374267578125,141.86177894133723,136.93236104695256,141.552556690742,13145100
2022-02-25,143.91722106933594,144.5538591636918,138.46938920103213,138.5421498229113,8888800
2022-02-28,141.77992248535156,142.96225831594097,139.89729168330538,142.14371172045458,8669200
2022-03-01,139.43344116210938,141.33426554440004,138.55123771622914,140.34292810609566,8311900
2022-03-02,139.86997985839844,141.04322569409908,138.78770213858124,139.11511796742,6111300
2022-03-03,140.38841247558594,141.75264296198603,139.85181848157606,139.85181848157606,7451200
2022-03-04,141.09779357910156,141.28879192949498,138.7422258977038,139.26062620134007,8639100
2022-03-07,139.00599670410156,140.53394215693623,137.45987150227995,140.5066586557848,8374500
2022-03-08,133.50355529785156,139.1059970660472,133.31257084988275,138.40568837560608,9517200
2022-03-09,135.30438232421875,136.85050741952833,134.43126871450875,135.3589493227625,7044100
2022-03-10,131.821044921875,134.858728100292,130.91155794311518,134.42217823623488,9221000
2022-03-11,130.25674438476562,132.93063869587309,130.08393961426017,132.23941961385125,7086100
2022-03-14,131.9210662841797,132.82144935609918,130.37494146257634,131.37536864000555,7964600
2022-03-15,136.6686248779297,136.91417639307957,133.59455416334376,133.70368817007704,9868400
2022-03-16,136.20477294921875,138.0510305144105,134.64045414358768,136.99603610406578,6908900
2022-03-17,136.63221740722656,136.8504992660665,135.05880890638772,136.41394942605584,6003800
2022-03-18,136.55946350097656,137.21429523201914,134.82235392886213,137.21429523201914,15570300
2022-03-21,137.077880859375,137.71451897970357,135.73184399387029,136.82322561124357,6937500
2022-03-22,138.1328887939453,139.697207530491,136.8959859296457,139.54258252949217,7292100
2022-03-23,137.16883850097656,139.16060341003043,137.05060074796737,138.42392114703276,5531900
2022-03-24,137.40530395507812,137.8418538494407,136.56857754185364,137.2324991966904,4203100
2022-03-25,138.99688720703125,139.98822461603908,137.79635781516674,137.90550568203471,5047700
2022-03-28,139.95184326171875,139.97002300710213,138.81498468018717,139.73356141810413,4234000
2022-03-29,141.38885498046875,142.30743185356081,140.07919148139118,141.3069906035237,5643400
2022-03-30,140.4156951904297,140.4520685636889,138.18745485062874,138.6967653422781,5779300
2022-03-31,138.96961975097656,140.370223658821,138.60581661553795,140.15195565522845,7538600
2022-04-01,141.05235290527344,141.38887257361588,138.2966080654271,139.62446535546013,5742600
2022-04-04,140.1337432861328,140.37930863500065,137.5689835655924,139.88817793726497,5992000
2022-04-05,140.62486267089844,143.12595169274115,139.64261513518176,139.70628588065523,7653000
2022-04-06,142.6348419189453,143.05319814997955,140.00642515381378,140.44297500983595,8884700
2022-04-07,144.4811248779297,144.96315194278262,142.76219477100628,143.58072763042804,6889700
2022-04-08,145.60887145996094,145.9999442011829,144.5356696041441,145.24506834033232,6045400
2022-04-11,145.05409240722656,146.61841121978756,144.27193300094606,145.47244867240516,6158400
2022-04-12,144.61752319335938,146.09090157342843,144.3355844431641,144.8903720694959,7221500
2022-04-13,145.0268096923828,145.89081960596752,144.3446944114995,144.68120017588058,5247700
2022-04-14,144.2173309326172,145.79073923700344,144.10818307799062,145.4996967948892,7806500
2022-04-18,142.843994140625,144.59020712584115,142.3619672483466,144.135463727264,6034500
2022-04-19,144.9813232421875,145.54520073060453,142.15281817089658,142.58027816297724,7897000
2022-04-20,148.83753967285156,149.59241553637455,145.51791772579978,145.9726612186929,10196100
2022-04-21,148.72142028808594,150.81582440029018,148.55678689781513,149.82807988078625,9365700
2022-04-22,147.47755432128906,149.55367635788699,147.16659724600035,149.2975924187636,9394600
2022-04-25,148.66651916503906,149.34330643231226,146.15139815594452,147.88911254365334,6986800
2022-04-26,146.14224243164062,149.66341740494295,146.10566499398348,148.78540539036857,7769500
2022-04-27,145.74896240234375,147.66045083423117,145.5203150600933,146.52636894820577,6754900
2022-04-28,149.45309448242188,149.7274741619676,145.66669398017547,146.8282127599217,9306800
2022-04-29,146.83734130859375,149.03235044106327,146.51722941382508,148.59335140567492,10637000
2022-05-02,144.8526611328125,148.1634700092258,142.84970828684072,147.79763986301816,10351600
2022-05-03,142.86801147460938,145.4105688040351,141.7704930673677,144.7063310823445,10344000
2022-05-04,143.91981506347656,144.09358931438362,141.89856597657305,142.52049414005464,7771000
2022-05-05,141.26748657226562,143.8557623246927,140.06022185101773,142.9503277392837,8217100
2022-05-06,142.67596435546875,142.8954708630828,140.72788422253842,141.55102315944475,7304800
2022-05-09,142.3192901611328,143.37106263330904,139.7035633111288,140.81022288270086,8540800
2022-05-10,141.5692901611328,143.24299047415684,140.79189752756017,142.26438705177077,7447400
2022-05-11,139.57550048828125,142.5844937238394,139.3377122485152,140.8742158695165,7692200
2022-05-12,139.0084686279297,140.49009921077143,137.07868414836955,140.4077895018422,9600800
2022-05-13,140.49923706054688,140.59984246558415,137.57255339881954,139.54807010380867,5675500
2022-05-16,141.87110900878906,142.5844876532427,139.04503099764383,140.36204201987428,5971000
2022-05-17,141.46865844726562,143.3618648928274,139.99618315252792,141.88023477405693,6509100
2022-05-18,132.65206909179688,141.54188109666504,132.19477429300954,141.45957138221047,9670700
2022-05-19,129.5972900390625,131.1703846182277,128.59125026761203,131.1612437499912,9694100
2022-05-20,129.67962646484375,130.2832588255214,127.29254754355216,130.00887921107454,7786900
2022-05-23,132.66119384765625,133.1916573686676,129.9448622421555,130.63994515476006,7134500
2022-05-24,135.02084350585938,135.30436399940209,132.4508494120984,132.5148634160303,7207400
2022-05-25,132.8075408935547,134.57269184295274,131.24358678516003,134.54525527574648,8217800
2022-05-26,133.96905517578125,134.79219403226926,132.65204416982215,133.96905517578125,5702600
2022-05-27,136.0177459716797,136.0177459716797,134.10625734449042,134.41721441239602,6028800
2022-05-31,135.24951171875,136.26470671199152,133.67641652281665,134.70989325969893,12416700
2022-06-01,133.2008056640625,135.46898357079158,132.35024418236185,135.35923730361145,7036000
2022-06-02,134.63673400878906,134.68245232193814,130.44791218850318,133.50263794100564,6479800
2022-06-03,133.429443359375,134.63670803301721,132.7252056330837,133.8593014820634,4720700
2022-06-06,132.90817260742188,135.03001330614987,132.24051212513368,134.78307019687162,4751100
2022-06-07,134.3897705078125,134.60926303527884,131.17955273834824,131.3990592213415,4918600
2022-06-08,132.71609497070312,133.92334596360018,132.60634868649325,133.80445880754934,4369600
2022-06-09,130.31985473632812,134.344042702677,130.18265794658353,132.99045423479998,4625700
2022-06-10,129.8259735107422,130.9234780923891,127.53949981750782,128.85651089769527,6630800
2022-06-13,126.35052490234375,128.4906747871102,125.87494844397544,127.58522622218874,8549500
2022-06-14,122.40863037109375,125.82919942761706,121.21966147242333,125.76517147701902,9980200
2022-06-15,121.19223022460938,123.37809822154757,118.43932129419318,122.95739493397552,12178100
2022-06-16,121.93305206298828,123.53358333652255,119.44536805282443,119.8386347528122,9683300
2022-06-17,121.0550765991211,122.7927912078863,120.2045010382413,121.2379917228549,17113300
2022-06-21,124.72259521484375,125.29879120220062,122.0336992145538,123.12206321043608,9017000
2022-06-22,126.67063903808594,127.75900271830119,124.08234921556861,124.09149008609408,8374500
2022-06-23,130.14605712890625,130.31067650039347,127.03644520851806,127.17364197361563,6418300
2022-06-24,132.0209503173828,132.83493410841237,130.89599560695896,131.88375357059982,19440600
2022-06-27,131.01495361328125,132.3959788158601,130.52108139454356,131.81064205950884,5618500
2022-06-28,128.88394165039062,131.78318848793586,128.57298459146767,131.28016150701504,6077300
2022-06-29,130.0546112060547,130.65824356549453,129.09428953522345,129.50586593381317,5174600
2022-06-30,131.50881958007812,132.103311135246,129.1674726659809,129.5881899812617,7410100
2022-07-01,133.6306610107422,133.75870297160503,131.1521175366142,131.92038325731835,5937200
2022-07-05,132.34112548828125,133.62155942891954,130.36560840651785,132.23137919113813,5760900
2022-07-06,133.5758056640625,134.89281684002867,132.58804728208787,133.08191949531073,5485200
2022-07-07,133.53004455566406,133.70381876433981,132.2496250530941,132.88067997937978,6623400
2022-07-08,132.63377380371094,134.2708828757604,132.22221131793566,133.52092673920765,4294200
2022-07-11,133.56663513183594,134.0605212425148,132.32279294029325,132.7526510917804,5482900
2022-07-12,132.38685607910156,134.37151400852522,132.0393075351965,133.40205118134907,5204400
2022-07-13,133.25564575195312,134.40803709367546,131.89291675398152,132.07583180576356,5075600
2022-07-14,132.86239624023438,133.10018444269588,131.21613265062413,131.48135741661864,4867000
2022-07-15,132.6794891357422,133.2556709600764,131.79233631347546,132.92641822237405,6264600
2022-07-18,131.06980895996094,132.6977770286647,130.941766998002,132.56059419639698,6047500
2022-07-19,131.73744201660156,132.62459479030773,131.3716118638576,132.22218720449968,5943600
2022-07-20,129.4601287841797,131.90208074004644,128.6278491038488,131.70086996116368,8635300
2022-07-21,129.58255004882812,130.12565744147523,127.90718467963102,129.42606219227505,8310200
2022-07-22,131.6537628173828,131.79183623565925,129.49051895687887,129.57336300784473,5292700
2022-07-25,132.54664611816406,132.94246586158985,131.202670940371,131.45121708515168,5262100
2022-07-26,132.80441284179688,133.0069298728824,130.44786634857428,131.34997873042118,5375700
2022-07-27,134.06552124023438,134.5902282530907,132.12320914994677,132.4453991451523,5500000
2022-07-28,136.29322814941406,136.79952081895456,133.55006156644131,134.5258179589407,7115700
2022-07-29,127.87039184570312,131.17507996281913,127.24442626540409,130.1901094623616,18694700
2022-08-01,131.54330444335938,132.5006604020129,127.28127392764293,127.34570351451966,12590000
2022-08-02,130.66879272460938,132.298129296446,130.5031046221138,131.73660731666763,7495000
2022-08-03,133.365966796875,133.724971793408,129.71147319430986,130.40186849888318,6811000
2022-08-04,133.15420532226562,134.82037074564062,132.56506869087139,133.3383219320531,6124700
2022-08-05,133.21864318847656,133.32910191267587,131.4236186896146,132.32573104486644,4580300
2022-08-08,133.7249298095703,134.8295591408562,133.22783748051106,133.50399832486355,4486800
2022-08-09,133.41195678710938,134.34169794501835,133.00693675012144,134.00110748700263,3977300
2022-08-10,134.6730499267578,134.85715244510357,133.83536731524458,134.29563063416987,4641300
2022-08-11,133.71571350097656,135.5843817196513,133.41193798146125,135.14253280313986,5954300
2022-08-12,135.013671875,135.06890123881269,133.43957882183832,134.31407652316426,5038700
2022-08-15,136.7534637451172,136.94678055989257,135.08731242864133,135.19777115358457,6008000
2022-08-16,138.0146026611328,138.6313680951601,136.569382613934,136.569382613934,7093000
2022-08-17,137.37945556640625,137.84891928331953,137.04806528207703,137.2505823472853,4834600
2022-08-18,137.8673095703125,138.0698265999932,136.71665101354714,137.03882698176648,3829000
2022-08-19,137.8304901123047,138.6589727578437,136.90076299108546,137.351826232972,6502500
2022-08-22,137.4622802734375,138.1987045845063,137.01121704695305,137.1400902479307,6380700
2022-08-23,134.81117248535156,136.64302621956878,134.2404502564342,136.63381196031082,5268200
2022-08-24,134.23121643066406,135.55676314208003,133.58683647354886,134.95842637747123,5903200
2022-08-25,134.1207275390625,134.19437135519328,133.00689817962348,133.6880788981202,5097600
2022-08-26,130.98175048828125,134.88478912612678,130.7332183687229,134.39691105216158,6086600
2022-08-29,130.42945861816406,131.34998551752736,129.81270728112574,130.07045368925742,5272100
2022-08-30,129.03945922851562,131.09224441031387,128.7909270688483,131.09224441031387,5203700
2022-08-31,126.97747039794922,129.68382146628517,126.90382656762638,129.24195848434806,8406900
2022-09-01,128.5423583984375,128.65281711676317,125.8912367896302,126.87620718178043,7446500
2022-09-02,126.25946807861328,129.93236127765465,125.69794612954459,129.26038059962988,7077800
2022-09-06,124.85105895996094,126.97747369860629,124.53806916142186,125.08119066840524,8217200
2022-09-07,126.73814392089844,126.8117877625423,125.21007985669951,125.21928006960752,6609400
2022-09-08,126.9038314819336,127.4837678893561,125.24688035081567,126.12137804481195,7380500
2022-09-09,128.83694458007812,129.87713037303826,126.38833977900364,126.98667661525396,6434300
2022-09-12,129.88638305664062,130.53074923541428,128.05452901986402,128.33068996680396,5818700
2022-09-13,127.19841003417969,130.19012268813137,126.90384870762273,129.59178577579178,6350200
2022-09-14,127.5021743774414,128.56078872778772,126.72893516151711,127.64026183850865,6137800
2022-09-15,126.5171890258789,127.85194990138102,125.78076487335699,127.75069140483272,5320700
2022-09-16,127.29044342041016,128.0084531930494,126.2134287614513,126.51720428774084,9321500
2022-09-19,127.0235366821289,127.45618553292982,126.32392711259799,127.21683950287829,6056000
2022-09-20,126.57244873046875,127.00509749709205,125.67953651391647,126.48960468055172,5589800
2022-09-21,124.943115234375,127.21681785620999,124.9247148091393,127.10635912029124,6413900
2022-09-22,125.38494873046875,126.1766022590059,124.49203670248652,124.95230005521456,5061600
2022-09-23,124.80504608154297,125.65192919350244,123.3045826520908,124.89709034924685,6523600
2022-09-26,124.92469787597656,125.94648318310344,124.26191745804971,124.80502489753515,7396400
2022-09-27,121.49112701416016,126.05694626838664,121.2425948834261,125.15483390846829,7722200
2022-09-28,121.49112701416016,122.44848278258856,120.7639169992119,122.44848278258856,10455100
2022-09-29,118.47180938720703,121.38987797877132,118.06677530325791,121.38987797877132,7128500
2022-09-30,116.21652221679688,118.78478611162909,116.1797002976834,118.74797121557859,9431900
2022-10-03,118.2968978881836,118.84001939303704,116.61233912650499,117.13703913877781,8477700
2022-10-04,119.76055145263672,120.46934702960576,118.47180540645375,118.84002458227403,7211600
2022-10-05,118.93208312988281,119.75135158108577,117.91029761918007,118.93208312988281,5071100
2022-10-06,116.4282455444336,118.8031996118082,116.3085725525271,118.64671172415206,5530800
2022-10-07,114.39386749267578,116.52028927203027,113.92440386015836,116.44664543918196,6095400
2022-10-10,113.92440795898438,114.37546416104927,112.46997381168306,113.56540303976051,6923300
2022-10-11,114.3570556640625,115.7102242578369,113.77711924366797,113.85997031360831,5516200
2022-10-12,114.54116821289062,115.81149287052466,114.52276076411184,114.91858060889345,6823500
2022-10-13,116.27173614501953,116.6767701784231,113.15115090090904,113.69426535688764,6910500
2022-10-14,115.13949584960938,116.92531309725855,114.85412776092046,116.67677394704538,5516800
2022-10-17,117.21990966796875,118.08520733121773,115.85753358441073,115.99561404474721,6664600
2022-10-18,118.16802978515625,119.73293670076538,117.51446357340802,119.05174176048699,7114200
2022-10-19,119.26345825195312,122.43007291147971,119.21742909952827,121.17815581460002,9993700
2022-10-20,117.7273178100586,120.30454990310194,117.43993154566903,119.23842268375518,8168000
2022-10-21,119.20136260986328,119.54437024324079,117.25453825126066,117.31015958145038,6394600
2022-10-24,119.93373107910156,120.92569193184238,118.9881401949205,120.04498788286071,6946000
2022-10-25,121.31504821777344,121.61170000339047,119.09937582098824,120.14695794085164,6776000
2022-10-26,122.16795349121094,122.9003387398655,120.88860629207007,121.12037126896882,6612800
2022-10-27,122.26065063476562,123.41019573047711,121.90836338501668,122.37189328381902,6676700
2022-10-28,125.35704040527344,125.62588155124914,123.22479981298957,123.45656478724192,6996400
2022-10-31,124.84713745117188,125.7741972205984,124.46703955071274,125.33847799730317,8346300
2022-11-01,125.04183197021484,126.33971004870114,124.0776818440735,124.87495384823225,6428300
2022-11-02,123.24333190917969,126.58073869719442,123.122809608683,124.89349721929024,7318100
2022-11-03,122.39970397949219,122.9652110220178,121.40775735160555,122.12158321097289,5204000
2022-11-04,124.63394165039062,125.15309295784878,122.85398824804312,123.59563903547429,5555400
2022-11-07,126.54364776611328,127.18332121595263,125.20867954832826,125.47753478025322,6746800
2022-11-08,126.83104705810547,127.48926573031538,125.894721766746,126.8403267092836,5266200
2022-11-09,126.52511596679688,127.90644014407853,126.3953281622463,126.88666871845989,5690700
2022-11-10,130.88229370117188,131.29948192121265,128.1196595017517,129.28776388457027,8068700
2022-11-11,130.68765258789062,131.299515598131,128.96332037909448,130.9008724323756,7175200
2022-11-14,130.6968994140625,133.0887156292731,130.02941516117528,130.2611801338219,8516200
2022-11-15,130.2426300048828,132.75495401797644,129.51024487715952,131.72591712462787,7732400
2022-11-16,131.40147399902344,132.48613237363446,130.6968994287791,131.17897453276555,6193700
2022-11-17,130.5948944091797,131.3550901473283,129.65856921186307,130.8173938279616,5186300
2022-11-18,132.1709442138672,132.34707372235448,130.96576344649165,131.56834675727328,5671400
2022-11-21,133.84890747070312,134.5998236959776,132.41196185470574,132.6251816622478,6377200
2022-11-22,134.99844360351562,135.15604207208168,134.27533809089024,134.82229997811535,5372900
2022-11-23,135.7678985595703,135.93477667162173,134.95209559270435,135.25801286414827,4296000
2022-11-25,136.01821899414062,136.46320375042106,135.72155305941342,136.0831058262307,2411100
2022-11-28,135.90696716308594,136.59298233564462,135.48051344716862,135.71227838834318,6628200
2022-11-29,134.86865234375,135.40634871169433,133.9879483851105,135.11896244426762,5634200
2022-11-30,138.28024291992188,138.28024291992188,134.544193064154,135.02625397432345,12396800
2022-12-01,138.36366271972656,139.39269957111264,137.73326890234847,138.6232383087421,6927400
2022-12-02,139.62449645996094,139.77282944358245,137.2790359714669,137.64058877791192,4938300
2022-12-05,138.21536254882812,138.7530590095385,137.45518075665967,137.86308939208217,5402500
2022-12-06,138.3914794921875,139.13313012747932,137.46441973452502,138.79938804888846,6866700
2022-12-07,139.28147888183594,139.45760837328964,138.1411850655895,138.1411850655895,6175500
2022-12-08,140.28268432617188,140.3383056463223,138.14116447971824,138.55835267246417,5187100
2022-12-09,139.91188049316406,140.8667510727129,139.26294138266655,139.70792618046318,5868200
2022-12-12,141.3488006591797,141.4322326413579,140.0230978660641,140.18997597622965,6142400
2022-12-13,141.1355743408203,142.98041409730436,139.7913264542177,142.22023249632215,7680600
2022-12-14,141.6918182373047,143.1751195944751,141.07068986091,141.64546241755372,7385600
2022-12-15,140.08802795410156,140.9131107340143,138.8179603642772,140.6535350827482,7117200
2022-12-16,139.46688842773438,140.05094066965293,138.15046511623504,139.3927219409978,19966400
2022-12-19,139.42977905273438,140.3383077817118,138.35440050657564,139.26291508974404,5881800
2022-12-20,139.4854278564453,139.89332229802554,138.38222439849633,138.42858021902896,5646100
2022-12-21,140.76475524902344,141.49714040545547,139.72645280992057,139.75426347198157,5024700
2022-12-22,141.0892333984375,141.29318768635252,139.87478732227703,140.1065522725614,5904900
2022-12-23,141.48785400390625,141.76597475705688,140.60715007377024,141.20046774578063,3401800
2022-12-27,142.72088623046875,143.06390805457178,141.5249850373682,141.56206121374552,4215100
2022-12-28,140.8759765625,143.36975488935516,140.8203411065804,143.02674737978526,4197500
2022-12-29,141.4600372314453,142.06263452820485,141.04286319264781,141.66399149855673,3809100
2022-12-30,140.5051727294922,141.54347511753346,139.4668703414509,141.31171018121645,4532000
2023-01-03,140.51446533203125,140.64425314249948,138.24315743012198,139.93967861783455,6447300
2023-01-04,141.12631225585938,142.20170504066763,140.19925243705435,140.9038269526647,7313400
2023-01-05,139.37416076660156,141.35806808493717,139.1794861388738,141.10777213500148,5373800
2023-01-06,142.69305419921875,143.19367445315092,140.68133596885826,140.77404761464157,7882200
2023-01-09,140.95016479492188,143.5088588785786,140.91308862733416,142.248056993449,5727000
2023-01-10,140.81114196777344,141.56205829982306,139.9304378023549,141.00583079073326,4716400
2023-01-11,139.67083740234375,141.43224542126615,138.45639128820343,141.20976011535365,8691300
2023-01-12,138.88284301757812,140.66279634938013,138.61400186751814,140.63498568371224,7801600
2023-01-13,139.8748016357422,140.0324001205655,138.52128796341935,138.69743160698994,5535800
2023-01-17,139.46688842773438,141.0336218637432,139.42979811146063,139.79135089316952,9611800
2023-01-18,135.73085021972656,138.9940910478082,135.38782842022354,138.74379504713164,10461200
2023-01-19,132.86038208007812,136.40531863290062,132.6924710002904,133.69064229971005,12683700
2023-01-20,133.37344360351562,133.54135465329801,130.7427232803229,132.76707916653447,8603300
2023-01-23,131.5823211669922,134.05443985138402,131.24648483302053,133.73726504557058,7473100
2023-01-24,132.30062866210938,132.82303752704354,130.42553670134515,131.2464730517125,6822500
2023-01-25,132.20736694335938,132.23535212250272,129.4180588005956,130.96663847455451,6902600
2023-01-26,131.6756134033203,132.22602177928414,131.29314456286792,132.21668389699093,5398600
2023-01-27,131.13453674316406,131.87150336626667,129.94044099611045,131.6009752788067,6870800
2023-01-30,131.5449981689453,132.58049234626864,130.86400185390886,131.498365700392,6369300
2023-01-31,132.82302856445312,132.90698407610085,131.31175818192892,131.75021149996442,9373400
2023-02-01,133.57867431640625,134.42759589427538,131.86218386754933,132.54318016532656,7207900
2023-02-02,132.6271209716797,133.13088252148282,131.73156702581042,132.6271209716797,6444300
2023-02-03,133.03761291503906,133.75593231693344,131.69426752147197,133.1962003247552,5993100
2023-02-06,131.9088134765625,133.06558618072143,131.54499198458444,132.4778690649974,6108100
2023-02-07,130.62144470214844,131.33974976072344,129.4646720695715,130.5747980040994,6278300
2023-02-08,129.26878356933594,130.1736612394553,129.11951982051383,129.72588422756357,7123800
2023-02-09,127.85079956054688,129.97775804605737,127.80415286222255,129.557966230286,6547400
2023-02-10,128.97958374023438,129.0169067958911,126.71269920192647,127.75751700711447,8108900
2023-02-13,130.66812133789062,131.02260500821774,129.42739290530332,129.61396550567184,5081600
2023-02-14,129.93112182617188,130.82669010867218,129.31541952161385,130.7333967044998,5253500
2023-02-15,129.63262939453125,129.96846577513537,128.80236920839567,129.77255528870913,5530300
2023-02-16,127.93476104736328,128.9236084658628,127.38436699134176,128.1679803152952,7595700
2023-02-17,130.6121368408203,130.64012201916694,127.4216983981145,127.4216983981145,8034700
2023-02-21,130.51885986328125,131.4330755853978,129.5486595489485,129.5486595489485,6899500
2023-02-22,131.06922912597656,132.07673807580562,130.49084989415,130.58412906096825,6126300
2023-02-23,130.64947509765625,131.66630798805718,129.76324446625563,130.8173861872658,5835400
2023-02-24,129.9124755859375,130.0710630040325,128.811687306957,129.60462439743193,5260700
2023-02-27,129.80052185058594,131.04125012779173,129.23146623825207,130.23897523556,5820900
2023-02-28,128.3265838623047,129.2874462283658,128.06537938810806,129.1568439912675,6709900
2023-03-01,128.4198760986328,129.04490210149024,127.34705880018929,128.78369762968643,7101800
2023-03-02,130.5374755859375,131.00391409954622,128.53179567124957,128.7370297560033,5924600
2023-03-03,131.48904418945312,131.75958656053635,130.57482847952886,131.71293985160023,5259400
2023-03-06,130.9293212890625,131.6662880170867,130.54683821908375,131.28380494710794,4943100
2023-03-07,128.3265838623047,131.18118578357956,128.121349741925,131.00393684010837,5606800
2023-03-08,128.34523010253906,128.44784715050457,127.4310145517575,127.99073225782651,5518800
2023-03-09,127.40303802490234,129.25945442603336,126.96458462970821,128.87697138178734,4467200
2023-03-10,127.98138427734375,128.727688644776,127.1977710970972,127.75748869674251,5928000
2023-03-13,128.86764526367188,131.83420191821446,127.84147473404938,127.84147473404938,8337100
2023-03-14,130.46287536621094,130.70541830121897,128.1773149567604,129.00757505243578,9219700
2023-03-15,132.30995178222656,132.60846503189944,129.49265914658665,129.49265914658665,8823500
2023-03-16,133.298828125,133.51338590431044,132.1047463977237,132.4125975947745,7063400
2023-03-17,133.33612060546875,133.76525034605896,132.03009832467288,132.93499027442974,16018800
2023-03-20,135.38844299316406,135.64030953320733,133.61596815990723,133.86784893452378,8379200
2023-03-21,134.40895080566406,135.48175390876665,133.252177934958,135.18324060203466,7753200
2023-03-22,134.32496643066406,135.96682485159533,134.17570269205933,134.37159889372614,5729100
2023-03-23,134.13841247558594,135.37914091662762,133.57869467066644,134.55821862249692,5788400
2023-03-24,136.8717498779297,136.90905870433934,134.61418866385446,134.61418866385446,6144800
2023-03-27,136.15342712402344,137.52475777328823,136.07879523843212,137.03033398650044,5917200
2023-03-28,136.53590393066406,136.9650336944664,136.01349499008802,136.71315287148295,4213800
2023-03-29,136.95565795898438,137.40343489363337,136.4425728075261,137.20753871234973,4987700
2023-03-30,137.55271911621094,137.63667463498726,136.47991619520445,137.05829541509584,4117700
2023-03-31,138.70947265625,138.70947265625,137.6646550522966,137.8232424218558,7685900
2023-04-03,139.4744415283203,139.99686462926957,137.2168807931564,138.4669326140649,5721700
2023-04-04,140.1461181640625,141.52678647580385,140.0061922974685,140.0061922974685,6714300
2023-04-05,141.10699462890625,142.1238415554158,141.0043775715365,141.17230286294875,6094800
2023-04-06,142.00254821777344,142.69288237150985,141.2562437175725,141.67603555063104,5399700
2023-04-10,140.8271484375,141.48948327843016,139.47446510924058,141.4708217487405,4891800
2023-04-11,140.54727172851562,141.2749147506651,140.4166694997856,141.10698946539773,6311800
2023-04-12,140.92974853515625,142.17980041694153,139.86625498950568,140.22075283805586,6137900
2023-04-13,141.58274841308594,141.6760275737501,139.76364108253844,140.7711357313235,5489500
2023-04-14,140.8644256591797,141.41481966764314,140.40731080908432,141.19093829990112,4478800
2023-04-17,140.91110229492188,141.30290900629052,140.2487532272854,141.02304300257686,4296400
2023-04-18,141.06036376953125,141.41484741620434,140.02486953681898,140.8457917705773,4158400
2023-04-19,141.08831787109375,141.70400585216237,140.59389421644696,141.02300965068954,3837600
2023-04-20,141.60556030273438,142.0843011378011,141.15496552699523,141.15496552699523,5370900
2023-04-21,146.50570678710938,148.42068496485095,145.03191283631025,145.44495099637365,14876900
2023-04-24,146.76853942871094,147.61337975186584,145.7077836901541,145.7077836901541,8109800
2023-04-25,146.80606079101562,148.26107609334113,146.24282444053625,146.91870233163334,8341800
2023-04-26,145.10696411132812,146.43994134576042,144.88166673734347,145.78284190958865,4843700
2023-04-27,146.8811492919922,147.01256918776338,145.5106152443548,145.7828513793986,4805600
2023-04-28,146.7966766357422,147.7259979797145,146.21466192905868,146.70279913746236,5754700
2023-05-01,146.9750518798828,147.75417504403865,146.2522351678779,146.46813624985973,3844600
2023-05-02,146.84359741210938,147.31295624445445,146.13017714347498,146.99379567614656,5262900
2023-05-03,146.65586853027344,147.91376118806,145.9048914734282,147.0407462414148,5775000
2023-05-04,145.97998046875,147.00319362041026,145.5857207641311,146.53383478295518,4892600
2023-05-05,146.46812438964844,146.7309642047856,145.2102460852497,145.87672764374196,3989200
2023-05-08,145.78286743164062,146.18650918320648,145.37921135637882,145.8298061832333,4950700
2023-05-09,144.29031372070312,146.4211927306493,144.16827582787317,146.2991691615157,4472100
2023-05-10,144.59068298339844,144.86291913163964,143.0981253111354,144.04622501061104,4754900
2023-05-11,144.9286346435547,145.39799352436467,143.98991688193476,145.3228943845915,3495300
2023-05-12,146.4024200439453,146.48690119997946,144.92862636699294,145.21962656468534,5252900
2023-05-15,146.4493408203125,147.1439970634581,145.1633021759719,147.01257716055977,5414900
2023-05-16,146.19590759277344,147.30358766278755,145.43553418310216,146.31793116020285,5591500
2023-05-17,145.57635498046875,146.9656532836537,144.46866055220897,146.68403508503195,4286900
2023-05-18,143.18263244628906,144.2339918542042,142.30963172158047,143.9148312230439,6997600
2023-05-19,143.7834014892578,143.92421775130384,142.5349051156726,143.12630190413313,4754100
2023-05-22,140.01913452148438,143.24832567710146,139.70935596395998,143.1544481783261,7876200
2023-05-23,138.50779724121094,139.75629348069623,138.05721676319286,139.67179800306553,6116000
2023-05-24,137.36257934570312,139.1179770730763,137.13728191396922,138.5453586339876,5755400
2023-05-25,136.4801788330078,137.24993429571896,135.50391863442195,136.57405634143,6510300
2023-05-26,136.48956298828125,137.06218142173694,135.8606237783704,136.42386019031588,4716400
2023-05-30,134.40557861328125,135.21287631934985,133.62645561291052,135.04391402732548,5561000
2023-05-31,133.76727294921875,135.1565711418461,133.2040365967965,134.38683007214416,19854800
2023-06-01,135.1378173828125,135.28800134101584,133.72034437338925,134.47132145919213,6091100
2023-06-02,137.54090881347656,137.6910927457086,135.5414357120808,135.65407724217837,6124400
2023-06-05,136.99647521972656,138.78942961871536,136.79933818333495,137.0997347485609,4753700
2023-06-06,135.6353302001953,137.34378902344568,134.75293324066888,137.1185059350191,4635900
2023-06-07,135.9263153076172,136.22669750005392,134.6778191443745,135.1847203607277,6194400
2023-06-08,137.4658203125,137.66294300540955,136.03896541828522,136.43322512779946,4863700
2023-06-09,137.57846069335938,137.7849797285613,135.86060562255892,136.75238455255172,5569500
2023-06-12,136.4989471435547,138.00088690178475,135.69164933116633,137.9915048811124,5354000
2023-06-13,136.17039489746094,136.75239532047775,135.43819619634425,135.6540972688027,5321200
2023-06-14,137.4470672607422,137.88826580057605,135.95450930191592,136.405089863813,5693300
2023-06-15,139.3526611328125,139.8407984225231,137.55970661236776,138.1511034379076,5863000
2023-06-16,140.3758544921875,140.8921521505409,139.77507566893,139.79385403569657,11244900
2023-06-20,139.08042907714844,141.0705061779315,139.03349032362692,140.57298690273572,5340700
2023-06-21,140.281982421875,140.43218069910176,138.80818868351753,139.17428803194773,4649700
2023-06-22,140.76071166992188,141.84024558401117,140.3195132193828,141.1362073319205,6666800
2023-06-23,139.36203002929688,141.30516813610578,138.89267119955528,141.04232833734605,13843300
2023-06-26,139.50283813476562,139.8407770801127,137.7286622526173,139.02409726373034,4353100
2023-06-27,140.82644653320312,140.96724847189125,139.2963319555408,139.3432707096691,5445400
2023-06-28,140.7982940673828,141.08929430617567,138.89269799687065,140.17873685490267,6733300
2023-06-29,140.2256622314453,140.52604446345077,138.08538690500785,139.38080766130665,7343000
2023-06-30,142.44107055664062,142.75084920695969,140.61055904805522,140.64811578829367,7058300
2023-07-03,143.15443420410156,143.1825945862462,141.24883861928018,142.19693824010213,3996100
2023-07-05,142.9103546142578,143.11687360619035,142.15937776392965,142.33773637729794,8279800
2023-07-06,142.67572021484375,142.86346090567824,141.52108703500332,141.93412514905714,7958300
2023-07-07,139.6811981201172,142.60999279188934,139.63425936987562,142.4128700940484,9169500
2023-07-10,139.73751831054688,141.10805246395296,139.62487676939134,139.81261744588238,5529200
2023-07-11,139.0053253173828,139.9158826753975,137.95396602717864,139.61548612179857,5150300
2023-07-12,139.72816467285156,140.2444480571502,138.59230971525812,138.9584091220745,6764600
2023-07-13,139.82200622558594,140.35708221933194,139.1179679119388,139.86894497790166,5561400
2023-07-14,140.85459899902344,141.3990570041574,139.6154847134711,140.12240031163194,6128900
2023-07-17,139.85955810546875,140.95785611781702,139.84077974045462,140.47910091397847,4625300
2023-07-18,140.12237548828125,141.2582157251221,139.28691742509912,139.53097883642766,5351200
2023-07-19,141.0798797607422,141.5774133298755,139.73752029723576,140.38523781547983,6203600
2023-07-20,142.22386169433594,142.4033441690061,139.93785285758182,141.26978809323634,6445400
2023-07-21,144.4626007080078,145.16163375058,142.3560748609098,142.7811564836596,9938400
2023-07-24,144.92547607421875,145.4261300067248,143.86749258121637,144.3775876470728,5549500
2023-07-25,145.2655487060547,145.34112101700475,144.0091860626559,144.9821561434781,5883800
2023-07-26,145.4167022705078,146.26686559657477,144.4248354474661,144.64209684609293,7013800
2023-07-27,143.68801879882812,146.0401583996125,143.5085363567595,145.62451788407358,7191600
2023-07-28,147.7499237060547,148.76067265005983,146.04014175522695,146.09681738016926,9397300
2023-07-31,147.64601135253906,148.9495939482955,146.47466227034943,147.74046592136438,7955200
2023-08-01,147.5988006591797,148.46786066778748,147.23983576351404,147.24929131168128,5718800
2023-08-02,147.91998291015625,148.99686326125172,147.33431543915853,147.33431543915853,5636000
2023-08-03,148.3072967529297,148.9685365945163,147.56104344898498,148.0805797726939,5792700
2023-08-04,146.68251037597656,148.99685675417578,146.5597035578288,148.7134641659595,4785900
2023-08-07,148.23170471191406,148.44896611369452,146.8808873876085,147.05091428971176,4107400
2023-08-08,148.3922882080078,148.90239773439976,147.8632964131905,148.57177065566626,4625500
2023-08-09,148.20333862304688,149.33689432933045,148.08998737660139,148.600082399549,4293200
2023-08-10,147.46652221679688,149.61084118526972,147.1736885630733,148.4678299671842,4307800
2023-08-11,148.32615661621094,148.74179710315357,147.16424859663664,147.76881264656848,3862300
2023-08-14,147.16424560546875,148.80791083934903,146.89030860679387,148.4300637210505,4297600
2023-08-15,146.21963500976562,147.33430867722004,145.90791901876088,147.16426735908988,6921100
2023-08-16,144.7271270751953,147.10759019266592,144.4059411251705,146.19129567024626,6356800
2023-08-17,143.68801879882812,145.05773274216688,143.38572954609256,144.72712008767542,6419500
2023-08-18,144.0941925048828,144.4248195474792,142.80005097587102,143.2251325921065,5448200
2023-08-21,143.3668212890625,144.32089454391024,142.88504968159273,143.6690960730575,4504700
2023-08-22,143.42352294921875,143.72579778809276,142.5733452361242,143.03622024927384,4195600
2023-08-23,144.76490783691406,144.98216924180852,144.02809575601475,144.02809575601475,4522500
2023-08-24,144.0941925048828,146.11570487924035,144.03751687791058,144.10364805200737,4088900
2023-08-25,145.03883361816406,145.54894312007963,144.01864344222224,144.90658567580533,3541500
2023-08-28,145.2655487060547,145.8228782836238,144.5759711878091,145.1994319426887,3614700
2023-08-29,145.35057067871094,145.51115644367258,143.61245066671344,145.42614299409502,4034600
2023-08-30,145.5111541748047,146.2952007190007,145.19943819788065,145.5678442209178,3712200
2023-08-31,145.79452514648438,146.56913044185694,145.3127679304956,145.58670491669872,5451400
2023-09-01,145.95513916015625,146.68251010531526,145.05774131074867,146.32354519997392,4126300
2023-09-05,143.999755859375,146.27632325248655,143.961962494059,145.28445641515268,5097000
2023-09-06,143.7163543701172,144.009188070416,143.14956923706194,143.85804344640866,3877400
2023-09-07,145.08607482910156,145.652859987694,143.93362224352347,144.04698792360918,4824800
2023-09-08,144.4626007080078,144.96326905313728,143.91472669625102,144.92547569194744,3384700
2023-09-11,146.18185424804688,146.51248133179516,144.60431997388037,144.84047805828754,4288500
2023-09-12,143.61244201660156,146.5596900693338,143.17791924674717,146.40855986161395,4537800
2023-09-13,144.61376953125,145.08608572757436,143.26295212845656,143.565226998852,4040600
2023-09-14,146.20071411132812,146.34240316071103,144.87822052333902,145.33165430924828,4606800
2023-09-15,144.97274780273438,146.72032365563865,144.74603081860073,145.50173968509847,10262400
2023-09-18,145.5206298828125,145.92681491225167,145.0105202947411,145.89847709224185,3536500
2023-09-19,145.0955352783203,145.530058089166,143.33851852406912,145.23722436578177,4704200
2023-09-20,144.97274780273438,146.21021404482488,144.8688376534166,145.2561404294145,5446400
2023-09-21,143.7163543701172,145.19943396704306,143.6502376058294,144.95382034954494,5096400
2023-09-22,143.18736267089844,144.84991029396804,142.9984390977681,143.99974700790915,6327000
2023-09-25,142.31829833984375,142.9039657227746,141.71373427599585,142.8094967321335,5527000
2023-09-26,141.052490234375,142.0349014026088,140.55182189614706,141.67593654597346,6366500
2023-09-27,139.18211364746094,141.4114463563118,138.51143281506296,141.14695047678242,5403700
2023-09-28,138.23748779296875,139.78668419368168,137.6140270135008,139.6355539797657,6237100
2023-09-29,137.78408813476562,138.6437071136383,136.80167674030196,138.4264312746174,6683300
2023-10-02,137.15113830566406,137.53844092996482,135.93255481241377,136.7638356813633,5153800
2023-10-03,137.43455505371094,138.37918732991338,136.98112118309365,137.13226580663274,4670600
2023-10-04,137.88796997070312,138.20914147469134,136.90554436398796,137.5290051051021,4727800
2023-10-05,135.83810424804688,138.00130550067183,135.7341941363697,137.61400286497127,5205700
2023-10-06,136.11207580566406,136.55605417617554,133.61824690578615,135.6492151656451,7406700
2023-10-09,135.42250061035156,135.9987269473769,133.75995278556456,135.42250061035156,5062200
2023-10-10,136.76385498046875,137.17949547359564,135.76254710917806,136.00814630332388,5988900
2023-10-11,135.08242797851562,137.50068452280874,134.66678743235036,137.10394065981808,5469100
2023-10-12,135.3847198486328,135.96093176401627,133.81662663584098,134.88405142555786,5965600
2023-10-13,136.67884826660156,137.00001978566743,135.26189983242813,135.26189983242813,7078900
2023-10-16,137.982421875,138.917598456928,137.4061957002815,137.78404278595752,6509800
2023-10-17,138.16192626953125,138.69093250836042,137.19841162304274,138.02023717856125,6160100
2023-10-18,141.72320556640625,142.92289281589407,140.53297386636112,141.75154338683964,10508500
2023-10-19,140.92564392089844,142.85534972279422,139.90850077644242,142.21845310637303,8146000
2023-10-20,140.73553466796875,142.47512454184945,140.61195272730734,141.68612927632392,7284200
2023-10-23,140.83055114746094,142.1138593583501,140.26970394622393,140.55488516030144,5981800
2023-10-24,142.49411010742188,142.65572393715993,140.75453493236486,140.80205305354795,6322000
2023-10-25,143.15951538085938,143.72036256801584,141.75262529470993,142.2469384197062,6172900
2023-10-26,142.39906311035156,143.90100420428524,142.34202975949304,143.587306269642,7582100
2023-10-27,139.88951110839844,142.54166377950716,139.05298318120228,141.61958581564497,8131800
2023-10-30,141.8856964111328,142.16137687392109,140.25067309605234,140.59288761560214,5412800
2023-10-31,142.61767578125,142.83630843050764,141.29635015369576,142.07584451919072,6762100
2023-11-01,142.2184295654297,143.2355580366019,141.8381976052553,143.2355580366019,5896900
2023-11-02,143.9580535888672,144.15767033910487,141.55305032699317,142.15191508262924,5859200
2023-11-03,142.65573120117188,144.76603775942363,142.22795204937373,144.2907404840228,6587700
2023-11-06,143.48272705078125,143.77740900630448,142.68423120260474,142.9313805351584,6480800
2023-11-07,143.15000915527344,143.7774049489587,142.7032286208236,143.46370705211606,6003800
2023-11-08,142.5986785888672,143.72988838738715,142.1233813293157,143.50175498595203,4832600
2023-11-09,142.921875,142.921875,141.75263343498418,142.34201183110486,6581500
2023-11-10,143.92950439453125,143.9580210666943,142.5131134891138,143.38765861359366,5387200
2023-11-13,144.92762756347656,145.34587691233511,143.96751794323566,143.96751794323566,6297500
2023-11-14,144.60443115234375,145.91625620803632,144.18616725024344,145.01319433118576,7982600
2023-11-15,143.9390106201172,144.8610884017622,142.95039876918784,144.54739049105532,7672600
2023-11-16,145.2793731689453,145.33640652365142,143.83446532839346,144.48087719321495,7590500
2023-11-17,143.60630798339844,145.28884968659094,143.43519344286702,145.1747829961833,8495600
2023-11-20,142.84585571289062,143.56830239272992,142.2659924221898,142.78882235723523,6856500
2023-11-21,142.2184295654297,142.59866152560406,141.47696708964597,142.44657744448602,7310400
2023-11-22,143.5587921142578,143.99605748179653,142.68424687425875,142.68424687425875,4372700
2023-11-24,143.90097045898438,144.24318498880632,143.5682566504371,143.71083999414708,2132500
2023-11-27,143.76791381835938,144.14814580691373,143.29261658020616,144.03407911133155,6021300
2023-11-28,144.76602172851562,145.2223175059154,143.68234464080138,143.68234464080138,6110400
2023-11-29,143.66336059570312,144.91813787322877,143.53027793740614,144.76603926234026,5342700
2023-11-30,145.93527221679688,146.03983819236302,142.66522480446025,143.44470475465434,9771300
2023-12-01,145.1177520751953,145.90674720850834,144.70898891953956,145.75464861547735,5685400
2023-12-04,144.5474090576172,144.9941896692003,144.1671770287866,144.27174301245333,6578300
2023-12-05,139.50924682617188,145.07023058180943,138.95790026282438,144.62344999607822,11895800
2023-12-06,139.40469360351562,139.88950613724091,138.44459827022783,139.74690824294183,7610000
2023-12-07,139.26211547851562,139.83247806742762,138.80583411033993,139.32866406602207,6119600
2023-12-08,137.9788055419922,139.01496471843723,137.3799407849699,138.71076747271167,6385300
2023-12-11,138.61570739746094,138.6632255221048,137.50349898432233,137.64609687302007,8471200
2023-12-12,138.72976684570312,139.00543287488642,137.91225497667918,138.6537175433612,6069200
2023-12-13,141.23931884765625,141.30585291364227,138.26395370974927,138.6537008981173,9055500
2023-12-14,137.51300048828125,141.2108124226539,137.24683519518405,141.12526240092706,10565200
2023-12-15,136.8475799560547,137.12324595744394,135.4597057118597,136.10610295921092,14550000
2023-12-18,138.94837951660156,140.20317106717852,137.02817479750013,137.04719074657774,8421800
2023-12-19,138.94837951660156,139.10997882146327,138.2069170566858,138.4730823240956,5233600
2023-12-20,136.800048828125,138.85333629199914,136.73350025521316,138.3780390737831,7663800
2023-12-21,137.1327667236328,137.63658068268356,136.05860472854144,137.37993059368017,6104700
2023-12-22,138.10235595703125,138.4350698054687,137.1612622609605,137.36089347100693,4413800
2023-12-26,138.72976684570312,138.94839952436033,137.8076889990742,137.92175570012643,3634900
2023-12-27,138.84384155273438,139.0814901969106,138.17842825002535,138.45409429510403,4569400
2023-12-28,138.53013610839844,138.7963014150845,137.8742235651644,138.78680069160336,5023000
2023-12-29,139.3001251220703,139.69938761502064,138.53014582337903,138.7868104245836,5300900
2024-01-02,141.39141845703125,142.02831497425737,139.08146648686994,139.12899910858644,7238400
2024-01-03,140.53587341308594,141.8286823846261,139.90847762434157,141.01117061578572,7697500
2024-01-04,141.3058624267578,141.89524086260167,140.4693491549455,140.73551444664767,7067400
2024-01-05,140.13662719726562,141.51498620077152,139.30961469614604,141.37240284020598,5294200
2024-01-08,141.34388732910156,141.56251998540452,140.35526100466078,140.60242483823086,8255300
2024-01-09,141.92376708984375,142.01881784046677,140.73552392014466,141.2298371401175,9786800
2024-01-10,142.53213500976562,142.5891683563209,141.8857232373251,141.9712877620783,8591100
2024-01-11,143.073974609375,143.34965514028332,141.91424814571909,142.63670925713032,6659400
2024-01-12,143.15951538085938,143.82492852705508,142.48458700798457,143.49221470149786,5684700
2024-01-16,142.38955688476562,144.01508001161702,141.52452683384934,142.73177151647528,8120100
2024-01-17,142.53213500976562,143.1595308317143,141.6480746233979,141.79067249470637,6541400
2024-01-18,141.71043395996094,141.95914419718738,140.54338317604146,141.79652428093996,6526200
2024-01-19,141.16519165039062,142.1696079997058,140.91646679727882,141.81567136600535,7848100
2024-01-22,141.44256591796875,141.77738102120048,139.93113948609425,140.5911943717922,11084100
2024-01-23,147.29693603515625,149.6119011305383,146.25424785931736,146.46470055858165,19101600
2024-01-24,145.51766967773438,147.53609185557116,145.48897290810132,147.24910956271495,11592700
2024-01-25,148.86575317382812,148.904025261992,145.46026715348756,145.7855069202561,10352500
2024-01-26,149.3632049560547,149.3823410022905,148.59792366841373,149.04752587753305,8356600
2024-01-29,149.38233947753906,150.50155732822293,148.655315693264,149.87975990238098,8987400
2024-01-30,150.6546173095703,151.06594742422038,149.0571004750112,149.55452090251455,7794700
2024-01-31,150.31980895996094,151.62078282229726,149.8989035050099,151.1329230976188,8870000
2024-02-01,152.271240234375,152.38604190312597,149.8223520500539,149.96585048686134,7601100
2024-02-02,151.22854614257812,152.67301819524673,150.6928536978233,152.07035689663536,7937700
2024-02-05,151.34335327148438,152.09905915550934,150.72155590695886,151.30508118317746,6931900
2024-02-06,152.06080627441406,152.1660326256613,151.01810348604587,151.4390088910348,6185400
2024-02-07,152.21385192871094,152.89304285461174,151.8503546553296,152.1947304803662,7209300
2024-02-08,151.75469970703125,152.19474119086075,150.92246415317769,151.9077588837134,6121600
2024-02-09,150.587646484375,151.46771484063763,150.14761960450681,151.3911852535896,5978000
2024-02-12,150.2910919189453,150.7693908538797,148.74140804064592,150.5302413864125,5482000
2024-02-13,149.48756408691406,152.07037560415898,148.73184354068363,150.90332495029202,6046800
2024-02-14,148.87533569335938,149.38233141211109,148.18658403835224,149.38233141211109,5727300
2024-02-15,150.19544982910156,150.58765852037322,149.37277494823957,149.51627340912125,6249200
2024-02-16,150.67372131347656,151.57292562323408,149.87018262683037,150.22411915859777,6617600
2024-02-20,151.63034057617188,152.85478482302028,151.26684326935947,151.81209652784148,6622100
2024-02-21,153.4382781982422,153.4382781982422,152.28080305755364,152.28080305755364,7121000
2024-02-22,153.5913543701172,154.0983500824023,151.74512745491393,152.5391054525459,6619500
2024-02-23,154.0409698486328,154.7201608293956,153.20873428612242,153.62963972811326,5486500
2024-02-26,153.26611328125,154.17487834664007,153.12262943806613,154.04095522749338,4531900
2024-02-27,152.38604736328125,152.86434631006082,152.06080758263724,152.49127371543378,3868200
2024-02-28,153.10350036621094,153.17045463057093,151.75469379275333,152.16603848948958,3802900
2024-02-29,152.04165649414062,153.160874167282,151.3146328251939,152.98867897328577,8348100
2024-03-01,151.95558166503906,152.12776228003986,150.76939501888432,151.19030042869812,4819800
2024-03-04,152.634765625,152.82608229451455,150.82679609451384,150.89376495693338,3841600
2024-03-05,152.40518188476562,153.0461007154607,151.88861085335296,152.5391050046642,4481600
2024-03-06,152.6443328857422,153.04610224946495,152.01297477280974,152.7495446413721,5405700
2024-03-07,153.6487579345703,153.926179513902,152.54867613156537,153.0078390601688,4783900
2024-03-08,153.39047241210938,154.25140464594188,151.41986856299346,152.91217348297468,5080200
2024-03-11,154.5384063720703,155.5619586190442,153.8400939346749,154.33751437407963,5170900
2024-03-12,154.9019012451172,155.46630513702215,154.23228558987785,154.7966894817828,4229100
2024-03-13,155.25584411621094,155.66717421224868,154.3279429733749,155.3323737007931,5410500
2024-03-14,154.49057006835938,155.5619551094001,154.13663349512836,155.19845781134782,5848100
2024-03-15,154.3757781982422,154.4905652786445,153.34265068504337,153.72528401740175,10956900
2024-03-18,154.21315002441406,155.65760756253724,154.01225804796735,154.471420941456,6086300
2024-03-19,154.80624389648438,155.1314836876966,154.17488576305408,154.77754712646717,6148100
2024-03-20,154.9593048095703,155.3514988697229,154.46186979613702,154.97842625877945,4870300
2024-03-21,154.83493041992188,155.40889497533428,154.12704274778324,155.05494384100245,5211500
2024-03-22,154.64361572265625,155.36106412773245,154.46185979125957,155.16017215184004,6393200
2024-03-25,153.2374267578125,154.64362690113157,152.79738528175278,154.17488865451648,7145600
2024-03-26,153.58181762695312,154.1462069651288,153.18960892895538,153.40006166463573,5842700
2024-03-27,155.5524139404297,155.6767763613732,154.33753029517754,154.3566663437523,6599700
2024-03-28,155.2080078125,156.05937935161663,154.68187605315254,155.7532756166943,7191500
2024-04-01,153.61048889160156,155.0358249835572,152.86434371501412,154.75840342508033,5971900
2024-04-02,153.60093688964844,153.73486001621689,152.71129322303037,152.71129322303037,6771200
2024-04-03,149.3727569580078,153.89747555606218,148.92315477514384,153.65832607992286,9601800
2024-04-04,148.703125,150.2623840839367,148.6648675104939,150.07106744335817,6801700
2024-04-05,149.324951171875,150.24327706264975,147.97614451098977,148.55009454359228,5121200
2024-04-08,149.2675323486328,149.8988904761833,148.87533829654157,149.20057808472487,5476800
2024-04-09,149.86062622070312,149.9467165260688,148.94228584056043,149.48755363426002,4608100
2024-04-10,150.41546630859375,150.74070610712107,148.89446448084297,148.89446448084297,7784900
2024-04-11,149.07623291015625,150.75985477816235,149.00927863851192,150.71202195754353,8209800
2024-04-12,148.58837890625,149.20060108282786,148.02398955213704,148.48315253543842,6770500
2024-04-15,148.703125,150.01367391083704,148.5883379349577,149.631026033156,5754000
2024-04-16,149.1814422607422,150.1284794534732,148.91359601166135,149.08579122694238,6103300
2024-04-17,150.14761352539062,150.30065809676398,148.98056291408065,149.5162554052015,6621900
2024-04-18,151.43482971191406,151.76218428271375,150.15435225824803,150.52019666324844,7819300
2024-04-19,152.25320434570312,152.29170887327072,147.80518952738927,149.21083249065555,12034200
2024-04-22,154.56387329101562,155.2859544534438,151.39635038910674,152.5324176997532,8926300
2024-04-23,155.48812866210938,156.0657994127068,154.44833012550043,155.66142107282215,7707300
2024-04-24,156.54718017578125,156.7974963220208,153.4855488325655,155.19928671175023,7217600
2024-04-25,156.49905395507812,158.20316954373413,156.04654860277523,156.903417626987,7094600
2024-04-26,155.28591918945312,157.24036527410536,154.51571121039325,156.4508829975608,5659800
2024-04-29,155.6421661376953,155.7673168626744,154.43869772705023,155.1704012320429,4621000
2024-04-30,157.12484741210938,157.2692724493245,155.58441651725977,155.81547307155938,8106100
2024-05-01,157.3173828125,158.12612473941533,156.18131569851084,157.2018545475591,7543000
2024-05-02,157.7410125732422,158.3668249794098,156.585685803641,157.45217720814767,5647500
2024-05-03,158.3379364013672,158.57863008058618,156.12355161439714,157.45217073395813,5581500
2024-05-06,158.3186798095703,158.83857170264565,157.18259798281068,158.64601969375764,5472400
2024-05-07,159.58956909179688,159.85914490028532,158.46312417258886,158.8386058123249,6433000
2024-05-08,158.92523193359375,160.17682733155485,158.79042936807787,159.80134577401122,4579400
2024-05-09,159.859130859375,160.13834379485803,158.9059931526435,158.9059931526435,4671100
2024-05-10,160.6389617919922,161.12997159181754,159.53176209168294,159.90724363055543,4879400
2024-05-13,159.69544982910156,161.4091877812504,159.20443997453447,160.63897970132808,5725500
2024-05-14,159.58956909179688,159.8880416640617,157.84694879736108,159.36813496856277,6009800
2024-05-15,160.31163024902344,160.47530020579504,158.97337383468826,159.15630340130883,5102700
2024-05-16,161.6113739013672,162.07350167875498,160.3886458268603,160.7159857237276,6793600
2024-05-17,161.39955139160156,161.74615087396253,160.66784790251782,161.42843345756697,4700800
2024-05-20,161.08184814453125,161.63063682769956,160.58120113913205,161.31291938335647,3804600
2024-05-21,162.08314514160156,162.26606001525028,161.06259150273698,161.5150968387042,5147100
2024-05-22,161.56324768066406,162.16016339567676,161.38995525660692,161.75579971543152,4536700
2024-05-23,159.32960510253906,161.85207034838928,159.16593515132058,161.06258796992407,4729800
2024-05-24,159.17555236816406,160.11906751678708,159.0022452726669,159.6761993553174,3820100
2024-05-28,157.03819274902344,158.6267652374131,156.21982832120023,158.3668266278216,6466200
2024-05-29,155.6325225830078,156.68195815888927,155.41108851798,156.59529727189937,4360400
2024-05-30,156.52792358398438,156.64345185512497,155.46886546260527,155.63253541031347,4748200
2024-05-31,158.4149627685547,158.6364115550036,155.94063911489718,156.3931444565583,10341400
2024-06-03,158.52085876464844,160.05168180196893,157.5388390842868,157.82765976040668,5828400
2024-06-04,160.79299926757812,160.8989050734667,158.28015668310957,158.655638232937,6277000
2024-06-05,159.86875915527344,160.79301474035262,158.83858306333693,160.79301474035262,5243300
2024-06-06,162.1986846923828,162.30459051647674,158.9348784472067,159.65695960490743,6302000
2024-06-07,160.84115600585938,162.68005940271445,160.62934437424374,162.13127071422548,4558200
2024-06-10,161.120361328125,161.47658328687425,159.8976332743202,160.57157266551212,4110600
2024-06-11,161.24549865722656,161.26475826416782,159.83985585680313,160.75448886104178,3947700
2024-06-12,159.0311279296875,161.39956030508293,158.10687238619926,161.26477242620854,5474500
2024-06-13,160.21536254882812,160.78339617119113,158.3475770332012,158.3475770332012,4902200
2024-06-14,160.58120727539062,160.71599516382824,159.09854050257672,159.81099916476305,3695000
2024-06-17,161.2647705078125,162.42973441840775,159.242937657971,159.6761980477776,6759400
2024-06-18,162.28530883789062,162.37195503924562,160.72561845039368,160.81226465174868,5112600
2024-06-20,161.42843627929688,162.49711681102545,160.64859110304724,162.1023756482301,8483600
2024-06-21,161.99649047851562,162.59342087342532,160.9566918807918,161.245527273067,14682000
2024-06-24,162.1793975830078,163.10366777209225,161.24550493546593,162.47785539372765,7565200
2024-06-25,160.6389617919922,162.62227528915344,159.72431409019626,162.35269955307962,7968200
2024-06-26,161.2166290283203,161.56322852612118,159.49326868891788,159.86875025397075,5164000
2024-06-27,160.4175262451172,161.84244347114023,159.33922321204204,161.25515027831673,5007000
2024-06-28,158.78082275390625,161.01446740479437,158.4534828384141,159.8206213302737,9253100
2024-07-01,156.66270446777344,160.02279354757184,156.16205749722656,159.42586322818948,7638600
2024-07-02,157.79876708984375,157.93355495990193,155.69030284195725,156.52791212797757,5449200
2024-07-03,157.73138427734375,158.0972433723096,156.9130198883232,157.1344686514743,2980500
2024-07-05,159.06002807617188,159.46439172140848,157.41367673627252,157.90468658603612,6509200
2024-07-08,160.32127380371094,160.46568415640232,159.4547676152271,159.77248508192667,5144500
2024-07-09,159.49327087402344,160.55231429958536,158.99262388350166,160.4271635700377,4393100
2024-07-10,160.59085083007812,160.7063791131239,159.37774509498328,159.72434463489915,5037100
2024-07-11,159.3777313232422,160.42716700308154,158.64602777588084,160.1094495613809,5831500
2024-07-12,160.40789794921875,161.39955474336085,159.83986438573473,160.03241639309482,4684600
2024-07-15,158.45347595214844,160.41753005052308,158.33794767894327,160.27311970901664,5752500
2024-07-16,160.7352294921875,160.8507724432306,158.48234027231928,158.77117561376343,6378300
2024-07-17,163.132568359375,163.83538986674603,161.10111289521726,161.50547655798323,7982300
2024-07-18,162.16976928710938,164.55744637769794,162.01572181267767,162.51636875919286,5926300
2024-07-19,162.68020629882812,163.72624363720143,161.87629546465908,162.68988662967436,6597100
2024-07-22,162.9611053466797,163.39695675879366,162.42839149670345,162.65115736882694,6383000
2024-07-23,161.38232421875,163.12574448406215,161.09176649047436,162.8254916454229,4863400
2024-07-24,162.71896362304688,162.99016071342132,160.3750374681632,161.09178108080025,5907000
2024-07-25,161.65354919433594,164.74327499092138,161.62449341649184,163.02892498158283,7338300
2024-07-26,163.7940673828125,163.99747258485766,161.77944992173676,161.9925354556383,5581600
2024-07-29,164.58828735351562,165.17911275261935,162.8255062674387,163.54224987952398,6797800
2024-07-30,156.61700439453125,157.27563647670132,153.0720518871044,156.7041717236155,15746300
2024-07-31,155.70654296875,157.74053588841127,154.20527866709773,155.75497418667197,9660900
2024-08-01,160.48158264160156,161.08208838226327,155.6290611593733,155.8227860375135,12532700
2024-08-02,164.73358154296875,164.99509830187952,159.95854711591284,162.17656984232192,11899000
2024-08-05,162.77708435058594,165.5084456307953,161.430779154924,165.5084456307953,10338800
2024-08-06,162.80612182617188,164.97571320672182,162.57367563552407,162.62209207248756,7454900
2024-08-07,164.6754608154297,166.32201871333436,162.72863528855007,163.2710442195443,8385500
2024-08-08,165.4987335205078,166.1670458833687,163.68752129818748,164.09431691490013,6386900
2024-08-09,165.1791229248047,165.87649113650028,164.31710038244955,164.77232726450455,5377300
2024-08-12,161.56639099121094,164.31711316288454,160.9755655097687,164.07497181441042,7208100
2024-08-13,162.03126525878906,162.52524296776784,161.22736915113614,162.07969647445216,3770000
2024-08-14,163.4938201904297,164.14275714647863,160.60749983001398,161.2661171182548,5476600
2024-08-15,162.64146423339844,164.34613363999608,161.50824473945698,164.13306289591176,9491400
2024-08-16,162.61241149902344,163.0579579956559,161.55667897371598,162.54461961989605,5640800
2024-08-19,163.12576293945312,163.91999356428036,162.8836216190741,162.89330195140124,3885300
2024-08-20,165.05320739746094,165.19848627295394,162.82550437206052,163.46476098249533,4513600
2024-08-21,164.81105041503906,166.4866639959803,164.2686562925932,164.84010618737497,4082000
2024-08-22,164.80136108398438,165.8571083726938,163.82311556306374,165.50842431330383,4097300
2024-08-23,163.8521728515625,164.76262650278483,162.96109464246655,164.70451495553777,4771300
2024-08-26,164.99510192871094,165.59560767505937,163.39696034371906,163.39696034371906,6472400
2024-08-27,163.9296875,165.7215393311516,163.7650331619747,165.46002254528344,4456400
2024-08-28,163.7456512451172,165.8183804464807,163.28074402794113,164.09433535278274,5644800
2024-08-29,164.68515014648438,165.23723943924153,163.62941755897998,164.4139530557334,4413200
2024-08-30,166.14767456054688,166.47699797387895,164.35583773625066,164.8110645808162,7301600
2024-09-03,169.0340118408203,169.49891902341304,165.6149776851358,165.65371379237985,10101400
2024-09-04,170.37062072753906,170.467483163717,168.1719882618008,168.1719882618008,7517500
2024-09-05,169.95413208007812,171.00018424036122,169.17927698589082,170.45779010816963,6061900
2024-09-06,170.0703582763672,171.47477484695958,169.82821697870878,170.23501258527907,5785700
2024-09-09,170.5255889892578,171.28106867285962,169.16960360308335,170.02193094047917,6450200
2024-09-10,172.2012176513672,172.3465113133978,170.3803249428121,170.3803249428121,6396300
2024-09-11,168.45286560058594,171.4360483280387,168.1719881824149,171.04862814177534,6828200
2024-09-12,168.01699829101562,169.12116197438718,167.0193773656506,168.43347421286663,4838900
2024-09-13,168.6078338623047,169.05336558346795,167.36807157339402,167.92014605903236,3918000
2024-09-16,171.66851806640625,171.73630995185158,168.8403091808068,169.21804905438367,6892300
2024-09-17,170.35125732421875,171.40698987757057,169.84759926663165,171.07768124647353,4757100
2024-09-18,168.45286560058594,170.3706206471153,167.1453113875975,169.54734905652245,5102900
2024-09-19,166.14767456054688,167.71676029720945,165.02415011568232,167.4455632126767,8692000
2024-09-20,168.74343872070312,169.0533719149725,166.10894006331583,166.11862039530985,28647500
2024-09-23,168.30760192871094,169.68296292705455,167.16468715146905,168.5400481498127,10265000
2024-09-24,167.7942352294922,169.0146220221735,167.19371477479015,167.44555117742158,5422400
2024-09-25,166.8450469970703,169.18897316162432,166.65133690016552,168.59816253876127,8916500
2024-09-26,167.76519775390625,169.12118322699706,165.97334608384114,166.10894463115022,4957200
2024-09-27,168.09451293945312,168.96621580904574,167.1550034040016,167.57147939439054,4599500
2024-09-30,167.7554931640625,168.53034829596237,167.28090566486227,168.26883154838052,6296600
2024-10-01,167.60052490234375,168.5303540481867,166.7869336366892,167.79424977628017,7130600
2024-10-02,166.51573181152344,167.02907019876042,165.70214056901187,166.60289913483558,6212700
2024-10-03,164.77232360839844,165.9830302297372,164.43333462190373,165.9830302297372,4794300
2024-10-04,163.57130432128906,164.74325999870678,162.9707838158474,163.54224854608916,6002800
2024-10-07,161.86660766601562,164.24928450447584,161.62446637174304,163.8424889035937,6325300
2024-10-08,162.87396240234375,163.29043843340523,161.0433743741192,161.60514408372453,7473000
2024-10-09,163.9490509033203,164.4720696575063,162.71896884591112,163.08702838571864,8758800
2024-10-10,163.63909912109375,164.45269039946203,163.0773294919919,163.49382024250409,6932300
2024-10-11,165.7118377685547,166.02178576627958,163.65848401059625,164.13308633993722,7036500
2024-10-14,167.08718872070312,167.40681703198584,165.3728388408227,165.6440359329778,5909000
2024-10-15,168.11387634277344,169.41175022156588,167.3874524104315,167.45524429230105,7172200
2024-10-16,166.96128845214844,167.16467888555528,165.51812085792213,166.47700580995436,6117000
2024-10-17,166.8644256591797,168.22041114280216,166.36076757420562,166.76756321929238,7045600
2024-10-18,166.87124633789062,167.77731583959496,164.1238409550381,165.91647573054743,8372500
2024-10-21,165.17601013183594,167.06607663889716,164.11407045222754,166.57894670887214,5522500
2024-10-22,165.3319091796875,166.33539573063797,164.23100555415584,164.23100555415584,7511400
2024-10-23,165.21499633789062,165.78980611352137,164.38686947291143,165.1857697300468,4837800
2024-10-24,165.25396728515625,165.5852269649803,164.58172554384475,165.05911826915957,5861200
2024-10-25,163.88999938964844,165.03961892068062,163.714624879645,164.5719783373816,4877900
2024-10-28,164.9422149658203,165.2929491476873,164.04589758238856,164.92272560404234,5753800
2024-10-29,162.86703491210938,164.5135366148126,162.5357900952179,164.5135366148126,5681000
2024-10-30,161.88304138183594,163.01318652325153,161.6881923595985,162.78909602495239,5518100
2024-10-31,160.92825317382812,162.74037729538355,160.84057334521106,161.49332573496125,6056500
2024-11-01,160.85032653808594,162.0681514971386,160.74315734704822,161.05491280623147,5454800
2024-11-04,160.83082580566406,161.99019746328005,160.34369585648264,161.45435154597524,5130200
2024-11-05,161.49331665039062,162.0389146851574,160.1001321206448,160.1001321206448,4397400
2024-11-06,156.90455627441406,161.76610354980681,155.696468674315,161.34717893809463,11473700
2024-11-07,159.2038116455078,159.72990544324793,157.32348233393756,157.79113778306888,9056700
2024-11-08,163.39312744140625,163.43209129470242,159.71041149882672,159.79810618428803,7506200
2024-11-11,161.75637817382812,164.1822907990674,161.512813186532,162.7014115138193,6364400
2024-11-12,161.57125854492188,162.75985681438715,161.30821907497767,161.86353948866397,6507500
2024-11-13,162.29222106933594,162.50655944341094,161.415378211931,161.78560174279264,5412300
2024-11-14,162.77935791015625,163.7146391583266,162.22402259040783,162.4188864776351,7444300
2024-11-15,165.17601013183594,166.17951146443113,162.5844902022823,163.61720327537125,9939400
2024-11-18,166.35488891601562,167.0368679178685,164.4843115683503,164.75710316909147,6681000
2024-11-19,166.36460876464844,166.7640588761098,165.29293183554017,166.2964183046085,5683700
2024-11-20,166.49127197265625,166.6666464831532,165.14678856760892,165.63391851250708,7081100
2024-11-21,168.30340576171875,169.04383796930594,165.8385292862996,167.24146598785597,6240400
2024-11-22,171.74253845214844,172.83370481141654,169.40432057770914,169.66736005401555,10609800
2024-11-25,172.82395935058594,174.21715870796535,172.34656665808058,172.9116391718545,19357000
2024-11-26,174.69454956054688,174.84069747291795,172.63886046782133,172.63886046782133,6276700
2024-11-27,174.74325561523438,175.78570597406238,174.12946712336594,175.3667813542975,5522900
2024-11-29,174.64584350585938,175.00632981735419,173.69107286147184,174.10026028049506,3823700
2024-12-02,175.07452392578125,175.52269007937423,173.4280221011439,174.50945132604588,5728200
2024-12-03,170.9046630859375,174.99655153020706,170.69032472716867,174.16843956771453,8127300
2024-12-04,170.60264587402344,170.641609727645,168.99512304017574,169.68683922064565,6823500
2024-12-05,171.4989776611328,171.91791716960515,169.95964515753874,170.35909530454032,5022200
2024-12-06,169.3458709716797,172.1907082304505,169.27766563975774,170.85596199535664,5741200
2024-12-09,166.3938446044922,169.2873977458925,166.04311043989742,169.17049131303642,7164300
2024-12-10,167.8455047607422,168.47876778848683,165.55598790776895,166.033380640056,6219900
2024-12-11,166.23797607421875,168.9269281205337,166.0138855875058,168.55670459120512,5237500
2024-12-12,166.4523162841797,167.3973496129271,165.64367875205426,167.01737396588,4072800
2024-12-13,166.6569061279297,167.3681117351705,165.7410993883452,166.37437728100736,3884500
2024-12-16,166.73483276367188,168.33261834822702,166.69586891010866,167.03685094337044,5943600
2024-12-17,165.94569396972656,167.5239902831141,165.6436757730686,166.27693877470452,6069200
2024-12-18,164.72787475585938,166.16977532485075,164.6694215372016,165.3903643886837,7517100
2024-12-19,164.83505249023438,165.72163266190884,163.0424176503414,164.65967795914273,8585200
2024-12-20,163.73411560058594,165.49752363224584,163.18853243786535,164.5232637370944,21999300
2024-12-23,163.7828369140625,164.33815734208963,162.0778820419015,163.7341209445097,6983900
2024-12-24,164.59146118164062,164.8252740310207,163.1105820494561,163.305431045948,2460800
2024-12-26,165.7800750732422,165.9164708702957,163.7438753650762,163.97768823658117,3629400
2024-12-27,165.16627502441406,166.36461050531057,164.903220696306,165.05910584377935,4367900
2024-12-30,162.78909301757812,164.63044374585553,162.4188843419745,164.32842553706288,4354500
2024-12-31,163.3346710205078,163.75361051997845,162.30195787515362,163.05214218237433,3957600
