Price,Close,High,Low,Open,Volume
Ticker,TCEHY,TCEHY,TCEHY,TCEHY,TCEHY
Date,,,,,
2010-01-05,3.8910958766937256,3.915568070338388,3.8543871694659417,3.9103239693058476,76000
2010-01-06,3.9173169136047363,3.9173169136047363,3.9068287090001217,3.9155690184242644,56000
2010-01-07,3.7582454681396484,3.7582454681396484,3.7180409801855565,3.7564971570037664,49500
2010-01-08,3.8089377880096436,3.8106860991679725,3.749505210883374,3.749505210883374,26000
2010-01-11,3.8841030597686768,3.8841030597686768,3.8683711750696945,3.8806072706181243,134000
2010-01-12,3.8159306049346924,3.8369065902190314,3.784466001867059,3.8369065902190314,67000
2010-01-13,3.8893473148345947,3.8893473148345947,3.819426527915618,3.819426527915618,35000
2010-01-14,3.922560453414917,3.9330486565155316,3.9068281487639953,3.9243083483447423,271500
2010-01-15,3.9417877197265625,3.980243896601849,3.9050790204683525,3.9505276083761456,70000
2010-01-19,3.691821575164795,3.6935694700581263,3.6096646805266857,3.662105278174042,165000
2010-01-20,3.4610822200775146,3.5240110104476923,3.4296178248924254,3.5135228092592032,1448500
2010-01-21,3.408641815185547,3.4331140081079505,3.408641815185547,3.4331140081079505,61500
2010-01-22,3.295020341873169,3.391161636136425,3.295020341873169,3.389413533040944,291500
2010-01-25,3.384169340133667,3.384169340133667,3.3142485523015237,3.3142485523015237,230000
2010-01-26,3.2250990867614746,3.2600594765832205,3.2250990867614746,3.233839184216911,73000
2010-01-27,3.172659397125244,3.205871693473881,3.146438888981032,3.205871693473881,90000
2010-01-28,3.233839273452759,3.3020121605145696,3.2320911705612896,3.242579371149373,174000
2010-01-29,3.2862796783447266,3.3037598727736595,3.253067183901541,3.302011978358979,27000
2010-02-01,3.198878526687622,3.226846711176203,3.198878526687622,3.214610617438677,38000
2010-02-02,3.242579460144043,3.242579460144043,3.200626865020659,3.200626865020659,26500
2010-02-03,3.40339732170105,3.412137419362301,3.3649407252872514,3.412137419362301,38000
2010-02-04,3.1831469535827637,3.3090045418187457,3.1831469535827637,3.3090045418187457,134500
2010-02-05,3.0747694969177246,3.1429423904819624,3.059037402915416,3.1429423904819624,302500
2010-02-08,3.0712730884552,3.1272098782726343,3.0712730884552,3.1272098782726343,97500
2010-02-09,3.067777633666992,3.067777633666992,3.0502974358530808,3.05204553898663,31000
2010-02-10,3.1359503269195557,3.1359503269195557,3.085257631516514,3.106233825857602,95000
2010-02-11,3.2932722568511963,3.2932722568511963,3.2443276620934145,3.2443276620934145,40500
2010-02-12,3.279287815093994,3.321240200049351,3.2775397122290366,3.321240200049351,104500
2010-02-16,3.3527050018310547,3.401649595834857,3.3212406050871537,3.3212406050871537,56500
2010-02-17,3.3911616802215576,3.42612207554254,3.3736812741806737,3.380673478273106,58500
2010-02-18,3.408641815185547,3.408641815185547,3.3387208174492744,3.391161617846576,80000
2010-02-19,3.2722959518432617,3.2827841533614843,3.1936350655977432,3.242579658715476,76000
2010-02-22,3.389413356781006,3.389413356781006,3.364940956618864,3.389413356781006,386500
2010-02-23,3.3754289150238037,3.391161215791896,3.3649407145117425,3.391161215791896,21000
2010-02-24,3.373680830001831,3.3911612337412453,3.3527046372470464,3.3527046372470464,40000
2010-02-25,3.342216968536377,3.345713174868841,3.2897763741142043,3.2897763741142043,126000
2010-02-26,3.4103894233703613,3.4103894233703613,3.3911613329411576,3.3911613329411576,17500
2010-03-01,3.471569776535034,3.496042173438717,3.466325884980286,3.496042173438717,28000
2010-03-02,3.5799474716186523,3.5921835662767285,3.555474865541782,3.5904352550679195,56000
2010-03-03,3.553727149963379,3.592183747082052,3.5519792554273106,3.5624674561651974,39500
2010-03-04,3.482058525085449,3.4960427243224714,3.4715703235625863,3.49079862356104,62000
2010-03-05,3.592184066772461,3.592184066772461,3.5659635625942205,3.583443759792789,43000
2010-03-08,3.595679521560669,3.618403817480282,3.595679521560669,3.6096639280746734,117500
2010-03-09,3.592184066772461,3.6184041541899266,3.583443759792789,3.6184041541899266,61500
2010-03-10,3.6551125049591064,3.7145450863084344,3.6533641936765484,3.6533641936765484,186000
2010-03-11,3.6795849800109863,3.702309277595889,3.6795849800109863,3.6988130715209935,44000
2010-03-12,3.660356283187866,3.6795843715181245,3.644623983593638,3.6795843715181245,58000
2010-03-15,3.7582454681396484,3.8106860502414164,3.7372690685946615,3.808937739105534,49500
2010-03-16,3.7582454681396484,3.775725662173571,3.7075527804130632,3.7075527804130632,56000
2010-03-17,3.7932074069976807,3.7932074069976807,3.7495066956662106,3.7495066956662106,113500
2010-03-18,3.5642154216766357,3.5659633162475104,3.5240109292212884,3.5659633162475104,436000
2010-03-19,3.525758743286133,3.5484830392316127,3.5047827586323543,3.5484830392316127,225500
2010-03-22,3.5851917266845703,3.5851917266845703,3.497790332330803,3.5467351298393424,229000
2010-03-23,3.606168031692505,3.606168031692505,3.5397434495236437,3.5904357292995748,160500
2010-03-24,3.553727149963379,3.6079156314281446,3.5449872605222983,3.6079156314281446,190500
2010-03-25,3.5659635066986084,3.5904356990408535,3.5449875204455843,3.583443703623179,108000
2010-03-26,3.5991761684417725,3.600924063184943,3.546735575299559,3.55372757103303,170500
2010-03-29,3.623647928237915,3.627144134066644,3.5747035472001327,3.627144134066644,95000
2010-03-30,3.562467575073242,3.5729553594004524,3.532750866403765,3.5729553594004524,122000
2010-03-31,3.511775016784668,3.529255213686959,3.5012868152911394,3.529255213686959,31500
2010-04-01,3.48380708694458,3.501287286197876,3.476814882215014,3.501287286197876,57000
2010-04-05,3.531002998352051,3.531002998352051,3.461082212921041,3.461082212921041,29500
2010-04-06,3.531002998352051,3.531002998352051,3.4942945026486196,3.4942945026486196,76500
2010-04-07,3.4855544567108154,3.537995046570046,3.4855544567108154,3.537995046570046,76000
2010-04-08,3.592184066772461,3.592184066772461,3.531003168197083,3.531003168197083,130000
2010-04-09,3.63413667678833,3.663852972149505,3.6323887819908496,3.635884571585811,97500
2010-04-12,3.623647928237915,3.662104525310985,3.6201521391699236,3.6603566307769895,195000
2010-04-13,3.609663963317871,3.6428764602570762,3.592183767575248,3.6428764602570762,177500
2010-04-14,3.6446242332458496,3.6533641224452937,3.641128027509636,3.6446242332458496,74500
2010-04-15,3.5939321517944336,3.625396341713853,3.5834439495676946,3.625396341713853,41000
2010-04-16,3.506530523300171,3.581695403237498,3.5047826288339397,3.5484829078147735,28500
2010-04-19,3.5047829151153564,3.5047829151153564,3.4785624121765077,3.503034603745596,16500
2010-04-20,3.539742946624756,3.555474830021851,3.515270340792372,3.555474830021851,38000
2010-04-21,3.5135231018066406,3.5519797037795375,3.5135231018066406,3.5519797037795375,13000
2010-04-22,3.539742946624756,3.539742946624756,3.515270340792372,3.5310026409501805,25000
2010-04-23,3.6795849800109863,3.6795849800109863,3.6358842794982458,3.665600572472172,4925000
2010-04-26,3.7162935733795166,3.7285296705047473,3.7005616866532494,3.7285296705047473,196000
2010-04-27,3.548483371734619,3.6376326693391174,3.543239270889603,3.6376326693391174,384000
2010-04-28,3.618403911590576,3.618403911590576,3.558971328452312,3.5677112180852344,96500
2010-04-29,3.653364658355713,3.653364658355713,3.6061681661775933,3.634136565887794,120500
2010-04-30,3.6166555881500244,3.67084406437852,3.6166555881500244,3.67084406437852,34500
2010-05-03,3.765963315963745,3.76771603274415,3.6993713592030195,3.74843907283609,50500
2010-05-04,3.5907206535339355,3.7239049762925363,3.583711040296301,3.7239049762925363,478000
2010-05-05,3.6047396659851074,3.632778535081781,3.5679388853143332,3.5977300531636547,72000
2010-05-06,3.4067156314849854,3.5083564776491203,3.3033224866041473,3.4873272218052707,104000
2010-05-07,3.3856866359710693,3.448773986649986,3.3243515840354716,3.396201055147269,133500
2010-05-10,3.4873275756835938,3.53113839053372,3.4557838976223354,3.461041212116786,169000
2010-05-11,3.5311381816864014,3.5311381816864014,3.4908321759146372,3.499594296585342,183000
2010-05-12,3.468050718307495,3.469803226053291,3.434754742380905,3.434754742380905,59500
2010-05-13,3.580204963684082,3.611748840620909,3.5066030019755825,3.5907195893296913,144500
2010-05-14,3.588967800140381,3.6520551451531427,3.5521666051599574,3.6310258908786146,271000
2010-05-17,3.5048511028289795,3.5048511028289795,3.438258953601391,3.4908316700065285,68500
2010-05-18,3.457535743713379,3.5363946104162123,3.417229952176974,3.5083561622263786,158000
2010-05-19,3.376924753189087,3.401458608565551,3.3664101243674915,3.401458608565551,275500
2010-05-20,3.224463701248169,3.3296091545416413,3.224463701248169,3.3296091545416413,94500
2010-05-21,3.308579683303833,3.310332190863851,3.1999292283127763,3.2244632896259326,211000
2010-05-24,3.294559955596924,3.3366182531361117,3.2857978363894347,3.2857978363894347,51500
2010-05-25,3.2157015800476074,3.219206386709533,3.1543665233894056,3.1683859589425536,145500
2010-05-26,3.326103687286377,3.3646569707225424,3.3033221351496507,3.3138367619528797,199500
2010-05-27,3.443516731262207,3.4610409724264577,3.3734195576997705,3.3734195576997705,50500
2010-05-28,3.3734192848205566,3.3734192848205566,3.3296086854538123,3.34713292520051,754000
2010-06-01,3.3348660469055176,3.4032107082394063,3.33311353934359,3.3909435731167514,133500
2010-06-02,3.4557831287384033,3.4557831287384033,3.396200592567006,3.43475408434484,361500
2010-06-03,3.3839335441589355,3.4294966461065997,3.3839335441589355,3.4294966461065997,88500
2010-06-04,3.2752835750579834,3.3541428656256573,3.2752835750579834,3.3296088037652587,59500
2010-06-07,3.227968454360962,3.3103325585321883,3.227968454360962,3.306827543022861,274500
2010-06-08,3.241987466812134,3.241987466812134,3.198176867714419,3.2262155257937075,102500
2010-06-09,3.042210817337036,3.1210701050501717,3.042210817337036,3.112307985182647,147000
2010-06-10,2.944075107574463,2.944075107574463,2.8564539054374407,2.900264506505952,80500
2010-06-11,3.0106678009033203,3.0124200997943045,2.961599880563158,2.984381228484084,136000
2010-06-14,2.9528374671936035,2.9948957729725647,2.9528374671936035,2.9808763377129113,95000
2010-06-15,2.9283032417297363,2.935312854020107,2.863463387969441,2.8932547624670533,155000
2010-06-16,2.9002645015716553,2.931808176068402,2.8669685283784037,2.8669685283784037,159000
2010-06-17,2.8249104022979736,2.8371773295604092,2.8056336530959776,2.8354250307545965,1917500
2010-06-18,2.916036367416382,2.9440750259798874,2.916036367416382,2.9265507860381645,98500
2010-06-21,2.996647834777832,3.007162252978804,2.952837027771514,2.956342042743915,112000
2010-06-22,2.8038811683654785,2.8652160095159935,2.8038811683654785,2.8634635019209527,78000
2010-06-23,2.8073854446411133,2.8073854446411133,2.788108700356629,2.788108700356629,69000
2010-06-24,2.847691774368286,2.8634635071306582,2.7933665456882513,2.819652906229154,164500
2010-06-25,2.9423224925994873,2.9475798059436755,2.9072740155121015,2.931807865911111,40000
2010-06-28,2.9388179779052734,2.9475800980454356,2.917788722444546,2.9475800980454356,23000
2010-06-29,2.826662302017212,2.856453464362558,2.8214049889197055,2.8476913455018447,37500
2010-06-30,2.9072744846343994,2.9615997164480112,2.9072744846343994,2.9107792911275987,137000
2010-07-01,2.926551580429077,2.926551580429077,2.858207109666921,2.909027335730527,254500
2010-07-02,2.9177887439727783,2.9423228058895052,2.8915023833583433,2.8932548909614755,533000
2010-07-06,3.0334484577178955,3.0737542477039828,3.014171920876132,3.0579825167511396,52000
2010-07-07,3.1123077869415283,3.1263272196176706,3.045715638408904,3.0632398770277316,32000
2010-07-08,3.119317054748535,3.119317054748535,3.0860210886076582,3.10880263808028,52000
2010-07-09,3.1578707695007324,3.1578707695007324,3.107050354116804,3.107050354116804,37500
2010-07-12,3.128079891204834,3.1543662522681015,3.10529833650225,3.10529833650225,36000
2010-07-13,3.1859097480773926,3.1894147631463023,3.1543660747951163,3.1543660747951163,88500
2010-07-14,3.093031406402588,3.1210702750682295,3.093031406402588,3.1070508407354085,42500
2010-07-15,3.079011917114258,3.0877740373027023,3.049220750254631,3.0877740373027023,120000
2010-07-16,3.0527255535125732,3.114060394770679,3.0492207472217663,3.0790119140517618,110500
2010-07-19,3.16312837600708,3.16312837600708,3.1228225805525236,3.156118763278213,155500
2010-07-20,3.128079891204834,3.145604131913679,3.0930314097871436,3.096536216147827,200500
2010-07-21,3.0912795066833496,3.150861849156636,3.0842696841594335,3.11931817006265,107500
2010-07-22,3.128079891204834,3.1368420115592563,3.091279111059516,3.091279111059516,139500
2010-07-23,3.13508939743042,3.13684169598176,3.086021486600975,3.086021486600975,40000
2010-07-26,3.140347480773926,3.140347480773926,3.0947843647824445,3.0947843647824445,30500
2010-07-27,3.1999292373657227,3.2525019574499674,3.1999292373657227,3.2525019574499674,132500
2010-07-28,3.277036190032959,3.3033225514483453,3.2700265772176946,3.27878869768949,59500
2010-07-29,3.326103687286377,3.3821812094576544,3.312084254517207,3.3225988813204355,58000
2010-07-30,3.404963493347168,3.404963493347168,3.366410201625605,3.366410201625605,76000
2010-08-02,3.443516731262207,3.468050585329985,3.425992490097956,3.4470215377139706,86500
2010-08-03,3.429497241973877,3.440011870067275,3.3979535665991145,3.434754556020576,54500
2010-08-04,3.4873275756835938,3.4960896968725295,3.464546018811271,3.464546018811271,130000
2010-08-05,3.464545249938965,3.4785646825110765,3.4522783247778928,3.4785646825110765,145000
2010-08-06,3.4189820289611816,3.448773400493958,3.417229730515685,3.4242393421084594,77500
2010-08-09,3.496089220046997,3.496089220046997,3.4698028600653408,3.4890796076140562,70500
2010-08-10,3.5048511028289795,3.5398995804324045,3.473307431204816,3.473307431204816,77500
2010-08-11,3.3033220767974854,3.373419030499692,3.3033220767974854,3.364656911286916,43500
2010-08-12,3.241987466812134,3.2437397654327933,3.198176867714419,3.198176867714419,33500
2010-08-13,3.263016939163208,3.263016939163208,3.243740189478051,3.243740189478051,85000
2010-08-16,3.277036190032959,3.291055624568918,3.263016755497,3.2857983105047546,40500
2010-08-17,3.3138368129730225,3.3401231714803976,3.3138368129730225,3.3366183654604957,94000
2010-08-18,3.2893033027648926,3.324351786632387,3.2893033027648926,3.3155896656655135,108500
2010-08-19,3.294559955596924,3.3401230590380275,3.294559955596924,3.3401230590380275,22000
2010-08-20,3.345381021499634,3.345381021499634,3.322599465358424,3.322599465358424,47500
2010-08-23,3.32960844039917,3.354142499582123,3.32960844039917,3.3488851862639617,61500
2010-08-24,3.196424722671509,3.2051868434847,3.1543664174249284,3.2051868434847,52500
2010-08-25,3.117565155029297,3.128079573041906,3.0947836026438678,3.128079573041906,80500
2010-08-26,3.124574661254883,3.1824046895353124,3.117565049483788,3.117565049483788,71500
2010-08-27,3.20168137550354,3.20168137550354,3.154365765762913,3.154365765762913,53500
2010-08-30,3.1999292373657227,3.248997151225435,3.1999292373657227,3.206939058720207,141000
2010-08-31,3.212196111679077,3.212196111679077,3.198176887007569,3.198176887007569,70500
2010-09-01,3.259511709213257,3.259511709213257,3.1999291690466265,3.2384826634096173,50500
2010-09-02,3.2157015800476074,3.224463701155144,3.198177337832534,3.198177337832534,42500
2010-09-03,3.3138368129730225,3.3138368129730225,3.2665212005354216,3.2665212005354216,40500
2010-09-07,3.3558952808380127,3.403210898602528,3.3558952808380127,3.403210898602528,68500
2010-09-08,3.3716673851013184,3.390943925760102,3.3716673851013184,3.3856868203384414,72500
2010-09-09,3.408468008041382,3.425992247967113,3.3891912605609105,3.425992247967113,56000
2010-09-10,3.382181167602539,3.3962006001982163,3.3804288690939557,3.394448301689633,67500
2010-09-13,3.436506986618042,3.475060485169437,3.4277448658391685,3.4277448658391685,70000
2010-09-14,3.4908318519592285,3.4995939718167928,3.450526058833349,3.4908318519592285,76000
2010-09-15,3.454031467437744,3.485575146207819,3.4400122403447795,3.468050903436161,180000
2010-09-16,3.492584705352783,3.499594318370809,3.4768127627040712,3.4768127627040712,24000
2010-09-17,3.4873275756835938,3.5013470113669802,3.473308140000207,3.4803177533891767,240500
2010-09-20,3.57494854927063,3.57494854927063,3.5241281244191702,3.532890453929466,240500
2010-09-21,3.6222643852233887,3.631026715765318,3.5802062849305107,3.5802062849305107,183000
2010-09-22,3.569690704345703,3.571443420673669,3.5398995404999374,3.553919182069642,53000
2010-09-23,3.525880813598633,3.5661866098487596,3.5066038559501824,3.513613886628272,72500
2010-09-24,3.662569999694824,3.6695800308951343,3.6275215149368565,3.65380808741078,100500
2010-09-27,3.8027656078338623,3.8237944549216274,3.776479026710365,3.7852413596885417,277000
2010-09-28,3.867602825164795,3.867602825164795,3.8115250996296286,3.8378116640401023,258000
2010-09-29,3.8202881813049316,3.829050092631175,3.794001611704503,3.8220404800080106,149000
2010-09-30,3.8430697917938232,3.85533671851616,3.806268593815957,3.82905014853197,273500
2010-10-01,3.8308029174804688,3.8553367712607884,3.8202882893429426,3.8553367712607884,68000
2010-10-04,3.853583574295044,3.9184236337896277,3.853583574295044,3.9184236337896277,215500
2010-10-05,3.8343074321746826,3.8465743587999084,3.776477396478129,3.823792804264245,202500
2010-10-06,3.8553364276885986,3.8623460398853267,3.822040247490609,3.822040247490609,118500
2010-10-07,3.804515838623047,3.8080208534706936,3.7659623465421523,3.7659623465421523,56000
2010-10-08,3.9079086780548096,3.916670587799104,3.8711079050693806,3.8746125018427886,51000
2010-10-11,3.9920263290405273,3.997283225598162,3.9569774273134346,3.9569774273134346,144000
2010-10-12,4.151494979858398,4.151494979858398,4.09016036888293,4.09016036888293,79000
2010-10-13,4.26715612411499,4.270661139005156,4.2268503330267295,4.261898810685147,61000
2010-10-14,4.133971691131592,4.147991332425925,4.102428229388237,4.147991332425925,163000
2010-10-15,4.181288242340088,4.183040959115555,4.14623975618351,4.183040959115555,121500
2010-10-18,4.228603839874268,4.228603839874268,4.181288010160433,4.181288010160433,67500
2010-10-19,4.135724067687988,4.169020246353444,4.135724067687988,4.165515649321799,97000
2010-10-20,4.118199825286865,4.140981377214697,4.0778940347846095,4.0778940347846095,230000
2010-10-21,4.163763523101807,4.221593560427919,4.156753910234279,4.221593560427919,1517000
2010-10-22,4.16201114654541,4.188297716570895,4.144486905798706,4.188297716570895,164500
2010-10-25,4.204069137573242,4.212831466636924,4.181287583380686,4.207574152760884,770000
2010-10-26,4.118199825286865,4.1199525416118705,4.084904064463022,4.116447526772664,125000
2010-10-27,4.035836696624756,4.07088518029428,4.009550542778054,4.07088518029428,69000
2010-10-28,3.9937777519226074,3.9990350651380204,3.960481574161922,3.960481574161922,85500
2010-10-29,4.049856662750244,4.065628189187779,3.988521602546884,3.988521602546884,803000
2010-11-01,4.214582920074463,4.240869484182789,4.188296773776899,4.200563697757197,537000
2010-11-02,4.256641387939453,4.263651417539759,4.190049449222949,4.190049449222949,269000
2010-11-03,4.265404224395752,4.265404224395752,4.240870371303077,4.240870371303077,168500
2010-11-04,4.091914176940918,4.135724569831398,4.074389936222555,4.107686118930702,356500
2010-11-05,4.135724067687988,4.149743709246983,4.1129425157390775,4.1129425157390775,76000
2010-11-08,3.9972832202911377,4.070885203541809,3.9972832202911377,4.070885203541809,790000
2010-11-09,4.144486427307129,4.232107620924559,4.135724099039982,4.1532483377634675,1250500
2010-11-10,4.013054847717285,4.0498560453533585,4.013054847717285,4.0498560453533585,139500
2010-11-11,4.006044387817383,4.027073639161942,3.9709959141169597,3.9955297621451034,825500
2010-11-12,3.9674911499023438,3.9920254172889367,3.934194972443303,3.9885204025734837,345000
2010-11-15,4.013054847717285,4.0989237517869865,4.007797533769275,4.079647212518183,818000
2010-11-16,3.8202881813049316,3.934195535411192,3.7992589256245886,3.8991470544845197,1357000
2010-11-17,3.801010847091675,3.80802087682997,3.758952757715945,3.7922489366350183,247000
2010-11-18,3.9657394886016846,4.00429298542267,3.9271859917806986,3.9271859917806986,133000
2010-11-19,4.0165605545043945,4.018312853518483,3.9692451386366185,4.007798223812105,161500
2010-11-22,3.9534716606140137,3.985015119687222,3.9429570349860237,3.983262821352811,88500
2010-11-23,3.8483266830444336,3.8483266830444336,3.7852393398235016,3.7852393398235016,122500
2010-11-24,3.8693559169769287,3.8711086335042193,3.8027639698329105,3.8027639698329105,181000
2010-11-26,3.7782294750213623,3.783486788670218,3.7501910259752376,3.774724877796011,41500
2010-11-29,3.8378114700317383,3.899146087537656,3.8272968447990823,3.8535829900699765,60000
2010-11-30,3.87461256980896,3.9008991351244946,3.8746125698089604,3.890384508998281,129500
2010-12-01,3.9622344970703125,4.000787994122365,3.9201764025295303,3.9517202867932615,193000
2010-12-02,4.0165605545043945,4.039342112931238,4.013055538665294,4.018312853518483,357000
2010-12-03,3.90265154838562,3.9149184732902556,3.8728603853585346,3.881622295514363,191500
2010-12-06,3.9692440032958984,3.9972824507450437,3.930690511337117,3.9832632270204713,88000
2010-12-07,4.049856662750244,4.077895117666268,4.016560475273822,4.021817790023306,229000
2010-12-08,3.978005886077881,3.9780058860778813,3.9341950810735744,3.9692439757635007,38500
2010-12-09,4.035836696624756,4.035836696624756,3.9727493424574356,3.9727493424574356,186500
2010-12-10,4.1567535400390625,4.1567535400390625,4.077894253322613,4.077894253322613,391500
2010-12-13,4.034083366394043,4.083151063861929,4.034083366394043,4.077893750874545,148000
2010-12-14,4.118199825286865,4.132219466832887,4.076141736270409,4.100675586712441,191500
2010-12-15,4.023569107055664,4.042845644558743,4.021816808503788,4.041093346006867,98500
2010-12-16,3.9359471797943115,3.9552237137099024,3.8991459923781564,3.942956790508096,137000
2010-12-17,3.9341962337493896,3.9341962337493896,3.8833762198525195,3.916671990175418,154000
2010-12-20,3.890385150909424,3.899147062253124,3.855336669912921,3.8640985812566218,239000
2010-12-21,3.949967861175537,3.96924482002685,3.8816231913810064,3.9026524491057515,698500
2010-12-22,3.9341962337493896,3.9534731941484043,3.916671990175418,3.916671990175418,231000
2010-12-23,3.9184248447418213,3.9271867579313455,3.9166721278551657,3.9184248447418213,89500
2010-12-27,3.9219284057617188,3.946462675388505,3.907909181241408,3.9166710921138956,91000
2010-12-28,3.8991470336914062,3.906157064088038,3.8570889403658537,3.906157064088038,113000
2010-12-29,3.9201767444610596,3.9219290433582663,3.8623467027442726,3.8623467027442726,168500
2010-12-30,3.892137289047241,3.8938895876815205,3.8658511382897154,3.8728607506376664,125500
2010-12-31,3.8430697917938232,3.8535840019766434,3.8325551638001474,3.834307462528808,123500
2011-01-03,3.951719284057617,3.9762531314967866,3.918423109498314,3.9341946298173496,312000
2011-01-04,4.030579090118408,4.030579090118408,4.013054849553971,4.027074492692032,112000
2011-01-05,4.074389934539795,4.074389934539795,4.011302584417572,4.011302584417572,70000
2011-01-06,4.074389934539795,4.08315184598993,4.046351065839823,4.08315184598993,286500
2011-01-07,4.039340972900391,4.048102883308866,3.9867682570171232,4.013054406053354,501000
2011-01-10,4.021816253662109,4.051607413988144,4.021816253662109,4.051607413988144,2744000
2011-01-11,4.049856662750244,4.081400133436228,4.048103945959807,4.076142818686745,236500
2011-01-12,4.240870475769043,4.249632387313325,4.179535423715632,4.179535423715632,189500
2011-01-13,4.381063461303711,4.389825788775488,4.342509972487278,4.342509972487278,131000
2011-01-14,4.556306838989258,4.556306838989258,4.503734115979097,4.556306838989258,174500
2011-01-18,4.552802562713623,4.552802562713623,4.521258675995322,4.5475452482605725,689000
2011-01-19,4.486210346221924,4.528268863296707,4.468686103377733,4.528268863296707,303500
2011-01-20,4.381063461303711,4.428378859781151,4.346014987038143,4.428378859781151,524000
2011-01-21,4.2969465255737305,4.310966164834896,4.282927304123302,4.282927304123302,867000
2011-01-24,4.307462692260742,4.309215408927417,4.284681135891944,4.286433852558618,178000
2011-01-25,4.468685626983643,4.477447956377064,4.437142160351223,4.477447956377064,239000
2011-01-26,4.57032585144043,4.582592776667985,4.547544299500455,4.582592776667985,145000
2011-01-27,4.503734588623047,4.524763847158369,4.487963062532461,4.5230115482173945,161000
2011-01-28,4.538783073425293,4.591355801942469,4.530021160911216,4.57383155910341,294000
2011-01-31,4.56506872177124,4.566821020356883,4.538782153932484,4.556306393221381,220000
2011-02-01,4.549296855926514,4.549296855926514,4.508991063117739,4.530020317734778,157000
2011-02-02,4.707016468048096,4.712273365050917,4.66145335153628,4.687739507794069,155500
2011-02-03,4.726291656494141,4.728043954993079,4.673718941228774,4.717529328377846,67500
2011-02-04,4.7280449867248535,4.7280449867248535,4.67897727556084,4.717530357815167,173000
2011-02-07,4.610631942749023,4.617641555077656,4.594860001651475,4.594860001651475,159500
2011-02-08,4.393331050872803,4.396836065954492,4.337253316430776,4.346015645229582,177500
2011-02-09,4.316225051879883,4.326739680708784,4.293443495354227,4.31972964961559,127000
2011-02-10,4.25313663482666,4.256641231687367,4.216335443113747,4.2391169939514795,188000
2011-02-11,4.479199409484863,4.479199409484863,4.41085475723835,4.41085475723835,97500
2011-02-14,4.58259391784668,4.58434621679818,4.556307344519626,4.556307344519626,129000
2011-02-15,4.572078227996826,4.5738305265418715,4.526515123339156,4.5738305265418715,120500
2011-02-16,4.547544956207275,4.5650691973217,4.538782626744631,4.538782626744631,66000
2011-02-17,4.614137172698975,4.614137172698975,4.554554833019411,4.607127559409183,86500
2011-02-18,4.714024543762207,4.7210341552897805,4.680728366742753,4.680728366742753,168000
2011-02-22,4.423122406005859,4.4511612744267275,4.382816610990397,4.438894347832132,142000
2011-02-23,4.337252616882324,4.370548792450168,4.3092141719944195,4.323233394438372,133500
2011-02-24,4.389826774597168,4.433637168362226,4.381064445157638,4.41611292729403,273500
2011-02-25,4.526515960693359,4.540535605079632,4.498477089731702,4.514249032987176,191000
2011-02-28,4.6894917488098145,4.694748645279271,4.617642065519163,4.617642065519163,185500
2011-03-01,4.722786903381348,4.749073471376004,4.717529589782416,4.731549231983174,191000
2011-03-02,4.756083011627197,4.763092623716132,4.74031107106898,4.742063787449328,181000
2011-03-03,4.806903839111328,4.81917076576257,4.761340729943367,4.7665980439097355,109500
2011-03-04,4.966374397277832,4.997917861207835,4.948849739992376,4.997917861207835,183000
2011-03-07,4.8892669677734375,4.927820458260048,4.862980819840903,4.8892669677734375,203000
2011-03-08,5.052242755889893,5.05399547226249,4.971631172696536,4.971631172696536,139000
2011-03-09,5.045233726501465,5.0802822086497015,5.031214500766516,5.071520297018075,122000
2011-03-10,4.8892669677734375,4.934830069854672,4.862980819840903,4.934830069854672,181000
2011-03-11,4.919058799743652,4.922563814923285,4.843704524773742,4.843704524773742,209000
2011-03-14,5.025956630706787,5.046985884793881,4.999670063097919,5.032966242798879,64000
2011-03-15,4.8156657218933105,4.819170737120342,4.714025294039594,4.731549534553052,664000
2011-03-16,4.757835388183594,4.878752765490276,4.7315492379665205,4.847209301667623,141000
2011-03-17,4.407350540161133,4.451160929199536,4.3477677927088925,4.365292031886417,352500
2011-03-18,4.335501670837402,4.34601629985542,4.321482444020644,4.335501670837402,135000
2011-03-21,4.346015453338623,4.375806617879686,4.296947333415661,4.296947333415661,186500
2011-03-22,4.316225051879883,4.323234665162187,4.293443495354227,4.3109677374654325,233500
2011-03-23,4.274165630340576,4.2759183466477015,4.232107541753165,4.2356125565566165,347500
2011-03-24,4.395084381103516,4.414361341861161,4.3460166653079035,4.3460166653079035,221000
2011-03-25,4.424875259399414,4.4599237415569215,4.398588688875851,4.449409113347496,367500
2011-03-28,4.340758323669434,4.3512729510846695,4.302204829083846,4.337253308594077,251500
2011-03-29,4.31447172164917,4.31447172164917,4.249632076839508,4.249632076839508,260000
2011-03-30,4.42136812210083,4.4318827452639455,4.367043126172287,4.398586577850968,183000
2011-03-31,4.2776713371276855,4.302205191288196,4.275919038347896,4.293443279578385,462500
2011-04-01,4.379312515258789,4.389827144347516,4.3372539989038845,4.3372539989038845,277500
2011-04-04,4.4336371421813965,4.452913681899324,4.398588660251967,4.398588660251967,574500
2011-04-05,4.444150924682617,4.451160536172531,4.407350151002482,4.433636298542355,170000
2011-04-06,4.640423774719238,4.640423774719238,4.591355645752542,4.591355645752542,165500
2011-04-07,4.635165691375732,4.666709572866958,4.6088795412772,4.652689930711695,147500
2011-04-08,4.664957523345947,4.670214837679379,4.6421759671713705,4.643928683823103,602000
2011-04-11,4.486210346221924,4.542288090447697,4.486210346221924,4.542288090447697,205500
2011-04-12,4.363539218902588,4.391578081843344,4.328490744679336,4.363539218902588,230500
2011-04-13,4.494972229003906,4.519506082980859,4.493219512426363,4.519506082980859,83000
2011-04-14,4.526515960693359,4.526515960693359,4.494972491993301,4.526515960693359,96000
2011-04-15,4.538783073425293,4.559812331956525,4.514249217012791,4.517754232704966,133500
2011-04-18,4.489715576171875,4.491467875196645,4.445904758065219,4.491467875196645,168500
2011-04-19,4.561563491821289,4.563316208135156,4.5072384779290715,4.5072384779290715,272500
2011-04-20,4.866486072540283,4.89627723919018,4.831437592033247,4.831437592033247,291000
2011-04-21,4.950602054595947,4.968126292648237,4.898029340439078,4.89978163890107,250500
2011-04-25,4.955860614776611,4.994413697505824,4.924316727659003,4.994413697505824,154500
2011-04-26,5.117083549499512,5.131102775623844,5.046986583256101,5.046986583256101,309500
2011-04-27,4.968127250671387,4.989156089702731,4.906792196755501,4.959364921050172,353500
2011-04-28,5.003175258636475,5.041728753250777,4.989155616135441,4.989155616135441,110500
2011-04-29,5.006864547729492,5.024432477344763,4.998080792348097,5.024432477344763,100000
2011-05-02,4.980513572692871,5.026190279974175,4.980513572692871,5.026190279974175,253000
2011-05-03,4.892672538757324,4.952403407427217,4.87159085859034,4.919024220113632,322000
2011-05-04,4.752129554748535,4.7872654154272585,4.720507447678684,4.7872654154272585,224500
2011-05-05,4.743346214294434,4.787265834561838,4.727534949948951,4.760914146171903,85000
2011-05-06,4.813617706298828,4.831185637316789,4.778481844262907,4.831185637316789,135000
2011-05-09,4.760913848876953,4.778481779657394,4.715237145077307,4.7679409374186275,206000
2011-05-10,4.778481483459473,4.789022325044857,4.767940641874089,4.767940641874089,113000
2011-05-11,4.875104904174805,4.875104904174805,4.769696915865672,4.778481089413287,405500
2011-05-12,4.998080730438232,5.008621571847325,4.924295259427063,4.924295259427063,310500
2011-05-13,4.91902494430542,4.976999154447321,4.904970768026619,4.976999154447321,162500
2011-05-16,4.945377826690674,4.980513691769795,4.9242961401021805,4.9242961401021805,228500
2011-05-17,4.834699630737305,4.834699630737305,4.79077959158885,4.82240170144781,160000
2011-05-18,4.9559173583984375,4.971728200302907,4.919024416632313,4.961187359798301,165000
2011-05-19,4.9928107261657715,5.031460341605241,4.945377354721089,5.0209194993169755,315000
2011-05-20,4.959431171417236,5.003351204808714,4.950647416050429,5.003351204808714,112000
2011-05-23,4.868077754974365,4.8838890172087,4.8610506669321545,4.875105261869056,129000
2011-05-24,4.824158191680908,4.843482788714844,4.787265246076597,4.8417261213988,131500
2011-05-25,4.892672538757324,4.892672538757324,4.8224004111515155,4.866320438548593,120500
2011-05-26,4.913753986358643,4.941862754696121,4.896186058504274,4.941862754696121,84000
2011-05-27,4.866320610046387,4.883888537853858,4.848752682238915,4.883888537853858,144000
2011-05-31,5.0420002937316895,5.068352396989046,5.0279461178960805,5.0279461178960805,270500
2011-06-01,4.99456787109375,5.085921287855728,4.99456787109375,5.084164620257244,296500
2011-06-02,4.989295959472656,5.008620972695079,4.941862597658395,5.006863886768769,178000
2011-06-03,4.984025955200195,5.008621390548614,4.943619677162925,4.985783041273093,110000
2011-06-06,4.929564952850342,4.980512066242842,4.920781198873656,4.980512066242842,299500
2011-06-07,4.88740348815918,4.908484755380683,4.875105977566834,4.875105977566834,165500
2011-06-08,4.8838887214660645,4.9295654192532155,4.866320792998118,4.876861633849376,133000
2011-06-09,4.764427185058594,4.787265536964827,4.7328050771859305,4.778481780998396,170500
2011-06-10,4.553613185882568,4.648479952733198,4.553613185882568,4.5957761468325575,156500
2011-06-13,4.634424686431885,4.688885147449537,4.604559245302687,4.6625334600983415,169000
2011-06-14,4.555368900299072,4.597532271276709,4.5536122327925135,4.5536122327925135,341000
2011-06-15,4.539557933807373,4.553612111189587,4.523746670112995,4.553612111189587,105500
2011-06-16,4.427122592926025,4.465772206854651,4.418338837264175,4.465772206854651,198500
2011-06-17,4.286579608917236,4.305904208517339,4.258470833865471,4.281309187416746,142500
2011-06-20,4.444690704345703,4.464015302671778,4.411311509994064,4.411311509994064,88000
2011-06-21,4.623884201049805,4.625640868648213,4.557126224932252,4.609830022557442,106000
2011-06-22,4.71699333190918,4.7415883487254336,4.678344139441485,4.697668735675332,359500
2011-06-23,4.6115851402282715,4.643207240634356,4.585233040846193,4.6098284732202695,134000
2011-06-24,4.701183319091797,4.746859607450171,4.694155811172779,4.711723743265243,166500
2011-06-27,4.736318588256836,4.736318588256836,4.666046449862672,4.699425642300715,329000
2011-06-28,4.7205071449279785,4.732804653491579,4.6660462711720685,4.701182548449817,149500
2011-06-29,4.637938499450684,4.646722255729105,4.597532215323887,4.597532215323887,305000
2011-06-30,4.813617706298828,4.820644794935509,4.746859317119069,4.790779354090228,160500
2011-07-01,4.864564895629883,4.864564895629883,4.780238574327534,4.794293170637518,153000
2011-07-05,4.857537746429443,4.880376098652898,4.815374376876902,4.880376098652898,105500
2011-07-06,4.8698344230651855,4.880375263649846,4.818887306140955,4.818887306140955,200000
2011-07-07,4.89970064163208,4.89970064163208,4.8505101839954525,4.875105622240021,242500
2011-07-08,4.769697189331055,4.77672469611304,4.699425472330979,4.699425472330979,118000
2011-07-11,4.609828948974609,4.699425258415586,4.609828948974609,4.690641503616645,113500
2011-07-12,4.523746013641357,4.546584362712614,4.471042227827487,4.471042227827487,493000
2011-07-13,4.671316623687744,4.699425393788481,4.646721606919274,4.646721606919274,72500
2011-07-14,4.692399024963379,4.745102819908058,4.692399024963379,4.745102819908058,98500
2011-07-15,4.760913848876953,4.799563464134926,4.757400095179862,4.757400095179862,76000
2011-07-18,4.71699333190918,4.7609133638117465,4.694154982336239,4.715236664665866,81500
2011-07-19,4.69942569732666,4.716993627417784,4.650235660612512,4.650235660612512,104500
2011-07-20,4.694155216217041,4.702939390576202,4.659019356485371,4.702939390576202,232000
2011-07-21,4.6519927978515625,4.6555065517657,4.5694235599684285,4.5694235599684285,59000
2011-07-22,4.620370864868164,4.669560908433502,4.615100443221514,4.669560908433502,110500
2011-07-25,4.604559421539307,4.6203706858667015,4.578207314326981,4.604559421539307,46500
2011-07-26,4.641450881958008,4.699425085597399,4.641450881958008,4.697668418472702,110000
2011-07-27,4.585235118865967,4.6713181240568655,4.585235118865967,4.6713181240568655,165500
2011-07-28,4.576450347900391,4.644965403325054,4.576450347900391,4.595774946025613,119000
2011-07-29,4.576450347900391,4.579964101583389,4.537800732797438,4.565909505703903,126500
2011-08-01,4.655506134033203,4.724020768964596,4.611586098883787,4.699425750330122,330500
2011-08-02,4.594018936157227,4.687129024132304,4.594018936157227,4.620371045420252,104000
2011-08-03,4.620370864868164,4.646722554248867,4.576450824096926,4.5975325106835285,176500
2011-08-04,4.435906887054443,4.562395736422316,4.41833895640453,4.5500982268526275,482500
2011-08-05,4.409553527832031,4.506177328358603,4.344552244795198,4.427121453486646,216000
2011-08-08,4.130224704742432,4.309417771250281,4.110899687147282,4.279552329974393,173500
2011-08-09,4.309417724609375,4.309417724609375,4.084547955459517,4.116170063864529,199000
2011-08-10,3.7595410346984863,4.2918498091291655,3.7595410346984863,4.2918498091291655,497500
2011-08-11,4.24793004989624,4.24793004989624,4.037114862357193,4.037114862357193,367500
2011-08-12,4.1741437911987305,4.230361331638789,4.147792107078525,4.211036735360473,214000
2011-08-15,4.286579608917236,4.29536336551636,4.2356324803141945,4.2356324803141945,164000
2011-08-16,4.06697940826416,4.110899019887241,4.063465655039234,4.109142352701005,206500
2011-08-17,4.058196067810059,4.100359439755852,4.058196067810059,4.075763999836626,226500
2011-08-18,3.9317069053649902,4.005492389588668,3.908868551173198,3.9264364837166883,266000
2011-08-19,3.8614346981048584,3.9422472615909068,3.826298837358968,3.8737322074806704,151000
2011-08-22,3.782378673553467,3.847379964642613,3.777108253318948,3.847379964642613,156000
2011-08-23,3.9791407585144043,3.9791407585144043,3.8684623211306084,3.9194094519091296,213000
2011-08-24,3.9949512481689453,4.023060021911423,3.9123820132615243,3.9527882969814887,206000
2011-08-25,3.9106252193450928,4.001978626341129,3.882516446511504,3.935220238504793,382000
2011-08-26,4.007247447967529,4.007247447967529,3.8948128086109057,3.9246782400563034,134000
2011-08-29,4.093331813812256,4.123197255510854,4.042385105601279,4.042385105601279,131500
2011-08-30,4.110899448394775,4.11616986935531,4.044141480982164,4.1003590253262026,131000
2011-08-31,4.205766201019287,4.207522868219133,4.158332835803797,4.207522868219133,153500
2011-09-01,4.205766201019287,4.286578756146588,4.172387011107477,4.237388304878795,233500
2011-09-02,4.172386646270752,4.207522500310102,4.147791632213691,4.15833247219598,356500
2011-09-06,4.165361404418945,4.167118072243362,4.065223799080334,4.074007975907625,97500
2011-09-07,4.283065319061279,4.30414700242546,4.196982337127522,4.265497389208623,140500
2011-09-08,4.156576633453369,4.226848362616682,4.142522455161725,4.226848362616682,129000
2011-09-09,4.03535795211792,4.15657681590115,4.03535795211792,4.15657681590115,123500
2011-09-12,3.9791407585144043,3.998465358939682,3.926436541258998,3.998465358939682,161000
2011-09-13,4.021302700042725,4.072249817981873,3.9650851617062535,3.996707684090188,106500
2011-09-14,4.089818954467773,4.089818954467773,3.9984655323987712,4.014276798261308,84500
2011-09-15,3.9879233837127686,3.996707557046567,3.9334629331415107,3.961571701416251,133500
2011-09-16,4.005491733551025,4.045898013668383,3.994950891980848,4.003735066240156,249000
2011-09-19,3.9141383171081543,3.9334633328653688,3.8719753698376076,3.873732037141907,104500
2011-09-20,3.8491370677948,3.900084189931407,3.8491370677948,3.898327522605054,128000
2011-09-21,3.6892685890197754,3.8227853574061808,3.6892685890197754,3.8227853574061808,478000
2011-09-22,3.388857126235962,3.5627799766416883,3.388857126235962,3.5627799766416883,195500
2011-09-23,3.582104206085205,3.5908879611749343,3.5311570862368793,3.541697927426528,166500
2011-09-26,3.548725128173828,3.561022637002183,3.508318848229599,3.561022637002183,178000
2011-09-27,3.6488611698150635,3.689267437410589,3.5803465585464345,3.5803465585464345,299500
2011-09-28,3.6312942504882812,3.7525130868199823,3.6312942504882812,3.70156638567464,96000
2011-09-29,3.6664297580718994,3.7437289737298167,3.6031855545007714,3.7068360329854926,108000
2011-09-30,3.6488611698150635,3.715619533169564,3.638320750363826,3.715619533169564,410000
2011-10-03,3.3203420639038086,3.392370663982728,3.3115580985003428,3.3818298217280676,295000
2011-10-04,3.3203420639038086,3.3203420639038086,3.207907181083696,3.220204690763297,364000
2011-10-05,3.3818299770355225,3.4081820838823704,3.2606111232450794,3.2606111232450794,300500
2011-10-06,3.6980526447296143,3.7156205738720542,3.6435917711913213,3.6523759451887763,220500
2011-10-07,3.826298952102661,3.8719756562125793,3.79467684402407,3.870218988778355,123000
2011-10-10,3.8403537273406982,3.8667054154937834,3.819272041736205,3.819272041736205,89500
2011-10-11,3.8368403911590576,3.8614354144735192,3.7981907696273494,3.7981907696273494,64500
2011-10-12,3.9492743015289307,3.994951003708831,3.9000842646290343,3.9000842646290343,107500
2011-10-13,3.8825156688690186,3.928192363218294,3.8368389745197433,3.8807590018101763,141000
2011-10-14,3.894812822341919,3.958057438094356,3.8912990696908567,3.8912990696908567,70000
2011-10-17,3.8754894733428955,4.014276255377653,3.8737323870274105,3.993194570411987,185000
2011-10-18,3.8140010833740234,3.8842728003589615,3.7244043510214966,3.806973995446024,285000
2011-10-19,3.7226479053497314,3.82102839875541,3.7226479053497314,3.7683246078794213,126500
2011-10-20,3.652376174926758,3.705079965669197,3.6383219982697725,3.705079965669197,114500
2011-10-21,3.691025733947754,3.743729523903933,3.673457803962361,3.673457803962361,152500
2011-10-24,3.9141383171081543,3.944003755543645,3.8702187025333084,3.8702187025333084,175000
2011-10-25,3.9440038204193115,3.975626345531747,3.9246792231967036,3.9703559246796742,123500
2011-10-26,3.989680528640747,4.028330142003728,3.9018408790453245,3.984410107779773,201500
2011-10-27,4.242658615112305,4.276037804156969,4.1600893949301945,4.216306932389371,132000
2011-10-28,4.207523345947266,4.256713802800211,4.198739590098259,4.2426592070482965,126500
2011-10-31,4.068735599517822,4.149548144566145,4.040626833563744,4.149548144566145,86000
2011-11-01,3.9527881145477295,4.0054919058127325,3.901840990669143,3.901840990669143,139500
2011-11-02,4.16360330581665,4.191712078438757,4.121440356309742,4.130224531002121,132500
2011-11-03,4.139008522033691,4.186441895280842,4.074007217256021,4.168873963750322,162500
2011-11-04,4.074007034301758,4.105629142095607,4.009005732443146,4.056439103560174,817000
2011-11-07,3.9791407585144043,3.996708691315354,3.9176527842848015,3.952788649886701,175000
2011-11-08,3.7894062995910645,3.806974229919316,3.7085937363106085,3.806974229919316,120500
2011-11-09,3.5311572551727295,3.7015665519022685,3.5311572551727295,3.7015665519022685,193000
2011-11-10,3.633051872253418,3.67872857837555,3.5891318336428966,3.67872857837555,87000
2011-11-11,3.5926451683044434,3.608456011769088,3.5469684675121784,3.5469684675121784,235000
2011-11-14,3.5171029567718506,3.640078461611399,3.501291694779596,3.587374673823021,340000
2011-11-15,3.548725128173828,3.569806811223854,3.5030484274670926,3.5030484274670926,111500
2011-11-16,3.467912435531616,3.532913730644267,3.4643988916331927,3.4925076616730464,368500
2011-11-17,3.3783161640167236,3.496021464011924,3.3783161640167236,3.4556151826274704,177000
2011-11-18,3.360748291015625,3.4134520825640298,3.3554778699755343,3.362505167837739,177000
2011-11-21,3.4064249992370605,3.4345337718755347,3.388857068694577,3.4134520876835532,1528000
2011-11-22,3.548725128173828,3.6031860031022345,3.5012917601637508,3.6031860031022345,2789000
2011-11-23,3.4433176517486572,3.506562283903561,3.434533686695268,3.506562283903561,333000
2011-11-25,3.3835861682891846,3.4310195321486883,3.3835861682891846,3.4257493212735826,152500
2011-11-28,3.3256120681762695,3.3625048020169404,3.2992601752689987,3.3625048020169404,384000
2011-11-29,3.2922332286834717,3.323855545424156,3.283449263445851,3.297503649711294,244000
2011-11-30,3.394127368927002,3.4362903169576517,3.2992604217186745,3.2992604217186745,331000
2011-12-01,3.522373676300049,3.557509537806819,3.478453639990332,3.557509537806819,639000
2011-12-02,3.4257500171661377,3.46615630178265,3.399397910306443,3.4169660513549944,239000
2011-12-05,3.427506446838379,3.4608856402603045,3.418722481636754,3.436290412040004,120500
2011-12-06,3.481966733932495,3.4942642419841756,3.4521012973994925,3.4521012973994925,291500
2011-12-07,3.481966733932495,3.4960211186027985,3.4521012973994925,3.4942642419841756,247500
2011-12-08,3.394127368927002,3.478453474414545,3.394127368927002,3.4608855444974007,602500
2011-12-09,3.4204790592193604,3.4204790592193604,3.3660183959630783,3.3888567453746234,233500
2011-12-12,3.2483131885528564,3.329125747186937,3.190338979917645,3.329125747186937,391500
2011-12-13,3.279935359954834,3.3800727202357517,3.279935359954834,3.330882478408082,371500
2011-12-14,3.3062872886657715,3.3466935666565565,3.30277374480271,3.3449368994381405,328500
2011-12-15,3.3642613887786865,3.420478926510961,3.3642613887786865,3.3783157732117552,365000
2011-12-16,3.3958842754364014,3.441560980208503,3.3906138542048114,3.413452206590862,351000
2011-12-19,3.441560745239258,3.4960214118703403,3.4310199034957436,3.446831166111015,650500
2011-12-20,3.504805564880371,3.5346712149472026,3.4503448953274787,3.4503448953274787,505000
2011-12-21,3.481966733932495,3.506561959462083,3.4556148412105117,3.481966733932495,275500
2011-12-22,3.5171029567718506,3.5399413066987284,3.4977781508122843,3.4977781508122843,449000
2011-12-23,3.571563482284546,3.599672253429991,3.546968464601962,3.599672253429991,243500
2011-12-27,3.5785903930664062,3.610212916108062,3.5557520438204753,3.5557520438204753,257500
2011-12-28,3.504805564880371,3.5733204116102955,3.488994301416827,3.5206166189176598,208000
2011-12-29,3.5346715450286865,3.539941966675374,3.4872379596347756,3.4872379596347756,254000
2011-12-30,3.538184404373169,3.568049843786084,3.4995349998725587,3.4995349998725587,372500
2012-01-03,3.604942560195923,3.6506192595062386,3.582104210540765,3.582104210540765,636000
2012-01-04,3.5891313552856445,3.618996793265238,3.527643393196499,3.527643393196499,641500
2012-01-05,3.568049430847168,3.5821040246724056,3.534670660573677,3.552238588715889,183000
2012-01-06,3.504805564880371,3.5416983035357186,3.4766967916737963,3.4766967916737963,166500
2012-01-09,3.5346715450286865,3.536428212626732,3.476697116341401,3.476697116341401,583000
2012-01-10,3.662916898727417,3.6787281610960307,3.6383218809445617,3.6383218809445617,182000
2012-01-11,3.7946765422821045,3.8104873856379107,3.7384590003320795,3.7384590003320795,91500
2012-01-12,3.812244415283203,3.8280552584046745,3.7823789774562906,3.8280552584046745,327000
2012-01-13,3.819272041320801,3.8631916611886763,3.796433688202594,3.799947442087138,467000
2012-01-17,3.991438150405884,4.014276504250423,3.9703564641332183,4.001978993542217,350500
2012-01-18,4.1319804191589355,4.137250839209925,4.075762884516658,4.075762884516658,139000
2012-01-19,4.089818954467773,4.119684399639738,4.075764356305771,4.107386888030844,155500
2012-01-20,4.121440887451172,4.124954641551451,4.068737089062327,4.068737089062327,276500
2012-01-23,4.139008522033691,4.154819786066917,4.082790973595017,4.082790973595017,397500
2012-01-24,4.151305675506592,4.151305675506592,4.11968356900989,4.140765252576019,221000
2012-01-25,4.151305675506592,4.195225709985196,4.110899394573173,4.142521919922365,272500
2012-01-26,4.114413261413574,4.198739579147621,4.114413261413574,4.198739579147621,87000
2012-01-27,4.128467559814453,4.135495067305217,4.06698001066413,4.06698001066413,357000
2012-01-30,4.198739528656006,4.198739528656006,4.137251563202733,4.137251563202733,189000
2012-01-31,4.286579608917236,4.323472140568126,4.26901167686645,4.26901167686645,153000
2012-02-01,4.223334789276123,4.23387563182663,4.144278888999835,4.223334789276123,251500
2012-02-02,4.2514424324035645,4.258469519284123,4.225090333035958,4.225090333035958,197000
2012-02-03,4.24793004989624,4.270768403764891,4.19874000701148,4.19874000701148,126000
2012-02-06,4.189955234527588,4.242659023904053,4.189955234527588,4.191711901851058,125500
2012-02-07,4.17941427230835,4.204009289537319,4.124953817179564,4.124953817179564,124000
2012-02-08,4.189955234527588,4.258470286372738,4.189955234527588,4.258470286372738,175000
2012-02-09,4.2988762855529785,4.321714634673973,4.272524183162424,4.272524183162424,489000
2012-02-10,4.186441898345947,4.200496494892169,4.174144388150832,4.200496494892169,332500
2012-02-13,4.244415760040283,4.2795520390467265,4.2321182508716495,4.2321182508716495,200500
2012-02-14,4.226847171783447,4.258469692309426,4.191711317100645,4.258469692309426,166500
2012-02-15,4.342796325683594,4.3832026074292045,4.342796325683594,4.353337167678536,178000
2012-02-16,4.558881759643555,4.560638426805428,4.499150887615371,4.499150887615371,195000
2012-02-17,4.472799301147461,4.537800601001223,4.464015126621347,4.52023267080149,147500
2012-02-21,4.362121105194092,4.453474505714854,4.355094017196913,4.374418613902275,149000
2012-02-22,4.432392120361328,4.511447999643989,4.4236079476177395,4.446446294128179,178000
2012-02-23,4.527259826660156,4.529016912903092,4.483340209931765,4.488610630955573,302000
2012-02-24,4.532530307769775,4.53955781512968,4.520232798168704,4.532530307769775,317500
2012-02-27,4.464015007019043,4.479826269430927,4.421852059439836,4.427122480243797,137000
2012-02-28,4.551854133605957,4.551854133605957,4.514961195604342,4.5325291217019315,148000
2012-02-29,4.523746013641357,4.646721513873723,4.523746013641357,4.553611450383972,270500
2012-03-01,4.532530307769775,4.546584903637077,4.511449042247583,4.546584903637077,112500
2012-03-02,4.500908851623535,4.51672011719344,4.497395097434923,4.499152183955513,351500
2012-03-05,4.460501194000244,4.5132049775349445,4.448203686394058,4.5132049775349445,83000
2012-03-06,4.348066329956055,4.420095130783146,4.341039242250413,4.420095130783146,310000
2012-03-07,4.4130682945251465,4.427122470737209,4.369148260870608,4.369148260870608,96500
2012-03-08,4.458745002746582,4.490367108701406,4.444690407659173,4.444690407659173,740000
2012-03-09,4.476313591003418,4.5237469663400995,4.462258993848354,4.462258993848354,186000
2012-03-12,4.506178855895996,4.521989701148154,4.479826749054852,4.521989701148154,131500
2012-03-13,4.558881759643555,4.558881759643555,4.51496172977713,4.541313831467474,132500
2012-03-14,4.550097465515137,4.583476653820607,4.506177855665381,4.583476653820607,115000
2012-03-15,4.697668552398682,4.716993147878592,4.662532695788419,4.690641464847119,120500
2012-03-16,4.892672538757324,4.919024220113632,4.880375031610724,4.901456292925285,1873000
2012-03-19,4.998080730438232,4.998080730438232,4.943619856108747,4.943619856108747,2202000
2012-03-20,4.89970064163208,4.901457309059367,4.8505101839954525,4.8891597993633376,2462500
2012-03-21,4.904970169067383,4.91902434362999,4.8663205607415625,4.91902434362999,1626500
2012-03-22,5.006864547729492,5.029702898114593,4.920781985811402,4.945377003502285,899500
2012-03-23,5.0086212158203125,5.03321623145826,4.985782867341519,5.03321623145826,129000
2012-03-26,5.0086212158203125,5.03321623145826,4.945376590713843,5.015648303309376,291000
2012-03-27,4.982269287109375,5.047270581631247,4.968215111643415,5.047270581631247,342000
2012-03-28,4.927809238433838,4.976999275458132,4.910241308231948,4.968215519783435,272500
2012-03-29,4.838212490081787,4.882132524911763,4.789022453170608,4.882132524911763,166000
2012-03-30,4.894429683685303,4.906727192032563,4.86105049311276,4.8768617547817215,149000
2012-04-02,4.945377826690674,4.9611886727794925,4.855781077542129,4.855781077542129,629000
2012-04-03,5.050784587860107,5.050784587860107,4.996324131636633,5.02443248397618,214500
2012-04-04,5.020919322967529,5.026189743926549,4.971728866967508,4.975242620557687,264500
2012-04-05,5.056054592132568,5.068352099981205,4.9963237200527795,4.9963237200527795,89500
2012-04-09,4.9769978523254395,4.999836196942704,4.975241185463304,4.9980795300805685,135000
2012-04-10,4.834699630737305,4.998081439189096,4.834699630737305,4.954161400040641,951000
2012-04-11,4.962945461273193,5.022676344551166,4.9401071084576405,5.022676344551166,384000
2012-04-12,5.105245113372803,5.105245113372803,4.999837534111449,4.999837534111449,189000
2012-04-13,5.0947041511535645,5.11402874631651,5.059568295119605,5.11402874631651,170000
2012-04-16,5.21768045425415,5.235248384988238,5.175517504262841,5.175517504262841,739000
2012-04-17,5.252815246582031,5.259842333674895,5.180786452036013,5.186056872068767,175500
2012-04-18,5.323087215423584,5.374034332329031,5.305519287406441,5.307275954552423,431000
2012-04-19,5.279168605804443,5.395117036473371,5.252816499355814,5.395117036473371,314000
2012-04-20,5.300248622894287,5.321330303084446,5.252815261318853,5.252815261318853,81000
2012-04-23,5.300248622894287,5.319573636019407,5.28092402862159,5.29146486871667,406000
2012-04-24,5.3775482177734375,5.4038999010212425,5.361736956513283,5.361736956513283,127500
2012-04-25,5.157948970794678,5.180786901113,5.138623956048658,5.180786901113,499500
2012-04-26,5.294978618621826,5.294978618621826,5.244031500063395,5.244031500063395,183000
2012-04-27,5.324845314025879,5.342413246765736,5.291466535016937,5.340656579147518,80000
2012-04-30,5.488226890563965,5.5514715246075355,5.4794427158220085,5.4794427158220085,136000
2012-05-01,5.5339035987854,5.5655257064084145,5.481199387992868,5.481199387992868,154000
2012-05-02,5.449577331542969,5.481199439462923,5.424982312177169,5.481199439462923,562000
2012-05-03,5.558498859405518,5.5743101233301875,5.537417174172625,5.5743101233301875,291000
2012-05-04,5.426738262176514,5.486469135269055,5.389845738005084,5.486469135269055,119500
2012-05-07,5.287951469421387,5.296735643038962,5.219436423073131,5.265113120638635,162500
2012-05-08,5.205382347106934,5.2563294660433915,5.143894387169491,5.210652767607427,225000
2012-05-09,5.0806498527526855,5.0806498527526855,5.015648557196757,5.038486906831606,152000
2012-05-10,5.0420002937316895,5.071866150374184,5.026189450629747,5.033216538547552,374500
2012-05-11,5.056054592132568,5.092947115678477,5.024432070076835,5.024432070076835,124500
2012-05-14,5.068353176116943,5.08767777557468,5.03321731227422,5.03321731227422,123500
2012-05-15,5.096462249755859,5.177274825102491,5.096462249755859,5.16322022742989,233000
2012-05-16,5.023662090301514,5.0412889586084155,4.979595129663106,5.0412889586084155,189000
2012-05-17,4.990171909332275,5.10827189856232,4.986646367161843,5.10827189856232,197500
2012-05-18,5.007798194885254,5.094169975526322,4.99898455061725,5.050102594701681,355000
2012-05-21,4.909087657928467,4.909087657928467,4.861494735253438,4.9037995554090195,590000
2012-05-22,4.75925874710083,4.824478113444643,4.722242031953949,4.824478113444643,1549500
2012-05-23,4.768072128295898,4.805088844667545,4.688751433729149,4.805088844667545,131000
2012-05-24,4.829766273498535,4.894985640624073,4.812139406160345,4.880884314856588,156000
2012-05-25,4.857969760894775,4.937290880831458,4.854444219022457,4.882647293227893,119500
2012-05-29,4.87912130355835,4.91261247736965,4.8562067543933,4.857969315038843,141000
2012-05-30,4.820952415466309,4.84739292542746,4.817427294309921,4.8332916002866115,122500
2012-05-31,4.8385796546936035,4.8632576059772825,4.792750134327185,4.812139562953657,86000
2012-06-01,4.803325176239014,4.831528244590187,4.690513323091939,4.690513323091939,393000
2012-06-04,4.776886940002441,4.787463147265437,4.731056988701314,4.745158318213456,174000
2012-06-05,4.757495880126953,4.796275156837805,4.746920095803696,4.753970758771758,205000
2012-06-06,4.988407611846924,4.988407611846924,4.891460060705167,4.891460060705167,171000
2012-06-07,5.046577453613281,5.1241360164017555,4.961968647262958,4.961968647262958,936000
2012-06-08,5.044814109802246,5.053627753402187,4.984882846250211,4.984882846250211,148500
2012-06-11,5.13294792175293,5.236946552197711,5.13294792175293,5.217557126613259,182500
2012-06-12,5.157626628875732,5.180541178710302,5.085356176947234,5.180541178710302,105000
2012-06-13,5.10827112197876,5.145287417981093,5.10827112197876,5.129423531270193,167000
2012-06-14,5.141762733459473,5.166440266224351,5.076543359613276,5.076543359613276,210000
2012-06-15,5.235185146331787,5.261625239754647,5.18582966088063,5.18582966088063,61500
2012-06-18,5.296879768371582,5.3585736041762395,5.270439252842631,5.3585736041762395,114000
2012-06-19,5.414978981018066,5.466097023542265,5.370911601538456,5.370911601538456,244500
2012-06-20,5.437893867492676,5.437893867492676,5.3938264886906495,5.3938264886906495,216000
2012-06-21,5.0800676345825195,5.21755744322716,5.0800676345825195,5.21755744322716,1107500
2012-06-22,5.043051719665527,5.1047455459200455,5.021899310516737,5.1047455459200455,844000
2012-06-25,4.974307060241699,5.041288992150512,4.961968294370542,4.988408386877968,529000
2012-06-26,4.946105003356934,4.961969314276829,4.926715570182248,4.935528796077003,1244000
2012-06-27,5.127660751342773,5.143525058933274,5.101220658949631,5.136474395645616,621500
2012-06-28,4.961969375610352,4.961969375610352,4.91790198481853,4.935528857083702,609000
2012-06-29,5.185830116271973,5.185830116271973,5.122373298123886,5.122373298123886,591000
2012-07-02,5.177016735076904,5.184067399045801,5.097695609718061,5.097695609718061,88000
2012-07-03,5.3321332931518555,5.337421396043674,5.231659758465021,5.270439039585785,205500
2012-07-05,5.351521968841553,5.374436938055091,5.328606999628015,5.328606999628015,49000
2012-07-06,5.312743186950684,5.333895597500651,5.291591196658416,5.312743186950684,107500
2012-07-09,5.185830116271973,5.219321296455801,5.173491348890087,5.1752543301287455,52500
2012-07-10,5.164677143096924,5.281014550902834,5.164677143096924,5.228133949196299,82500
2012-07-11,5.14528751373291,5.199931098666784,5.111796758741791,5.199931098666784,134000
2012-07-12,5.018373489379883,5.02366159137253,4.970780991703705,4.998984062245275,66000
2012-07-13,5.099457740783691,5.117085029606626,5.032475808338867,5.032475808338867,195500
2012-07-16,5.099457740783691,5.117085029606626,5.076543189880809,5.117085029606626,149000
2012-07-17,5.185830116271973,5.226371960637201,5.138237607725344,5.164678123727773,135500
2012-07-18,5.07654333114624,5.085356555545258,5.014849079322289,5.0835939947169955,67000
2012-07-19,5.164677143096924,5.191117233821359,5.138236632114824,5.1488128365076635,104500
2012-07-20,5.192880630493164,5.247523797220955,5.178778883421099,5.221083284121896,68000
2012-07-23,5.155863285064697,5.178778253544247,5.094169462433329,5.120609552058873,34500
2012-07-24,5.155863285064697,5.168202049590971,5.120609552058873,5.127660214608508,278000
2012-07-25,5.087118625640869,5.14881287151344,5.067729197627281,5.14881287151344,392000
2012-07-26,5.125898361206055,5.129423903096081,5.078305857108081,5.129423903096081,71000
2012-07-27,5.259862422943115,5.28101483285813,5.17525362379843,5.17525362379843,98000
2012-07-30,5.19640588760376,5.251049476014497,5.1928807659370735,5.1928807659370735,274000
2012-07-31,5.201693058013916,5.263387298957706,5.201693058013916,5.263387298957706,297500
2012-08-01,5.19640588760376,5.208744653952582,5.178779018497199,5.19111778484602,554000
2012-08-02,5.147050380706787,5.21755785108507,5.129423513112216,5.21755785108507,150500
2012-08-03,5.30216646194458,5.303929442822732,5.243997758891707,5.2845395949666685,56500
2012-08-06,5.310980319976807,5.353284718380172,5.268675921573442,5.268675921573442,153000
2012-08-07,5.3444719314575195,5.379725669717822,5.332133165092184,5.335658286763588,58500
2012-08-08,5.340946674346924,5.372675292627826,5.340946674346924,5.349760319510863,236000
2012-08-09,5.411452293395996,5.451994122639023,5.390300308741539,5.390300308741539,422000
2012-08-10,5.279252052307129,5.279252052307129,5.254574519974426,5.273964369885295,87000
2012-08-13,5.147050380706787,5.221082972449381,5.147050380706787,5.155863604375235,110000
2012-08-14,5.203455924987793,5.235184537715867,5.199930803745335,5.208744027109138,69000
2012-08-15,5.298643112182617,5.312744442376338,5.226372639230855,5.282778800521333,213000
2012-08-16,5.573620796203613,5.577146337858239,5.526028295283389,5.548943265394263,307500
2012-08-17,5.622976303100586,5.681145008985845,5.607111995970694,5.681145008985845,120000
2012-08-20,5.652942180633545,5.681145254441539,5.640603414640866,5.640603414640866,521000
2012-08-21,5.596536636352539,5.659993454197067,5.596536636352539,5.6247397132009676,408000
2012-08-22,5.591248035430908,5.614163007064201,5.541892970533174,5.541892970533174,267000
2012-08-23,5.573620796203613,5.667043237345587,5.573620796203613,5.667043237345587,52000
2012-08-24,5.561281681060791,5.578908547710046,5.52602794776228,5.52602794776228,137500
2012-08-27,5.526028633117676,5.575384118011404,5.526028633117676,5.563044931594695,51000
2012-08-28,5.473148345947266,5.5172157307357566,5.473148345947266,5.5172157307357566,161500
2012-08-29,5.473148345947266,5.508402085674968,5.473148345947266,5.481961570750328,129000
2012-08-30,5.342709064483643,5.450233262654665,5.340946503610292,5.450233262654665,108500
2012-08-31,5.370912075042725,5.404403252779226,5.3673869533384915,5.3673869533384915,70000
2012-09-04,5.3762006759643555,5.434369392050706,5.332133708774615,5.434369392050706,134500
2012-09-05,5.32155704498291,5.3620988866587975,5.312743400147505,5.337421353532009,52500
2012-09-06,5.552469253540039,5.552469253540039,5.430843730153807,5.430843730153807,385000
2012-09-07,5.547180652618408,5.571858183196083,5.52426568272266,5.552468754921863,175500
2012-09-10,5.534841537475586,5.608874124529056,5.534841537475586,5.53836665861662,112000
2012-09-11,5.631789684295654,5.642365889344515,5.619450918491213,5.626501581771223,208000
2012-09-12,5.6740946769714355,5.709348414700817,5.659992929725061,5.672331695904575,72000
2012-09-13,5.765754699707031,5.808059525273792,5.614163528780124,5.658230915326252,303000
2012-09-14,5.866227626800537,5.915582691124225,5.77456774133346,5.816872142219149,323500
2012-09-17,5.781619071960449,5.834499684234319,5.765754762200964,5.834499684234319,155000
2012-09-18,5.799245357513428,5.822160329212184,5.772805264173451,5.772805264173451,34000
2012-09-19,5.778093338012695,5.852125935200761,5.767517132626485,5.767517132626485,207000
2012-09-20,5.737551212310791,5.744601875465192,5.681145066560213,5.681145066560213,74500
2012-09-21,5.765754699707031,5.804533983057314,5.753415932335974,5.769280241923509,111000
2012-09-24,5.781619071960449,5.788669736212082,5.670569744159549,5.670569744159549,208000
2012-09-25,5.7551774978637695,5.8697519182357345,5.7551774978637695,5.867989357689938,297500
2012-09-26,5.763991832733154,5.786906805279409,5.746364963102014,5.785144244393611,86000
2012-09-27,5.961411952972412,5.963174513566175,5.9173449963247755,5.922632678106064,132500
2012-09-28,5.971989154815674,6.0354459696273075,5.949074182237647,6.0354459696273075,78500
2012-10-01,5.959649562835693,6.053072001099615,5.949073358455313,5.949073358455313,304500
2012-10-02,5.945549011230469,6.010768811258054,5.943786450232237,5.975515069746913,148500
2012-10-03,5.963175296783447,6.040733856702865,5.957887614307663,5.963175296783447,171500
2012-10-04,5.994904041290283,6.058360855190502,5.9755146110249475,6.054835313206933,153000
2012-10-05,5.966701030731201,6.040734051125156,5.966701030731201,6.040734051125156,149000
2012-10-08,5.927922248840332,5.952600204555456,5.9050072744134185,5.952600204555456,199500
2012-10-09,5.8486008644104,5.931447106892936,5.843312761671333,5.896193368804295,300000
2012-10-10,5.882091999053955,5.920871281544236,5.862702567937682,5.867990671016254,75000
2012-10-11,5.845075607299805,5.896193656096374,5.843313046386804,5.883854889189914,189000
2012-10-12,5.850363254547119,5.90676940194632,5.848600693771424,5.9014812993615395,60500
2012-10-15,5.887380123138428,5.913820638625625,5.855651924811528,5.855651924811528,130000
2012-10-16,5.957888603210449,5.977278036279748,5.8944317801335515,5.8944317801335515,90000
2012-10-17,6.016056537628174,6.016056537628174,5.940260535844018,5.961412947528687,104500
2012-10-18,5.869752407073975,5.949073521847734,5.869752407073975,5.869752407073975,196000
2012-10-19,5.901480674743652,5.940259529250731,5.873277604029089,5.905005795921941,214000
2012-10-22,6.016056537628174,6.07422524950329,5.99314156505569,6.07422524950329,185000
2012-10-23,5.942023754119873,6.030158105893662,5.912058116542559,6.030158105893662,64500
2012-10-24,6.121817588806152,6.167647532702925,6.120054607708631,6.120054607708631,97500
2012-10-25,6.169409275054932,6.215239212871503,6.146494306146646,6.169409275054932,97500
2012-10-26,6.046021461486816,6.111240829484821,6.023106491614859,6.105952727186856,198500
2012-10-31,6.197613716125488,6.25754499255398,6.091852491748944,6.231104896588718,467000
2012-11-01,6.37035608291626,6.372118643574737,6.229340723796327,6.229340723796327,158500
2012-11-02,6.319239139556885,6.372119750818974,6.28574795968024,6.372119750818974,205500
2012-11-05,6.2910356521606445,6.310425082280369,6.236392483500851,6.310425082280369,101500
2012-11-06,6.333339691162109,6.333339691162109,6.275170983880997,6.312187701405689,45500
2012-11-07,6.148256301879883,6.310423629944689,6.116528112599107,6.310423629944689,193500
2012-11-08,6.104191303253174,6.187037554253124,6.104191303253174,6.187037554253124,129500
2012-11-09,6.072463512420654,6.0900903856831805,6.007244123375089,6.007244123375089,197500
2012-11-12,6.16412353515625,6.195852159768562,6.134157892083166,6.134157892083166,249000
2012-11-13,6.179986476898193,6.2663582643995515,6.134156531682872,6.169410271039624,310500
2012-11-14,5.912057399749756,6.1341560233434524,5.912057399749756,6.1341560233434524,170500
2012-11-15,5.621213436126709,5.714636299836546,5.600061446448934,5.7111107580947404,1692500
2012-11-16,5.622976303100586,5.638840189972799,5.589485128134485,5.608874556677011,1152000
2012-11-19,5.6406025886535645,5.6406025886535645,5.568332143805258,5.568332143805258,869000
2012-11-20,5.753415584564209,5.753415584564209,5.688196209434705,5.71111118181233,222000
2012-11-21,5.882091999053955,5.89795630828967,5.825686266645415,5.825686266645415,107000
2012-11-23,5.852126121520996,5.864464888111849,5.815109821748437,5.864464888111849,58500
2012-11-26,5.716398239135742,5.772804379326478,5.7111101372267585,5.772804379326478,188500
2012-11-27,5.707585334777832,5.719924100743636,5.6846703636248535,5.6846703636248535,77500
2012-11-28,5.763991832733154,5.781618702364294,5.695246915094391,5.781618702364294,163000
2012-11-29,5.790431976318359,5.82921083486769,5.790431976318359,5.82921083486769,167500
2012-11-30,5.7287373542785645,5.753414884526417,5.719923710471378,5.753414884526417,64500
2012-12-03,5.540131092071533,5.622977770757491,5.515453554711277,5.5700971534464605,890500
2012-12-04,5.561281681060791,5.5982983952045835,5.52779050834991,5.531316049782822,192500
2012-12-05,5.6846699714660645,5.730499910610428,5.654704339008058,5.654704339008058,549500
2012-12-06,5.746364116668701,5.762228423077248,5.7075848410892505,5.7075848410892505,246500
2012-12-07,5.7111101150512695,5.739313185037128,5.675856382633357,5.739313185037128,271000
2012-12-10,5.7481279373168945,5.797483427987712,5.74283983402153,5.797483427987712,162000
2012-12-11,5.753415584564209,5.778093538072381,5.735788715062783,5.735788715062783,631000
2012-12-12,5.735788822174072,5.790432412829321,5.72873815829338,5.755178673168134,161500
2012-12-13,5.707585334777832,5.779855790051723,5.6846703636248535,5.779855790051723,139500
2012-12-14,5.7058234214782715,5.7163996278656,5.682908447724974,5.709348963693296,162000
2012-12-17,5.697010517120361,5.704061181689682,5.649417585697471,5.704061181689682,105000
2012-12-18,5.7111101150512695,5.7287369812602265,5.661754637511606,5.69700879018716,142000
2012-12-19,5.658230781555176,5.686433857846994,5.654705239422047,5.658230781555176,323000
2012-12-20,5.677620887756348,5.697010741407554,5.640604582116784,5.640604582116784,130500
2012-12-21,5.65117883682251,5.654703957899006,5.614162123715819,5.640602633077741,283000
2012-12-24,5.610637664794922,5.645891401266296,5.570095825827073,5.645891401266296,218500
2012-12-26,5.6406025886535645,5.647653251008668,5.596535213483307,5.596535213483307,118000
2012-12-27,5.61768913269043,5.656468416466589,5.5771472879155475,5.601824822928672,204500
2012-12-28,5.65117883682251,5.6846695883374245,5.640602633077741,5.640602633077741,149000
2012-12-31,5.7551774978637695,5.7551774978637695,5.67761895024174,5.702296478913459,160500
2013-01-02,5.922633171081543,5.931446815299274,5.880328771506426,5.8820913322468975,362500
2013-01-03,5.869752407073975,5.934972195791707,5.869752407073975,5.934972195791707,355000
2013-01-04,5.899718284606934,5.94202310504338,5.862701986982737,5.867990089537293,101000
2013-01-07,5.816872596740723,5.816872596740723,5.778093734672762,5.808059371818998,83000
2013-01-08,5.790431976318359,5.809821405593024,5.76399146343682,5.809821405593024,49000
2013-01-09,5.762228965759277,5.7728051710277,5.7340258917960485,5.7728051710277,130500
2013-01-10,5.82039737701416,5.82039737701416,5.760465690308598,5.76927933433441,148500
2013-01-11,5.822160243988037,5.823922804782847,5.788669067340448,5.788669067340448,180500
2013-01-14,5.797482967376709,5.811584294872159,5.767517331255587,5.808059173127156,181000
2013-01-15,5.855650901794434,5.890904636113168,5.825685269649276,5.890904636113168,146000
2013-01-16,6.098902702331543,6.098902702331543,6.04073399122546,6.04073399122546,124500
2013-01-17,6.125341892242432,6.160595625875606,6.091851139471274,6.118291229567327,139000
2013-01-18,6.176461219787598,6.1870374261340615,6.104191176849663,6.104191176849663,134000
2013-01-22,6.1341552734375,6.141205935811065,6.114765846845787,6.141205935811065,99000
2013-01-23,6.1165289878845215,6.150020162659596,6.093614017802385,6.144732060313127,105000
2013-01-24,6.199376106262207,6.2046642093610656,6.1535461595772585,6.1535461595772585,201000
2013-01-25,6.086564540863037,6.11829274086712,6.081276437486063,6.11829274086712,135000
2013-01-28,6.081275463104248,6.114766639039653,6.056597931470873,6.114766639039653,141000
2013-01-29,6.114766597747803,6.11652915849323,6.056597890571825,6.088326085277954,195500
2013-01-30,6.169409275054932,6.178222918600113,6.1359181019954905,6.16235861237338,151000
2013-01-31,6.1887993812561035,6.206426250022055,6.169409951690867,6.187036820456819,172500
2013-02-01,6.1447319984436035,6.153545222093862,6.107715282391036,6.142969017507414,170500
2013-02-04,6.026633262634277,6.109479941141416,6.01958259772625,6.0830394224140765,97500
2013-02-05,6.031919956207275,6.072461795272597,6.00900498542002,6.00900498542002,231000
2013-02-06,6.060122966766357,6.06188552749861,6.02486923057519,6.02486923057519,196000
2013-02-07,6.158833980560303,6.17646084999649,6.125342802554232,6.1517833168373715,79000
2013-02-08,6.172935485839844,6.192324915380872,6.118291898553229,6.169409943987975,81000
2013-02-11,6.160595417022705,6.187035926480043,6.13062978647615,6.187035926480043,125000
2013-02-12,6.16412353515625,6.194089178229334,6.14473410028727,6.18703851284587,78000
2013-02-13,6.2117133140563965,6.213476294818606,6.165883378876315,6.165883378876315,97500
2013-02-14,6.2117133140563965,6.217001415827762,6.176459582419047,6.178222563181256,170000
2013-02-15,6.2628326416015625,6.28045951105264,6.243443211282694,6.257544538740468,183500
2013-02-19,6.248732089996338,6.283985833275653,6.248732089996338,6.283985833275653,115000
2013-02-20,6.2046637535095215,6.271646107668764,6.199375650799175,6.252256257644928,107500
2013-02-21,6.157072067260742,6.195851352202031,6.116530221267773,6.195851352202031,213000
2013-02-22,6.098902702331543,6.107715926911823,5.982565280119378,5.982565280119378,427500
2013-02-25,5.9931416511535645,6.061886149600881,5.9402606211822,6.058361027774609,136500
2013-02-26,6.060122966766357,6.08832603977083,6.037207996216329,6.047784201125217,141000
2013-02-27,6.072463512420654,6.0900903856831805,5.966702272845498,5.966702272845498,98000
2013-02-28,6.107716083526611,6.1235803924871695,6.051310352096396,6.051310352096396,152000
2013-03-01,6.111241817474365,6.125343145710217,6.0812761797798744,6.1130043784394115,164000
2013-03-04,6.222290992736816,6.2698834997043775,6.192325355766786,6.195850897869384,282500
2013-03-05,6.310424327850342,6.328051195013032,6.224052552675862,6.224052552675862,139000
2013-03-06,6.331577301025391,6.3809323653779915,6.319238534937241,6.3809323653779915,143500
2013-03-07,6.372119903564453,6.389746774407682,6.3227644130487635,6.3227644130487635,130000
2013-03-08,6.4919819831848145,6.4919819831848145,6.43557583615331,6.43557583615331,108000
2013-03-11,6.382695198059082,6.442626466310559,6.363305348721841,6.442626466310559,143500
2013-03-12,6.3421525955200195,6.368592684695362,6.282220914224473,6.282220914224473,300000
2013-03-13,6.328051567077637,6.356254640247704,6.2857471674513805,6.2857471674513805,162500
2013-03-14,6.27517032623291,6.292797192644781,6.261069001206472,6.261069001206472,122000
2013-03-15,6.2117133140563965,6.2540181282273215,6.2029000912758745,6.245204485189169,132000
2013-03-18,6.001954555511475,6.0213439852938855,5.954362051336107,6.0213439852938855,125500
2013-03-19,5.834499359130859,5.906769819391931,5.8327367982305995,5.873278640740647,316000
2013-03-20,5.954361438751221,5.991377733688779,5.954361438751221,5.957886980284273,1222000
2013-03-21,5.799245357513428,5.84507530091094,5.71111101261733,5.7393140870356225,1782000
2013-03-22,5.5877227783203125,5.658230252326247,5.5877227783203125,5.640603383824763,1110500
2013-03-25,5.372674942016602,5.476673594721013,5.344471867693304,5.476673594721013,1136500
2013-03-26,5.637077808380127,5.652942116014095,5.47314789026887,5.47314789026887,505500
2013-03-27,5.668806552886963,5.684670440624907,5.635315376093166,5.684670440624907,125500
2013-03-28,5.631789684295654,5.647653991868946,5.58595974258905,5.647653991868946,114000
2013-04-01,5.520740032196045,5.635314879414618,5.501350604304312,5.563044429531493,426000
2013-04-02,5.508401393890381,5.561281996840807,5.492537086927951,5.561281996840807,122000
2013-04-03,5.427318096160889,5.552469159362513,5.42202999347225,5.485486805478217,211000
2013-04-04,5.4396562576293945,5.467859328747606,5.411453186511182,5.467859328747606,161500
2013-04-05,5.370912075042725,5.370912075042725,5.259862756462807,5.340946439268171,899000
2013-04-08,5.462571620941162,5.483724030871039,5.434368547787222,5.436131528786503,598500
2013-04-09,5.6723313331604,5.6723313331604,5.57890889212611,5.580671452822553,98500
2013-04-10,5.726975440979004,5.728738001836609,5.652942421609326,5.691721702280627,140500
2013-04-11,5.702296733856201,5.719923600875167,5.6494161327993035,5.6494161327993035,236000
2013-04-12,5.638840675354004,5.707585591909962,5.614163142310649,5.695246825388284,148000
2013-04-15,5.515452861785889,5.593011426971014,5.492537888470884,5.587723323878495,198000
2013-04-16,5.552469253540039,5.566570580777119,5.5225031977102494,5.552469253540039,169000
2013-04-17,5.578908443450928,5.62650094048874,5.5595190165763935,5.61768771745764,489500
2013-04-18,5.594773769378662,5.631790069322668,5.571858796958738,5.596536330254742,259000
2013-04-19,5.758704662322998,5.763992766094413,5.700535941095224,5.704061483695431,285500
2013-04-22,5.781619071960449,5.816872813476363,5.7446027694460655,5.7446027694460655,212500
2013-04-23,5.735788822174072,5.760466355885358,5.709348727557045,5.709348727557045,354500
2013-04-24,5.781619071960449,5.790432717468303,5.730501020685051,5.730501020685051,101000
2013-04-25,5.815108776092529,5.839786304836794,5.783380164629066,5.783380164629066,163000
2013-04-26,5.9332098960876465,5.934972877240331,5.8080592471332695,5.8080592471332695,454500
2013-04-29,6.026633262634277,6.033684347800093,5.896194490933503,5.913821363332467,396500
2013-04-30,6.081275463104248,6.090088687148586,6.017818653005789,6.058360492228202,157500
2013-05-01,6.04954719543457,6.0795128313189615,6.026632223242203,6.047784634575993,115000
2013-05-02,6.254018783569336,6.254018783569336,6.202900741261365,6.202900741261365,180500
2013-05-03,6.246967792510986,6.271645743813455,6.179985862495467,6.231103905558013,6056000
2013-05-06,6.2698822021484375,6.280458406009751,6.20290027812286,6.20290027812286,65500
2013-05-07,6.292797565460205,6.292797565460205,6.250493167616931,6.280458800266653,55000
2013-05-08,6.264595031738281,6.268120573635501,6.195850536932999,6.246968162767595,71500
2013-05-09,6.208189964294434,6.2504943702775195,6.183512008901362,6.213478067574538,330000
2013-05-10,6.243443489074707,6.299849221673206,6.232867282881946,6.254019695267468,65500
2013-05-13,6.075987339019775,6.118291738849441,6.067173694749013,6.118291738849441,146000
2013-05-14,6.165884971618652,6.181749281030743,6.086564265073679,6.181749281030743,158000
2013-05-15,6.5184221267700195,6.521947668583757,6.269882985988205,6.317475909314022,272500
2013-05-16,6.650909900665283,6.688055778154441,6.613764023176125,6.649141169850234,238000
2013-05-17,6.721662998199463,6.721662998199463,6.634988877748955,6.677441783588407,206500
2013-05-20,7.094893455505371,7.096662186232454,7.022370013220147,7.040058585677474,275000
2013-05-21,6.96930456161499,6.978148637316496,6.923314187126381,6.972842023204053,464500
2013-05-22,6.863173484802246,6.949847202509529,6.827795914943786,6.949847202509529,307500
2013-05-23,6.712820053100586,6.716357514696374,6.615532689825966,6.6279146488689245,125000
2013-05-24,6.810107707977295,6.827796282995591,6.7676552122791644,6.790650401975838,129500
2013-05-28,6.960460186004639,7.002913099647184,6.918007694090949,6.930389653327073,233500
2013-05-29,6.886167526245117,6.9392336645791834,6.857866148105385,6.872016837175251,164500
2013-05-30,7.0471343994140625,7.068360856467348,7.004681907036352,7.068360856467348,167000
2013-05-31,6.983454704284668,7.0329829582107175,6.944540099480789,6.983454704284668,125500
2013-06-03,6.960460186004639,6.969304683589788,6.887937161413384,6.969304683589788,206500
2013-06-04,6.898550033569336,6.965766440484085,6.864941619247544,6.912700722900177,155000
2013-06-05,6.787111759185791,6.863173087159276,6.783574297615111,6.863173087159276,162500
2013-06-06,6.880862236022949,6.880862236022949,6.7888814798263155,6.7888814798263155,108500
2013-06-07,6.831332683563232,6.907393581801468,6.8136441123852425,6.907393581801468,116000
2013-06-10,6.953383922576904,6.985223181874654,6.909162283949627,6.933926620879879,149500
2013-06-11,6.933927059173584,6.969304203620075,6.854328273304564,6.854328273304564,183000
2013-06-12,6.893243789672852,6.979917926231288,6.8755552161953455,6.979917926231288,190000
2013-06-13,6.887937545776367,6.907394851129059,6.7835748301295204,6.7835748301295204,174500
2013-06-14,6.804800033569336,6.891474164179661,6.7994938414462,6.820719875125231,145000
2013-06-17,6.840177059173584,6.893242771770059,6.834870445741057,6.861403091174897,184500
2013-06-18,6.854328155517578,6.896780643778086,6.8083377841816874,6.8083377841816874,128000
2013-06-19,6.748197078704834,6.854328515799058,6.739352581415894,6.854328515799058,164000
2013-06-20,6.4474921226501465,6.73935384003061,6.438648045438365,6.624377884174996,227500
2013-06-21,6.516477108001709,6.53770356616041,6.4209588897453225,6.53770356616041,338000
2013-06-24,6.272374153137207,6.364354904050562,6.212233087568717,6.364354904050562,498000
2013-06-25,6.571310997009277,6.571310997009277,6.488174745924766,6.544778348323468,351500
2013-06-26,6.666829586029053,6.684518158949132,6.596075294348737,6.596075294348737,157500
2013-06-27,6.843715190887451,6.854328418792438,6.780036245186372,6.780036245186372,192500
2013-06-28,6.89147424697876,6.925082661202058,6.820719957074237,6.893243399436557,98000
2013-07-01,6.898550033569336,6.9480778679561155,6.893243419638062,6.893243419638062,109500
2013-07-02,6.854328155517578,6.930389056943363,6.797724556684355,6.903856409928854,180000
2013-07-03,6.889705181121826,6.916238249409822,6.7853424820704,6.7853424820704,137500
2013-07-05,6.9958367347717285,7.041827106133257,6.921544985706632,7.036520492381634,175000
2013-07-08,6.907393455505371,6.953383824073009,6.877322927225483,6.926850756926758,113000
2013-07-09,6.902087688446045,6.930389489629627,6.898550226878626,6.91623879990226,247000
2013-07-10,6.916239261627197,6.9356965667335,6.8985506874226825,6.9356965667335,117000
2013-07-11,7.139115333557129,7.146191100993049,7.050672879625993,7.050672879625993,145500
2013-07-12,7.038289546966553,7.087817378988279,7.002912403599943,7.078972882282219,153500
2013-07-15,7.3602213859558105,7.3602213859558105,7.163878786187347,7.284160906370442,127500
2013-07-16,7.531801700592041,7.535340005761109,7.508806512552877,7.517651010288954,175500
2013-07-17,7.57248592376709,7.58840534500923,7.568947618579489,7.568947618579489,248000
2013-07-18,7.503500938415527,7.519420360886343,7.4415902926181134,7.519420360886343,106000
2013-07-19,7.602555274963379,7.653852682204261,7.579560089103794,7.653852682204261,3773000
2013-07-22,7.484042644500732,7.499962065767638,7.457509994569981,7.491118411429209,407000
2013-07-23,7.627318859100342,7.641470390903068,7.581328489385506,7.606093248311473,1456500
2013-07-24,7.524726867675781,7.586636665657507,7.5176511007102675,7.586636665657507,299000
2013-07-25,7.673308849334717,7.680384614886151,7.581328114453918,7.586635149481887,143500
2013-07-26,7.876729488372803,7.931564361958819,7.768829315506799,7.768829315506799,752000
2013-07-29,7.896188735961914,7.9934756990244535,7.896188735961914,7.924490121902981,3649000
2013-07-30,8.29594898223877,8.313637134005413,8.2481898759738,8.249958606804693,504500
2013-07-31,8.018235206604004,8.067763026452736,7.95986289222302,8.06599429623777,478000
2013-08-01,8.310098648071289,8.313636109297061,8.225193674449498,8.265877008918702,1961500
2013-08-02,8.246421813964844,8.251728006887879,8.180973707167379,8.251728006887879,309000
2013-08-05,8.402079582214355,8.45514571911812,8.35255175007593,8.35255175007593,234500
2013-08-06,8.479909896850586,8.54358841964239,8.428612489017798,8.428612489017798,272500
2013-08-07,8.239343643188477,8.258801365146011,8.136749685483132,8.212810999397322,277500
2013-08-08,8.191585540771484,8.225193953931116,8.119062522433264,8.225193953931116,196000
2013-08-09,8.126138687133789,8.172129065491179,8.0801483087764,8.097837305125136,465500
2013-08-12,8.357857704162598,8.405616804287888,8.30479241222677,8.405616804287888,96000
2013-08-13,8.467527389526367,8.472833581307686,8.389697339197134,8.472833581307686,152500
2013-08-14,8.136752128601074,8.407387369520613,8.048309674922569,8.407387369520613,234500
2013-08-15,8.269416809082031,8.311868881841352,8.225195161932195,8.225195161932195,555000
2013-08-16,8.340168952941895,8.393234241049159,8.303022239117752,8.370239057947332,167500
2013-08-19,8.40738582611084,8.46045196334241,8.375546987229535,8.375546987229535,125500
2013-08-20,8.340168952941895,8.347243874845505,8.264107638275254,8.264107638275254,67500
2013-08-21,8.149133682250977,8.251727665640296,8.108450341150139,8.251727665640296,262000
2013-08-22,8.264108657836914,8.267646119225144,8.180972411009957,8.193354369326412,513500
2013-08-23,8.154439926147461,8.159746118335523,8.08368563622729,8.142057967584314,299500
2013-08-26,8.103142738342285,8.1632838020662,8.103142738342285,8.1632838020662,140500
2013-08-27,8.150901794433594,8.21634989355644,8.12790660754802,8.136751104840398,230500
2013-08-28,8.119061470031738,8.13498088748275,8.074839835108612,8.083684330784743,81000
2013-08-29,8.218118667602539,8.278259731283606,8.200430516382315,8.20750543948733,56500
2013-08-30,8.251726150512695,8.265876838581784,8.2322684272567,8.235806731867168,120500
2013-09-03,8.607268333435059,8.667409398635817,8.56127795825959,8.667409398635817,187000
2013-09-04,8.692174911499023,8.702788141829261,8.60550033771172,8.60550033771172,190500
2013-09-05,8.870827674865723,8.881440903121147,8.826606031044403,8.826606031044403,158500
2013-09-06,8.861983299255371,8.915048592753802,8.800072665563691,8.800072665563691,346000
2013-09-09,9.028255462646484,9.028255462646484,8.853138482213648,8.853138482213648,176500
2013-09-10,9.16976547241211,9.178609970217565,9.070708952598022,9.074247257794845,191000
2013-09-11,9.235213279724121,9.24051947216291,9.13085057064192,9.180378407234773,128500
2013-09-12,9.351956367492676,9.445705832396122,9.33426737543737,9.371413246604433,102500
2013-09-13,9.39441204071045,9.415638501951651,9.327195194599271,9.327195194599271,138000
2013-09-16,9.684500694274902,9.691576459330678,9.551836636274805,9.576600548783755,244000
2013-09-17,9.53061294555664,9.578372054010655,9.521768447539072,9.569527555993087,329000
2013-09-18,9.410329818725586,9.410329818725586,9.14853827177481,9.22459959718963,598500
2013-09-19,9.436863899230957,9.445708397660598,9.328963717454286,9.445708397660598,117500
2013-09-20,9.224599838256836,9.436862713142819,9.224599838256836,9.403254298100551,414000
2013-09-23,9.28650951385498,9.32542412071598,9.249363637743434,9.251132368492888,196500
2013-09-24,9.221061706542969,9.228137473221881,9.134387992879223,9.224600011611278,315500
2013-09-25,9.297123908996582,9.339576826143823,9.277666181394466,9.311274600226401,137000
2013-09-26,9.336037635803223,9.364339859037948,9.286509799464584,9.339575940868627,249500
2013-09-27,9.484621047973633,9.542993376002212,9.39087157700221,9.486389778602133,203000
2013-09-30,9.293585777282715,9.313042660024827,9.215755715941096,9.281203817916744,249000
2013-10-01,9.351956367492676,9.380257742632086,9.297121504270308,9.3236541488957,188000
2013-10-02,9.528843879699707,9.528843879699707,9.417405401585638,9.417405401585638,303500
2013-10-03,9.498772621154785,9.580140141847492,9.431555790265659,9.534149767392584,165500
2013-10-04,9.611979484558105,9.64028086315846,9.519998738920453,9.580139801039456,210000
2013-10-07,9.555377006530762,9.569527697493458,9.47577821011116,9.47577821011116,73500
2013-10-08,9.491697311401367,9.71457340796791,9.491697311401367,9.65620107688006,275000
2013-10-09,9.396180152893066,9.435095610424188,9.316582193669227,9.435095610424188,207000
2013-10-10,9.49523639678955,9.504080895365856,9.410331403447325,9.419175058565822,1697500
2013-10-11,9.638510704040527,9.65443096516937,9.519997328096029,9.519997328096029,412000
2013-10-14,9.640279769897461,9.7269543135148,9.518228928770379,9.518228928770379,119000
2013-10-15,9.62082576751709,9.679198109741048,9.587217347029618,9.649127151370841,173500
2013-10-16,9.721648216247559,9.726955251806253,9.573064715926572,9.680964879766618,296500
2013-10-17,9.63674545288086,9.649127414086225,9.56422241675545,9.622594760568704,273500
2013-10-18,9.845468521118164,9.852544287289392,9.77294550255807,9.84723725179656,518500
2013-10-21,10.19570255279541,10.257612344153108,10.17270736694003,10.17270736694003,208000
2013-10-22,10.08249568939209,10.12494860113877,10.052425579786254,10.064807538469424,298500
2013-10-23,9.778251647949219,9.859619162970798,9.734030007369691,9.859619162970798,241000
2013-10-24,9.71103572845459,9.755257373163047,9.702192074279072,9.719880226087824,583500
2013-10-25,9.723416328430176,9.765868389228535,9.695114111107076,9.765868389228535,140500
2013-10-28,9.905609130859375,9.925066854351872,9.834854846196334,9.905609130859375,351500
2013-10-29,9.59782886505127,9.610210823711173,9.581908601447342,9.588984367877718,189000
2013-10-30,9.702191352844238,9.760563683350796,9.680964897485916,9.734030192424065,1629000
2013-10-31,9.631436347961426,9.700421901018812,9.615516085897356,9.700421901018812,403500
2013-11-01,9.640279769897461,9.689808442017759,9.574832523009595,9.597827706811229,252500
2013-11-04,9.50407886505127,9.555375427611525,9.489927332969188,9.535917703591883,245000
2013-11-05,9.360801696777344,9.451013716811607,9.33780650906107,9.451013716811607,365500
2013-11-06,9.454550743103027,9.472239737512243,9.419173597742272,9.419173597742272,217500
2013-11-07,9.164457321166992,9.383795084352624,9.164457321166992,9.348417944149372,169000
2013-11-08,9.215755462646484,9.235213188311526,9.14500117008341,9.159151859904485,248500
2013-11-11,9.374953269958496,9.408560842801801,9.350188507849015,9.374953269958496,216000
2013-11-12,9.293585777282715,9.374953300312404,9.259977360872874,9.30419900580465,121000
2013-11-13,9.16976547241211,9.19099192976211,8.91504967112758,8.91504967112758,360500
2013-11-14,9.442167282104492,9.443936856030009,9.318347714770988,9.401483950968496,210500
2013-11-15,9.834856986999512,9.928606476757848,9.624362817788992,9.626131548771935,456000
2013-11-18,9.852544784545898,9.948062993661217,9.76233276773357,9.872001666447883,344500
2013-11-19,9.611979484558105,9.684502505246973,9.551838422439102,9.643819168076755,517500
2013-11-20,9.542993545532227,9.619054868112256,9.516460898718147,9.528842856795226,111000
2013-11-21,9.723416328430176,9.723416328430176,9.603133380857674,9.643817554679153,130000
2013-11-22,9.801244735717773,9.822471186129253,9.668580685832215,9.689807136243695,152000
2013-11-25,9.928604125976562,10.031198089816382,9.928604125976562,9.988745182446086,284500
2013-11-26,10.00820541381836,10.01528118130593,9.928606614278841,10.013511606840687,173500
2013-11-27,10.224003791809082,10.229309983362338,10.082494385440535,10.082494385440535,222000
2013-11-29,10.268223762512207,10.315982856495683,10.259380110631934,10.275299527473926,177000
2013-12-02,10.259380340576172,10.36728048705138,10.259380340576172,10.324827583244568,206500
2013-12-03,10.107259750366211,10.215159909550483,10.043580387155494,10.179782766697068,265000
2013-12-04,10.117873191833496,10.162094835887602,10.006435559751472,10.077189852854959,132000
2013-12-05,10.220467567443848,10.25938302058496,10.165633536403126,10.215161374810645,150000
2013-12-06,10.630844116210938,10.637919040134927,10.503486207543476,10.503486207543476,242500
2013-12-09,10.621997833251953,10.644993019057083,10.50879063491014,10.58485195851851,490000
2013-12-10,10.69275188446045,10.74227971634112,10.591926646596832,10.591926646596832,496000
2013-12-11,10.657376289367676,10.887328175729136,10.655607558466087,10.887328175729136,394000
2013-12-12,10.602540969848633,10.662682035271274,10.556550594503488,10.662682035271274,1185500
2013-12-13,10.568930625915527,10.680369082296385,10.528247293931404,10.680369082296385,449000
2013-12-16,10.899709701538086,10.958082036255215,10.613154220445944,10.657375865056013,392500
2013-12-17,10.63968563079834,10.671525312424667,10.599002296046049,10.671525312424667,236000
2013-12-18,10.825416564941406,10.84310555929026,10.576007817517842,10.70867190130354,299000
2013-12-19,10.648530006408691,10.683907148883499,10.556549267282668,10.604308367450779,297000
2013-12-20,10.648530006408691,10.6821384182784,10.576006990853974,10.576006990853974,251500
2013-12-23,10.717516899108887,10.74051208676193,10.636149376910254,10.64853133614976,967500
2013-12-24,10.784732818603516,10.784732818603516,10.701596572614166,10.745817369894462,559500
2013-12-26,10.800652503967285,10.834260918016964,10.75643086214099,10.790039276190669,188500
2013-12-27,11.08897590637207,11.08897590637207,10.913858925741657,10.913858925741657,203500
2013-12-30,11.382608413696289,11.382608413696289,11.313622846816354,11.320698613980102,234000
2013-12-31,11.394990921020508,11.394990921020508,11.315392121300144,11.327774081838173,211000
2014-01-02,11.423291206359863,11.518809412409288,11.391451523190836,11.472819040095468,230000
2014-01-03,11.313621520996094,11.370225121299532,11.258786651411878,11.370225121299532,254000
2014-01-06,11.267630577087402,11.34899809024916,11.249942427334474,11.34899809024916,249000
2014-01-07,11.304778099060059,11.310085135180104,11.219873112259018,11.232255071928801,239500
2014-01-08,11.451593399047852,11.451593399047852,11.354306455368818,11.402065561789996,340000
2014-01-09,11.207488059997559,11.290624292970572,11.156191504585756,11.290624292970572,262000
2014-01-10,11.451593399047852,11.458669165852282,11.274707663514283,11.27647639435096,277500
2014-01-13,11.255250930786133,11.377302647324122,11.232255740964323,11.36668941790961,291500
2014-01-14,11.412677764892578,11.412677764892578,11.258786387519955,11.258786387519955,259500
2014-01-15,11.647937774658203,11.692159422875886,11.564801514607007,11.577183474893024,310000
2014-01-16,11.670930862426758,11.709845467252107,11.653241868942198,11.709845467252107,237500
2014-01-17,12.104302406311035,12.139679553695103,12.028241918991265,12.03001064984181,374000
2014-01-21,11.86904525756836,11.946875325252382,11.791215189884337,11.902653676716966,468000
2014-01-22,12.148523330688477,12.152060792179704,12.017627977478629,12.042391894832573,450500
2014-01-23,11.7257661819458,11.945103974094891,11.670931312179697,11.936260320469444,734500
2014-01-24,11.073058128356934,11.389683724883541,11.055369132884609,11.389683724883541,2652500
2014-01-27,10.99522590637207,11.175649070071978,10.956310461361404,11.088975370967207,2263500
2014-01-28,11.48166275024414,11.532959311175171,11.419752118859847,11.419752118859847,345000
2014-01-29,11.81597900390625,12.081308049264372,11.74876300967396,12.081308049264372,894500
2014-01-30,12.231657981872559,12.382011040555915,12.183898884150002,12.382011040555915,833000
2014-01-31,12.231657981872559,12.240502477902771,12.07246042715899,12.205125337239487,262000
2014-02-03,11.9026517868042,12.251117039877848,11.897344751224553,12.251117039877848,370000
2014-02-04,11.838974952697754,11.838974952697754,11.642631463410327,11.762914455268925,597000
2014-02-05,11.693925857543945,11.736378766449793,11.550648555173137,11.678006438433062,905000
2014-02-06,11.732842445373535,11.782370285165474,11.552419238935292,11.635555496716833,1052500
2014-02-07,12.072461128234863,12.10960784502744,11.929183826746744,11.95571647292063,191500
2014-02-10,12.05831241607666,12.208665508132743,12.03531722736858,12.208665508132743,385500
2014-02-11,12.196284294128418,12.205128792662618,12.063620189946636,12.127298723785707,248000
2014-02-12,12.249349594116211,12.380244958223637,12.217509907671353,12.304183625626097,323500
2014-02-13,12.431539535522461,12.435077840198852,12.217507949549255,12.217507949549255,171000
2014-02-14,12.695100784301758,12.69863824579597,12.555360933788299,12.555360933788299,311000
2014-02-18,13.33719539642334,13.37611000020042,13.252290422974431,13.289436296142227,555500
2014-02-19,13.301819801330566,13.390263089744693,13.285900380537415,13.305357262960664,570000
2014-02-20,13.018802642822266,13.020571373639337,12.856067599243765,12.877294055964041,381000
2014-02-21,13.231063842773438,13.269978446180007,13.204531196971576,13.269978446180007,362500
2014-02-24,13.346041679382324,13.372574328988375,13.236371932350595,13.27174907964457,398000
2014-02-25,13.289437294006348,13.399106191135163,13.128470988068473,13.225758770002638,1267000
2014-02-26,13.284130096435547,13.390261524048137,13.284130096435547,13.354884381510608,495000
2014-02-27,14.035895347595215,14.051814767390484,13.894386769769005,13.995212011026124,447500
2014-02-28,14.168560028076172,14.23223770616143,14.149102303749732,14.23223770616143,493500
2014-03-03,13.756417274475098,13.76879923432116,13.607832912864604,13.655592021336235,498000
2014-03-04,14.120800971984863,14.134952505181401,14.062428638786653,14.062428638786653,506000
2014-03-05,14.269386291503906,14.272923753105221,14.126108131700528,14.200399886074353,331000
2014-03-06,14.702756881713867,14.722213764423596,14.456885582189974,14.474572890600891,556500
2014-03-07,14.368439674377441,14.478109401119244,14.234006033457183,14.476339827142867,599000
2014-03-10,14.145565032958984,14.157946147841963,13.979291695522779,14.157946147841963,387500
2014-03-11,13.981061935424805,14.177406246287278,13.975755742759315,14.150872752586602,766500
2014-03-12,13.821864128112793,13.821864128112793,13.675048510701693,13.721038884098592,456500
2014-03-13,13.137314796447754,13.53707660076213,13.093093156383278,13.501699457402076,931500
2014-03-14,12.762317657470703,12.912670736443223,12.73755374001043,12.87021782453551,611000
2014-03-17,12.546517372131348,12.617271668037452,12.452767887882871,12.470456883588266,703000
2014-03-18,13.328351020812988,13.33896424802257,13.119625624787256,13.119625624787256,432500
2014-03-19,12.74109172821045,13.087788273901424,12.580125414606947,13.087788273901424,618500
2014-03-20,12.806536674499512,12.806536674499512,12.567741186893924,12.673872608436136,380000
2014-03-21,13.202764511108398,13.399107132599134,13.177999748606029,13.213376896306615,351500
2014-03-24,13.287668228149414,13.42740807474259,13.236370820634075,13.3389647922071,374000
2014-03-25,12.829533576965332,12.92328389751915,12.780005742301181,12.780005742301181,783000
2014-03-26,12.488144874572754,12.744629404784758,12.479300376834267,12.741091943072455,1480500
2014-03-27,11.86904525756836,12.097228424198127,11.81421037964613,12.097228424198127,849500
2014-03-28,12.288262367248535,12.355479191876228,12.169748980564645,12.169748980564645,615000
2014-03-31,12.222814559936523,12.344866254197711,12.219277098596605,12.344866254197711,873000
2014-04-01,12.932126998901367,12.932126998901367,12.780005196460342,12.780005196460342,571500
2014-04-02,12.871986389160156,12.871986389160156,12.760548762027168,12.848991202749872,228500
2014-04-03,12.447461128234863,12.489913197770091,12.328946886705888,12.489913197770091,483000
2014-04-04,11.7186918258667,12.293570710129883,11.7186918258667,12.116684964468732,1453000
2014-04-07,11.272937774658203,11.485200635493655,11.170343805550445,11.435672803323575,1103500
2014-04-08,11.785905838012695,11.791212029555018,11.511732365344448,11.525883052914875,913500
2014-04-09,12.219278335571289,12.221047066420299,11.980481958342734,12.035316831950665,1407500
2014-04-10,12.55889892578125,12.995807490163429,12.470456480486352,12.824227948581374,713000
2014-04-11,11.90442180633545,12.021166480235056,11.81597851373246,11.838973702332618,469000
2014-04-14,12.051236152648926,12.121990441814162,11.96986863576314,12.037084620049752,427000
2014-04-15,11.73814868927002,11.835435631359704,11.435673791238855,11.815977905558686,715000
2014-04-16,12.019396781921387,12.019396781921387,11.851354708192595,11.95394868318633,1366000
2014-04-17,12.063618659973145,12.102533267747337,11.946873993192872,11.982251139385145,598500
2014-04-21,12.095459938049316,12.097229512654497,11.957489630522375,12.093691206902005,297500
2014-04-22,12.061846733093262,12.093686411493373,11.93802716729983,11.978710497929805,351000
2014-04-23,11.90088176727295,12.054772287094362,11.90088176727295,11.982249275201895,479000
2014-04-24,11.99993896484375,12.132603892054977,11.930953405123754,12.074231560250185,279000
2014-04-25,11.621403694152832,11.984019646726873,11.621403694152832,11.91503408641956,908500
2014-04-28,11.428597450256348,11.61255894034485,11.345461202264273,11.61255894034485,759500
2014-04-29,11.731072425842285,11.732841156575173,11.532960244978478,11.62140352928422,278000
2014-04-30,11.002304077148438,11.087209914273437,10.931549775182813,11.055370225351561,594000
2014-05-01,11.203953742980957,11.209259935667966,10.966926090348558,11.011147736571283,626500
2014-05-02,11.272937774658203,11.338385026180768,11.214565445755571,11.27647523596817,230000
2014-05-05,11.143813133239746,11.276477233902545,11.143813133239746,11.232255585862351,184500
2014-05-06,11.011146545410156,11.2570178259231,11.011146545410156,11.205721261666843,402500
2014-05-07,10.648530006408691,10.855486669442245,10.648530006408691,10.855486669442245,505500
2014-05-08,10.7864990234375,10.851947103880478,10.713976021946056,10.763503843115096,399000
2014-05-09,10.915628433227539,10.915628433227539,10.816571921817433,10.816571921817433,733500
2014-05-12,11.58425521850586,11.617863628186287,11.515270512112677,11.518807973092443,417000
2014-05-13,11.586027145385742,11.624941754438735,11.543574231176857,11.619634718433764,276500
2014-05-14,12.57546329498291,12.600238938088392,12.184360866164866,12.184360866164866,812500
2014-05-15,12.331245422363281,12.552457490695799,12.168433326568834,12.522373142215105,239000
2014-05-16,12.299389839172363,12.302929819353455,12.154275123601064,12.28169331369497,175500
2014-05-19,12.366639137268066,12.405573014290974,12.30646959733646,12.30646959733646,487500
2014-05-20,12.77720832824707,13.03381428638114,12.609087532444907,12.609087532444907,285800
2014-05-21,12.936481475830078,12.963026687382714,12.741814622110946,12.963026687382714,375700
2014-05-22,12.98072338104248,13.033813801380441,12.8302991169899,13.033813801380441,338000
2014-05-23,12.741813659667969,12.81260144769947,12.688723240572843,12.81260144769947,183600
2014-05-27,12.71527099609375,12.74181621095645,12.653331880128393,12.73296836857366,323100
2014-05-28,12.918784141540527,12.954178036016378,12.803753773529762,12.830298983422399,281700
2014-05-29,12.609087944030762,12.65333052664088,12.476361040057478,12.6179366293242,193300
2014-05-30,12.494057655334473,12.555996765113367,12.414421174843278,12.476361128479253,116700
2014-06-02,12.55599594116211,12.591389836407009,12.547148100243655,12.55599594116211,151100
2014-06-03,12.741813659667969,12.759511028604344,12.60023808360497,12.60023808360497,182700
2014-06-04,12.485207557678223,12.555995344805904,12.396723245697116,12.520601451242063,209800
2014-06-05,12.56484603881836,12.56484603881836,12.387876542694153,12.414421756148503,285100
2014-06-06,12.467510223388672,12.47635890716939,12.352479865810134,12.44096501590345,117300
2014-06-09,12.732966423034668,12.750662948953465,12.555996100704478,12.555996100704478,251800
2014-06-10,12.98072338104248,12.98072338104248,12.847996486340564,12.91878427602919,441200
2014-06-11,13.122300148010254,13.175391417010081,13.051512351915214,13.051512351915214,459200
2014-06-12,13.0338134765625,13.201935105775956,12.971874373092803,13.157692527358888,296500
2014-06-13,13.201936721801758,13.228481934558554,13.157694137969035,13.166542823507,132800
2014-06-16,13.175390243530273,13.228480663944454,13.122298979259075,13.193086769049328,138500
2014-06-17,13.184236526489258,13.21963041720218,13.060358330922485,13.21963041720218,178700
2014-06-18,13.370055198669434,13.378903882665954,13.148843161898123,13.272722206278559,155800
2014-06-19,13.193085670471191,13.281570822269424,13.148843094572074,13.272722138318212,136300
2014-06-20,13.122300148010254,13.25502705472418,13.095754935438887,13.175391417010081,151400
2014-06-23,13.042662620544434,13.060359990077584,12.936480934916611,13.060359990077584,142500
2014-06-24,13.095754623413086,13.237330212229917,13.00726945847403,13.00726945847403,242400
2014-06-25,13.219632148742676,13.22848083354416,13.051511356799637,13.051511356799637,155200
2014-06-26,13.485088348388672,13.493937034215508,13.370057964211194,13.387755335864863,180100
2014-06-27,13.50278377532959,13.520480300577425,13.37890472316672,13.37890472316672,108400
2014-06-30,13.511632919311523,13.529329445161085,13.449692969195473,13.49393554960493,115500
2014-07-01,13.662055969238281,13.679753338461325,13.538177760105023,13.555874285471056,156200
2014-07-02,13.962904930114746,14.069086617189503,13.962904930114746,14.042541406385073,209400
2014-07-03,14.263753890991211,14.263753890991211,14.157571363173242,14.157571363173242,201500
2014-07-07,14.237207412719727,14.352236934022491,14.228358728355825,14.352236934022491,187000
2014-07-08,13.98060131072998,14.299146349416473,13.94520741754259,14.290297665155382,364300
2014-07-09,13.936359405517578,13.971753300412232,13.768238615732232,13.918662036141743,246500
2014-07-10,13.777087211608887,13.927511484119336,13.626662939098438,13.927511484119336,195800
2014-07-11,13.927511215209961,13.936359900211977,13.768239104458901,13.918662530207945,185200
2014-07-14,14.113329887390137,14.13987509949165,13.980602983025493,14.069087304649564,202800
2014-07-15,14.060239791870117,14.13987543003628,13.945209411598418,14.13987543003628,139600
2014-07-16,14.254903793334961,14.290296840623236,14.15756995979295,14.15756995979295,116600
2014-07-17,13.865571022033691,14.060237857547566,13.81247976003646,13.98060138648021,247300
2014-07-18,14.069087028503418,14.095633083940967,13.980602708616106,13.980602708616106,95300
2014-07-21,13.962904930114746,13.989450984776214,13.732845030047956,13.812480662461246,106200
2014-07-22,14.201812744140625,14.263753534988336,14.15757100982053,14.15757100982053,123500
2014-07-23,14.122178077697754,14.246057136257726,14.113329392688389,14.228359766238995,228600
2014-07-24,14.22835922241211,14.28144964272502,14.131026222600433,14.14872274808573,216700
2014-07-25,14.24605655670166,14.26375392600043,14.157571397921844,14.254905241351045,144100
2014-07-28,14.84775447845459,14.856603163620855,14.599996356941526,14.71502588867473,227100
2014-07-29,14.891996383666992,14.998178919139473,14.865450327870336,14.909693754198097,220300
2014-07-30,14.661934852600098,14.830056488304301,14.59999574673909,14.68848090698941,173900
2014-07-31,14.36108684539795,14.59114759537385,14.325693792632336,14.520359802128505,260500
2014-08-01,14.617691993713379,14.741570195921721,14.467267739154426,14.54690420849234,248000
2014-08-04,14.865447998046875,14.865447998046875,14.670782015856663,14.812357582488431,122800
2014-08-05,15.05126667022705,15.201690917600933,15.007023251756,15.095508400984256,276500
2014-08-06,14.953935623168945,15.04242078888167,14.953935623168945,15.007026047510916,601600
2014-08-07,14.529206275939941,14.75926699090118,14.43187244214876,14.75926699090118,241700
2014-08-08,14.91854190826416,14.927390593214641,14.74157158468273,14.821208061522965,905500
2014-08-11,15.122056007385254,15.13090469198956,14.953934375331475,14.953934375331475,868000
2014-08-12,15.281328201293945,15.299025569629878,15.139752630034348,15.23708478045411,219400
2014-08-13,15.546784400939941,15.60872351206493,15.307874954274245,15.573330457585309,1216000
2014-08-14,14.962782859802246,14.998177597746052,14.865449018170779,14.909692440600535,813800
2014-08-15,14.883145332336426,14.989327850928419,14.83890360075619,14.989327850928419,373200
2014-08-18,14.794663429260254,14.865451227956648,14.72387563056386,14.856604229869566,266400
2014-08-19,14.84775447845459,14.87429884623926,14.759269314506058,14.759269314506058,234900
2014-08-20,15.086660385131836,15.086660385131836,14.953933499270947,15.015872600158435,208700
2014-08-21,14.838906288146973,15.068967046999738,14.838906288146973,15.042420990615662,255900
2014-08-22,14.812358856201172,14.953934435007007,14.785812802282319,14.803510171561555,177800
2014-08-25,14.803507804870605,14.909690315856208,14.785810438420711,14.909690315856208,113600
2014-08-26,14.812358856201172,14.82120754084079,14.785812802282319,14.82120754084079,212200
2014-08-27,14.635392189025879,14.75042172933729,14.62654350319973,14.741573043511142,255800
2014-08-28,14.44072437286377,14.582299969639747,14.42302700133821,14.520360857014538,173900
2014-08-29,14.3522367477417,14.493812320298627,14.290297645712286,14.440721902518266,231000
2014-09-02,14.378785133361816,14.431875559755785,14.29914864991375,14.423026874071086,350300
2014-09-03,14.697330474853516,14.847754750002867,14.431874978153047,14.431874978153047,332600
2014-09-04,14.750421524047852,14.865451062758337,14.688482411841113,14.83890669336358,242300
2014-09-05,14.71502685546875,14.71502685546875,14.564602573187438,14.688482485940083,217900
2014-09-08,14.263753890991211,14.458419889657796,14.246056521735879,14.440722520402463,386000
2014-09-09,14.148724555969238,14.307997524973443,14.139875870167423,14.281451467567994,438200
2014-09-10,13.892115592956543,13.945206852514978,13.768237393748432,13.936358168612415,861400
2014-09-11,13.821329116821289,13.94520817160417,13.759390011358361,13.785935221720042,521900
2014-09-12,13.883267402648926,14.06023771156428,13.847873509637248,13.874419562288736,435600
2014-09-15,13.90096664428711,14.086784818602304,13.90096664428711,14.060239606230729,488600
2014-09-16,13.909815788269043,14.015997485112974,13.732846293529153,13.86557320361979,566400
2014-09-17,13.98945140838623,14.157572207047815,13.98060272323113,14.042541831602705,329100
2014-09-18,14.077935218811035,14.1221777991281,14.024844797516185,14.077935218811035,1218200
2014-09-19,14.175268173217773,14.272600324854324,14.131025595681812,14.23720727545393,725900
2014-09-22,13.626664161682129,13.856724933675277,13.591270261672193,13.856724933675277,645900
2014-09-23,13.449692726135254,13.644359570104658,13.4319962006055,13.59126830580136,199400
2014-09-24,13.564723014831543,13.60011690953738,13.423147436008195,13.485086540779157,211900
2014-09-25,13.281572341918945,13.4673905068706,13.228481075994026,13.4673905068706,504600
2014-09-26,13.370055198669434,13.423146458791607,13.237328314149428,13.237328314149428,176500
2014-09-29,13.0603609085083,13.228481711610689,12.971875742334149,13.228481711610689,1095100
2014-09-30,13.11345100402832,13.166542271171837,13.03381452524158,13.03381452524158,854400
2014-10-01,12.803753852844238,13.095753695043086,12.768359958149135,13.069208484986014,514100
2014-10-02,12.759512901306152,12.812603328193312,12.502906921065895,12.768361587073054,604100
2014-10-03,13.201936721801758,13.272724518391277,13.122300239674274,13.272724518391277,463000
2014-10-06,13.63551139831543,13.688602664615773,13.263875065784175,13.626662713289198,206100
2014-10-07,13.476240158081055,13.67975572029587,13.449694943481612,13.608967918792583,283200
2014-10-08,13.653207778930664,13.715146881911512,13.370055785610385,13.449692257361182,268000
2014-10-09,13.237329483032227,13.485086749813611,13.095753902014293,13.485086749813611,176400
2014-10-10,12.971874237060547,13.157692389378013,12.936480343469459,13.104601970919873,407300
2014-10-13,13.051511764526367,13.184238665266864,12.91878486378587,12.989572656695076,530700
2014-10-14,12.918784141540527,13.033813665694286,12.847996352588828,12.918784141540527,338100
2014-10-15,12.963027000427246,13.007269583321428,12.60908802498796,12.85684530779546,446700
2014-10-16,12.83914852142334,13.00726932039436,12.609087770109678,12.617936455281065,342300
2014-10-17,12.936481475830078,13.069209221307375,12.918784949414007,12.971875372519278,277100
2014-10-20,13.0338134765625,13.042662161017311,12.918783954077918,12.918783954077918,124200
2014-10-21,13.370055198669434,13.387752566662474,13.246176998145948,13.290419574271601,311900
2014-10-22,13.423147201538086,13.635510566063632,13.423147201538086,13.511632358685564,227500
2014-10-23,13.706298828125,13.74169272343631,13.529329351568443,13.564723246879755,546300
2014-10-24,13.626664161682129,13.706300647668767,13.538179833585861,13.626664161682129,425400
2014-10-27,13.431997299194336,13.440845140754359,13.316966920343159,13.414299928360114,421500
2014-10-28,13.856722831726074,13.86557151635057,13.564722989973763,13.564722989973763,516500
2014-10-29,13.84787654876709,13.971755623423617,13.785937433367407,13.918664350325917,554400
2014-10-30,14.015995025634766,14.865448451327088,13.803631669211686,13.892115979126153,334500
2014-10-31,14.201812744140625,14.237207481767888,14.095631906686801,14.210661428547441,356800
2014-11-03,13.998298645019531,14.23720807074502,13.989450804103681,14.192966334594693,409700
2014-11-04,14.007147789001465,14.015996474064435,13.82132962196436,13.945208681274782,365900
2014-11-05,14.166420936584473,14.20181398960163,14.09563314283603,14.113329669344608,443200
2014-11-06,14.184117317199707,14.201812998616436,14.095632159260006,14.175268632634335,262900
2014-11-07,13.98945140838623,14.069087043210942,13.918662771002493,14.033693146447604,298200
2014-11-10,14.334543228149414,14.423026708552516,14.281451114650505,14.30799717139996,261100
2014-11-11,14.555755615234375,14.564602613292134,14.3345435340771,14.520360872146375,453900
2014-11-12,14.281448364257812,14.40532825085032,14.051388490401676,14.387630883092266,497400
2014-11-13,14.71502685546875,14.768118969954557,14.573451258935071,14.688482485940083,477800
2014-11-14,15.325570106506348,15.360964843575651,15.042418960807728,15.051267645075054,1020200
2014-11-17,14.794663429260254,14.909694656963298,14.688482575072788,14.891997285360638,373800
2014-11-18,14.387632369995117,14.476117530216092,14.272601155393632,14.361086315614608,826800
2014-11-19,14.139874458312988,14.334542151087057,14.095632721435653,14.246056989618305,290000
2014-11-20,14.272601127624512,14.325693236282232,14.184117655289748,14.22835939145713,333700
2014-11-21,14.467269897460938,14.63539154533494,14.378784730805453,14.378784730805453,372300
2014-11-24,14.29029655456543,14.378781702585643,14.219508773692022,14.219508773692022,336600
2014-11-25,14.210660934448242,14.343387820507651,14.201812250349091,14.343387820507651,300400
2014-11-26,14.378785133361816,14.405331190415913,14.237209537835083,14.29914864991375,282000
2014-11-28,14.148724555969238,14.263755783678608,14.069088071467137,14.25490709787679,155700
2014-12-01,13.608965873718262,13.847874456925803,13.564723293462931,13.83902661596036,252300
2014-12-02,13.777087211608887,13.785935896781751,13.608966412609771,13.608966412609771,336100
2014-12-03,13.547028541564941,13.759391941969618,13.493937269535202,13.715149355921024,230900
2014-12-04,13.467392921447754,13.58242331502808,13.43199901910436,13.58242331502808,322800
2014-12-05,13.63551139831543,13.63551139831543,13.476238443271448,13.547027079624257,255200
2014-12-08,13.31696605682373,13.573572010281088,13.27272347646411,13.440844269202227,306000
2014-12-09,13.11345100402832,13.246178749958577,12.963026731621602,13.246178749958577,345500
2014-12-10,12.936481475830078,13.18423875265448,12.918784949414007,13.166542226238409,340100
2014-12-11,12.936481475830078,13.033814480761114,12.909936264277443,12.918784949414007,271200
2014-12-12,12.77720832824707,12.936481282901681,12.768360487099518,12.91878475674953,722400
2014-12-15,12.502907752990723,12.812604180724877,12.467513851425185,12.812604180724877,265500
2014-12-16,12.290541648864746,12.511753696112338,12.069329601617152,12.140117389227823,1468600
2014-12-17,12.290541648864746,12.370177277034006,11.9896931295909,12.078177442175743,387100
2014-12-18,12.847996711730957,12.963026239100154,12.76836023596995,12.94532971329606,659600
2014-12-19,13.31696605682373,13.370056478169648,13.11345052471229,13.184238315744869,393000
2014-12-22,13.007267951965332,13.03381316082974,12.830298486440988,12.99841926772487,383300
2014-12-23,12.918784141540527,12.998419771218435,12.821450298839183,12.918784141540527,353200
2014-12-24,12.83914852142334,12.91878500025169,12.741814672252218,12.909936315080303,151600
2014-12-26,13.175390243530273,13.299268453734706,12.87454171499319,12.87454171499319,178600
2014-12-29,12.874543190002441,12.989573572554646,12.839149291052312,12.989573572554646,233400
2014-12-30,12.812600135803223,12.865691393319274,12.732964515314512,12.865691393319274,495800
2014-12-31,12.83914852142334,12.95417889708017,12.768360727766376,12.768360727766376,440000
2015-01-02,12.724119186401367,12.768361772019588,12.626786173126984,12.750664400229446,305100
2015-01-05,12.918784141540527,12.918784141540527,12.688723405518996,12.81260161425597,418700
2015-01-06,13.529329299926758,13.706298775807818,13.316965928869484,13.626662300697085,625000
2015-01-07,14.36108684539795,14.378784215637817,14.113329569039244,14.15757215078185,1378100
2015-01-08,14.688482284545898,14.697330970172208,14.555755375579679,14.591148430370703,1044900
2015-01-09,14.608842849731445,14.688479316562518,14.538055066738702,14.635388901246428,1013900
2015-01-12,14.334543228149414,14.626543101536589,14.299148485816808,14.57345098803768,513700
2015-01-13,14.546907424926758,14.741573455398314,14.467270937980599,14.582300481505996,1128700
2015-01-14,14.307995796203613,14.334541850401624,14.157571531176304,14.272601057272931,244400
2015-01-15,14.24605655670166,14.423025186547267,14.192966136519383,14.307995661533324,306500
2015-01-16,13.98060131072998,13.98060131072998,13.812479685197152,13.874419631167815,548900
2015-01-20,14.210660934448242,14.369933872805102,14.131025309126773,14.316843455924124,604600
2015-01-21,14.688482284545898,14.70617965579852,14.52036063307444,14.591148430370703,966200
2015-01-22,15.13090705871582,15.148604430692597,14.945088028388234,15.033573200557834,1105000
2015-01-23,15.122056007385254,15.219389850318603,15.015873479847599,15.122056007385254,1129800
2015-01-26,15.64411449432373,15.688356223718671,15.51138761842512,15.529083297554818,616800
2015-01-27,15.414055824279785,15.467146244108282,15.263631561670703,15.396358455098948,372700
2015-01-28,15.422904014587402,15.644116059116278,15.414055330280572,15.458297064100762,497700
2015-01-29,15.360965728759766,15.369814413537002,15.175146723865904,15.307873620096347,1215900
2015-01-30,14.883145332336426,15.077813001802769,14.874296648477603,15.042418266367477,562100
2015-02-02,15.352119445800781,15.431755933540877,14.953937007100295,14.953937007100295,844200
2015-02-03,15.39635944366455,15.475995922377582,15.281329912031355,15.475995922377582,490300
2015-02-04,15.352119445800781,15.484846362796171,15.29902901654549,15.422907247379277,380200
2015-02-05,15.422904014587402,15.475994432714423,15.369813596460382,15.422904014587402,243500
2015-02-06,15.183995246887207,15.431753354868293,15.166297877521265,15.431753354868293,169400
2015-02-09,15.05126667022705,15.113205768372676,15.02472061914442,15.04241798653284,254200
2015-02-10,15.166298866271973,15.20169360731138,15.086662386647452,15.148603183466415,391500
2015-02-11,15.015872955322266,15.139752847741235,14.918540803502884,15.139752847741235,399000
2015-02-12,14.803507804870605,14.865446899731475,14.741568710009735,14.794659121645658,329000
2015-02-13,14.856602668762207,14.874298350791186,14.794661874661532,14.830056614147631,255300
2015-02-17,14.945086479187012,14.998178589613836,14.830056948690443,14.856603003903855,505800
2015-02-18,14.732725143432617,14.936239865145401,14.723876457134539,14.936239865145401,494800
2015-02-19,14.794663429260254,14.838906858266904,14.72387563056386,14.776967745371842,214600
2015-02-20,14.91854190826416,14.936237590451034,14.679632477743453,14.72387421478177,498600
2015-02-23,15.228235244750977,15.343266444788274,15.086659681408026,15.086659681408026,542100
2015-02-24,15.39635944366455,15.440602869457415,15.272481226872781,15.272481226872781,430300
2015-02-25,15.440603256225586,15.493693680792747,15.378662458564035,15.484844995412526,1093500
2015-02-26,15.352119445800781,15.44060461970248,15.352119445800781,15.352119445800781,277700
2015-02-27,15.405207633972168,15.52023884962442,15.405207633972168,15.52023884962442,337200
2015-03-02,15.529085159301758,15.537933843784353,15.440601689903795,15.440601689903795,290600
2015-03-03,15.352119445800781,15.467148990472968,15.272482958060683,15.467148990472968,249000
2015-03-04,15.148603439331055,15.21939123489135,15.068966958361449,15.148603439331055,364000
2015-03-05,15.03357219696045,15.157450417099568,15.015874826165097,15.157450417099568,483100
2015-03-06,14.821208000183105,15.024722690059614,14.785813260527672,14.945086213548965,303200
2015-03-09,15.095510482788086,15.166298274390181,14.945086214669372,15.060117430844077,249000
2015-03-10,14.803507804870605,14.971629410717078,14.785810438420711,14.785810438420711,221200
2015-03-11,14.90084457397461,15.04242015809247,14.874298519059726,14.909693258946238,980900
2015-03-12,15.086660385131836,15.148601173733242,14.998176919700525,15.148601173733242,362500
2015-03-13,15.13090705871582,15.16630011495509,15.00702714259267,15.13090705871582,1444600
2015-03-16,15.529085159301758,15.599872947448524,15.378660898525627,15.396358267490818,2469700
2015-03-17,15.617569923400879,15.679509025506366,15.175145836688595,15.414055248564578,3932700
2015-03-18,15.290178298950195,15.750298104222324,15.28132961396422,15.635268574832816,2157900
2015-03-19,16.511266708374023,16.511266708374023,16.32544940287585,16.334296399382858,1898000
2015-03-20,16.44047737121582,16.520113833977014,16.254660083248893,16.325447862623978,732400
2015-03-23,16.812114715576172,16.874053815546702,16.599751363799825,16.61744873170966,715700
2015-03-24,16.325448989868164,16.405085458128116,16.316600305871066,16.37853940613683,654600
2015-03-25,16.077695846557617,16.29890795138768,16.05999847311975,16.254666205507437,336700
2015-03-26,16.059993743896484,16.24581273484669,15.900720805286,15.900720805286,358800
2015-03-27,16.52012062072754,16.564362368119568,16.19272595179728,16.35199894275176,1024000
2015-03-30,16.599754333496094,16.63514738793369,16.475876111393216,16.546663907982605,419900
2015-03-31,16.785572052001953,16.812118109225224,16.697088570019524,16.80326942348413,444000
2015-04-01,16.87405776977539,16.87405776977539,16.723633482719485,16.767876912861983,838400
2015-04-02,17.15720558166504,17.21914468391143,16.98908564348596,17.095266479418644,515600
2015-04-06,17.325328826904297,17.36957056472573,17.086419392154674,17.09526807726178,363200
2015-04-07,17.316484451293945,17.38727226205344,17.307635763984692,17.343030513221706,597500
2015-04-08,17.953571319580078,18.19247905798979,17.856237474630234,17.935873950004822,567200
2015-04-09,18.732234954833984,18.94459830322746,18.369447357030904,18.378296040844866,1642900
2015-04-10,18.626056671142578,18.64375404279374,18.36060284723215,18.599512301380088,756200
2015-04-13,19.130416870117188,19.5993852880186,19.130416870117188,19.493204459997607,784200
2015-04-14,18.378297805786133,18.44908559538199,18.183630118612,18.289812646862803,628200
2015-04-15,17.91817855834961,18.006663728279367,17.829693388419848,17.980117670986168,513100
2015-04-16,18.27211570739746,18.378298238146268,18.139388809747004,18.280964392269368,1359100
2015-04-17,17.564233779907227,17.670414598670874,17.387263498349565,17.6261728721383,1836400
2015-04-20,17.564233779907227,17.58193114560573,17.351870454666244,17.351870454666244,463700
2015-04-21,18.236722946166992,18.298662053543065,18.139389098739393,18.139389098739393,345800
2015-04-22,18.608360290527344,18.643753344790337,18.44023864156411,18.449087327058407,1060000
2015-04-23,18.555265426635742,18.6083575317303,18.37829680612903,18.413689855144796,341900
2015-04-24,18.65260124206543,18.65260124206543,18.41369180695783,18.48447960020666,328400
2015-04-27,18.54642105102539,18.74108877283471,18.537574052501633,18.65260359816814,287900
2015-04-28,18.714542388916016,18.714542388916016,18.546420728742433,18.581815473079736,681300
2015-04-29,18.705692291259766,18.838420884794363,18.626055810224678,18.705692291259766,333800
2015-04-30,18.245573043823242,18.35175389677056,18.227875672427277,18.316360841692862,420500
2015-05-01,18.095144271850586,18.316356296260917,18.077446904846447,18.316356296260917,1092300
2015-05-04,18.192481994628906,18.219028053276865,18.02436201966815,18.15708893747929,382800
2015-05-05,17.785449981689453,18.050903778904516,17.741206557010887,18.050903778904516,245700
2015-05-06,17.57308578491211,17.8031465193441,17.519993677779645,17.732358730881487,362700
2015-05-07,17.635026931762695,17.635026931762695,17.511148709531092,17.56423913509975,421800
2015-05-08,17.86509132385254,17.86509132385254,17.626181828664894,17.750060076074245,270900
2015-05-11,18.006664276123047,18.219027677786976,17.99781559008943,18.165937249299564,341000
2015-05-12,17.7589054107666,17.873936636828475,17.7589054107666,17.811995837102884,456400
2015-05-13,18.535810470581055,18.71318732720695,18.455991054258508,18.55354849456186,849000
2015-05-14,18.562419891357422,18.60676326541537,18.526943838838033,18.589025239155674,466300
2015-05-15,18.651105880737305,18.677711225040227,18.571286464646406,18.615629832878653,261600
2015-05-18,18.526945114135742,18.562421169097117,18.44712568206405,18.553552155356773,442500
2015-05-19,18.41164779663086,18.535810582061096,18.402778784587117,18.526941570017353,768200
2015-05-20,18.181058883666992,18.20766592027443,18.04802708381204,18.05689609601452,442700
2015-05-21,18.08350372314453,18.092372736466267,17.87065247819685,17.977078946466353,311500
2015-05-22,18.349565505981445,18.39390887243914,18.154450633749192,18.216533715017363,504000
2015-05-26,18.021421432495117,18.287486744248334,18.003683406726655,18.14558422969187,351500
2015-05-27,18.118980407714844,18.24314321536245,17.93273450465205,18.24314321536245,308900
2015-05-28,17.799701690673828,17.879521117307537,17.702144237767897,17.81743971694605,668200
2015-05-29,17.7021427154541,17.870650567366624,17.675537369925014,17.737618764947747,248100
2015-06-01,17.71101188659668,17.95047014805196,17.666668515923256,17.870650727566865,583300
2015-06-02,17.914995193481445,17.941600538363407,17.78196170270724,17.914995193481445,752400
2015-06-03,18.163326263427734,18.181064293110317,17.959343996852873,18.14558823374515,500400
2015-06-04,17.950469970703125,18.14558316796612,17.888388575737224,18.14558316796612,217900
2015-06-05,17.799701690673828,17.799701690673828,17.60458847645326,17.773096342856785,550800
2015-06-08,17.613454818725586,17.835175038733347,17.604585806934352,17.808568003359643,296000
2015-06-09,17.728748321533203,17.81743674651736,17.560240483222408,17.693273966494147,220000
2015-06-10,17.75535774230957,17.764226755158823,17.47155609749839,17.640062266860504,567300
2015-06-11,17.83517837524414,17.861783724004,17.71988289198026,17.764227959232272,244400
2015-06-12,17.93273162841797,17.994814713875638,17.83517587730957,17.994814713875638,170100
2015-06-15,17.595720291137695,17.799702528091068,17.56911325047759,17.577982264030958,286500
2015-06-16,17.622323989868164,17.702141713528967,17.524766550873448,17.702141713528967,120600
2015-06-17,17.640064239501953,17.861784510753978,17.54250847043323,17.648933253343007,867100
2015-06-18,17.781965255737305,17.80857229752674,17.59572103798556,17.657802443902806,1079700
2015-06-19,17.657798767089844,17.773094232578455,17.595717374099557,17.64892975500679,730800
2015-06-22,17.941600799560547,18.003682193977046,17.861781380570438,17.861781380570438,620100
2015-06-23,18.181058883666992,18.198796908071948,18.05689609601452,18.092370453233322,646400
2015-06-24,18.686580657958984,18.757531063683526,18.580155895167724,18.589023215741072,486200
2015-06-25,18.491470336914062,18.61563314331722,18.455994282746662,18.580158780741186,418100
2015-06-26,18.118980407714844,18.438258132055985,18.110111394084104,18.278619269885414,2724300
2015-06-29,17.27644157409668,17.577981251170733,17.258703548012022,17.52476886450804,401800
2015-06-30,17.781965255737305,17.870653703443992,17.648933429972995,17.870653703443992,642300
2015-07-01,17.71101188659668,17.90612677737853,17.666668515923256,17.90612677737853,419400
2015-07-02,17.906129837036133,18.048030677347377,17.71988392688297,17.959342229254986,238300
2015-07-06,16.859609603881836,16.98377241428877,16.451643425758252,16.850740590053995,475600
2015-07-07,16.33634376525879,16.566932967238543,15.884034371943596,16.53145692466128,1333000
2015-07-08,15.254353523254395,15.431728704190567,15.227746484897919,15.316434921161616,1538200
2015-07-09,16.531461715698242,16.762050984505827,16.442774966734124,16.69110057037975,5167600
2015-07-10,17.019245147705078,17.161145958070836,16.850737301049083,17.116800897587105,2007300
2015-07-13,17.249834060668945,17.29417742872155,17.06358819334767,17.06358819334767,214000
2015-07-14,17.489290237426758,17.560240639728228,17.23209566343057,17.249833686903692,271000
2015-07-15,16.948293685913086,17.294176678167318,16.948293685913086,17.294176678167318,479800
2015-07-16,17.249834060668945,17.249834060668945,17.06358819334767,17.06358819334767,368400
2015-07-17,17.657798767089844,17.666667779172897,17.498159932777053,17.507028944860107,141400
2015-07-20,17.888385772705078,17.92386012501643,17.675534584064355,17.711008936375706,405000
2015-07-21,17.870649337768555,17.91499439658443,17.817436958780533,17.87951834953173,292300
2015-07-22,17.613454818725586,17.87064939430725,17.51589738061304,17.87064939430725,275800
2015-07-23,17.436080932617188,17.737620618458283,17.427211919317,17.515900360727553,238800
2015-07-24,17.081327438354492,17.338522036310433,17.019246042006202,17.338522036310433,1014300
2015-07-27,16.26539421081543,16.540326788609526,16.25652519971357,16.522588766405804,720300
2015-07-28,16.682228088378906,16.85073592123674,16.558065312373635,16.85073592123674,519100
2015-07-29,16.682228088378906,16.708835122490445,16.451638867518437,16.54032728963261,474500
2015-07-30,16.42503547668457,16.478247859639595,16.26539663622834,16.29200367350143,215600
2015-07-31,16.504858016967773,16.673364210111387,16.487119988765876,16.495989002866825,220800
2015-08-03,16.229921340942383,16.407298214492307,16.203315994023757,16.27426640512548,203100
2015-08-04,16.33634376525879,16.44277020139976,16.22105001006432,16.33634376525879,196000
2015-08-05,16.362953186035156,16.433903589956984,16.247657722417774,16.27426475823511,109400
2015-08-06,15.990464210510254,16.256527820089048,15.91951380184983,16.12349601529965,175900
2015-08-07,16.132368087768555,16.18558048145924,16.034810623009385,16.043679637223082,184700
2015-08-10,16.46051025390625,16.487117291856805,16.19444664076549,16.19444664076549,183400
2015-08-11,16.025938034057617,16.052545070763756,15.875168209238407,15.963856640001081,178800
2015-08-12,15.218875885009766,15.617972960780897,15.218875885009766,15.573627901477968,1207700
2015-08-13,16.398433685302734,16.487122146326826,16.31861423954022,16.42504073108747,308800
2015-08-14,16.45163917541504,16.487115221561034,16.309738374013033,16.32747639708603,930600
2015-08-17,16.26539421081543,16.27426322191729,15.97272361081761,16.167836780285857,1827100
2015-08-18,15.963854789733887,15.972723800941317,15.804215971182002,15.9372477561116,294800
2015-08-19,15.751005172729492,15.963856388248542,15.626842386574486,15.954987376153028,1224000
2015-08-20,15.210009574890137,15.413991809143662,15.201140561454157,15.307567031094583,688200
2015-08-21,14.7222261428833,15.006027815449206,14.633537697308604,14.94394641102434,1117900
2015-08-24,13.8264741897583,14.367472112286395,13.214525858668425,13.223394871187544,1545900
2015-08-25,15.210009574890137,15.688926150885036,15.094715783405077,15.34304139324716,1148200
2015-08-26,14.952814102172852,14.961683115105002,14.58032401697879,14.899600024579948,1382100
2015-08-27,15.493805885314941,15.493805885314941,15.01489116637801,15.02376017674972,857600
2015-08-28,15.032630920410156,15.121317651171452,14.926204475269257,14.99715487483287,487000
2015-08-31,14.943944931030273,15.032633367821589,14.855256494238958,14.970550277953805,493700
2015-09-01,14.261045455932617,14.527109061452805,14.20783307314681,14.491634703459317,483100
2015-09-02,14.589192390441895,14.589192390441895,14.367472151630261,14.544847327724861,399700
2015-09-03,14.802042007446289,14.881861420067882,14.633534170623928,14.748827937971232,299300
2015-09-04,14.278782844543457,14.527108414207348,14.128013023708492,14.527108414207348,263100
2015-09-08,14.943944931030273,15.05923871474512,14.633536248056288,14.828649455724195,465600
2015-09-09,14.872995376586914,15.325304907843144,14.872995376586916,15.174535064091067,1212100
2015-09-10,14.7222261428833,14.864126979166253,14.340867011026088,14.535980238017299,921200
2015-09-11,14.686749458312988,14.695618471649333,14.473898213014692,14.473898213014692,617800
2015-09-14,14.669012069702148,14.695617416209057,14.482766186197752,14.686748403509684,364000
2015-09-15,15.032630920410156,15.192268050735064,14.71335327657842,14.952811509452221,2234900
2015-09-16,15.724397659301758,15.751004694780935,15.44059604722137,15.44059604722137,2503900
2015-09-17,15.44946575164795,15.697793019146332,15.068106683971944,15.068106683971944,281000
2015-09-18,15.210009574890137,15.52928729222007,15.16566619930158,15.52928729222007,330800
2015-09-21,15.245484352111816,15.360778133943194,15.210008301338343,15.254353364805185,244900
2015-09-22,14.837515830993652,14.881860887301993,14.71335305651216,14.7488274099679,578800
2015-09-23,14.748830795288086,15.014896119435692,14.748830795288086,15.014896119435692,1189400
2015-09-24,14.952814102172852,14.961683115105002,14.633536402980441,14.722224840710695,706400
2015-09-25,14.864126205444336,15.21000926443087,14.828650152424531,14.961683659657487,516100
2015-09-28,14.606928825378418,14.85525610354483,14.509373069905804,14.85525610354483,296000
2015-09-29,14.65127182006836,14.713353207948073,14.527107352717984,14.642402808715408,555500
2015-09-30,14.970548629760742,15.006024677208002,14.677878004685043,14.677878004685043,446500
2015-10-01,15.210009574890137,15.254354642070044,15.006027340636614,15.014896354072594,1176500
2015-10-02,15.768745422363281,15.875170199346988,15.227747449323564,15.227747449323564,597000
2015-10-05,16.18558120727539,16.229924588740886,15.963860916764768,15.963860916764768,377400
2015-10-06,16.05254554748535,16.185577351784524,15.901775718188643,16.185577351784524,445100
2015-10-07,16.362953186035156,16.380689518322317,16.176707318495946,16.20331435431328,616000
2015-10-08,16.566932678222656,16.629014060059017,16.28313110891884,16.407293872591563,753800
2015-10-09,16.478246688842773,16.584673138782268,16.327476871523263,16.407296286080122,963100
2015-10-12,16.478246688842773,16.504853724225406,16.39842727428591,16.45163965346014,507200
2015-10-13,16.309738159179688,16.416164604624825,16.194444393905837,16.398426581785476,557000
2015-10-14,16.300872802734375,16.42503729885897,16.283136467509156,16.309741816142658,169900
2015-10-15,16.7531795501709,16.788655597902697,16.495984970479604,16.504853982412556,280000
2015-10-16,16.903949737548828,16.939425786052315,16.76204892671709,16.76204892671709,457200
2015-10-19,16.859609603881836,16.966034386633083,16.655627360615753,16.850740590053995,855000
2015-10-20,17.019245147705078,17.116800897587105,16.770917883769457,16.779786895866202,2126500
2015-10-21,16.92168617248535,17.134537368741597,16.92168617248535,16.992636571237433,2733000
2015-10-22,17.045848846435547,17.090193902637264,16.788654286829303,16.939424094733283,1117800
2015-10-23,17.498159408569336,17.498159408569336,17.347389590856345,17.427209005621517,1624700
2015-10-26,17.054719924926758,17.205489751105976,17.02811457957175,17.205489751105976,440400
2015-10-27,17.081327438354492,17.143408834702782,17.00150801688064,17.05472040066615,795800
2015-10-28,17.18775177001953,17.223227819370933,17.054719968134048,17.10793404216115,1063900
2015-10-29,16.841869354248047,16.966032148273957,16.770918944577353,16.966032148273957,285900
2015-10-30,16.735441207885742,16.762046548898095,16.673358131811586,16.726572197018005,562000
2015-11-02,17.010377883911133,17.090197309394487,16.788657633477655,16.806395659494235,573200
2015-11-03,17.32078742980957,17.391737845795017,17.152279557497376,17.205491946588626,223800
2015-11-04,17.356264114379883,17.560246376183187,17.267575659633184,17.409476510591272,462000
2015-11-05,17.373998641967773,17.533637490018762,17.249835845301998,17.533637490018762,568000
2015-11-06,17.551374435424805,17.631192162946284,17.409471930209282,17.56024175613409,967100
2015-11-09,17.249834060668945,17.427209224470428,17.11680057332901,17.427209224470428,563300
2015-11-10,17.365129470825195,17.436079881357617,17.205490624229437,17.35626045805974,1262500
2015-11-11,17.338525772094727,17.471559297608867,17.311920420265135,17.427214225240306,783500
2015-11-12,17.400606155395508,17.569112329300353,17.391737142307157,17.498161916184817,608800
2015-11-13,17.090192794799805,17.31191298666304,17.02811141173263,17.31191298666304,384200
2015-11-16,17.409469604492188,17.418338615607798,16.983767220488257,17.099062673400304,225200
2015-11-17,17.4715518951416,17.49815723569886,17.38286347957214,17.444944862993513,631800
2015-11-18,17.54250717163086,17.54250717163086,17.267572837687954,17.365130291125197,364800
2015-11-19,17.560243606567383,17.58685064627238,17.480424179043695,17.515900231983693,356900
2015-11-20,17.959339141845703,17.959339141845703,17.52476768165124,17.63119244779335,1894100
2015-11-23,17.870649337768555,17.96820677557245,17.835174982306885,17.941599740282925,1022600
2015-11-24,17.923864364624023,17.96820942999093,17.586850325791907,17.711013125636693,803400
2015-11-25,17.959339141845703,18.074632920431515,17.888388733887243,18.074632920431515,404500
2015-11-27,17.498159408569336,17.613454870603938,17.48929039675198,17.5602407996998,245500
2015-11-30,17.69327735900879,17.755358760923905,17.52476948838824,17.52476948838824,809800
2015-12-01,17.799701690673828,17.808570703809938,17.60458847645326,17.755358316584562,937000
2015-12-02,17.42721176147461,17.70214440492501,17.38286838696662,17.70214440492501,611800
2015-12-03,17.409469604492188,17.6577968409566,17.24983247918389,17.444945648954633,435700
2015-12-04,17.32078742980957,17.32965644325667,17.09906716840613,17.31191841636247,987000
2015-12-07,17.303049087524414,17.311918100809855,17.116803191712815,17.294180074238973,668500
2015-12-08,17.028112411499023,17.107931820583467,16.903947946483825,16.98376735556827,1165400
2015-12-09,17.116802215576172,17.294179087986883,17.072458843269104,17.072458843269104,841900
2015-12-10,17.063589096069336,17.232096948447783,17.063589096069336,17.232096948447783,389900
2015-12-11,16.504858016967773,16.85074110894742,16.504858016967773,16.85074110894742,411000
2015-12-14,16.770919799804688,16.779788812914695,16.584675599268362,16.62901897322712,672500
2015-12-15,17.090192794799805,17.15227417786698,16.91281596467289,16.91281596467289,775500
2015-12-16,17.52476692199707,17.569110290702252,17.311915707348252,17.365128088112684,758500
2015-12-17,17.311920166015625,17.40060861785869,17.27644410864179,17.40060861785869,944400
2015-12-18,17.356264114379883,17.44495256912658,17.232101292689453,17.44495256912658,371900
2015-12-21,17.303049087524414,17.356261475645734,17.143410231569135,17.338523449074852,742200
2015-12-22,17.365129470825195,17.462686919653986,17.205490624229437,17.205490624229437,732800
2015-12-23,17.586851119995117,17.60458914694291,17.39173789834345,17.427212260647682,377900
2015-12-24,17.45381736755371,17.49816073841953,17.3917359717051,17.471555392536505,63000
2015-12-28,17.311920166015625,17.33852551745448,17.0724618535168,17.303051151672165,130500
2015-12-29,17.409469604492188,17.427207626723412,17.294175843171047,17.294175843171047,618300
2015-12-30,17.232097625732422,17.32078606160639,17.205490587492864,17.214359600239383,254700
2015-12-31,17.400606155395508,17.436080516157634,17.303048703014916,17.373999116130452,382600
2016-01-04,16.966028213500977,17.08132365972095,16.78865307625681,16.966028213500977,469100
2016-01-05,16.92168617248535,17.054717958696635,16.797523397566945,16.930555183778228,170300
2016-01-06,16.549198150634766,16.59354152085244,16.433904373114125,16.531460125911238,333400
2016-01-07,15.884035110473633,16.1412313563447,15.884035110473633,16.00819788208538,548200
2016-01-08,15.937249183654785,16.256526849357137,15.928380171652934,16.256526849357137,1168100
2016-01-11,15.70666217803955,15.946120461339419,15.617975428602252,15.751007244349516,496200
2016-01-12,15.742136001586914,15.804217394037194,15.600235192674544,15.653447573118914,403400
2016-01-13,15.289826393127441,15.910643694896283,15.280957381206052,15.742135851571987,1863300
2016-01-14,15.600234031677246,15.662315419507316,15.298694412281806,15.396251845495316,784700
2016-01-15,15.156795501708984,15.298696317734592,15.023763698133871,15.236614922172283,433800
2016-01-19,15.70666217803955,16.01707087584405,15.564761349030293,15.954989474601412,906100
2016-01-20,15.254353523254395,15.351909280712361,14.86412541864886,15.23661549768341,647800
2016-01-21,15.360776901245117,15.529284745713996,15.210007080739503,15.245483128666033,364000
2016-01-22,16.07028579711914,16.07028579711914,15.919515946951114,15.919515946951114,938800
2016-01-25,16.229921340942383,16.407298214492307,16.203315994023757,16.345216816227204,1064400
2016-01-26,16.442771911621094,16.522589632540186,16.08801821531362,16.08801821531362,360800
2016-01-27,15.981595993041992,16.158971177721643,15.875169528961193,16.017070353341417,391900
2016-01-28,16.21218490600586,16.283135316666208,16.09688943143828,16.105758444219727,664800
2016-01-29,16.620147705078125,16.62901671698478,16.407296494091646,16.49598492156711,455600
2016-02-01,16.655630111694336,16.673366450688178,16.49599121960783,16.54033460447999,597400
2016-02-02,16.31861114501953,16.504857047011228,16.31861114501953,16.504857047011228,917100
2016-02-03,16.194448471069336,16.194448471069336,15.83082736927112,16.052547635811077,1978200
2016-02-04,16.150102615356445,16.336348509796515,16.0348088266774,16.141235293727625,1341000
2016-02-05,15.9993314743042,16.345214467269628,15.963855428055954,16.345214467269628,1177200
2016-02-08,15.591368675231934,15.963858781121761,15.476074883890691,15.857432311614092,650700
2016-02-09,15.307565689086914,15.653448724810026,15.227746266752165,15.360778073446346,1118800
2016-02-10,15.511548042297363,15.644579850165126,15.440597631995143,15.520417055034043,974800
2016-02-11,15.289826393127441,15.289826393127441,15.041499134101695,15.165663609410098,1006100
2016-02-12,15.387386322021484,15.413991670498772,15.183404089602728,15.413991670498772,984600
2016-02-16,15.857430458068848,15.96385691513653,15.662317260301103,15.866299470457083,421400
2016-02-17,16.079153060913086,16.132367143079122,15.901777861800486,15.954990252375126,910800
2016-02-18,16.079153060913086,16.29200600639444,16.079153060913086,16.141236156773463,1982200
2016-02-19,16.05254554748535,16.141233980881857,15.990464151585149,15.999333164083916,248600
2016-02-22,16.371824264526367,16.380693278501354,16.05254821938404,16.371824264526367,591800
2016-02-23,15.97272777557373,16.185579022744896,15.963858762159347,16.176710009330513,712100
2016-02-24,16.043676376342773,16.043676376342773,15.653448288211525,15.963856956234311,308100
2016-02-25,15.990464210510254,16.034807581576327,15.795349318000707,15.830825368126506,866100
2016-02-26,16.256526947021484,16.318608339816336,16.141233173486913,16.24765793496635,379600
2016-02-29,16.274269104003906,16.354088541179276,16.14123727257546,16.229924032466748,256500
2016-03-01,16.912818908691406,16.966031290355847,16.451640423356633,16.46937844777515,1201300
2016-03-02,16.957168579101562,16.957168579101562,16.77979166988333,16.850742095252308,328000
2016-03-03,16.92168617248535,16.9660295373588,16.762047352395435,16.77091636368831,319700
2016-03-04,17.045848846435547,17.08132489139692,16.80639230930999,16.948293105973626,546600
2016-03-07,16.7531795501709,16.84186797790933,16.425034566607067,16.602409730492877,404700
2016-03-08,16.531461715698242,16.71770761002377,16.495987354430856,16.71770761002377,205800
2016-03-09,16.540328979492188,16.602410373837433,16.495985609700192,16.59354136156081,520700
2016-03-10,16.549198150634766,16.832999779846627,16.318608904002343,16.58467420008182,508800
2016-03-11,17.107934951782227,17.107934951782227,16.717706846124234,16.85073865508296,524500
2016-03-14,17.46268653869629,17.498160897393,17.125670827326033,17.125670827326033,360700
2016-03-15,17.240966796875,17.320786220735766,17.12567132170223,17.320786220735766,306400
2016-03-16,17.356264114379883,17.427214539858927,17.090200441731366,17.24097030732328,656300
2016-03-17,18.056896209716797,18.092370567158977,17.44494789662132,17.44494789662132,822200
2016-03-18,18.19879722595215,18.322960015773383,18.065765423773517,18.11010879396935,999900
2016-03-21,18.065765380859375,18.22540252813984,18.065765380859375,18.198797182721997,1293300
2016-03-22,18.252010345458984,18.278617383605468,18.06576615320723,18.269748370889975,929500
2016-03-23,18.207664489746094,18.278614890200423,18.11897606628044,18.136714089291765,1062800
2016-03-24,17.994813919067383,18.181058092440882,17.91499450430987,18.181058092440882,389400
2016-03-28,18.24314308166504,18.252012095230782,17.914998037689397,17.914998037689397,424300
2016-03-29,18.23427391052246,18.24314292401156,17.852914788447986,18.003684634579958,260300
2016-03-30,18.136714935302734,18.30522108699759,18.02141947194198,18.30522108699759,871900
2016-03-31,18.127845764160156,18.154451108093525,18.021419313653553,18.021419313653553,1428700
2016-04-01,18.23427391052246,18.26974996447886,17.888390842404384,18.039160688536352,215100
2016-04-04,18.163326263427734,18.32296514738775,18.154457248586443,18.225407675725158,611200
2016-04-05,17.728748321533203,17.932730514883055,17.719879309875687,17.799698723202326,556000
2016-04-06,18.33182716369629,18.33182716369629,18.003680506211353,18.056894574943595,771400
2016-04-07,18.287487030029297,18.438256868234845,18.18992957836945,18.438256868234845,450600
2016-04-08,18.19879722595215,18.429386472470974,18.18105920123736,18.18105920123736,347100
2016-04-11,18.19879722595215,18.37617239832661,18.163321176522572,18.358436065202962,312800
2016-04-12,18.420515060424805,18.482596447247918,18.163318810339426,18.287483275576573,421600
2016-04-13,18.952646255493164,18.988120613135205,18.757531367892973,18.757531367892973,593200
2016-04-14,18.890560150146484,18.961510545682035,18.757528369966188,18.91716718281889,373500
2016-04-15,18.7752685546875,18.828480934571594,18.71318716289088,18.7752685546875,220800
2016-04-18,19.08568000793457,19.112285355988,18.89943411360402,18.952648192893495,481500
2016-04-19,18.97038459777832,18.98812262427364,18.85509080874136,18.899434183388347,319900
2016-04-20,18.695451736450195,18.784140176305996,18.44712444317221,18.65110836231794,920600
2016-04-21,18.44712257385254,18.686580829720562,18.402779204213772,18.464860598344494,290700
2016-04-22,18.464862823486328,18.615632666654495,18.35843804689193,18.35843804689193,175100
2016-04-25,18.154449462890625,18.340695311501342,18.1278441213683,18.154449462890625,524800
2016-04-26,18.420515060424805,18.447120402439896,18.349564662399686,18.438253082828815,367500
2016-04-27,18.27861976623535,18.27861976623535,18.127849913601416,18.20766934685417,238200
2016-04-28,18.269746780395508,18.46485996837695,18.207665388382825,18.207665388382825,251900
2016-04-29,18.00368309020996,18.252010371828955,17.87952029519607,18.252010371828955,367200
2016-05-02,18.056896209716797,18.110108591675626,17.923862717433035,18.074632542642327,433700
2016-05-03,17.507030487060547,17.702143695302055,17.480423448467562,17.524768512789205,561500
2016-05-04,17.373998641967773,17.489292425787244,17.33852259058256,17.42721102745436,518800
2016-05-05,17.391733169555664,17.577977327093908,17.329651783709583,17.53363396337268,373300
2016-05-06,17.622323989868164,17.631191310148548,17.409471088135867,17.436078123750164,153600
2016-05-09,17.515897750854492,17.808568379787406,17.515897750854492,17.808568379787406,513700
2016-05-10,17.844045639038086,17.861781972608444,17.675537783185785,17.702143129336918,443100
2016-05-11,17.80857276916504,17.879523190891135,17.702146290780153,17.737622347438943,354700
2016-05-12,17.56911277770996,17.773096700765695,17.524769402727724,17.60458883096881,307500
2016-05-13,17.56911277770996,17.737620647506848,17.48042433615416,17.675539245895184,445100
2016-05-16,18.33182716369629,18.358434198062408,18.030287540577472,18.092368929174118,654100
2016-05-17,18.44712257385254,18.491467635082426,18.367303155229862,18.37617216747584,842300
2016-05-18,18.012163162231445,18.41243413335214,17.77200057955903,18.385748836421875,2430400
2016-05-19,17.789791107177734,17.941004399451412,17.75421071061137,17.896530600310143,770700
2016-05-20,18.163373947143555,18.234533032578767,17.967686886338328,17.967686886338328,586400
2016-05-23,18.234535217285156,18.305694311246043,18.065531732915566,18.065531732915566,309200
2016-05-24,18.6614933013916,18.714863904355173,18.341278166444905,18.341278166444905,546300
2016-05-25,18.901653289794922,18.946127089497168,18.670385798896486,18.670385798896486,884600
2016-05-26,18.794912338256836,18.874966528768113,18.75043854200238,18.857178028206278,1430900
2016-05-27,19.568769454956055,19.666613845132154,19.390870872193442,19.399765970988234,928200
2016-05-31,19.835617065429688,19.906776164361837,19.559875769138444,19.568770868575804,1648600
2016-06-01,19.47981834411621,19.550977431261515,19.408659256970907,19.524293833936063,1395800
2016-06-02,19.49761390686035,19.542087712355382,19.364190793808334,19.453140101365324,566400
2016-06-03,19.63992691040039,19.684400704097765,19.444239842938877,19.444239842938877,1211200
2016-06-06,20.049095153808594,20.102464051457034,19.853406368153202,19.853406368153202,1174300
2016-06-07,20.280359268188477,20.342624956298966,20.129145990196054,20.129145990196054,427900
2016-06-08,20.155832290649414,20.280360279949882,20.14693719190415,20.280360279949882,210200
2016-06-09,20.049095153808594,20.06688365531363,19.969040959052602,19.995724559593487,395500
2016-06-10,19.871196746826172,19.92456564495966,19.80003765045929,19.808932749575987,932000
2016-06-13,19.257450103759766,19.39976830849131,19.230766500726865,19.31081900639239,964500
2016-06-14,19.124025344848633,19.23965823997931,19.026180951345744,19.230764837448756,681700
2016-06-15,19.684402465820312,19.862301049664403,19.66661396468921,19.711087762366915,1162000
2016-06-16,19.550979614257812,19.55987471321498,19.150710340585192,19.390871226162105,520000
2016-06-17,19.337501525878906,19.435345913777514,19.2396571379803,19.399765519426538,1034900
2016-06-20,19.58656120300293,19.79114340177787,19.568771004005086,19.631035003930783,920000
2016-06-21,19.764453887939453,19.817824473550164,19.586557025602932,19.73777029170049,1162700
2016-06-22,20.18251609802246,20.395993362460754,20.164725901844314,20.3426244704928,685100
2016-06-23,20.538312911987305,20.591681807523614,20.271466737739168,20.34262583064311,1138900
2016-06-24,19.71108627319336,20.057986619257704,19.639927184345122,19.639927184345122,1690100
2016-06-27,19.141817092895508,19.346399298996214,18.94612829004543,19.337504199178774,995500
2016-06-28,19.702194213867188,19.73777461206245,19.506507113493537,19.62214001449461,1181800
2016-06-29,19.96904182434082,19.98683032661666,19.880092526694668,19.880092526694668,733000
2016-06-30,20.431575775146484,20.458261074268272,20.129149171366738,20.146939370781265,937600
2016-07-01,20.440467834472656,20.573890917102222,20.369308743965785,20.41378423588667,643900
2016-07-05,20.102462768554688,20.21809565550794,20.01351348043942,20.129146367392675,372600
2016-07-06,20.12025260925293,20.12025260925293,19.800035856334183,19.844509651321108,605900
2016-07-07,20.093568801879883,20.262572289161547,20.066883504972257,20.235886992253917,1378900
2016-07-08,20.671737670898438,20.68063277030163,20.262573277752033,20.262573277752033,389400
2016-07-11,20.77847671508789,20.805160316150168,20.582787925608788,20.627263421657084,498200
2016-07-12,20.920793533325195,20.97416242850632,20.769580249839855,20.947477132632464,573300
2016-07-13,20.76068687438965,20.92969036915182,20.6717375773271,20.92969036915182,305600
2016-07-14,21.18764305114746,21.22322345126378,21.00085104023735,21.2143283512347,480200
2016-07-15,21.152063369750977,21.29438157050326,21.12537807089738,21.267696271649662,241500
2016-07-18,21.134273529052734,21.241011333144336,21.027534028394324,21.169852231561,714900
2016-07-19,21.0008487701416,21.17874566179279,20.938584773235352,21.17874566179279,311300
2016-07-20,21.276586532592773,21.436694896169293,21.116478169016254,21.26769143499781,1110500
2016-07-21,21.063112258911133,21.21432554627837,21.04532206120519,21.21432554627837,227800
2016-07-22,21.356645584106445,21.40111938565574,21.160958482096056,21.24101098557143,791800
2016-07-25,21.329959869384766,21.61459626551121,21.294381168152334,21.516753564696963,385900
2016-07-26,21.44559097290039,21.454486070901474,21.232113710573817,21.33885149345387,351800
2016-07-27,21.57012367248535,21.7035467785688,21.427805466454096,21.57012367248535,383300
2016-07-28,21.525646209716797,21.632383997810223,21.481170717539076,21.49006581597462,381900
2016-07-29,21.525646209716797,21.525646209716797,21.32995743726793,21.418906725056818,344000
2016-08-01,21.2676944732666,21.303274868729403,21.080902486786787,21.21432557663903,1014100
2016-08-02,21.08979606628418,21.25879955301921,21.000848470013096,21.12537646204593,558300
2016-08-03,20.93858528137207,21.03642798035633,20.725106291703266,20.88521468567151,414900
2016-08-04,21.072006225585938,21.080901323960983,20.929688044718286,20.965266741651927,175600
2016-08-05,21.285484313964844,21.32995811098073,21.16984972721697,21.32995811098073,444600
2016-08-08,21.561227798461914,21.712441099012228,21.43669979679699,21.57901799771884,638700
2016-08-09,21.632383346557617,21.69464733716539,21.472274972671062,21.641278444725373,180500
2016-08-10,21.49006462097168,21.59680409969617,21.481169523030765,21.49006462097168,277200
2016-08-11,21.74802017211914,21.78359887189791,21.570121583525253,21.6057019798707,441100
2016-08-12,21.498958587646484,21.605698060754392,21.445589699375716,21.445589699375716,372300
2016-08-15,21.952600479125977,22.121603954142657,21.792492102432966,21.925915184154967,629200
2016-08-16,22.326187133789062,22.566349709670565,22.192764046043763,22.459610221534362,1047400
2016-08-17,23.313522338867188,23.34910273834436,22.815408622154553,23.224574733307907,973500
2016-08-18,23.518104553222656,23.5447881543468,23.34910106098069,23.411365059025968,729800
2016-08-19,23.27794075012207,23.29573094765515,23.037778173125293,23.144517661757178,557400
2016-08-22,23.322416305541992,23.455841100531693,23.260152306049065,23.35799670329038,537000
2016-08-23,23.27794075012207,23.526998425885388,23.242360355055904,23.482522932052678,398800
2016-08-24,22.975513458251953,23.117831640923,22.93103966237971,23.10004144394748,456200
2016-08-25,22.877674102783203,22.9132545045592,22.726460788369085,22.726460788369085,279200
2016-08-26,22.96662139892578,23.27794310092821,22.859883596081215,23.073360898337135,695500
2016-08-29,23.1356201171875,23.188989007578193,23.011092140753735,23.10003972588275,414700
2016-08-30,23.518104553222656,23.589263650498218,23.34910106098069,23.45584055517738,412400
2016-08-31,23.02888298034668,23.277940655093257,22.94882878834123,23.19788646308781,374800
2016-09-01,23.091148376464844,23.30462736581474,23.06446477522114,23.30462736581474,834100
2016-09-02,23.349103927612305,23.384684328901738,23.224575916233118,23.28683992192271,450600
2016-09-06,24.576595306396484,24.72780859644484,24.50543621087765,24.59438550441786,1026900
2016-09-07,24.389802932739258,24.612175314804144,24.300853640599975,24.612175314804144,571000
2016-09-08,24.549907684326172,24.68333075449666,24.443168210249947,24.549907684326172,904600
2016-09-09,24.034006118774414,24.46096066132336,23.98063552853089,24.46096066132336,691100
2016-09-12,24.122955322265625,24.158534019071347,23.491416912440364,23.50031201078343,880100
2016-09-13,23.687108993530273,23.98953561485858,23.491421878315972,23.87390270508806,570700
2016-09-14,23.847213745117188,24.08737632459613,23.83831864625871,23.95395323485226,345700
2016-09-15,24.549907684326172,24.63885696329529,24.41648461415568,24.52322239166552,1933600
2016-09-16,24.34532928466797,24.585490169384308,24.327539086817385,24.541016371324485,1029700
2016-09-19,24.051801681518555,24.211908398269575,24.051801681518555,24.176329693402767,898800
2016-09-20,23.927268981933594,24.069587176743557,23.927268981933594,24.0162182778315,1794900
2016-09-21,24.398698806762695,24.407593905915885,24.08737712266776,24.229695315985442,2434100
2016-09-22,24.77228355407715,24.790073751712576,24.55880627215192,24.603280069673858,1725100
2016-09-23,24.959074020385742,25.119182396226137,24.914600225570755,25.056918404858543,1470300
2016-09-26,24.4075927734375,24.549910960151813,24.380907477216084,24.50543546644946,948200
2016-09-27,24.683334350585938,24.79896724249576,24.505435766729835,24.656649054037533,998500
2016-09-28,25.02134132385254,25.07471192057507,24.68333602744358,24.950182224789245,1030200
2016-09-29,24.781179428100586,25.03913051561699,24.781179428100586,24.99465671670382,1245000
2016-09-30,24.798967361450195,24.816757559234468,24.68333446898571,24.781178860232565,1355400
2016-10-03,24.86123275756836,25.01244604380026,24.781178565059317,25.01244604380026,620700
2016-10-04,24.781179428100586,25.03023541652102,24.692230133707568,25.03023541652102,1033600
2016-10-05,24.923498153686523,25.110290148997855,24.781179958239782,25.110290148997855,498100
2016-10-06,24.843441009521484,24.985759188085147,24.781177018470697,24.976864089854104,848600
2016-10-07,24.692230224609375,24.88791731574107,24.621071128146333,24.825653318406744,441900
2016-10-10,24.91459846496582,24.994652647228943,24.638857224151963,24.85233447799815,440100
2016-10-11,24.46985626220703,24.781177925421353,24.416487367434073,24.772282826864764,796300
2016-10-12,24.327539443969727,24.54991183066677,24.318644344913846,24.469857635730502,603800
2016-10-13,23.882793426513672,24.042901808046114,23.80273923574745,24.025111610861046,1031000
2016-10-14,24.04290199279785,24.12295618417923,23.989531400832536,24.087375789535688,982600
2016-10-17,23.980634689331055,24.14074306132557,23.89168710183764,24.00731998351897,701300
2016-10-18,24.300853729248047,24.469857215272533,24.140745342126603,24.300853729248047,533200
2016-10-19,24.30974769592285,24.443170780120987,24.25637880155691,24.30974769592285,561300
2016-10-20,24.60327911376953,24.638859507657987,24.38090674166636,24.612174212241644,525600
2016-10-21,24.56770133972168,24.61217513718705,24.47875204822431,24.594384939574255,527600
2016-10-24,24.692230224609375,24.798968021020595,24.638861326403763,24.763389321072417,604000
2016-10-25,24.549907684326172,24.763384935912228,24.47874860046415,24.62106676818819,616400
2016-10-26,24.22969627380371,24.460963771228794,24.22969627380371,24.38980467175698,617900
2016-10-27,24.025114059448242,24.354224258081274,24.01621895994914,24.291960258154308,357000
2016-10-28,23.704898834228516,24.034010751232405,23.66042503035331,23.793848138545798,561100
2016-10-31,23.598155975341797,23.731579054976354,23.58926087715729,23.660419966066822,631500
2016-11-01,23.518104553222656,23.82053114078546,23.429155257486535,23.784950743864325,739900
2016-11-02,23.27794075012207,23.526998425885388,23.19788655778981,23.464732734519597,1730500
2016-11-03,23.073360443115234,23.26904754218069,23.011096443256534,23.242362243712638,1062900
2016-11-04,22.673086166381836,23.70489380582972,22.610822175537542,22.76203545183076,804700
2016-11-07,23.535890579223633,23.633734963897155,23.144516433662595,23.393572399643887,1520600
2016-11-08,23.704898834228516,23.856112142597837,23.54479042577078,23.58037082612444,1249200
2016-11-09,23.349103927612305,23.52700254092564,23.162311910543522,23.411367933301896,1182600
2016-11-10,23.393571853637695,23.79384278471748,23.21567498159839,23.79384278471748,1409900
2016-11-11,22.548559188842773,22.619718281057523,22.352870412827283,22.59303298526452,2093400
2016-11-14,21.863649368286133,22.308394067963693,21.70354100495159,22.032652829202195,1306100
2016-11-15,22.459611892700195,22.539666090617338,21.934812904828593,21.997076903971543,1668800
2016-11-16,22.21944808959961,22.708668349862517,21.792493521657416,22.361766278913674,1073000
2016-11-17,22.326187133789062,22.548559512220095,22.21944764565286,22.255028040553796,656700
2016-11-18,22.441818237304688,22.46850353135575,22.29060496414826,22.370659149734983,575000
2016-11-21,22.335081100463867,22.343976198738254,22.174972724657938,22.19276292120671,768900
2016-11-22,22.486297607421875,22.539666508166388,22.441822109662475,22.512981209510748,607900
2016-11-23,22.094921112060547,22.14829001136084,22.05934071481587,22.14829001136084,807000
2016-11-25,22.05933952331543,22.33508249736768,21.81028354232195,22.07712972097686,545900
2016-11-28,22.23723602294922,22.62861185199174,22.192762229529908,22.201655630960595,576900
2016-11-29,22.23723602294922,22.584136362005957,22.086022750130507,22.139391641546972,1039100
2016-11-30,22.18387222290039,22.3617691339728,22.16608202282309,22.281714930191814,751400
2016-12-01,21.99707794189453,22.299504549058778,21.934813939813683,22.246135646784737,1230800
2016-12-02,21.605701446533203,21.863652527403467,21.58791124879963,21.810283630769383,1386400
2016-12-05,21.899234771728516,21.970393872103827,21.596808170991746,21.756914874411112,581500
2016-12-06,21.659069061279297,21.934810323563436,21.61459356957764,21.7924921432512,960200
2016-12-07,21.934810638427734,21.9703910322998,21.685752971022943,21.899231941122228,665100
2016-12-08,21.74802017211914,22.10381565274024,21.70354467668733,22.10381565274024,739200
2016-12-09,21.74802017211914,21.828074367329723,21.570121583525253,21.78359887189791,1208800
2016-12-12,21.18764305114746,21.338856358508107,21.143169247568917,21.285487454900483,1164500
2016-12-13,21.58791160583496,21.65907070137949,21.258799728587334,21.285485025629033,1326600
2016-12-14,21.241012573242188,21.596809798497915,21.21432896894484,21.543439196769413,1359800
2016-12-15,21.054214477539062,21.205427745640208,20.911896307157566,21.063109575258707,971900
2016-12-16,20.82295036315918,21.09869165038681,20.742896167421048,21.04532275208362,852500
2016-12-19,20.689529418945312,20.903006730906977,20.680634318876052,20.849637827058277,699100
2016-12-20,20.91189956665039,20.991953762038662,20.769581374086062,20.94747826650813,1070000
2016-12-21,20.947479248046875,20.983059646138493,20.858531645951352,20.920795646044922,787700
2016-12-22,20.582786560058594,20.79626383722732,20.53831276352758,20.733999843457262,1169300
2016-12-23,20.55610466003418,20.636158857660945,20.458260263697753,20.60947355959645,679800
2016-12-27,20.609468460083008,20.618363557236876,20.502728990802876,20.573888071467525,487600
2016-12-28,20.93858528137207,21.152062574474158,20.89410978495494,21.03642798035633,639500
2016-12-29,21.66796875,21.730232755006476,21.481175038413674,21.49007013863844,863600
2016-12-30,21.543437957763672,21.7924956618055,21.490069055671427,21.7924956618055,632900
2017-01-03,21.74802017211914,21.828074367329723,21.570121583525253,21.659070877822195,802200
2017-01-04,21.83696746826172,21.86365276515226,21.65907057869142,21.774703472083782,977800
2017-01-05,22.30839729309082,22.397346585199017,22.19276440094681,22.30839729309082,805500
2017-01-06,22.415138244628906,22.548561343208426,22.290608548930173,22.53077114431336,745600
2017-01-09,22.486297607421875,22.50408610995887,22.34397940772533,22.50408610995887,455300
2017-01-10,23.046674728393555,23.23346842116267,22.4329264472475,22.54856104195379,2412300
2017-01-11,23.091148376464844,23.15341407135581,23.01998927887045,23.135623872815536,1066300
2017-01-12,22.83319854736328,22.93104294818227,22.735354146544292,22.93104294818227,894700
2017-01-13,22.948827743530273,23.10893612025178,22.815404661784527,22.815404661784527,248300
2017-01-17,22.726457595825195,22.815406891202926,22.68198379641968,22.815406891202926,423700
2017-01-18,22.886568069458008,23.037781376381226,22.797618765991377,22.993307572931336,490000
2017-01-19,22.78872299194336,23.028883880783468,22.681983499573676,22.904355886824398,823800
2017-01-20,22.637510299682617,22.77093339624976,22.548561003115616,22.681984099682758,694600
2017-01-23,22.77092933654785,22.81540312861901,22.59303077513039,22.66418986038409,559600
2017-01-24,22.91324806213379,23.108935127180427,22.859879171042245,22.92214316007679,829000
2017-01-25,23.23346519470215,23.277938988602763,23.01998623359305,23.01998623359305,778400
2017-01-26,23.58036994934082,23.624843751562366,23.38468284437248,23.50921084784626,882200
2017-01-27,23.384679794311523,23.571471775158937,23.37578469571404,23.446943787927328,1245800
2017-01-30,23.295730590820312,23.393573282620324,23.206781301084,23.349099486035463,360100
2017-01-31,23.295730590820312,23.349099486035463,23.206781301084,23.286835492190022,391000
2017-02-01,23.78495216369629,23.838321065697116,23.44694685560199,23.838321065697116,1132800
2017-02-02,23.713790893554688,23.82942548330967,23.5714727035229,23.5714727035229,765900
2017-02-03,23.63373565673828,23.6871045515036,23.526997867207633,23.615945459627646,451500
2017-02-06,23.722686767578125,23.962849357315932,23.571473473658028,23.633737471760412,294100
2017-02-07,23.446945190429688,23.70489627891999,23.40246969478192,23.70489627891999,358200
2017-02-08,23.402469635009766,23.4380500314371,23.26904654154061,23.34910073693544,562000
2017-02-09,23.553682327270508,23.57147252503143,23.429154336077325,23.500313430554378,352900
2017-02-10,23.375782012939453,23.411360706679535,23.260147441009806,23.28683273373966,463200
2017-02-13,23.420257568359375,23.47362646127264,23.349098478952847,23.393572273619483,491800
2017-02-14,23.349103927612305,23.349103927612305,23.153416810221167,23.340208827289946,437800
2017-02-15,23.77605628967285,23.820531787030873,23.45584119152883,23.615947892317465,988200
2017-02-16,24.220796585083008,24.380904952699876,23.927265143307565,24.149637499094005,609700
2017-02-17,24.30974769592285,24.318642794411602,24.149639316258465,24.211903309113158,329500
2017-02-21,24.34532928466797,24.34532928466797,24.069586307683814,24.122956901235575,756000
2017-02-22,24.44317054748535,24.63885931924229,24.43427544908126,24.612174024030015,1240000
2017-02-23,24.46095848083496,24.73669971958033,24.41648468949636,24.62106684416014,915500
2017-02-24,24.114063262939453,24.300855261984978,23.980638467544935,24.140746864764957,502600
2017-02-27,24.087379455566406,24.105169655595795,24.0162203520157,24.06069415552232,272900
2017-02-28,23.624841690063477,23.909478071204404,23.580367891722705,23.749371379237626,729900
2017-03-01,23.95395278930664,24.016216783591222,23.793844405965377,23.95395278930664,727100
2017-03-02,23.544788360595703,23.704896755009912,23.544788360595703,23.704896755009912,748700
2017-03-03,23.8027400970459,23.945058286543034,23.776054800302692,23.8205302948747,605400
2017-03-06,24.007322311401367,24.096271604086276,23.838318824956705,23.86500412173217,535500
2017-03-07,24.265275955200195,24.33643505257048,24.060692065764766,24.060692065764766,839000
2017-03-08,24.194116592407227,24.37201348559795,24.149641096684526,24.37201348559795,855700
2017-03-09,23.865001678466797,24.034005147609122,23.722683503367936,23.9539509620452,1178700
2017-03-10,24.35422134399414,24.389801737733205,24.238588457475284,24.26527375277958,563000
2017-03-13,24.6744384765625,24.692228673702537,24.567700686855424,24.66554337799248,881600
2017-03-14,24.46985626220703,24.65664824219568,24.380906973207715,24.65664824219568,851600
2017-03-15,24.77228355407715,24.923496840845015,24.44317168408828,24.487647178176843,1791400
2017-03-16,25.368244171142578,25.439403272323293,25.305980169680307,25.3504539717057,1250400
2017-03-17,25.412717819213867,25.51945731862169,25.403822719549318,25.43940311820752,732100
2017-03-20,26.29330825805664,26.337783749496378,26.106516283709315,26.106516283709315,1319800
2017-03-21,25.901935577392578,26.346680337538583,25.795196088468227,26.275521243777888,1718400
2017-03-22,25.697351455688477,25.830776239725715,25.305977291983496,25.501664373835986,1602700
2017-03-23,25.6795654296875,25.732934330505817,25.403822432898206,25.5728259314841,953600
2017-03-24,25.812986373901367,25.884145467904244,25.74182727989849,25.786301077437802,629800
2017-03-27,25.85746192932129,25.92862102816181,25.617299334522002,25.732933930492063,934000
2017-03-28,26.231046676635742,26.35557467097521,25.884146294366268,25.884146294366268,1174500
2017-03-29,26.16878318786621,26.266627583357646,26.088728990930804,26.257732484079632,981300
2017-03-30,25.86635971069336,25.973099218304768,25.8307810058675,25.937518816911993,663200
2017-03-31,25.67066764831543,25.795195636071014,25.590613457167812,25.795195636071014,666000
2017-04-03,25.84856414794922,25.937513436412527,25.732931260543516,25.821880549006824,856500
2017-04-04,25.98198890686035,26.035359501317927,25.79519691595886,25.79519691595886,650700
2017-04-05,26.14209747314453,26.33778626100676,26.07093837662191,26.29331076532594,1300900
2017-04-06,26.257732391357422,26.257732391357422,26.106519097298587,26.106519097298587,907800
2017-04-07,26.079830169677734,26.150989257179685,25.9641972886995,26.1243056597205,983200
2017-04-10,25.973093032836914,26.070935720232065,25.90193394356475,26.070935720232065,616600
2017-04-11,25.768510818481445,25.946409401348657,25.670668124814437,25.89304050511514,711200
2017-04-12,26.302207946777344,26.551265652607476,26.27552434382303,26.337788346138858,1208400
2017-04-13,26.355575561523438,26.489000356043174,26.32889195987288,26.373365760334966,379700
2017-04-17,26.4801025390625,26.542366531946147,26.284413765352106,26.462312342076725,649800
2017-04-18,26.133201599121094,26.19546729122797,26.008673608040613,26.19546729122797,727500
2017-04-19,26.15988540649414,26.417838169409276,26.124306709596574,26.27551998868594,496500
2017-04-20,27.289539337158203,27.30732953512019,26.91595366278976,26.996007857052046,1315700
2017-04-21,27.11164093017578,27.21838042208776,27.04048183442335,27.173904926888323,818200
2017-04-24,27.38738441467285,27.46743691437156,27.289540020000306,27.39627781730972,747800
2017-04-25,27.90328598022461,27.93886467752385,27.760966101327984,27.867705586358813,1097800
2017-04-26,27.68980598449707,27.752071671455813,27.663122386652677,27.71649127890796,918600
2017-04-27,27.98334312438965,28.152346630209067,27.88550041812943,28.001133324279447,804600
2017-04-28,27.885494232177734,28.090076395826625,27.867704036234407,28.090076395826625,966000
2017-05-01,28.152341842651367,28.187922236380203,27.938864569978012,27.938864569978012,813500
2017-05-02,28.392505645751953,28.534825530291943,28.01002487936106,28.534825530291943,1740400
2017-05-03,28.339134216308594,28.454767097488617,28.303553824212294,28.436976901440467,936900
2017-05-04,27.80544090270996,27.929968885012677,27.663122723916423,27.921073786767266,1486800
2017-05-05,28.187923431396484,28.223502130067114,27.805442665429133,27.85881156171839,1222200
2017-05-08,28.036710739135742,28.081184537558507,27.97444674271721,28.001130343144204,1105400
2017-05-09,28.810564041137695,28.899515026026645,28.67714265350396,28.73940664635966,1441700
2017-05-10,28.828353881835938,28.872827677164214,28.72161609442146,28.72161609442146,617500
2017-05-11,29.121889114379883,29.121889114379883,28.846146134677348,28.93509373167387,936000
2017-05-12,29.762313842773438,29.895738607036943,29.575521887310693,29.60220548291031,1581500
2017-05-15,29.993589401245117,30.002482803970867,29.71784641287879,29.75342681004866,1955600
2017-05-16,29.87795066833496,29.886844069828804,29.673368502646962,29.762316090117235,3047400
2017-05-17,29.75223731994629,30.536834307012835,29.689826543818153,30.26935906630194,3194400
2017-05-18,30.3763484954834,30.519002183999657,30.03754470983271,30.3139377193283,2525300
2017-05-19,31.053958892822266,31.062873261170434,30.875640915666228,31.062873261170434,2130000
2017-05-22,32.07927703857422,32.177352083009325,31.428419399570036,31.847466079926566,3275200
2017-05-23,31.722644805908203,31.829634218425497,31.526494715349745,31.758305675992563,2498800
2017-05-24,31.259023666381836,31.473002520049768,31.178780745973224,31.464088151618835,1684200
2017-05-25,31.82963752746582,31.892048308016868,31.526497992875385,31.588908773426436,1517200
2017-05-26,31.713726043701172,31.802883317816242,31.615651001495394,31.74047254570929,1088400
2017-05-30,31.53540802001953,31.56215792309661,31.294679299117767,31.410586476099798,1218700
2017-05-31,30.715152740478516,30.911299439414105,30.492256136267688,30.911299439414105,1809500
2017-06-01,31.205524444580078,31.24118871735991,30.884552791826096,30.955881337385758,1626100
2017-06-02,31.12528419494629,31.205527115001594,30.964798354835676,30.964798354835676,1731000
2017-06-05,31.16094207763672,31.232267213534367,31.09853130830184,31.160942077636722,1678700
2017-06-06,31.38384246826172,31.517578389747285,31.303599554917472,31.490831885676624,1183600
2017-06-07,31.214441299438477,31.26793771287093,31.071787598084466,31.26793771287093,1578000
2017-06-08,31.75830841064453,31.90987987580001,31.517579660902815,31.820719190081377,3009600
2017-06-09,31.116371154785156,32.08820060532393,31.071789107526094,31.96337563458432,6065900
2017-06-12,30.78647804260254,30.93804950282944,30.0018844405852,30.93804950282944,2468200
2017-06-13,31.089618682861328,31.294683159041213,30.964797123545956,31.294683159041213,1877500
2017-06-14,31.61565399169922,31.936625650682124,31.544328845887637,31.740475547718724,1893300
2017-06-15,31.03612518310547,31.294682665697405,30.679489246855944,31.285768297800725,2674600
2017-06-16,31.187694549560547,31.294683974456817,31.045040849321357,31.250105330844413,847700
2017-06-19,32.14168930053711,32.14168930053711,31.74047473705564,31.88312842616769,1811900
2017-06-20,32.007957458496094,32.168443304337345,31.91879676573281,32.07928261157406,1619900
2017-06-21,32.05253219604492,32.061446563667964,31.927710642528872,32.01686792328827,1232600
2017-06-22,32.391334533691406,32.49832394603552,32.070362895526976,32.29325948857093,1956000
2017-06-23,32.11494064331055,32.27542645794223,32.0346977359947,32.186265782517964,1943300
2017-06-26,32.57856369018555,32.74796386003218,32.47157088710495,32.58747805654305,1689400
2017-06-27,32.739051818847656,33.051105680499155,32.71230191561181,32.97086277305562,2289600
2017-06-28,32.953033447265625,32.953033447265625,32.382418679524065,32.391336448406946,1999400
2017-06-29,31.945545196533203,32.47157795440871,31.731562944931426,32.391338436332106,3481000
2017-06-30,32.06145095825195,32.15952602120954,31.874218602314404,31.89205074113694,4438600
2017-07-03,31.838552474975586,32.14169201508205,31.82072033718903,32.14169201508205,880700
2017-07-05,31.187694549560547,31.196612318962526,30.7953977241859,31.045040849321357,2664000
2017-07-06,30.563583374023438,31.009376612973057,30.545751236329554,31.009376612973057,2265200
2017-07-07,30.90238380432129,30.973712347286792,30.679487209252287,30.724065848039665,1403300
2017-07-10,31.250097274780273,31.27684717495777,30.991536446898074,31.036118480150026,1054200
2017-07-11,31.945545196533203,31.990123840286593,31.7404773132291,31.8653022773241,1196700
2017-07-12,32.6588134765625,32.72122425761679,32.2754310208676,32.31109529607933,1625000
2017-07-13,32.33783721923828,32.623144578235475,32.31109071718604,32.61423021126206,2026700
2017-07-14,33.04219436645508,33.167015922648616,32.587483381884546,32.792547852935684,1895300
2017-07-17,32.783634185791016,32.85495933322644,32.667726994934505,32.703391269218415,1975500
2017-07-18,33.06002426147461,33.131349402549205,32.60531330773722,32.84604203598664,1840100
2017-07-19,34.28150177001953,34.41523770498286,34.10318378893583,34.1477624339236,2293100
2017-07-20,34.02293395996094,34.1834197702402,33.84461601508043,34.11209123183523,1391400
2017-07-21,34.049686431884766,34.112097213366845,33.86245408743854,33.91595050062282,1624700
2017-07-24,34.75404357910156,34.78970785764869,34.50440043153726,34.61138986604585,1282000
2017-07-25,34.611385345458984,34.7183747659937,34.52222806186878,34.63813185030958,1548600
2017-07-26,34.63813018798828,34.709458732343194,34.37065494892174,34.54897290867683,1617500
2017-07-27,34.76295471191406,35.45839100513742,34.50439384351435,35.45839100513742,1680300
2017-07-28,35.10175704956055,35.21766423861227,34.77187102040199,34.959103355778545,1019100
2017-07-31,35.6277961730957,35.859610570653786,35.47622809872764,35.7080390951531,1566900
2017-08-01,36.02901077270508,36.100339326127234,35.84177842167085,35.84177842167085,1764300
2017-08-02,35.46730422973633,35.93092954399111,35.280071910844605,35.93092954399111,2153200
2017-08-03,35.146339416503906,35.342489541669785,34.97693920003601,35.26224661784126,1439700
2017-08-04,35.52080154418945,35.60104445450012,35.306819316316954,35.58321231874974,893400
2017-08-07,36.626373291015625,36.724444944347546,36.43022318208694,36.54613037382956,1790900
2017-08-08,37.553627014160156,37.74977715647867,37.321815992347084,37.50904836394222,2813400
2017-08-09,37.7230224609375,37.758683332693884,37.2772292532262,37.455543815404916,1576300
2017-08-10,36.20732879638672,37.268315521255616,36.11816810450742,37.259401152634,2748500
2017-08-11,35.6723747253418,35.68129249506525,34.45090216044021,34.88778104630876,2915700
2017-08-14,37.12565994262695,37.25048150382888,36.75119525902117,36.75119525902117,2033600
2017-08-15,36.43022537231445,36.55504693963442,36.17166446793301,36.55504693963442,1979600
2017-08-16,38.6591911315918,39.14064865720867,38.30255517162391,38.32038730973556,3834000
2017-08-17,37.437713623046875,37.78543176734761,37.42879585460565,37.54470303641661,3189100
2017-08-18,37.34855270385742,37.53578502633215,37.00083456179518,37.26830979406366,2202000
2017-08-21,37.42879867553711,37.4912094548009,37.19698769557621,37.321809254103805,1551600
2017-08-22,37.714107513427734,37.73193965120603,37.15240707737536,37.17023921515365,2721900
2017-08-23,38.22230911254883,38.50761649664572,37.544704925601785,37.60711570330221,2894800
2017-08-24,37.63386535644531,37.803268968204904,37.49121165246137,37.65169749458488,2697300
2017-08-25,37.5001220703125,37.75867951981535,37.43771129962575,37.696268749128606,2343200
2017-08-28,36.92950439453125,37.161318746462086,36.8225149865573,37.13457224475159,1974900
2017-08-29,36.67095184326172,36.80468777082058,36.251905121085976,36.376726680593876,1914200
2017-08-30,37.38421630859375,37.48229135227441,36.956255264368004,37.402048443911326,1992200
2017-08-31,37.7408561706543,37.76760267586961,37.53578829356221,37.54470606272225,1671200
2017-09-01,37.44662094116211,37.473367439186575,37.25047088596537,37.33071378117027,2130100
2017-09-05,36.49263381958008,36.90276277198275,36.34106235387241,36.79577334986301,2465700
2017-09-06,37.23265838623047,37.24157615769526,36.91169003729683,37.125668936585924,1277300
2017-09-07,36.91167449951172,37.04541040498862,36.69769228916409,36.777935192902966,1343500
2017-09-08,36.39455032348633,36.911671979190565,36.39455032348633,36.849261214003036,1271100
2017-09-11,38.08857727050781,38.11532377777889,37.678444885932876,37.77651994743704,1554600
2017-09-12,38.302547454833984,38.356043858391054,38.08856864286949,38.17772591433271,1881500
2017-09-13,38.05290985107422,38.15989927245626,37.990499071840325,38.15989927245626,1383400
2017-09-14,38.32929992675781,38.436289339912584,38.18664624217408,38.32038215833451,1399500
2017-09-15,38.92666244506836,38.98907322155034,38.516533513577556,38.66810157042459,1165900
2017-09-18,39.844993591308594,39.86282572681778,39.45269681350278,39.62209699914191,2679600
2017-09-19,39.381370544433594,39.60426714946516,39.283298895170816,39.49727773136704,2051900
2017-09-20,39.497283935546875,39.7825913627124,39.185229999938585,39.550780353565216,1686400
2017-09-21,39.36354446411133,39.81825207254769,39.34571232637015,39.80041993480651,1664100
2017-09-22,39.595359802246094,39.61319194194623,39.36354878841005,39.4259595767941,1007000
2017-09-25,38.08857727050781,39.00691029889652,37.981584439158176,38.98016379162544,3033000
2017-09-26,38.55220031738281,38.68593624671103,38.31147156323307,38.33821806887222,2066900
2017-09-27,38.59677505493164,38.87316465492191,38.26688564681174,38.85533592038818,1838500
2017-09-28,38.115325927734375,38.3203904310225,37.95484007279013,38.008336491482495,1282400
2017-09-29,39.15847396850586,39.22088814700278,38.33821609392355,38.356048230475196,1609600
2017-10-02,39.25654220581055,39.6220924388457,39.23871007235375,39.30112424001839,1895400
2017-10-03,40.11248016357422,40.165973179559295,39.6845156288971,39.862833618157104,1677300
2017-10-04,40.032230377197266,40.12138765597991,39.675594459802355,39.95198746584002,1569400
2017-10-05,40.50477600097656,40.602851062661145,40.08572924691795,40.20163644719361,1380900
2017-10-06,40.2818717956543,40.36211470365887,39.9430680283981,40.290786162707235,1441600
2017-10-09,40.11248016357422,40.24621610466966,40.07681588549567,40.14814104052002,1345800
2017-10-10,40.34428787231445,40.388866515703775,40.21946631037136,40.353202240539325,1473300
2017-10-11,40.451271057128906,40.522599596455485,40.1748814700683,40.37102815095248,1766400
2017-10-12,39.862831115722656,40.210549302328246,39.853916747329,40.210549302328246,1599600
2017-10-13,40.201629638671875,40.49585137276375,40.07680809080671,40.29970468374653,3213700
2017-10-16,40.638511657714844,40.8346583621791,40.52260446794117,40.5760974777349,1489000
2017-10-17,40.29078674316406,40.61175837980649,40.24620810499308,40.567179741635506,1304800
2017-10-18,40.73657989501953,40.772244165981036,40.42452602693659,40.64742261874786,1186000
2017-10-19,39.93415451049805,39.97873314897471,39.657761510131344,39.836079465170116,1620100
2017-10-20,40.05006790161133,40.13031083057904,39.88958544480882,40.13031083057904,1316200
2017-10-23,39.729095458984375,40.023317233874124,39.67559904485325,39.987652957786715,894200
2017-10-24,39.853912353515625,39.98764827147152,39.76475167374619,39.94306963215289,760600
2017-10-25,39.907405853271484,40.32645255053441,39.63101624540207,40.22837750214248,2540400
2017-10-26,39.68451690673828,39.943077829434316,39.67560253749798,39.89849918096707,1061600
2017-10-27,40.40669250488281,40.54934618270152,39.639927711182786,39.8271600256076,2560900
2017-10-30,40.15706253051758,40.17489467120872,39.9163337328868,39.978744524739255,1416300
2017-10-31,40.16597366333008,40.26404872866097,40.014405581369836,40.18380580258413,1385600
2017-11-01,41.05754852294922,41.28044509842791,41.03080202225396,41.235866463558544,1890400
2017-11-02,41.49443435668945,41.556845136335625,41.11105190964442,41.53901299913209,1832500
2017-11-03,42.12746810913086,42.287953974018194,41.81541415025719,42.18096453113766,1522500
2017-11-06,43.58074188232422,43.68773129235588,43.206273845515376,43.206273845515376,2039900
2017-11-07,44.3653450012207,45.11427783537864,44.347516263310084,45.11427783537864,2827600
2017-11-08,44.3742561340332,44.44558127840549,44.10678089065569,44.258348948154456,1527500
2017-11-09,44.01762008666992,44.258348825381574,43.57182688189995,44.258348825381574,2467100
2017-11-10,44.436668395996094,44.47233266994037,43.96412867019765,44.1156967327623,1599300
2017-11-13,44.72197341918945,44.8378806028099,44.22268381378243,44.311844493925925,2118200
2017-11-14,43.776893615722656,44.50799423732787,43.64315768804312,44.50799423732787,3554000
2017-11-15,44.73088836669922,45.00728137702998,44.32967720481331,44.90029196060256,3109200
2017-11-16,45.64922332763672,45.89886642562747,45.132101594790605,45.21234450502079,4109700
2017-11-17,46.62997055053711,46.92419571092295,46.371409664343325,46.38032743345753,4322500
2017-11-20,48.46664047241211,48.83219078468497,46.93311067403213,48.41314406044568,4545800
2017-11-21,49.83967971801758,49.97341563357507,49.70594040132798,49.84859408526857,5301600
2017-11-22,48.939178466796875,49.25123575713635,48.60037467199173,49.25123575713635,4043000
2017-11-24,47.90494155883789,48.27049188261874,47.797952132669295,48.27049188261874,2679100
2017-11-27,47.254085540771484,47.476982170680785,47.182756986656834,47.432403524925455,3804400
2017-11-28,48.2794075012207,48.386396922622794,48.029760983105994,48.18133244779697,3584500
2017-11-29,46.36249923706055,47.20058934501503,45.78296663614422,47.191674976275515,5081900
2017-11-30,45.63138961791992,45.89886484241702,45.47090380299526,45.8275397030794,2931600
2017-12-01,43.714481353759766,44.026538643363125,43.13495221786604,43.94629572902309,5799100
2017-12-04,43.54507827758789,44.73980414478934,43.509414006654815,44.62389696482288,4872500
2017-12-05,42.81398391723633,43.47375601919797,42.61783379988594,42.79615177919242,4876000
2017-12-06,42.46626663208008,42.76048841323542,41.717333823958334,41.84215539178985,7116900
2017-12-07,43.33110046386719,43.42026115027569,42.98338228970506,43.2419431785911,4462500
2017-12-08,45.00728225708008,45.27475750394484,44.971617983862835,45.27475750394484,4752000
2017-12-11,46.47840118408203,46.62105487571912,46.2020081685398,46.21092593740403,2827600
2017-12-12,45.01620101928711,45.11427267110017,44.57932216556632,45.03402975515685,3240300
2017-12-13,45.69380569458008,45.845373758974645,45.38175179663103,45.42633043903341,3284300
2017-12-14,45.0607795715332,45.3906656025847,45.025115297599974,45.3906656025847,2887900
2017-12-15,44.85572052001953,45.025120739979975,44.445588122477616,44.70414903804838,3209500
2017-12-18,45.56006622314453,45.64922690880165,45.248012326175584,45.337169610700315,2974500
2017-12-19,45.355003356933594,45.80079659763785,45.0518638172094,45.75621795379392,2062300
2017-12-20,45.158851623535156,45.54223404001122,44.935955027962194,45.50656976844783,1622500
2017-12-21,46.228755950927734,46.39815955270863,45.84537350634161,45.95236632887661,2723500
2017-12-22,46.55864334106445,46.60322198126381,46.00585731896937,46.35357887524166,1723300
2017-12-26,46.407073974609375,46.70129913522393,46.36249533240085,46.62997058678438,1291000
2017-12-27,45.943443298339844,46.210921922913414,45.83645388918961,45.85428602423665,1704000
2017-12-28,46.27334213256836,46.719135396268896,46.17526707037302,46.701303257584954,1742700
2017-12-29,46.29117202758789,46.5408185742726,46.166350454811926,46.5408185742726,1646500
2018-01-02,48.591461181640625,48.591461181640625,47.24516714815213,47.940603485875634,2411200
2018-01-03,48.85001754760742,48.8678496829677,48.591456686581445,48.60037105369556,2988400
2018-01-04,49.518707275390625,49.64352882167181,49.277978549934616,49.42063223156054,3059100
2018-01-05,49.812931060791016,49.82184882939732,49.4830450461338,49.50087718221422,2837100
2018-01-08,50.34788131713867,50.46378509162349,49.88425601580355,50.16956337029717,2915400
2018-01-09,50.87392044067383,51.00765635797631,50.5083701582356,50.838256168940305,3178700
2018-01-10,49.9466667175293,50.196309802080854,49.72377013457056,50.18739543526056,2633200
2018-01-11,49.349308013916016,49.36714015082312,48.9480968374693,49.126411404275686,2286100
2018-01-12,50.74909591674805,50.820424460815445,50.29438835228102,50.51728495079336,2107500
2018-01-16,50.28548049926758,51.26622429932332,50.23198408428663,50.93633824310568,3833000
2018-01-17,51.640682220458984,51.68526426098921,50.92741378669367,51.36429261551177,2636700
2018-01-18,51.19489669799805,51.31972166860808,50.92742142038476,51.2751396213953,2572400
2018-01-19,51.89033126831055,51.89033126831055,51.49803105964844,51.738759805564094,2107400
2018-01-22,53.03156280517578,53.102891355289394,52.514444421382,52.630348213617914,3198900
2018-01-23,54.25303649902344,54.25303649902344,53.949896956696755,54.11930056634353,3928200
2018-01-24,53.58434295654297,54.18170763182706,53.1563818792852,53.914232383682496,4159200
2018-01-25,52.63926696777344,53.0850602109264,52.30046315066008,52.853245819852646,4178600
2018-01-26,54.35110855102539,54.386772824887245,53.709168627173774,53.94989397291041,2570900
2018-01-29,53.33469772338867,53.77157655218012,53.04939034989995,53.77157655218012,4327300
2018-01-30,52.095394134521484,52.35395500932659,51.54261151342234,52.139972774731824,5398100
2018-01-31,52.755165100097656,53.30795111109361,52.353953945227005,53.03155810559563,2631900
2018-02-01,51.63176727294922,52.1310568715415,51.58718863405201,51.925992411708634,3531100
2018-02-02,49.750518798828125,50.998741078110285,49.705940160524925,50.954162439807085,5099500
2018-02-05,48.14567184448242,50.410302410476206,47.95843949247016,49.63461969305516,6110700
2018-02-06,49.2244873046875,49.54545897228012,46.36249560387398,46.49623493241504,9918400
2018-02-07,47.61071014404297,48.57362158680792,47.476970837568906,47.87818535585924,6263600
2018-02-08,45.73838424682617,48.190246986580455,45.72055210967389,48.190246986580455,7279100
2018-02-09,46.54081344604492,46.986606671771156,44.42775450841967,46.014777303642674,7757100
2018-02-12,47.74445724487305,48.17241836435707,46.98661006683246,47.34324263250282,4801400
2018-02-13,48.85893630981445,48.921347088623556,47.92277122654561,48.09217142600855,3335300
2018-02-14,50.445960998535156,50.80259352389321,48.78760972228004,48.85893486689874,5175700
2018-02-15,52.26479721069336,52.764086851533754,51.08790335833541,52.20238643072987,4495400
2018-02-16,51.908164978027344,52.541190550653916,51.622857581882066,51.92599711542798,2692700
2018-02-20,51.23947525024414,51.59610779569226,50.71343909966065,50.882839303663566,3237400
2018-02-21,51.801170349121094,52.99589630428565,51.801170349121094,52.55010308819637,2950500
2018-02-22,51.38212585449219,52.09539430356888,51.2751330362815,51.59610468864908,2729600
2018-02-23,52.20238494873047,52.2469635901342,51.685266586409035,51.854666784196134,1612600
2018-02-26,52.211299896240234,52.345035813224456,51.542610107922705,51.73875679972599,2344600
2018-02-27,50.06257629394531,51.02548780991889,50.01799425430989,50.829337719145784,2818100
2018-02-28,48.939178466796875,49.67919683424859,48.81435691111401,49.37605731281921,2999600
2018-03-01,49.70594787597656,50.64211303018547,49.03725799423697,50.62428089186984,3404800
2018-03-02,49.83076477050781,49.88426118043846,48.16349910735754,48.37747794481552,2872900
2018-03-05,49.57220458984375,49.75052255766121,48.466639311413694,48.52013232096629,3379600
2018-03-06,50.18740463256836,50.615365742141144,49.928843732680875,50.597533604100704,2648500
2018-03-07,50.19632339477539,50.34789488082008,49.527633464824206,49.88426945458465,2806400
2018-03-08,50.47270965576172,50.74909927950669,50.15173798845443,50.544034803423116,1491500
2018-03-09,51.863582611083984,51.863582611083984,51.078988977135154,51.27513568505615,2947500
2018-03-12,52.30045700073242,52.4520284541703,51.8368316742344,52.30937136804894,2627400
2018-03-13,51.56044387817383,52.888905728441884,51.32862950624141,52.888905728441884,3037700
2018-03-14,52.291542053222656,52.755163973444496,51.85466323465366,52.70167096787464,2658600
2018-03-15,53.254459381103516,53.49518813585074,52.879994696696144,53.09397354460537,3607300
2018-03-16,52.844329833984375,52.95131925674915,52.567936807281896,52.85324420207626,3773000
2018-03-19,51.934913635253906,52.24696754986248,51.36429881932246,52.2023889050802,4057000
2018-03-20,53.20988082885742,53.35253452808496,52.96915207369862,53.12963791047116,4025500
2018-03-21,51.61393737792969,51.970573306854604,51.13247989422074,51.88141262405723,6467300
2018-03-22,46.08610153198242,47.77120274856943,45.99694424906838,47.753370611760154,27203300
2018-03-23,46.7102165222168,47.967353360090584,46.612141462339764,47.815785286558885,9625400
2018-03-26,49.26906204223633,49.465212134914964,47.93168246735211,48.529047112722445,7169400
2018-03-27,47.8336181640625,49.483051865802864,47.53047861118164,49.35823029716945,5481300
2018-03-28,46.968772888183594,47.04009803321075,46.27333656879056,46.84395133353687,7811000
2018-03-29,47.51264190673828,47.7533706521687,46.46056964202712,46.74587702895228,4925900
2018-04-02,45.836463928222656,47.18275810838336,45.48874572147869,47.18275810838336,5505700
2018-04-03,46.57647705078125,46.7637093866228,46.086101788626216,46.531895007943625,3736800
2018-04-04,46.915279388427734,46.915279388427734,44.89137768090965,44.93595972559058,6980200
2018-04-05,46.9063606262207,47.38781809416133,46.790453442946365,47.18275023100974,5849700
2018-04-06,45.702720642089844,46.76371071083411,45.43524538315175,46.17526378071733,3260700
2018-04-09,46.38032150268555,47.0400934852098,46.07718201308112,46.58538595136913,3744600
2018-04-10,47.74445724487305,47.87819658270734,47.20950669580118,47.37890690940965,7083000
2018-04-11,47.387821197509766,47.86927529584784,47.28974614378811,47.485892850099034,4010200
2018-04-12,47.539390563964844,47.69096203326884,47.057933051303884,47.09359732656747,5352100
2018-04-13,46.04151916503906,46.78153747764931,45.827540342906694,46.674544665451066,3743400
2018-04-16,45.82754898071289,45.970202689399905,45.49765951595384,45.970202689399905,2888400
2018-04-17,46.17526626586914,46.27334132635575,45.38175481448864,45.44416559822873,5305900
2018-04-18,45.889957427978516,46.130686186837096,45.524407105519,45.72947158873946,3168300
2018-04-19,45.81862258911133,46.13067985642322,45.56897949616746,46.12176208817119,1996700
2018-04-20,45.034027099609375,45.52440233542026,44.900291181678185,45.50657019946967,2961000
2018-04-23,44.96269989013672,45.32825015749019,44.75763543782936,45.04294279765978,2734300
2018-04-24,44.3742561340332,45.37283196317097,44.02653797752921,45.25692477729222,4181100
2018-04-25,43.776893615722656,44.579322786329556,43.25085747079867,43.82147565941492,4419800
2018-04-26,44.08003616333008,44.12461821007331,43.5807498906793,43.66990718190047,3994600
2018-04-27,44.115692138671875,44.31184222380651,43.598573824860594,44.29401008869136,2941800
2018-04-30,43.803646087646484,44.47233596860511,43.776896179637966,44.47233596860511,2155400
2018-05-01,43.91063690185547,43.946301179570455,43.21520049207688,43.75906882326587,3687000
2018-05-02,44.14244079589844,44.61498389669033,43.97304060573209,44.61498389669033,3260200
2018-05-03,43.61641311645508,43.76798460105662,42.68916567394565,43.64316302616878,5208400
2018-05-04,44.23160171508789,44.454498314417194,43.1616973580808,43.41134046096732,3416500
2018-05-07,43.60749435424805,43.62532649188314,43.09929033561145,43.17953325440315,7049400
2018-05-08,44.552574157714844,44.6060671657843,43.955209492258625,44.45449910807783,3056000
2018-05-09,45.1053581237793,45.16776890247229,44.62390063003419,45.034029576054536,2706000
2018-05-10,46.995521545410156,47.218418160671405,46.24658878208706,46.36249597433999,6335600
2018-05-11,46.728050231933594,46.96877900487307,46.37141425695672,46.8707039416978,2451900
2018-05-14,46.67454528808594,47.102509740323804,46.558641508356445,46.89744188144095,4901900
2018-05-15,44.90030288696289,44.97162804822721,44.49908822631031,44.84680646516486,4293600
2018-05-16,47.967350006103516,48.466639639142116,46.99552064611585,46.99552064611585,9869300
2018-05-17,47.03995132446289,47.57601776699728,46.92380234556375,47.00421265276665,5623300
2018-05-18,46.655765533447266,46.664698496570146,46.191173061835286,46.51281426589181,3836800
2018-05-21,47.03995132446289,47.06675362412141,46.45920983819453,46.745112395309846,4268600
2018-05-22,46.58429718017578,47.424139021241345,46.54855850433731,47.21864333928397,4469400
2018-05-23,46.94166946411133,47.039949102520076,46.146502801680015,46.45920764368317,3148100
2018-05-24,46.30732727050781,46.637901475084824,45.824865409842474,46.53068886434612,2602200
2018-05-25,46.36093521118164,46.369871584186235,45.84273804842884,46.1554429390359,3030900
2018-05-29,45.521095275878906,46.12863910740029,45.11904370969159,45.90527750487706,3976400
2018-05-30,45.449623107910156,45.56577210876574,44.94035886876454,45.03863853039404,4333300
2018-05-31,45.62830352783203,45.923142450919585,45.14584169453999,45.458549953108054,3982600
2018-06-01,46.745113372802734,46.91486695456865,46.14650594639602,46.22691625528038,5390600
2018-06-04,47.602821350097656,47.772578341118056,47.28118011261417,47.290116484892835,3788800
2018-06-05,48.1031494140625,48.23716772370665,47.799377532666,47.987000439586055,3717200
2018-06-06,48.84471130371094,48.89831931275402,48.344383518885216,48.55880873860269,4025400
2018-06-07,48.20143508911133,48.996601858394435,47.84405515746094,48.934060881589765,4322400
2018-06-08,47.88873291015625,47.95127389494468,47.17397636383996,47.34373338674687,5313500
2018-06-11,47.89766311645508,47.942334755804836,47.48667858127313,47.48667858127313,2475700
2018-06-12,47.620697021484375,47.745778984206154,47.36159672257333,47.745778984206154,3066300
2018-06-13,47.120361328125,47.567084496768395,46.97741005048821,47.55814812478824,4876600
2018-06-14,47.2633171081543,47.272250072758126,46.92380651333926,47.18290679380936,4170900
2018-06-15,46.81659698486328,46.879137965897996,46.10183707321883,46.664709310759086,3471300
2018-06-18,46.11076736450195,46.19117767354422,45.66404418276212,46.18224130130208,3749500
2018-06-19,45.40494918823242,45.503228844936075,44.806341691186944,45.00289759636646,6168600
2018-06-20,45.39601516723633,45.789130376679005,45.297735512818726,45.699787095332674,3262600
2018-06-21,44.60977554321289,45.34240126137896,44.54723457275193,45.34240126137896,5418200
2018-06-22,45.074371337890625,45.56576617380577,44.94928938782795,45.56576617380577,3083000
2018-06-25,43.59125518798828,44.359619716871286,43.18920358470904,44.359619716871286,8402200
2018-06-26,43.743133544921875,43.939692837348716,43.38575704114186,43.930756465023435,5701100
2018-06-27,42.73354721069336,43.72526995070826,42.53698789245342,43.61805732631733,6211400
2018-06-28,43.73420333862305,43.77887497838403,42.88542855025375,43.01051050487556,6826400
2018-06-29,44.89567947387695,45.16371269953821,44.806336201399,44.83313850149691,6186600
2018-07-02,44.314937591552734,44.314937591552734,43.88608375258991,44.091576004078725,2408300
2018-07-03,44.198795318603516,44.75273114257635,44.145187306647074,44.67232082875549,1287400
2018-07-05,44.22560119628906,44.30601151661143,43.644859615268864,44.22560119628906,3099700
2018-07-06,44.47576904296875,44.85101837362653,43.88609444470212,44.07372081414509,2576500
2018-07-09,45.521095275878906,45.55683395025724,45.199454022929054,45.35133827669561,3175000
2018-07-10,43.98436737060547,44.261336991060695,43.769942135863324,44.08264702329047,6785600
2018-07-11,43.07305145263672,43.50190532885773,42.88542852083271,42.92116719590804,3976200
2018-07-12,43.72526931762695,43.77887733316019,43.33215409506672,43.57338505262453,5567800
2018-07-13,43.52871322631836,43.62699288359962,43.153463935628814,43.35002325019133,3136200
2018-07-16,43.278541564941406,43.42149284989027,43.06411634163185,43.42149284989027,2550700
2018-07-17,43.287479400634766,43.457232992178675,42.84075619404045,42.91223013481719,3251600
2018-07-18,43.34109115600586,43.42150148279069,42.983714576695164,43.04625556328023,4554500
2018-07-19,42.545921325683594,42.89436491495753,40.991326326118646,42.83182393268928,3247800
2018-07-20,43.064117431640625,43.26960969594168,42.76927848184288,42.84075583024024,4347900
2018-07-23,42.358299255371094,42.46551188315973,42.126004660457724,42.349366289817034,3536400
2018-07-24,43.171329498291016,43.492970745543296,42.894359889106546,43.05518051273268,5455700
2018-07-25,43.87715530395508,44.002237260495896,43.18026816995471,43.36789110476593,3011600
2018-07-26,42.52804946899414,42.88542941070779,42.438706187679585,42.68887010194251,4147600
2018-07-27,42.00985336303711,42.5727255925653,41.902640741107675,42.46550956240806,3693000
2018-07-30,41.09853744506836,42.36722979111896,41.02706009182325,41.9919839112655,5735000
2018-07-31,40.83049392700195,41.13426578550655,40.437375399391925,40.607132366578774,6370200
2018-08-01,40.60714340209961,40.73222536461293,40.24976344500909,40.41058408487704,4591200
2018-08-02,39.64221954345703,39.74943557546834,39.150824658869375,39.25803728265282,8409800
2018-08-03,40.419517517089844,40.53566309769892,39.99066023649708,39.99959660929939,5918600
2018-08-06,40.33017349243164,40.50886346976949,40.16041988848599,40.348042830988206,3596500
2018-08-07,40.94664764404297,41.16107285832335,40.78582702921902,41.08066255091137,4553900
2018-08-08,41.46485137939453,41.54526169965847,41.05386681281346,41.39337743261985,5095400
2018-08-09,42.483375549316406,42.77821449664769,42.43870391105554,42.64419617363756,6609100
2018-08-10,42.03664779663086,42.125994471701645,41.76861458787283,41.991976163209046,5724700
2018-08-13,40.87517547607422,41.580998996258685,40.803698123445415,41.54526031994428,5048200
2018-08-14,39.490333557128906,39.73156450630584,39.40098686767761,39.69582583052532,8239100
2018-08-15,36.854671478271484,37.256723121498275,35.559173253753265,35.737863251657195,26774300
2018-08-16,38.14122772216797,38.14122772216797,37.16737095537384,37.16737095537384,11702300
2018-08-17,39.42778778076172,39.75836197093552,37.95359996236869,38.212700217906644,10522600
2018-08-20,39.91918182373047,40.11574110463256,39.64221223775272,40.11574110463256,5668600
2018-08-21,40.374839782714844,40.571399072553824,40.062134919995906,40.07106788397614,8162400
2018-08-22,41.196815490722656,41.375505458620225,40.8930435677651,41.09853583796762,6116500
2018-08-23,40.071075439453125,41.42018160607964,40.026403794674266,41.312968976964775,7584600
2018-08-24,40.937713623046875,41.06279557326515,40.55353139981789,40.660744013115334,5538500
2018-08-27,41.518455505371094,41.85796268513782,41.3308291701839,41.37550421698838,6589200
2018-08-28,41.43804931640625,41.74182126047825,41.27722867494296,41.715015548082434,2897700
2018-08-29,41.27722930908203,41.321900952790806,40.78583441182957,40.955588021214105,3312700
2018-08-30,38.400325775146484,40.60713946872975,37.971471913115074,40.598203096142775,16532000
2018-08-31,38.543277740478516,38.55221411322268,37.77491327940448,38.49860610144045,8848800
2018-09-04,37.5872917175293,38.150163932917394,37.36393010598789,38.08762295434402,7326400
2018-09-05,36.113101959228516,37.51581594696088,36.04162801929471,36.64023547312206,14577100
2018-09-06,36.19351577758789,36.23819082862985,35.61277760454917,35.880810869661495,6836700
2018-09-07,36.13990783691406,36.58663104031664,35.684248260836,35.76465857377757,5383200
2018-09-10,35.09457015991211,35.916542541928074,34.82653694707783,35.907606170171505,7539700
2018-09-11,35.72892761230469,35.81827090045807,34.44236245023694,34.70146275740092,7561800
2018-09-12,35.58597183227539,35.961217685215374,34.81760738113823,35.148181595617864,7035600
2018-09-13,37.480079650878906,37.97147452186931,37.21204639472303,37.66770258936524,7741000
2018-09-14,36.94401168823242,37.5604919591126,36.51515777400983,37.52475328087041,5039300
2018-09-17,36.12203598022461,36.57769211629241,36.050558636716616,36.407938537801925,2885200
2018-09-18,36.66704559326172,36.67597855874261,36.22925530368307,36.300732660442016,3043500
2018-09-19,37.372867584228516,37.480080206635066,36.774256675317325,36.78318964042295,4734500
2018-09-20,37.51581954956055,37.63196513913474,37.26565221520009,37.38180121300216,5233400
2018-09-21,38.21270751953125,38.62369209484273,38.114427858428954,38.480740790028825,5876700
2018-09-24,37.337127685546875,37.676634880095705,37.18524001789907,37.658768950469096,2364200
2018-09-25,37.68557357788086,37.82852488130602,37.41754030998716,37.658771273559864,2591900
2018-09-26,37.551551818847656,38.096554678577185,37.51581655241781,37.703439482028024,4269100
2018-09-27,37.11376190185547,37.337123487579355,36.97974358713021,37.337123487579355,4430100
2018-09-28,36.48834991455078,36.7653195164208,36.30072699468436,36.63130119752911,4068600
2018-10-01,36.774253845214844,36.95294380762588,36.541959279839794,36.66704123105925,2820400
2018-10-02,35.9433479309082,36.184578865666616,35.737855669794186,36.184578865666616,4038000
2018-10-03,35.675315856933594,36.273923322949386,35.56810324073612,36.1845800441561,3943300
2018-10-04,34.50489807128906,35.36260918211595,34.326208114523986,35.36260918211595,6321800
2018-10-05,34.78186798095703,34.826539618484794,34.07604452004495,34.6210473592751,5033900
2018-10-08,34.39768600463867,34.48702928032076,33.736534176617724,33.94202984549603,4614400
2018-10-09,33.10219192504883,33.65612779709186,33.05752028198902,33.62932549290155,8261600
2018-10-10,31.628005981445312,32.43210574883461,31.43144667002164,32.43210574883461,11682900
2018-10-11,31.315290451049805,31.851360247187618,30.609467093993185,30.618403465120316,14372100
2018-10-12,33.834808349609375,33.87054701738993,32.8788211399547,33.504234193206614,6899400
2018-10-15,32.2980842590332,32.726938062769506,32.04791698401672,32.405296857910514,4890500
2018-10-16,33.19153594970703,33.29874856607274,32.23554855056268,32.405302143827356,4229800
2018-10-17,32.57505416870117,33.03964669488735,32.27128226343434,33.03964669488735,2745300
2018-10-18,31.279556274414062,31.967510396226448,31.074064015934127,31.89603645808134,6378000
2018-10-19,31.913902282714844,32.476770986434445,31.726275973247887,32.33381971764782,3590300
2018-10-22,33.32555389404297,33.486374537307746,32.87883064235813,33.271949285106665,3585400
2018-10-23,32.25341033935547,32.67333119453786,31.27062076433856,31.35996403180294,7775600
2018-10-24,30.421852111816406,31.56546592942989,30.421852111816406,31.53866021730326,6904600
2018-10-25,31.217016220092773,31.252754894331908,30.511196149121535,30.654147437850494,5014500
2018-10-26,29.5909423828125,30.046601933386295,29.197827212783682,29.546270746618127,9837200
2018-10-29,28.724302291870117,29.74283061307255,28.34905304245333,29.698158976011072,10730900
2018-10-30,28.90298843383789,28.94766347849883,28.179299062223222,28.402660652618348,5641800
2018-10-31,30.672019958496094,30.877512244358314,29.045944194116768,30.466524264405955,7051500
2018-11-01,33.21833419799805,33.26300583201336,31.4939825408346,31.88709769168748,11069400
2018-11-02,33.81694793701172,34.61211816788268,33.218340430789276,34.567443117257724,8930700
2018-11-05,33.79014205932617,34.02244002838613,33.45956785067814,33.50423948835045,6735700
2018-11-06,33.41489791870117,33.8348154241289,33.066450947324434,33.146861262530194,4414600
2018-11-07,34.53171157836914,34.558513885056996,33.933100599257294,34.14752927744482,5928700
2018-11-08,32.61079788208008,33.388095397842264,32.432107896971026,33.37022605850856,7969100
2018-11-09,31.109804153442383,31.529725062578017,30.609472929966472,31.520788689747086,8848100
2018-11-12,30.135950088500977,30.66308366074821,29.84111451526597,30.63628135633446,4188900
2018-11-13,31.35996437072754,32.101526449959664,30.779226309478346,31.04725952299545,6534200
2018-11-14,32.70014190673828,33.254081213870634,32.57505993681422,32.79842157117235,9505300
2018-11-15,33.620391845703125,33.647194149349836,32.619729338673395,32.74481470822298,5070900
2018-11-16,33.477439880371094,33.70973445988971,33.01284731310611,33.120059933789484,3011200
2018-11-19,32.59292984008789,33.34342508083651,32.39637050782122,33.14686574856984,4382200
2018-11-20,31.744150161743164,32.20874270839543,30.645211475869164,31.154475661805225,4423400
2018-11-21,33.19153594970703,33.72760243976321,32.8877640298145,33.68293080029647,3188600
2018-11-23,33.084320068359375,33.30768167488782,32.9503051493789,33.084320068359375,794500
2018-11-26,34.218997955322266,34.55850855667688,34.16539335021154,34.45129593822772,3587900
2018-11-27,34.70146179199219,34.86228243277656,34.20113053085993,34.469167204319135,3010600
2018-11-28,36.649173736572266,36.72064768019357,34.70146020564649,35.98802186487959,6287100
2018-11-29,35.487693786621094,35.84507031868335,35.03203419234002,35.55916772974246,5179200
2018-11-30,35.80933380126953,35.8629384046825,35.157114921772674,35.8629384046825,3858500
2018-12-03,37.04228973388672,38.09655683845996,36.944010077120566,37.87319522152881,6944400
2018-12-04,36.273929595947266,37.623035833334626,35.9701576239989,37.48008451760764,5935900
2018-12-06,35.21072006225586,35.246458733768684,34.013501832394574,34.57637397992604,5508700
2018-12-07,35.451961517333984,36.300736472730705,35.30901019703136,35.845076796109126,8242100
2018-12-10,34.978431701660156,35.62171086155242,34.18326145685476,34.8890850070724,6641100
2018-12-11,35.76465606689453,36.077364332293946,35.30899993098273,36.005886988810424,3944000
2018-12-12,36.18458557128906,36.952950155897135,36.18458557128906,36.684916870348026,4802100
2018-12-13,35.907615661621094,36.22032399944187,35.60384369791903,36.1041749934954,4015800
2018-12-14,35.246463775634766,35.66638129718245,34.933755467506806,35.451956053887415,4190200
2018-12-17,34.183258056640625,35.1124431385596,34.156455755044284,35.10351017410334,5361000
2018-12-18,34.3172721862793,34.74612600053734,34.11177994662818,34.61211110070947,3104800
2018-12-19,33.86161422729492,34.933747000365194,33.38808539735435,34.48702387551026,4614200
2018-12-20,34.16539001464844,34.99629198679309,33.86161811850999,34.30834129470021,5663000
2018-12-21,35.32686996459961,36.27392092687031,35.13924704659059,35.988018363743976,9151500
2018-12-24,34.755062103271484,35.18391591421201,34.665715429183585,34.728256396931556,2329700
2018-12-26,35.71998596191406,35.71998596191406,34.21899576671674,35.02309887422511,4585300
2018-12-27,35.594905853271484,35.6038388179377,34.44235914235368,34.656787784847,3796000
2018-12-28,35.222312927246094,35.82990259371119,35.03467584426018,35.66906983444192,3809900
2018-12-31,35.26698303222656,35.740544151519344,35.08827962977218,35.69586915302673,3526300
2019-01-02,35.30272674560547,35.543975867006324,34.69514053170653,34.73087849124097,3838100
2019-01-03,34.3019905090332,34.85596805045657,34.10541640367989,34.62365598743525,4245600
2019-01-04,36.294525146484375,36.70554403448029,35.222308036401714,35.35633645334363,6018000
2019-01-07,36.54471206665039,36.67873707792872,35.919251788565276,36.17837158224807,2376200
2019-01-08,36.41961669921875,36.634061485697366,36.0979546322272,36.54471147961375,3312500
2019-01-09,37.82243347167969,38.197707558993976,37.32206461344331,37.32206461344331,6503500
2019-01-10,37.92965316772461,38.036873845818455,37.34886796178881,37.66159976824805,3390500
2019-01-11,37.6258544921875,37.67946312141606,37.27738476826765,37.38460543520832,2886800
2019-01-14,36.9378547668457,37.37567795910286,36.571514303317926,36.7680883988396,3006300
2019-01-15,37.616920471191406,37.724144555232066,37.330996397383956,37.438220481424615,3156300
2019-01-16,38.090492248535156,38.376416376844695,37.51864399191608,37.536511267511514,5530100
2019-01-17,38.33173751831055,38.69807798391794,37.670535907746796,37.670535907746796,3583300
2019-01-18,38.849971771240234,39.33246994386101,38.51937268636331,38.8767760891134,5836100
2019-01-22,37.7152099609375,38.421086555220754,37.47396086889827,38.421086555220754,4023800
2019-01-23,37.69734191894531,38.331739238799855,37.48290053888305,38.0636824009956,2764100
2019-01-24,38.27812576293945,38.42108781381428,37.849239610314974,37.89391461212258,2730000
2019-01-25,39.37714767456055,39.40395199429301,39.046548566751454,39.14483561708274,6127600
2019-01-28,38.849971771240234,38.849971771240234,38.206640874412535,38.45682700566995,4462500
2019-01-29,39.03761291503906,39.36821544313666,38.93932926968271,39.18057497285705,4655700
2019-01-30,39.895389556884766,40.100897306534115,39.24312153208259,39.32353790442228,3364100
2019-01-31,39.85964584350586,40.01154153316053,39.53798037307927,39.57372173834538,4195900
2019-02-01,39.54691696166992,39.67201174943754,39.16270918607924,39.582658329603525,4137400
2019-02-04,39.770294189453125,39.94006397773427,39.403953700482084,39.49330711759963,2207700
2019-02-05,40.654869079589844,40.690610441871776,40.011538192450715,40.06515023587362,2912700
2019-02-06,40.04728698730469,40.96760508172535,39.886454235670165,40.94973780575222,3830700
2019-02-07,39.225250244140625,39.806032066304994,38.867843423974826,39.40395024573948,2144500
2019-02-08,39.52010726928711,39.62732795003247,39.01080477514164,39.13589613742523,1806300
2019-02-11,39.93112564086914,40.39575316940661,39.90432132084259,40.14557042653421,2945700
2019-02-12,39.86857986450195,40.16344101806048,39.72561781054503,40.02941260126402,2992200
2019-02-13,39.189517974853516,39.654145585498185,38.96613951253308,39.5111835059525,3377500
2019-02-14,38.33173751831055,38.64446593706656,38.15303410395676,38.4300211581452,5024300
2019-02-15,38.304927825927734,38.69807599903774,38.26025282675177,38.3496028251037,2446200
2019-02-19,38.635536193847656,38.894652591866,38.18877931718121,38.33174138137509,3154400
2019-02-20,38.796363830566406,39.252057733513524,38.73381814325748,38.814234513866715,2882100
2019-02-21,38.4836311340332,39.0822870286296,38.26918977513595,38.97506294069703,3531200
2019-02-22,39.475433349609375,39.537979032462225,38.95719379627536,39.31460061984944,2688400
2019-02-25,39.45756149291992,39.797097624358805,39.350340812433316,39.53797785540587,3973500
2019-02-26,39.33246612548828,39.44862383913542,39.00186707270573,39.09121706259821,2560300
2019-02-27,38.957191467285156,39.02867419112013,36.27665067618341,38.8231664728204,4333900
2019-02-28,38.25132369995117,38.626597827453004,38.215582333003084,38.34067370883703,3352500
2019-03-01,38.099422454833984,38.44789224179534,37.911785401621586,38.37641292039812,2850300
2019-03-04,39.13589859008789,39.52904679159963,38.6534003837694,39.475434743625065,2941500
2019-03-05,41.610931396484375,41.80750549486982,40.49403930744736,40.842509093869445,7615900
2019-03-06,41.039085388183594,41.55732157281491,40.967602654587914,41.55732157281491,2347400
2019-03-07,39.7166862487793,40.33320949959413,39.54691645750123,40.33320949959413,4581000
2019-03-08,38.984004974365234,39.13590067231515,38.644468802763015,38.84997655153993,5227100
2019-03-11,40.681678771972656,40.753161505980906,40.25279259337624,40.368950331897466,4059700
2019-03-12,40.86037826538086,40.87824894716273,40.35107576429165,40.69061190117913,3464900
2019-03-13,40.76209259033203,41.05695373692072,40.73528827100002,40.78890031814819,1884000
2019-03-14,40.654869079589844,40.82463543770316,40.34214068083272,40.80676475656219,1686700
2019-03-15,41.06588363647461,41.146299995636106,40.842505239746416,40.86037592050273,3000400
2019-03-18,41.85218048095703,41.98620889498461,41.71815206692945,41.950467530112704,2734500
2019-03-19,42.04875564575195,42.16490997180544,41.86111517965738,42.093430648732856,2876000
2019-03-20,41.995147705078125,42.4329709574813,41.45904079989649,41.959406335803465,3969400
2019-03-21,41.90579605102539,41.99514606223211,40.44043064445036,40.50297974247639,4916600
2019-03-22,40.4404296875,41.35181409587689,40.36895036192295,41.20885203623842,4217500
2019-03-25,40.190250396728516,40.58339524247369,39.993676269613594,40.118771064995144,2739000
2019-03-26,40.04728698730469,40.342148168129484,39.81497490632401,40.234924061383445,2416600
2019-03-27,40.190250396728516,40.538720234079754,39.92219693788022,40.40469520889794,2237000
2019-03-28,40.270660400390625,40.28853108261621,39.8060328879779,40.11876471419937,2966300
2019-03-29,41.08375930786133,41.28926704879716,40.8067688352169,41.00334293893128,3690100
2019-04-01,42.147037506103516,42.18277887037008,41.46796862745929,41.46796862745929,3604900
2019-04-02,41.87898635864258,42.093431147369145,41.843248400925056,41.950469091046195,2229200
2019-04-03,42.88865661621094,43.17458072097361,42.70995319861322,42.88865661621094,3994200
2019-04-04,42.93333435058594,43.06736277443427,42.62953954388285,42.736763646355286,4026700
2019-04-05,43.48731231689453,43.54986141482694,43.06736317467023,43.192454553566165,2445200
2019-04-08,43.4337043762207,43.558795757140096,42.98694749666029,43.201388890097974,2294300
2019-04-09,43.46050262451172,43.71068535138654,43.424761261105594,43.639206033058315,2124900
2019-04-10,45.0330924987793,45.78364415404177,44.282540843516834,44.282540843516834,9060400
2019-04-11,44.318275451660156,44.59526590880851,44.193184086652536,44.479108180522545,2357400
2019-04-12,44.84545135498047,45.30114525051862,44.72929702814344,45.21179183546983,4097900
2019-04-15,44.050228118896484,44.42550567419382,43.81791603874825,44.237865192302884,1730400
2019-04-16,44.94374084472656,45.033094264621255,44.61314171232732,44.77397445965332,2406900
2019-04-17,44.916934967041016,45.21179272126826,44.77397290864628,45.07776770879563,2318800
2019-04-18,45.006282806396484,45.1403112208943,44.64887938187593,44.93480348488604,2289400
2019-04-22,44.48804473876953,44.5684611023205,44.21999132976097,44.41656201184244,3040300
2019-04-23,44.85439682006836,44.961617529768375,44.514860596119256,44.65782267854758,1719200
2019-04-24,44.30040740966797,44.72035649798175,44.21999104663188,44.72035649798175,2041300
2019-04-25,43.46943664550781,43.66600731359836,43.15670485018651,43.621332316690676,2815800
2019-04-26,44.09489822387695,44.23786027464931,43.61240343282286,43.916198216774625,2535200
2019-04-29,44.407630920410156,44.58633433948613,44.14851113317421,44.505917971326156,1383700
2019-04-30,43.996620178222656,44.3718943310405,43.87152538546545,44.14851588527238,1320500
2019-05-01,43.871517181396484,44.7203557982776,43.871517181396484,44.05915763120082,1983700
2019-05-02,43.97874069213867,44.26466477282151,43.70175024776546,44.05915705286097,2868000
2019-05-03,44.46124267578125,44.73823316518311,44.18425559486385,44.202126278872136,2016000
2019-05-06,43.156707763671875,43.19244912700441,42.21851913133892,42.41509322118385,5470600
2019-05-07,42.40616226196289,42.888660510745055,42.05769244067061,42.84398550440992,6144300
2019-05-08,43.83578109741211,44.18425087715534,43.52304927338515,43.86258541632033,6302500
2019-05-09,42.656341552734375,42.99587427290621,41.744957254858704,42.31680542407859,5542800
2019-05-10,43.29967498779297,43.57666547402621,42.441902616114085,43.0673629153116,3782900
2019-05-13,41.7092170715332,42.0308825279358,41.21778525024436,41.691346389679275,6897100
2019-05-14,42.05768966674805,42.26319740912293,41.77176555488002,42.00407761759119,4197100
2019-05-15,41.575191497802734,41.78963628619355,40.61019847125477,41.557320814729806,8520900
2019-05-16,41.93088912963867,42.30719376419942,41.73378043326214,41.814413478725456,3543800
2019-05-17,40.12105178833008,40.54215370504399,39.99561804747396,40.54215370504399,5606000
2019-05-20,38.2574577331543,38.79503187492264,38.14098208257304,38.571042079550324,4912400
2019-05-21,38.83087158203125,39.04590329230363,38.311213609263966,39.03694178639353,4226100
2019-05-22,38.49039840698242,38.64271321656875,38.23953097685483,38.51727950150495,3363200
2019-05-23,37.200218200683594,37.3435715043971,36.76119678554154,37.21813779087433,5497400
2019-05-24,36.608890533447266,37.29877947245607,36.599929028188036,37.253982199598425,6120000
2019-05-28,36.84184265136719,37.442137113882936,36.64473394450163,37.442137113882936,3005600
2019-05-29,37.13750457763672,37.13750457763672,36.671605445547,36.80600067477366,2844300
2019-05-30,37.262939453125,37.451090045604126,37.05686926834128,37.05686926834128,3161000
2019-05-31,37.41524887084961,37.54068601030969,36.850797123435854,36.96726934050134,2840100
2019-06-03,38.32912826538086,38.52624035625243,38.17681686266202,38.311208673682295,3087500
2019-06-04,37.979705810546875,38.30225163431748,37.44213171613769,37.7646775399083,5930200
2019-06-05,37.46005630493164,38.078266937743436,37.19126580406172,38.04242774858569,3168800
2019-06-06,37.72883987426758,38.00658501984049,37.28981839250461,37.61236422925897,2292100
2019-06-07,38.35601043701172,38.6158359793926,38.07826188461722,38.35601043701172,3266900
2019-06-10,38.92045974731445,39.50283449463105,38.893582069621004,39.36843927053875,4475500
2019-06-11,39.332611083984375,39.71787382160645,39.08174017853381,39.574517065455744,3455400
2019-06-12,38.32912826538086,38.60687680998965,38.16785535790642,38.60687680998965,2363400
2019-06-13,37.979705810546875,38.45456304120208,37.827394403662275,38.42768536182544,1984400
2019-06-14,37.424217224121094,37.75572118025702,37.298783479519024,37.63028743565495,2616400
2019-06-17,37.55860137939453,37.94386404066724,37.50484602430416,37.79155264416117,2567500
2019-06-18,39.26988983154297,39.466998513636476,38.29329425499057,38.391846887130924,5141800
2019-06-19,40.00457000732422,40.040405769151,39.28780008579198,39.6461850465581,3332200
2019-06-20,40.75718688964844,40.96325710247714,40.40775991887293,40.81094225606527,2275900
2019-06-21,40.70342254638672,40.76613941051634,40.31815985655462,40.35399904114662,2958200
2019-06-24,40.45255661010742,40.85573548957454,40.4077559187774,40.85573548957454,2746800
2019-06-25,39.368446350097656,40.02249616148426,39.243012607888325,39.8433070542213,3252900
2019-06-26,40.27336502075195,40.569029766988045,40.27336502075195,40.30024270191534,2638700
2019-06-27,40.64070510864258,40.6944604669591,40.13896678487454,40.16584788184551,1847900
2019-06-28,40.55111312866211,40.65863069677662,40.28232604400226,40.434640889924545,1633200
2019-07-01,41.64418029785156,42.459502976205094,41.402270920606504,41.77857553559199,3366800
2019-07-02,41.40226745605469,41.71585517860364,41.303711412333946,41.69793558721691,1979800
2019-07-03,41.35747146606445,41.36642955312868,41.06180674356716,41.0707648306314,609400
2019-07-05,40.90053176879883,41.11556002561027,40.69445818078679,41.07972084353752,1678200
2019-07-08,40.1748046875,40.36295527123179,39.96873451229672,40.3271160882888,2360800
2019-07-09,40.336082458496094,40.398799327305284,39.87914136538569,39.88810287110873,2150400
2019-07-10,40.81990051269531,41.3664327286989,40.676547183974,40.94533424809984,3305000
2019-07-11,40.631744384765625,40.972209804503336,40.53319175335332,40.963251717215954,1415800
2019-07-12,40.69446563720703,40.78406360880588,40.55111230046202,40.70342714327349,1547200
2019-07-15,41.30371856689453,41.438113816668455,41.07077067414133,41.1962044177633,2001200
2019-07-16,41.30371856689453,41.527708371308954,41.21412401225403,41.321638161385266,1414400
2019-07-17,41.18724060058594,41.62625864219869,41.14243991168395,41.61730055510591,2530100
2019-07-18,40.81093978881836,40.98117421968197,40.613831094184256,40.82885938247837,2525500
2019-07-19,40.97221374511719,41.54562708541695,40.882619192375266,41.375396068082054,2366200
2019-07-22,40.77509689331055,41.142439985401175,40.74821921417136,41.079723122201266,2854900
2019-07-23,41.35747146606445,41.5097862886579,40.990128375802556,41.17827896446562,2614400
2019-07-24,42.020484924316406,42.10112138342012,41.769614041653256,41.79649513989641,1948800
2019-07-25,42.26239013671875,42.54013869490226,41.93984772381853,42.531180607521485,2527300
2019-07-26,42.4326286315918,42.656618433559395,42.29823338328598,42.450548225886784,2321500
2019-07-29,42.584938049316406,42.78205015945804,42.33407057663649,42.6655745109368,2498600
2019-07-30,42.26239013671875,42.45950223722401,42.1190368139366,42.33406850701623,1997900
2019-07-31,41.66210174560547,42.145920521636015,41.06181073734807,42.12800092795195,1910300
2019-08-01,40.92741394042969,42.58493698845248,40.703424154598885,42.2534330624105,5596000
2019-08-02,40.219600677490234,40.60486333733685,40.09416695899366,40.25543985929283,4900600
2019-08-05,37.92595291137695,38.2574568438343,37.567567879986925,38.16785887708031,7300400
2019-08-06,38.338096618652344,38.76815664280363,38.07826761932763,38.75919513644719,4398800
2019-08-07,38.88462448120117,39.0369358804989,37.970745831977084,38.320169317719,3722200
2019-08-08,39.278846740722656,39.350521690839635,38.99214010462935,39.11757383069358,4670200
2019-08-09,38.51728439331055,38.92046326641694,38.23057432813578,38.642718124304785,3389400
2019-08-12,38.320167541503906,38.48144043788064,37.96178256781952,38.33808713196937,4262300
2019-08-13,38.848785400390625,39.556593878283195,37.970745931458254,38.01554320090951,5033500
2019-08-14,37.16438674926758,37.415254228485274,36.9314388639673,37.415254228485274,10273500
2019-08-15,37.43317413330078,37.585488973957325,37.12854786980079,37.451093727367024,3962200
2019-08-16,37.53173065185547,37.63924479975785,37.04791185957504,37.24502397890702,4240200
2019-08-19,38.293296813964844,38.83982904218715,38.09618470088639,38.82191286628277,4409700
2019-08-20,37.82740020751953,38.09618729596412,37.7646833341429,37.95283395427279,2580000
2019-08-21,38.07826232910156,38.257454835389304,37.93490900763393,38.21265756327056,2143100
2019-08-22,37.719879150390625,38.0155473128121,37.52277045992259,37.899071665390345,2856900
2019-08-23,37.0568733215332,38.1141054584526,36.83288351994542,37.648206261012426,5718000
2019-08-26,36.96726989746094,37.4062913476542,36.9135145404093,37.28981571102127,2729000
2019-08-27,36.94935989379883,37.49589214936038,36.93144029918503,37.28086384962116,3395200
2019-08-28,36.3580207824707,36.537209862621395,36.151947188234686,36.31322009462041,4941400
2019-08-29,36.64472579956055,37.08374381154873,36.6268062087715,36.931432416560476,3974500
2019-08-30,36.976234436035156,37.08374857677247,36.78808383529164,37.00311211676626,2222300
2019-09-03,37.92595291137695,38.060344734788494,37.3973368698738,37.43317263876243,4442700
2019-09-04,39.08173751831055,39.198213165848124,38.723355905767704,38.974223376328986,4464600
2019-09-05,39.16236877441406,39.422197715999054,39.07277423763907,39.278844406471556,3185000
2019-09-06,39.2250862121582,39.38635911498144,39.17133085642549,39.26988689901886,3890900
2019-09-09,39.20717239379883,39.404284508008146,39.00110219158593,39.010063697402565,3543500
2019-09-10,38.8398323059082,39.126538993852705,38.7412796589006,38.95630796595232,4004700
2019-09-11,39.538673400878906,39.84329961125837,39.422197768665804,39.58347066932625,3606400
2019-09-12,39.825382232666016,40.25544218571341,39.73578427298155,39.98665514228538,2741700
2019-09-13,39.9508171081543,40.03145356528461,39.807463786346275,39.9149779232491,2823900
2019-09-16,39.395320892333984,39.71786670021443,39.225086483834545,39.55659379627421,3232300
2019-09-17,39.54763412475586,39.60139290116519,39.216130214763496,39.24300789406179,2331600
2019-09-18,38.94734573364258,39.29676925878647,38.66959716395266,39.26989157771784,4042200
2019-09-19,38.66959762573242,39.05486034211046,38.63375843867098,38.723356406324584,2629200
2019-09-20,38.320167541503906,38.678549097375885,38.132016968335186,38.53519579146461,2857700
2019-09-23,38.409767150878906,38.517284707877344,38.13202200649844,38.14994159933151,2350400
2019-09-24,37.872188568115234,38.347045759812175,37.79155211878816,38.30224849192213,1718000
2019-09-25,37.85427474975586,37.91699161792805,37.40629516691851,37.567568090165,2780000
2019-09-26,37.62132263183594,37.89906775450207,37.52276658786566,37.76467594548018,2944300
2019-09-27,36.635772705078125,37.92595619555458,36.349066022264076,37.60341032293547,5930500
2019-09-30,37.29877853393555,37.65716012559186,37.28981702890181,37.54068790265525,3637600
2019-10-01,37.16438674926758,37.567569067876775,37.02999492160656,37.37941845846351,2266000
2019-10-02,36.814964294433594,36.895600760525404,36.438659646734074,36.67161095669405,3348800
2019-10-03,37.34357452392578,37.415249472671846,36.770161262706694,37.08374557186943,2675000
2019-10-04,37.110626220703125,37.17334650536834,36.64473047203247,36.82391956714599,2473900
2019-10-07,36.73432159423828,37.003108629657994,36.662643228626315,36.922472177250825,1749300
2019-10-08,36.42970275878906,36.77912631742949,36.37594397368543,36.56409801264151,3577800
2019-10-09,36.34010696411133,36.61785213315682,36.19675362652919,36.420743430114605,3148800
2019-10-10,36.671607971191406,36.94935653574301,36.41177899962503,36.60889110464958,4892000
2019-10-11,37.325660705566406,37.47797554915636,37.19126545638781,37.227104645210524,1631900
2019-10-14,37.17334747314453,37.48693181557,37.12854678038689,37.253983935170076,3517700
2019-10-15,37.71091842651367,37.73779610565024,37.37045301359539,37.46005097373846,4626200
2019-10-16,37.522769927978516,37.77363739473391,37.37941660157359,37.77363739473391,3409400
2019-10-17,37.675079345703125,37.809474577379696,37.54964561897177,37.7377962090688,2424800
2019-10-18,37.31670379638672,37.83635837948328,37.28086460643157,37.701966543871386,3268800
2019-10-21,37.22710418701172,37.22710418701172,36.88663873301278,37.10167044548925,2249000
2019-10-22,36.9941520690918,37.40629243492611,36.94039329266495,37.34357557133448,2324200
2019-10-23,36.366981506347656,36.42074028497852,36.026516077311236,36.31322272771679,3758200
2019-10-24,36.18778610229492,36.420737373258774,36.11611115433015,36.33113941603706,5436500
2019-10-25,36.393863677978516,36.429702868155196,35.98172324438654,36.026520523200745,5175600
2019-10-28,36.823917388916016,36.97623221212818,36.77016203068689,36.90455384407241,5281400
2019-10-29,35.9727668762207,36.21467287694974,35.96380536934129,36.21467287694974,4333500
2019-10-30,36.16987228393555,36.23258915509471,35.87420752244424,36.09819732453071,2229400
2019-10-31,36.28634262084961,36.537210068725805,36.16090889691151,36.46553511982374,2433200
2019-11-01,36.814964294433594,36.92247844328495,36.68953055113814,36.77016701722996,3218000
2019-11-04,37.60340881347656,37.621328407659774,37.3883771010911,37.621328407659774,3684300
2019-11-05,37.97074890136719,38.16785758593222,37.94386780334385,37.97074890136719,2907300
2019-11-06,38.07826232910156,38.23057373786783,37.94386709493256,38.13202110633171,2183800
2019-11-07,38.27537536621094,38.35601182512678,38.12306053589752,38.20369699481336,3161400
2019-11-08,37.442134857177734,37.59444627683982,37.271900426010674,37.59444627683982,2835300
2019-11-11,37.352535247802734,37.477972398135904,37.02999282895606,37.09270969521621,3286400
2019-11-12,37.809471130371094,37.89010757846304,37.567561786095254,37.701957005519304,3586100
2019-11-13,36.50137710571289,37.18230455272021,36.08923330108469,36.10715289413921,5947000
2019-11-14,36.62680435180664,36.779115739072765,36.52824831636983,36.66264011375542,3649400
2019-11-15,36.698482513427734,36.78808047069172,36.59992646934365,36.62680756542915,2863800
2019-11-18,37.549652099609375,38.060348599620326,37.477977136740925,38.033470915771325,4090700
2019-11-19,38.36497497558594,38.4814506355716,38.320177696457094,38.391852659500586,4271600
2019-11-20,38.03346252441406,38.329127234960275,37.91698689041098,38.329127234960275,2880900
2019-11-21,37.92595291137695,37.970750185847464,37.71987929674926,37.854274537973765,1679700
2019-11-22,38.1678581237793,38.212658815178564,38.03346630302019,38.096183169603684,1880500
2019-11-25,39.08173751831055,39.144454385950866,38.660639038127385,38.71439440021169,3442800
2019-11-26,38.51728439331055,38.52624248074749,38.248493920822504,38.42768642987692,3366700
2019-11-27,38.436649322509766,38.50832427803096,38.266414894747626,38.35601286141532,2121500
2019-11-29,37.764678955078125,37.97074914625088,37.701962088973936,37.97074914625088,1557400
2019-12-02,37.540687561035156,37.91698874152186,37.540687561035156,37.90803065438239,3318800
2019-12-03,37.352535247802734,37.36149675316154,36.92247527152763,37.31669947980613,2734900
2019-12-04,37.89011764526367,38.04242907778607,37.65716632541219,37.666127831921344,3100800
2019-12-05,37.81843566894531,37.96178899914289,37.675082338747735,37.88115253729344,2574500
2019-12-06,38.293296813964844,38.49936701499549,38.275377220247435,38.481447421278084,3043100
2019-12-09,38.1230583190918,38.49936291142171,38.09618064028704,38.284331227545664,2507800
2019-12-10,38.597923278808594,38.741276611504645,38.34705238323072,38.49936722174011,2703600
2019-12-11,39.3863639831543,39.45804235674079,38.938384401677624,39.01006277526412,3482200
2019-12-12,41.017005920410156,41.115561966857214,40.01353269968247,40.04041037859979,7248600
2019-12-13,41.070770263671875,42.11008280905518,40.95429460955277,41.19620400604023,5258300
2019-12-16,41.53666687011719,41.83233161327462,41.34851626830674,41.34851626830674,3050000
2019-12-17,42.719337463378906,42.97020496055924,42.450550370998066,42.48638614358575,6892000
2019-12-18,43.391300201416016,43.516733930632846,43.194188102467976,43.230027287333584,3425200
2019-12-19,43.265865325927734,43.28378491788578,42.96123909826633,42.97915869022438,3783100
2019-12-20,43.140438079833984,43.3017110138673,43.095637384303345,43.15835425667039,4489100
2019-12-23,43.418174743652344,43.44505583926544,43.185226894484884,43.35545788357601,1739200
2019-12-24,43.3106575012207,43.409213536488046,43.28377982535226,43.3106575012207,572600
2019-12-26,43.73176574707031,43.78552110670965,43.38233882035062,43.44505910295118,1584300
2019-12-27,44.117034912109375,44.22454906497122,43.97368156902249,43.991597746321716,2065900
2019-12-30,43.5615348815918,44.0363955766312,43.47194032967428,43.91991992488798,2571800
2019-12-31,43.01499557495117,43.391300180230715,42.72828893179189,43.391300180230715,1931300
2020-01-02,44.6904411315918,44.699399218807635,44.081188666532235,44.081188666532235,4293200
2020-01-03,43.92887496948242,44.15286475157085,43.722804780098606,43.722804780098606,2728500
2020-01-06,43.69593048095703,43.72280816318722,43.27482856434757,43.301709664390856,4712100
2020-01-07,44.6008415222168,44.78003402022656,44.07222553288495,44.38581325885518,4667000
2020-01-08,44.484371185302734,44.788997419460976,44.06326930983944,44.09014698944339,2925200
2020-01-09,45.22801208496094,45.236973589366826,44.70835761723222,44.788994067822664,2874000
2020-01-10,46.07918167114258,46.29420996396196,45.78351349624956,45.85519187239808,5373200
2020-01-13,46.86762619018555,47.04681529290613,46.554038424798414,46.58091952445694,4920700
2020-01-14,46.04334259033203,46.231493201440585,45.89998925551412,46.18669592514995,3395200
2020-01-15,45.84622573852539,46.079177019679726,45.756631195196945,46.0343797480155,3149400
2020-01-16,46.18669509887695,46.339009936915964,46.01646408489268,46.02542217286531,2269800
2020-01-17,46.23148727416992,46.24940686595135,46.00749750362101,46.09709546252817,1846200
2020-01-21,44.09014892578125,44.63668455381592,44.03639356421254,44.53812850052273,6423300
2020-01-22,44.6904411315918,44.98610585909299,44.44853176301114,44.788997180029774,4748200
2020-01-23,44.66355895996094,44.71731773540108,43.90199510586187,43.91991469767525,4581700
2020-01-24,43.83928298950195,44.52021046306496,43.63321278805771,44.466455099617875,4248300
2020-01-27,42.48638153076172,42.73725241851786,41.4470690466661,41.55458660619571,9271000
2020-01-28,43.203147888183594,43.43609574491355,42.46846171674182,42.602853527920104,7210600
2020-01-29,44.376853942871094,44.40373504047657,43.92887438465818,44.36789585554446,6089200
2020-01-30,43.97367858886719,44.090150822485164,43.07771940084117,43.10459708278177,5431100
2020-01-31,42.92539978027344,42.98811664302436,42.58493436975939,42.943319372175516,5588800
2020-02-03,44.29621887207031,44.38581683720482,43.58841374547863,43.68696638040725,5344100
2020-02-04,45.78350830078125,46.231487847433954,45.78350830078125,45.99853998701214,4850900
2020-02-05,45.55056381225586,46.18669399531741,45.02194777136217,46.09709944647968,5240500
2020-02-06,46.070213317871094,46.2404477270156,45.64911488293157,45.95374110066047,3259800
2020-02-07,45.73870849609375,45.94477866600171,45.550557917196805,45.783505764715045,4114900
2020-02-10,46.554039001464844,46.65259505986982,45.6939189936247,45.747677775794614,3547500
2020-02-11,47.217044830322266,47.70982164734261,47.082649599401854,47.24392250938127,5289400
2020-02-12,47.92485427856445,48.15780214323364,47.315601810583175,47.60230845224345,4969300
2020-02-13,47.95173645019531,48.157806654579666,47.62023250556075,47.84422230395415,3460700
2020-02-14,47.75462341308594,47.88005715091748,47.539595124749866,47.7635849188242,2513300
2020-02-18,47.351436614990234,47.378317711845796,46.94825775809655,47.01993270814841,2692100
2020-02-19,47.6650276184082,47.79046135296562,47.37832096290183,47.3962405560976,3497100
2020-02-20,46.82282257080078,47.306641320664546,46.616752381298696,47.306641320664546,3589000
2020-02-21,46.11501693725586,46.48236003924274,45.882065652398154,46.35692630946373,4103500
2020-02-24,44.26934051513672,44.56500866884435,43.62424884727487,43.65112994531101,4669900
2020-02-25,45.16529846191406,46.00749879235664,45.07570391830989,45.8283097051483,7824400
2020-02-26,45.73870849609375,46.19564952234348,45.702869314071705,45.85518412875912,6239400
2020-02-27,44.65460205078125,45.49680238134828,44.4933291380197,45.03090323534968,8508600
2020-02-28,44.484371185302734,44.529168457246904,43.14939060736472,43.19418787930889,7163400
2020-03-02,44.99506759643555,45.01298718877249,44.206622622673635,44.48437117717719,6001300
2020-03-03,44.96818542480469,45.85518642632438,44.69044029474879,45.68495542990907,5335900
2020-03-04,45.899986267089844,46.025419999662226,45.452006697723974,45.49680397109798,4213600
2020-03-05,46.30316925048828,46.545078631674734,45.78351130175896,46.285249657310075,6867200
2020-03-06,44.87859344482422,45.33553110223904,44.367897008614115,45.021946770465426,4817400
2020-03-09,42.7910041809082,43.57049104176951,42.558056323815414,42.99707777709865,6861700
2020-03-10,44.40373992919922,44.70836619903498,43.52570030856983,44.439575700263944,5071600
2020-03-11,42.674537658691406,43.48089888811132,42.567020093851596,43.28379018819789,6092900
2020-03-12,39.135494232177734,40.1748066639669,38.9742213188128,39.0817354551185,11802900
2020-03-13,41.42914962768555,42.647651113306665,39.99561303984058,42.62973493926735,8499900
2020-03-16,37.68404769897461,38.956308207386584,36.55513711760998,36.95831946809735,9104500
2020-03-17,39.9060173034668,40.49735014562512,38.660634758452495,38.90254069667913,8603800
2020-03-18,37.88114547729492,39.28780083576355,36.91351153325473,37.262934996875146,8460300
2020-03-19,40.58694839477539,41.00805028465253,39.19821241009462,39.50283865467987,7809200
2020-03-20,40.54214859008789,41.87712913037256,40.389837186211125,41.832328441879234,8911100
2020-03-23,41.590423583984375,41.930889030100055,40.40775773728047,41.276839237439034,8613400
2020-03-24,43.3823356628418,43.44505594087737,41.13347994587152,42.84476159869802,11939500
2020-03-25,44.1259880065918,44.88755191470731,43.534655106058615,43.84823944050314,5177200
2020-03-26,45.78350830078125,45.87310626079942,44.75315739416765,44.88754920747584,7463400
2020-03-27,43.498817443847656,44.224545609032795,43.18523309841687,43.409222893099724,3762200
2020-03-30,44.47541427612305,44.48437578212559,43.58841657940655,43.90200093323296,3769000
2020-03-31,43.98263168334961,44.37685245091057,43.454015685718055,43.454015685718055,2589900
2020-04-01,42.163841247558594,43.42714358479795,42.09216287089755,43.0149997546232,4189200
2020-04-02,43.740726470947266,43.928877076651624,43.006040223881,43.176271236021186,3199500
2020-04-03,42.8358039855957,43.812399499910164,42.602852715495416,43.561528638431966,2865200
2020-04-06,44.744197845458984,44.76211743824606,43.92887517161797,44.33205746479492,2822300
2020-04-07,44.32310104370117,45.38033313319658,44.06327206523927,45.353452034098915,3282500
2020-04-08,44.932350158691406,45.01298661427213,44.260380834789615,44.43061183309882,3214300
2020-04-09,44.32310104370117,45.34449394627501,44.23350307639725,45.156343341656246,4217800
2020-04-13,44.61875915527344,44.681476014152025,43.901992612509254,44.67251792766043,3764500
2020-04-14,46.097103118896484,46.14190039688421,45.53264784637408,45.58640663064729,3212600
2020-04-15,45.658077239990234,45.873108938774216,45.03986665993225,45.24593685328491,2991100
2020-04-16,47.58439254760742,47.78150466070444,47.03785690152062,47.03785690152062,5469800
2020-04-17,46.90346145629883,47.503755880967404,46.79594731225856,47.48583628732519,3703900
2020-04-20,47.002017974853516,47.55751512978832,46.76907009083892,47.082654438130305,2532200
2020-04-21,45.75663375854492,46.312127477488794,45.70287497884857,45.91790667982104,2480400
2020-04-22,47.36039733886719,47.503750654419584,47.20808251857316,47.39623652220845,2719900
2020-04-23,47.002017974853516,47.844221795258456,46.99305988685078,47.56647321779106,2240600
2020-04-24,47.351436614990234,47.44103457482093,46.993055029105555,47.181205618030965,1635600
2020-04-27,47.75462341308594,47.897976744580994,47.539595124749866,47.772543006749444,1963700
2020-04-28,47.88005828857422,48.56098919271479,47.754624547762305,48.390754757773095,2918100
2020-04-29,48.42659378051758,48.53410792687292,48.15780670572267,48.45347488046623,1942400
2020-04-30,47.14536666870117,48.354913498839196,46.903457302673566,48.14884331692221,3097800
2020-05-01,45.73870849609375,46.17772993133246,45.61327477682912,46.13293266271117,5653000
2020-05-04,46.20460891723633,46.312123048534225,45.604317981526094,45.78350706108505,2443600
2020-05-05,46.7421875,47.019936068606455,46.68843213807245,46.76906859877671,2653000
2020-05-06,47.091609954833984,47.378316583840764,46.99305391027304,47.26184094774032,2884800
2020-05-07,47.26184844970703,47.36936259819735,46.93034449813753,47.037858646627846,2647100
2020-05-08,48.892494201660156,48.964172579575454,48.166766005427014,48.39075580969257,5009800
2020-05-11,50.137874603271484,50.17371379053985,49.63613965276642,49.72573420312432,4730200
2020-05-12,49.591331481933594,50.621685744748156,49.519656536017685,50.44249325323965,4110200
2020-05-13,51.81332015991211,52.556964489705734,51.213025742013485,51.82227824772568,9222800
2020-05-14,50.30855178833008,50.38042279298679,49.104739876315115,49.58985887675356,6025700
2020-05-15,48.52080154418945,48.67352572057869,48.15247120077784,48.37706295717512,4853900
2020-05-18,50.03904342651367,50.26363518028887,49.23949733139368,49.50900675052428,3471400
2020-05-19,49.76953125,50.30855005839791,49.7425779106815,50.02107290365262,3537400
2020-05-20,50.865535736083984,51.56626428725858,50.33549909864325,51.206916136553765,5423800
2020-05-21,49.54494094848633,49.82343252255265,49.149657278975766,49.428152280040194,5413200
2020-05-22,47.32597351074219,48.02669866931415,47.074431849100584,47.981781005020736,8033300
2020-05-26,48.43096160888672,49.4550993723905,48.37705835875571,49.419163872303166,5106100
2020-05-27,48.13450622558594,48.51181872627562,47.61345171282607,48.439947720240525,4612200
2020-05-28,46.93967819213867,47.73922431541709,46.93967819213867,47.55955022066953,4071300
2020-05-29,48.79928970336914,48.89811061062708,47.1642622205499,47.290033038151726,6098200
2020-06-01,49.57189178466797,49.75156587170047,49.122708280585805,49.248479113409104,2425100
2020-06-02,50.631961822509766,50.721797146661245,49.96716877199581,50.29058142213785,4676700
2020-06-03,50.56907653808594,50.757732775479894,50.34448480014134,50.47025562507064,3266900
2020-06-04,49.87733840942383,50.44331060347283,49.544943564600636,50.146847835685826,2938900
2020-06-05,50.30855178833008,50.79367078876853,50.30855178833008,50.38940495506982,4014800
2020-06-08,50.11090850830078,50.23667933582713,49.544939784432216,50.03005534389126,4141200
2020-06-09,50.29058837890625,50.40737705805707,49.8144549264429,50.01209335231534,2140700
2020-06-10,52.09629821777344,52.30292219424324,51.26081672374464,51.56626160787342,3594600
2020-06-11,50.200748443603516,51.072162094982865,50.08395977515132,50.874523687215415,2407500
2020-06-12,50.982322692871094,51.647115721326784,50.308547503097465,51.63813013301102,1975100
2020-06-15,51.054195404052734,51.18894839032914,50.12887511536461,50.12887511536461,2104300
2020-06-16,52.17715835571289,52.81499811974563,52.01545201736681,52.68024169545782,3410400
2020-06-17,52.47361755371094,52.64430605396265,52.10528721222171,52.19512254351246,2587600
2020-06-18,53.19231033325195,53.36300226001483,52.967718578667714,53.08450725061102,2364300
2020-06-19,52.95873260498047,53.5606368189887,52.64430211499283,53.47978365607736,2540600
2020-06-22,55.83350372314453,56.05809544620304,54.87225142261393,55.2136283742245,7277000
2020-06-23,57.495487213134766,57.94467070698738,57.11817472325765,57.78296437504059,4458900
2020-06-24,56.570167541503906,56.98341551312696,56.00419540741273,56.597117453175606,2786700
2020-06-25,56.34557342529297,56.50727974248783,55.86943663488687,56.10301394950068,3143200
2020-06-26,55.87841796875,56.19284499102451,55.62687292393288,56.15690949505099,2026100
2020-06-29,56.48032760620117,56.66000167657215,56.09402955435283,56.20183605277413,2531000
2020-06-30,57.495487213134766,57.890770881003846,57.324798719190085,57.56735821711027,4062800
2020-07-01,58.41181945800781,58.44775496056966,57.63024455277558,57.63024455277558,2695800
2020-07-02,59.9120979309082,60.316360342734974,59.36409350794531,60.28941042914603,3891200
2020-07-06,61.07996368408203,61.088949272211394,60.19956795927883,60.361274275629796,3609900
2020-07-07,59.74141311645508,60.298403194904616,59.40901481663884,59.87616955443448,2524800
2020-07-08,63.685237884521484,63.712187798645,62.51735800986191,62.76890653433977,4969700
2020-07-09,64.03559875488281,65.49095576440152,63.34385917965251,65.47298458613793,5876300
2020-07-10,63.24504089355469,63.936780497576336,62.85874279276436,63.74812424193407,3181900
2020-07-13,61.2147216796875,63.21808293683768,61.088950858592405,63.16417626065714,4878100
2020-07-14,60.67570877075195,60.88232934513025,59.768356170144145,60.72960859815562,2870800
2020-07-15,62.71499252319336,63.406738890175866,62.36462997253831,62.95755542995189,2901600
2020-07-16,60.262454986572266,60.42416130726594,59.8312358467239,59.84022143509458,3036400
2020-07-17,60.69367599487305,60.88233225379533,60.46908423129936,60.666726079883674,1377600
2020-07-20,61.98731994628906,62.0951264484168,60.63976951267408,60.63976951267408,2399800
2020-07-21,64.22425079345703,65.33823073691697,62.86772164530159,65.32924514837408,3606200
2020-07-22,62.741947174072266,63.1102809292,62.27479935590626,63.1102809292,3103800
2020-07-23,63.280967712402344,64.42189067917248,62.741942079979914,63.98169280975675,4844500
2020-07-24,61.82561492919922,61.8795147544064,60.44212896558088,60.98114777964094,3280200
2020-07-27,61.38541793823242,61.52017435723875,60.70265710819753,60.846399116203266,3742600
2020-07-28,62.09513473510742,63.01146613649322,61.92444279745839,62.66110352531658,3521600
2020-07-29,63.263004302978516,63.33487530999156,62.688049954867104,62.840770704272465,2203200
2020-07-30,62.041221618652344,62.193949214715595,61.627973629178676,61.78967996018978,2107300
2020-07-31,61.529151916503906,62.20292714466447,60.83741236468399,62.09512749471626,2433300
2020-08-03,62.52634811401367,62.88569632093268,62.274806425369455,62.4454983658053,3002200
2020-08-04,63.95474624633789,64.00864607080301,63.2001144338463,63.20910002258915,2025400
2020-08-05,65.08668518066406,65.25737710072309,64.85311469994726,65.05075653285851,2474000
2020-08-06,65.19448852539062,65.53586549496232,64.20628626273925,64.35900699749534,1856000
2020-08-07,60.38823318481445,61.493220799543586,60.0558349144506,61.02607295713707,9096500
2020-08-10,58.29502868652344,58.34892850825624,57.59430358801437,58.15129354390407,9031000
2020-08-11,59.2473030090332,59.92107828292212,59.06763234426143,59.85819286485235,2973300
2020-08-12,61.08895492553711,61.16082592923211,60.66672134632416,61.08895492553711,3888700
2020-08-13,58.681331634521484,59.41799229369168,58.411818795363224,59.40900670465408,4239400
2020-08-14,58.277069091796875,58.79811673680828,58.16027699657326,58.79811673680828,3080100
2020-08-17,59.37306594848633,59.43595821218788,58.618441032015056,58.887953847323715,2043800
2020-08-18,59.355106353759766,59.516812685026096,58.94185836363384,59.38205626663812,1630600
2020-08-19,58.30401611328125,59.004741233885916,58.16925970070438,59.004741233885916,2362700
2020-08-20,59.525794982910156,59.543759305837135,58.32197972692954,58.32197972692954,1669900
2020-08-21,62.481422424316406,62.840763711401465,59.78632164720419,60.14566293428925,3435700
2020-08-24,62.84974670410156,63.784049090726874,62.81381120607804,63.74811359270335,2968500
2020-08-25,63.9367790222168,64.08052103500634,62.84077016368395,63.271989348056174,3723500
2020-08-26,63.97270584106445,64.22424747530276,63.78404961538573,64.22424747530276,3335300
2020-08-27,63.88288116455078,65.05076106549552,63.68523931786814,65.05076106549552,3050900
2020-08-28,63.17316818237305,63.227068009961556,62.508378510794735,62.732970264408685,2338000
2020-08-31,61.39439010620117,61.67288850342374,60.67570070503545,61.66390291538548,3600500
2020-09-01,63.34385299682617,63.361817319340034,62.301744087136036,62.64312790086,2989300
2020-09-02,63.002471923828125,63.514540812694406,62.175975972323926,63.478612166103716,3754600
2020-09-03,60.38823318481445,61.493220799543586,60.0558349144506,61.42135664578635,4544800
2020-09-04,60.235504150390625,60.43313911354043,58.654376467223024,60.01091242254278,3439900
2020-09-08,58.1602783203125,58.986781178720705,57.85483682676757,58.03450748720619,3321900
2020-09-09,59.58868408203125,59.76835473840374,58.5735249969377,58.81608792243638,2705000
2020-09-10,58.37588882446289,59.47189077234811,58.37588882446289,59.202384793292815,3028900
2020-09-11,59.46290969848633,59.8671720781653,58.950840819028265,59.63359475564182,2406300
2020-09-14,61.502193450927734,61.68187093251383,60.96317471415964,61.22370192196316,1971700
2020-09-15,61.969356536865234,62.15801277787415,61.7447647946171,62.032241950534875,1466500
2020-09-16,61.376434326171875,62.14903050909764,61.27761340598395,61.76273241763476,2134600
2020-09-17,59.885154724121094,61.618996663155926,59.81328371050388,60.81945048515646,2331800
2020-09-18,60.20854949951172,60.5948475591321,59.91209361738116,60.019893263975604,4876800
2020-09-21,59.80428695678711,59.85818677994013,58.69929260417955,58.69929260417955,3414600
2020-09-22,59.63359069824219,59.74139719068625,59.157457351106046,59.74139719068625,1825900
2020-09-23,58.84303665161133,60.05583069271556,58.84303665161133,59.741403623391655,2045100
2020-09-24,58.950843811035156,59.5257981310468,58.124340978771805,58.483689142278116,2265300
2020-09-25,58.6723518371582,58.85202936566547,57.78297034653713,58.16926846533164,4351300
2020-09-28,58.96879959106445,59.166441395056886,58.4118096756308,59.166441395056886,1191700
2020-09-29,58.887969970703125,59.28324685965388,58.618457081602514,58.932884216221574,1647900
2020-09-30,60.774532318115234,60.864367652337805,58.950848302810115,59.498852751763444,3734900
2020-10-01,61.55610275268555,61.708830349064066,60.86436319048557,61.538138428756625,2571200
2020-10-02,60.39720916748047,61.61000310093283,60.23550285275379,60.60382971441178,2560300
2020-10-05,61.43931579589844,61.6010221227262,60.65773407389826,60.65773407389826,1506200
2020-10-06,61.816619873046875,62.238853383160475,61.26861555404774,61.4213431254045,3583300
2020-10-07,62.27479553222656,62.62515808783781,61.58305600945444,62.16698903280934,3890000
2020-10-08,62.49040603637695,62.55329145192492,61.72679546072411,61.96037279875782,2187000
2020-10-09,63.73015594482422,63.766091446611085,62.58922603857873,62.93060987855587,2119400
2020-10-12,65.65265655517578,65.68859205467236,64.37697716602818,64.43986257664825,3195100
2020-10-13,66.51509857177734,66.69476924387203,65.08669136883645,65.68860251374693,3768600
2020-10-14,65.58079528808594,66.68578978609581,65.5448597832567,66.4522124317041,2627200
2020-10-15,64.63750457763672,64.84413200873114,63.44268164581811,63.50556706328225,1904000
2020-10-16,65.3292465209961,65.4999384369182,64.64648571130363,64.96989836568449,3445100
2020-10-19,64.79920959472656,65.84131861030833,64.65547443802346,65.47298484838834,1837200
2020-10-20,65.356201171875,65.92216993107931,65.20348042234318,65.25738025064935,2161300
2020-10-21,65.48197174072266,65.91319092740633,65.20348015694564,65.29331548842244,2154500
2020-10-22,64.8620834350586,65.67061496595444,64.69139839531037,65.41907334611908,1583400
2020-10-23,65.60774230957031,65.60774230957031,64.25120619158267,64.9609169591657,1593600
2020-10-26,65.21245574951172,65.53586841043914,64.47579510050952,65.07770618578873,2334000
2020-10-27,68.94966125488281,69.30002380609938,67.55718978435857,67.55718978435857,3302900
2020-10-28,68.23096466064453,68.99458202391882,68.02434410780224,68.94067534813746,4517200
2020-10-29,70.54875946044922,70.83623662648125,69.74921337823525,69.93786962588162,3842000
2020-10-30,68.58132934570312,69.35392546733475,68.12316713826725,69.17425481979078,3582300
2020-11-02,69.60546875,70.44992895492832,68.88677250572512,70.41399345731504,4204400
2020-11-03,67.35057830810547,68.1860599322275,66.64985311122827,67.82671174424014,5947700
2020-11-04,70.71046447753906,71.39322530439543,69.33596408886491,69.60547692562288,5321500
2020-11-05,72.61500549316406,73.08215331250491,72.04902990254402,72.96536807116875,5021100
2020-11-06,71.65374755859375,72.1208953418894,71.53695547227308,71.91427478823782,5905800
2020-11-09,70.57569885253906,72.61499547812373,69.44376153540789,72.61499547812373,5604900
2020-11-10,66.29949188232422,68.68015911217455,65.98505792759221,68.59032377682115,6034200
2020-11-11,65.97605895996094,66.44320667294342,64.01761909223677,64.54765220608218,6282600
2020-11-12,65.85029602050781,69.35392142118249,65.45501239417715,68.27588389082035,5667700
2020-11-13,68.68914031982422,69.80311348593226,68.41963433095741,69.3539299838246,7311100
2020-11-16,68.1231689453125,69.02153591485428,67.70992096180281,68.90474382225639,3108100
2020-11-17,67.39549255371094,68.10520334019854,67.37752822860848,67.67399099777354,1772700
2020-11-18,67.79975128173828,68.79693909261867,67.37751774059129,68.79693909261867,3060700
2020-11-19,67.53923034667969,67.79975759535012,66.52407811896073,66.81155528059772,3049200
2020-11-20,68.6352310180664,69.04847896047889,68.23994739749996,68.23994739749996,2661300
2020-11-23,67.0810546875,68.32978412849491,66.88341287312748,68.32978412849491,2595800
2020-11-24,68.08723449707031,68.14113432279768,67.29667401908553,67.78178615862419,1635200
2020-11-25,67.15293884277344,67.24277417945603,66.55103454760348,66.90139715846341,1783000
2020-11-27,68.23096466064453,68.53641297675338,67.85365220015329,68.53641297675338,1095200
2020-11-30,65.58079528808594,66.12879974223763,65.26636818832597,65.5987596135022,3566800
2020-12-01,67.01818084716797,67.42245013380305,66.71273933877393,67.15293727604633,1883200
2020-12-02,66.9283447265625,67.4224493419814,66.17371970010083,66.58696771754364,2092100
2020-12-03,68.68014526367188,69.11136438201362,67.83568505682884,68.22198308955328,1487600
2020-12-04,68.03334045410156,68.36573187966813,67.62907116479536,68.34776755423077,1436000
2020-12-07,68.1231689453125,68.23096859510005,67.53922904431114,67.58415013438665,2157100
2020-12-08,68.1231689453125,68.24893977272868,67.38650830444809,68.05129794279011,1515200
2020-12-09,67.0091781616211,68.1321366924486,66.5689803366553,68.1321366924486,1659100
2020-12-10,68.13214111328125,68.24893319462227,66.74866214504868,66.92833278004125,2123000
2020-12-11,67.50330352783203,68.00638691191051,67.3954970081022,68.00638691191051,1197900
2020-12-14,65.72453308105469,66.7935851514943,65.67062640027888,66.73069973558609,2448100
2020-12-15,65.68859100341797,65.83232614510827,65.04176573082265,65.35619277889104,1873100
2020-12-16,66.5330581665039,66.64086467449313,65.94912509671879,66.425258512511,1218200
2020-12-17,67.62906646728516,67.853658216634,67.01817663489643,67.51228122506241,889300
2020-12-18,67.656005859375,67.77279793743165,66.92833089792435,67.59312045349648,1231500
2020-12-21,66.38033294677734,66.82053083023798,65.63468673826536,65.8502997397119,1617600
2020-12-22,65.84130859375,66.63186897033842,65.6706166955112,66.47914824770122,3708800
2020-12-23,66.16472625732422,66.29948266862546,65.85927793477501,65.85927793477501,1090600
2020-12-24,62.66109848022461,64.58360331896843,61.87951671991433,64.47579681113368,5695300
2020-12-28,60.44213104248047,61.4483045562303,60.307374620835965,61.22371280482156,6858000
2020-12-29,62.759918212890625,62.79585371482311,61.57407406510324,61.951386554400095,4625500
2020-12-30,64.43087768554688,65.10465288690885,64.32307118589047,64.69140491921966,3000800
2020-12-31,64.58360290527344,65.32924915819585,63.784056825777064,65.01482207985394,2562000
2021-01-04,65.44602966308594,66.66780923962912,65.35619434063337,66.37134650693943,3019600
2021-01-05,68.86881256103516,68.90474120693662,67.33259906991007,67.46735548102579,2203000
2021-01-06,66.13778686523438,68.8688236096007,65.4011261341485,68.53642532272166,4378100
2021-01-07,65.44602966308594,65.76045671866784,64.49376290789624,65.58078607376268,6867700
2021-01-08,69.12035369873047,70.02769936198852,65.58977139420378,65.74249212714872,10876700
2021-01-11,68.05130004882812,68.47353363421934,67.82670829949207,67.92552921751964,3591200
2021-01-12,68.47354125976562,68.9586603148363,68.27589940170013,68.27589940170013,2343600
2021-01-13,70.45892333984375,71.33932600630169,68.72507477399998,68.81491010225172,3355200
2021-01-14,72.58805084228516,73.53133200842386,72.5521153425281,72.87552798634587,3177600
2021-01-15,73.89068603515625,74.60039679037469,73.46845244688738,74.20511311557043,2698500
2021-01-19,77.16972351074219,77.27752315977024,75.91200839144567,75.95692948120468,4152400
2021-01-20,79.11917114257812,79.60429008206721,78.3196251647152,78.47234588992602,4412100
2021-01-21,79.45157623291016,80.0265305396941,78.4723526812339,79.06527816547758,4149800
2021-01-22,81.16744995117188,81.61663341172512,79.76599974752438,79.86482065716574,3690300
2021-01-25,86.24323272705078,88.21065866691546,84.90466780488532,87.95911700143431,6672400
2021-01-26,82.9731674194336,86.03659498388016,82.4521129725556,83.3954009590073,3567900
2021-01-27,79.24494171142578,80.74521275699655,78.83169376884915,80.07143759657905,2607400
2021-01-28,80.68233489990234,81.17643947204579,78.83170114604876,78.83170114604876,2099200
2021-01-29,80.23314666748047,80.71826562213786,79.0562882067719,79.92770520750855,1535700
2021-02-01,84.36563873291016,84.36563873291016,82.34431321116878,82.34431321116878,2423200
2021-02-02,84.98551940917969,85.23706108017656,83.27862068656263,84.14105906426114,2597900
2021-02-03,84.44649505615234,85.48860402974212,83.99731157181111,85.29994093480228,2317700
2021-02-04,85.69522857666016,85.78506390690396,84.81483274467608,85.65929307376337,1979100
2021-02-05,85.70420837402344,86.06355652471035,84.71600610013135,85.35384581195257,1532200
2021-02-08,85.43470001220703,86.10847525970708,84.85974568266002,85.87489792145477,2598300
2021-02-09,87.8512954711914,88.26454340153342,86.5576450082111,86.86309330263485,2401100
2021-02-10,87.81536102294922,88.93831960380534,87.10565037736872,88.20165904892353,2089600
2021-02-11,88.65983581542969,89.25275443384876,87.86028978432171,88.12979575487735,2041300
2021-02-12,89.02816772460938,89.29768056437763,88.42626348365603,88.94731798507664,960300
2021-02-16,86.33306121826172,87.14159283183044,86.10846948415906,86.79123027494995,1839100
2021-02-17,87.42008972167969,87.86029448225143,86.5396939085286,87.45602522380776,1878300
2021-02-18,86.00965118408203,86.15339318818971,64.58360047099423,85.88388035748582,3150500
2021-02-19,85.7940444946289,86.72834695348972,85.57843834381363,85.65928808012087,1660500
2021-02-22,81.1135482788086,83.09893830668341,80.86200664327629,83.09893830668341,3129900
2021-02-23,81.50885009765625,82.1017688202972,78.45440058315077,80.2062136886775,3564400
2021-02-24,80.13431549072266,80.55654898163526,78.36453865931509,79.51444706197381,3019000
2021-02-25,77.95130157470703,79.95466300047735,77.84350192126401,79.61328600791397,2521600
2021-02-26,78.33759307861328,78.80474771761361,76.90020737014248,77.25955551075911,4191300
2021-03-01,82.02090454101562,82.35329592297728,80.40384130391946,80.73623953987696,3492300
2021-03-02,80.7721939086914,81.54478335356593,80.62845187448387,81.53580461692603,1160600
2021-03-03,81.15846252441406,83.32353004515481,80.57452952211882,83.32353004515481,3812900
2021-03-04,78.0680923461914,80.82607871523587,77.37634592969059,80.15230347666804,4579900
2021-03-05,78.38250732421875,78.46335705045216,75.9119984973809,78.08604462003939,5211100
2021-03-08,73.84576416015625,78.15792847266013,73.63914358978826,74.99567966975452,3068100
2021-03-09,77.14277648925781,78.01418671887154,75.44486341348018,75.63351966034477,2716000
2021-03-10,75.99285888671875,77.52008685182099,75.63351758104393,77.52008685182099,2199500
2021-03-11,80.20620727539062,80.40384911846652,78.6071150599533,78.83170681726746,1911800
2021-03-12,74.17816162109375,75.01364319067065,73.22589481099395,75.01364319067065,5212000
2021-03-15,74.22308349609375,74.52852498407127,72.40837833035788,72.70484108327457,2639700
2021-03-16,73.3516616821289,73.89068047283371,72.85755712581863,72.92942812564482,2062600
2021-03-17,72.85755157470703,73.35165609337083,71.4650870426463,71.95019911952225,2070800
2021-03-18,72.76771545410156,73.49539041536411,72.57007364882156,73.26181996730156,1986900
2021-03-19,74.24104309082031,74.24104309082031,71.95919024942242,72.49820904057249,2503300
2021-03-22,74.35783386230469,74.42970486754223,73.33369602665687,73.57625895583448,1853100
2021-03-23,72.704833984375,73.61218647864905,72.68686966201116,73.35165925340222,1861000
2021-03-24,69.0035629272461,72.91146462544452,68.81490669107035,72.70483721211153,5983900
2021-03-25,69.55155944824219,70.24330575666498,68.99457639127301,69.45273854703893,4747400
2021-03-26,72.74976348876953,72.74976348876953,69.91092044712597,71.3662774708289,5923100
2021-03-29,70.69249725341797,71.68968511291764,70.13550727883387,71.14168072692247,3468900
2021-03-30,70.81826782226562,71.33932229461062,70.09957152565212,70.58469049776686,1715900
2021-03-31,71.68968963623047,72.2826082945892,70.71046603812796,71.2405061343844,3769500
2021-04-01,75.31907653808594,75.86708088763508,74.65428696063114,75.32806212607727,2013100
2021-04-05,74.88787078857422,76.04676499648954,74.69921454830838,76.00184390661843,2212200
2021-04-06,76.0467758178711,76.34323860361636,74.56446874314177,75.63352777743694,2199800
2021-04-07,70.315185546875,70.88116117138428,68.67117906472015,68.70711456897445,20574000
2021-04-08,72.25566101074219,72.58805928164402,71.73460648467874,72.25566101074219,3793400
2021-04-09,71.34830474853516,71.9681801653283,71.04286326164916,71.77952391978174,2922200
2021-04-12,71.19558715820312,71.2405082513211,70.74640364300942,70.97099540060627,2808600
2021-04-13,71.81546020507812,72.33650785627168,70.53079512034944,71.03387844729339,2735300
2021-04-14,71.2854232788086,72.48025308739699,71.2135522706236,72.27362565236427,1916400
2021-04-15,71.85139465332031,72.45329888979617,71.60883172853404,71.77952364938392,2162900
2021-04-16,72.76771545410156,73.2707987009996,72.35446752215029,72.90247185351932,2130800
2021-04-19,71.51899719238281,72.27362218008065,71.24050561654141,72.1298870246128,2154400
2021-04-20,70.61163330078125,71.59085673498625,70.14448555280856,71.24947294416471,2979000
2021-04-21,71.68070220947266,71.8424085401516,70.25229514614264,70.61164330920653,1760800
2021-04-22,72.66890716552734,73.17199049975196,71.81546124439683,71.9771675809685,1693100
2021-04-23,73.48641967773438,73.9176319779972,72.90247978604903,72.96536519875386,1640000
2021-04-26,72.13887786865234,72.3814339597967,71.21355403681356,72.3814339597967,1903000
2021-04-27,72.29159545898438,72.74976455996986,72.14785344534326,72.14785344534326,1812400
2021-04-28,73.00129699707031,73.26182422334755,72.29158631596935,72.67788436127758,1132900
2021-04-29,72.85755157470703,73.2797850990206,71.411180369886,73.270799511228,2571500
2021-04-30,71.56391906738281,72.09395231159341,71.27643504530695,71.65375439728335,2002500
2021-05-03,71.98614501953125,72.81264786600772,71.87834536642285,72.00411619771349,2080100
2021-05-04,70.70146942138672,71.59983628495705,70.09956526775346,71.49203664788556,1784200
2021-05-05,70.70146942138672,71.13268853165839,70.44094906246714,70.70146942138672,1176900
2021-05-06,70.39603424072266,70.83623212391721,69.84802985686999,70.38704865216884,1513700
2021-05-07,70.23433685302734,71.31237458078964,69.89295983850185,69.89295983850185,1472500
2021-05-10,67.28768920898438,68.94966677677849,67.19785388040019,68.68015393702971,3196300
2021-05-11,68.7250747680664,68.9856020177713,65.78741772511131,66.35338646164499,1961900
2021-05-12,68.1231689453125,68.96762923596447,67.73687087424969,68.76999426002196,2945600
2021-05-13,66.37135314941406,68.37471462518309,66.1737181618373,67.62906835161013,2630100
2021-05-14,68.7879638671875,69.01255562682361,67.27870696827299,67.60211965046871,2847200
2021-05-17,70.14450073242188,70.4050279987458,69.22816250548995,69.70429594415218,1981000
2021-05-18,71.01591491699219,71.46509842221289,70.07262681443017,70.47688922753025,1869400
2021-05-19,70.73741912841797,70.92607538518631,70.07262943494904,70.11755052874958,2873000
2021-05-20,69.35392761230469,71.17761832585859,69.00356504096086,71.06981182160045,4594100
2021-05-21,67.19747924804688,68.36848367002683,67.02633752286543,68.23336671790088,3301500
2021-05-24,68.22435760498047,68.79184743373902,67.6298526323926,67.91809892535447,1787700
2021-05-25,70.48529815673828,71.05278115028578,70.28712752880082,70.71049080260646,2316400
2021-05-26,70.91766357421875,71.86346846362082,70.26910772300965,71.7824024183864,2521300
2021-05-27,70.63842010498047,70.80055906790979,70.08894955684966,70.75552466685542,1168800
2021-05-28,70.60240173339844,70.75553796830528,69.83674804820319,69.98987741077529,1333600
2021-06-01,73.15157318115234,73.27768050429776,72.60210261359003,72.79126359830815,2345000
2021-06-02,73.1335678100586,73.25066551497399,72.53004628015863,72.60210957810703,1219900
2021-06-03,70.57537841796875,71.54821236057514,70.30515134880116,71.08881740895524,2090500
2021-06-04,71.65630340576172,71.90851807217079,71.0257598674048,71.2059181093643,1123300
2021-06-07,70.26010131835938,70.26010131835938,69.46742572624368,69.7196403749926,1610300
2021-06-08,69.89077758789062,70.26009677994108,69.27826026468496,70.20605275079546,1394700
2021-06-09,69.65660858154297,70.60241381128756,69.44942827083554,70.26012337657085,1444600
2021-06-10,70.62041473388672,70.87262939631118,69.50346114072087,69.50346114072087,4021400
2021-06-11,69.53948211669922,69.66558944102118,69.03505281941138,69.3593307597632,2809300
2021-06-14,69.50346374511719,69.78270043578853,69.25124220090748,69.52147613353641,1477200
2021-06-15,69.06207275390625,69.69261622884265,68.95398469193636,69.58452129453921,1821500
2021-06-16,68.98101043701172,70.00788831524697,68.51260590203856,69.46742735917587,1849000
2021-06-17,70.53033447265625,70.70147619828809,69.17016906305389,69.296276386081,1884400
2021-06-18,69.70162963867188,69.73766128894661,69.26926358004431,69.62957321045701,1264400
2021-06-21,68.4495620727539,68.59368868032479,67.65688634811877,68.59368868032479,1838800
2021-06-22,66.80113983154297,67.05335445782175,66.49487430510935,66.84617423061667,2877500
2021-06-23,67.4857406616211,68.29643568371071,67.39566496413008,67.5307819465342,1937000
2021-06-24,68.0081787109375,68.278412633557,67.38664481231314,67.52176177362288,2212600
2021-06-25,70.06193542480469,70.14300835155802,69.0891015377699,69.23322813096064,2398300
2021-06-28,69.44940948486328,69.55750442716709,68.85490448302747,69.06207786535887,1242900
2021-06-29,68.9990234375,69.13414039580223,68.17031617266943,68.56665741773361,1567300
2021-06-30,67.8280258178711,68.09825286207604,67.58481391851927,67.86405059256458,1997100
2021-07-01,67.34160614013672,67.91809872435437,66.87320162025131,67.82802304663294,2028000
2021-07-02,66.82816314697266,67.28755113707024,66.56693888685838,66.78312187468862,1847200
2021-07-06,64.5221939086914,65.10769615777467,64.26997924689164,65.10769615777467,4442200
2021-07-07,62.981876373291016,63.55836898618303,62.65759841949751,63.36920799185915,5021400
2021-07-08,60.99117660522461,61.49560594293698,60.62186423220928,60.774993585109925,4282700
2021-07-09,63.747535705566406,64.08983294994184,62.18019670302705,62.67562330813113,2889200
2021-07-12,61.60369873046875,62.315308305425226,61.360493700403815,62.090115662932696,3149000
2021-07-13,63.918678283691406,64.74738555174531,63.70249527296735,63.927687913568995,5503300
2021-07-14,64.70236206054688,65.58511351209435,64.60327673218245,65.30587678979559,4100000
2021-07-15,65.42296600341797,66.01747789631607,64.99059996525051,65.3509095786129,3174400
2021-07-16,64.3780746459961,65.62113557609828,64.24295768412247,65.62113557609828,2487700
2021-07-19,63.02691650390625,63.38722609849213,62.603553245692886,63.27913115841619,3485100
2021-07-20,62.918827056884766,63.225092644337785,62.23423945463787,62.69363439965015,2671900
2021-07-21,62.954856872558594,62.990888521346506,62.16218121622745,62.207215622961606,2493300
2021-07-22,62.72966384887695,63.20707116589296,62.25225653186096,63.14401749897262,1759400
2021-07-23,60.252540588378906,61.198352399878935,59.64001634915677,61.07224507465677,5678300
2021-07-26,54.208370208740234,57.108852384867085,53.487754479438586,56.12701237989145,18457100
2021-07-27,53.05539321899414,53.59585424022696,50.23598009263349,51.74927507548623,19200300
2021-07-28,55.60456466674805,56.29815839045852,53.46072983311265,53.46973946270859,26054200
2021-07-29,55.82075500488281,57.55924253227331,54.99204426869903,57.532217077765196,8651400
2021-07-30,55.127159118652344,55.667620081748474,54.49661903759553,54.676773837349906,5876700
2021-08-02,55.23524856567383,55.71265584649019,54.47860118383582,55.082119225097586,4191500
2021-08-03,51.19078826904297,51.911403969206184,50.893532359881874,51.71323336309879,9570600
2021-08-04,53.27157211303711,53.550812232801185,52.623016189026146,52.8301964484374,6281400
2021-08-05,51.70423126220703,52.71309332228009,51.11872902664214,51.44300697642165,7475700
2021-08-06,51.98346710205078,53.2175252173944,51.39796831203763,53.046376615439065,8702000
2021-08-09,54.541656494140625,55.08212088959514,53.19050065975481,53.19050065975481,7100100
2021-08-10,55.74869155883789,56.658471783781586,55.42441359494378,56.08197571676588,5027300
2021-08-11,56.13602066040039,56.38823531599195,55.44242692135663,56.29815963504267,3202300
2021-08-12,54.974029541015625,55.568538009546145,54.541660058099545,55.568538009546145,4516800
2021-08-13,54.25341033935547,54.52364081973802,53.62287026101819,54.40654312114468,4990400
2021-08-16,51.81232452392578,52.42484879735667,51.38896124889255,52.019501346385184,7833000
2021-08-17,49.67749786376953,51.03765990033922,49.58741874587839,49.90269050424688,11977800
2021-08-18,51.524078369140625,52.46088060621904,50.73139928883065,50.73139928883065,9629400
2021-08-19,48.40740966796875,49.23611690404912,48.1642012131625,48.380384215545696,11676200
2021-08-20,50.49720001220703,50.79445251715563,49.23611982423215,49.245126018129405,10451800
2021-08-23,51.470027923583984,51.596135248950795,50.57826701639473,50.63231104945656,7368200
2021-08-24,56.35220718383789,56.433276671272,54.63173556044023,54.63173556044023,13260200
2021-08-25,54.84791946411133,55.32532676669531,54.39753417905715,55.11814994791043,8768300
2021-08-26,54.01020812988281,54.89296296730043,53.91112280716404,54.54166295851016,6935400
2021-08-27,53.10943603515625,54.21738350846066,52.920275025701976,54.21738350846066,8778000
2021-08-30,52.52393341064453,52.73111023033901,51.343922721601615,51.79430800863321,7845800
2021-08-31,55.54151153564453,56.00991263027466,54.79387377187291,54.947003114799934,7179900
2021-09-01,58.153743743896484,58.532072592893705,56.60442075486987,56.72152188695627,8588600
2021-09-02,57.08182907104492,57.97359343182757,57.08182907104492,57.80244482734218,6234100
2021-09-03,56.847633361816406,57.081832206916445,56.163045778599994,56.55938704346228,4724700
2021-09-07,60.43269729614258,60.95514590250121,59.22566797007376,59.22566797007376,6740800
2021-09-08,58.649173736572266,60.396670882461095,58.5681008097591,60.30658832548331,7551000
2021-09-09,56.98274612426758,57.51420091086613,55.577546200233336,56.01892186595334,9448200
2021-09-10,56.181060791015625,56.676483928765826,55.75770094989599,56.631446086455284,5982600
2021-09-13,55.3343391418457,55.640601288323225,54.820900166305044,55.39739280998809,4239400
2021-09-14,53.9921875,54.766850751051955,53.8210423262755,54.65875924323475,5311400
2021-09-15,52.44286346435547,52.541948776425365,51.343922274005074,52.469885481768344,7854400
2021-09-16,52.49691390991211,52.6590529065232,51.713244383736786,52.24469922014705,4761700
2021-09-17,53.05539321899414,53.54180676363673,52.51492876159395,53.46073726683507,7374300
2021-09-20,51.05567932128906,52.424851084202906,50.497202495681854,51.79431095920522,6056800
2021-09-21,52.33477020263672,52.6500419726328,51.56011037720456,51.785303025987275,4352300
2021-09-22,53.037376403808594,54.09127640639747,52.61401310217,52.74012044236006,5906700
2021-09-23,53.866085052490234,53.956164180645054,53.23554490007604,53.61387036599152,3951000
2021-09-24,52.4879035949707,52.956304722172064,52.379812084437205,52.659048772995995,4061600
2021-09-27,54.352500915527344,54.478608256176955,52.857221780656936,53.46974609481274,4828000
2021-09-28,53.14546203613281,54.17233990534935,53.04637672661772,53.82103994337179,5645800
2021-09-29,52.514923095703125,53.6589021221826,52.35278411959315,53.59584845771395,5530200
2021-09-30,53.83905792236328,54.00119690148627,53.127448340230984,53.145464164152095,3972200
2021-10-01,52.98332595825195,53.7940208656979,52.37981131083884,53.64088807821717,4776600
2021-10-04,52.09156799316406,52.965313181271824,51.596141390018005,52.677066850078106,6627000
2021-10-05,52.69507598876953,53.13645506024701,51.72224216730907,51.72224216730907,3800200
2021-10-06,52.343780517578125,52.469887852759385,51.244839277569156,51.92942686307766,5788200
2021-10-07,56.42426681518555,57.135876375790396,52.42484680219804,54.469596367132056,10784800
2021-10-08,56.9196891784668,56.982742841365564,55.4874638825991,56.56838921769741,6036500
2021-10-11,56.0999870300293,57.55923775021516,56.02792717505108,57.16289652125102,4637700
2021-10-12,55.19921875,56.018919821155016,54.965019916598706,55.62258201225783,4467700
2021-10-13,57.198936462402344,57.514204816468336,55.5865561689395,55.5865561689395,5323500
2021-10-14,56.622440338134766,57.15389512838332,56.081975917652926,57.15389512838332,5398800
2021-10-15,57.64031219482422,57.90153305728693,57.063816124554734,57.32504042318459,5533800
2021-10-18,57.71236801147461,58.081687230241826,56.802591281321064,57.316030212346696,5918400
2021-10-19,59.063533782958984,59.11757782513361,57.739399771001025,57.883526379913306,5777100
2021-10-20,58.82032775878906,59.450864481629985,58.5591034386593,59.279715854429654,5140200
2021-10-21,58.577110290527344,59.13559052962782,58.279854346860915,58.30688323728585,4823900
2021-10-22,58.180763244628906,59.48688459186949,57.84748255821824,58.76626544357582,3703800
2021-10-25,58.586116790771484,58.694211729693755,57.51419764821062,58.41496818889468,4175200
2021-10-26,56.55037307739258,58.46000908528377,55.19921727513949,58.46000908528377,5703800
2021-10-27,56.595420837402344,57.234967165730474,56.027934373310416,56.262133227287165,4820500
2021-10-28,56.49633026123047,56.64045341246148,55.75769868165063,56.49633026123047,4767500
2021-10-29,54.757843017578125,55.53250624684983,54.34348938578948,55.469452582715334,6116900
2021-11-01,55.784725189208984,56.118009358977794,54.05524379905169,54.226392417280266,10868400
2021-11-02,52.52393341064453,53.82104180027538,52.298740767128734,53.80302597645407,15451100
2021-11-03,54.595703125,54.66776298158566,53.73997042248114,54.055238737856385,5596600
2021-11-04,54.22638702392578,55.7937258343209,53.8931028873054,55.685634331989114,10560500
2021-11-05,52.776145935058594,54.04623225561896,52.42484597518377,53.83004581468305,16666600
2021-11-08,53.866085052490234,54.18135684678102,53.42470935111747,53.42470935111747,8536000
2021-11-09,53.9111213684082,54.25341517334695,53.24455301981765,53.88409934881238,9963000
2021-11-10,55.703651428222656,55.78472091586613,53.956157783222956,54.046233464530374,8969500
2021-11-11,56.26212692260742,56.69449636807556,55.33433436896748,55.66761850556787,8530100
2021-11-12,56.47831344604492,56.70350608064943,55.8657892050273,56.41525978324901,5979200
2021-11-15,56.28915786743164,57.09084317388446,56.2261007624086,56.748549374262076,7274100
2021-11-16,58.20779800415039,58.59512963277244,57.25297994165953,58.135734707584845,7662800
2021-11-17,57.85649490356445,58.550085196682886,57.48717568283436,58.37893659465344,4492900
2021-11-18,56.20808410644531,56.73052924246777,55.622581870187076,56.21709030009786,5005800
2021-11-19,56.92869567871094,57.60427354648955,56.532354463800786,56.847626197130836,3183300
2021-11-22,55.47846221923828,56.7485486467425,55.18120626744271,56.38823902689948,4672700
2021-11-23,54.280433654785156,55.66762117307156,54.0552410097192,55.20822968905051,8318300
2021-11-24,54.037227630615234,54.19936317081461,52.586986473208746,53.154469454324065,6254900
2021-11-26,53.424705505371094,53.49676536654037,52.54195073000277,53.055389696939784,4134200
2021-11-29,52.848209381103516,53.32562013505095,52.28072637791202,53.028364188093086,6306800
2021-11-30,52.65003967285156,53.505772388080466,52.12759110113626,53.04637748037674,5091300
2021-12-01,53.35264205932617,54.82990528893387,53.18149688287991,54.35249797199574,4350700
2021-12-02,53.78500747680664,54.48761082621471,52.8932465771031,54.00119391573994,5062100
2021-12-03,51.12773513793945,52.415837305174065,50.65032784384794,52.343777447654105,9461600
2021-12-06,52.65003967285156,52.71309333686314,50.63231211598027,51.15476068769557,4911100
2021-12-07,53.80302810668945,54.037230389472256,53.37065862636027,53.730968244718184,3396300
2021-12-08,54.352500915527344,55.028078900007955,53.280585083838325,53.280585083838325,3354300
2021-12-09,53.604854583740234,54.739827415076995,53.262564244533145,53.6408862308674,4268100
2021-12-10,53.541805267333984,53.94715274001427,52.83019907770335,53.532799072904325,3684800
2021-12-13,53.12744140625,53.69492775911439,52.56896468225381,53.69492775911439,3892200
2021-12-14,52.938289642333984,53.04638115438786,52.172632555187086,52.22668002929763,3086200
2021-12-15,51.92041778564453,52.4969104304219,51.091710467818864,52.415840937489634,4541500
2021-12-16,51.15476608276367,52.66806105097596,50.99262709072897,52.43385875751813,5902600
2021-12-17,50.659339904785156,51.14575341584705,49.73154385295933,50.758421784109174,6797900
2021-12-20,49.38024139404297,49.92070235086699,48.98390358811649,49.54238036832357,4770400
2021-12-21,52.19064712524414,52.22667877378498,50.569260738744816,50.7674313695523,5353100
2021-12-22,51.30788803100586,51.60514395217733,50.5242186401753,50.89353441619125,4464300
2021-12-23,54.280433654785156,54.75784439891859,52.95630323839093,52.992334886281576,5446600
2021-12-27,53.48775863647461,54.25341226408246,53.32561965525954,53.73997330229045,2640600
2021-12-28,51.46102523803711,52.244694696355644,51.424993589428475,52.01950204680239,3437200
2021-12-29,51.181785583496094,51.61415506225119,50.80346357814807,51.280870899992145,3476400
2021-12-30,53.325618743896484,54.046234516888255,51.136745971069146,51.334916597204526,4636900
2021-12-31,52.514923095703125,53.6589021221826,52.514923095703125,53.32561797625299,2469200
2022-01-03,52.460880279541016,52.677063295263935,51.74927069410498,52.343779141593636,3388700
2022-01-04,51.67720413208008,52.460876964006914,51.199796852711,52.460876964006914,4111100
2022-01-05,49.36223220825195,50.794457716206345,49.29017234119699,49.857655391319874,6705100
2022-01-06,50.73139953613281,51.569116462735245,49.80360692467367,50.371089924371745,3958200
2022-01-07,51.479042053222656,51.7492725506546,50.83048611045223,51.07369458899114,6232700
2022-01-10,52.37080001831055,52.451869506481835,51.35292831930814,52.019500048290624,5479500
2022-01-11,54.67677307128906,54.748832928481,52.965307651851845,53.14546244908212,4789900
2022-01-12,56.35220718383789,56.694497520855705,55.70365128436502,56.0999890917279,6737300
2022-01-13,53.63187789916992,55.30731162595613,53.54179878494295,55.12715683366905,5104600
2022-01-14,54.64974594116211,54.883948201224605,53.95615566278518,54.69478721621272,5770900
2022-01-18,51.8393440246582,52.36179258857779,51.00162714538502,51.5060598861177,6745000
2022-01-19,53.12126541137695,53.76683706591405,52.80770223734935,53.01982150285014,5555800
2022-01-20,55.795772552490234,57.179138814122226,55.63899273151813,56.321451450463805,5855700
2022-01-21,55.02108383178711,55.98021855697514,54.7167451028437,55.76810283241892,5418200
2022-01-24,54.596858978271484,54.73519350156383,53.03826398203368,54.08962535670116,7616400
2022-01-25,55.426876068115234,55.68510684132809,54.04350974177543,54.061955048296525,6320300
2022-01-26,54.8089714050293,56.487455516059924,54.41240612975568,56.42289870548815,5377600
2022-01-27,54.77207946777344,55.334648961778,54.246400584083126,54.836636276782265,5798700
2022-01-28,54.5046272277832,54.57840844760989,53.342601160170496,54.45851572443262,6262200
2022-01-31,57.677154541015625,57.77860196842169,55.611325933888324,55.67588274804082,6697900
2022-02-01,57.87082290649414,57.89848910640012,57.133028258314674,57.83393229456457,5281300
2022-02-02,57.2898063659668,57.87082117316681,56.76412747500373,57.75092844702788,6016300
2022-02-03,56.88401412963867,57.50191596362941,56.45055829391974,56.59811720338633,7105200
2022-02-04,57.040802001953125,57.40048019286721,56.0816707137628,56.31223176230437,4810800
2022-02-07,56.210784912109375,56.48745746956833,55.84188582344248,56.10011659274229,6642400
2022-02-08,56.773353576660156,56.94857870616948,55.80499436314197,55.84188497506469,5175900
2022-02-09,58.07371520996094,58.10138140865494,57.133025755460466,57.21602786962469,6214400
2022-02-10,56.56123733520508,57.81548646674791,56.34911807756586,56.358342489506185,5068000
2022-02-11,55.519100189208984,56.75490752778433,55.24242763957499,56.46901056624922,4203300
2022-02-14,55.46376419067383,55.74966115178948,54.90119468033011,55.47298860256142,4309500
2022-02-15,56.32145309448242,56.35834370687587,55.6666605558697,55.795774181164326,4995000
2022-02-16,56.26612091064453,56.9209170108028,55.86033470162922,55.924891518561594,6189000
2022-02-17,55.91566467285156,56.93013184646257,55.52832029439927,56.25689402861784,3098800
2022-02-18,54.5046272277832,55.31620305546575,54.255624406073636,55.233200942201826,2350500
2022-02-22,51.95923614501953,53.1489319564438,51.91312464060946,52.61402865465654,2746100
2022-02-23,51.47966766357422,52.56791603128243,51.21221601837358,52.36502119449819,3625900
2022-02-24,51.25833511352539,51.31366751480418,49.23861803286998,49.35851076577816,3429300
2022-02-25,50.25308609008789,50.67731756157454,49.45995554543232,49.99485533163673,3425000
2022-02-28,49.607513427734375,50.11474700411174,49.16483666009146,49.62595873281311,2954300
2022-03-01,50.32686996459961,50.723435285551446,49.85652693081726,50.07786358739152,3282200
2022-03-02,49.75507736206055,50.040970824373105,49.192507813779926,49.75507736206055,3849700
2022-03-03,48.14114761352539,49.284728443557995,47.975143377217044,49.01728030113446,3080600
2022-03-04,46.471885681152344,47.45868671506849,46.18599222453594,46.77622796242046,4110700
2022-03-07,45.0516242980957,46.757778047734305,44.92251068291831,46.48110551262815,3524700
2022-03-08,44.913291931152344,45.80786638671488,44.6273949709972,45.30063279515384,4997000
2022-03-09,46.803890228271484,46.803890228271484,45.669530355253684,45.946202894365946,2188200
2022-03-10,43.539146423339844,44.68273074214806,43.529925529595644,44.41527908849614,5173000
2022-03-11,41.27964782714844,43.58525827035133,41.13208889950675,43.55759207081925,6244100
2022-03-14,37.59067153930664,38.87259391528326,37.00966023412734,38.18091077457063,9795600
2022-03-15,36.35486602783203,37.28633467461166,34.97149967636659,35.14672833245839,11952700
2022-03-16,48.510040283203125,48.83282784256295,43.44692193240722,43.52992404560464,10796100
2022-03-17,44.8026237487793,45.22685522530504,43.59448261197878,45.042405686529655,7013800
2022-03-18,47.680023193359375,48.14114526772826,44.083269606049164,44.33227594837823,7336100
2022-03-21,44.276939392089844,45.143851130928496,43.373140561578076,44.56283634057015,3723900
2022-03-22,46.674781799316406,47.025235597456806,45.81709437007542,45.9738742030356,4281100
2022-03-23,44.13861083984375,45.06085509970482,42.607685509197694,43.35470110811225,11072000
2022-03-24,42.61689758300781,43.33625034910423,42.257222959000565,43.21635763507451,5545900
2022-03-25,42.12811279296875,42.58001045354862,41.51020738688649,42.275671715333104,4759400
2022-03-28,43.732818603515625,43.88038105398215,42.8382441150983,42.93046712855742,5205200
2022-03-29,45.5404167175293,46.19520921401685,45.07929464652417,45.300631270480594,5332200
2022-03-30,44.57206344604492,45.3928602132584,44.359944186172264,44.867181305760276,2268900
2022-03-31,42.810577392578125,43.98182803950456,42.69990906506586,43.89882591434969,2832900
2022-04-01,45.31907653808594,46.48110612618579,44.84873357400508,45.65108499182875,2831900
2022-04-04,46.44422149658203,46.57333513008905,45.54964343859387,45.80787070560791,3843700
2022-04-05,44.83951187133789,46.259768779002584,44.77495505899699,46.18599107264831,3534900
2022-04-06,43.86193084716797,44.66428223248289,43.46536560105187,44.53516862083245,4618500
2022-04-07,43.317806243896484,43.99104401070302,43.050354612155225,43.76048298708098,2717800
2022-04-08,43.096466064453125,43.5299219141579,42.88435034513092,42.96735245426414,3005400
2022-04-11,43.317806243896484,44.24005033838468,43.19791352655005,43.85270598929698,5743800
2022-04-12,42.718345642089844,43.723591833259036,42.533896121877866,43.62214442123835,2895000
2022-04-13,44.28616714477539,44.47983758347907,43.363922939806514,43.60370488514214,2485900
2022-04-14,43.20713806152344,43.80659818070283,43.13336035714822,43.64059394825568,1954500
2022-04-18,42.77368927001953,43.05958273574585,42.25723122387254,42.681462734234735,2273500
2022-04-19,42.948909759521484,42.96735506468082,41.9159972971745,42.54312360026287,3828400
2022-04-20,41.36265182495117,42.88435619390332,41.2704288102618,42.746018153786764,3767500
2022-04-21,39.278377532958984,41.03986367585087,39.07548269911231,40.93841625892753,4728700
2022-04-22,39.34293746948242,40.440406802038495,39.06626491283023,39.79483867587753,3437700
2022-04-25,39.14004135131836,39.149265763154595,37.987236137551044,38.116353276682126,4554300
2022-04-26,38.365352630615234,39.16770751971427,38.328465540859625,39.066260107201835,3664700
2022-04-27,39.315269470214844,39.71183473990011,38.909479788816554,38.96481570484785,3816300
2022-04-28,39.89628219604492,39.905506608090626,38.82647907409967,39.69339086611071,3084500
2022-04-29,43.4100341796875,44.489061722273426,43.17025223582531,43.9910490103107,6244300
2022-05-02,43.56681442260742,43.77893015118205,42.25722592339087,42.930463718801356,4237100
2022-05-03,44.39683532714844,44.88562362848549,44.04638154527988,44.37839002093615,4263700
2022-05-04,44.175498962402344,44.24005577550401,42.50623567971611,42.976578677754325,6898400
2022-05-05,41.5009880065918,42.69990473427687,41.049086811452675,42.524679606980904,3567700
2022-05-06,40.05306625366211,41.08597878204321,39.93317352150282,40.94764426162784,3633400
2022-05-09,38.56825256347656,39.49972118528549,38.27313469785536,39.19537890744223,4917000
2022-05-10,39.61038589477539,40.025396454876606,38.76191946989267,39.67494270211534,4673900
2022-05-11,39.80405807495117,41.08597690315595,39.665720042779625,40.219068653383516,4737200
2022-05-12,40.63407897949219,41.085976648026154,39.56427589399987,40.38507263397903,4041900
2022-05-13,42.367897033691406,42.42323295187744,40.90152862354452,41.10442347214422,2269100
2022-05-16,41.630104064941406,41.96211255131757,41.04908921378313,41.04908921378313,2126200
2022-05-17,43.13335418701172,43.99104142593748,42.26644605563896,43.55758560121019,5949400
2022-05-18,40.12683868408203,41.63932194220225,39.93316827011953,41.40876092041393,6142200
2022-05-19,41.57699203491211,41.68818778613962,40.085149285942855,40.261207458018,5243100
2022-05-20,41.00248718261719,41.89203181892034,40.19633757688847,41.73450983602206,2918900
2022-05-23,40.437259674072266,41.1414852507319,40.214875254406735,41.11368454722124,3095300
2022-05-24,38.954681396484375,40.270465769705574,38.39871333061671,39.973950881804,3898000
2022-05-25,39.44578170776367,39.51991219370747,38.84348388104675,39.14000229008582,3782000
2022-05-26,40.79863357543945,41.00248888860009,39.46431656546805,39.556976143412165,3740400
2022-05-27,40.64111328125,40.770838109677506,40.020282771971495,40.59478349034539,2118100
2022-05-31,42.197818756103516,42.89277623152787,42.07735847063707,42.58699324566763,2612600
2022-06-01,41.98469924926758,42.8186461061146,41.62331838975701,42.62405885965728,2018500
2022-06-02,43.374610900878906,43.5043357219473,42.346073341356245,42.48506270618541,2389800
2022-06-03,42.61479568481445,43.07810068730989,42.41094035260073,42.62406022958023,1852700
2022-06-06,43.27268600463867,44.013973268529774,42.92057322876422,43.59699807798587,3576000
2022-06-07,44.31975555419922,44.44948038149219,43.1707576622367,43.30048248952967,2281000
2022-06-08,47.6740837097168,47.794543995659936,45.52434886000932,45.941324053861315,6693500
2022-06-09,45.5799446105957,46.94206244120641,45.542882897009285,46.617750355221304,4504800
2022-06-10,45.82086181640625,46.23783699249926,45.18149870148485,45.959851185279675,2480300
2022-06-13,43.29121780395508,44.42167953434252,42.84644545408742,44.273422084386645,2970400
2022-06-14,44.33828353881836,44.74599416843089,43.71745658516124,44.10663105735173,3266800
2022-06-15,45.11663818359375,45.33902613176062,44.291955875544524,44.551409070861965,2875400
2022-06-16,42.800113677978516,43.56920165758996,42.401671104038996,43.07809949960073,2716600
2022-06-17,43.300479888916016,44.64406494112267,43.06882741559542,44.39387984576809,3264400
2022-06-21,44.64406967163086,45.11663921199463,44.347554757140536,44.810859752873746,3623500
2022-06-22,43.91204833984375,44.745998772832365,43.44874332923601,43.44874332923601,3540600
2022-06-23,44.47727584838867,45.051773005037525,44.02323543548573,44.23635882616054,2349200
2022-06-24,45.5706787109375,45.75600141230595,45.042511309616174,45.38535600956906,3029300
2022-06-27,43.75452423095703,44.986913661906925,43.63406394425961,44.78306187065346,6179300
2022-06-28,42.29974365234375,43.87497766585514,42.08662026324695,43.26341526885737,6372500
2022-06-29,42.99470520019531,43.17075982681507,42.559197371244224,42.7167193737877,3858000
2022-06-30,42.0588264465332,42.170018654459554,41.169281713649276,41.84570657520079,3544100
2022-07-01,41.9568977355957,42.30901050909732,41.26194026761793,41.966165814621164,3450400
2022-07-05,40.7430419921875,41.141484566762216,39.844229179578974,39.98322209061166,4468500
2022-07-06,40.66891098022461,40.91909609606219,40.17780882769334,40.75230601883714,3394300
2022-07-07,41.993961334228516,42.253410980976135,41.3546017612849,41.373134383872056,3151400
2022-07-08,41.363868713378906,41.80864107715608,41.076621883395454,41.428731128842045,2484000
2022-07-11,39.76083755493164,40.427997929611905,39.61258008664012,40.150015618407416,3010800
2022-07-12,39.881290435791016,40.15927269529908,39.64963796374493,39.84422519192695,1793400
2022-07-13,39.362388610839844,39.77936377790372,39.01954393335902,39.03807655575478,3934700
2022-07-14,38.55624008178711,39.28826278106884,38.31531951847941,39.2234003681944,3082900
2022-07-15,38.37092208862305,38.500646930266356,37.69449717524235,38.15780220096092,1968000
2022-07-18,39.149269104003906,39.603309519902375,39.07513861376076,39.2604613046323,3611900
2022-07-19,39.98322296142578,40.07588254764128,39.241932132755245,39.473584633030626,2865600
2022-07-20,39.61257553100586,39.93688760099086,39.334593251770656,39.80716277299686,2557800
2022-07-21,39.99248504638672,40.06661553858898,39.45505311686601,39.52918007433185,2060900
2022-07-22,38.7415657043457,39.37166079252171,38.639638037914786,39.08441041755608,2872900
2022-07-25,38.5284423828125,38.68596437340802,38.29678990153461,38.45431189213013,1896200
2022-07-26,38.08366775512695,38.75082805416709,37.99100817347647,38.68596564006446,3424400
2022-07-27,38.074405670166016,38.222663131224934,37.425777952506984,37.89835103976377,2885400
2022-07-28,37.67596435546875,38.16706654907837,37.20339478696058,37.86128707174645,2348500
2022-07-29,35.82274627685547,36.508439305225664,35.405771025463935,36.35091375037241,14785800
2022-08-01,34.58108139038086,35.554021084205786,33.88612396125787,34.8405310328045,14887700
2022-08-02,35.04438781738281,35.83200485629463,34.386495605140105,34.784938164044604,17385400
2022-08-03,36.341644287109375,36.41577124691684,35.35943644282061,35.6096215598018,14432900
2022-08-04,36.78641891479492,37.759358739793164,36.67522670087028,37.064401216974886,5435300
2022-08-05,35.67448425292969,35.95246654016105,35.11851967846697,35.813477163913646,3840200
2022-08-08,35.035125732421875,35.57255769987988,34.79420515049438,35.32237257314132,2976600
2022-08-09,34.97952651977539,35.3038385967926,34.83126906531945,35.062921558827895,3395000
2022-08-10,35.442832946777344,35.55402515845273,34.90539744332907,35.25751023749392,2628200
2022-08-11,36.165584564208984,36.95320512832588,35.822739878627196,35.84127250146086,3367000
2022-08-12,35.6188850402832,35.81347581528033,35.164848146341576,35.32237014043745,5965400
2022-08-15,35.49842834472656,35.702280129461016,35.118518407817646,35.21117798862999,3508100
2022-08-16,35.95246124267578,36.17484916053463,35.36869605119035,35.665214453247486,3868300
2022-08-17,37.073665618896484,37.759358594048024,35.73934845274087,35.76714562243055,15760800
2022-08-18,36.684486389160156,36.860540999127345,36.32310909069597,36.48989915686964,3028600
2022-08-19,36.67522430419922,36.98100375619392,36.55476401838966,36.74935126372597,2536700
2022-08-22,36.20265197753906,36.5547647629889,36.072927144672434,36.47136972261227,4049300
2022-08-23,36.869808197021484,37.04586280278361,36.508430907188796,36.74008337859295,2896200
2022-08-24,37.166324615478516,37.65742674406017,36.15631965697578,36.462099093818736,4805300
2022-08-25,39.19560241699219,39.19560241699219,38.092937786010665,38.204129996636006,5450100
2022-08-26,38.23192596435547,39.84422887407902,38.03733871819092,39.79789908233553,2968100
2022-08-29,37.75935745239258,38.639637658230036,37.722292204102516,38.009542576245536,2004000
2022-08-30,37.064395904541016,38.03733559008797,36.656688822096115,37.759353327751164,4607800
2022-08-31,38.26899337768555,38.86202322893554,38.13926853956671,38.41725084049805,3986700
2022-09-01,38.15780258178711,38.417252267663116,37.722294722149364,38.26899479934299,3356000
2022-09-02,38.380184173583984,39.09367429162245,38.361655084311415,38.76936220830342,3404600
2022-09-06,36.387969970703125,36.97173517775333,36.23044445494971,36.87907207003481,3289700
2022-09-07,36.93467330932617,37.04586551401171,36.369440672175294,36.50843357908456,3022300
2022-09-08,35.730079650878906,35.933931428877564,35.461361926771225,35.5818222056361,3248000
2022-09-09,35.980262756347656,36.45283223223641,35.8042046197581,36.06365425085498,2545800
2022-09-12,36.59183120727539,36.67522625037869,35.92467086244899,35.971000656453775,2034200
2022-09-13,35.489158630371094,35.93393096029968,35.322368564805835,35.55402104089799,2523700
2022-09-14,35.461360931396484,35.65594816005268,35.41503114382161,35.48915809699417,1521500
2022-09-15,35.0165901184082,35.48915962763165,34.93319508328214,35.22044189947696,2759000
2022-09-16,34.2938346862793,34.69227727070298,34.219707724036354,34.4698928492375,1571700
2022-09-19,34.321632385253906,34.377226718384826,33.98805224752303,34.043650115390285,3181500
2022-09-20,34.49768829345703,34.81273582039558,34.19190884554588,34.6088804986305,4046800
2022-09-21,33.28383255004883,33.82126809591797,33.191172955461646,33.69154324960113,2705500
2022-09-22,33.079978942871094,33.534015880382164,33.005848443427865,33.28383074686643,2600300
2022-09-23,32.31088638305664,32.3757487935985,31.986574330347363,32.199694184232925,2081600
2022-09-26,33.35795974731445,33.96025765664672,33.04291220831146,33.052176752957166,2703700
2022-09-27,32.690799713134766,33.459887710849394,32.46841529228626,33.08924229645303,2252000
2022-09-28,33.16337203979492,33.28382879221096,32.42208476257999,32.53327697047809,2424800
2022-09-29,31.754924774169922,32.153367352557275,31.319416947854307,32.06070423273661,3375200
2022-09-30,31.337947845458984,31.80125281482974,31.1896903966498,31.1989549407532,2244300
2022-10-03,31.319419860839844,31.44914470591774,31.022904919308385,31.07850279637188,2339100
2022-10-04,32.718597412109375,32.8668548573055,31.829049206196323,31.968042107514826,3995900
2022-10-05,32.625938415527344,32.86685900357421,32.25529652314743,32.616673870480966,1896300
2022-10-06,32.57033920288086,33.089238481526834,32.57033920288086,32.70932856620265,2516900
2022-10-07,31.282352447509766,31.958780866787745,31.09703327291289,31.606668072527658,2221500
2022-10-10,30.726388931274414,31.08776628303676,30.457671170058436,30.985838612593678,2386600
2022-10-11,29.69784927368164,30.170422344869557,29.493995713499327,29.855374808989804,2705800
2022-10-12,29.809040069580078,30.105558502302294,29.58665566345892,29.883170561444732,1738200
2022-10-13,29.16041374206543,29.419865157661125,28.46545629739627,28.67857792362796,4376000
2022-10-14,28.734176635742188,29.642254021802255,28.697111386987896,29.475463937144625,2863100
2022-10-17,29.58665657043457,29.827573606907173,29.317938831292288,29.373536701895127,3684500
2022-10-18,29.56812286376953,30.133355489281815,29.271607967555934,30.031427830945322,2581600
2022-10-19,27.946556091308594,28.61371462241487,27.742702537534846,28.57665114325975,5691600
2022-10-20,27.548114776611328,28.42839498038814,27.464719735522227,27.529582152509683,4584400
2022-10-21,27.724172592163086,27.779768699949937,27.019948746512167,27.473987456069654,3293200
2022-10-24,23.795345306396484,24.165988956405958,22.93359771551925,24.1196591629179,11228100
2022-10-25,23.92506980895996,24.647826241942077,23.804611287147097,24.2493836609661,7933200
2022-10-26,25.81535530090332,26.30645747236236,24.749752381421896,24.749752381421896,7229500
2022-10-27,24.98140525817871,25.667098227365734,24.92580915191459,25.203793217971903,4591300
2022-10-28,23.93433380126953,23.980663589622246,23.39690012648461,23.832406146051795,5048700
2022-10-31,24.35131072998047,24.731220677572303,24.147455404777254,24.416173145320304,4446900
2022-11-01,26.33425521850586,27.0384790024527,26.26939280387638,26.825359135136328,4368800
2022-11-02,26.269392013549805,26.83462287215024,26.148931732260657,26.714164358229286,4006800
2022-11-03,26.621501922607422,26.853154396909336,25.630029615374138,25.731957269624775,3816000
2022-11-04,28.622982025146484,28.69711075365073,27.84462949216778,28.298669942545608,5699800
2022-11-07,28.72490882873535,29.37353650923474,28.613714855627254,29.216012744963074,4148000
2022-11-08,29.002891540527344,29.243810346360526,28.40986172147229,28.86390039760735,2784100
2022-11-09,27.17746925354004,27.835363224743563,27.13113946385548,27.650040531268942,3223600
2022-11-10,29.20674705505371,29.410600614828883,28.521055880499098,28.53958673693809,4266700
2022-11-11,30.948774337768555,31.245289244679444,30.485469353878226,30.578128936761686,4283700
2022-11-14,30.948774337768555,31.551068695984075,30.83757859662459,31.078499167700006,7116200
2022-11-15,34.284568786621094,34.83126880866208,33.71933614106761,34.1085141653571,8100900
2022-11-16,36.06365966796875,36.78641787488929,35.591090121095434,36.7215554573721,5236500
2022-11-17,36.24897766113281,36.25824573942221,34.06217777001196,34.127043713829174,6033300
2022-11-18,33.54328155517578,34.36796386130091,33.3764914781239,34.25677165484515,4215300
2022-11-21,33.35795974731445,33.80273211977692,32.95025262290801,33.38575691598817,4363800
2022-11-22,33.13557434082031,33.21896938798857,32.570345170831956,32.78346506143154,1810200
2022-11-23,33.626678466796875,33.886128141224496,33.30236283902564,33.4784210050187,2958300
2022-11-25,32.042171478271484,32.47767572003408,32.042171478271484,32.273823949219995,2807000
2022-11-28,32.718597412109375,33.07070663523997,32.05143714135866,32.06996976385022,4029300
2022-11-29,33.68227005004883,33.9602558610342,33.47841826599236,33.67300550589298,3301700
2022-11-30,35.0165901184082,35.359434802932526,34.48842274085526,34.52548445167189,5791300
2022-12-01,35.1092529296875,35.51696359883131,34.64594792183259,35.11852100929715,2054600
2022-12-02,36.4065055847168,36.8234807668835,34.86833321751906,35.01659066731873,5648700
2022-12-05,36.06365966796875,37.24972287700442,35.952467457187375,37.18486045948723,2958500
2022-12-06,36.90687561035156,37.21265505251745,36.29530965654698,37.01806781343585,2761800
2022-12-07,36.313846588134766,36.57329980576395,35.79494722235004,35.88760681345822,2112300
2022-12-08,37.87981414794922,37.972473725146244,37.388708491543355,37.66669429260702,2587500
2022-12-09,37.73155975341797,38.32458957878039,37.666697337189994,38.204129290898464,2504100
2022-12-12,37.48137664794922,37.85201854135687,37.01807163013709,37.79642420145095,2896200
2022-12-13,38.03733825683594,39.14000637453385,37.814953845269905,38.68596593758709,3218200
2022-12-14,38.68596649169922,38.86202111460539,38.23192604824909,38.537709036952826,2049700
2022-12-15,37.44430923461914,39.01954691110901,37.175591491478045,38.63963695984409,3313100
2022-12-16,37.351646423339844,37.99100598323558,37.26825139076768,37.99100598323558,2056400
2022-12-19,37.58330154418945,38.268990940502455,37.52770367364928,38.22266114908722,2545800
2022-12-20,36.564029693603516,37.055135396444605,36.452837483506336,36.4713701076453,1948300
2022-12-21,37.67596435546875,37.824221821543546,36.64742663812747,36.888347229709524,2408400
2022-12-22,37.546234130859375,38.08366604279355,37.34237881871039,37.95394122042104,2706600
2022-12-23,37.30531692504883,37.87981766821634,37.11072967400981,37.703759506549645,1836800
2022-12-27,38.76009750366211,39.075141506307716,37.06439952855706,37.184859816751114,4433500
2022-12-28,38.055870056152344,39.24192965145091,37.7778877803463,38.71376226699849,5272400
2022-12-29,40.112945556640625,40.418725001870364,39.62183987985281,39.909090236663175,4546700
2022-12-30,39.251197814941406,39.770097121634905,38.95468291547757,38.95468291547757,1505500
2023-01-03,41.30827331542969,41.512125101044575,40.72450805652859,40.72450805652859,3207300
2023-01-04,44.89478302001953,44.94359156137801,42.91312347095899,43.245026765590836,4527100
2023-01-05,43.99668502807617,44.21144705333927,43.00097526165531,43.23526144592893,3052700
2023-01-06,44.523826599121094,44.562874917536185,43.586689300274514,43.92835277677506,2483900
2023-01-09,45.26572799682617,45.763584768622096,45.060729902017385,45.480490033589334,4229200
2023-01-10,45.8221549987793,45.919775802199176,45.01192281158514,45.46096733575794,2514800
2023-01-11,47.32548141479492,47.56952783528614,46.78858003448481,46.78858003448481,4435700
2023-01-12,45.36334991455078,45.763585895925836,45.02168269093368,45.705013414315026,5857400
2023-01-13,46.66167449951172,46.710483038469484,46.13453334152109,46.27120246399679,3980000
2023-01-17,46.632389068603516,46.92524401959437,46.378578713586094,46.632389068603516,3051300
2023-01-18,46.75929641723633,47.715957954280896,46.68119977395779,47.676909632641625,3490400
2023-01-19,48.02833557128906,48.09666827008524,47.34500485947454,47.364529019680994,3859800
2023-01-20,49.219276428222656,49.258324746156454,48.45785284777646,48.487137224300525,2899200
2023-01-23,49.951419830322266,50.019756254376034,49.297377207298574,49.355949689122,2852200
2023-01-24,49.6780891418457,49.88308724291191,49.21928067615695,49.297377318764774,2623200
2023-01-25,49.88308334350586,49.941655820883064,48.96547020771189,48.96547020771189,3088400
2023-01-26,51.09355926513672,51.10331948356085,50.46880101811106,50.6933232803951,2491600
2023-01-27,51.29855728149414,51.620700346748805,50.908085239678265,51.4059383032457,2404100
2023-01-30,47.842857360839844,48.26261749081731,47.50119387078969,48.16500041476092,3932000
2023-01-31,47.589054107666016,47.81357637761931,47.305959353608515,47.73548345600004,4471400
2023-02-01,48.125953674316406,48.29190717768227,47.110719665057225,47.85262287330542,4646200
2023-02-02,47.1400032043457,48.13571295658869,46.9545255583131,48.12594901529618,4588100
2023-02-03,47.10095977783203,47.95024028969651,47.01310291633895,47.5792924068172,3724400
2023-02-06,46.72024917602539,46.876438742341506,45.99787010440524,46.7495335560056,3606100
2023-02-07,47.13024139404297,47.227862192119446,46.38834194792519,47.159529495392256,4123500
2023-02-08,47.08143615722656,47.57929295268343,46.817865569723445,47.569529010265015,3208700
2023-02-09,49.033809661865234,49.434045669482444,48.7800030059495,49.199763175383794,3487300
2023-02-10,47.432865142822266,48.20405276931415,47.18881870840228,47.686671796123704,2548800
2023-02-13,48.438331604003906,48.67261780185431,47.852621695157076,47.950238772013954,2862300
2023-02-14,47.28643035888672,47.374287214136295,46.57381529913022,46.89595834299621,2715500
2023-02-15,47.29619598388672,47.29619598388672,46.60310505883383,46.79833921180163,2103700
2023-02-16,47.608577728271484,47.92095685890643,47.07167633023349,47.24739005669726,3729300
2023-02-17,46.07596206665039,46.35905679053064,45.8221517197741,46.27119993566617,2857400
2023-02-21,44.514068603515625,45.13883061005127,44.41645151829139,44.74835482144813,4717500
2023-02-22,43.71359634399414,44.51406835468827,43.53788261249025,44.30907024255142,4041000
2023-02-23,43.489070892333984,44.80692378231551,43.06931075595315,44.660494442144405,4034200
2023-02-24,42.56169128417969,43.05954803271599,42.31764488066065,42.952167019351194,4360100
2023-02-27,43.54764175415039,43.674546929323725,43.18645411203686,43.66478298762049,3542700
2023-02-28,42.913124084472656,43.31336008749899,42.78622261989696,42.98145678812205,3777700
2023-03-01,45.441444396972656,45.73429936740126,45.158349645222046,45.39263585587672,3466400
2023-03-02,46.115013122558594,46.241914579676845,44.74835168217731,44.82644460010755,4220300
2023-03-03,45.997867584228516,46.16382108401427,45.57810744952975,45.695252410738334,2861700
2023-03-06,45.04120635986328,45.539063138489105,44.91430117968475,45.14858737971798,3447500
2023-03-07,43.723358154296875,44.2212112200412,43.65502545358398,44.172402680082406,2058300
2023-03-08,43.420738220214844,43.63550025957159,43.17669180234683,43.30359698231698,2289200
2023-03-09,41.23408508300781,42.26883952860521,41.07789552194483,42.21027077061464,3771100
2023-03-10,41.53669738769531,41.84907648819813,41.04860457767809,41.38050783744391,2637200
2023-03-13,42.56169128417969,42.83502578834078,41.97598140527503,41.98574162292065,3138800
2023-03-14,43.332881927490234,43.36216630638445,42.425028943241045,42.49336164322945,2513100
2023-03-15,42.122413635253906,42.19074633503281,41.59527247365703,41.97598429352605,4994600
2023-03-16,42.25907897949219,42.28836335825828,41.31217767829138,41.31217767829138,4762800
2023-03-17,41.907649993896484,42.22002910206132,41.45860549139112,41.78074481750055,4950800
2023-03-20,42.00526809692383,42.40550407179747,41.360985705082044,41.37074964711834,4772300
2023-03-21,42.92288589477539,43.176692535170666,42.571458451264334,42.76669633364302,3920300
2023-03-22,43.733116149902344,44.55311224063157,43.537878276137725,43.586690537468414,6725800
2023-03-23,46.739768981933594,47.31571865227785,46.26143638499576,46.603103589623544,5021600
2023-03-24,46.710479736328125,46.98381423810363,46.0857215445885,46.22238693354998,4918800
2023-03-27,45.09001541137695,45.35358599296608,44.816684611441346,45.26572913243637,4149100
2023-03-28,48.71166229248047,48.75070688584191,47.74523692262445,47.83309377442954,6448300
2023-03-29,48.11619186401367,48.39928659789625,47.59881093426381,47.920953988099726,4083400
2023-03-30,48.73118591308594,48.984996267717094,48.32118972709325,48.61404467763842,5117700
2023-03-31,47.72571563720703,48.272380939554964,47.58905024258323,48.0478586878369,3094200
2023-04-03,48.25285720825195,48.5847604797939,48.04785911449589,48.11619181241458,3890700
2023-04-04,48.291908264160156,48.370001184554724,47.735482707381905,47.91119643308588,1858100
2023-04-05,47.28643035888672,48.20404723012733,47.00333935761821,47.97952498312344,2905300
2023-04-06,48.11619186401367,48.43833119399684,47.38405262222595,47.745240272162455,2109300
2023-04-10,47.81357192993164,48.15523913631098,46.95452752891114,47.842856307333165,1744500
2023-04-11,46.28096008300781,46.90571828382619,46.24191176449351,46.85690974760962,3235400
2023-04-12,43.77216720581055,44.79716145233566,43.37193121530634,44.76787707278872,5731200
2023-04-13,45.64643859863281,45.79286793324593,45.002156229269886,45.002156229269886,3303500
2023-04-14,44.78739929199219,45.470730001333784,44.76787513185639,45.34382482237753,3393200
2023-04-17,46.085723876953125,46.16382051679927,45.66596374741196,46.06619971699159,3831500
2023-04-18,45.392635345458984,45.949060900172505,45.33406286249068,45.90025235962539,2757900
2023-04-19,44.49454879760742,44.5531175600327,44.18216592797558,44.46526069254163,2541600
2023-04-20,44.094303131103516,44.640968424632455,43.87954482466754,44.514063250020754,2752600
2023-04-21,43.04978561401367,43.40121304332851,42.94240832070322,43.391452825337645,4801100
2023-04-24,42.34693908691406,42.649554287643284,42.05408410523769,42.52265282069051,4359300
2023-04-25,41.360984802246094,41.936934482673074,41.12670233242821,41.92717426470263,3656600
2023-04-26,42.942413330078125,43.56717162225009,42.76669959492311,43.479314754672586,2868900
2023-04-27,43.22549819946289,43.37192753246971,42.51288314145845,42.63002437355233,2163400
2023-04-28,43.30359649658203,43.38168941302037,42.69836242973703,42.69836242973703,2618700
2023-05-01,43.03026580810547,43.65502403654538,42.51288487454829,42.63002611141758,2798400
2023-05-02,42.25907897949219,43.04002677869514,41.87836716012155,43.04002677869514,2406200
2023-05-03,41.87836837768555,42.288364587742436,41.76122341150962,42.20050772503697,4781700
2023-05-04,42.0247917175293,42.17122105537109,41.644079907763924,41.71241260572936,2349700
2023-05-05,42.854557037353516,42.932649962995974,42.229795012947804,42.26884333769564,1682100
2023-05-08,42.20050811767578,42.503127030666434,42.03455833316196,42.34693746483161,1983400
2023-05-09,40.863136291503906,40.94122921548382,40.48242444295065,40.619089852805345,3302200
2023-05-10,41.22432327270508,41.39027678458408,40.84361143066622,41.19503889219534,3251000
2023-05-11,41.53669738769531,41.57574570622132,40.706941100207075,40.77527379570128,5160200
2023-05-12,40.28718566894531,40.853371457979286,40.101711720164936,40.8436112391395,4823600
2023-05-15,43.27431106567383,43.46954521394663,42.34693396596728,42.40550272090805,6503500
2023-05-16,42.83502960205078,42.913122521726336,42.5128865332752,42.57145901592156,5143800
2023-05-17,43.58668899536133,43.73311460261469,42.66907213828894,42.75692899218198,5113300
2023-05-18,41.87247085571289,42.560516926018856,41.43015900652639,42.560516926018856,5663600
2023-05-19,41.754520416259766,42.029737338874256,41.65622972948298,41.823324646913385,3282000
2023-05-22,42.766929626464844,43.29770834500033,42.67846650670893,42.84556517715874,1813200
2023-05-23,41.42033004760742,42.000254143532594,41.34169824199111,41.90196344912479,2834100
2023-05-24,40.9780158996582,41.53828112697205,40.83057985273601,41.50879466749757,3566000
2023-05-25,39.72970199584961,40.58484676138874,39.65107019243253,40.58484676138874,2856100
2023-05-26,40.5455322265625,40.643822926079686,40.01475345025008,40.211338598834296,3131100
2023-05-30,38.8647346496582,39.61175367891104,38.72712617712871,39.41516853977619,4169500
2023-05-31,38.85490417480469,38.95319862128298,38.216007145669636,38.7762723671718,3954900
2023-06-01,40.5848503112793,40.71262747170221,39.40534316045712,39.41517073066278,5536900
2023-06-02,42.06905746459961,42.46222773277933,41.990425660693404,42.029739687871725,3540000
2023-06-05,42.19683837890625,42.34427816691245,41.9019625524434,42.15752060216465,3186200
2023-06-06,42.432735443115234,42.60966168015868,41.33186399560554,41.53827668897309,4017800
2023-06-07,41.71520233154297,42.531029274011516,41.6758883068542,42.157517917848246,3471700
2023-06-08,42.06905746459961,42.30496037541736,41.803668096010725,41.892131218873686,2503200
2023-06-09,41.90196228027344,42.29512879648694,41.85281693444044,42.196838104820955,2234200
2023-06-12,42.19683837890625,42.41308240143547,42.09854768660182,42.265642613429264,2294000
2023-06-13,43.219078063964844,43.57293055543426,43.07163827600273,43.15027382946241,3812100
2023-06-14,44.3592643737793,44.45755505947675,43.47463320430491,43.49429209135426,4563000
2023-06-15,44.86055374145508,44.89987151631747,44.48704237936115,44.67379993518281,4551900
2023-06-16,45.027652740478516,45.66654971371146,44.703286719806094,45.469964587505395,3508000
2023-06-20,42.94385528564453,43.74002335268855,42.91436882930751,43.592583571904676,2565700
2023-06-21,42.66864013671875,42.87505283876667,42.39342320065486,42.6293223602669,2614500
2023-06-22,42.59983825683594,42.64898360534183,42.22632685900159,42.42291200257492,2022600
2023-06-23,41.71520233154297,42.08871368770624,41.577593871258955,42.08871368770624,2462300
2023-06-26,41.68571472167969,42.01008072584078,41.61691049344235,41.65622826659203,1456300
2023-06-27,42.825904846191406,42.92419553169681,42.452393492082145,42.629319725631305,3410900
2023-06-28,42.01991271972656,42.09854827430753,41.70537800050194,42.09854827430753,2971900
2023-06-29,41.479305267333984,41.70537685622708,41.28272013582492,41.685717968121224,2461000
2023-06-30,41.76435089111328,42.01008135264136,41.48913022450833,41.53827556690409,1821000
2023-07-03,42.295127868652344,42.737443470545244,42.177178291330726,42.265641411709304,1203700
2023-07-05,41.744693756103516,42.128032692246634,41.666058205330856,42.000251797015785,2359000
2023-07-06,40.48655319213867,40.860064577675374,40.33911715147523,40.516043399911055,2109200
2023-07-07,42.1476936340332,42.432738145602315,41.14511281011704,41.16477169876829,3959400
2023-07-10,41.68571472167969,41.86264095130406,41.24339914761875,41.29254448928125,1589500
2023-07-11,42.32461929321289,42.354105751004525,41.58742785202545,41.83315833242126,3823900
2023-07-12,44.04473114013672,44.28063029345022,43.24856306121742,43.24856306121742,3929800
2023-07-13,44.59516525268555,44.752432605644046,44.13319451249152,44.14302208162354,2214900
2023-07-14,43.89729309082031,44.47721717748106,43.779343509505296,44.42807183106226,3140300
2023-07-17,43.710540771484375,43.94643994219282,43.150275554114685,43.69088188233372,1108700
2023-07-18,41.94127655029297,42.40325105280962,41.734863846868336,42.18700703043169,5084500
2023-07-19,41.970767974853516,42.62932388094115,41.96093665561508,42.03957221132387,1997900
2023-07-20,41.754520416259766,41.9412742209554,41.53827640589161,41.57759418042206,2230000
2023-07-21,41.43998718261719,42.00025236603989,41.312206285655144,41.842985011913335,1989000
2023-07-24,42.38359069824219,42.95368719222599,40.89938029935064,40.94852564376834,4373500
2023-07-25,42.83573913574219,44.01524244181961,42.82590781678012,43.54344036947873,3717200
2023-07-26,43.3370246887207,43.553268696435914,42.70795530214841,42.70795530214841,2415500
2023-07-27,42.6588134765625,43.46480916325588,42.50154611695281,43.44515027461097,3418900
2023-07-28,45.17509078979492,45.214408566701344,44.33960865305614,44.4280717763208,3301300
2023-07-31,45.155433654785156,45.361850116784495,44.56568197648633,44.91953448328552,1950700
2023-08-01,44.329776763916016,44.65414279489786,44.241313641789105,44.65414279489786,1986300
2023-08-02,42.639156341552734,43.39600671253588,42.57035210324061,43.39600671253588,2794700
2023-08-03,43.84814453125,43.916948761104315,43.26822048708556,43.26822048708556,1843700
2023-08-04,42.757102966308594,43.41565884439671,42.63915338730988,43.20924614376158,1764400
2023-08-07,42.30495834350586,42.86522351154516,42.04939655659883,42.81607816777054,1031100
2023-08-08,41.76435089111328,41.8331551203772,41.282717536716575,41.675887774981206,1861700
2023-08-09,42.02973937988281,42.30496006541166,41.58742751835878,42.0493982681027,1375600
2023-08-10,42.68830108642578,43.47463790568852,42.4523981658721,42.825909561103046,2279900
2023-08-11,41.41050338745117,42.08871819267922,41.15494157709876,42.06905930345597,2566200
2023-08-14,41.51862335205078,41.842985634333836,41.017331075500316,41.74469494262371,1946900
2023-08-15,41.12545394897461,41.577597139607,40.91904124232282,41.5284517927208,2134200
2023-08-16,39.91646194458008,40.447240710172885,39.50363276593575,40.270314454975285,4686400
2023-08-17,41.39084243774414,41.86264450696589,41.282720427173615,41.66605937406945,2776700
2023-08-18,40.38826370239258,40.54553106685171,40.07372897347431,40.45706793999659,2064900
2023-08-21,40.08355712890625,40.18185157659777,39.6510728077129,39.95577997123195,2647700
2023-08-22,39.739532470703125,40.08355363375148,39.592092686796995,40.08355363375148,2554500
2023-08-23,40.201507568359375,40.28997069013032,39.660897518898324,39.660897518898324,1583100
2023-08-24,40.28997039794922,40.781431348768294,39.96560437062488,40.62416399448817,1640300
2023-08-25,40.05406951904297,40.230995770256705,39.64124409924404,40.11304618596411,1462500
2023-08-28,41.017333984375,41.25323691057847,40.6831403594908,40.751944598477266,3008300
2023-08-29,41.61691665649414,41.6562344354664,41.02716497010935,41.20408747638496,2932100
2023-08-30,41.33186721801758,41.37118499588137,40.86006513230111,40.93870068802869,2590500
2023-08-31,40.702796936035156,41.08613588847493,40.53570200786381,40.77160117111155,2083200
2023-09-01,41.52845001220703,42.10837407951924,41.29254710789806,41.33186488354113,3812600
2023-09-05,41.06647872924805,41.33186811123945,40.9288702533006,41.20408720519549,1269100
2023-09-06,40.909210205078125,41.44981652365026,40.80108819145377,40.98784576027753,2315700
2023-09-07,39.68055725097656,40.16219064631757,39.48397211513228,39.99509196850757,3834300
2023-09-08,39.601924896240234,39.759192252821066,39.31687664070325,39.592093577332314,2073700
2023-09-11,40.49638366699219,40.61433324697389,40.26048075747923,40.27031207638161,1954400
2023-09-12,40.60450744628906,40.820747727416354,40.36860452650055,40.36860452650055,2037500
2023-09-13,40.06389617919922,40.4079211041044,40.03440972118291,40.388262215577,2680400
2023-09-14,40.17201614379883,40.2997970379393,40.00492122415694,40.260479262888474,1995400
2023-09-15,39.70021438598633,39.82799528107356,39.50362925882507,39.74935973038929,2861600
2023-09-18,39.30704879760742,39.31687636689736,38.93353742224803,39.17926789954114,1401600
2023-09-19,38.94336700439453,39.218587702881756,38.90405297565325,39.12029325715427,2237700
2023-09-20,38.70746612548828,39.169436876595476,38.687807237210386,38.864733482161924,1625700
2023-09-21,37.64590835571289,37.81300702996835,37.55744523394224,37.80317571113299,3537600
2023-09-22,39.10063171386719,39.434825307556196,39.021999912172426,39.375852393672496,3037100
2023-09-25,38.24549102783203,38.31429526095589,37.989932983307625,38.06856478564225,1585300
2023-09-26,37.58693313598633,37.930954283137446,37.56727424907065,37.7048827079311,1230700
2023-09-27,37.87198257446289,37.92113167295337,37.478816033387474,37.79335076606772,1937600
2023-09-28,37.56727600097656,37.62624891492444,37.242909976065405,37.35103198436912,1685100
2023-09-29,38.009586334228516,38.383097689013745,37.90146807979663,38.35361123321862,1285500
2023-10-02,37.79335021972656,38.06856716945579,37.645910425486065,38.039080710427584,925100
2023-10-03,37.37069320678711,37.53778813947729,37.24291230266834,37.47881522184532,2527600
2023-10-04,37.282230377197266,37.439497741382354,37.046327456144766,37.33137572546453,1835900
2023-10-05,37.734371185302734,37.78351653045044,37.410008907688265,37.547617373921646,1673200
2023-10-06,38.6386604309082,38.71729223149829,37.97027325292014,38.03907748451749,2911100
2023-10-09,38.64848709106445,38.727122639354796,38.20617150580457,38.33395239700172,1990700
2023-10-10,39.366024017333984,39.53312270144271,38.82541768554645,38.82541768554645,2654700
2023-10-11,39.474143981933594,39.857482929103455,39.30704905605937,39.56260710432276,1637000
2023-10-12,38.795928955078125,39.61175218992941,38.73695229068967,39.60192462063943,3867100
2023-10-13,38.333953857421875,38.628829675646,38.029246720512255,38.4322445469801,1659600
2023-10-16,38.4912223815918,38.609171962560325,37.82283517352083,37.84249406194051,2249200
2023-10-17,38.03907775878906,38.13736844762273,37.66556639203217,37.70488416738541,1918500
2023-10-18,37.252742767333984,37.64590929087613,36.91854916007087,37.547618597378,3349200
2023-10-19,36.584354400634766,36.85957133340166,36.505718848673084,36.545036624653925,2764700
2023-10-20,35.79801559448242,36.25999011051913,35.79801559448242,36.122381637542155,1415500
2023-10-23,36.122379302978516,36.19118353502024,35.53262767132109,35.72920904884061,1148300
2023-10-24,36.84974670410156,36.908719623228265,35.77836159521889,35.78818916522341,2624600
2023-10-25,36.24032974243164,36.3975970979221,36.00443058397071,36.12238016320118,1382100
2023-10-26,36.328792572021484,36.39759680514827,36.004430294359416,36.05357563951434,1715400
2023-10-27,36.25999069213867,36.849746120920834,36.22067291364325,36.50572118341047,938000
2023-10-30,36.90871810913086,37.2330841492205,36.6728189432017,36.957863456236964,2169900
2023-10-31,36.3779411315918,36.43691780071867,35.984774586062095,36.368113561512224,2403900
2023-11-01,36.318965911865234,36.33862480032916,35.96511341861379,35.96511341861379,1890800
2023-11-02,36.64332580566406,36.83008335910549,36.39759534023005,36.56469400649083,1502500
2023-11-03,38.4912223815918,38.658321058384324,38.176687665976,38.19634655439568,2470400
2023-11-06,38.97285842895508,39.31687962586143,38.91388175967835,39.16943982744452,1743700
2023-11-07,38.9237060546875,38.99251028827948,38.4912217650308,38.71729335391154,1447400
2023-11-08,38.95319747924805,39.189096644780335,38.62883143970411,38.697635675446826,1416600
2023-11-09,38.46173858642578,39.149784730549555,38.4027619170838,38.75661443403602,2784400
2023-11-10,38.40275955200195,38.44207732914184,38.03907948733202,38.216005734911896,1450600
2023-11-13,39.17926788330078,39.454484817899136,38.93353740610953,38.96302386351664,5403800
2023-11-14,39.98526382446289,40.1032134044548,39.434826201918085,39.67072911145144,5731300
2023-11-15,42.06905746459961,42.35410572155243,41.58742782310648,41.60708671147043,5489600
2023-11-16,40.39809036254883,40.8797237644811,40.16219119594703,40.476725917782524,3167400
2023-11-17,40.25065231323242,40.37843320933904,40.0638947536421,40.1425303049537,3093100
2023-11-20,41.46947479248047,41.58742812351617,41.07630827101024,41.1745989639904,2792600
2023-11-21,40.653648376464844,40.968183068969275,40.51603991718782,40.928865295018895,1783600
2023-11-22,40.61433410644531,40.98784549209935,40.466894316185936,40.958355284317705,1827300
2023-11-24,40.94852828979492,40.98784606768951,40.31945884168021,40.31945884168021,1063700
2023-11-27,40.64381790161133,40.72245345114387,40.49638187056188,40.62416276377757,2628400
2023-11-28,40.55535888671875,40.56519020617978,40.18185123729429,40.39809152129009,2046000
2023-11-29,39.965606689453125,40.299800305382185,39.90663002209516,40.02458335681109,2447600
2023-11-30,40.909210205078125,41.213917357151345,40.65365214977936,40.97801444110278,2281400
2023-12-01,40.339115142822266,40.35877403050842,39.72970087319987,39.87714065607129,2123000
2023-12-04,39.995094299316406,40.280142575424996,39.827999361318156,39.985266729248785,2332200
2023-12-05,38.97285842895508,39.06132155809526,38.59934702263544,38.8843952998149,5369400
2023-12-06,39.002342224121094,39.3660222859392,38.94336555887374,39.100632916650454,1067600
2023-12-07,38.87456130981445,38.92370665606096,38.63866214801142,38.687807494257925,2156500
2023-12-08,38.25531768798828,38.471561700981546,38.19634477502605,38.41258878801931,2070700
2023-12-11,38.94336700439453,39.04166145012201,38.62883227716603,38.72712672289351,1539200
2023-12-12,39.09080505371094,39.13995039960662,38.766439021610275,38.99251061237003,1048100
2023-12-13,39.04166030883789,39.04166030883789,38.27497865277442,38.53054045464545,1749700
2023-12-14,39.35619354248047,39.434825344248395,38.45190345007785,38.4813936565966,2691900
2023-12-15,39.395511627197266,39.76901925023663,39.297217187279415,39.55277898151634,2376400
2023-12-18,38.9237060546875,39.10063229808104,38.628830232214774,38.95319626161943,2032200
2023-12-19,39.67072677612305,39.84765301047042,39.41516499337714,39.47414165467604,2084700
2023-12-20,38.77627182006836,39.46431793750963,38.75661293105007,39.45448661822564,1369600
2023-12-21,39.759193420410156,39.80833876774435,39.21858710063467,39.26773244796887,1628800
2023-12-22,35.847164154052734,36.04374554132939,34.5103897230936,34.72663374855746,16675800
2023-12-26,37.08564376831055,37.459155149563635,36.82025439870043,36.8792310640192,8162200
2023-12-27,35.994598388671875,36.122379283630664,35.699722573001104,36.08306150832805,5344300
2023-12-28,36.76128005981445,36.98735164379362,36.56469493257839,36.61384027700005,4494400
2023-12-29,37.14461898803711,37.22325078918571,36.761280052257774,36.761280052257774,2173500
2024-01-02,36.76128005981445,37.075814763572374,36.721962284457355,36.948033868436525,2813700
2024-01-03,38.08822250366211,38.127540278396445,37.429666649834104,37.46898067501907,3182800
2024-01-04,37.17410659790039,37.46898242306608,37.11512993304743,37.390350619478355,3255600
2024-01-05,36.721961975097656,36.94803355717231,36.63349885606414,36.74162086261059,2920000
2024-01-08,36.6236686706543,36.653158877610814,36.02408945593133,36.171525492515855,3054400
2024-01-09,35.6407470703125,35.699723735186375,35.424506798207375,35.49331103245213,4345100
2024-01-10,35.21809387207031,35.34587102082885,35.08048165490419,35.27706678702055,3246200
2024-01-11,36.16169738769531,36.1715249568356,35.73904067322319,36.01425760374477,2746800
2024-01-12,36.29930877685547,36.71213420589082,36.24033210861481,36.250163428096464,1558600
2024-01-16,35.070655822753906,35.53263034367796,35.01167915533284,35.5129714545376,3424500
2024-01-17,34.6381721496582,34.69714506861806,34.303978527203135,34.40226922516943,3502600
2024-01-18,34.8838996887207,34.98219037835969,34.638169215073766,34.8838996887207,4062200
2024-01-19,34.608680725097656,34.80526586367552,33.87148926759291,34.117219753427825,5288200
2024-01-22,33.537296295166016,33.58644164335842,32.908226839383964,32.96720350694468,4511300
2024-01-23,35.40484619140625,35.699722002363615,34.795435682154434,34.80526325104829,6449000
2024-01-24,35.778358459472656,36.309133432842884,35.758699571636804,36.25016051888478,8089700
2024-01-25,36.36811065673828,36.7023042559984,36.09289372189449,36.4270873211546,5157100
2024-01-26,35.9257926940918,36.043742265648376,35.581771548072915,35.758697780182416,3940000
2024-01-29,35.1099739074707,35.483481555748234,34.7757802882673,35.483481555748234,4463000
2024-01-30,34.303977966308594,34.441586441031305,34.15653817222013,34.20568352039971,4044800
2024-01-31,34.24500274658203,34.59885526771483,33.91080911546215,34.00909981597687,3748800
2024-02-01,34.28432083129883,34.40227042287471,34.08773567897242,34.32363486212418,4963600
2024-02-02,34.68731689453125,34.81509404975211,34.4907317524726,34.74628981246404,4409100
2024-02-05,35.43433380126953,35.52279692239176,34.765946608245876,34.982190626444556,4001900
2024-02-06,37.10530090332031,37.10530090332031,36.201014575129065,36.33862303815387,3979100
2024-02-07,36.63349914550781,36.8988885047052,36.3975962430381,36.63349914550781,2330100
2024-02-08,35.61125946044922,36.11255172178402,35.591600572793986,35.98477082679974,3867900
2024-02-09,36.42708969116211,36.436917261096134,35.68006689148422,35.699725780902035,2060400
2024-02-12,36.84974670410156,37.33137637486867,36.37794085378919,36.41725863290685,2181600
2024-02-13,36.16169738769531,36.7612803430883,35.98477114677445,36.250160508155744,2569200
2024-02-14,36.60401153564453,36.64332556019312,36.25015906786209,36.35828107185665,2753600
2024-02-15,36.00442886352539,36.11255086829909,35.83733019717986,35.95528352032353,2101000
2024-02-16,36.27964782714844,36.6924769822893,36.25998893885129,36.66298677506881,2314400
2024-02-20,35.375362396240234,35.74887003509315,32.4364241353839,35.670238229379244,3671500
2024-02-21,36.112552642822266,36.41725603537612,35.9749404257259,36.10272132396919,1974700
2024-02-22,36.30913543701172,36.505720576671784,36.07323626905937,36.407429881616586,3543900
2024-02-23,36.318965911865234,36.554865074333144,36.10272188831166,36.42708792364202,1665400
2024-02-26,35.9061393737793,36.21084654288434,35.8864804838806,36.00443382327279,2692700
2024-02-27,35.79801559448242,35.88647871990329,35.72921135799393,35.807846913723445,1958500
2024-02-28,34.382606506347656,34.88389875897437,34.32362984440647,34.88389875897437,3087100
2024-02-29,34.34328842163086,34.6971408909843,34.26465662263528,34.6479955479184,5149600
2024-03-01,34.66765594482422,34.82492329921367,34.43175303846529,34.5497063664195,2146400
2024-03-04,34.136878967285156,34.54970813718451,34.02875695256033,34.53004924818457,1631700
2024-03-05,33.47832107543945,33.753538006034844,33.439003299768835,33.714220230364226,3115200
2024-03-06,34.382606506347656,34.63816829187679,34.32362984440647,34.4317518498573,4304200
2024-03-07,34.0385856628418,34.12704878178615,33.88131831244621,33.969781431390565,1908100
2024-03-08,33.920631408691406,34.09755764173355,33.79285426781042,33.881317384331496,2277500
2024-03-11,35.00185012817383,35.30655352328818,34.83475145221312,34.88390054779245,2476100
2024-03-12,36.348453521728516,36.36811241081546,36.07323657361068,36.28947685446768,2302100
2024-03-13,36.40742874145508,36.8693994932067,36.34845207653911,36.36811096484443,3836400
2024-03-14,35.93562316894531,36.24032653411139,35.778355827377574,36.19118119291194,2377000
2024-03-15,35.522796630859375,35.729209328600746,35.463823716961535,35.59160086343984,1071700
2024-03-18,36.220672607421875,36.41725774868726,36.12238191156403,36.29930816374791,2485900
2024-03-19,35.94545364379883,35.99459898897201,35.62109136601625,35.94545364379883,1842700
2024-03-20,36.57452392578125,36.810426837559994,36.289475667667226,36.45657434466667,2529900
2024-03-21,36.21084213256836,36.45657260204845,36.11255144459608,36.41725482703978,3420800
2024-03-22,36.27964782714844,36.3681109497108,36.01425845946136,36.24033005055416,2444400
2024-03-25,36.318965911865234,36.36811125825025,36.13220834623276,36.21084390008845,1818400
2024-03-26,37.40018081665039,37.645911313145525,37.351035467261326,37.459157485647154,1871100
2024-03-27,38.24549102783203,38.2553185970428,37.83266562908888,37.911297431423506,3088800
2024-03-28,38.363441467285156,38.4617359093468,38.09805209804308,38.18651522112377,1469500
2024-04-01,38.75661087036133,38.87456044864998,38.52070796423454,38.64848886128445,2339800
2024-04-02,38.77627182006836,38.99251210017013,38.65832223550833,38.727126472297485,1241800
2024-04-03,38.805755615234375,38.88439116591006,38.61900180670378,38.75661027083679,1239600
2024-04-04,38.72712326049805,39.149779965464326,38.60916993617069,39.1006308722199,1315800
2024-04-05,38.74678039550781,39.100632887630184,38.65832102202679,38.72712525665619,2597100
2024-04-08,38.85490417480469,39.20875668302705,38.46173763754075,38.50105166658232,2806900
2024-04-09,38.422420501708984,38.49122474061993,38.265153134262576,38.37327515242257,1755800
2024-04-10,38.668148040771484,38.923706087248426,38.52070825463703,38.74677984370688,2154800
2024-04-11,39.19892501831055,39.41516527887416,38.98268100819758,39.36601993554377,2922700
2024-04-12,38.03907775878906,38.6288293908899,37.96044220808259,38.43224426367314,3522400
2024-04-15,37.81300735473633,38.20617387188864,37.70488534391584,38.09805186106815,2526500
2024-04-16,37.724544525146484,37.901470771581245,37.6164225134864,37.71471320615034,2418000
2024-04-17,37.55744552612305,37.92112933487031,37.48864129193833,37.81300732413732,1850100
2024-04-18,38.27497863769531,38.39293196907374,38.03907947403764,38.314296414821456,3833600
2024-04-19,38.31429672241211,38.43224630518785,38.176688250915475,38.23566491707816,3189800
2024-04-22,40.3194580078125,40.41774870096649,39.94594662463805,39.97543308267432,3885000
2024-04-23,41.754520416259766,41.842983534178614,41.439985719114816,41.518621268175735,4314300
2024-04-24,43.10112380981445,43.11095512856094,42.757102644677076,42.84556576564804,4274900
2024-04-25,42.69812774658203,42.786590871211295,42.1771803179595,42.27547101219217,1733500
2024-04-26,43.63190460205078,43.98575710269313,43.543441476890195,43.64173592126288,3161500
2024-04-29,43.65156173706055,43.681048194412796,43.356685914889546,43.51395327001738,2602200
2024-04-30,43.00283432006836,43.592585976638034,42.99300675059702,43.58275840716669,2803600
2024-05-01,43.366512298583984,43.6319016561474,42.90454156464714,43.10112294102056,1687400
2024-05-02,46.34477233886719,46.669134638876194,45.09646098827243,45.1161198775987,4724500
2024-05-03,46.33494186401367,46.393918533067485,45.96143045910583,46.19733338577126,2915700
2024-05-06,46.60032653808594,46.87554346674012,46.45288675513581,46.59049896901233,1366300
2024-05-07,46.0007438659668,46.08920698636392,45.81399005603929,45.92211206425238,1872500
2024-05-08,45.469966888427734,45.51911598462841,45.125945712320636,45.214408836112405,1986300
2024-05-09,46.81657409667969,46.93452368223757,46.521698258010126,46.68879319175465,2586000
2024-05-10,46.74776840209961,46.90503576112439,46.52169680784833,46.73793708303891,2026700
2024-05-13,48.36958694458008,48.487540275049035,47.60290904427971,47.67171327894515,5809800
2024-05-14,50.630306243896484,51.210230324324634,49.9029461257965,49.922605014062654,7031500
2024-05-15,50.728599548339844,50.89569447053305,50.1290165930829,50.777744893129054,3138300
2024-05-16,50.787574768066406,50.83672386463649,49.932433731351765,50.129018868983195,3868600
2024-05-17,50.6329460144043,50.87084339976475,50.15714368106187,50.345483207558885,3195100
2024-05-20,49.839942932128906,50.28600524097589,49.76064506683979,50.2562690141563,1902600
2024-05-21,48.74957275390625,48.90817226902682,48.60088405415728,48.75948356927785,2551100
2024-05-22,48.323333740234375,48.828868490970954,48.2539466917276,48.531494885754704,2308100
2024-05-23,47.87727355957031,48.789223608058215,47.77815028055043,48.39272292935726,2926500
2024-05-24,48.03587341308594,48.21429834162687,47.7484106080688,47.847537669097505,1820700
2024-05-28,47.907012939453125,48.323335243444454,47.837622107477245,48.22421196572576,2725400
2024-05-29,46.98515319824219,47.054540250547454,46.78690285680823,46.8067282690827,1666100
2024-05-30,47.262699127197266,47.34199699115854,46.65803731658643,46.82655142213382,900700
2024-05-31,46.122764587402344,46.172330008536704,45.646966038736196,45.83530556390101,3015600
2024-06-03,47.14374923706055,47.60963315655203,46.90584808862899,47.49068447299149,1703400
2024-06-04,47.758323669433594,47.96648481893555,47.50059710035541,47.72858744273635,1915600
2024-06-05,48.62070846557617,48.63062306205443,48.125084518360694,48.15482452648485,2187400
2024-06-06,48.57114791870117,48.670271197847704,48.29359971204231,48.57114791870117,1004800
2024-06-07,46.895938873291016,47.431209858224406,46.816637227339044,47.183397886590406,1926900
2024-06-10,47.22304916381836,47.341997852579915,46.7670760391402,46.93558636644318,991900
2024-06-11,47.04462432861328,47.599724512730276,46.78690153892614,47.599724512730276,1145900
2024-06-12,47.19331359863281,47.67902295698362,47.08427572352652,47.361823928298406,1787400
2024-06-13,47.83761978149414,48.25394584655333,47.68893487214552,48.03587010860278,2762900
2024-06-14,47.708763122558594,48.07552379168694,47.520423599005916,47.946660504199954,2384700
2024-06-17,48.491844177246094,48.590971233424646,48.00613483655812,48.333244668670964,2141000
2024-06-18,48.28368377685547,48.31342378482357,47.8475360668663,47.897097705065654,1863600
2024-06-20,48.838783264160156,49.07668063667083,48.67026915909709,49.066769821695615,1966800
2024-06-21,48.29359817504883,48.53149554995346,48.2638581672028,48.3332452166592,1377700
2024-06-24,48.521583557128906,48.91808043278278,48.22420995506088,48.29359700283307,1098000
2024-06-25,48.125083923339844,48.34315966743775,47.907011960552516,48.07552228549321,1374600
2024-06-26,47.996219635009766,48.224209970690005,47.81779849875952,48.07552127895254,1210300
2024-06-27,47.13383483886719,47.63937336341507,47.03471156570236,47.579897130729876,1665000
2024-06-28,46.945499420166016,47.30234925603415,46.846372365030135,47.084273516045734,2130400
2024-07-01,47.04462432861328,47.451035815515354,47.00497350518121,47.00497350518121,1744800
2024-07-02,46.98515319824219,47.074365662821926,46.677864979954016,46.78690285680823,1441500
2024-07-03,48.34315872192383,48.46210740669143,47.90701102356893,47.90701102356893,2693200
2024-07-05,48.016048431396484,48.05569925616348,47.61955152765885,47.807887273335915,1440600
2024-07-08,47.91692352294922,48.07552303531846,47.74840941406966,47.976399758079175,1196700
2024-07-09,48.640533447265625,48.640533447265625,47.986309993976604,48.075522454939225,3504700
2024-07-10,48.214298248291016,48.24403447588669,47.91692462840204,47.98631168033245,1987500
2024-07-11,49.0667724609375,49.255108206081346,48.83878589113892,48.89826212812102,3067800
2024-07-12,50.00845718383789,50.57346818289336,49.958895545226305,50.16705669618135,2678500
2024-07-15,48.98746871948242,49.542568897009325,48.93790708143605,49.33440774842821,1878600
2024-07-16,48.10525894165039,48.14490976480613,47.58980958455769,47.73849828073639,2335800
2024-07-17,46.76707458496094,47.21313688058517,46.65803671477384,47.08427359933583,2692100
2024-07-18,46.22188949584961,46.836462119926125,46.142587850776216,46.67786261108991,3936000
2024-07-19,46.251625061035156,46.350748334649595,46.14258719127298,46.22188883521293,1803100
2024-07-22,47.77814865112305,47.83762110398244,47.45103503515405,47.45103503515405,1843400
2024-07-23,46.568824768066406,46.69768805073369,46.301187387746936,46.63821181689251,2134700
2024-07-24,45.87495040893555,46.39039975728782,45.795652545279346,46.09302615128358,1451600
2024-07-25,44.675540924072266,44.95308911594865,44.58632846506764,44.606153876103164,2161900
2024-07-26,45.1612548828125,45.369416030599176,44.794490443785776,44.94317913866803,1347100
2024-07-29,45.2108154296875,45.319853299128546,45.07204133451181,45.2702878811568,1143000
2024-07-30,44.69536590576172,44.94317786935957,44.63588967322646,44.75484213829698,2459100
2024-07-31,45.64696502685547,46.19215061545142,45.60731420335123,45.99390406055155,2223000
2024-08-01,45.78573989868164,46.42014174149856,45.70644203164872,46.33092927776733,2636900
2024-08-02,45.4090690612793,45.56766857892014,45.121606253895635,45.260380359167534,2222400
2024-08-05,45.260379791259766,45.47845554327115,44.566505492295946,44.58633090441614,3440700
2024-08-06,45.02247619628906,45.260377347575954,44.655715545144346,44.982829155500006,1899200
2024-08-07,45.76591491699219,46.36066594123051,45.656880821460376,46.211977239843236,1316700
2024-08-08,47.34199905395508,47.579900218825934,46.75716262917958,46.75716262917958,2524800
2024-08-09,47.13383483886719,47.16357484586503,46.7373379648974,47.004971558704526,1576900
2024-08-12,48.125083923339844,48.472022950887485,47.50059669880255,47.86736113775097,2568700
2024-08-13,48.55132293701172,48.600884577024345,48.1250860265438,48.38281260470664,2167400
2024-08-14,46.92567443847656,48.30350837633214,45.70644000897896,48.30350837633214,5787800
2024-08-15,47.203224182128906,47.480776166848365,46.78690187701573,46.91576516344581,3478000
2024-08-16,47.698848724365234,47.76823577607524,47.21313936239519,47.223050177792025,2018700
2024-08-19,47.579898834228516,47.75832375736172,47.351912272738446,47.49068637266191,2660200
2024-08-20,46.60847473144531,47.34199602874532,46.51926227298337,47.213136529764,1925300
2024-08-21,47.56998825073242,47.62946070452602,47.213138402728255,47.37173791502892,1724700
2024-08-22,47.56007385253906,47.99622156785686,46.6679530101194,47.74840959252184,1905800
2024-08-23,47.946659088134766,48.174645647687136,47.44112433109439,47.460949742530765,1704400
2024-08-26,48.10525894165039,48.25394763782909,47.86736156533722,48.02596107664954,2288300
2024-08-27,48.323333740234375,48.422457014869615,48.224210465599135,48.37289537755199,1495400
2024-08-28,47.36182403564453,47.53033814700275,47.133837469592216,47.312262396295885,2468000
2024-08-29,47.82770919799805,47.946657882314206,47.78805837612249,47.847534608935824,1137600
2024-08-30,48.08543395996094,48.57114709468447,47.8178003545436,48.30350970795648,1305600
2024-09-03,47.71867370605469,47.90701322869224,47.65920125158867,47.81780076568253,1775400
2024-09-04,47.441123962402344,47.67902133516876,47.36182231727316,47.36182231727316,1416100
2024-09-05,47.40147399902344,47.629460560936415,47.332086948933,47.36182317574015,1301200
2024-09-06,46.78689956665039,47.42129758957818,46.73733793010487,47.33208513127206,1253100
2024-09-09,47.10409927368164,47.441123701002546,46.886023532088544,46.886023532088544,1072900
2024-09-10,46.55891418457031,46.74724992070461,46.29127680292016,46.598561226017665,1320600
2024-09-11,47.213138580322266,47.36182349667619,46.727425445087206,46.92567578153643,1603700
2024-09-12,47.13383483886719,47.272608933822134,46.96532451822489,47.21313648244744,1278200
2024-09-13,47.40147399902344,47.560073510845974,47.302350722125844,47.36182317574015,1131100
2024-09-16,47.82770919799805,47.97639788937612,47.768232965184716,47.768232965184716,1155600
2024-09-17,48.08543395996094,48.41254758195425,48.08543395996094,48.25394806922403,942300
2024-09-18,47.97639846801758,48.37289534762376,47.90701141955373,48.075521742591484,1243300
2024-09-19,49.63178253173828,49.780471230704265,49.13615857693258,49.284847275898564,2438700
2024-09-20,49.03703308105469,49.55248242450143,48.987467662766896,49.55248242450143,1577900
2024-09-23,49.69125747680664,49.95889485920685,49.22536976137176,49.22536976137176,1541100
2024-09-24,53.170536041259766,53.4084371978609,51.66383879961417,51.7629658570774,6837500
2024-09-25,51.94139099121094,52.47666197845477,51.87200394135876,52.09007590604676,3562500
2024-09-26,56.768768310546875,56.798504537854214,55.45040677403127,55.906383686837756,9591200
2024-09-27,56.54077911376953,56.74894025785588,55.57926747492711,56.05506599625755,6504400
2024-09-30,54.91513442993164,56.85797938014487,54.756534919328736,56.85797938014487,7334000
2024-10-01,56.7291145324707,56.798501580115015,55.00434537486853,55.6090033927246,5536800
2024-10-02,60.12909698486328,60.19848403480697,58.70170138147954,59.52443516565921,5550000
2024-10-03,58.90986251831055,59.52443515252354,58.404323975905974,58.513361849025024,3015000
2024-10-04,60.238136291503906,60.41656121883671,59.633474457910594,60.25796170357541,4627200
2024-10-07,61.80430603027344,62.02238178174299,60.40664662041368,60.89235976287477,4517300
2024-10-08,56.83815383911133,57.413075645745025,55.62883021020132,56.927366299954045,6079800
2024-10-09,56.06498336791992,56.43174403727279,55.281896608473744,55.36119447529917,4742200
2024-10-10,55.6585693359375,56.20375490742031,55.08364375710471,55.78742883631544,3136100
2024-10-11,56.20375442504883,56.421826382984015,54.91513296315532,55.12329410626594,3036600
2024-10-14,55.37110900878906,56.411918560868635,55.133207845962815,55.64865721432743,1888500
2024-10-15,52.655086517333984,53.596772763003024,52.377538319949224,53.527385713656834,4515400
2024-10-16,53.289485931396484,53.63642496838064,52.98220149960304,53.03176313879772,2042800
2024-10-17,52.27841567993164,52.66500175422229,51.94139124416096,52.585700107541825,1713400
2024-10-18,54.558284759521484,54.95478164663633,54.52854475153767,54.95478164663633,2046300
2024-10-21,53.666160583496094,53.82476009589644,53.230012869722806,53.527386482809625,1114200
2024-10-22,54.062660217285156,54.27082136431869,53.616597915562885,53.69589577958542,2137700
2024-10-23,53.93379592895508,54.51863231779843,53.93379592895508,54.369943626225684,1446800
2024-10-24,53.73554611206055,53.88423480504844,53.30930922555981,53.74546070829202,1616800
2024-10-25,53.57694625854492,54.11222101227583,53.56703544368791,53.72563495057368,1604700
2024-10-28,53.606689453125,53.7751997848872,53.06150007081027,53.19036335947655,2068500
2024-10-29,53.14080047607422,53.77519852649226,53.12097506433483,53.77519852649226,2512900
2024-10-30,52.437015533447266,52.714563736014966,52.13963813776968,52.32797765920691,1638000
2024-10-31,51.7530517578125,51.95130209333273,51.505239783739874,51.89182585828347,1961900
2024-11-01,53.13088607788086,53.64633544109729,53.041673615375885,53.477825112649384,1739500
2024-11-04,53.20027160644531,53.75537177740643,53.160624565263525,53.329134888890145,1514700
2024-11-05,54.4393310546875,54.449245650893964,54.03291958036483,54.07257040256962,1958800
2024-11-06,53.220096588134766,53.5075593769182,52.58569855861995,52.972284621523634,2526800
2024-11-07,55.57926940917969,55.856817610953954,54.71688479558773,54.73671020733027,2849300
2024-11-08,52.704647064208984,53.438172146654715,52.39736264669715,53.438172146654715,2593000
2024-11-11,52.0405158996582,52.48657822077457,51.95130343543493,52.48657822077457,2274100
2024-11-12,50.593292236328125,51.3763789618239,50.34548026861254,51.34663895440686,2982700
2024-11-13,49.69125747680664,51.47550291149747,49.532657966641025,51.45567750006295,3511100
2024-11-14,51.20786666870117,51.44576782989925,51.108743390633194,51.19795585341864,3337400
2024-11-15,51.19795608520508,51.37638101158375,50.67259212139646,50.96996573825735,2717100
2024-11-18,51.7530517578125,51.8026133963649,51.26734240616411,51.54489060710605,1383700
2024-11-19,51.4061164855957,51.5250651743349,51.10874287309239,51.485414350984954,849900
2024-11-20,51.95130157470703,52.23876436927611,51.64401336865278,52.09007567379263,2853400
2024-11-21,51.743141174316406,51.8620898636369,51.56471624968034,51.78279199786013,1921200
2024-11-22,50.75189208984375,51.019529470555455,50.68250504091596,51.019529470555455,2064600
2024-11-25,50.23644256591797,50.41486748577511,50.06792846102598,50.157140920954554,2295700
2024-11-26,49.94898223876953,50.523907849182535,49.81020813454867,50.23644504397603,1524200
2024-11-27,51.01953125,51.336730279393215,50.851017138647585,51.098829116692954,1763900
2024-11-29,51.14838790893555,51.27725118911314,50.47433906366729,50.80145267150798,1153200
2024-12-02,51.09882736206055,51.23760145999101,50.851015392524545,51.19795441866129,1601500
2024-12-03,51.24751663208008,51.56471565414509,51.158304170792384,51.24751663208008,1392800
2024-12-04,50.851016998291016,51.584542115057374,50.7419791232423,51.495329651954854,1336700
2024-12-05,51.66383743286133,51.84226235026435,51.52506333739465,51.52506333739465,1560000
2024-12-06,52.228851318359375,52.60552658510246,52.18920427552646,52.38745083362319,1204400
2024-12-09,54.816009521484375,55.351284308745484,54.37986179555537,54.37986179555537,4561100
2024-12-10,52.58570098876953,52.69473886412709,52.367629019365104,52.496488525414314,2411800
2024-12-11,52.31806182861328,52.32797642493436,52.05042444760268,52.189202326923805,1926500
2024-12-12,52.52622604370117,52.72447259170399,52.149550796136886,52.318061118201385,1118000
2024-12-13,52.17928695678711,52.33788646377723,52.02068744979699,52.28832482683854,1219600
2024-12-16,51.346641540527344,51.72331680919358,51.277254488577086,51.455679416823685,1552600
2024-12-17,51.81252670288086,51.84226292900982,51.27725194469622,51.36646440439365,1376400
2024-12-18,51.069091796875,51.891825580104104,50.900577689127445,51.881914764971015,1915200
2024-12-19,52.615440368652344,52.92272479773981,52.56587494858345,52.853337747216145,2931800
2024-12-20,54.20143508911133,54.498808700734756,53.97344852748968,54.13204803910955,4376900
2024-12-23,53.69589614868164,53.80493402110888,53.18045057571569,53.2993992632224,2308200
2024-12-24,53.497650146484375,53.62650965039505,53.47782473481105,53.62650965039505,545300
2024-12-26,53.63642501831055,53.96353486234851,53.37869844416118,53.75537370875065,725100
2024-12-27,53.13088607788086,53.40843806195781,52.91281411055478,53.32913641470421,1366300
2024-12-30,52.76412582397461,53.27957519120964,52.68482795741344,53.27957519120964,2182000
2024-12-31,52.714561462402344,52.88307178346173,52.575787367103906,52.65508522956994,1196700
